institution,source,member,grid,experiment,time,year,month,rsds_into_surface_Wm2,rlds_into_surface_Wm2,rsus_into_surface_Wm2,rlus_into_surface_Wm2,hfss_into_surface_Wm2,hfls_into_surface_Wm2,seb_Wm2,pi_clim_rsds_into_surface_Wm2,pi_clim_rlds_into_surface_Wm2,pi_clim_rsus_into_surface_Wm2,pi_clim_rlus_into_surface_Wm2,pi_clim_hfss_into_surface_Wm2,pi_clim_hfls_into_surface_Wm2,pi_clim_seb_Wm2,rsds_into_surface_Wm2_anom,rlds_into_surface_Wm2_anom,rsus_into_surface_Wm2_anom,rlus_into_surface_Wm2_anom,hfss_into_surface_Wm2_anom,hfls_into_surface_Wm2_anom,seb_anom_Wm2
NCAR,CESM2-WACCM,r1i1p1f1,gn,ssp245,2015-01,2015,1,1.4797878092860013,217.18895702437356,-0.5522406084399578,-253.25823986283518,-37.28329385178447,-33.56712575104621,-105.99215524044624,1.6579286852252568,196.20551484935447,-0.7660732495860045,-233.69317904034412,-26.446030144367764,-23.962358246853956,-87.00419714657214,-0.17814087593925554,20.983442175019093,0.21383264114604672,-19.565060822491063,-10.837263707416707,-9.604767504192257,-18.9879580938741
NCAR,CESM2-WACCM,r1i1p1f1,gn,ssp245,2015-02,2015,2,9.561869192273578,214.133964002963,-5.163291817761064,-245.80023567671412,-29.45260462133883,-24.31089567930725,-81.03119459988469,10.385738957971206,195.57557849392916,-5.961691198481865,-231.37068932874575,-24.899052807969824,-23.09016983538138,-79.36028571867845,-0.8238697656976282,18.558385509033855,0.7983993807208005,-14.429546347968369,-4.553551813369005,-1.2207258439258695,-1.6709088812062305
NCAR,CESM2-WACCM,r1i1p1f1,gn,ssp245,2015-03,2015,3,46.356072606861034,217.26356034862692,-29.43744369121444,-251.8520225281393,-28.670269162327966,-26.30474159283659,-72.6448440190303,52.34600267468988,199.48953926508008,-34.42371965033548,-236.7508496922062,-20.85710861632136,-20.373539266184096,-60.56967528527718,-5.989930067828844,17.77402108354684,4.986275959121038,-15.101172835933085,-7.813160546006607,-5.9312023266524925,-12.075168733753124
NCAR,CESM2-WACCM,r1i1p1f1,gn,ssp245,2015-04,2015,4,124.33726368116719,242.48660187401345,-83.03092922527276,-272.42398166649724,-17.445355499985656,-17.0976158273543,-23.174016663929308,148.4263517975451,216.72984245488897,-100.49578385113533,-258.4648433761369,-13.984813605344282,-15.80226050010748,-23.59150708028995,-24.08908811637791,25.756759419124478,17.46485462586257,-13.959138290360329,-3.4605418946413735,-1.2953553272468206,0.41749041636064277
NCAR,CESM2-WACCM,r1i1p1f1,gn,ssp245,2015-05,2015,5,192.13969952569218,283.0790890021792,-117.1906730289987,-305.68796020435457,-7.999799052029665,-12.67718438842897,31.66317185405949,230.97572059279568,260.9168771007636,-147.350178023134,-296.4210780752247,-8.42963842864043,-13.368998020843918,26.322705145716213,-38.8360210671035,22.162211901415617,30.15950499413529,-9.26688212912984,0.4298393766107651,0.6918136324149486,5.340466708343278
NCAR,CESM2-WACCM,r1i1p1f1,gn,ssp245,2015-06,2015,6,190.69997063513117,308.4161225378302,-87.15447891718595,-322.0519318971391,-4.3860765821716265,-11.20290151568297,74.32070426078165,229.4053676740754,296.8800857108836,-116.00451780204455,-318.9062131313004,-4.049380336574811,-11.48764164916818,75.83770046587108,-38.70539703894423,11.5360368269466,28.85003888485859,-3.145718765838751,-0.33669624559681566,0.28474013348520977,-1.516996205089427
NCAR,CESM2-WACCM,r1i1p1f1,gn,ssp245,2015-07,2015,7,149.8987458625527,313.9831542401228,-42.783869519522305,-326.51962657905193,-1.5535648964427102,-7.34522810995481,85.67961099770378,167.28392393654957,309.3164516077261,-59.40260923806807,-324.12606880488454,-2.2717320425952057,-9.161909245871227,81.63805621285663,-17.385178073996883,4.666702632396721,16.61873971854576,-2.393557774167391,0.7181671461524954,1.8166811359164168,4.0415547848471505
NCAR,CESM2-WACCM,r1i1p1f1,gn,ssp245,2015-08,2015,8,92.06000984505633,310.5804684971418,-19.417600745284272,-326.70572197348747,-3.518548377606586,-12.460220705625897,40.538386540193855,106.60594156560862,307.0192301231463,-30.971484870242,-324.3886704459015,-3.1681999649659307,-11.50649087877609,43.59032552886945,-14.54593172055229,3.5612383739954794,11.55388412495773,-2.3170515275859884,-0.3503484126406553,-0.9537298268498073,-3.0519389886755945
NCAR,CESM2-WACCM,r1i1p1f1,gn,ssp245,2015-09,2015,9,51.772439337990235,292.31022435852856,-10.945727149814816,-319.83951236952873,-8.463606886531398,-24.200414366029733,-19.3665970753859,54.89830463739902,288.9866461711278,-16.49764968729072,-315.33848147263296,-9.098186561522688,-19.40690265700391,-16.456269569923517,-3.1258652994087868,3.3235781874007557,5.551922537475905,-4.50103089689577,0.63457967499129,-4.793511709025822,-2.9103275054623836
NCAR,CESM2-WACCM,r1i1p1f1,gn,ssp245,2015-10,2015,10,14.499842039068813,276.4480982856379,-2.7105581334944415,-306.1507495594957,-17.377630293233196,-30.73164317480865,-66.02264083632524,15.9193122787883,256.89747343904895,-4.380194310946924,-291.697864388461,-19.062866206999274,-25.57814248566332,-67.90228167423336,-1.4194702397194874,19.55062484658896,1.6696361774524822,-14.452885171034666,1.6852359137660784,-5.1535006891453286,1.879640837908127
NCAR,CESM2-WACCM,r1i1p1f1,gn,ssp245,2015-11,2015,11,2.401233070243469,240.60161111303358,-0.369610558188066,-277.7459112385341,-28.917113185309848,-30.329550854512537,-94.3593416532675,2.5925275075676772,226.74750459235383,-0.5328379026360872,-264.97601499925315,-26.070306271323897,-26.466079860120846,-88.70520693341243,-0.19129443732420803,13.85410652067975,0.16322734444802123,-12.769896239280968,-2.846806913985951,-3.8634709943916903,-5.6541347198550795
NCAR,CESM2-WACCM,r1i1p1f1,gn,ssp245,2015-12,2015,12,0.6097454357711626,227.53610575413202,-0.14548475690307808,-262.14068697779084,-34.599281310837654,-30.99844624240503,-99.7380480980334,0.6773264413565148,205.25541358021636,-0.21629244537056036,-244.35942714392272,-27.52562905630308,-25.26915405374307,-91.43776267776657,-0.06758100558535218,22.280692173915668,0.07080768846748228,-17.78125983386812,-7.073652254534572,-5.729292188661962,-8.300285420266832
NCAR,CESM2-WACCM,r1i1p1f1,gn,ssp245,2016-01,2016,1,1.5196298585966272,216.15077846477638,-0.6694098943583104,-250.76004457472746,-31.798981978662237,-27.64488127499144,-93.20290939936646,1.6579286852252568,196.20551484935447,-0.7660732495860045,-233.69317904034412,-26.446030144367764,-23.962358246853956,-87.00419714657214,-0.13829882662862958,19.945263615421908,0.09666335522769409,-17.06686553438334,-5.352951834294473,-3.682523028137485,-6.198712252794323
NCAR,CESM2-WACCM,r1i1p1f1,gn,ssp245,2016-02,2016,2,9.789217159271494,211.85819563322926,-5.293188572733069,-245.90293212659645,-30.083850393063337,-26.511006943074,-86.14356524296612,10.385738957971206,195.57557849392916,-5.961691198481865,-231.37068932874575,-24.899052807969824,-23.09016983538138,-79.36028571867845,-0.5965217986997118,16.2826171393001,0.668502625748796,-14.5322427978507,-5.184797585093513,-3.42083710769262,-6.783279524287664
NCAR,CESM2-WACCM,r1i1p1f1,gn,ssp245,2016-03,2016,3,47.81415809527537,210.51761810825454,-30.807603243362163,-245.11398764643204,-30.32310369746027,-25.387492489266375,-73.30041087299095,52.34600267468988,199.48953926508008,-34.42371965033548,-236.7508496922062,-20.85710861632136,-20.373539266184096,-60.56967528527718,-4.531844579414511,11.028078843174455,3.6161164069733154,-8.363137954225834,-9.46599508113891,-5.013953223082279,-12.730735587713774
NCAR,CESM2-WACCM,r1i1p1f1,gn,ssp245,2016-04,2016,4,129.49254378163468,236.3084204599702,-85.43082828585521,-268.16884735353614,-17.005525602590954,-15.322469612777109,-20.126706613154525,148.4263517975451,216.72984245488897,-100.49578385113533,-258.4648433761369,-13.984813605344282,-15.80226050010748,-23.59150708028995,-18.933808015910415,19.578578005081226,15.064955565280115,-9.704003977399225,-3.0207119972466714,0.47979088733037045,3.4648004671354258
NCAR,CESM2-WACCM,r1i1p1f1,gn,ssp245,2016-05,2016,5,204.13248420513466,275.9331053789568,-125.37388223504216,-304.0402729839804,-6.51506822066885,-13.873072453225959,30.263293691174027,230.97572059279568,260.9168771007636,-147.350178023134,-296.4210780752247,-8.42963842864043,-13.368998020843918,26.322705145716213,-26.843236387661022,15.016228278193182,21.976295788091832,-7.619194908755674,1.9145702079715807,-0.5040744323820405,3.940588545457814
NCAR,CESM2-WACCM,r1i1p1f1,gn,ssp245,2016-06,2016,6,202.79049243411316,304.45781467649726,-89.98513866883908,-321.9804129498957,-2.6096169506354614,-10.59329683217231,82.07984170906784,229.4053676740754,296.8800857108836,-116.00451780204455,-318.9062131313004,-4.049380336574811,-11.48764164916818,75.83770046587108,-26.61487523996223,7.577728965613687,26.01937913320546,-3.074199818595332,1.4397633859393495,0.8943448169958703,6.242141243196755
NCAR,CESM2-WACCM,r1i1p1f1,gn,ssp245,2016-07,2016,7,150.09974261488145,314.62472687438566,-41.12272271303534,-326.7493194209081,-2.2130292319236324,-9.27573507861616,85.3636630447839,167.28392393654957,309.3164516077261,-59.40260923806807,-324.12606880488454,-2.2717320425952057,-9.161909245871227,81.63805621285663,-17.18418132166812,5.308275266659564,18.27988652503273,-2.6232506160235403,0.058702810671573236,-0.11382583274493285,3.72560683192728
NCAR,CESM2-WACCM,r1i1p1f1,gn,ssp245,2016-08,2016,8,93.31499627393544,314.6712054509527,-16.451263705542694,-328.2573486695728,-1.0255634834245035,-8.320467129986769,53.931558736361325,106.60594156560862,307.0192301231463,-30.971484870242,-324.3886704459015,-3.1681999649659307,-11.50649087877609,43.59032552886945,-13.290945291673182,7.651975327806383,14.520221164699308,-3.8686782236713384,2.142636481541427,3.186023748789321,10.341233207491875
NCAR,CESM2-WACCM,r1i1p1f1,gn,ssp245,2016-09,2016,9,47.994986507467026,299.6665895522026,-8.268860257680075,-323.30833612464295,-8.232408909529635,-19.968699741036595,-12.11672897321964,54.89830463739902,288.9866461711278,-16.49764968729072,-315.33848147263296,-9.098186561522688,-19.40690265700391,-16.456269569923517,-6.903318129931996,10.679943381074793,8.228789429610647,-7.969854652009985,0.8657776519930529,-0.5617970840326834,4.339540596703877
NCAR,CESM2-WACCM,r1i1p1f1,gn,ssp245,2016-10,2016,10,14.406416816676018,272.5985840202758,-2.5075717694144326,-307.33134586441366,-17.70848705553619,-29.057497679950202,-69.59990153236268,15.9193122787883,256.89747343904895,-4.380194310946924,-291.697864388461,-19.062866206999274,-25.57814248566332,-67.90228167423336,-1.512895462112283,15.701110581226828,1.872622541532491,-15.633481475952635,1.3543791514630854,-3.4793551942868817,-1.6976198581293147
NCAR,CESM2-WACCM,r1i1p1f1,gn,ssp245,2016-11,2016,11,2.431157343122363,248.80152141343262,-0.3407619883190351,-283.78785419841256,-23.10887215104091,-25.571975008164348,-81.57678458938187,2.5925275075676772,226.74750459235383,-0.5328379026360872,-264.97601499925315,-26.070306271323897,-26.466079860120846,-88.70520693341243,-0.16137016444531405,22.05401682107879,0.19207591431705212,-18.811839199159408,2.9614341202829877,0.8941048519564987,7.128422344030554
NCAR,CESM2-WACCM,r1i1p1f1,gn,ssp245,2016-12,2016,12,0.5978537827320517,216.70299486177774,-0.11276087316519338,-257.67476477003896,-41.86732175479961,-36.96775280291147,-119.32175155640545,0.6773264413565148,205.25541358021636,-0.21629244537056036,-244.35942714392272,-27.52562905630308,-25.26915405374307,-91.43776267776657,-0.07947265862446307,11.447581281561384,0.10353157220536698,-13.315337626116246,-14.34169269849653,-11.6985987491684,-27.883988878638874
NCAR,CESM2-WACCM,r1i1p1f1,gn,ssp245,2017-01,2017,1,1.4222630372037188,213.94405372540666,-0.5278394986434236,-251.53179345534994,-35.71194348665047,-33.846832963117585,-106.25209264115105,1.6579286852252568,196.20551484935447,-0.7660732495860045,-233.69317904034412,-26.446030144367764,-23.962358246853956,-87.00419714657214,-0.235665648021538,17.73853887605219,0.23823375094258092,-17.83861441500582,-9.265913342282705,-9.884474716263629,-19.247895494578913
NCAR,CESM2-WACCM,r1i1p1f1,gn,ssp245,2017-02,2017,2,9.411429420639493,218.65891357730746,-4.829154136777166,-251.64255625702117,-21.494647510922704,-22.681397002867392,-72.57741190964146,10.385738957971206,195.57557849392916,-5.961691198481865,-231.37068932874575,-24.899052807969824,-23.09016983538138,-79.36028571867845,-0.9743095373317132,23.0833350833783,1.1325370617046984,-20.271866928275415,3.40440529704712,0.4087728325139892,6.7828738090369995
NCAR,CESM2-WACCM,r1i1p1f1,gn,ssp245,2017-03,2017,3,46.91384629325922,220.04744826495372,-29.513338153694672,-252.62581172136947,-18.790615288399874,-19.690918004205272,-53.65938860945633,52.34600267468988,199.48953926508008,-34.42371965033548,-236.7508496922062,-20.85710861632136,-20.373539266184096,-60.56967528527718,-5.432156381430659,20.557908999873632,4.910381496640806,-15.874962029163271,2.066493327921485,0.6826212619788237,6.910286675820849
NCAR,CESM2-WACCM,r1i1p1f1,gn,ssp245,2017-04,2017,4,126.8425157011763,244.30008567027807,-83.04857238623659,-274.32690815970005,-14.40335343024731,-15.031036982316905,-15.66726958704648,148.4263517975451,216.72984245488897,-100.49578385113533,-258.4648433761369,-13.984813605344282,-15.80226050010748,-23.59150708028995,-21.5838360963688,27.570243215389098,17.447211464898743,-15.862064783563142,-0.41853982490302855,0.771223517790574,7.924237493243471
NCAR,CESM2-WACCM,r1i1p1f1,gn,ssp245,2017-05,2017,5,194.57359683779254,282.0502547303484,-114.3403364461889,-306.62350296026455,-7.953379726250877,-14.54462368524103,33.16200875019561,230.97572059279568,260.9168771007636,-147.350178023134,-296.4210780752247,-8.42963842864043,-13.368998020843918,26.322705145716213,-36.402123755003146,21.1333776295848,33.00984157694509,-10.202424885039818,0.47625870238955326,-1.1756256643971117,6.839303604479397
NCAR,CESM2-WACCM,r1i1p1f1,gn,ssp245,2017-06,2017,6,212.3055050951707,300.1322718150659,-96.86720372837279,-321.0827508810776,-2.715730217135228,-10.774878116417264,80.99721396723376,229.4053676740754,296.8800857108836,-116.00451780204455,-318.9062131313004,-4.049380336574811,-11.48764164916818,75.83770046587108,-17.09986257890469,3.2521861041823286,19.13731407367176,-2.1765377497771965,1.3336501194395827,0.7127635327509161,5.159513501362682
NCAR,CESM2-WACCM,r1i1p1f1,gn,ssp245,2017-07,2017,7,147.36600629357417,314.89379207243644,-40.17581998958324,-326.372622956321,0.294828331920787,-6.841391946775753,89.1647918052514,167.28392393654957,309.3164516077261,-59.40260923806807,-324.12606880488454,-2.2717320425952057,-9.161909245871227,81.63805621285663,-19.917917642975397,5.577340464710346,19.226789248484828,-2.2465541514364418,2.566560374515993,2.3205172990954743,7.526735592394772
NCAR,CESM2-WACCM,r1i1p1f1,gn,ssp245,2017-08,2017,8,96.25672393601333,311.6553388284515,-17.839114250846887,-327.0824778977723,-2.6254162954144036,-10.322774916138684,50.04227940429251,106.60594156560862,307.0192301231463,-30.971484870242,-324.3886704459015,-3.1681999649659307,-11.50649087877609,43.59032552886945,-10.349217629595287,4.636108705305162,13.132370619395115,-2.693807451870839,0.5427836695515271,1.1837159626374056,6.451953875423058
NCAR,CESM2-WACCM,r1i1p1f1,gn,ssp245,2017-09,2017,9,49.61210391790269,296.77546051004407,-8.502008164003744,-321.7442359229218,-8.257209277409686,-20.62380994914334,-12.73969888553184,54.89830463739902,288.9866461711278,-16.49764968729072,-315.33848147263296,-9.098186561522688,-19.40690265700391,-16.456269569923517,-5.286200719496335,7.788814338916268,7.995641523286977,-6.405754450288839,0.8409772841130021,-1.2169072921394282,3.7165706843916766
NCAR,CESM2-WACCM,r1i1p1f1,gn,ssp245,2017-10,2017,10,14.51232570503591,273.4909861106784,-2.5919005381345315,-306.8560587580007,-16.908981031388052,-29.64921993885062,-68.00284845065961,15.9193122787883,256.89747343904895,-4.380194310946924,-291.697864388461,-19.062866206999274,-25.57814248566332,-67.90228167423336,-1.4069865737523912,16.59351267162947,1.7882937728123922,-15.158194369539672,2.1538851756112223,-4.0710774531873,-0.10056677642624834
NCAR,CESM2-WACCM,r1i1p1f1,gn,ssp245,2017-11,2017,11,2.3236411421209,249.76296689707593,-0.33026046033128703,-284.107887806915,-30.29106889932851,-32.44587594106859,-95.08848506844659,2.5925275075676772,226.74750459235383,-0.5328379026360872,-264.97601499925315,-26.070306271323897,-26.466079860120846,-88.70520693341243,-0.26888636544677746,23.015462304722092,0.20257744230480018,-19.131872807661864,-4.220762628004614,-5.979796080947747,-6.3832781350341605
NCAR,CESM2-WACCM,r1i1p1f1,gn,ssp245,2017-12,2017,12,0.5781033489342634,229.540549704097,-0.12879421978603897,-265.12729258042157,-30.213365428581877,-28.567847386224805,-93.91864656198302,0.6773264413565148,205.25541358021636,-0.21629244537056036,-244.35942714392272,-27.52562905630308,-25.26915405374307,-91.43776267776657,-0.09922309242225136,24.285136123880648,0.08749822558452139,-20.76786543649885,-2.6877363722787955,-3.2986933324817365,-2.4808838842164533
NCAR,CESM2-WACCM,r1i1p1f1,gn,ssp245,2018-01,2018,1,1.4097534436724046,221.11585809107888,-0.5603756635961169,-255.2453624278158,-29.858377458029043,-25.126510185350245,-88.26501420003991,1.6579286852252568,196.20551484935447,-0.7660732495860045,-233.69317904034412,-26.446030144367764,-23.962358246853956,-87.00419714657214,-0.2481752415528522,24.910343241724405,0.20569758598988763,-21.552183387471672,-3.4123473136612787,-1.164151938496289,-1.2608170534677754
NCAR,CESM2-WACCM,r1i1p1f1,gn,ssp245,2018-02,2018,2,9.21556877079803,221.22447003578753,-4.889188493761087,-253.77933383750727,-25.127595148761824,-22.486580693637272,-75.8426593670819,10.385738957971206,195.57557849392916,-5.961691198481865,-231.37068932874575,-24.899052807969824,-23.09016983538138,-79.36028571867845,-1.1701701871731771,25.648891541858376,1.0725027047207778,-22.408644508761512,-0.22854234079199998,0.6035891417441093,3.5176263515965616
NCAR,CESM2-WACCM,r1i1p1f1,gn,ssp245,2018-03,2018,3,46.22083424121819,233.2243171868625,-28.08784403759515,-263.6604154018891,-16.43943837462402,-17.34349818476403,-46.086044570791614,52.34600267468988,199.48953926508008,-34.42371965033548,-236.7508496922062,-20.85710861632136,-20.373539266184096,-60.56967528527718,-6.125168433471686,33.73477792178241,6.3358756127403275,-26.90956570968291,4.417670241697337,3.030041081420066,14.483630714485564
NCAR,CESM2-WACCM,r1i1p1f1,gn,ssp245,2018-04,2018,4,126.76635382733626,243.81066910656259,-82.68848073867007,-276.419418065415,-16.469414008970187,-19.133436317583097,-24.13372619673955,148.4263517975451,216.72984245488897,-100.49578385113533,-258.4648433761369,-13.984813605344282,-15.80226050010748,-23.59150708028995,-21.659997970208835,27.08082665167362,17.807303112465263,-17.954574689278104,-2.4846004036259046,-3.331175817475618,-0.5422191164495977
NCAR,CESM2-WACCM,r1i1p1f1,gn,ssp245,2018-05,2018,5,195.01739029440475,280.3012573823525,-118.97228042941074,-304.6663964515864,-10.437861635844792,-15.892439279890178,25.349669880025118,230.97572059279568,260.9168771007636,-147.350178023134,-296.4210780752247,-8.42963842864043,-13.368998020843918,26.322705145716213,-35.95833029839093,19.384380281588903,28.377897593723247,-8.245318376361695,-2.0082232072043613,-2.52344125904626,-0.9730352656910952
NCAR,CESM2-WACCM,r1i1p1f1,gn,ssp245,2018-06,2018,6,202.16906305130442,304.8494480030193,-90.60689534547164,-321.7570045547865,-3.356916167961512,-10.169313568600396,81.12838141750369,229.4053676740754,296.8800857108836,-116.00451780204455,-318.9062131313004,-4.049380336574811,-11.48764164916818,75.83770046587108,-27.236304622770973,7.969362292135713,25.397622456572904,-2.8507914234861005,0.6924641686132991,1.3183280805677846,5.290680951632609
NCAR,CESM2-WACCM,r1i1p1f1,gn,ssp245,2018-07,2018,7,153.9365058395387,313.4235805153153,-42.85610376866434,-327.0136367725794,-3.1884746076004036,-9.791981939172562,84.50988926683729,167.28392393654957,309.3164516077261,-59.40260923806807,-324.12606880488454,-2.2717320425952057,-9.161909245871227,81.63805621285663,-13.34741809701086,4.1071289075891855,16.546505469403726,-2.8875679676948494,-0.9167425650051979,-0.6300726933013348,2.871833053980666
NCAR,CESM2-WACCM,r1i1p1f1,gn,ssp245,2018-08,2018,8,94.26368914868759,314.7523858266862,-17.25447722670236,-328.8496596388414,-2.8571794366028795,-10.359215991184398,49.695542682042756,106.60594156560862,307.0192301231463,-30.971484870242,-324.3886704459015,-3.1681999649659307,-11.50649087877609,43.59032552886945,-12.342252416921028,7.733155703539865,13.717007643539642,-4.4609891929399055,0.31102052836305116,1.147274887591692,6.105217153173307
NCAR,CESM2-WACCM,r1i1p1f1,gn,ssp245,2018-09,2018,9,48.72053988880165,299.7135478329222,-7.779374847225478,-323.8242398657952,-8.061341835514417,-21.228852213259863,-12.459721040071171,54.89830463739902,288.9866461711278,-16.49764968729072,-315.33848147263296,-9.098186561522688,-19.40690265700391,-16.456269569923517,-6.177764748597369,10.726901661794386,8.718274840065243,-8.485758393162257,1.0368447260082707,-1.8219495562559516,3.9965485298523458
NCAR,CESM2-WACCM,r1i1p1f1,gn,ssp245,2018-10,2018,10,13.59495889928349,279.5265919996596,-2.0485992613621136,-310.6839700038399,-17.48826990967596,-30.803136860970902,-67.90242513690572,15.9193122787883,256.89747343904895,-4.380194310946924,-291.697864388461,-19.062866206999274,-25.57814248566332,-67.90228167423336,-2.32435337950481,22.629118560610664,2.33159504958481,-18.986105615378847,1.574596297323314,-5.224994375307581,-0.00014346267235509913
NCAR,CESM2-WACCM,r1i1p1f1,gn,ssp245,2018-11,2018,11,2.4816147333645806,258.26824482683054,-0.3382135327021018,-291.3004298775369,-22.441875530876462,-27.219202040410238,-80.54986142133056,2.5925275075676772,226.74750459235383,-0.5328379026360872,-264.97601499925315,-26.070306271323897,-26.466079860120846,-88.70520693341243,-0.11091277420309664,31.520740234476705,0.1946243699339854,-26.324414878283733,3.6284307404474347,-0.7531221802893917,8.155345512081865
NCAR,CESM2-WACCM,r1i1p1f1,gn,ssp245,2018-12,2018,12,0.5573845944208246,229.656176573667,-0.07659338456567612,-267.2356404989132,-35.30152907502759,-31.33410988808439,-103.73431167850302,0.6773264413565148,205.25541358021636,-0.21629244537056036,-244.35942714392272,-27.52562905630308,-25.26915405374307,-91.43776267776657,-0.11994184693569021,24.400762993450655,0.13969906080488426,-22.876213354990483,-7.775900018724506,-6.064955834341323,-12.296549000736448
NCAR,CESM2-WACCM,r1i1p1f1,gn,ssp245,2019-01,2019,1,1.4180934118479165,212.55211123394224,-0.45127045821277695,-249.9312929198319,-32.56267251860515,-28.686655542436977,-97.66168679329665,1.6579286852252568,196.20551484935447,-0.7660732495860045,-233.69317904034412,-26.446030144367764,-23.962358246853956,-87.00419714657214,-0.23983527337734034,16.34659638458777,0.3148027913732276,-16.23811387948777,-6.116642374237383,-4.724297295583021,-10.657489646724514
NCAR,CESM2-WACCM,r1i1p1f1,gn,ssp245,2019-02,2019,2,9.592855579505754,205.69625737031416,-4.854727007889883,-243.96623387760417,-28.823839171043232,-26.972060449582163,-89.32774755629953,10.385738957971206,195.57557849392916,-5.961691198481865,-231.37068932874575,-24.899052807969824,-23.09016983538138,-79.36028571867845,-0.7928833784654525,10.120678876385,1.1069641905919818,-12.595544548858413,-3.924786363073409,-3.881890614200781,-9.967461837621073
NCAR,CESM2-WACCM,r1i1p1f1,gn,ssp245,2019-03,2019,3,48.45281839517031,205.278069709768,-31.13848824860074,-241.9350768607739,-26.28302786411492,-23.8948140745383,-69.52051894308954,52.34600267468988,199.48953926508008,-34.42371965033548,-236.7508496922062,-20.85710861632136,-20.373539266184096,-60.56967528527718,-3.8931842795195664,5.788530444687922,3.2852314017347375,-5.184227168567702,-5.425919247793562,-3.521274808354203,-8.950843657812364
NCAR,CESM2-WACCM,r1i1p1f1,gn,ssp245,2019-04,2019,4,132.93247276984005,241.9343823480253,-86.2232336003697,-274.86859526495334,-11.128339356150503,-14.339692980617365,-11.693006084225493,148.4263517975451,216.72984245488897,-100.49578385113533,-258.4648433761369,-13.984813605344282,-15.80226050010748,-23.59150708028995,-15.493879027705049,25.204539893136342,14.272550250765633,-16.40375188881643,2.856474249193779,1.4625675194901149,11.898500996064458
NCAR,CESM2-WACCM,r1i1p1f1,gn,ssp245,2019-05,2019,5,202.4997506807905,280.3021458714557,-123.51008377553774,-306.10949990392265,-6.713217056090167,-13.30545267632527,33.16364314037038,230.97572059279568,260.9168771007636,-147.350178023134,-296.4210780752247,-8.42963842864043,-13.368998020843918,26.322705145716213,-28.475969912005183,19.385268770692107,23.840094247596255,-9.688421828697926,1.716421372550263,0.0635453445186478,6.840937994654169
NCAR,CESM2-WACCM,r1i1p1f1,gn,ssp245,2019-06,2019,6,210.06254805787293,302.22302391575056,-99.00054299579348,-321.15147118971987,-4.728371088760889,-12.058970069408147,75.34621662994114,229.4053676740754,296.8800857108836,-116.00451780204455,-318.9062131313004,-4.049380336574811,-11.48764164916818,75.83770046587108,-19.342819616202462,5.342938204866982,17.003974806251065,-2.2452580584194948,-0.6789907521860785,-0.5713284202399667,-0.49148383592994094
NCAR,CESM2-WACCM,r1i1p1f1,gn,ssp245,2019-07,2019,7,150.92800535120898,315.3493045238874,-44.977812499546175,-326.90343671679096,-1.365711377719846,-7.0524815152583304,85.97786776578103,167.28392393654957,309.3164516077261,-59.40260923806807,-324.12606880488454,-2.2717320425952057,-9.161909245871227,81.63805621285663,-16.35591858534059,6.032852916161289,14.424796738521891,-2.777367911906424,0.9060206648753597,2.1094277306128966,4.339811552924402
NCAR,CESM2-WACCM,r1i1p1f1,gn,ssp245,2019-08,2019,8,95.42073720203156,315.0431951032467,-19.764773098757868,-328.7980887650838,-2.5813828517581534,-10.100022267929555,49.21966532174891,106.60594156560862,307.0192301231463,-30.971484870242,-324.3886704459015,-3.1681999649659307,-11.50649087877609,43.59032552886945,-11.185204363577057,8.023964980100402,11.206711771484134,-4.4094183191822935,0.5868171132077773,1.4064686108465345,5.629339792879463
NCAR,CESM2-WACCM,r1i1p1f1,gn,ssp245,2019-09,2019,9,49.84615812742895,298.07575940722546,-10.188532089796238,-322.19355156113636,-5.483435140404805,-16.67462095422133,-6.618222210904307,54.89830463739902,288.9866461711278,-16.49764968729072,-315.33848147263296,-9.098186561522688,-19.40690265700391,-16.456269569923517,-5.052146509970072,9.08911323609766,6.309117597494483,-6.855070088503396,3.614751421117883,2.7322817027825828,9.83804735901921
NCAR,CESM2-WACCM,r1i1p1f1,gn,ssp245,2019-10,2019,10,14.45090150139336,277.4388943560434,-2.62516979650618,-306.7475630624805,-15.997026907272428,-24.649531471789935,-58.12949538061225,15.9193122787883,256.89747343904895,-4.380194310946924,-291.697864388461,-19.062866206999274,-25.57814248566332,-67.90228167423336,-1.46841077739494,20.54142091699447,1.7550245144407435,-15.049698674019453,3.0658392997268464,0.9286110138733861,9.772786293621117
NCAR,CESM2-WACCM,r1i1p1f1,gn,ssp245,2019-11,2019,11,2.4423241016844535,259.2179575208278,-0.3479224871256542,-289.88169649752354,-24.29667223031632,-27.80461161732363,-80.67062120977688,2.5925275075676772,226.74750459235383,-0.5328379026360872,-264.97601499925315,-26.070306271323897,-26.466079860120846,-88.70520693341243,-0.15020340588322378,32.47045292847395,0.184915415510433,-24.905681498270383,1.7736340410075755,-1.3385317572027837,8.034585723635544
NCAR,CESM2-WACCM,r1i1p1f1,gn,ssp245,2019-12,2019,12,0.5983463461469326,227.25218480039817,-0.11015065853768567,-264.4579834943793,-32.835522964163516,-30.97895932362412,-100.5320852941595,0.6773264413565148,205.25541358021636,-0.21629244537056036,-244.35942714392272,-27.52562905630308,-25.26915405374307,-91.43776267776657,-0.07898009520958216,21.996771220181813,0.10614178683287469,-20.098556350456562,-5.309893907860435,-5.709805269881052,-9.09432261639293
NCAR,CESM2-WACCM,r1i1p1f1,gn,ssp245,2020-01,2020,1,1.461305110332791,209.42347245251952,-0.5453378710976233,-245.81302728027453,-31.43810802287985,-26.670233468507867,-93.58192907990752,1.6579286852252568,196.20551484935447,-0.7660732495860045,-233.69317904034412,-26.446030144367764,-23.962358246853956,-87.00419714657214,-0.19662357489246585,13.217957603165047,0.2207353784883812,-12.119848239930405,-4.9920778785120845,-2.707875221653911,-6.577731933335386
NCAR,CESM2-WACCM,r1i1p1f1,gn,ssp245,2020-02,2020,2,9.497796755195385,205.68566056456476,-5.039400360717325,-240.44065813934262,-31.762066889075776,-27.498762303240415,-89.557430372616,10.385738957971206,195.57557849392916,-5.961691198481865,-231.37068932874575,-24.899052807969824,-23.09016983538138,-79.36028571867845,-0.8879422027758217,10.110082070635599,0.9222908377645398,-9.069968810596862,-6.863014081105952,-4.408592467859034,-10.197144653937542
NCAR,CESM2-WACCM,r1i1p1f1,gn,ssp245,2020-03,2020,3,47.747819940405634,216.68109135594943,-30.148771754274637,-250.5930767358879,-21.3356250893112,-20.356595203801735,-58.00515748692041,52.34600267468988,199.48953926508008,-34.42371965033548,-236.7508496922062,-20.85710861632136,-20.373539266184096,-60.56967528527718,-4.598182734284244,17.19155209086935,4.274947896060841,-13.842227043681703,-0.4785164729898419,0.016944062382361125,2.5645177983567677
NCAR,CESM2-WACCM,r1i1p1f1,gn,ssp245,2020-04,2020,4,128.6189924958655,238.95985344851724,-86.27508903355864,-270.31143247389224,-18.86412930578826,-16.733214475687863,-24.605019344544242,148.4263517975451,216.72984245488897,-100.49578385113533,-258.4648433761369,-13.984813605344282,-15.80226050010748,-23.59150708028995,-19.807359301679583,22.23001099362827,14.220694817576685,-11.846589097755327,-4.879315700443978,-0.9309539755803833,-1.0135122642542918
NCAR,CESM2-WACCM,r1i1p1f1,gn,ssp245,2020-05,2020,5,208.00399043563746,271.837334592342,-128.96600043261333,-300.411579140294,-9.568604400779838,-15.243361328253524,25.65177972603875,230.97572059279568,260.9168771007636,-147.350178023134,-296.4210780752247,-8.42963842864043,-13.368998020843918,26.322705145716213,-22.97173015715822,10.920457491578418,18.384177590520665,-3.9905010650692816,-1.1389659721394079,-1.874363307409606,-0.670925419677463
NCAR,CESM2-WACCM,r1i1p1f1,gn,ssp245,2020-06,2020,6,223.0269883566172,299.764064730638,-99.81591832915602,-321.398154875634,-3.8316766251899854,-12.751518992743142,84.99378426453207,229.4053676740754,296.8800857108836,-116.00451780204455,-318.9062131313004,-4.049380336574811,-11.48764164916818,75.83770046587108,-6.378379317458183,2.883979019754406,16.188599472888527,-2.4919417443336442,0.21770371138482547,-1.2638773435749613,9.156083798660987
NCAR,CESM2-WACCM,r1i1p1f1,gn,ssp245,2020-07,2020,7,151.7111785876191,315.40789998176393,-44.70897104541993,-326.4457763186876,-3.311975442787137,-8.374471262808964,84.27788449967942,167.28392393654957,309.3164516077261,-59.40260923806807,-324.12606880488454,-2.2717320425952057,-9.161909245871227,81.63805621285663,-15.572745348930482,6.091448374037839,14.693638192648137,-2.3197075138030527,-1.0402434001919314,0.7874379830622633,2.639828286822791
NCAR,CESM2-WACCM,r1i1p1f1,gn,ssp245,2020-08,2020,8,95.57525470791232,312.6066613763535,-19.004344300334495,-327.4909815116739,-1.6553791079155877,-9.335670168215579,50.69554099612627,106.60594156560862,307.0192301231463,-30.971484870242,-324.3886704459015,-3.1681999649659307,-11.50649087877609,43.59032552886945,-11.030686857696296,5.587431253207171,11.967140569907507,-3.102311065772426,1.512820857050343,2.170820710560511,7.105215467256819
NCAR,CESM2-WACCM,r1i1p1f1,gn,ssp245,2020-09,2020,9,51.15843209786572,296.0795970011591,-10.137506011425504,-321.76163998141806,-7.388704279430635,-21.220584097687496,-13.270405270936887,54.89830463739902,288.9866461711278,-16.49764968729072,-315.33848147263296,-9.098186561522688,-19.40690265700391,-16.456269569923517,-3.7398725395333017,7.0929508300312705,6.360143675865217,-6.423158508785093,1.7094822820920532,-1.8136814406835846,3.1858642989866297
NCAR,CESM2-WACCM,r1i1p1f1,gn,ssp245,2020-10,2020,10,14.889087087213065,269.64248012570306,-3.0756999524325352,-302.8817814923956,-18.547252725427025,-28.8262786875649,-68.79944564490395,15.9193122787883,256.89747343904895,-4.380194310946924,-291.697864388461,-19.062866206999274,-25.57814248566332,-67.90228167423336,-1.0302251915752354,12.745006686654108,1.3044943585143884,-11.183917103934562,0.5156134815722488,-3.2481362019015805,-0.8971639706705901
NCAR,CESM2-WACCM,r1i1p1f1,gn,ssp245,2020-11,2020,11,2.390729598719571,252.26682715183088,-0.35725624153045205,-284.80693523955335,-25.9303090313389,-27.59358115556712,-84.03052491743938,2.5925275075676772,226.74750459235383,-0.5328379026360872,-264.97601499925315,-26.070306271323897,-26.466079860120846,-88.70520693341243,-0.2017979088481061,25.519322559477047,0.17558166110563517,-19.830920240300202,0.13999723998499647,-1.1275012954462724,4.6746820159730476
NCAR,CESM2-WACCM,r1i1p1f1,gn,ssp245,2020-12,2020,12,0.5561663100265268,233.30318868653575,-0.09749997839232297,-268.19333052426856,-32.24895447059213,-30.883252509494795,-97.56368248618556,0.6773264413565148,205.25541358021636,-0.21629244537056036,-244.35942714392272,-27.52562905630308,-25.26915405374307,-91.43776267776657,-0.12116013132998793,28.047775106319392,0.1187924669782374,-23.833903380345845,-4.72332541428905,-5.614098455751726,-6.125919808418985
NCAR,CESM2-WACCM,r1i1p1f1,gn,ssp245,2021-01,2021,1,1.4648544224051556,221.92238797357308,-0.6436870581915766,-255.5832857465763,-35.2574750662734,-31.37852162293546,-99.47572709799852,1.6579286852252568,196.20551484935447,-0.7660732495860045,-233.69317904034412,-26.446030144367764,-23.962358246853956,-87.00419714657214,-0.1930742628201012,25.71687312421861,0.12238619139442797,-21.89010670623219,-8.811444921905636,-7.416163376081503,-12.471529951426376
NCAR,CESM2-WACCM,r1i1p1f1,gn,ssp245,2021-02,2021,2,9.423145162286728,209.84250999968748,-5.169432963175425,-244.04385719565718,-30.659338128781137,-25.531941627691044,-86.13891475333061,10.385738957971206,195.57557849392916,-5.961691198481865,-231.37068932874575,-24.899052807969824,-23.09016983538138,-79.36028571867845,-0.9625937956844783,14.266931505758322,0.7922582353064396,-12.673167866911427,-5.760285320811313,-2.4417717923096625,-6.778629034652155
NCAR,CESM2-WACCM,r1i1p1f1,gn,ssp245,2021-03,2021,3,48.62268027046876,206.31147042667638,-31.316152589901783,-243.14906166786685,-26.79190814225189,-23.913056197457962,-70.23602790033334,52.34600267468988,199.48953926508008,-34.42371965033548,-236.7508496922062,-20.85710861632136,-20.373539266184096,-60.56967528527718,-3.723322404221115,6.8219311615962965,3.107567060433695,-6.398211975660644,-5.934799525930533,-3.539516931273866,-9.666352615056162
NCAR,CESM2-WACCM,r1i1p1f1,gn,ssp245,2021-04,2021,4,131.4192297374506,235.94522511482242,-87.8222152467117,-270.5262046088182,-20.84415439125502,-21.002759313303606,-32.83087870781554,148.4263517975451,216.72984245488897,-100.49578385113533,-258.4648433761369,-13.984813605344282,-15.80226050010748,-23.59150708028995,-17.007122060094503,19.215382659933454,12.673568604423622,-12.061361232681293,-6.859340785910739,-5.200498813196127,-9.239371627525593
NCAR,CESM2-WACCM,r1i1p1f1,gn,ssp245,2021-05,2021,5,196.89097095447482,283.202265336615,-119.47650230541242,-306.6078771174734,-9.534293243069493,-15.87310544241202,28.601458182722567,230.97572059279568,260.9168771007636,-147.350178023134,-296.4210780752247,-8.42963842864043,-13.368998020843918,26.322705145716213,-34.08474963832086,22.28538823585143,27.873675717721568,-10.186799042248651,-1.1046548144290629,-2.5041074215681025,2.2787530370063536
NCAR,CESM2-WACCM,r1i1p1f1,gn,ssp245,2021-06,2021,6,206.248064093184,305.1783943003807,-90.30945810983407,-321.62432970218566,-1.7615778861453038,-9.440309270984606,88.29078342441514,229.4053676740754,296.8800857108836,-116.00451780204455,-318.9062131313004,-4.049380336574811,-11.48764164916818,75.83770046587108,-23.15730358089138,8.29830858949714,25.695059692210478,-2.718116570885286,2.287802450429507,2.047332378183574,12.453082958544059
NCAR,CESM2-WACCM,r1i1p1f1,gn,ssp245,2021-07,2021,7,154.31765256407024,313.81923563765423,-40.36877803855269,-326.3087052651459,-1.1600341188992376,-7.177748158668926,93.12162262045771,167.28392393654957,309.3164516077261,-59.40260923806807,-324.12606880488454,-2.2717320425952057,-9.161909245871227,81.63805621285663,-12.966271372479326,4.5027840299281365,19.033831199515376,-2.1826364602613353,1.111697923695968,1.9841610872023008,11.483566407601089
NCAR,CESM2-WACCM,r1i1p1f1,gn,ssp245,2021-08,2021,8,95.28689935131982,313.6447839937103,-16.52778077252136,-328.5118926847135,-2.425027621603109,-8.790768362592567,52.67621390359965,106.60594156560862,307.0192301231463,-30.971484870242,-324.3886704459015,-3.1681999649659307,-11.50649087877609,43.59032552886945,-11.3190422142888,6.6255538705639765,14.44370409772064,-4.123222238811991,0.7431723433628217,2.715722516183522,9.085888374730203
NCAR,CESM2-WACCM,r1i1p1f1,gn,ssp245,2021-09,2021,9,49.25825577269636,299.1296913565122,-7.748821038484681,-324.2954586722769,-5.468140680041421,-18.058660529390675,-7.183133790985085,54.89830463739902,288.9866461711278,-16.49764968729072,-315.33848147263296,-9.098186561522688,-19.40690265700391,-16.456269569923517,-5.640048864702663,10.14304518538438,8.74882864880604,-8.956977199643916,3.6300458814812666,1.3482421276132364,9.273135778938432
NCAR,CESM2-WACCM,r1i1p1f1,gn,ssp245,2021-10,2021,10,14.457047253419534,274.75753184816574,-2.166529142321082,-309.4275737016917,-19.27640887001058,-31.341711523194355,-72.99764413563247,15.9193122787883,256.89747343904895,-4.380194310946924,-291.697864388461,-19.062866206999274,-25.57814248566332,-67.90228167423336,-1.462265025368767,17.86005840911679,2.2136651686258415,-17.72970931323067,-0.21354266301130664,-5.763569037531035,-5.095362461399105
NCAR,CESM2-WACCM,r1i1p1f1,gn,ssp245,2021-11,2021,11,2.5131787198779687,260.71474985620307,-0.3517865718968628,-293.2896566849491,-23.49781293046513,-28.144460851473674,-82.05578846270373,2.5925275075676772,226.74750459235383,-0.5328379026360872,-264.97601499925315,-26.070306271323897,-26.466079860120846,-88.70520693341243,-0.07934878768970854,33.967245263849236,0.18105133073922441,-28.313641685695927,2.5724933408587667,-1.678380991352828,6.649418470708696
NCAR,CESM2-WACCM,r1i1p1f1,gn,ssp245,2021-12,2021,12,0.6139379113602599,237.42056970797992,-0.12671158440734784,-272.6453201971138,-32.26267164068782,-29.212084208122363,-96.21228001099114,0.6773264413565148,205.25541358021636,-0.21629244537056036,-244.35942714392272,-27.52562905630308,-25.26915405374307,-91.43776267776657,-0.06338852999625488,32.16515612776357,0.08958086096321252,-28.285893053191074,-4.737042584384739,-3.942930154379294,-4.774517333224566
NCAR,CESM2-WACCM,r1i1p1f1,gn,ssp245,2022-01,2022,1,1.6088857063679098,212.67107243468308,-0.6968517932872029,-250.77520254857674,-31.45120228548247,-28.385368331369147,-97.02866681766457,1.6579286852252568,196.20551484935447,-0.7660732495860045,-233.69317904034412,-26.446030144367764,-23.962358246853956,-87.00419714657214,-0.049042978857346986,16.46555758532861,0.06922145629880161,-17.082023508232623,-5.005172141114706,-4.423010084515191,-10.024469671092433
NCAR,CESM2-WACCM,r1i1p1f1,gn,ssp245,2022-02,2022,2,9.896419477680027,209.42374069538647,-5.411317514655388,-244.09163261681488,-21.37477183209724,-18.568812503829772,-70.1263742943308,10.385738957971206,195.57557849392916,-5.961691198481865,-231.37068932874575,-24.899052807969824,-23.09016983538138,-79.36028571867845,-0.48931948029117933,13.848162201457313,0.5503736838264768,-12.720943288069122,3.524280975872582,4.521357331551609,9.233911424347653
NCAR,CESM2-WACCM,r1i1p1f1,gn,ssp245,2022-03,2022,3,47.23482112567332,219.59649839464655,-29.51374370696979,-253.50205232771887,-23.429549401047822,-23.46827496515165,-63.082300880568255,52.34600267468988,199.48953926508008,-34.42371965033548,-236.7508496922062,-20.85710861632136,-20.373539266184096,-60.56967528527718,-5.111181549016557,20.106959129566462,4.909975943365687,-16.75120263551267,-2.5724407847264636,-3.094735698967554,-2.5126255952910768
NCAR,CESM2-WACCM,r1i1p1f1,gn,ssp245,2022-04,2022,4,126.87737025470427,242.53277370448356,-83.38097796349808,-273.4181649615781,-17.80634357143922,-17.479363905481403,-22.674706442808958,148.4263517975451,216.72984245488897,-100.49578385113533,-258.4648433761369,-13.984813605344282,-15.80226050010748,-23.59150708028995,-21.54898154284082,25.802931249594593,17.114805887637246,-14.953321585441188,-3.821529966094939,-1.6771034053739236,0.9168006374809927
NCAR,CESM2-WACCM,r1i1p1f1,gn,ssp245,2022-05,2022,5,198.63339037707584,284.71127278502007,-115.23973344880908,-308.48590219363354,-7.8873410133842725,-14.030763578387145,37.70092292788187,230.97572059279568,260.9168771007636,-147.350178023134,-296.4210780752247,-8.42963842864043,-13.368998020843918,26.322705145716213,-32.34233021571984,23.79439568425647,32.110444574324916,-12.064824118408808,0.5422974152561579,-0.6617655575432266,11.378217782165656
NCAR,CESM2-WACCM,r1i1p1f1,gn,ssp245,2022-06,2022,6,217.64268161581458,303.22745982285824,-88.30051087704516,-323.11596864759093,-3.266352999921998,-10.698302913678775,95.48900600043596,229.4053676740754,296.8800857108836,-116.00451780204455,-318.9062131313004,-4.049380336574811,-11.48764164916818,75.83770046587108,-11.762686058260812,6.347374111974659,27.70400692499939,-4.209755516290556,0.7830273366528129,0.7893387354894053,19.651305534564884
NCAR,CESM2-WACCM,r1i1p1f1,gn,ssp245,2022-07,2022,7,143.59778056052716,317.4387191112037,-34.19550650981166,-328.79630003041484,-1.7930764475778886,-7.178048732894215,89.07356795103225,167.28392393654957,309.3164516077261,-59.40260923806807,-324.12606880488454,-2.2717320425952057,-9.161909245871227,81.63805621285663,-23.686143376022414,8.122267503477588,25.20710272825641,-4.670231225530301,0.478655595017317,1.983860512977012,7.43551173817562
NCAR,CESM2-WACCM,r1i1p1f1,gn,ssp245,2022-08,2022,8,96.30459640952493,313.4797397898915,-15.333751524427653,-329.9786843103211,-3.6522838175348507,-11.10744558296378,49.71217096416902,106.60594156560862,307.0192301231463,-30.971484870242,-324.3886704459015,-3.1681999649659307,-11.50649087877609,43.59032552886945,-10.301345156083684,6.460509666745168,15.637733345814349,-5.590013864419632,-0.48408385256891995,0.39904529581230896,6.121845435299569
NCAR,CESM2-WACCM,r1i1p1f1,gn,ssp245,2022-09,2022,9,50.47138375981443,298.3335888609925,-7.8160946623541045,-325.1825795982258,-9.66532945780464,-25.020705012457917,-18.879736110035495,54.89830463739902,288.9866461711278,-16.49764968729072,-315.33848147263296,-9.098186561522688,-19.40690265700391,-16.456269569923517,-4.4269208775845925,9.346942689864704,8.681555024936618,-9.844098125592836,-0.5671428962819522,-5.6138023554540055,-2.4234665401119777
NCAR,CESM2-WACCM,r1i1p1f1,gn,ssp245,2022-10,2022,10,14.493461568243317,277.93417581626585,-2.1955043753777552,-310.65969610944825,-16.482550183670984,-29.23007174589632,-66.14018502988414,15.9193122787883,256.89747343904895,-4.380194310946924,-291.697864388461,-19.062866206999274,-25.57814248566332,-67.90228167423336,-1.4258507105449834,21.036702377216898,2.1846899355691685,-18.96183172098722,2.5803160233282902,-3.6519292602330005,1.7620966443492279
NCAR,CESM2-WACCM,r1i1p1f1,gn,ssp245,2022-11,2022,11,2.442360836148448,255.48541971045867,-0.3216676499853938,-292.5898042857148,-26.80025097513271,-33.34295862053162,-95.12690098475744,2.5925275075676772,226.74750459235383,-0.5328379026360872,-264.97601499925315,-26.070306271323897,-26.466079860120846,-88.70520693341243,-0.15016667141922913,28.737915118104837,0.2111702526506934,-27.613789286461667,-0.7299447038088118,-6.876878760410772,-6.421694051345014
NCAR,CESM2-WACCM,r1i1p1f1,gn,ssp245,2022-12,2022,12,0.613294379873452,236.6450952625549,-0.0932006801176594,-274.9783108936448,-34.766405771337375,-34.51468183038316,-107.09420953305465,0.6773264413565148,205.25541358021636,-0.21629244537056036,-244.35942714392272,-27.52562905630308,-25.26915405374307,-91.43776267776657,-0.06403206148306273,31.389681682338534,0.12309176525290096,-30.618883749722073,-7.240776715034293,-9.245527776640092,-15.656446855288081
NCAR,CESM2-WACCM,r1i1p1f1,gn,ssp245,2023-01,2023,1,1.4479827092710382,222.84058852634686,-0.5030765135950004,-257.17768078340254,-32.48099668368274,-27.262117166871505,-93.1352999119339,1.6579286852252568,196.20551484935447,-0.7660732495860045,-233.69317904034412,-26.446030144367764,-23.962358246853956,-87.00419714657214,-0.2099459759542186,26.63507367699239,0.26299673599100415,-23.484501743058416,-6.034966539314976,-3.299758920017549,-6.13110276536176
NCAR,CESM2-WACCM,r1i1p1f1,gn,ssp245,2023-02,2023,2,9.772975999973324,204.8306716370425,-5.295172128315823,-242.63459829531521,-31.41726037599741,-26.656357614275347,-91.39974077688797,10.385738957971206,195.57557849392916,-5.961691198481865,-231.37068932874575,-24.899052807969824,-23.09016983538138,-79.36028571867845,-0.6127629579978819,9.255093143113356,0.666519070166042,-11.26390896656946,-6.518207568027588,-3.5661877788939655,-12.039455058209512
NCAR,CESM2-WACCM,r1i1p1f1,gn,ssp245,2023-03,2023,3,46.851704577356216,213.59064675631598,-30.425530125901798,-247.77020170050918,-24.095512723685573,-21.962800476191177,-63.811693692615506,52.34600267468988,199.48953926508008,-34.42371965033548,-236.7508496922062,-20.85710861632136,-20.373539266184096,-60.56967528527718,-5.494298097333662,14.101107491235894,3.9981895244336805,-11.019352008302974,-3.2384041073642145,-1.5892612100070806,-3.2420184073383282
NCAR,CESM2-WACCM,r1i1p1f1,gn,ssp245,2023-04,2023,4,132.01200942222513,229.85562982300183,-90.00078745968406,-264.7517077121761,-20.59678281757484,-19.480203045433008,-32.96184178964097,148.4263517975451,216.72984245488897,-100.49578385113533,-258.4648433761369,-13.984813605344282,-15.80226050010748,-23.59150708028995,-16.41434237531996,13.125787368112867,10.494996391451267,-6.286864336039173,-6.611969212230559,-3.6779425453255286,-9.37033470935102
NCAR,CESM2-WACCM,r1i1p1f1,gn,ssp245,2023-05,2023,5,201.41592049096408,276.98154738647145,-123.96379619657219,-303.5925927736,-11.91991636585485,-17.202913525448988,21.71824901595946,230.97572059279568,260.9168771007636,-147.350178023134,-296.4210780752247,-8.42963842864043,-13.368998020843918,26.322705145716213,-29.5598001018316,16.064670285707848,23.386381826561802,-7.17151469837529,-3.490277937214419,-3.83391550460507,-4.604456129756752
NCAR,CESM2-WACCM,r1i1p1f1,gn,ssp245,2023-06,2023,6,208.21928094735293,305.4512578077922,-94.09401451127401,-321.28841659339395,-2.0436403115165316,-8.279916066551447,87.9645512724092,229.4053676740754,296.8800857108836,-116.00451780204455,-318.9062131313004,-4.049380336574811,-11.48764164916818,75.83770046587108,-21.186086726722465,8.57117209690864,21.910503290770535,-2.382203462093571,2.0057400250582793,3.2077255826167335,12.126850806538116
NCAR,CESM2-WACCM,r1i1p1f1,gn,ssp245,2023-07,2023,7,141.0341038435932,315.7071095748209,-35.53131096915728,-325.8008333362207,-0.5920503644081558,-6.568170550814525,88.2488481978134,167.28392393654957,309.3164516077261,-59.40260923806807,-324.12606880488454,-2.2717320425952057,-9.161909245871227,81.63805621285663,-26.249820092956384,6.390657967094796,23.871298268910785,-1.6747645313361659,1.6796816781870498,2.593738695056702,6.6107919849567764
NCAR,CESM2-WACCM,r1i1p1f1,gn,ssp245,2023-08,2023,8,90.58145562038608,313.6793629010387,-13.395283268286354,-327.5231651823663,-3.1152748605013185,-10.265446303641616,49.961648906629186,106.60594156560862,307.0192301231463,-30.971484870242,-324.3886704459015,-3.1681999649659307,-11.50649087877609,43.59032552886945,-16.024485945222537,6.660132777892386,17.576201601955646,-3.1344947364648306,0.05292510446461218,1.2410445751344739,6.371323377759737
NCAR,CESM2-WACCM,r1i1p1f1,gn,ssp245,2023-09,2023,9,48.34973211658856,297.66886262717554,-7.367166866335977,-322.7188131810056,-6.642891329594556,-20.075790166243973,-10.786066799416037,54.89830463739902,288.9866461711278,-16.49764968729072,-315.33848147263296,-9.098186561522688,-19.40690265700391,-16.456269569923517,-6.54857252081046,8.68221645604774,9.130482820954743,-7.380331708372637,2.4552952319281323,-0.6688875092400615,5.67020277050748
NCAR,CESM2-WACCM,r1i1p1f1,gn,ssp245,2023-10,2023,10,14.117150787636298,282.15871838183637,-2.2543444966426747,-311.74851519736126,-14.387720850365142,-27.57696002286568,-59.69167139776205,15.9193122787883,256.89747343904895,-4.380194310946924,-291.697864388461,-19.062866206999274,-25.57814248566332,-67.90228167423336,-1.8021614911520025,25.261244942787414,2.125849814304249,-20.05065080890023,4.6751453566341326,-1.9988175372023598,8.210610276471314
NCAR,CESM2-WACCM,r1i1p1f1,gn,ssp245,2023-11,2023,11,2.563791070014642,254.131598022252,-0.36456296432999385,-289.49728603621514,-24.048611132802694,-28.81697330864904,-86.03204434973024,2.5925275075676772,226.74750459235383,-0.5328379026360872,-264.97601499925315,-26.070306271323897,-26.466079860120846,-88.70520693341243,-0.028736437553035454,27.384093429898172,0.16827493830609336,-24.52127103696199,2.0216951385212028,-2.3508934485281934,2.673162583682185
NCAR,CESM2-WACCM,r1i1p1f1,gn,ssp245,2023-12,2023,12,0.6356702309979344,235.64401694120122,-0.1492756025072039,-270.4827427187495,-24.256824054706534,-26.038305887725638,-84.6474610914897,0.6773264413565148,205.25541358021636,-0.21629244537056036,-244.35942714392272,-27.52562905630308,-25.26915405374307,-91.43776267776657,-0.04165621035858036,30.38860336098486,0.06701684286335646,-26.123315574826762,3.2688050015965473,-0.7691518339825691,6.790301586276868
NCAR,CESM2-WACCM,r1i1p1f1,gn,ssp245,2024-01,2024,1,1.4719251911701514,219.70080321967185,-0.5843604131149315,-254.38215792920406,-25.407357136278687,-23.96765632427222,-83.16880339202788,1.6579286852252568,196.20551484935447,-0.7660732495860045,-233.69317904034412,-26.446030144367764,-23.962358246853956,-87.00419714657214,-0.1860034940551054,23.495288370317382,0.18171283647107306,-20.688978888859936,1.0386730080890771,-0.005298077418263603,3.8353937545442562
NCAR,CESM2-WACCM,r1i1p1f1,gn,ssp245,2024-02,2024,2,9.434659333697297,207.4017106200669,-5.083336159450808,-243.566116170783,-29.881565840643137,-24.873176135383353,-86.5678243524961,10.385738957971206,195.57557849392916,-5.961691198481865,-231.37068932874575,-24.899052807969824,-23.09016983538138,-79.36028571867845,-0.951079624273909,11.826132126137736,0.8783550390310566,-12.19542684203725,-4.982513032673314,-1.783006300001972,-7.207538633817649
NCAR,CESM2-WACCM,r1i1p1f1,gn,ssp245,2024-03,2024,3,47.75524251818969,216.4084770438791,-30.56258720232799,-250.8047165719867,-20.9521411401602,-20.237008342321,-58.39273369472711,52.34600267468988,199.48953926508008,-34.42371965033548,-236.7508496922062,-20.85710861632136,-20.373539266184096,-60.56967528527718,-4.590760156500188,16.918937778799005,3.8611324480074884,-14.053866879780486,-0.09503252383884231,0.13653092386309496,2.176941590550065
NCAR,CESM2-WACCM,r1i1p1f1,gn,ssp245,2024-04,2024,4,130.67518756579247,235.5849581275691,-88.61786714570452,-268.8961249811649,-17.973432817858523,-16.927510371347687,-26.154789622714084,148.4263517975451,216.72984245488897,-100.49578385113533,-258.4648433761369,-13.984813605344282,-15.80226050010748,-23.59150708028995,-17.751164231752625,18.855115672680142,11.877916705430806,-10.431281605028005,-3.988619212514241,-1.1252498712402073,-2.5632825424241332
NCAR,CESM2-WACCM,r1i1p1f1,gn,ssp245,2024-05,2024,5,196.4558805146091,281.4359637756971,-120.930326199483,-305.1320673762621,-8.749674921775034,-14.300397776375668,28.779378016410305,230.97572059279568,260.9168771007636,-147.350178023134,-296.4210780752247,-8.42963842864043,-13.368998020843918,26.322705145716213,-34.519840078186576,20.519086674933476,26.419851823650987,-8.710989301037387,-0.32003649313460336,-0.9313997555317499,2.456672870694092
NCAR,CESM2-WACCM,r1i1p1f1,gn,ssp245,2024-06,2024,6,222.7828744527143,299.81415290682696,-99.90212142581342,-321.1069352908234,-3.206180995692166,-10.480324572106662,87.90146507510556,229.4053676740754,296.8800857108836,-116.00451780204455,-318.9062131313004,-4.049380336574811,-11.48764164916818,75.83770046587108,-6.622493221361083,2.934067195943385,16.102396376231127,-2.200722159523025,0.843199340882645,1.0073170770615185,12.063764609234482
NCAR,CESM2-WACCM,r1i1p1f1,gn,ssp245,2024-07,2024,7,154.67064795677305,314.9554699483149,-40.647010077776095,-327.2084327995039,-1.2590062698431963,-8.139580110258931,92.37208864770582,167.28392393654957,309.3164516077261,-59.40260923806807,-324.12606880488454,-2.2717320425952057,-9.161909245871227,81.63805621285663,-12.613275979776517,5.639018340588791,18.755599160291972,-3.0823639946193566,1.0127257727520094,1.0223291356122957,10.734032434849198
NCAR,CESM2-WACCM,r1i1p1f1,gn,ssp245,2024-08,2024,8,91.33169252942167,316.0324846384749,-14.617847219265272,-328.78789132878194,-0.6030846168188627,-7.943776028714944,55.41157797431554,106.60594156560862,307.0192301231463,-30.971484870242,-324.3886704459015,-3.1681999649659307,-11.50649087877609,43.59032552886945,-15.274249036186944,9.013254515328583,16.35363765097673,-4.399220882880456,2.565115348147068,3.5627148500611456,11.821252445446092
NCAR,CESM2-WACCM,r1i1p1f1,gn,ssp245,2024-09,2024,9,51.453214885290976,298.5428605186427,-7.403820884682142,-324.8287521822533,-5.823353222994924,-18.871402959433617,-6.9312538454303265,54.89830463739902,288.9866461711278,-16.49764968729072,-315.33848147263296,-9.098186561522688,-19.40690265700391,-16.456269569923517,-3.4450897521080464,9.556214347514924,9.093828802608579,-9.490270709620347,3.274833338527764,0.5354996975702946,9.52501572449319
NCAR,CESM2-WACCM,r1i1p1f1,gn,ssp245,2024-10,2024,10,13.8517646854474,278.6040537128562,-2.1479795453584716,-310.33315694884163,-15.740541597037097,-28.081375086117653,-63.84723477905121,15.9193122787883,256.89747343904895,-4.380194310946924,-291.697864388461,-19.062866206999274,-25.57814248566332,-67.90228167423336,-2.067547593340901,21.706580273807276,2.232214765588452,-18.635292560380606,3.322324609962177,-2.503232600454332,4.0550468951821514
NCAR,CESM2-WACCM,r1i1p1f1,gn,ssp245,2024-11,2024,11,2.5513100090573344,259.36648285471153,-0.3721601743979978,-291.6387535058741,-20.35609280801222,-25.068517629473813,-75.51773125398928,2.5925275075676772,226.74750459235383,-0.5328379026360872,-264.97601499925315,-26.070306271323897,-26.466079860120846,-88.70520693341243,-0.04121749851034284,32.6189782623577,0.1606777282380894,-26.66273850662094,5.714213463311676,1.3975622306470328,13.187475679423144
NCAR,CESM2-WACCM,r1i1p1f1,gn,ssp245,2024-12,2024,12,0.6376166032789121,225.3558239566927,-0.13691547036623777,-264.188454542172,-28.931636060374277,-27.652880322739303,-94.91644583568022,0.6773264413565148,205.25541358021636,-0.21629244537056036,-244.35942714392272,-27.52562905630308,-25.26915405374307,-91.43776267776657,-0.039709838077602644,20.100410376476333,0.07937697500432259,-19.82902739824928,-1.4060070040711956,-2.3837262689962344,-3.4786831579136503
NCAR,CESM2-WACCM,r1i1p1f1,gn,ssp245,2025-01,2025,1,1.5285492082854726,221.41967878520822,-0.5872767388052778,-255.77043927945883,-26.623349849436483,-24.86150449799474,-84.89434237220163,1.6579286852252568,196.20551484935447,-0.7660732495860045,-233.69317904034412,-26.446030144367764,-23.962358246853956,-87.00419714657214,-0.12937947693978424,25.214163935853747,0.17879651078072678,-22.077260239114707,-0.17731970506871875,-0.8991462511407846,2.109854774370504
NCAR,CESM2-WACCM,r1i1p1f1,gn,ssp245,2025-02,2025,2,9.845694215936923,215.96714576631953,-5.248415782869922,-249.55669947768752,-21.486458628859975,-17.470958787412794,-67.94969269457376,10.385738957971206,195.57557849392916,-5.961691198481865,-231.37068932874575,-24.899052807969824,-23.09016983538138,-79.36028571867845,-0.5400447420342829,20.391567272390375,0.7132754156119425,-18.18601014894176,3.412594179109849,5.619211047968587,11.410593024104699
NCAR,CESM2-WACCM,r1i1p1f1,gn,ssp245,2025-03,2025,3,46.70913164928538,222.48424044339757,-29.97944637503648,-255.69789180181823,-24.5290248750089,-22.978971772865528,-63.99196273204621,52.34600267468988,199.48953926508008,-34.42371965033548,-236.7508496922062,-20.85710861632136,-20.373539266184096,-60.56967528527718,-5.636871025404496,22.994701178317484,4.444273275298997,-18.947042109612028,-3.671916258687542,-2.6054325066814314,-3.422287446769033
NCAR,CESM2-WACCM,r1i1p1f1,gn,ssp245,2025-04,2025,4,124.70798569408652,249.54407759406945,-81.99505714285088,-279.49841546407714,-17.084269763808454,-17.89532244622172,-22.221001528802244,148.4263517975451,216.72984245488897,-100.49578385113533,-258.4648433761369,-13.984813605344282,-15.80226050010748,-23.59150708028995,-23.718366103458578,32.81423513918048,18.500726708284446,-21.03357208794023,-3.0994561584641716,-2.09306194611424,1.3705055514877067
NCAR,CESM2-WACCM,r1i1p1f1,gn,ssp245,2025-05,2025,5,199.25472269820645,279.3153307090967,-120.4314908527359,-305.03341324218087,-10.438131027756677,-16.14516914031351,26.52184914431616,230.97572059279568,260.9168771007636,-147.350178023134,-296.4210780752247,-8.42963842864043,-13.368998020843918,26.322705145716213,-31.72099789458923,18.398453608333114,26.918687170398087,-8.612335166956143,-2.008492599116247,-2.7761711194695913,0.19914399859994703
NCAR,CESM2-WACCM,r1i1p1f1,gn,ssp245,2025-06,2025,6,205.84022452561732,304.8369525885943,-88.51938167035331,-322.25059046407983,-1.1387844453187839,-9.189251759146723,89.57916877531294,229.4053676740754,296.8800857108836,-116.00451780204455,-318.9062131313004,-4.049380336574811,-11.48764164916818,75.83770046587108,-23.565143148458077,7.956866877710695,27.485136131691235,-3.344377332779459,2.910595891256027,2.2983898900214577,13.741468309441856
NCAR,CESM2-WACCM,r1i1p1f1,gn,ssp245,2025-07,2025,7,152.5518370125807,316.67565148668444,-38.60949084613379,-328.19838647707667,-1.8966914559359094,-6.996914920028057,93.52600480009076,167.28392393654957,309.3164516077261,-59.40260923806807,-324.12606880488454,-2.2717320425952057,-9.161909245871227,81.63805621285663,-14.732086923968865,7.35919987895835,20.79311839193428,-4.072317672192128,0.3750405866592963,2.1649943258431703,11.887948587234135
NCAR,CESM2-WACCM,r1i1p1f1,gn,ssp245,2025-08,2025,8,93.82519765693222,313.52825311465637,-15.357757711948512,-329.16259478910416,-2.4074374370831153,-9.211793870025351,51.21386696342744,106.60594156560862,307.0192301231463,-30.971484870242,-324.3886704459015,-3.1681999649659307,-11.50649087877609,43.59032552886945,-12.7807439086764,6.509022991510051,15.61372715829349,-4.77392434320268,0.7607625278828154,2.294697008750738,7.623541434557993
NCAR,CESM2-WACCM,r1i1p1f1,gn,ssp245,2025-09,2025,9,47.79519554602453,303.1622180678116,-7.906165929469845,-325.25031365284957,-5.922074454364425,-16.873692859183286,-4.994833282031006,54.89830463739902,288.9866461711278,-16.49764968729072,-315.33848147263296,-9.098186561522688,-19.40690265700391,-16.456269569923517,-7.103109091374492,14.175571896683778,8.591483757820876,-9.911832180216607,3.1761121071582634,2.533209797820625,11.46143628789251
NCAR,CESM2-WACCM,r1i1p1f1,gn,ssp245,2025-10,2025,10,14.235019943325641,278.9401929536059,-2.134804941868076,-311.2246116031871,-16.068481066511968,-29.365431902883657,-65.61811661751925,15.9193122787883,256.89747343904895,-4.380194310946924,-291.697864388461,-19.062866206999274,-25.57814248566332,-67.90228167423336,-1.6842923354626596,22.04271951455695,2.245389369078848,-19.526747214726072,2.9943851404873065,-3.787289417220336,2.284165056714116
NCAR,CESM2-WACCM,r1i1p1f1,gn,ssp245,2025-11,2025,11,2.5376054970910875,244.46424221817583,-0.3359654789586527,-285.2651973894202,-28.73172635797605,-34.29834017796758,-101.6293816890556,2.5925275075676772,226.74750459235383,-0.5328379026360872,-264.97601499925315,-26.070306271323897,-26.466079860120846,-88.70520693341243,-0.05492201047658973,17.71673762582199,0.19687242367743452,-20.28918239016707,-2.6614200866521536,-7.832260317846735,-12.924174755643179
NCAR,CESM2-WACCM,r1i1p1f1,gn,ssp245,2025-12,2025,12,0.6164437663579831,225.45692093614448,-0.09920651068241855,-265.32852856241215,-30.598551386764804,-30.97933438408083,-100.93225614143773,0.6773264413565148,205.25541358021636,-0.21629244537056036,-244.35942714392272,-27.52562905630308,-25.26915405374307,-91.43776267776657,-0.060882674998531616,20.20150735592813,0.11708593468814181,-20.96910141848943,-3.072922330461722,-5.71018033033776,-9.494493463671162
NCAR,CESM2-WACCM,r1i1p1f1,gn,ssp245,2026-01,2026,1,1.5917571161150632,223.45026029626803,-0.5314042950007283,-258.02446950288015,-29.043799595063515,-27.902960526939925,-90.46061650750121,1.6579286852252568,196.20551484935447,-0.7660732495860045,-233.69317904034412,-26.446030144367764,-23.962358246853956,-87.00419714657214,-0.06617156911019362,27.244745446913555,0.23466895458527626,-24.331290462536032,-2.5977694506957505,-3.940602280085969,-3.4564193609290754
NCAR,CESM2-WACCM,r1i1p1f1,gn,ssp245,2026-02,2026,2,8.84552487144277,227.97778122320412,-4.398620690897073,-255.98353805554382,-23.120662917827275,-21.363534595301324,-68.04305016492262,10.385738957971206,195.57557849392916,-5.961691198481865,-231.37068932874575,-24.899052807969824,-23.09016983538138,-79.36028571867845,-1.5402140865284366,32.40220272927496,1.5630705075847917,-24.612848726798063,1.7783898901425488,1.726635240080057,11.317235553755836
NCAR,CESM2-WACCM,r1i1p1f1,gn,ssp245,2026-03,2026,3,47.32144815050108,221.42406343201247,-29.333708421320704,-255.52181799979329,-27.165982198370404,-25.422201529604628,-68.69819856657548,52.34600267468988,199.48953926508008,-34.42371965033548,-236.7508496922062,-20.85710861632136,-20.373539266184096,-60.56967528527718,-5.024554524188801,21.93452416693239,5.090011229014774,-18.770968307587083,-6.308873582049046,-5.048662263420532,-8.128523281298307
NCAR,CESM2-WACCM,r1i1p1f1,gn,ssp245,2026-04,2026,4,130.55889677679687,238.60220802181107,-85.27648968407628,-271.959110518513,-18.134725741394465,-17.716040227409774,-23.9252613727856,148.4263517975451,216.72984245488897,-100.49578385113533,-258.4648433761369,-13.984813605344282,-15.80226050010748,-23.59150708028995,-17.867455020748224,21.8723655669221,15.219294167059047,-13.494267142376088,-4.149912136050183,-1.9137797273022947,-0.33375429249564803
NCAR,CESM2-WACCM,r1i1p1f1,gn,ssp245,2026-05,2026,5,204.89035300696494,280.2420033186177,-120.58464111507372,-306.406652838962,-8.511149809724797,-14.934511246229404,34.695401315592775,230.97572059279568,260.9168771007636,-147.350178023134,-296.4210780752247,-8.42963842864043,-13.368998020843918,26.322705145716213,-26.08536758583074,19.32512621785412,26.76553690806027,-9.985574763737247,-0.08151138108436662,-1.5655132253854855,8.372696169876562
NCAR,CESM2-WACCM,r1i1p1f1,gn,ssp245,2026-06,2026,6,203.57486402859476,305.7448029370737,-86.67401087393417,-322.6600782479238,-1.7062795956089902,-7.685556512198194,90.59374173600334,229.4053676740754,296.8800857108836,-116.00451780204455,-318.9062131313004,-4.049380336574811,-11.48764164916818,75.83770046587108,-25.830503645480633,8.864717226190123,29.33050692811038,-3.7538651166234445,2.343100740965821,3.8020851369699864,14.756041270132258
NCAR,CESM2-WACCM,r1i1p1f1,gn,ssp245,2026-07,2026,7,149.19807088409837,316.2848723651473,-36.27564423756667,-328.238104464102,-2.279929785899312,-8.77297601048682,89.91628875119086,167.28392393654957,309.3164516077261,-59.40260923806807,-324.12606880488454,-2.2717320425952057,-9.161909245871227,81.63805621285663,-18.0858530524512,6.9684207574212,23.1269650005014,-4.11203565921744,-0.008197743304106275,0.38893323538440683,8.278232538334237
NCAR,CESM2-WACCM,r1i1p1f1,gn,ssp245,2026-08,2026,8,94.93896927077363,316.6965872910699,-14.77180748834097,-330.1090217063512,-0.7999100742187593,-7.419801136944839,58.535016155987705,106.60594156560862,307.0192301231463,-30.971484870242,-324.3886704459015,-3.1681999649659307,-11.50649087877609,43.59032552886945,-11.666972294834991,9.67735716792356,16.199677381901033,-5.720351260449718,2.3682898907471714,4.0866897418312504,14.944690627118256
NCAR,CESM2-WACCM,r1i1p1f1,gn,ssp245,2026-09,2026,9,47.646596350027664,303.1435720005658,-6.976895138519508,-325.9938161596538,-7.320131746226961,-19.704442807291706,-9.205117501098519,54.89830463739902,288.9866461711278,-16.49764968729072,-315.33848147263296,-9.098186561522688,-19.40690265700391,-16.456269569923517,-7.251708287371358,14.156925829438023,9.520754548771214,-10.655334687020854,1.778054815295727,-0.29754015028779435,7.251152068824998
NCAR,CESM2-WACCM,r1i1p1f1,gn,ssp245,2026-10,2026,10,14.885979538459962,275.7684929098975,-2.025842236685335,-312.5229609158454,-18.383953574362398,-33.625135214238306,-75.90341949277399,15.9193122787883,256.89747343904895,-4.380194310946924,-291.697864388461,-19.062866206999274,-25.57814248566332,-67.90228167423336,-1.0333327403283388,18.871019470848523,2.354352074261589,-20.825096527384346,0.6789126326368766,-8.046992728574985,-8.001137818540627
NCAR,CESM2-WACCM,r1i1p1f1,gn,ssp245,2026-11,2026,11,2.4515600209493185,248.0075740013728,-0.33003612829783435,-288.8734162604755,-31.884988913017658,-38.56656519652217,-109.195872475991,2.5925275075676772,226.74750459235383,-0.5328379026360872,-264.97601499925315,-26.070306271323897,-26.466079860120846,-88.70520693341243,-0.14096748661835878,21.260069409018968,0.20280177433825286,-23.897401261222342,-5.814682641693761,-12.100485336401324,-20.49066554257857
NCAR,CESM2-WACCM,r1i1p1f1,gn,ssp245,2026-12,2026,12,0.6002379827654275,223.51216399817773,-0.10767796282300712,-264.74690238787895,-35.71415366399875,-34.493958677299645,-110.95029071105719,0.6773264413565148,205.25541358021636,-0.21629244537056036,-244.35942714392272,-27.52562905630308,-25.26915405374307,-91.43776267776657,-0.07708845859108726,18.25675041796137,0.10861448254755324,-20.38747524395623,-8.188524607695669,-9.224804623556576,-19.51252803329062
NCAR,CESM2-WACCM,r1i1p1f1,gn,ssp245,2027-01,2027,1,1.3735200717837883,224.79967197295483,-0.5146977639463489,-257.0799525180973,-23.916550700076286,-21.673288244287438,-77.01129718166874,1.6579286852252568,196.20551484935447,-0.7660732495860045,-233.69317904034412,-26.446030144367764,-23.962358246853956,-87.00419714657214,-0.2844086134414685,28.594157123600354,0.2513754856396556,-23.386773477753167,2.5294794442914785,2.2890700025665183,9.992899964903401
NCAR,CESM2-WACCM,r1i1p1f1,gn,ssp245,2027-02,2027,2,9.386189021656875,208.87811224172017,-4.84546628871029,-243.8270031831222,-26.034437545613567,-21.59454855560139,-78.03715430967043,10.385738957971206,195.57557849392916,-5.961691198481865,-231.37068932874575,-24.899052807969824,-23.09016983538138,-79.36028571867845,-0.999549936314331,13.302533747791017,1.1162249097715744,-12.456313854376447,-1.1353847376437436,1.4956212797799928,1.3231314090080275
NCAR,CESM2-WACCM,r1i1p1f1,gn,ssp245,2027-03,2027,3,46.77069256488436,222.09867527367524,-28.93630690565295,-254.3872688704399,-22.73716271389314,-20.618153837605508,-57.8095244890319,52.34600267468988,199.48953926508008,-34.42371965033548,-236.7508496922062,-20.85710861632136,-20.373539266184096,-60.56967528527718,-5.575310109805521,22.609136008595158,5.48741274468253,-17.636419178233695,-1.880054097571783,-0.24461457142141185,2.760150796245277
NCAR,CESM2-WACCM,r1i1p1f1,gn,ssp245,2027-04,2027,4,132.310824271416,234.845414768612,-88.28718812650538,-268.8052168367034,-14.42587536036293,-15.122273140657194,-19.48431442420086,148.4263517975451,216.72984245488897,-100.49578385113533,-258.4648433761369,-13.984813605344282,-15.80226050010748,-23.59150708028995,-16.115527526129085,18.11557231372302,12.208595724629944,-10.340373460566468,-0.44106175501864797,0.6799873594502852,4.10719265608909
NCAR,CESM2-WACCM,r1i1p1f1,gn,ssp245,2027-05,2027,5,208.7800465369782,278.84338026218853,-128.2180420632484,-306.1111789800007,-6.8316551782547625,-12.946239484466018,33.51631109319685,230.97572059279568,260.9168771007636,-147.350178023134,-296.4210780752247,-8.42963842864043,-13.368998020843918,26.322705145716213,-22.195674055817477,17.926503161424932,19.132135959885602,-9.690100904775989,1.597983250385668,0.4227585363779003,7.193605947480634
NCAR,CESM2-WACCM,r1i1p1f1,gn,ssp245,2027-06,2027,6,202.72992113185316,304.4916685247937,-94.8843251211301,-321.2430834129956,-3.815545509504579,-12.920969729037544,74.35766588397902,229.4053676740754,296.8800857108836,-116.00451780204455,-318.9062131313004,-4.049380336574811,-11.48764164916818,75.83770046587108,-26.675446542222232,7.611582813910104,21.120192680914442,-2.3368702816952123,0.23383482707023173,-1.433328079869364,-1.4800345818920562
NCAR,CESM2-WACCM,r1i1p1f1,gn,ssp245,2027-07,2027,7,150.16334770097492,316.1279068374902,-39.722162036910284,-326.9232246526647,-0.8956590442837857,-5.882907699620151,92.86730110498614,167.28392393654957,309.3164516077261,-59.40260923806807,-324.12606880488454,-2.2717320425952057,-9.161909245871227,81.63805621285663,-17.120576235574646,6.8114552297640785,19.680447201157783,-2.797155847780175,1.37607299831142,3.2790015462510764,11.229244892129515
NCAR,CESM2-WACCM,r1i1p1f1,gn,ssp245,2027-08,2027,8,91.69049011921526,314.17184775195165,-15.655411898154677,-328.11422599376715,-1.590409425901889,-8.428807089186868,52.073483464156325,106.60594156560862,307.0192301231463,-30.971484870242,-324.3886704459015,-3.1681999649659307,-11.50649087877609,43.59032552886945,-14.915451446393362,7.152617628805331,15.316072972087325,-3.7255555478656674,1.5777905390640417,3.077683789589221,8.483157935286876
NCAR,CESM2-WACCM,r1i1p1f1,gn,ssp245,2027-09,2027,9,51.704813103501145,298.21037599278543,-8.93926806917951,-323.352736400967,-4.0730996055229225,-12.919470758716978,0.6306142619001722,54.89830463739902,288.9866461711278,-16.49764968729072,-315.33848147263296,-9.098186561522688,-19.40690265700391,-16.456269569923517,-3.193491533897877,9.223729821657628,7.558381618111211,-8.014254928334026,5.0250869559997655,6.487431898286934,17.08688383182369
NCAR,CESM2-WACCM,r1i1p1f1,gn,ssp245,2027-10,2027,10,13.75645486328294,273.19630219267685,-2.2047595372499855,-308.0132089893017,-20.000950607682004,-32.550924509932024,-75.81708658820588,15.9193122787883,256.89747343904895,-4.380194310946924,-291.697864388461,-19.062866206999274,-25.57814248566332,-67.90228167423336,-2.1628574155053606,16.2988287536279,2.175434773696938,-16.31534460084066,-0.9380844006827296,-6.972782024268703,-7.914804913972517
NCAR,CESM2-WACCM,r1i1p1f1,gn,ssp245,2027-11,2027,11,2.595196943831703,242.55867310246163,-0.3697001767446559,-283.26133198117884,-27.609394391516577,-32.94420941789031,-99.03076592103707,2.5925275075676772,226.74750459235383,-0.5328379026360872,-264.97601499925315,-26.070306271323897,-26.466079860120846,-88.70520693341243,0.0026694362640258262,15.811168510107791,0.16313772589143133,-18.28531698192569,-1.5390881201926803,-6.478129557769467,-10.325558987624646
NCAR,CESM2-WACCM,r1i1p1f1,gn,ssp245,2027-12,2027,12,0.5905863094245125,233.92565990756847,-0.09947908779257082,-268.51206460421633,-23.363208724134395,-25.389781269912035,-82.84828746906234,0.6773264413565148,205.25541358021636,-0.21629244537056036,-244.35942714392272,-27.52562905630308,-25.26915405374307,-91.43776267776657,-0.08674013193200225,28.670246327352118,0.11681335757798954,-24.15263746029362,4.162420332168686,-0.1206272161689661,8.58947520870423
NCAR,CESM2-WACCM,r1i1p1f1,gn,ssp245,2028-01,2028,1,1.4719978240934513,222.69051242007947,-0.4922167903227244,-257.73366331060356,-26.963073406676806,-25.90246793262906,-86.92891119605922,1.6579286852252568,196.20551484935447,-0.7660732495860045,-233.69317904034412,-26.446030144367764,-23.962358246853956,-87.00419714657214,-0.18593086113180557,26.484997570725,0.2738564592632801,-24.04048427025944,-0.5170432623090413,-1.9401096857751057,0.07528595051292086
NCAR,CESM2-WACCM,r1i1p1f1,gn,ssp245,2028-02,2028,2,8.920657126992083,217.89537678544175,-4.552073641406984,-250.84732964987282,-28.164982102970853,-25.350507299262315,-82.09885878107913,10.385738957971206,195.57557849392916,-5.961691198481865,-231.37068932874575,-24.899052807969824,-23.09016983538138,-79.36028571867845,-1.4650818309791234,22.319798291512598,1.4096175570748812,-19.476640321127064,-3.2659292950010297,-2.2603374638809335,-2.7385730624006754
NCAR,CESM2-WACCM,r1i1p1f1,gn,ssp245,2028-03,2028,3,45.54368391722403,224.92201680683806,-28.055022938092282,-256.51573967519545,-24.45919800832825,-24.223542212678723,-62.7878021102326,52.34600267468988,199.48953926508008,-34.42371965033548,-236.7508496922062,-20.85710861632136,-20.373539266184096,-60.56967528527718,-6.802318757465848,25.432477541757976,6.368696712243196,-19.764889982989246,-3.602089392006892,-3.8500029464946266,-2.2181268249554194
NCAR,CESM2-WACCM,r1i1p1f1,gn,ssp245,2028-04,2028,4,133.51911164483843,244.4709415620859,-84.30429937363044,-278.5428781110204,-11.494601372927516,-15.052737844509263,-11.404463495163263,148.4263517975451,216.72984245488897,-100.49578385113533,-258.4648433761369,-13.984813605344282,-15.80226050010748,-23.59150708028995,-14.907240152706663,27.74109910719693,16.191484477504886,-20.078034734883488,2.4902122324167664,0.7495226555982164,12.187043585126688
NCAR,CESM2-WACCM,r1i1p1f1,gn,ssp245,2028-05,2028,5,210.41540669432757,276.18491573454156,-124.4243165970247,-305.89055125913376,-6.449374468989597,-13.409998220975304,36.426081882745805,230.97572059279568,260.9168771007636,-147.350178023134,-296.4210780752247,-8.42963842864043,-13.368998020843918,26.322705145716213,-20.56031389846811,15.268038633777962,22.925861426109293,-9.469473183909031,1.9802639596508333,-0.04100020013138561,10.103376737029592
NCAR,CESM2-WACCM,r1i1p1f1,gn,ssp245,2028-06,2028,6,210.95399733375882,304.1799359583978,-89.70548094233907,-323.15446467086144,-4.532709034637621,-11.200813574389654,86.5404650699288,229.4053676740754,296.8800857108836,-116.00451780204455,-318.9062131313004,-4.049380336574811,-11.48764164916818,75.83770046587108,-18.451370340316572,7.2998502475142,26.29903685970548,-4.248251539561068,-0.4833286980628104,0.28682807477852634,10.70276460405772
NCAR,CESM2-WACCM,r1i1p1f1,gn,ssp245,2028-07,2028,7,149.80454915699974,316.0464257196448,-38.79483640085425,-328.1533687964205,-2.2831292875500697,-8.468937152536189,88.15070323928347,167.28392393654957,309.3164516077261,-59.40260923806807,-324.12606880488454,-2.2717320425952057,-9.161909245871227,81.63805621285663,-17.47937477954983,6.729974111918693,20.607772837213815,-4.027299991535983,-0.01139724495486405,0.6929720933350385,6.512647026426848
NCAR,CESM2-WACCM,r1i1p1f1,gn,ssp245,2028-08,2028,8,94.69816544423362,315.9630056956803,-13.841615387015143,-330.2425699355663,-1.9782119301048204,-9.444198301510065,55.15457558571757,106.60594156560862,307.0192301231463,-30.971484870242,-324.3886704459015,-3.1681999649659307,-11.50649087877609,43.59032552886945,-11.907776121374994,8.94377557253398,17.12986948322686,-5.853899489664798,1.1899880348611103,2.0622925772660246,11.564250056848124
NCAR,CESM2-WACCM,r1i1p1f1,gn,ssp245,2028-09,2028,9,48.01254896327581,302.08307441665613,-7.188501268693104,-325.68435053863936,-8.252361681088596,-20.04167606484128,-11.071266173330406,54.89830463739902,288.9866461711278,-16.49764968729072,-315.33848147263296,-9.098186561522688,-19.40690265700391,-16.456269569923517,-6.88575567412321,13.09642824552833,9.309148418597617,-10.3458690660064,0.8458248804340922,-0.6347734078373684,5.3850033965931114
NCAR,CESM2-WACCM,r1i1p1f1,gn,ssp245,2028-10,2028,10,14.20290026305089,286.91277124810097,-2.0055957472224106,-316.3766095364313,-13.964085142408079,-28.991234954929556,-60.22185386983951,15.9193122787883,256.89747343904895,-4.380194310946924,-291.697864388461,-19.062866206999274,-25.57814248566332,-67.90228167423336,-1.7164120157374114,30.015297809052015,2.374598563724513,-24.67874514797029,5.098781064591195,-3.4130924692662354,7.680427804393858
NCAR,CESM2-WACCM,r1i1p1f1,gn,ssp245,2028-11,2028,11,2.3657931912890713,251.7961050760359,-0.3131030000581777,-291.57588443021297,-25.975747003937343,-34.31869801966687,-98.0215341865504,2.5925275075676772,226.74750459235383,-0.5328379026360872,-264.97601499925315,-26.070306271323897,-26.466079860120846,-88.70520693341243,-0.22673431627860596,25.048600483682065,0.2197349025779095,-26.599869430959814,0.09455926738655407,-7.852618159546022,-9.31632725313797
NCAR,CESM2-WACCM,r1i1p1f1,gn,ssp245,2028-12,2028,12,0.6069067297979754,233.9307478143327,-0.11675704734270183,-270.59862814246526,-30.993553613148944,-28.72366524420163,-95.89494950302786,0.6773264413565148,205.25541358021636,-0.21629244537056036,-244.35942714392272,-27.52562905630308,-25.26915405374307,-91.43776267776657,-0.07041971155853932,28.67533423411635,0.09953539802785853,-26.239200998542543,-3.467924556845862,-3.454511190458561,-4.457186825261289
NCAR,CESM2-WACCM,r1i1p1f1,gn,ssp245,2029-01,2029,1,1.3840934866467087,215.322830725368,-0.47784200043487846,-252.40104818979339,-30.723051032008424,-28.16426288469207,-95.05927989491406,1.6579286852252568,196.20551484935447,-0.7660732495860045,-233.69317904034412,-26.446030144367764,-23.962358246853956,-87.00419714657214,-0.2738351985785481,19.11731587601352,0.2882312491511261,-18.707869149449266,-4.27702088764066,-4.2019046378381155,-8.055082748341917
NCAR,CESM2-WACCM,r1i1p1f1,gn,ssp245,2029-02,2029,2,9.038273245973334,220.89071301159973,-4.9531163259012825,-251.22859032865225,-27.039835545646614,-20.871343714741634,-74.16389965736872,10.385738957971206,195.57557849392916,-5.961691198481865,-231.37068932874575,-24.899052807969824,-23.09016983538138,-79.36028571867845,-1.347465711997872,25.31513451767057,1.0085748725805823,-19.85790099990649,-2.1407827376767905,2.218826120639747,5.196386061309738
NCAR,CESM2-WACCM,r1i1p1f1,gn,ssp245,2029-03,2029,3,46.52586887869057,221.5531125998373,-29.562741805034495,-254.802824593596,-25.292421228969992,-22.951602533821745,-64.5306086828944,52.34600267468988,199.48953926508008,-34.42371965033548,-236.7508496922062,-20.85710861632136,-20.373539266184096,-60.56967528527718,-5.820133795999311,22.063573334757223,4.860977845300983,-18.051974901389798,-4.435312612648634,-2.578063267637649,-3.960933397617218
NCAR,CESM2-WACCM,r1i1p1f1,gn,ssp245,2029-04,2029,4,129.42304907988333,250.4816776862956,-84.8481746691612,-280.79447976122066,-10.77804945309144,-13.777169023999026,-10.293146141293436,148.4263517975451,216.72984245488897,-100.49578385113533,-258.4648433761369,-13.984813605344282,-15.80226050010748,-23.59150708028995,-19.003302717661768,33.75183523140663,15.647609181974133,-22.329636385083745,3.206764152252843,2.0250914761084537,13.298360938996515
NCAR,CESM2-WACCM,r1i1p1f1,gn,ssp245,2029-05,2029,5,200.90550525166034,281.592690416129,-116.74085658945361,-307.50919946598464,-7.31147928031429,-14.331669033334824,36.60499129870194,230.97572059279568,260.9168771007636,-147.350178023134,-296.4210780752247,-8.42963842864043,-13.368998020843918,26.322705145716213,-30.070215341135338,20.675813315365417,30.60932143368038,-11.088121390759909,1.1181591483261402,-0.9626710124909064,10.282286152985726
NCAR,CESM2-WACCM,r1i1p1f1,gn,ssp245,2029-06,2029,6,203.45799496580253,306.28770480829144,-83.37225808768521,-322.62952355507764,-3.208607014712749,-8.320048432536069,92.21526268408228,229.4053676740754,296.8800857108836,-116.00451780204455,-318.9062131313004,-4.049380336574811,-11.48764164916818,75.83770046587108,-25.947372708272866,9.40761909740786,32.632259714359336,-3.7233104237772636,0.8407733218620619,3.1675932166321115,16.377562218211196
NCAR,CESM2-WACCM,r1i1p1f1,gn,ssp245,2029-07,2029,7,155.31882321581384,316.8317185231141,-35.75536012876764,-329.42642307722076,-2.224605137522163,-7.732154295289981,97.0119991001274,167.28392393654957,309.3164516077261,-59.40260923806807,-324.12606880488454,-2.2717320425952057,-9.161909245871227,81.63805621285663,-11.965100720735734,7.515266915387997,23.647249109300425,-5.300354272336222,0.047126905073042735,1.4297549505812457,15.373942887270772
NCAR,CESM2-WACCM,r1i1p1f1,gn,ssp245,2029-08,2029,8,93.9820256357826,315.5111912475971,-13.329360815464488,-330.6368749984251,-2.6182322043387374,-9.466209466731687,53.44253939841961,106.60594156560862,307.0192301231463,-30.971484870242,-324.3886704459015,-3.1681999649659307,-11.50649087877609,43.59032552886945,-12.623915929826012,8.491961124450768,17.64212405477751,-6.248204552523646,0.5499677606271933,2.0402814120444024,9.852213869550162
NCAR,CESM2-WACCM,r1i1p1f1,gn,ssp245,2029-09,2029,9,46.76845866263527,301.0141277848931,-6.092486831203933,-326.2682320988033,-7.558845370125746,-22.54345841619499,-14.680436268799586,54.89830463739902,288.9866461711278,-16.49764968729072,-315.33848147263296,-9.098186561522688,-19.40690265700391,-16.456269569923517,-8.129845974763754,12.027481613765303,10.405162856086788,-10.929750626170346,1.5393411913969421,-3.1365557591910793,1.7758333011239316
NCAR,CESM2-WACCM,r1i1p1f1,gn,ssp245,2029-10,2029,10,14.074372824704515,274.9473974768561,-1.866770272310351,-311.5133409582985,-18.972944900147166,-31.81227070643983,-75.14355653563521,15.9193122787883,256.89747343904895,-4.380194310946924,-291.697864388461,-19.062866206999274,-25.57814248566332,-67.90228167423336,-1.8449394540837858,18.04992403780716,2.5134240386365727,-19.81547656983747,0.08992130685210853,-6.234128220776508,-7.241274861401848
NCAR,CESM2-WACCM,r1i1p1f1,gn,ssp245,2029-11,2029,11,2.449477161036405,242.2465503761316,-0.311411302693649,-285.68400421299054,-31.391205127071498,-36.01694049347727,-108.70753359906493,2.5925275075676772,226.74750459235383,-0.5328379026360872,-264.97601499925315,-26.070306271323897,-26.466079860120846,-88.70520693341243,-0.14305034653127224,15.499045783777774,0.22142659994243824,-20.70798921373739,-5.3208988557476005,-9.550860633356425,-20.002326665652504
NCAR,CESM2-WACCM,r1i1p1f1,gn,ssp245,2029-12,2029,12,0.581571782865718,232.98970836252838,-0.08287010469903082,-269.47953170783734,-28.698269115939357,-28.51404024390528,-93.2034310269869,0.6773264413565148,205.25541358021636,-0.21629244537056036,-244.35942714392272,-27.52562905630308,-25.26915405374307,-91.43776267776657,-0.09575465849079678,27.73429478231202,0.13342234067152953,-25.120104563914623,-1.1726400596362758,-3.2448861901622124,-1.7656683492203342
NCAR,CESM2-WACCM,r1i1p1f1,gn,ssp245,2030-01,2030,1,1.4291430083794974,205.26980405045305,-0.5090693564143843,-243.96703702539898,-34.17028135702127,-25.995669590266957,-97.94311027026905,1.6579286852252568,196.20551484935447,-0.7660732495860045,-233.69317904034412,-26.446030144367764,-23.962358246853956,-87.00419714657214,-0.22878567684575946,9.064289201098575,0.2570038931716202,-10.27385798505486,-7.724251212653503,-2.0333113434130006,-10.938913123696906
NCAR,CESM2-WACCM,r1i1p1f1,gn,ssp245,2030-02,2030,2,9.389776989570718,202.8426119263279,-5.140424889352821,-239.3544153962306,-34.984268487298046,-29.153842601256102,-96.40056245823895,10.385738957971206,195.57557849392916,-5.961691198481865,-231.37068932874575,-24.899052807969824,-23.09016983538138,-79.36028571867845,-0.9959619684004881,7.267033432398733,0.8212663091290437,-7.983726067484838,-10.085215679328222,-6.0636727658747205,-17.040276739560497
NCAR,CESM2-WACCM,r1i1p1f1,gn,ssp245,2030-03,2030,3,45.742062778234136,226.79219205884564,-28.579475727986946,-257.07198393896755,-19.80977972387748,-20.700728680154967,-53.62771323390716,52.34600267468988,199.48953926508008,-34.42371965033548,-236.7508496922062,-20.85710861632136,-20.373539266184096,-60.56967528527718,-6.603939896455742,27.30265279376556,5.844243922348532,-20.321134246761346,1.047328892443879,-0.32718941397087065,6.9419620513700195
NCAR,CESM2-WACCM,r1i1p1f1,gn,ssp245,2030-04,2030,4,130.79546272591466,244.43221151985352,-83.64984786819221,-277.4513165493256,-12.77208585441828,-16.473576036056137,-15.119152062224027,148.4263517975451,216.72984245488897,-100.49578385113533,-258.4648433761369,-13.984813605344282,-15.80226050010748,-23.59150708028995,-17.630889071630435,27.702369064964557,16.845935982943118,-18.9864731731887,1.2127277509260015,-0.6713155359486578,8.472355018065924
NCAR,CESM2-WACCM,r1i1p1f1,gn,ssp245,2030-05,2030,5,197.03040034515305,282.99864516735846,-117.10260034190262,-307.8266666066847,-10.143040737185522,-15.85697609787094,29.099761728867726,230.97572059279568,260.9168771007636,-147.350178023134,-296.4210780752247,-8.42963842864043,-13.368998020843918,26.322705145716213,-33.94532024764263,22.08176806659486,30.247577681231377,-11.405588531459955,-1.713402308545092,-2.4879780770270212,2.777056583151513
NCAR,CESM2-WACCM,r1i1p1f1,gn,ssp245,2030-06,2030,6,212.9910061516259,302.92792983376086,-91.34161782201022,-322.0539560616015,-2.433617988153114,-9.200592831956989,90.88915128166488,229.4053676740754,296.8800857108836,-116.00451780204455,-318.9062131313004,-4.049380336574811,-11.48764164916818,75.83770046587108,-16.414361522449497,6.0478441228772795,24.662899980034325,-3.147742930301149,1.615762348421697,2.2870488172111916,15.0514508157938
NCAR,CESM2-WACCM,r1i1p1f1,gn,ssp245,2030-07,2030,7,164.57156415530335,312.7673620281938,-39.450271923061855,-328.1457920404594,-1.468456604466047,-8.134824542422564,100.1395810730873,167.28392393654957,309.3164516077261,-59.40260923806807,-324.12606880488454,-2.2717320425952057,-9.161909245871227,81.63805621285663,-2.712359781246221,3.4509104204677215,19.95233731500621,-4.019723235574872,0.8032754381291587,1.0270847034486632,18.501524860230674
NCAR,CESM2-WACCM,r1i1p1f1,gn,ssp245,2030-08,2030,8,92.13200997994903,315.10550027242994,-13.373813973646483,-329.7178878299862,-3.4560776617421474,-11.344278815114057,49.345451971890114,106.60594156560862,307.0192301231463,-30.971484870242,-324.3886704459015,-3.1681999649659307,-11.50649087877609,43.59032552886945,-14.473931585659585,8.08627014928362,17.597670896595517,-5.3292173840847,-0.28787769677621666,0.16221206366203234,5.755126443020664
NCAR,CESM2-WACCM,r1i1p1f1,gn,ssp245,2030-09,2030,9,51.912792020502614,299.3737346525347,-7.192438690668391,-325.4079207676406,-5.8377867255498,-19.471612363464914,-6.623231874286358,54.89830463739902,288.9866461711278,-16.49764968729072,-315.33848147263296,-9.098186561522688,-19.40690265700391,-16.456269569923517,-2.9855126168964077,10.38708848140692,9.30521099662233,-10.069439295007612,3.260399835972888,-0.06470970646100227,9.83303769563716
NCAR,CESM2-WACCM,r1i1p1f1,gn,ssp245,2030-10,2030,10,13.935418179248266,282.2088742112567,-1.8158760342311853,-314.3791500881808,-15.768942998688829,-28.085460724953577,-63.90513745554938,15.9193122787883,256.89747343904895,-4.380194310946924,-291.697864388461,-19.062866206999274,-25.57814248566332,-67.90228167423336,-1.9838940995400343,25.311400772207776,2.5643182767157384,-22.68128569971975,3.2939232083104457,-2.5073182392902567,3.997144218683985
NCAR,CESM2-WACCM,r1i1p1f1,gn,ssp245,2030-11,2030,11,2.504167492997072,253.29144230028305,-0.33841529988142593,-291.73691625951386,-29.15212169253777,-34.651035598444444,-100.08287905709739,2.5925275075676772,226.74750459235383,-0.5328379026360872,-264.97601499925315,-26.070306271323897,-26.466079860120846,-88.70520693341243,-0.08836001457060538,26.543937707929217,0.19442260275466128,-26.76090126026071,-3.0818154212138715,-8.184955738323598,-11.37767212368496
NCAR,CESM2-WACCM,r1i1p1f1,gn,ssp245,2030-12,2030,12,0.6141215907679091,225.32308623417816,-0.09979623651951652,-266.1877265262915,-30.750714307715505,-29.90507596180114,-101.00610520738158,0.6773264413565148,205.25541358021636,-0.21629244537056036,-244.35942714392272,-27.52562905630308,-25.26915405374307,-91.43776267776657,-0.0632048505886057,20.067672653961807,0.11649620885104384,-21.828299382368783,-3.2250852514124233,-4.635921908058069,-9.568342529615009
NCAR,CESM2-WACCM,r1i1p1f1,gn,ssp245,2031-01,2031,1,1.4623102267489703,212.29594193923378,-0.6388496882829672,-248.86588896434975,-29.17565113175944,-26.648115592345885,-91.57025321075528,1.6579286852252568,196.20551484935447,-0.7660732495860045,-233.69317904034412,-26.446030144367764,-23.962358246853956,-87.00419714657214,-0.19561845847628656,16.090427089879313,0.12722356130303736,-15.17270992400563,-2.7296209873916766,-2.685757345491929,-4.566056064183144
NCAR,CESM2-WACCM,r1i1p1f1,gn,ssp245,2031-02,2031,2,9.829500171685781,216.41692415911862,-5.324490560540993,-250.20003647475306,-22.245289478108806,-21.111371979385492,-72.63476416198394,10.385738957971206,195.57557849392916,-5.961691198481865,-231.37068932874575,-24.899052807969824,-23.09016983538138,-79.36028571867845,-0.5562387862854248,20.841345665189465,0.6372006379408717,-18.829347146007308,2.653763329861018,1.9787978559958894,6.725521556694517
NCAR,CESM2-WACCM,r1i1p1f1,gn,ssp245,2031-03,2031,3,46.12138657098191,216.9788577276654,-29.105955024085596,-250.13410747565032,-26.060629342435504,-23.317573611757947,-65.51802115528204,52.34600267468988,199.48953926508008,-34.42371965033548,-236.7508496922062,-20.85710861632136,-20.373539266184096,-60.56967528527718,-6.224616103707966,17.489318462585317,5.3177646262498826,-13.383257783444122,-5.203520726114146,-2.9440343455738507,-4.948345870004864
NCAR,CESM2-WACCM,r1i1p1f1,gn,ssp245,2031-04,2031,4,129.85010888416423,242.09571548591722,-85.19112239744801,-276.71070958879204,-20.192943079967012,-23.126606570447734,-33.2755572665733,148.4263517975451,216.72984245488897,-100.49578385113533,-258.4648433761369,-13.984813605344282,-15.80226050010748,-23.59150708028995,-18.576242913380867,25.365873031028258,15.304661453687316,-18.24586621265513,-6.20812947462273,-7.324346070340255,-9.68405018628335
NCAR,CESM2-WACCM,r1i1p1f1,gn,ssp245,2031-05,2031,5,203.85589487331933,281.28169771465554,-121.34471745691184,-308.1869838878741,-7.468540654258415,-15.70281729169896,32.43453329723154,230.97572059279568,260.9168771007636,-147.350178023134,-296.4210780752247,-8.42963842864043,-13.368998020843918,26.322705145716213,-27.119825719476353,20.364820613891936,26.005460566222155,-11.76590581264935,0.961097774382015,-2.3338192708550416,6.111828151515326
NCAR,CESM2-WACCM,r1i1p1f1,gn,ssp245,2031-06,2031,6,212.20542112732596,303.20855154557773,-95.1113442649004,-321.3681543184525,-4.849627288048918,-10.831519320406771,83.25332748109511,229.4053676740754,296.8800857108836,-116.00451780204455,-318.9062131313004,-4.049380336574811,-11.48764164916818,75.83770046587108,-17.19994654674943,6.328465834694157,20.89317353714415,-2.4619411871521493,-0.8002469514741071,0.6561223287614091,7.4156270152240324
NCAR,CESM2-WACCM,r1i1p1f1,gn,ssp245,2031-07,2031,7,154.6999911043112,312.9608353380014,-42.220062846233546,-326.33246278040036,-3.336326443735541,-10.625175143479648,85.14679922846352,167.28392393654957,309.3164516077261,-59.40260923806807,-324.12606880488454,-2.2717320425952057,-9.161909245871227,81.63805621285663,-12.58393283223836,3.644383730275308,17.18254639183452,-2.206393975515823,-1.0645944011403352,-1.4632658976084212,3.508743015606896
NCAR,CESM2-WACCM,r1i1p1f1,gn,ssp245,2031-08,2031,8,89.54548601696843,313.5823185696346,-15.262891171661508,-327.70010140051977,-3.7577282857469676,-10.04276848057121,46.36431524810355,106.60594156560862,307.0192301231463,-30.971484870242,-324.3886704459015,-3.1681999649659307,-11.50649087877609,43.59032552886945,-17.060455548640192,6.56308844648828,15.708593698580493,-3.311430954618288,-0.5895283207810369,1.4637223982048795,2.773989719234102
NCAR,CESM2-WACCM,r1i1p1f1,gn,ssp245,2031-09,2031,9,51.40352415804345,296.5799147297941,-8.996270832243797,-322.6954708526827,-7.064508989515509,-19.482280956692968,-10.255092743297425,54.89830463739902,288.9866461711278,-16.49764968729072,-315.33848147263296,-9.098186561522688,-19.40690265700391,-16.456269569923517,-3.494780479355569,7.593268558666296,7.501378855046925,-7.356989380049754,2.0336775720071794,-0.0753782996890564,6.201176826626092
NCAR,CESM2-WACCM,r1i1p1f1,gn,ssp245,2031-10,2031,10,14.031127662688327,274.8825540662315,-2.1898278149511046,-307.6309755341509,-17.437348245146634,-29.76236120221232,-68.10683106754114,15.9193122787883,256.89747343904895,-4.380194310946924,-291.697864388461,-19.062866206999274,-25.57814248566332,-67.90228167423336,-1.8881846160999736,17.985080627182526,2.190366495995819,-15.93311114568985,1.6255179618526405,-4.1842187165489975,-0.20454939330777222
NCAR,CESM2-WACCM,r1i1p1f1,gn,ssp245,2031-11,2031,11,2.4048083794799795,257.09281638354486,-0.3092577780819621,-290.3067801076653,-20.988463711836218,-26.333283178762873,-78.44016001332156,2.5925275075676772,226.74750459235383,-0.5328379026360872,-264.97601499925315,-26.070306271323897,-26.466079860120846,-88.70520693341243,-0.18771912808769775,30.345311791191023,0.22358012455412513,-25.33076510841215,5.081842559487679,0.1327966813579735,10.265046920090867
NCAR,CESM2-WACCM,r1i1p1f1,gn,ssp245,2031-12,2031,12,0.5776768995321323,229.38039479974228,-0.08475236507298065,-267.75468407842556,-29.026989750374838,-28.00778921987683,-94.9161437144758,0.6773264413565148,205.25541358021636,-0.21629244537056036,-244.35942714392272,-27.52562905630308,-25.26915405374307,-91.43776267776657,-0.09964954182438246,24.12498121952592,0.13154008029757971,-23.39525693450284,-1.5013606940717565,-2.7386351661337613,-3.478381036709223
NCAR,CESM2-WACCM,r1i1p1f1,gn,ssp245,2032-01,2032,1,1.546316951340366,210.45197811414684,-0.6077974237179062,-248.15546268545575,-33.21899966845726,-29.551873514752735,-99.53583822689643,1.6579286852252568,196.20551484935447,-0.7660732495860045,-233.69317904034412,-26.446030144367764,-23.962358246853956,-87.00419714657214,-0.11161173388489076,14.246463264792368,0.1582758258680983,-14.462283645111626,-6.772969524089493,-5.589515267898779,-12.531641080324292
NCAR,CESM2-WACCM,r1i1p1f1,gn,ssp245,2032-02,2032,2,9.220153744112086,218.02818146323082,-5.124194357529593,-249.50809426544208,-25.700901578188283,-22.632235469638392,-75.71709046345545,10.385738957971206,195.57557849392916,-5.961691198481865,-231.37068932874575,-24.899052807969824,-23.09016983538138,-79.36028571867845,-1.1655852138591207,22.452602969301665,0.8374968409522721,-18.137404936696328,-0.8018487702184594,0.4579343657429895,3.643195255223006
NCAR,CESM2-WACCM,r1i1p1f1,gn,ssp245,2032-03,2032,3,48.36932304510942,213.04042484173235,-31.624302968534945,-247.60865395951745,-26.498951327086996,-21.960473657999405,-66.28263402629702,52.34600267468988,199.48953926508008,-34.42371965033548,-236.7508496922062,-20.85710861632136,-20.373539266184096,-60.56967528527718,-3.9766796295804596,13.550885576652263,2.7994166818005333,-10.857804267311252,-5.641842710765637,-1.5869343918153085,-5.71295874101984
NCAR,CESM2-WACCM,r1i1p1f1,gn,ssp245,2032-04,2032,4,131.60839471604461,244.29397646350776,-86.59593802857724,-276.4227344808768,-13.101642004741556,-14.694472365413992,-14.912415700057208,148.4263517975451,216.72984245488897,-100.49578385113533,-258.4648433761369,-13.984813605344282,-15.80226050010748,-23.59150708028995,-16.81795708150048,27.564134008618794,13.899845822558092,-17.957891104739872,0.8831716006027257,1.1077881346934877,8.679091380232743
NCAR,CESM2-WACCM,r1i1p1f1,gn,ssp245,2032-05,2032,5,203.66617385684043,281.3936200835155,-121.02354697573041,-307.1977177779821,-6.498352130398378,-12.77706653877529,37.563110517469696,230.97572059279568,260.9168771007636,-147.350178023134,-296.4210780752247,-8.42963842864043,-13.368998020843918,26.322705145716213,-27.30954673595525,20.476742982751887,26.32663104740358,-10.776639702757393,1.9312862982420524,0.5919314820686274,11.240405371753482
NCAR,CESM2-WACCM,r1i1p1f1,gn,ssp245,2032-06,2032,6,211.49402935904195,304.6894942254462,-85.49790154131736,-323.04853057923884,-1.1755390930405722,-9.414309250540148,97.04724312035128,229.4053676740754,296.8800857108836,-116.00451780204455,-318.9062131313004,-4.049380336574811,-11.48764164916818,75.83770046587108,-17.911338315033447,7.8094085145626195,30.506616260727185,-4.142317447938467,2.8738412435342386,2.0733323986280325,21.209542654480202
NCAR,CESM2-WACCM,r1i1p1f1,gn,ssp245,2032-07,2032,7,155.1195001261627,315.47220928122476,-35.88844535016911,-328.59971157960143,-0.632720792682395,-7.604832158977187,97.86599952595739,167.28392393654957,309.3164516077261,-59.40260923806807,-324.12606880488454,-2.2717320425952057,-9.161909245871227,81.63805621285663,-12.164423810386864,6.15575767349867,23.51416388789896,-4.473642774716893,1.6390112499128107,1.55707708689404,16.227943313100766
NCAR,CESM2-WACCM,r1i1p1f1,gn,ssp245,2032-08,2032,8,90.04260947937806,317.21826716102413,-12.669076869721154,-330.1955238736232,-1.8676096614976996,-8.900933900939286,53.62773233462089,106.60594156560862,307.0192301231463,-30.971484870242,-324.3886704459015,-3.1681999649659307,-11.50649087877609,43.59032552886945,-16.56333208623056,10.199037037877815,18.30240800052085,-5.806853427721705,1.3005903034682311,2.6055569778368035,10.037406805751438
NCAR,CESM2-WACCM,r1i1p1f1,gn,ssp245,2032-09,2032,9,46.851596297123095,304.6360022820124,-6.163050179860622,-326.6951832138879,-6.415299795411731,-18.895691147855864,-6.681625757880678,54.89830463739902,288.9866461711278,-16.49764968729072,-315.33848147263296,-9.098186561522688,-19.40690265700391,-16.456269569923517,-8.046708340275927,15.649356110884582,10.334599507430099,-11.356701741254938,2.6828867661109568,0.5112115091480476,9.77464381204284
NCAR,CESM2-WACCM,r1i1p1f1,gn,ssp245,2032-10,2032,10,13.870790382222417,281.2718879412701,-1.8281919184742959,-314.7530921020911,-15.477552368321337,-30.434428122251038,-67.35058618764526,15.9193122787883,256.89747343904895,-4.380194310946924,-291.697864388461,-19.062866206999274,-25.57814248566332,-67.90228167423336,-2.048521896565884,24.374414502221157,2.5520023924726276,-23.055227713630075,3.585313838677937,-4.856285636587717,0.5516954865881019
NCAR,CESM2-WACCM,r1i1p1f1,gn,ssp245,2032-11,2032,11,2.424239647098539,256.65456398185876,-0.2998292059051334,-294.41238021080267,-27.71998392522665,-34.71096273372539,-98.06435244670256,2.5925275075676772,226.74750459235383,-0.5328379026360872,-264.97601499925315,-26.070306271323897,-26.466079860120846,-88.70520693341243,-0.16828786046913846,29.907059389504923,0.2330086967309538,-29.436365211549514,-1.649677653902753,-8.244882873604542,-9.35914551329013
NCAR,CESM2-WACCM,r1i1p1f1,gn,ssp245,2032-12,2032,12,0.589002258288165,236.5651282466183,-0.09811912029357917,-273.9992460300801,-29.10396852639963,-30.816729802005696,-96.86393297387254,0.6773264413565148,205.25541358021636,-0.21629244537056036,-244.35942714392272,-27.52562905630308,-25.26915405374307,-91.43776267776657,-0.08832418306834977,31.30971466640193,0.1181733250769812,-29.63981888615737,-1.578339470096548,-5.547575748262627,-5.4261702961059655
NCAR,CESM2-WACCM,r1i1p1f1,gn,ssp245,2033-01,2033,1,1.497171300795696,207.39797497644625,-0.4936103308130878,-250.46053720938792,-34.619019719102,-29.69612689201707,-106.37414787407815,1.6579286852252568,196.20551484935447,-0.7660732495860045,-233.69317904034412,-26.446030144367764,-23.962358246853956,-87.00419714657214,-0.1607573844295609,11.192460127091778,0.27246291877291673,-16.767358169043803,-8.172989574734235,-5.733768645163114,-19.36995072750601
NCAR,CESM2-WACCM,r1i1p1f1,gn,ssp245,2033-02,2033,2,9.192443516397892,207.5848674519238,-4.822050546477235,-244.23486157413788,-29.374919352224065,-25.52668204254708,-87.18120254706457,10.385738957971206,195.57557849392916,-5.961691198481865,-231.37068932874575,-24.899052807969824,-23.09016983538138,-79.36028571867845,-1.193295441573314,12.009288957994642,1.1396406520046298,-12.864172245392126,-4.475866544254242,-2.4365122071656984,-7.8209168283861175
NCAR,CESM2-WACCM,r1i1p1f1,gn,ssp245,2033-03,2033,3,47.14417653508355,223.23310990959547,-29.794756770415276,-254.98700204392256,-18.923948936157007,-17.245841553521807,-50.574262859337615,52.34600267468988,199.48953926508008,-34.42371965033548,-236.7508496922062,-20.85710861632136,-20.373539266184096,-60.56967528527718,-5.201826139606325,23.743570644515387,4.628962879920202,-18.236152351716356,1.9331596801643514,3.1276977126622896,9.995412425939563
NCAR,CESM2-WACCM,r1i1p1f1,gn,ssp245,2033-04,2033,4,128.2285951782897,245.67415032623094,-83.6740064009379,-277.4466474742301,-11.500648345262066,-16.042772803338007,-14.761329519247381,148.4263517975451,216.72984245488897,-100.49578385113533,-258.4648433761369,-13.984813605344282,-15.80226050010748,-23.59150708028995,-20.197756619255387,28.944307871341977,16.82177745019743,-18.981804098093164,2.484165260082216,-0.24051230323052764,8.83017756104257
NCAR,CESM2-WACCM,r1i1p1f1,gn,ssp245,2033-05,2033,5,212.1211157940116,275.5497645055399,-126.06699930217174,-305.88795755441527,-8.283666771759734,-16.429114049638866,31.003142621565882,230.97572059279568,260.9168771007636,-147.350178023134,-296.4210780752247,-8.42963842864043,-13.368998020843918,26.322705145716213,-18.854604798784095,14.632887404776284,21.283178720962255,-9.466879479190538,0.1459716568806968,-3.0601160287949476,4.6804374758496685
NCAR,CESM2-WACCM,r1i1p1f1,gn,ssp245,2033-06,2033,6,202.58009418715426,306.3508926560778,-83.02151044940398,-322.5828099405326,-2.49507772470597,-9.284935945557349,91.54665278303213,229.4053676740754,296.8800857108836,-116.00451780204455,-318.9062131313004,-4.049380336574811,-11.48764164916818,75.83770046587108,-26.825273486921134,9.470806945194227,32.98300735264057,-3.676596809232251,1.5543026118688408,2.2027057036108317,15.70895231716105
NCAR,CESM2-WACCM,r1i1p1f1,gn,ssp245,2033-07,2033,7,153.26312613877133,316.20239144317384,-33.02009407688655,-328.5348285741046,-1.1978603075765577,-6.7852138383950775,99.92752078498236,167.28392393654957,309.3164516077261,-59.40260923806807,-324.12606880488454,-2.2717320425952057,-9.161909245871227,81.63805621285663,-14.020797797778243,6.8859398354477435,26.382515161181516,-4.408759769220069,1.073871735018648,2.3766954074761495,18.289464572125738
NCAR,CESM2-WACCM,r1i1p1f1,gn,ssp245,2033-08,2033,8,88.37988046131318,316.63061289393704,-11.600061152973721,-330.0436571228125,-2.0461741344554296,-9.359592865109589,51.96100807989903,106.60594156560862,307.0192301231463,-30.971484870242,-324.3886704459015,-3.1681999649659307,-11.50649087877609,43.59032552886945,-18.22606110429544,9.611382770790726,19.37142371726828,-5.654986676910994,1.122025830510501,2.146898013666501,8.370682551029581
NCAR,CESM2-WACCM,r1i1p1f1,gn,ssp245,2033-09,2033,9,49.10464874135009,298.052853334081,-6.462168323027439,-325.5129901659192,-8.126155142086718,-22.52141298787943,-15.465224543481613,54.89830463739902,288.9866461711278,-16.49764968729072,-315.33848147263296,-9.098186561522688,-19.40690265700391,-16.456269569923517,-5.793655896048932,9.06620716295322,10.035481364263283,-10.174508693286214,0.9720314194359698,-3.114510330875518,0.9910450264419044
NCAR,CESM2-WACCM,r1i1p1f1,gn,ssp245,2033-10,2033,10,14.938729860486935,280.39005343123364,-2.0746223293168993,-313.92788595642884,-13.988585233494064,-28.694698009914728,-63.35700823743397,15.9193122787883,256.89747343904895,-4.380194310946924,-291.697864388461,-19.062866206999274,-25.57814248566332,-67.90228167423336,-0.9805824183013652,23.492579992184687,2.3055719816300244,-22.23002156796781,5.074280973505211,-3.1165555242514067,4.545273436799391
NCAR,CESM2-WACCM,r1i1p1f1,gn,ssp245,2033-11,2033,11,2.434078201052055,252.27919900452238,-0.3275195386539633,-292.33472980208995,-30.65619880693999,-37.35662832339203,-105.96179926550151,2.5925275075676772,226.74750459235383,-0.5328379026360872,-264.97601499925315,-26.070306271323897,-26.466079860120846,-88.70520693341243,-0.15844930651562228,25.531694412168548,0.20531836398212389,-27.3587148028368,-4.585892535616093,-10.890548463271184,-17.256592332089085
NCAR,CESM2-WACCM,r1i1p1f1,gn,ssp245,2033-12,2033,12,0.5951599010744452,232.6264544146228,-0.11396210669358192,-269.7245341138393,-33.606872576061775,-31.230441919810122,-101.45419640070752,0.6773264413565148,205.25541358021636,-0.21629244537056036,-244.35942714392272,-27.52562905630308,-25.26915405374307,-91.43776267776657,-0.0821665402820696,27.371040834406443,0.10233033867697844,-25.36510696991658,-6.081243519758694,-5.961287866067053,-10.016433722940945
NCAR,CESM2-WACCM,r1i1p1f1,gn,ssp245,2034-01,2034,1,1.4448305930220589,217.6176357338294,-0.5059334636986696,-253.88810882762755,-30.657198914444788,-27.0141058159011,-93.00288069482067,1.6579286852252568,196.20551484935447,-0.7660732495860045,-233.69317904034412,-26.446030144367764,-23.962358246853956,-87.00419714657214,-0.21309809220319798,21.412120884474916,0.2601397858873349,-20.194929787283428,-4.211168770077023,-3.0517475690471443,-5.998683548248536
NCAR,CESM2-WACCM,r1i1p1f1,gn,ssp245,2034-02,2034,2,9.538330686590326,211.76136759130088,-5.145344878687166,-247.2337953280918,-27.241567785402705,-25.874041070582944,-84.1950507848734,10.385738957971206,195.57557849392916,-5.961691198481865,-231.37068932874575,-24.899052807969824,-23.09016983538138,-79.36028571867845,-0.8474082713808802,16.185789097371725,0.8163463197946985,-15.863105999346033,-2.342514977432881,-2.7838712352015627,-4.834765066194947
NCAR,CESM2-WACCM,r1i1p1f1,gn,ssp245,2034-03,2034,3,45.71563051202499,230.45503482480183,-28.35144054339827,-262.07891964102134,-24.72837730865756,-26.789727244221105,-65.77779940047148,52.34600267468988,199.48953926508008,-34.42371965033548,-236.7508496922062,-20.85710861632136,-20.373539266184096,-60.56967528527718,-6.630372162664891,30.965495559721745,6.072279106937209,-25.32806994881514,-3.8712686923362014,-6.416187978037009,-5.208124115194302
NCAR,CESM2-WACCM,r1i1p1f1,gn,ssp245,2034-04,2034,4,130.49077061904572,246.8797857628904,-84.50319101517107,-280.4205409891408,-13.40332882250569,-17.781349081128734,-18.737853526010184,148.4263517975451,216.72984245488897,-100.49578385113533,-258.4648433761369,-13.984813605344282,-15.80226050010748,-23.59150708028995,-17.935581178499376,30.14994330800144,15.99259283596426,-21.955697613003906,0.5814847828385918,-1.979088581021255,4.8536535542797665
NCAR,CESM2-WACCM,r1i1p1f1,gn,ssp245,2034-05,2034,5,197.63344469244146,282.2317780768899,-117.98170501567475,-307.3711076691243,-8.341949295174542,-15.68950343762584,30.480957351731966,230.97572059279568,260.9168771007636,-147.350178023134,-296.4210780752247,-8.42963842864043,-13.368998020843918,26.322705145716213,-33.342275900354224,21.314900976126296,29.368473007459244,-10.950029593899558,0.08768913346588825,-2.3205054167819217,4.158252206015753
NCAR,CESM2-WACCM,r1i1p1f1,gn,ssp245,2034-06,2034,6,200.80267939021567,304.4400770595629,-86.25663519577796,-321.91861262737183,-3.771238459164903,-10.783958652024415,82.51231151543944,229.4053676740754,296.8800857108836,-116.00451780204455,-318.9062131313004,-4.049380336574811,-11.48764164916818,75.83770046587108,-28.60268828385972,7.559991348679318,29.747882606266586,-3.0123994960714526,0.27814187740990803,0.7036829971437655,6.674611049568355
NCAR,CESM2-WACCM,r1i1p1f1,gn,ssp245,2034-07,2034,7,148.145604204532,314.919243220383,-36.83367969631884,-327.1104269358924,-1.1882324117498115,-7.791953219943355,90.14055516101061,167.28392393654957,309.3164516077261,-59.40260923806807,-324.12606880488454,-2.2717320425952057,-9.161909245871227,81.63805621285663,-19.138319732017578,5.602791612656915,22.568929541749227,-2.984358131007866,1.0834996308453941,1.3699560259278716,8.502498948153985
NCAR,CESM2-WACCM,r1i1p1f1,gn,ssp245,2034-08,2034,8,92.59048701075662,314.31998694159967,-14.23174307674949,-328.74062298726164,-1.65022956677498,-8.26278946096561,54.025088860604555,106.60594156560862,307.0192301231463,-30.971484870242,-324.3886704459015,-3.1681999649659307,-11.50649087877609,43.59032552886945,-14.015454554851999,7.300756818453351,16.739741793492513,-4.351952541360163,1.5179703981909507,3.2437014178104793,10.434763331735105
NCAR,CESM2-WACCM,r1i1p1f1,gn,ssp245,2034-09,2034,9,48.65659202344707,303.1498042301763,-6.87962357395219,-325.6394509762894,-6.087678391553185,-18.896620037734486,-5.696976725905936,54.89830463739902,288.9866461711278,-16.49764968729072,-315.33848147263296,-9.098186561522688,-19.40690265700391,-16.456269569923517,-6.241712613951954,14.163158059048499,9.61802611333853,-10.30096950365646,3.010508169969503,0.5102826192694252,10.759292844017581
NCAR,CESM2-WACCM,r1i1p1f1,gn,ssp245,2034-10,2034,10,14.543046665600583,285.320905746303,-2.036388111024662,-316.3935769413118,-14.718171921198996,-28.482601677691445,-61.766786239323295,15.9193122787883,256.89747343904895,-4.380194310946924,-291.697864388461,-19.062866206999274,-25.57814248566332,-67.90228167423336,-1.3762656131877176,28.423432307254075,2.3438061999222617,-24.69571255285075,4.344694285800278,-2.904459192028124,6.135495434910069
NCAR,CESM2-WACCM,r1i1p1f1,gn,ssp245,2034-11,2034,11,2.589708123542798,257.3206302710132,-0.3582845166148914,-296.97328715874016,-28.61527755544416,-36.11121682294651,-102.14772765918974,2.5925275075676772,226.74750459235383,-0.5328379026360872,-264.97601499925315,-26.070306271323897,-26.466079860120846,-88.70520693341243,-0.0028193840248791346,30.57312567865938,0.1745533860211958,-31.99727215948701,-2.544971284120262,-9.645136962825664,-13.442520725777314
NCAR,CESM2-WACCM,r1i1p1f1,gn,ssp245,2034-12,2034,12,0.6020177672311998,232.96153761029882,-0.11002665547134735,-273.06939902709325,-32.22718731058691,-35.36405323719707,-107.20711085281859,0.6773264413565148,205.25541358021636,-0.21629244537056036,-244.35942714392272,-27.52562905630308,-25.26915405374307,-91.43776267776657,-0.07530867412531494,27.706124030082464,0.10626578989921301,-28.70997188317054,-4.701558254283832,-10.094899183454,-15.769348175052016
NCAR,CESM2-WACCM,r1i1p1f1,gn,ssp245,2035-01,2035,1,1.4940945211199808,226.23171283488017,-0.5984570383247528,-260.44479862345474,-33.657970561009584,-27.69502857993746,-94.67044744672637,1.6579286852252568,196.20551484935447,-0.7660732495860045,-233.69317904034412,-26.446030144367764,-23.962358246853956,-87.00419714657214,-0.16383416410527607,30.026197985525698,0.1676162112612517,-26.751619583110624,-7.21194041664182,-3.7326703330835045,-7.666250300154232
NCAR,CESM2-WACCM,r1i1p1f1,gn,ssp245,2035-02,2035,2,9.0419732119636,206.15773733822462,-5.0801033475889925,-241.668750848137,-28.526151484506933,-19.70787562047872,-79.78317075052341,10.385738957971206,195.57557849392916,-5.961691198481865,-231.37068932874575,-24.899052807969824,-23.09016983538138,-79.36028571867845,-1.3437657460076071,10.582158844295463,0.8815878508928723,-10.29806151939124,-3.627098676537109,3.382294214902661,-0.42288503184495596
NCAR,CESM2-WACCM,r1i1p1f1,gn,ssp245,2035-03,2035,3,46.52115884073834,220.06241782434128,-30.166695426905473,-253.11374681829162,-19.091637619305533,-16.113459228519584,-51.90196242794262,52.34600267468988,199.48953926508008,-34.42371965033548,-236.7508496922062,-20.85710861632136,-20.373539266184096,-60.56967528527718,-5.82484383395154,20.5728785592612,4.257024223430005,-16.362897126085414,1.765470997015825,4.260080037664512,8.667712857334557
NCAR,CESM2-WACCM,r1i1p1f1,gn,ssp245,2035-04,2035,4,129.66209178629828,241.06061073140827,-86.9918046019762,-272.46365604727384,-16.873725880076286,-16.26267400401774,-21.869158015637474,148.4263517975451,216.72984245488897,-100.49578385113533,-258.4648433761369,-13.984813605344282,-15.80226050010748,-23.59150708028995,-18.76426001124682,24.330768276519308,13.50397924915913,-13.998812671136932,-2.8889122747320037,-0.46041350391026015,1.7223490646524766
NCAR,CESM2-WACCM,r1i1p1f1,gn,ssp245,2035-05,2035,5,203.00908359781684,283.89936783471444,-119.01625781515241,-307.8086403674635,-6.006245581502168,-11.798122348283801,42.27918532012936,230.97572059279568,260.9168771007636,-147.350178023134,-296.4210780752247,-8.42963842864043,-13.368998020843918,26.322705145716213,-27.966636994978842,22.98249073395084,28.333920207981578,-11.387562292238783,2.4233928471382624,1.570875672560117,15.956480174413144
NCAR,CESM2-WACCM,r1i1p1f1,gn,ssp245,2035-06,2035,6,207.80538121565752,307.283138232292,-80.24071337119207,-323.8229319915628,-1.7480300484894464,-7.709388792734421,101.56745524397068,229.4053676740754,296.8800857108836,-116.00451780204455,-318.9062131313004,-4.049380336574811,-11.48764164916818,75.83770046587108,-21.599986458417874,10.403052521408426,35.763804430852474,-4.916718860262449,2.3013502880853647,3.7782528564337596,25.729754778099604
NCAR,CESM2-WACCM,r1i1p1f1,gn,ssp245,2035-07,2035,7,151.70453390702934,316.1663389627989,-31.897284810045306,-328.25699969887216,-1.872331120181924,-6.995324926267214,98.84893231446155,167.28392393654957,309.3164516077261,-59.40260923806807,-324.12606880488454,-2.2717320425952057,-9.161909245871227,81.63805621285663,-15.579390029520226,6.849887355072781,27.50532442802276,-4.130930893987625,0.39940092241328173,2.166584319604013,17.210876101604924
NCAR,CESM2-WACCM,r1i1p1f1,gn,ssp245,2035-08,2035,8,94.02188023446125,315.85567373145204,-10.216307584316516,-330.7594882659411,-0.9868636686549727,-9.29333348108513,58.62156096591559,106.60594156560862,307.0192301231463,-30.971484870242,-324.3886704459015,-3.1681999649659307,-11.50649087877609,43.59032552886945,-12.584061331147367,8.836443608305729,20.755177285925484,-6.370817820039633,2.181336296310958,2.21315739769096,15.031235437046142
NCAR,CESM2-WACCM,r1i1p1f1,gn,ssp245,2035-09,2035,9,49.446279238700306,301.6615920888372,-5.564436546777355,-327.6277233116513,-6.337550903474448,-22.3557377536392,-10.77757718800482,54.89830463739902,288.9866461711278,-16.49764968729072,-315.33848147263296,-9.098186561522688,-19.40690265700391,-16.456269569923517,-5.452025398698716,12.674945917709408,10.933213140513367,-12.28924183901836,2.7606356580482396,-2.948835096635289,5.678692381918697
NCAR,CESM2-WACCM,r1i1p1f1,gn,ssp245,2035-10,2035,10,14.42077728201299,280.6806934727333,-1.795368790391968,-318.89213006257216,-16.449843189904602,-34.0635698734676,-76.09944116159006,15.9193122787883,256.89747343904895,-4.380194310946924,-291.697864388461,-19.062866206999274,-25.57814248566332,-67.90228167423336,-1.4985349967753105,23.78322003368436,2.584825520554956,-27.194265674111136,2.6130230170946724,-8.485427387804279,-8.1971594873567
NCAR,CESM2-WACCM,r1i1p1f1,gn,ssp245,2035-11,2035,11,2.491505325672207,260.6382088085102,-0.324006762154258,-297.6884190179878,-29.943266275110417,-36.25800295983806,-101.08398088090814,2.5925275075676772,226.74750459235383,-0.5328379026360872,-264.97601499925315,-26.070306271323897,-26.466079860120846,-88.70520693341243,-0.10102218189547019,33.890704216156394,0.2088311404818292,-32.712404018734674,-3.8729600037865204,-9.791923099717213,-12.378773947495716
NCAR,CESM2-WACCM,r1i1p1f1,gn,ssp245,2035-12,2035,12,0.5813876222171745,247.62790934209474,-0.09127570224799438,-281.3367793030381,-24.307096185781845,-27.394849620128554,-84.92070384688459,0.6773264413565148,205.25541358021636,-0.21629244537056036,-244.35942714392272,-27.52562905630308,-25.26915405374307,-91.43776267776657,-0.09593881913934021,42.37249576187838,0.125016743122566,-36.977352159115384,3.218532870521237,-2.1256955663854846,6.517058830881979
NCAR,CESM2-WACCM,r1i1p1f1,gn,ssp245,2036-01,2036,1,1.478040481446863,219.18995482929705,-0.5225703118874122,-257.79154823349876,-30.22874253466843,-29.179856555894506,-97.05472232520519,1.6579286852252568,196.20551484935447,-0.7660732495860045,-233.69317904034412,-26.446030144367764,-23.962358246853956,-87.00419714657214,-0.17988820377839376,22.98443997994258,0.24350293769859233,-24.09836919315464,-3.7827123903006665,-5.2174983090405505,-10.050525178633052
NCAR,CESM2-WACCM,r1i1p1f1,gn,ssp245,2036-02,2036,2,8.996011796829913,221.79951417522008,-4.632657550244751,-255.62513051018036,-34.79934037506186,-32.44094994329837,-96.70255240673532,10.385738957971206,195.57557849392916,-5.961691198481865,-231.37068932874575,-24.899052807969824,-23.09016983538138,-79.36028571867845,-1.389727161141293,26.223935681290925,1.3290336482371137,-24.2544411814346,-9.900287567092036,-9.35078010791699,-17.342266688056867
NCAR,CESM2-WACCM,r1i1p1f1,gn,ssp245,2036-03,2036,3,46.171592136566574,217.73997174504242,-29.215598999716253,-253.7521078458949,-33.82674977278255,-29.49757388029552,-82.3804666170802,52.34600267468988,199.48953926508008,-34.42371965033548,-236.7508496922062,-20.85710861632136,-20.373539266184096,-60.56967528527718,-6.174410538123304,18.250432479962342,5.208120650619225,-17.001258153688696,-12.96964115646119,-9.124034614111423,-21.810791331803024
NCAR,CESM2-WACCM,r1i1p1f1,gn,ssp245,2036-04,2036,4,125.61852429772377,248.17477573327648,-81.26861179117887,-279.88027804564655,-17.07187693458778,-20.359042483166277,-24.786509223579277,148.4263517975451,216.72984245488897,-100.49578385113533,-258.4648433761369,-13.984813605344282,-15.80226050010748,-23.59150708028995,-22.80782749982133,31.44493327838751,19.22717205995646,-21.415434669509636,-3.087063329243499,-4.556781983058798,-1.1950021432893259
NCAR,CESM2-WACCM,r1i1p1f1,gn,ssp245,2036-05,2036,5,203.28826421204832,279.58134791941444,-119.86914156036948,-307.1163089717828,-6.706339784636702,-16.25698658912602,32.920835225547734,230.97572059279568,260.9168771007636,-147.350178023134,-296.4210780752247,-8.42963842864043,-13.368998020843918,26.322705145716213,-27.687456380747363,18.66447081865084,27.481036462764507,-10.695230896558087,1.7232986440037283,-2.8879885682821005,6.59813007983152
NCAR,CESM2-WACCM,r1i1p1f1,gn,ssp245,2036-06,2036,6,205.24270360473835,304.65828758715367,-84.63288584715173,-321.9243793492035,-2.0266103275529694,-8.829098048078455,92.48801761990535,229.4053676740754,296.8800857108836,-116.00451780204455,-318.9062131313004,-4.049380336574811,-11.48764164916818,75.83770046587108,-24.16266406933704,7.778201876270089,31.37163195489282,-3.018166217903115,2.0227700090218415,2.6585436010897254,16.65031715403427
NCAR,CESM2-WACCM,r1i1p1f1,gn,ssp245,2036-07,2036,7,146.99131013533767,317.17625196738146,-31.318575930069056,-328.10652695751577,-1.2950379761782622,-6.508558655895659,96.93886258306034,167.28392393654957,309.3164516077261,-59.40260923806807,-324.12606880488454,-2.2717320425952057,-9.161909245871227,81.63805621285663,-20.2926138012119,7.859800359655367,28.08403330799901,-3.980458152631229,0.9766940664169435,2.6533505899755676,15.300806370203716
NCAR,CESM2-WACCM,r1i1p1f1,gn,ssp245,2036-08,2036,8,90.0290012039609,317.58208340429496,-11.456152767910737,-330.2164452437814,-1.2295980145540517,-7.485191883248065,57.223696698761614,106.60594156560862,307.0192301231463,-30.971484870242,-324.3886704459015,-3.1681999649659307,-11.50649087877609,43.59032552886945,-16.576940361647715,10.562853281148648,19.515332102331264,-5.827774797879897,1.938601950411879,4.021298995528024,13.633371169892165
NCAR,CESM2-WACCM,r1i1p1f1,gn,ssp245,2036-09,2036,9,46.87425815061076,304.34821591569306,-5.706698087303365,-327.5325008233215,-6.649410497267812,-18.37783003601555,-7.043965377604479,54.89830463739902,288.9866461711278,-16.49764968729072,-315.33848147263296,-9.098186561522688,-19.40690265700391,-16.456269569923517,-8.024046486788265,15.361569744565259,10.790951599987356,-12.194019350688563,2.4487760642548757,1.0290726209883623,9.412304192319038
NCAR,CESM2-WACCM,r1i1p1f1,gn,ssp245,2036-10,2036,10,14.925221743748901,276.1685437570277,-1.9629813819927036,-315.63828954798106,-19.0324893521162,-34.747032118487276,-80.2870268998006,15.9193122787883,256.89747343904895,-4.380194310946924,-291.697864388461,-19.062866206999274,-25.57814248566332,-67.90228167423336,-0.9940905350393994,19.27107031797874,2.4172129289542204,-23.940425159520032,0.03037685488307318,-9.168889632823955,-12.38474522556723
NCAR,CESM2-WACCM,r1i1p1f1,gn,ssp245,2036-11,2036,11,2.6084407513843564,257.40863749945333,-0.3605672231365098,-295.93428375081163,-23.255073986838283,-33.33817897507919,-92.87102568502792,2.5925275075676772,226.74750459235383,-0.5328379026360872,-264.97601499925315,-26.070306271323897,-26.466079860120846,-88.70520693341243,0.015913243816679135,30.6611329070995,0.17227067949957742,-30.958268751558478,2.8152322844856137,-6.872099114958342,-4.16581875161549
NCAR,CESM2-WACCM,r1i1p1f1,gn,ssp245,2036-12,2036,12,0.6190154794287287,240.22537464369623,-0.11921031037552164,-275.8140247754323,-27.544216033262387,-27.879244117324514,-90.51230511326979,0.6773264413565148,205.25541358021636,-0.21629244537056036,-244.35942714392272,-27.52562905630308,-25.26915405374307,-91.43776267776657,-0.058310961927786065,34.96996106347987,0.09708213499503872,-31.454597631509586,-0.018586976959305446,-2.6100900635814455,0.9254575644967815
NCAR,CESM2-WACCM,r1i1p1f1,gn,ssp245,2037-01,2037,1,1.5060787441067924,229.44961650782372,-0.5584839426870933,-263.53287833604537,-22.78280736707759,-22.087167827069784,-78.00564222094934,1.6579286852252568,196.20551484935447,-0.7660732495860045,-233.69317904034412,-26.446030144367764,-23.962358246853956,-87.00419714657214,-0.1518499411184644,33.24410165846925,0.2075893068989112,-29.83969929570125,3.663222777290173,1.8751904197841718,8.998554925622798
NCAR,CESM2-WACCM,r1i1p1f1,gn,ssp245,2037-02,2037,2,9.305731091370369,217.52345927637703,-4.722446610022141,-252.97928610139962,-31.52121256003848,-27.914207072435495,-90.30796197614833,10.385738957971206,195.57557849392916,-5.961691198481865,-231.37068932874575,-24.899052807969824,-23.09016983538138,-79.36028571867845,-1.0800078666008375,21.947880782447868,1.2392445884597239,-21.60859677265387,-6.622159752068658,-4.824037237054114,-10.94767625746988
NCAR,CESM2-WACCM,r1i1p1f1,gn,ssp245,2037-03,2037,3,45.66199377984557,224.03083927642632,-27.944397912670116,-255.87578234082434,-20.685896401727568,-20.056054632026196,-54.86929823097637,52.34600267468988,199.48953926508008,-34.42371965033548,-236.7508496922062,-20.85710861632136,-20.373539266184096,-60.56967528527718,-6.684008894844311,24.541300011346237,6.479321737665362,-19.12493264861814,0.17121221459379043,0.31748463415789985,5.700377054300809
NCAR,CESM2-WACCM,r1i1p1f1,gn,ssp245,2037-04,2037,4,129.9535714756999,242.84557499609886,-85.01127906446017,-276.33141920052157,-16.705785881007543,-18.090436038384137,-23.339773712574665,148.4263517975451,216.72984245488897,-100.49578385113533,-258.4648433761369,-13.984813605344282,-15.80226050010748,-23.59150708028995,-18.472780321845192,26.115732541209894,15.48450478667516,-17.866575824384654,-2.720972275663261,-2.2881755382766578,0.25173336771528554
NCAR,CESM2-WACCM,r1i1p1f1,gn,ssp245,2037-05,2037,5,205.3429271419259,278.4513683467433,-119.95631303390708,-305.4753101924843,-7.295011704253895,-12.989360545778535,38.078300012245464,230.97572059279568,260.9168771007636,-147.350178023134,-296.4210780752247,-8.42963842864043,-13.368998020843918,26.322705145716213,-25.63279345086977,17.534491245979723,27.393864989226913,-9.054232117259573,1.1346267243865356,0.37963747506538326,11.75559486652925
NCAR,CESM2-WACCM,r1i1p1f1,gn,ssp245,2037-06,2037,6,214.6436831050481,304.10788266910725,-82.20102572445347,-323.419402432489,-2.4997046777460596,-9.441965853226803,101.18946708624,229.4053676740754,296.8800857108836,-116.00451780204455,-318.9062131313004,-4.049380336574811,-11.48764164916818,75.83770046587108,-14.761684569027295,7.227796958223678,33.80349207759107,-4.513189301188618,1.5496756588287512,2.045675795941378,25.35176662036892
NCAR,CESM2-WACCM,r1i1p1f1,gn,ssp245,2037-07,2037,7,159.9946233381911,314.16168443529364,-33.60673267607709,-328.91552236332643,-1.944857629081371,-8.109169871020777,101.5800252339791,167.28392393654957,309.3164516077261,-59.40260923806807,-324.12606880488454,-2.2717320425952057,-9.161909245871227,81.63805621285663,-7.289300598358466,4.845232827567543,25.79587656199098,-4.789453558441892,0.3268744135138346,1.05273937485045,19.941969021122475
NCAR,CESM2-WACCM,r1i1p1f1,gn,ssp245,2037-08,2037,8,87.95546328911853,316.88863568652,-10.363666801351425,-330.92556132090374,-3.1451369887073928,-9.569883109257386,50.83985075541858,106.60594156560862,307.0192301231463,-30.971484870242,-324.3886704459015,-3.1681999649659307,-11.50649087877609,43.59032552886945,-18.65047827649009,9.869405563373675,20.607818068890577,-6.536890875002257,0.023062976258537926,1.9366077695187034,7.249525226549132
NCAR,CESM2-WACCM,r1i1p1f1,gn,ssp245,2037-09,2037,9,46.21216440203885,304.1214135319608,-5.4156634399923975,-327.7468156009604,-7.063511561869943,-19.620073061498918,-9.512485730322,54.89830463739902,288.9866461711278,-16.49764968729072,-315.33848147263296,-9.098186561522688,-19.40690265700391,-16.456269569923517,-8.68614023536017,15.134767360832996,11.081986247298325,-12.408334128327454,2.0346749996527453,-0.21317040449500624,6.943783839601517
NCAR,CESM2-WACCM,r1i1p1f1,gn,ssp245,2037-10,2037,10,15.11914023649362,282.27016166863086,-2.0315636348456563,-317.9089711746659,-13.521585050005129,-30.34344733223862,-66.41626528663087,15.9193122787883,256.89747343904895,-4.380194310946924,-291.697864388461,-19.062866206999274,-25.57814248566332,-67.90228167423336,-0.8001720422946814,25.37268822958191,2.3486306761012674,-26.21110678620488,5.541281156994145,-4.765304846575297,1.4860163876024899
NCAR,CESM2-WACCM,r1i1p1f1,gn,ssp245,2037-11,2037,11,2.5812482540921575,256.39649888119555,-0.3536664128215565,-296.2073543049618,-27.044146927183586,-33.890337598305955,-98.51775810798523,2.5925275075676772,226.74750459235383,-0.5328379026360872,-264.97601499925315,-26.070306271323897,-26.466079860120846,-88.70520693341243,-0.011279253475519724,29.64899428884172,0.17917148981453074,-31.231339305708673,-0.9738406558596893,-7.4242577381851085,-9.812551174572803
NCAR,CESM2-WACCM,r1i1p1f1,gn,ssp245,2037-12,2037,12,0.6079278394862536,235.74775019666652,-0.09611731844084777,-274.39027459424017,-27.228341509004817,-29.125984975362627,-94.48504036089571,0.6773264413565148,205.25541358021636,-0.21629244537056036,-244.35942714392272,-27.52562905630308,-25.26915405374307,-91.43776267776657,-0.06939860187026115,30.49233661645016,0.12017512692971259,-30.030847450317452,0.29728754729826434,-3.856830921619558,-3.0472776831291384
NCAR,CESM2-WACCM,r1i1p1f1,gn,ssp245,2038-01,2038,1,1.4440830872910486,220.7353908743504,-0.5317749205161777,-258.10643123697605,-30.713610207165303,-29.1219154261101,-96.29425782912617,1.6579286852252568,196.20551484935447,-0.7660732495860045,-233.69317904034412,-26.446030144367764,-23.962358246853956,-87.00419714657214,-0.2138455979342082,24.52987602499593,0.23429832906982684,-24.41325219663193,-4.267580062797538,-5.159557179256144,-9.290060682554028
NCAR,CESM2-WACCM,r1i1p1f1,gn,ssp245,2038-02,2038,2,8.92235405810487,209.97845546531084,-4.597618700901909,-248.84549711266948,-34.177470753345695,-28.680419033674344,-97.40019607717569,10.385738957971206,195.57557849392916,-5.961691198481865,-231.37068932874575,-24.899052807969824,-23.09016983538138,-79.36028571867845,-1.4633848998663357,14.402876971381687,1.364072497579956,-17.474807783923723,-9.278417945375871,-5.5902491982929625,-18.039910358497238
NCAR,CESM2-WACCM,r1i1p1f1,gn,ssp245,2038-03,2038,3,47.13089850364285,223.51402319310674,-29.452811880409403,-257.8291183094879,-25.121331723796324,-23.710527909078223,-65.46886812602227,52.34600267468988,199.48953926508008,-34.42371965033548,-236.7508496922062,-20.85710861632136,-20.373539266184096,-60.56967528527718,-5.215104171047031,24.024483928026655,4.970907769926075,-21.078268617281708,-4.264223107474965,-3.336988642894127,-4.899192840745094
NCAR,CESM2-WACCM,r1i1p1f1,gn,ssp245,2038-04,2038,4,126.49551459520342,252.24095752464464,-80.61114285836553,-281.58830877203167,-15.406388897317917,-16.38033675132925,-15.2497051591963,148.4263517975451,216.72984245488897,-100.49578385113533,-258.4648433761369,-13.984813605344282,-15.80226050010748,-23.59150708028995,-21.930837202341678,35.511115069755675,19.884640992769803,-23.123465395894755,-1.4215752919736353,-0.5780762512217699,8.341801921093651
NCAR,CESM2-WACCM,r1i1p1f1,gn,ssp245,2038-05,2038,5,201.25948434765525,285.32598453197164,-115.91453165429614,-309.5300830736191,-7.059003571971017,-12.452378815261907,41.62947176447874,230.97572059279568,260.9168771007636,-147.350178023134,-296.4210780752247,-8.42963842864043,-13.368998020843918,26.322705145716213,-29.716236245140436,24.409107431208042,31.43564636883785,-13.109004998394369,1.3706348566694135,0.9166192055820108,15.306766618762524
NCAR,CESM2-WACCM,r1i1p1f1,gn,ssp245,2038-06,2038,6,195.78765270152238,309.4386664400613,-76.25181682363137,-323.28141562983075,-4.034373136643071,-9.2908213949177,92.36789215656076,229.4053676740754,296.8800857108836,-116.00451780204455,-318.9062131313004,-4.049380336574811,-11.48764164916818,75.83770046587108,-33.61771497255302,12.55858072917772,39.75270097841317,-4.375202498530371,0.015007199931740267,2.196820254250481,16.530191690689676
NCAR,CESM2-WACCM,r1i1p1f1,gn,ssp245,2038-07,2038,7,148.80681639523465,317.2762386424132,-30.74539862708652,-328.6528721137108,-1.0968822263037146,-6.041202817706342,99.54669925284045,167.28392393654957,309.3164516077261,-59.40260923806807,-324.12606880488454,-2.2717320425952057,-9.161909245871227,81.63805621285663,-18.477107541314922,7.9597870346871105,28.657210610981547,-4.526803308826288,1.174849816291491,3.120706428164885,17.90864303998383
NCAR,CESM2-WACCM,r1i1p1f1,gn,ssp245,2038-08,2038,8,91.92736754856786,317.0210520943587,-11.902689602856826,-330.5979802111283,-3.1325210931596374,-8.892952412943089,54.422276322838755,106.60594156560862,307.0192301231463,-30.971484870242,-324.3886704459015,-3.1681999649659307,-11.50649087877609,43.59032552886945,-14.67857401704076,10.001821971212394,19.068795267385177,-6.209309765226806,0.035678871806293255,2.6135384658330008,10.831950793969305
NCAR,CESM2-WACCM,r1i1p1f1,gn,ssp245,2038-09,2038,9,46.07190829142566,304.03933754342296,-5.12779989143805,-327.72894244972036,-7.240418396341217,-20.857004422260434,-10.842919324911442,54.89830463739902,288.9866461711278,-16.49764968729072,-315.33848147263296,-9.098186561522688,-19.40690265700391,-16.456269569923517,-8.826396345973365,15.052691372295158,11.369849795852671,-12.3904609770874,1.8577681651814713,-1.4501017652565231,5.613350245012075
NCAR,CESM2-WACCM,r1i1p1f1,gn,ssp245,2038-10,2038,10,13.785195131787702,286.72074619005866,-1.7178435573720772,-318.0222442893659,-13.154016391613792,-26.616578446140604,-59.00474136264603,15.9193122787883,256.89747343904895,-4.380194310946924,-291.697864388461,-19.062866206999274,-25.57814248566332,-67.90228167423336,-2.134117147000598,29.82327275100971,2.6623507535748465,-26.324379900904887,5.908849815385482,-1.0384359604772833,8.897540311587335
NCAR,CESM2-WACCM,r1i1p1f1,gn,ssp245,2038-11,2038,11,2.49296188260606,266.7371670813801,-0.3258837085800315,-301.7164949731984,-19.927393968710703,-29.044325152626566,-81.78396883912954,2.5925275075676772,226.74750459235383,-0.5328379026360872,-264.97601499925315,-26.070306271323897,-26.466079860120846,-88.70520693341243,-0.09956562496161725,39.98966248902627,0.2069541940560557,-36.74047997394524,6.142912302613194,-2.57824529250572,6.921238094282884
NCAR,CESM2-WACCM,r1i1p1f1,gn,ssp245,2038-12,2038,12,0.6032842147652963,241.74122011654924,-0.0838403777152549,-278.97826434774254,-24.639175146567606,-24.74458967938879,-86.10136522009967,0.6773264413565148,205.25541358021636,-0.21629244537056036,-244.35942714392272,-27.52562905630308,-25.26915405374307,-91.43776267776657,-0.07404222659121851,36.48580653633289,0.13245206765530546,-34.61883720381982,2.8864539097354758,0.5245643743542807,5.336397457666905
NCAR,CESM2-WACCM,r1i1p1f1,gn,ssp245,2039-01,2039,1,1.4506603702876792,214.21148464058652,-0.490586060205531,-255.2904578635957,-31.944836969535025,-29.70875932035941,-101.77249520282146,1.6579286852252568,196.20551484935447,-0.7660732495860045,-233.69317904034412,-26.446030144367764,-23.962358246853956,-87.00419714657214,-0.20726831493757758,18.005969791232047,0.2754871893804735,-21.59727882325157,-5.498806825167261,-5.746401073505453,-14.768298056249321
NCAR,CESM2-WACCM,r1i1p1f1,gn,ssp245,2039-02,2039,2,8.748952230130332,217.16351049358386,-4.547291457869218,-251.62607129689505,-30.845715097161193,-26.56561540213298,-87.67223053034425,10.385738957971206,195.57557849392916,-5.961691198481865,-231.37068932874575,-24.899052807969824,-23.09016983538138,-79.36028571867845,-1.6367867278408745,21.5879319996547,1.4143997406126472,-20.255381968149294,-5.946662289191369,-3.475445566751599,-8.311944811665796
NCAR,CESM2-WACCM,r1i1p1f1,gn,ssp245,2039-03,2039,3,45.283058257433616,231.7281079629669,-26.810358547996497,-263.08681380017816,-19.674186431856246,-22.473031738995843,-55.03322429862621,52.34600267468988,199.48953926508008,-34.42371965033548,-236.7508496922062,-20.85710861632136,-20.373539266184096,-60.56967528527718,-7.062944417256261,32.23856869788682,7.613361102338981,-26.33596410797196,1.182922184465113,-2.099492472811747,5.536450986650969
NCAR,CESM2-WACCM,r1i1p1f1,gn,ssp245,2039-04,2039,4,130.03654456696157,242.593555346607,-83.4371456621907,-276.29788998456627,-15.803127110550772,-17.394494342800492,-20.30255718653969,148.4263517975451,216.72984245488897,-100.49578385113533,-258.4648433761369,-13.984813605344282,-15.80226050010748,-23.59150708028995,-18.38980723058353,25.863712891718023,17.058638188944627,-17.833046608429356,-1.8183135052064898,-1.5922338426930125,3.28894989375026
NCAR,CESM2-WACCM,r1i1p1f1,gn,ssp245,2039-05,2039,5,202.43055593534763,280.2887521724527,-121.59836710069511,-306.2374689417343,-6.846442940529369,-13.477874628279155,34.559154496562414,230.97572059279568,260.9168771007636,-147.350178023134,-296.4210780752247,-8.42963842864043,-13.368998020843918,26.322705145716213,-28.545164657448055,19.37187507168909,25.751810922438878,-9.81639086650955,1.5831954881110617,-0.10887660743523675,8.2364493508462
NCAR,CESM2-WACCM,r1i1p1f1,gn,ssp245,2039-06,2039,6,203.25347139409732,303.2775995406517,-96.08802198196392,-320.8125121908901,-4.401168818452276,-11.667166374627262,73.56220156881538,229.4053676740754,296.8800857108836,-116.00451780204455,-318.9062131313004,-4.049380336574811,-11.48764164916818,75.83770046587108,-26.151896279978075,6.397513829768116,19.916495820080627,-1.9062990595897418,-0.35178848187746503,-0.17952472545908194,-2.275498897055698
NCAR,CESM2-WACCM,r1i1p1f1,gn,ssp245,2039-07,2039,7,148.40963403344696,315.3188040307236,-39.234640375370134,-326.3084714244202,-1.4339482340739809,-7.441434483325667,89.30994354698055,167.28392393654957,309.3164516077261,-59.40260923806807,-324.12606880488454,-2.2717320425952057,-9.161909245871227,81.63805621285663,-18.874289903102607,6.00235242299749,20.167968862697933,-2.182402619535651,0.8377838085212248,1.7204747625455603,7.671887334123923
NCAR,CESM2-WACCM,r1i1p1f1,gn,ssp245,2039-08,2039,8,92.8831315009955,314.71465387258166,-13.014428506427441,-328.33588885721935,-2.4140966229379224,-8.387710052070744,55.44566133492168,106.60594156560862,307.0192301231463,-30.971484870242,-324.3886704459015,-3.1681999649659307,-11.50649087877609,43.59032552886945,-13.722810064613114,7.695423749435349,17.95705636381456,-3.9472184113178628,0.7541033420280083,3.118780826705345,11.855335806052231
NCAR,CESM2-WACCM,r1i1p1f1,gn,ssp245,2039-09,2039,9,46.509746958205184,303.0638957636706,-5.672816663238408,-325.46615647354116,-7.448791019823594,-18.818029233099324,-7.832150667826689,54.89830463739902,288.9866461711278,-16.49764968729072,-315.33848147263296,-9.098186561522688,-19.40690265700391,-16.456269569923517,-8.388557679193838,14.077249592542785,10.824833024052314,-10.127675000908198,1.6493955416990937,0.5888734239045874,8.624118902096829
NCAR,CESM2-WACCM,r1i1p1f1,gn,ssp245,2039-10,2039,10,14.149594921654138,283.42618735329995,-1.8246253891781625,-315.24753209522805,-15.802122477613597,-29.188081669977414,-64.48657935704315,15.9193122787883,256.89747343904895,-4.380194310946924,-291.697864388461,-19.062866206999274,-25.57814248566332,-67.90228167423336,-1.7697173571341622,26.528713914251,2.555568921768761,-23.549667706767025,3.260743729385677,-3.6099391843140936,3.4157023171902097
NCAR,CESM2-WACCM,r1i1p1f1,gn,ssp245,2039-11,2039,11,2.6101945565944895,255.39032188864323,-0.33830706301655367,-292.65039199412973,-21.19386802279681,-26.814765361274915,-82.99681599598026,2.5925275075676772,226.74750459235383,-0.5328379026360872,-264.97601499925315,-26.070306271323897,-26.466079860120846,-88.70520693341243,0.017667049026812265,28.642817296289394,0.19453083961953355,-27.67437699487658,4.876438248527087,-0.34868550115406904,5.708390937432171
NCAR,CESM2-WACCM,r1i1p1f1,gn,ssp245,2039-12,2039,12,0.5853151134450921,239.9829897253207,-0.08146615044461376,-275.51611071413674,-25.181524707426682,-25.09098540772075,-85.30178214096301,0.6773264413565148,205.25541358021636,-0.21629244537056036,-244.35942714392272,-27.52562905630308,-25.26915405374307,-91.43776267776657,-0.09201132791142264,34.72757614510434,0.1348262949259466,-31.156683570214028,2.3441043488763995,0.17816864602231774,6.135980536803558
NCAR,CESM2-WACCM,r1i1p1f1,gn,ssp245,2040-01,2040,1,1.5712045014342242,224.71786223064512,-0.6254630179600829,-259.6723966009368,-30.15848258037626,-25.799500823032762,-89.96677629022652,1.6579286852252568,196.20551484935447,-0.7660732495860045,-233.69317904034412,-26.446030144367764,-23.962358246853956,-87.00419714657214,-0.08672418379103264,28.512347381290652,0.14061023162592168,-25.979217560592673,-3.712452436008494,-1.837142576178806,-2.9625791436543807
NCAR,CESM2-WACCM,r1i1p1f1,gn,ssp245,2040-02,2040,2,9.438679849867135,220.93127958557378,-4.808661555598256,-255.33865076530705,-25.03362186342099,-23.306498060061546,-78.11747280894694,10.385738957971206,195.57557849392916,-5.961691198481865,-231.37068932874575,-24.899052807969824,-23.09016983538138,-79.36028571867845,-0.9470591081040709,25.35570109164462,1.1530296428836087,-23.967961436561296,-0.13456905545116626,-0.216328224680165,1.2428129097315121
NCAR,CESM2-WACCM,r1i1p1f1,gn,ssp245,2040-03,2040,3,48.475292792881625,212.91182088847052,-30.078315283593973,-248.4942172839166,-21.81300707964415,-19.995795393755227,-58.99422135955781,52.34600267468988,199.48953926508008,-34.42371965033548,-236.7508496922062,-20.85710861632136,-20.373539266184096,-60.56967528527718,-3.870709881808253,13.422281623390433,4.345404366741505,-11.74336759171041,-0.9558984633227929,0.3777438724288693,1.5754539257193656
NCAR,CESM2-WACCM,r1i1p1f1,gn,ssp245,2040-04,2040,4,132.1789449305825,241.21468501499476,-86.83265090115798,-273.89089401495374,-13.800580399134207,-15.313714116384682,-16.444209486053392,148.4263517975451,216.72984245488897,-100.49578385113533,-258.4648433761369,-13.984813605344282,-15.80226050010748,-23.59150708028995,-16.247406866962592,24.48484256010579,13.663132949977353,-15.426050638816832,0.18423320621007555,0.488546383722797,7.147297594236559
NCAR,CESM2-WACCM,r1i1p1f1,gn,ssp245,2040-05,2040,5,199.4799622351159,282.69123001173836,-116.99377565669724,-307.2420625197147,-10.777943265048647,-16.903642256145865,30.253768549247802,230.97572059279568,260.9168771007636,-147.350178023134,-296.4210780752247,-8.42963842864043,-13.368998020843918,26.322705145716213,-31.49575835767979,21.774352910974756,30.356402366436754,-10.820984444489966,-2.348304836408216,-3.534644235301947,3.9310634035315886
NCAR,CESM2-WACCM,r1i1p1f1,gn,ssp245,2040-06,2040,6,207.3176251539115,305.1988262313887,-83.83455564414662,-322.44933920595037,-1.7765134854833593,-7.758821821826105,96.69722122789376,229.4053676740754,296.8800857108836,-116.00451780204455,-318.9062131313004,-4.049380336574811,-11.48764164916818,75.83770046587108,-22.087742520163886,8.318740520505116,32.16996215789793,-3.54312607464999,2.2728668510914516,3.7288198273420754,20.859520762022683
NCAR,CESM2-WACCM,r1i1p1f1,gn,ssp245,2040-07,2040,7,147.68277552185862,318.51773028235993,-30.92559526235125,-328.7961560570733,-0.5525419560972847,-5.497106494355654,100.42910603434109,167.28392393654957,309.3164516077261,-59.40260923806807,-324.12606880488454,-2.2717320425952057,-9.161909245871227,81.63805621285663,-19.601148414690954,9.20127867463384,28.477013975716815,-4.67008725218875,1.719190086497921,3.664802751515573,18.791049821484464
NCAR,CESM2-WACCM,r1i1p1f1,gn,ssp245,2040-08,2040,8,91.61929236781693,316.9939089755498,-11.114341561782227,-330.41085058701924,-1.785850587147947,-8.877258259057593,56.42490034835971,106.60594156560862,307.0192301231463,-30.971484870242,-324.3886704459015,-3.1681999649659307,-11.50649087877609,43.59032552886945,-14.986649197791692,9.974678852403486,19.857143308459776,-6.022180141117758,1.3823493778179836,2.629232619718497,12.834574819490257
NCAR,CESM2-WACCM,r1i1p1f1,gn,ssp245,2040-09,2040,9,47.376550332598775,304.04375863157526,-5.507442424158793,-327.4895294516342,-6.488038506238486,-18.81040167517935,-6.875103093036831,54.89830463739902,288.9866461711278,-16.49764968729072,-315.33848147263296,-9.098186561522688,-19.40690265700391,-16.456269569923517,-7.521754304800247,15.057112460447456,10.990207263131929,-12.151047979001248,2.610148055284202,0.5965009818245619,9.581166476886686
NCAR,CESM2-WACCM,r1i1p1f1,gn,ssp245,2040-10,2040,10,14.325712417222867,283.33974429293414,-1.8045770606261224,-317.2711218401168,-14.758847634869625,-29.70156492954143,-65.87065475499696,15.9193122787883,256.89747343904895,-4.380194310946924,-291.697864388461,-19.062866206999274,-25.57814248566332,-67.90228167423336,-1.5935998615654334,26.44227085388519,2.5756172503208012,-25.573257451655763,4.3040185721296496,-4.123422443878109,2.031626919236402
NCAR,CESM2-WACCM,r1i1p1f1,gn,ssp245,2040-11,2040,11,2.6206216669513984,255.50993747925216,-0.32784068815772566,-295.0456673630515,-28.08159439199965,-36.58160176070208,-101.90614505770742,2.5925275075676772,226.74750459235383,-0.5328379026360872,-264.97601499925315,-26.070306271323897,-26.466079860120846,-88.70520693341243,0.028094159383721173,28.762432886898324,0.20499721447836156,-30.069652363798355,-2.0112881206757542,-10.115521900581232,-13.200938124294993
NCAR,CESM2-WACCM,r1i1p1f1,gn,ssp245,2040-12,2040,12,0.6181623074961632,236.082866710803,-0.08302100014646442,-274.4793435916177,-23.860326299782038,-25.31874862902243,-87.04041050226947,0.6773264413565148,205.25541358021636,-0.21629244537056036,-244.35942714392272,-27.52562905630308,-25.26915405374307,-91.43776267776657,-0.059164133860351575,30.827453130586633,0.13327144522409595,-30.119916447694976,3.6653027565210436,-0.04959457527936095,4.3973521754971046
NCAR,CESM2-WACCM,r1i1p1f1,gn,ssp245,2041-01,2041,1,1.4880027637005053,217.2800687321985,-0.5104256303909817,-256.0654237855573,-26.198073883144172,-23.793944205895414,-87.79979600908888,1.6579286852252568,196.20551484935447,-0.7660732495860045,-233.69317904034412,-26.446030144367764,-23.962358246853956,-87.00419714657214,-0.1699259215247515,21.074553882844015,0.2556476191950229,-22.37224474521318,0.24795626122359238,0.16841404095854173,-0.7955988625167407
NCAR,CESM2-WACCM,r1i1p1f1,gn,ssp245,2041-02,2041,2,9.54892069185915,214.90391657119577,-4.969130792173538,-249.07976784842475,-24.6014276210012,-21.75982966784942,-75.957318666394,10.385738957971206,195.57557849392916,-5.961691198481865,-231.37068932874575,-24.899052807969824,-23.09016983538138,-79.36028571867845,-0.836818266112056,19.328338077266608,0.9925604063083266,-17.709078519678997,0.2976251869686237,1.3303401675319613,3.4029670522844526
NCAR,CESM2-WACCM,r1i1p1f1,gn,ssp245,2041-03,2041,3,46.93906458873138,215.36360837043162,-30.205897992348756,-249.88430936016877,-23.447297444858524,-20.198148643454434,-61.4329804816675,52.34600267468988,199.48953926508008,-34.42371965033548,-236.7508496922062,-20.85710861632136,-20.373539266184096,-60.56967528527718,-5.406938085958501,15.874069105351538,4.217821657986722,-13.133459667962569,-2.5901888285371655,0.17539062272966177,-0.8633051963903213
NCAR,CESM2-WACCM,r1i1p1f1,gn,ssp245,2041-04,2041,4,128.8850207688161,246.47649614092595,-84.32359448014526,-277.5209478300869,-16.555383023722676,-19.081503042939477,-22.119911467152345,148.4263517975451,216.72984245488897,-100.49578385113533,-258.4648433761369,-13.984813605344282,-15.80226050010748,-23.59150708028995,-19.54133102872899,29.74665368603698,16.17218937099007,-19.056104453950013,-2.570569418378394,-3.279242542831998,1.4715956131376053
NCAR,CESM2-WACCM,r1i1p1f1,gn,ssp245,2041-05,2041,5,209.80522403653683,278.6885583396555,-124.29310297407832,-306.7591525500646,-7.49366043665269,-14.183070909643998,35.764795505752744,230.97572059279568,260.9168771007636,-147.350178023134,-296.4210780752247,-8.42963842864043,-13.368998020843918,26.322705145716213,-21.170496556258854,17.771681238891915,23.05707504905567,-10.338074474839857,0.9359779919877402,-0.8140728888000801,9.44209036003653
NCAR,CESM2-WACCM,r1i1p1f1,gn,ssp245,2041-06,2041,6,212.1266352864436,302.7404892077754,-93.01179689226444,-321.6524507257723,-0.5805344936762474,-10.114559348236014,89.50778303426992,229.4053676740754,296.8800857108836,-116.00451780204455,-318.9062131313004,-4.049380336574811,-11.48764164916818,75.83770046587108,-17.278732387631806,5.86040349689182,22.992720909780104,-2.7462375944719497,3.4688458428985633,1.3730823009321664,13.67008256839884
NCAR,CESM2-WACCM,r1i1p1f1,gn,ssp245,2041-07,2041,7,160.74137782115432,313.6219184982307,-39.76174145636432,-327.46423938177554,-0.928569710113562,-7.29118507784932,98.9175606932822,167.28392393654957,309.3164516077261,-59.40260923806807,-324.12606880488454,-2.2717320425952057,-9.161909245871227,81.63805621285663,-6.542546115395254,4.30546689050459,19.640867781703747,-3.3381705768910024,1.3431623324816435,1.8707241680219067,17.279504480425572
NCAR,CESM2-WACCM,r1i1p1f1,gn,ssp245,2041-08,2041,8,91.43369276235953,317.0526705836558,-12.45868305332092,-329.9870384003708,-0.8915914335189297,-5.979350461613281,59.1696999971914,106.60594156560862,307.0192301231463,-30.971484870242,-324.3886704459015,-3.1681999649659307,-11.50649087877609,43.59032552886945,-15.17224880324909,10.033440460509496,18.512801816921083,-5.598367954469325,2.276608531447001,5.5271404171628085,15.579374468321951
NCAR,CESM2-WACCM,r1i1p1f1,gn,ssp245,2041-09,2041,9,48.72815936015238,300.10291483031057,-6.310179904192112,-326.2413806600957,-5.994320488701269,-19.22910488643892,-8.943911748965014,54.89830463739902,288.9866461711278,-16.49764968729072,-315.33848147263296,-9.098186561522688,-19.40690265700391,-16.456269569923517,-6.17014527724664,11.116268659182765,10.18746978309861,-10.902899187462708,3.103866072821419,0.17779777056499313,7.512357820958503
NCAR,CESM2-WACCM,r1i1p1f1,gn,ssp245,2041-10,2041,10,14.60469232051048,282.9169942503447,-2.0034731658270544,-315.593027499948,-15.682242576953024,-29.658259656402972,-65.41531632827586,15.9193122787883,256.89747343904895,-4.380194310946924,-291.697864388461,-19.062866206999274,-25.57814248566332,-67.90228167423336,-1.3146199582778202,26.019520811295763,2.3767211451198693,-23.895163111486966,3.3806236300462498,-4.080117170739651,2.4869653459575005
NCAR,CESM2-WACCM,r1i1p1f1,gn,ssp245,2041-11,2041,11,2.4710717502602506,263.05113365533873,-0.3379027511152343,-296.7819743920638,-25.093467615821705,-31.478247668195923,-88.16938702159764,2.5925275075676772,226.74750459235383,-0.5328379026360872,-264.97601499925315,-26.070306271323897,-26.466079860120846,-88.70520693341243,-0.12145575730742664,36.303629062984896,0.1949351515208529,-31.80595939281062,0.976838655502192,-5.012167808075077,0.5358199118147837
NCAR,CESM2-WACCM,r1i1p1f1,gn,ssp245,2041-12,2041,12,0.5687930623485838,232.6037455157447,-0.09038334790611968,-270.5658421957466,-31.06943825475176,-28.86209261009921,-97.4152178304104,0.6773264413565148,205.25541358021636,-0.21629244537056036,-244.35942714392272,-27.52562905630308,-25.26915405374307,-91.43776267776657,-0.10853337900793092,27.348331935528336,0.12590909746444068,-26.206415051823882,-3.5438091984486775,-3.592938556356142,-5.977455152643827
NCAR,CESM2-WACCM,r1i1p1f1,gn,ssp245,2042-01,2042,1,1.4728130686763503,229.80420946738644,-0.572025500404709,-263.3425378125311,-28.9833658607413,-27.802461313896497,-89.42336795151081,1.6579286852252568,196.20551484935447,-0.7660732495860045,-233.69317904034412,-26.446030144367764,-23.962358246853956,-87.00419714657214,-0.18511561654890651,33.59869461803197,0.19404774918129553,-29.649358772186957,-2.537335716373537,-3.8401030670425413,-2.4191708049386733
NCAR,CESM2-WACCM,r1i1p1f1,gn,ssp245,2042-02,2042,2,9.772290120274198,200.9370111431166,-5.305525804935737,-241.88276058646974,-34.98718543468406,-32.768449456245996,-104.23462001894475,10.385738957971206,195.57557849392916,-5.961691198481865,-231.37068932874575,-24.899052807969824,-23.09016983538138,-79.36028571867845,-0.6134488376970086,5.361432649187435,0.6561653935461278,-10.512071257723989,-10.088132626714234,-9.678279620864615,-24.874334300266298
NCAR,CESM2-WACCM,r1i1p1f1,gn,ssp245,2042-03,2042,3,46.520804233593005,232.51206889769952,-27.968621588351265,-262.35963577930016,-17.24861863432582,-18.143084211382668,-46.68708708206736,52.34600267468988,199.48953926508008,-34.42371965033548,-236.7508496922062,-20.85710861632136,-20.373539266184096,-60.56967528527718,-5.825198441096873,33.02252963261944,6.455098061984213,-25.60878608709396,3.6084899819955396,2.2304550548014284,13.88258820320982
NCAR,CESM2-WACCM,r1i1p1f1,gn,ssp245,2042-04,2042,4,130.68462375065354,243.05735899872596,-84.08084982320338,-276.82309959657084,-15.990162981147519,-18.549064957291687,-21.701194608833895,148.4263517975451,216.72984245488897,-100.49578385113533,-258.4648433761369,-13.984813605344282,-15.80226050010748,-23.59150708028995,-17.741728046891552,26.327516543836992,16.41493402793195,-18.35825622043393,-2.0053493758032364,-2.746804457184208,1.8903124714560562
NCAR,CESM2-WACCM,r1i1p1f1,gn,ssp245,2042-05,2042,5,201.79320130222766,283.1640705417897,-115.0203977731121,-309.99551630366705,-8.156586775736326,-15.674960280656155,36.10981071084575,230.97572059279568,260.9168771007636,-147.350178023134,-296.4210780752247,-8.42963842864043,-13.368998020843918,26.322705145716213,-29.182519290568024,22.247193441026127,32.3297802500219,-13.574438228442318,0.2730516529041047,-2.3059622598122367,9.787105565129536
NCAR,CESM2-WACCM,r1i1p1f1,gn,ssp245,2042-06,2042,6,208.92633654013585,303.20027605776863,-87.21414915349915,-322.0892387213363,-4.448138276188708,-11.352194971375788,87.02289147550454,229.4053676740754,296.8800857108836,-116.00451780204455,-318.9062131313004,-4.049380336574811,-11.48764164916818,75.83770046587108,-20.479031133939543,6.320190346885056,28.790368648545396,-3.183025590035925,-0.3987579396138967,0.13544667779239283,11.185191009633456
NCAR,CESM2-WACCM,r1i1p1f1,gn,ssp245,2042-07,2042,7,145.75079841929337,316.0762732414989,-35.883212923220455,-327.46682262823475,-3.2361458233552787,-8.5245186199959,86.71637166598589,167.28392393654957,309.3164516077261,-59.40260923806807,-324.12606880488454,-2.2717320425952057,-9.161909245871227,81.63805621285663,-21.533125517256195,6.759821633772788,23.51939631484761,-3.3407538233502123,-0.964413780760073,0.6373906258753266,5.078315453129264
NCAR,CESM2-WACCM,r1i1p1f1,gn,ssp245,2042-08,2042,8,91.88968513892095,313.7923605817548,-13.711517556951994,-328.9057008464093,-3.1612681274152608,-11.242053148309363,48.661506041589874,106.60594156560862,307.0192301231463,-30.971484870242,-324.3886704459015,-3.1681999649659307,-11.50649087877609,43.59032552886945,-14.716256426687664,6.7731304586084775,17.259967313290005,-4.517030400507792,0.00693183755066995,0.26443773046672625,5.071180512720424
NCAR,CESM2-WACCM,r1i1p1f1,gn,ssp245,2042-09,2042,9,48.38896682734613,299.9521284141988,-7.4117842738461155,-324.4772266976173,-6.087454724177862,-20.00400284801235,-9.639373302108757,54.89830463739902,288.9866461711278,-16.49764968729072,-315.33848147263296,-9.098186561522688,-19.40690265700391,-16.456269569923517,-6.509337810052891,10.965482243070994,9.085865413444605,-9.138745224984348,3.010731837344826,-0.5971001910084404,6.81689626781476
NCAR,CESM2-WACCM,r1i1p1f1,gn,ssp245,2042-10,2042,10,13.714490235130246,285.37803743732866,-2.0094193547197294,-313.74085179645044,-14.191014441847411,-24.577782604844234,-55.42654052540291,15.9193122787883,256.89747343904895,-4.380194310946924,-291.697864388461,-19.062866206999274,-25.57814248566332,-67.90228167423336,-2.204822043658055,28.480563998279706,2.3707749562271943,-22.042987407989415,4.871851765151863,1.0003598808190866,12.475741148830451
NCAR,CESM2-WACCM,r1i1p1f1,gn,ssp245,2042-11,2042,11,2.5276939438021935,261.43688631325637,-0.3403980474576872,-296.27891279621184,-22.115807652660674,-29.56690087335296,-84.33743911262462,2.5925275075676772,226.74750459235383,-0.5328379026360872,-264.97601499925315,-26.070306271323897,-26.466079860120846,-88.70520693341243,-0.06483356376548377,34.68938172090253,0.1924398551784,-31.30289779695869,3.954498618663223,-3.100821013232114,4.367767820787805
NCAR,CESM2-WACCM,r1i1p1f1,gn,ssp245,2042-12,2042,12,0.5667388211185024,238.22191809636462,-0.10185003846291416,-274.94292629422523,-27.88514313003196,-28.467719140763737,-92.60898168600073,0.6773264413565148,205.25541358021636,-0.21629244537056036,-244.35942714392272,-27.52562905630308,-25.26915405374307,-91.43776267776657,-0.11058762023801239,32.96650451614826,0.1144424069076462,-30.583499150302515,-0.359514073728878,-3.1985650870206683,-1.1712190082341607
NCAR,CESM2-WACCM,r1i1p1f1,gn,ssp245,2043-01,2043,1,1.4211354830589222,227.10535924873057,-0.5311020621749049,-262.1466142189519,-28.36386513047715,-26.943634019834523,-89.45872069964902,1.6579286852252568,196.20551484935447,-0.7660732495860045,-233.69317904034412,-26.446030144367764,-23.962358246853956,-87.00419714657214,-0.2367932021663346,30.899844399376093,0.23497118741109968,-28.453435178607805,-1.917834986109387,-2.981275772980567,-2.454523553076882
NCAR,CESM2-WACCM,r1i1p1f1,gn,ssp245,2043-02,2043,2,9.079179487955004,228.50083170834114,-4.438513999460045,-259.9402520410853,-19.749806596555455,-19.234983104431464,-65.7835445452361,10.385738957971206,195.57557849392916,-5.961691198481865,-231.37068932874575,-24.899052807969824,-23.09016983538138,-79.36028571867845,-1.306559470016202,32.92525321441198,1.52317719902182,-28.56956271233952,5.1492462114143684,3.8551867309499173,13.576741173442358
NCAR,CESM2-WACCM,r1i1p1f1,gn,ssp245,2043-03,2043,3,46.18939706212928,239.4157798668617,-26.712839586091267,-267.8682625021825,-14.814754613134916,-16.77731421845404,-40.56799399087174,52.34600267468988,199.48953926508008,-34.42371965033548,-236.7508496922062,-20.85710861632136,-20.373539266184096,-60.56967528527718,-6.156605612560597,39.926240601781615,7.710880064244211,-31.117412809976315,6.042354003186443,3.596225047730055,20.001681294405437
NCAR,CESM2-WACCM,r1i1p1f1,gn,ssp245,2043-04,2043,4,128.0738098643466,245.2164491190364,-80.93462305445158,-278.054421582275,-16.464518469356214,-17.417092973626676,-19.580397096326468,148.4263517975451,216.72984245488897,-100.49578385113533,-258.4648433761369,-13.984813605344282,-15.80226050010748,-23.59150708028995,-20.352541933198495,28.486606664147445,19.56116079668375,-19.58957820613807,-2.479704864011932,-1.614832473519197,4.0111099839634825
NCAR,CESM2-WACCM,r1i1p1f1,gn,ssp245,2043-05,2043,5,203.36264227220875,280.3167948549258,-116.87495531345624,-307.5816427549581,-8.784445678495198,-15.585964195400292,34.85242918482469,230.97572059279568,260.9168771007636,-147.350178023134,-296.4210780752247,-8.42963842864043,-13.368998020843918,26.322705145716213,-27.613078320586936,19.399917754162175,30.47522270967775,-11.160564679733397,-0.3548072498547672,-2.216966174556374,8.52972403910848
NCAR,CESM2-WACCM,r1i1p1f1,gn,ssp245,2043-06,2043,6,205.11049354303233,304.7534198913607,-83.06282333536014,-323.26476467312676,-2.9388170046747426,-10.888804774940306,89.70870364629106,229.4053676740754,296.8800857108836,-116.00451780204455,-318.9062131313004,-4.049380336574811,-11.48764164916818,75.83770046587108,-24.29487413104306,7.873334180477116,32.94169446668441,-4.358551541826387,1.1105633319000683,0.5988368742278745,13.871003180419976
NCAR,CESM2-WACCM,r1i1p1f1,gn,ssp245,2043-07,2043,7,161.66193847849698,316.2782554856525,-36.31373201346486,-329.6586328286246,-0.4862576397136549,-5.559315821558271,105.92225566078805,167.28392393654957,309.3164516077261,-59.40260923806807,-324.12606880488454,-2.2717320425952057,-9.161909245871227,81.63805621285663,-5.621985458052592,6.9618038779264,23.08887722460321,-5.532564023740065,1.7854744028815508,3.602593424312956,24.284199447931428
NCAR,CESM2-WACCM,r1i1p1f1,gn,ssp245,2043-08,2043,8,96.20911254718399,318.46706847155434,-13.067267658299452,-332.14934729563754,-1.4351687627896053,-6.892503655345518,61.131893646666256,106.60594156560862,307.0192301231463,-30.971484870242,-324.3886704459015,-3.1681999649659307,-11.50649087877609,43.59032552886945,-10.396829018424626,11.447838348408027,17.90421721194255,-7.760676849736058,1.7330312021763254,4.613987223430572,17.541568117796807
NCAR,CESM2-WACCM,r1i1p1f1,gn,ssp245,2043-09,2043,9,48.272433585769704,303.0982147490822,-6.094103206897878,-328.20671839844607,-5.752959777934224,-19.25837352401563,-7.941506572441904,54.89830463739902,288.9866461711278,-16.49764968729072,-315.33848147263296,-9.098186561522688,-19.40690265700391,-16.456269569923517,-6.625871051629318,14.111568577954415,10.403546480392844,-12.868236925813108,3.3452267835884637,0.14852913298827985,8.514762997481613
NCAR,CESM2-WACCM,r1i1p1f1,gn,ssp245,2043-10,2043,10,14.942503158829625,280.1781678233403,-2.075138057684116,-315.4766389374308,-15.850387505185788,-33.0555676161362,-71.33706113426695,15.9193122787883,256.89747343904895,-4.380194310946924,-291.697864388461,-19.062866206999274,-25.57814248566332,-67.90228167423336,-0.9768091199586753,23.280694384291337,2.3050562532628076,-23.77877454896975,3.2124787018134864,-7.477425130472881,-3.4347794600335817
NCAR,CESM2-WACCM,r1i1p1f1,gn,ssp245,2043-11,2043,11,2.4243534694403115,265.87185545909034,-0.31889739468695466,-298.26850464345983,-20.343531214882766,-26.908007616546463,-77.54273194104536,2.5925275075676772,226.74750459235383,-0.5328379026360872,-264.97601499925315,-26.070306271323897,-26.466079860120846,-88.70520693341243,-0.16817403812736575,39.124350866736506,0.21394050794913255,-33.29248964420668,5.726775056441131,-0.441927756425617,11.162474992367066
NCAR,CESM2-WACCM,r1i1p1f1,gn,ssp245,2043-12,2043,12,0.6184413706568235,247.2091789478841,-0.10799203036857363,-282.09352199279215,-26.433092096162035,-30.31692848574515,-91.12391428652697,0.6773264413565148,205.25541358021636,-0.21629244537056036,-244.35942714392272,-27.52562905630308,-25.26915405374307,-91.43776267776657,-0.05888507069969129,41.953765367667756,0.10830041500198673,-37.73409484886943,1.0925369601410466,-5.0477744320020825,0.3138483912396026
NCAR,CESM2-WACCM,r1i1p1f1,gn,ssp245,2044-01,2044,1,1.5085841498825625,232.869071741662,-0.5718786341973531,-266.62602529450317,-19.991844984662418,-22.620642137447454,-75.43273515926586,1.6579286852252568,196.20551484935447,-0.7660732495860045,-233.69317904034412,-26.446030144367764,-23.962358246853956,-87.00419714657214,-0.14934453534269432,36.663556892307525,0.19419461538865146,-32.932846254159045,6.454185159705347,1.3417161094065015,11.571461987306279
NCAR,CESM2-WACCM,r1i1p1f1,gn,ssp245,2044-02,2044,2,9.723984738332662,214.34411662682325,-5.147462880560899,-250.50498159272334,-31.384119066560142,-29.53919868239985,-92.50766085708833,10.385738957971206,195.57557849392916,-5.961691198481865,-231.37068932874575,-24.899052807969824,-23.09016983538138,-79.36028571867845,-0.661754219638544,18.768538132894093,0.814228317920966,-19.134292263977585,-6.485066258590319,-6.449028847018468,-13.14737513840987
NCAR,CESM2-WACCM,r1i1p1f1,gn,ssp245,2044-03,2044,3,46.074800518301636,231.4816741457939,-27.893911598797718,-262.75332248448234,-18.843782322689194,-19.797727817854057,-51.732269559727754,52.34600267468988,199.48953926508008,-34.42371965033548,-236.7508496922062,-20.85710861632136,-20.373539266184096,-60.56967528527718,-6.271202156388242,31.99213488071382,6.52980805153776,-26.002472792276137,2.013326293632165,0.5758114483300396,8.837405725549424
NCAR,CESM2-WACCM,r1i1p1f1,gn,ssp245,2044-04,2044,4,127.89665470479105,244.9838673624219,-82.32572935415577,-276.69655855273913,-18.256094712279843,-20.471800218026992,-24.8696607699888,148.4263517975451,216.72984245488897,-100.49578385113533,-258.4648433761369,-13.984813605344282,-15.80226050010748,-23.59150708028995,-20.52969709275405,28.254024907532937,18.17005449697956,-18.231715176602222,-4.271281106935561,-4.669539717919513,-1.2781536896988506
NCAR,CESM2-WACCM,r1i1p1f1,gn,ssp245,2044-05,2044,5,203.8523450034139,281.24295010165577,-117.16111736087822,-308.2482879184747,-5.797686635740947,-11.408244313930203,42.47995887604559,230.97572059279568,260.9168771007636,-147.350178023134,-296.4210780752247,-8.42963842864043,-13.368998020843918,26.322705145716213,-27.123375589381794,20.326073000892166,30.18906066225577,-11.827209843249989,2.6319517928994838,1.9607537069137155,16.15725373032938
NCAR,CESM2-WACCM,r1i1p1f1,gn,ssp245,2044-06,2044,6,201.19071917972389,308.89172680414777,-76.30090865093328,-324.3627523859408,-2.46586190451779,-9.062969880355544,97.88995316212423,229.4053676740754,296.8800857108836,-116.00451780204455,-318.9062131313004,-4.049380336574811,-11.48764164916818,75.83770046587108,-28.214648494351508,12.011641093264188,39.703609151111266,-5.456539254640404,1.583518432057021,2.4246717688126367,22.05225269625315
NCAR,CESM2-WACCM,r1i1p1f1,gn,ssp245,2044-07,2044,7,149.18049421140765,317.32080327291015,-28.244969112713996,-329.57859654677674,-2.0238841874193705,-7.786604849852124,98.86724278755555,167.28392393654957,309.3164516077261,-59.40260923806807,-324.12606880488454,-2.2717320425952057,-9.161909245871227,81.63805621285663,-18.103429725141922,8.00435166518406,31.15764012535407,-5.452527741892197,0.24784785517583519,1.3753043960191027,17.22918657469893
NCAR,CESM2-WACCM,r1i1p1f1,gn,ssp245,2044-08,2044,8,91.12480368946864,317.45451670820864,-10.105073634157693,-332.01882963176246,-1.4314967679550197,-8.667775200274212,56.356145163527906,106.60594156560862,307.0192301231463,-30.971484870242,-324.3886704459015,-3.1681999649659307,-11.50649087877609,43.59032552886945,-15.481137876139982,10.435286585062329,20.86641123608431,-7.630159185860975,1.736703197010911,2.8387156785018774,12.765819634658456
NCAR,CESM2-WACCM,r1i1p1f1,gn,ssp245,2044-09,2044,9,47.643343650153206,304.40857451908505,-5.465006527761265,-329.17266663499106,-5.871660175767228,-21.706596769821758,-10.164011939103045,54.89830463739902,288.9866461711278,-16.49764968729072,-315.33848147263296,-9.098186561522688,-19.40690265700391,-16.456269569923517,-7.254960987245816,15.421928347957248,11.032643159529457,-13.834185162358096,3.2265263857554602,-2.2996941128178463,6.2922576308204725
NCAR,CESM2-WACCM,r1i1p1f1,gn,ssp245,2044-10,2044,10,14.38246827069348,285.81571493428004,-1.8011427502929913,-319.89389233098046,-15.379427377400424,-30.180713276817272,-67.05699253051759,15.9193122787883,256.89747343904895,-4.380194310946924,-291.697864388461,-19.062866206999274,-25.57814248566332,-67.90228167423336,-1.5368440080948211,28.918241495231086,2.5790515606539324,-28.196027942519436,3.6834388295988507,-4.602570791153951,0.8452891437157746
NCAR,CESM2-WACCM,r1i1p1f1,gn,ssp245,2044-11,2044,11,2.451478575153788,268.59617556717524,-0.31240657369672387,-304.51891247130874,-24.76715507007145,-33.79228032593671,-92.34310029868459,2.5925275075676772,226.74750459235383,-0.5328379026360872,-264.97601499925315,-26.070306271323897,-26.466079860120846,-88.70520693341243,-0.14104893241388927,41.8486709748214,0.22043132893936335,-39.542897472055586,1.3031512012524473,-7.326200465815862,-3.637893365272163
NCAR,CESM2-WACCM,r1i1p1f1,gn,ssp245,2044-12,2044,12,0.6160622208865976,234.93205946697827,-0.09690683641313076,-278.0954126902277,-35.53918826801058,-37.0584707122744,-115.24185681906094,0.6773264413565148,205.25541358021636,-0.21629244537056036,-244.35942714392272,-27.52562905630308,-25.26915405374307,-91.43776267776657,-0.0612642204699172,29.676645886761918,0.1193856089574296,-33.73598554630499,-8.013559211707495,-11.78931665853133,-23.80409414129437
NCAR,CESM2-WACCM,r1i1p1f1,gn,ssp245,2045-01,2045,1,1.5044888597077155,226.6281860298508,-0.4849780983850727,-264.5251500845304,-32.169329624986354,-32.461428511893814,-101.50821143023714,1.6579286852252568,196.20551484935447,-0.7660732495860045,-233.69317904034412,-26.446030144367764,-23.962358246853956,-87.00419714657214,-0.15343982551754132,30.422671180496337,0.2810951512009318,-30.831971044186304,-5.723299480618589,-8.499070265039858,-14.504014283665
NCAR,CESM2-WACCM,r1i1p1f1,gn,ssp245,2045-02,2045,2,9.512341247699547,221.25940204677616,-4.638952272340212,-255.9785949065256,-30.300708918713593,-28.84942341377369,-88.9959362168774,10.385738957971206,195.57557849392916,-5.961691198481865,-231.37068932874575,-24.899052807969824,-23.09016983538138,-79.36028571867845,-0.873397710271659,25.683823552847002,1.3227389261416524,-24.60790557777983,-5.401656110743769,-5.759253578392308,-9.635650498198942
NCAR,CESM2-WACCM,r1i1p1f1,gn,ssp245,2045-03,2045,3,47.432974952482105,222.39192596967052,-28.318099762026847,-259.5840064253262,-26.294333591622355,-29.23255482773306,-73.60409368455588,52.34600267468988,199.48953926508008,-34.42371965033548,-236.7508496922062,-20.85710861632136,-20.373539266184096,-60.56967528527718,-4.913027722207772,22.90238670459044,6.105619888308631,-22.833156733120006,-5.437224975300996,-8.859015561548965,-13.0344183992787
NCAR,CESM2-WACCM,r1i1p1f1,gn,ssp245,2045-04,2045,4,128.7849384352615,247.5967728149152,-79.6490358786887,-281.02450377372435,-14.659335574393284,-19.726740316916835,-18.677904293546497,148.4263517975451,216.72984245488897,-100.49578385113533,-258.4648433761369,-13.984813605344282,-15.80226050010748,-23.59150708028995,-19.6414133622836,30.86693036002623,20.846747972446636,-22.559660397587436,-0.6745219690490014,-3.924479816809356,4.9136027867434535
NCAR,CESM2-WACCM,r1i1p1f1,gn,ssp245,2045-05,2045,5,207.11564035671614,283.72405833748576,-114.45792178104605,-310.8933419834934,-6.358189304658616,-12.941331649852822,46.18891397515095,230.97572059279568,260.9168771007636,-147.350178023134,-296.4210780752247,-8.42963842864043,-13.368998020843918,26.322705145716213,-23.86008023607954,22.80718123672216,32.89225624208794,-14.472263908268701,2.0714491239818145,0.42766637099109595,19.86620882943474
NCAR,CESM2-WACCM,r1i1p1f1,gn,ssp245,2045-06,2045,6,201.59100211791522,308.26664027311716,-72.62660006809764,-325.03987609825407,-4.749260288876493,-11.03411772774947,96.4077882080547,229.4053676740754,296.8800857108836,-116.00451780204455,-318.9062131313004,-4.049380336574811,-11.48764164916818,75.83770046587108,-27.81436555616017,11.386554562233584,43.3779177339469,-6.133662966953693,-0.6998799523016821,0.4535239214187108,20.570087742183617
NCAR,CESM2-WACCM,r1i1p1f1,gn,ssp245,2045-07,2045,7,145.46401824505736,318.2340866254466,-28.670725821191706,-330.3120794761827,-2.185866245936581,-7.2844434952534325,95.24498983193952,167.28392393654957,309.3164516077261,-59.40260923806807,-324.12606880488454,-2.2717320425952057,-9.161909245871227,81.63805621285663,-21.81990569149221,8.9176350177205,30.73188341687636,-6.186010671298163,0.08586579665862448,1.8774657506177945,13.606933619082895
NCAR,CESM2-WACCM,r1i1p1f1,gn,ssp245,2045-08,2045,8,96.44956260100314,317.56461876518256,-11.261017183556921,-332.87700396533086,-2.811014347088537,-9.905991553181686,57.159154317027706,106.60594156560862,307.0192301231463,-30.971484870242,-324.3886704459015,-3.1681999649659307,-11.50649087877609,43.59032552886945,-10.15637896460548,10.545388642036244,19.710467686685078,-8.488333519429375,0.35718561787739356,1.600499325594404,13.568828788158257
NCAR,CESM2-WACCM,r1i1p1f1,gn,ssp245,2045-09,2045,9,47.235191384565894,305.18142992775006,-4.850526639553238,-330.076731248452,-5.141303846451684,-19.983051528066603,-7.634991950207606,54.89830463739902,288.9866461711278,-16.49764968729072,-315.33848147263296,-9.098186561522688,-19.40690265700391,-16.456269569923517,-7.663113252833128,16.194783756622257,11.647123047737484,-14.738249775819042,3.9568827150710044,-0.5761488710626921,8.82127761971591
NCAR,CESM2-WACCM,r1i1p1f1,gn,ssp245,2045-10,2045,10,15.544280058514332,280.97492783566105,-1.9025228558839609,-319.6284640972541,-14.059533604357211,-31.31210849663954,-70.3834211599594,15.9193122787883,256.89747343904895,-4.380194310946924,-291.697864388461,-19.062866206999274,-25.57814248566332,-67.90228167423336,-0.3750322202739689,24.077454396612097,2.477671455062963,-27.930599708793068,5.003332602642063,-5.733966010976218,-2.4811394857260325
NCAR,CESM2-WACCM,r1i1p1f1,gn,ssp245,2045-11,2045,11,2.384250329008133,262.0545601883847,-0.302671661929504,-300.3357946574663,-27.30937884555672,-34.22725934608266,-97.73629399364233,2.5925275075676772,226.74750459235383,-0.5328379026360872,-264.97601499925315,-26.070306271323897,-26.466079860120846,-88.70520693341243,-0.2082771785595443,35.307055596030864,0.2301662407065832,-35.35977965821314,-1.2390725742328215,-7.761179485961815,-9.031087060229908
NCAR,CESM2-WACCM,r1i1p1f1,gn,ssp245,2045-12,2045,12,0.6083026694826795,244.97752249780402,-0.09645649739219278,-280.54055815546724,-23.69609488276439,-26.194081112137805,-84.94136548047493,0.6773264413565148,205.25541358021636,-0.21629244537056036,-244.35942714392272,-27.52562905630308,-25.26915405374307,-91.43776267776657,-0.06902377187383524,39.72210891758766,0.11983594797836758,-36.18113101154452,3.8295341735386934,-0.9249270583947364,6.4963971972916426
NCAR,CESM2-WACCM,r1i1p1f1,gn,ssp245,2046-01,2046,1,1.4859460777553684,213.21573933647184,-0.4883344348257729,-254.54372378152885,-32.50975457940523,-30.03855503092159,-102.87868241245424,1.6579286852252568,196.20551484935447,-0.7660732495860045,-233.69317904034412,-26.446030144367764,-23.962358246853956,-87.00419714657214,-0.17198260746988847,17.01022448711737,0.27773881476023166,-20.850544741184734,-6.063724435037468,-6.076196784067633,-15.8744852658821
NCAR,CESM2-WACCM,r1i1p1f1,gn,ssp245,2046-02,2046,2,9.163850473858174,217.61025318542372,-4.83939852249976,-252.04704923698463,-24.320241824282252,-23.47540239090522,-77.90798831538997,10.385738957971206,195.57557849392916,-5.961691198481865,-231.37068932874575,-24.899052807969824,-23.09016983538138,-79.36028571867845,-1.2218884841130322,22.03467469149456,1.1222926759821048,-20.67635990823888,0.5788109836875712,-0.3852325555238387,1.4522974032884832
NCAR,CESM2-WACCM,r1i1p1f1,gn,ssp245,2046-03,2046,3,45.79855453647939,232.2025811931669,-27.76180987702841,-263.97733519182555,-22.87787271502884,-22.607026890274124,-59.22290894451062,52.34600267468988,199.48953926508008,-34.42371965033548,-236.7508496922062,-20.85710861632136,-20.373539266184096,-60.56967528527718,-6.547448138210491,32.713041928086824,6.66190977330707,-27.226485499619343,-2.020764098707481,-2.233487624090028,1.3467663407665569
NCAR,CESM2-WACCM,r1i1p1f1,gn,ssp245,2046-04,2046,4,128.46723834716178,253.61140876007525,-79.87354795371617,-284.0038599783813,-10.612121581829065,-12.407595280893695,-4.818477687583197,148.4263517975451,216.72984245488897,-100.49578385113533,-258.4648433761369,-13.984813605344282,-15.80226050010748,-23.59150708028995,-19.959113450383313,36.88156630518628,20.62223589741916,-25.539016602244374,3.372692023515217,3.3946652192137847,18.773029392706754
NCAR,CESM2-WACCM,r1i1p1f1,gn,ssp245,2046-05,2046,5,197.07970856407795,284.190521218977,-113.39858537914067,-308.52686525086045,-8.343555441473708,-14.917598159479754,36.0836255521003,230.97572059279568,260.9168771007636,-147.350178023134,-296.4210780752247,-8.42963842864043,-13.368998020843918,26.322705145716213,-33.896012028717735,23.273644118213383,33.95159264399332,-12.105787175635726,0.0860829871667228,-1.5486001386358357,9.760920406384088
NCAR,CESM2-WACCM,r1i1p1f1,gn,ssp245,2046-06,2046,6,202.46263601557698,308.6743215839147,-78.22349776915043,-324.5485211916522,-1.6643630136974281,-8.238337006416007,98.46223861857564,229.4053676740754,296.8800857108836,-116.00451780204455,-318.9062131313004,-4.049380336574811,-11.48764164916818,75.83770046587108,-26.942731658498417,11.794235873031141,37.78102003289412,-5.642308060351809,2.385017322877383,3.2493046427521737,22.62453815270456
NCAR,CESM2-WACCM,r1i1p1f1,gn,ssp245,2046-07,2046,7,155.57261233789657,318.31415990254783,-30.11552378251267,-330.6539793507667,-1.9574231331434484,-7.042294609446371,104.11755136457522,167.28392393654957,309.3164516077261,-59.40260923806807,-324.12606880488454,-2.2717320425952057,-9.161909245871227,81.63805621285663,-11.711311598652998,8.997708294821734,29.287085455555395,-6.5279105458821505,0.31430890945175727,2.1196146364248563,22.479495151718595
NCAR,CESM2-WACCM,r1i1p1f1,gn,ssp245,2046-08,2046,8,88.95227149047264,316.3448674676046,-9.940069721960516,-331.9776169625819,-3.902397649882426,-12.263399189966458,47.21365543368593,106.60594156560862,307.0192301231463,-30.971484870242,-324.3886704459015,-3.1681999649659307,-11.50649087877609,43.59032552886945,-17.653670075135977,9.3256373444583,21.031415148281486,-7.588946516680437,-0.7341976849164955,-0.7569083111903687,3.6233299048164795
NCAR,CESM2-WACCM,r1i1p1f1,gn,ssp245,2046-09,2046,9,50.260387235602835,303.2122302558845,-5.487857502957003,-329.02723554306215,-6.160911210841979,-21.82857908501122,-9.031965850385047,54.89830463739902,288.9866461711278,-16.49764968729072,-315.33848147263296,-9.098186561522688,-19.40690265700391,-16.456269569923517,-4.637917401796187,14.22558408475669,11.009792184333719,-13.688754070429184,2.937275350680709,-2.4216764280073093,7.42430371953847
NCAR,CESM2-WACCM,r1i1p1f1,gn,ssp245,2046-10,2046,10,14.465912218132425,288.97722932089766,-1.747244116539519,-320.6686606603716,-9.577876172435488,-22.89994759427935,-51.45058700459583,15.9193122787883,256.89747343904895,-4.380194310946924,-291.697864388461,-19.062866206999274,-25.57814248566332,-67.90228167423336,-1.4534000606558752,32.07975588184871,2.632950194407405,-28.970796271910558,9.484990034563786,2.6781948913839706,16.451694669637533
NCAR,CESM2-WACCM,r1i1p1f1,gn,ssp245,2046-11,2046,11,2.4917561051940846,264.1850982848772,-0.31263318629205983,-303.88519604468104,-32.01990411679603,-42.96414804696319,-112.50502700466099,2.5925275075676772,226.74750459235383,-0.5328379026360872,-264.97601499925315,-26.070306271323897,-26.466079860120846,-88.70520693341243,-0.10077140237359261,37.437593692523365,0.22020471634402738,-38.909181045427886,-5.94959784547213,-16.498068186842342,-23.79982007124856
NCAR,CESM2-WACCM,r1i1p1f1,gn,ssp245,2046-12,2046,12,0.6011167998334602,241.60288592644847,-0.08471547669606751,-281.11053604419055,-33.46166917699624,-34.98861796880008,-107.44153594040102,0.6773264413565148,205.25541358021636,-0.21629244537056036,-244.35942714392272,-27.52562905630308,-25.26915405374307,-91.43776267776657,-0.07620964152305454,36.34747234623211,0.13157696867449287,-36.75110890026784,-5.936040120693157,-9.719463915057009,-16.003773262634454
NCAR,CESM2-WACCM,r1i1p1f1,gn,ssp245,2047-01,2047,1,1.4830906591185455,219.5763891425031,-0.47528202638759337,-260.98585414512604,-33.39764400647744,-31.341380639634387,-105.14068101600381,1.6579286852252568,196.20551484935447,-0.7660732495860045,-233.69317904034412,-26.446030144367764,-23.962358246853956,-87.00419714657214,-0.1748380261067113,23.37087429314863,0.29079122319841116,-27.29267510478192,-6.951613862109678,-7.379022392780431,-18.13648386943167
NCAR,CESM2-WACCM,r1i1p1f1,gn,ssp245,2047-02,2047,2,9.424621143725256,219.08271476044442,-4.652406646303421,-256.72047623126986,-19.63125633053593,-21.19773785473693,-73.69454115867647,10.385738957971206,195.57557849392916,-5.961691198481865,-231.37068932874575,-24.899052807969824,-23.09016983538138,-79.36028571867845,-0.9611178142459504,23.50713626651526,1.3092845521784442,-25.3497869025241,5.267796477433894,1.892431980644453,5.665744560001983
NCAR,CESM2-WACCM,r1i1p1f1,gn,ssp245,2047-03,2047,3,47.74349961371858,214.68658422274697,-29.113997381949165,-253.08581989312384,-25.516022003851717,-25.550234436764406,-70.83598987922358,52.34600267468988,199.48953926508008,-34.42371965033548,-236.7508496922062,-20.85710861632136,-20.373539266184096,-60.56967528527718,-4.602503060971294,15.19704495766689,5.309722268386313,-16.33497020091764,-4.658913387530358,-5.1766951705803095,-10.266314593946397
NCAR,CESM2-WACCM,r1i1p1f1,gn,ssp245,2047-04,2047,4,124.49873000645557,254.4860194530605,-78.47907744883513,-284.83889174862503,-15.240908288129164,-20.14782849841739,-19.721956524490643,148.4263517975451,216.72984245488897,-100.49578385113533,-258.4648433761369,-13.984813605344282,-15.80226050010748,-23.59150708028995,-23.92762179108952,37.756176998171526,22.0167064023002,-26.37404837248812,-1.256094682784882,-4.34556799830991,3.8695505557993073
NCAR,CESM2-WACCM,r1i1p1f1,gn,ssp245,2047-05,2047,5,205.69849598321412,280.8891284574573,-120.24859489521654,-308.47170654688557,-6.491074871538681,-15.016603220530595,36.35964490650004,230.97572059279568,260.9168771007636,-147.350178023134,-296.4210780752247,-8.42963842864043,-13.368998020843918,26.322705145716213,-25.277224609581566,19.972251356693675,27.10158312791745,-12.050628471660843,1.9385635571017499,-1.6476051996866765,10.036939760783824
NCAR,CESM2-WACCM,r1i1p1f1,gn,ssp245,2047-06,2047,6,216.0304464587601,304.86641091916897,-84.07007404681545,-323.6906125636789,-2.685666430188249,-9.307886435075869,101.14261790217068,229.4053676740754,296.8800857108836,-116.00451780204455,-318.9062131313004,-4.049380336574811,-11.48764164916818,75.83770046587108,-13.374921215315283,7.986325208285393,31.934443755229097,-4.784399432378507,1.363713906386562,2.179755214092312,25.304917436299604
NCAR,CESM2-WACCM,r1i1p1f1,gn,ssp245,2047-07,2047,7,149.30405797376565,319.6611425590019,-28.525114065683248,-330.0790659943408,0.7533722418689525,-4.577208383431084,106.5371843311814,167.28392393654957,309.3164516077261,-59.40260923806807,-324.12606880488454,-2.2717320425952057,-9.161909245871227,81.63805621285663,-17.97986596278392,10.344690951275822,30.87749517238482,-5.952997189456255,3.0251042844641582,4.584700862440143,24.899128118324768
NCAR,CESM2-WACCM,r1i1p1f1,gn,ssp245,2047-08,2047,8,87.75886243401794,320.32168347403405,-10.406390455370035,-332.3950398138631,-2.589453163024035,-8.929672248402582,53.75999022739222,106.60594156560862,307.0192301231463,-30.971484870242,-324.3886704459015,-3.1681999649659307,-11.50649087877609,43.59032552886945,-18.847079131590675,13.302453350887731,20.565094414871965,-8.00636936796161,0.5787468019418958,2.5768186303735074,10.169664698522773
NCAR,CESM2-WACCM,r1i1p1f1,gn,ssp245,2047-09,2047,9,45.15932220361585,310.2892123635285,-4.71347989244182,-330.2635230032786,-7.628100940237129,-20.15524011202658,-7.311809380839733,54.89830463739902,288.9866461711278,-16.49764968729072,-315.33848147263296,-9.098186561522688,-19.40690265700391,-16.456269569923517,-9.738982433783171,21.302566192400718,11.7841697948489,-14.925041530645615,1.470085621285559,-0.7483374550226678,9.144460189083784
NCAR,CESM2-WACCM,r1i1p1f1,gn,ssp245,2047-10,2047,10,14.390251470639242,288.08339329340583,-1.688000014676789,-322.9939446517922,-14.76751321454915,-34.972058149589195,-71.9478712665623,15.9193122787883,256.89747343904895,-4.380194310946924,-291.697864388461,-19.062866206999274,-25.57814248566332,-67.90228167423336,-1.5290608081490582,31.185919854356882,2.6921942962701344,-31.29608026333119,4.295352992450125,-9.393915663925874,-4.045589592328938
NCAR,CESM2-WACCM,r1i1p1f1,gn,ssp245,2047-11,2047,11,2.482020221645805,272.9992992266248,-0.30004083992185293,-307.766500480338,-16.98593638402873,-27.736592731045185,-77.30775098706309,2.5925275075676772,226.74750459235383,-0.5328379026360872,-264.97601499925315,-26.070306271323897,-26.466079860120846,-88.70520693341243,-0.11050728592187209,46.25179463427099,0.23279706271423428,-42.79048548108483,9.084369887295168,-1.270512870924339,11.39745594634934
NCAR,CESM2-WACCM,r1i1p1f1,gn,ssp245,2047-12,2047,12,0.6619657580401495,233.8092254216981,-0.11859972277053746,-278.17093058364145,-34.59147137771483,-36.26709911534285,-114.67690961973145,0.6773264413565148,205.25541358021636,-0.21629244537056036,-244.35942714392272,-27.52562905630308,-25.26915405374307,-91.43776267776657,-0.015360683316365309,28.553811841481746,0.0976927226000229,-33.811503439718734,-7.0658423214117505,-10.997945061599783,-23.239146941964876
NCAR,CESM2-WACCM,r1i1p1f1,gn,ssp245,2048-01,2048,1,1.400743431085816,215.6471423368021,-0.5213511092351057,-256.96182515812103,-37.42125078418156,-31.748017285525673,-109.60455856917544,1.6579286852252568,196.20551484935447,-0.7660732495860045,-233.69317904034412,-26.446030144367764,-23.962358246853956,-87.00419714657214,-0.2571852541394408,19.44162748744762,0.2447221403508988,-23.26864611777691,-10.975220639813795,-7.785659038671717,-22.6003614226033
NCAR,CESM2-WACCM,r1i1p1f1,gn,ssp245,2048-02,2048,2,9.213921131012546,221.9527127274927,-4.782390861634863,-257.06253630486793,-33.58400458891173,-32.651712578480904,-96.9140104753902,10.385738957971206,195.57557849392916,-5.961691198481865,-231.37068932874575,-24.899052807969824,-23.09016983538138,-79.36028571867845,-1.1718178269586605,26.377134233563538,1.1793003368470014,-25.69184697612218,-8.684951780941908,-9.561542743099523,-17.553724756711745
NCAR,CESM2-WACCM,r1i1p1f1,gn,ssp245,2048-03,2048,3,48.886050522956204,215.5687476841386,-30.75303946295725,-255.41352182246266,-25.19288674334631,-26.16873453893505,-73.07338436060644,52.34600267468988,199.48953926508008,-34.42371965033548,-236.7508496922062,-20.85710861632136,-20.373539266184096,-60.56967528527718,-3.459952151733674,16.079208419058517,3.6706801873782275,-18.662672130256453,-4.335778127024952,-5.795195272750952,-12.503709075329262
NCAR,CESM2-WACCM,r1i1p1f1,gn,ssp245,2048-04,2048,4,131.71550992397067,244.68671467459984,-85.45182239455454,-277.27466719928543,-11.434876193488462,-13.208304492168422,-10.967445680926343,148.4263517975451,216.72984245488897,-100.49578385113533,-258.4648433761369,-13.984813605344282,-15.80226050010748,-23.59150708028995,-16.710841873574424,27.956872219710874,15.043961456580789,-18.80982382314852,2.5499374118558205,2.593956007939058,12.624061399363608
NCAR,CESM2-WACCM,r1i1p1f1,gn,ssp245,2048-05,2048,5,210.22436898867198,278.5368454999722,-124.34654184163642,-308.0525916417296,-7.8346258383404095,-15.503382736938413,33.02407242999931,230.97572059279568,260.9168771007636,-147.350178023134,-296.4210780752247,-8.42963842864043,-13.368998020843918,26.322705145716213,-20.7513516041237,17.619968399208574,23.00363618149757,-11.63151356650485,0.595012590300021,-2.1343847160944946,6.701367284283094
NCAR,CESM2-WACCM,r1i1p1f1,gn,ssp245,2048-06,2048,6,209.85521073218112,306.1276317257266,-80.26451785003707,-324.1886835282889,-2.613354461212743,-7.781004217922803,101.13528240044624,229.4053676740754,296.8800857108836,-116.00451780204455,-318.9062131313004,-4.049380336574811,-11.48764164916818,75.83770046587108,-19.550156941894272,9.24754601484301,35.73999995200748,-5.282470396988515,1.436025875362068,3.706637431245378,25.297581934575163
NCAR,CESM2-WACCM,r1i1p1f1,gn,ssp245,2048-07,2048,7,149.9553904851067,317.2754705847991,-30.017492469963216,-329.8948840849258,-1.7568230630212345,-7.245621188873593,98.31604026312196,167.28392393654957,309.3164516077261,-59.40260923806807,-324.12606880488454,-2.2717320425952057,-9.161909245871227,81.63805621285663,-17.328533451442865,7.959018977073015,29.38511676810485,-5.768815280041281,0.5149089795739712,1.916288056997634,16.677984050265337
NCAR,CESM2-WACCM,r1i1p1f1,gn,ssp245,2048-08,2048,8,92.36290806537461,318.55217742089866,-9.501686133856532,-332.2441461636204,-1.9200404540349891,-8.40747272207524,58.84174001268606,106.60594156560862,307.0192301231463,-30.971484870242,-324.3886704459015,-3.1681999649659307,-11.50649087877609,43.59032552886945,-14.243033500234006,11.532947297752344,21.46979873638547,-7.855475717718946,1.2481595109309416,3.099018156700849,15.25141448381661
NCAR,CESM2-WACCM,r1i1p1f1,gn,ssp245,2048-09,2048,9,47.310293850272295,303.55497455105336,-4.717316906807094,-329.59549379501937,-6.7369507660435834,-20.643339899147964,-10.827832965692348,54.89830463739902,288.9866461711278,-16.49764968729072,-315.33848147263296,-9.098186561522688,-19.40690265700391,-16.456269569923517,-7.588010787126727,14.56832837992556,11.780332780483628,-14.257012322386402,2.3612357954791046,-1.2364372421440528,5.628436604231169
NCAR,CESM2-WACCM,r1i1p1f1,gn,ssp245,2048-10,2048,10,14.702189142309104,280.7548038057995,-1.7643801876599985,-318.9974262352874,-17.185307887096165,-37.248047653745985,-79.73816901568088,15.9193122787883,256.89747343904895,-4.380194310946924,-291.697864388461,-19.062866206999274,-25.57814248566332,-67.90228167423336,-1.2171231364791968,23.857330366750546,2.615814123286925,-27.29956184682635,1.877558319903109,-11.669905168082664,-11.835887341447517
NCAR,CESM2-WACCM,r1i1p1f1,gn,ssp245,2048-11,2048,11,2.4639561915856847,268.9590686638599,-0.30376539147247106,-303.57090671415074,-23.720368080219064,-31.9581026693657,-88.1301179997624,2.5925275075676772,226.74750459235383,-0.5328379026360872,-264.97601499925315,-26.070306271323897,-26.466079860120846,-88.70520693341243,-0.12857131598199256,42.211564071506075,0.22907251116361615,-38.594891714897585,2.349938191104833,-5.492022809244855,0.5750889336500222
NCAR,CESM2-WACCM,r1i1p1f1,gn,ssp245,2048-12,2048,12,0.5919000758573614,245.8113714691925,-0.07891484351334363,-282.84621770631986,-27.471132964459713,-29.841347043205168,-93.83434101244822,0.6773264413565148,205.25541358021636,-0.21629244537056036,-244.35942714392272,-27.52562905630308,-25.26915405374307,-91.43776267776657,-0.08542636549915339,40.55595788897614,0.13737760185721673,-38.48679056239715,0.05449609184336879,-4.572192989462099,-2.3965783346816494
NCAR,CESM2-WACCM,r1i1p1f1,gn,ssp245,2049-01,2049,1,1.4016198791109713,223.0198168123353,-0.4248327178558671,-260.5531373521737,-30.586821353630434,-27.5817618052717,-94.7251165374854,1.6579286852252568,196.20551484935447,-0.7660732495860045,-233.69317904034412,-26.446030144367764,-23.962358246853956,-87.00419714657214,-0.2563088061142855,26.814301962980835,0.3412405317301374,-26.85995831182956,-4.1407912092626695,-3.619403558417744,-7.7209193909132665
NCAR,CESM2-WACCM,r1i1p1f1,gn,ssp245,2049-02,2049,2,9.326866304067215,222.68445355653418,-4.6568397641567305,-257.7836493189076,-21.695486388428343,-23.714096721354508,-75.83875233224578,10.385738957971206,195.57557849392916,-5.961691198481865,-231.37068932874575,-24.899052807969824,-23.09016983538138,-79.36028571867845,-1.0588726539039914,27.108875062605023,1.3048514343251343,-26.412959990161823,3.203566419541481,-0.6239268859731268,3.5215333864326794
NCAR,CESM2-WACCM,r1i1p1f1,gn,ssp245,2049-03,2049,3,47.854029011156165,222.4691101485054,-29.215495521795592,-258.59265300653175,-22.055047114225136,-21.257929967721818,-60.797986450612754,52.34600267468988,199.48953926508008,-34.42371965033548,-236.7508496922062,-20.85710861632136,-20.373539266184096,-60.56967528527718,-4.491973663533713,22.97957088342531,5.208224128539886,-21.841803314325546,-1.1979384979037775,-0.8843907015377219,-0.22831116533557605
NCAR,CESM2-WACCM,r1i1p1f1,gn,ssp245,2049-04,2049,4,128.13354286504753,247.37641631029163,-81.86639002115164,-279.92176563389893,-18.249523071357302,-20.70527644625351,-25.23299599732218,148.4263517975451,216.72984245488897,-100.49578385113533,-258.4648433761369,-13.984813605344282,-15.80226050010748,-23.59150708028995,-20.292808932497564,30.646573855402664,18.629393829983684,-21.456922257762017,-4.26470946601302,-4.903015946146031,-1.6414889170322304
NCAR,CESM2-WACCM,r1i1p1f1,gn,ssp245,2049-05,2049,5,206.81902492931434,282.03837417344863,-117.45614871183568,-308.6839101037479,-7.711124467014298,-14.136801345498064,40.869414474667046,230.97572059279568,260.9168771007636,-147.350178023134,-296.4210780752247,-8.42963842864043,-13.368998020843918,26.322705145716213,-24.156695663481344,21.12149707268503,29.89402931129831,-12.262832028523178,0.7185139616261322,-0.767803324654146,14.546709328950833
NCAR,CESM2-WACCM,r1i1p1f1,gn,ssp245,2049-06,2049,6,208.7122337328958,305.3387547085358,-78.84446269751295,-323.81569637466583,-2.654192379202372,-10.245406914889887,98.4912300751606,229.4053676740754,296.8800857108836,-116.00451780204455,-318.9062131313004,-4.049380336574811,-11.48764164916818,75.83770046587108,-20.693133941179582,8.45866899765224,37.160055104531594,-4.909483243365457,1.395187957372439,1.2422347342782931,22.65352960928952
NCAR,CESM2-WACCM,r1i1p1f1,gn,ssp245,2049-07,2049,7,147.33933182170733,319.08972848596716,-29.14218326036606,-329.64539121310827,-0.9912985913890897,-5.73910308089761,100.91108416191348,167.28392393654957,309.3164516077261,-59.40260923806807,-324.12606880488454,-2.2717320425952057,-9.161909245871227,81.63805621285663,-19.944592114842237,9.773276878241063,30.260425977702006,-5.519322408223729,1.280433451206116,3.4228061649736174,19.273027949056853
NCAR,CESM2-WACCM,r1i1p1f1,gn,ssp245,2049-08,2049,8,88.82182358291516,319.6677176490085,-9.310370141484917,-332.5059345946947,-1.7946688756917286,-6.748380597572565,58.13018702247982,106.60594156560862,307.0192301231463,-30.971484870242,-324.3886704459015,-3.1681999649659307,-11.50649087877609,43.59032552886945,-17.78411798269346,12.648487525862208,21.661114728757084,-8.117264148793197,1.373531089274202,4.758110281203525,14.539861493610367
NCAR,CESM2-WACCM,r1i1p1f1,gn,ssp245,2049-09,2049,9,46.81764244054332,307.36606185548095,-4.74236123508154,-329.730629279373,-7.8571541429470075,-20.97398414108992,-9.120424502467205,54.89830463739902,288.9866461711278,-16.49764968729072,-315.33848147263296,-9.098186561522688,-19.40690265700391,-16.456269569923517,-8.080662196855705,18.379415684353148,11.755288452209182,-14.392147806740013,1.2410324185756805,-1.5670814840860103,7.335845067456312
NCAR,CESM2-WACCM,r1i1p1f1,gn,ssp245,2049-10,2049,10,14.383342138742467,286.3393439076527,-1.7021926662309552,-321.30149400436636,-15.559325254219067,-32.245171135469086,-70.08549701389029,15.9193122787883,256.89747343904895,-4.380194310946924,-291.697864388461,-19.062866206999274,-25.57814248566332,-67.90228167423336,-1.5359701400458334,29.441870468603724,2.6780016447159687,-29.603629615905334,3.5035409527802077,-6.667028649805765,-2.1832153396569254
NCAR,CESM2-WACCM,r1i1p1f1,gn,ssp245,2049-11,2049,11,2.6204530426531476,265.827365733139,-0.32122290250387964,-305.5884664618555,-24.72719430384193,-34.614180381058446,-96.80324527346762,2.5925275075676772,226.74750459235383,-0.5328379026360872,-264.97601499925315,-26.070306271323897,-26.466079860120846,-88.70520693341243,0.027925535085470354,39.07986114078517,0.21161500013220758,-40.61245146260234,1.343111967481967,-8.1481005209376,-8.098038340055197
NCAR,CESM2-WACCM,r1i1p1f1,gn,ssp245,2049-12,2049,12,0.6075180065381606,246.12248450944986,-0.09255276793355395,-284.34538224289395,-24.801717878705137,-28.211648053064575,-90.72129842660918,0.6773264413565148,205.25541358021636,-0.21629244537056036,-244.35942714392272,-27.52562905630308,-25.26915405374307,-91.43776267776657,-0.06980843481835419,40.867070929233506,0.12373967743700641,-39.98595509897123,2.7239111775979445,-2.9424939993215062,0.7164642511573902
NCAR,CESM2-WACCM,r1i1p1f1,gn,ssp245,2050-01,2050,1,1.4848593491327553,216.8151470334472,-0.4794056330012146,-259.5687944966377,-36.559660871365395,-32.13435148464436,-110.44220610306868,1.6579286852252568,196.20551484935447,-0.7660732495860045,-233.69317904034412,-26.446030144367764,-23.962358246853956,-87.00419714657214,-0.17306933609250152,20.60963218409273,0.28666761658478995,-25.87561545629356,-10.11363072699763,-8.171993237790407,-23.438008956496546
NCAR,CESM2-WACCM,r1i1p1f1,gn,ssp245,2050-02,2050,2,9.100808641114778,205.2684782267522,-4.729085719246494,-245.99077106849805,-24.130048496077148,-20.44234213346737,-80.92296054942207,10.385738957971206,195.57557849392916,-5.961691198481865,-231.37068932874575,-24.899052807969824,-23.09016983538138,-79.36028571867845,-1.2849303168564283,9.692899732823037,1.232605479235371,-14.620081739752294,0.7690043118926759,2.647827701914011,-1.5626748307436173
NCAR,CESM2-WACCM,r1i1p1f1,gn,ssp245,2050-03,2050,3,45.72631002415036,227.8282823570921,-27.147683920349525,-261.43450931194957,-19.50094391194689,-22.214453811716744,-56.74299857472027,52.34600267468988,199.48953926508008,-34.42371965033548,-236.7508496922062,-20.85710861632136,-20.373539266184096,-60.56967528527718,-6.61969265053952,28.33874309201201,7.276035729985953,-24.683659619743366,1.3561647043744678,-1.840914545532648,3.82667671055691
NCAR,CESM2-WACCM,r1i1p1f1,gn,ssp245,2050-04,2050,4,128.30326630157722,243.18524651385223,-81.55976996888589,-276.94935749853977,-17.727246009149336,-21.59143546532787,-26.33929612647346,148.4263517975451,216.72984245488897,-100.49578385113533,-258.4648433761369,-13.984813605344282,-15.80226050010748,-23.59150708028995,-20.12308549596787,26.455404058963268,18.93601388224944,-18.484514122402857,-3.7424324038050543,-5.78917496522039,-2.7477890461835095
NCAR,CESM2-WACCM,r1i1p1f1,gn,ssp245,2050-05,2050,5,203.29814625014956,284.6756253573474,-111.85594577762387,-311.1639129662301,-8.726653815075705,-17.2419046307867,38.985354417780634,230.97572059279568,260.9168771007636,-147.350178023134,-296.4210780752247,-8.42963842864043,-13.368998020843918,26.322705145716213,-27.677574342646125,23.75874825658383,35.49423224551012,-14.742834891005373,-0.2970153864352749,-3.872906609942781,12.66264927206442
NCAR,CESM2-WACCM,r1i1p1f1,gn,ssp245,2050-06,2050,6,203.27310804399374,309.0042604047313,-75.80701690782927,-324.6075662049481,-2.7683212797884407,-8.203947841395303,100.8905162147639,229.4053676740754,296.8800857108836,-116.00451780204455,-318.9062131313004,-4.049380336574811,-11.48764164916818,75.83770046587108,-26.13225963008165,12.124174693847749,40.19750089421528,-5.701353073647738,1.2810590567863702,3.2836938077728774,25.052815748892826
NCAR,CESM2-WACCM,r1i1p1f1,gn,ssp245,2050-07,2050,7,142.0630114159254,320.5052898919332,-27.37365602968532,-330.2149963733462,-0.9012608485999192,-5.9788644009914576,98.09952365523574,167.28392393654957,309.3164516077261,-59.40260923806807,-324.12606880488454,-2.2717320425952057,-9.161909245871227,81.63805621285663,-25.220912520624182,11.188838284207122,32.028953208382745,-6.088927568461656,1.3704711939952865,3.1830448448797695,16.461467442379117
NCAR,CESM2-WACCM,r1i1p1f1,gn,ssp245,2050-08,2050,8,87.99700167993787,321.5164451988686,-9.327796439534373,-332.88853155104647,-1.0237289432841263,-6.196687179074974,60.076702765866514,106.60594156560862,307.0192301231463,-30.971484870242,-324.3886704459015,-3.1681999649659307,-11.50649087877609,43.59032552886945,-18.60893988567075,14.497215075722295,21.643688430707627,-8.499861105144987,2.144471021681804,5.309803699701115,16.486377236997065
NCAR,CESM2-WACCM,r1i1p1f1,gn,ssp245,2050-09,2050,9,48.885826907644386,306.9644124635496,-5.1239318776069,-330.2891155946608,-6.4945769864651846,-19.13853562473962,-5.195920712278504,54.89830463739902,288.9866461711278,-16.49764968729072,-315.33848147263296,-9.098186561522688,-19.40690265700391,-16.456269569923517,-6.012477729754636,17.97776629242179,11.373717809683821,-14.95063412202785,2.6036095750575035,0.2683670322642904,11.260348857645013
NCAR,CESM2-WACCM,r1i1p1f1,gn,ssp245,2050-10,2050,10,15.655965274232472,280.26022195534347,-1.8267369464343468,-320.6516364499024,-17.78145993444272,-37.67166020026094,-82.01530630146445,15.9193122787883,256.89747343904895,-4.380194310946924,-291.697864388461,-19.062866206999274,-25.57814248566332,-67.90228167423336,-0.26334700455582905,23.362748516294516,2.553457364512577,-28.953772061441384,1.2814062725565556,-12.093517714597617,-14.113024627231084
NCAR,CESM2-WACCM,r1i1p1f1,gn,ssp245,2050-11,2050,11,2.4876008766773032,264.44218968782064,-0.307275004918073,-304.06462458096235,-28.854733455574134,-40.88928822655739,-107.18613070351404,2.5925275075676772,226.74750459235383,-0.5328379026360872,-264.97601499925315,-26.070306271323897,-26.466079860120846,-88.70520693341243,-0.10492663089037402,37.69468509546681,0.2255628977180142,-39.08860958170919,-2.7844271842502373,-14.423208366436544,-18.48092377010161
NCAR,CESM2-WACCM,r1i1p1f1,gn,ssp245,2050-12,2050,12,0.599345517418371,247.12148402107857,-0.07598537700502289,-284.2846211955588,-24.35888539690856,-28.56645374530275,-89.56511617627821,0.6773264413565148,205.25541358021636,-0.21629244537056036,-244.35942714392272,-27.52562905630308,-25.26915405374307,-91.43776267776657,-0.07798092393814371,41.86607044086222,0.14030706836553747,-39.92519405163611,3.1667436593945233,-3.2972996915596795,1.8726465014883615
NCAR,CESM2-WACCM,r1i1p1f1,gn,ssp245,2051-01,2051,1,1.3994257029987363,243.1251290967923,-0.442279886557533,-275.5193889978429,-27.557823695063064,-27.66134544628099,-86.65628322595344,1.6579286852252568,196.20551484935447,-0.7660732495860045,-233.69317904034412,-26.446030144367764,-23.962358246853956,-87.00419714657214,-0.2585029822265206,46.919614247437835,0.32379336302847156,-41.826209957498776,-1.1117935506952996,-3.698987199427034,0.3479139206186943
NCAR,CESM2-WACCM,r1i1p1f1,gn,ssp245,2051-02,2051,2,9.357496702150245,228.33343612156006,-4.533060210963807,-261.3950896171763,-19.4898327938361,-18.92299599046731,-66.65004578873324,10.385738957971206,195.57557849392916,-5.961691198481865,-231.37068932874575,-24.899052807969824,-23.09016983538138,-79.36028571867845,-1.0282422558209614,32.7578576276309,1.4286309875180576,-30.02440028843057,5.409220014133723,4.167173844914071,12.710239929945217
NCAR,CESM2-WACCM,r1i1p1f1,gn,ssp245,2051-03,2051,3,45.17802916533225,233.91815174348793,-27.300605278345863,-265.26104783528024,-17.312216147409075,-18.81847008283359,-49.596158435048565,52.34600267468988,199.48953926508008,-34.42371965033548,-236.7508496922062,-20.85710861632136,-20.373539266184096,-60.56967528527718,-7.16797350935763,34.42861247840784,7.123114371989615,-28.510198143074035,3.544892468912284,1.5550691833505077,10.973516850228613
NCAR,CESM2-WACCM,r1i1p1f1,gn,ssp245,2051-04,2051,4,121.71334415687642,255.03314251917274,-77.27927880346488,-282.93604057766265,-13.970030444474382,-16.735636176940226,-14.174499326493006,148.4263517975451,216.72984245488897,-100.49578385113533,-258.4648433761369,-13.984813605344282,-15.80226050010748,-23.59150708028995,-26.71300764066868,38.303300064283775,23.216505047670452,-24.47119720152574,0.014783160869900058,-0.9333756768327461,9.417007753796945
NCAR,CESM2-WACCM,r1i1p1f1,gn,ssp245,2051-05,2051,5,198.50763602865385,286.21032677789196,-112.79608555358726,-310.95106136039726,-7.565607313970351,-14.798344182256097,38.60686439633484,230.97572059279568,260.9168771007636,-147.350178023134,-296.4210780752247,-8.42963842864043,-13.368998020843918,26.322705145716213,-32.46808456414183,25.293449677128365,34.55409246954673,-14.529983285172534,0.8640311146700794,-1.4293461614121785,12.284159250618629
NCAR,CESM2-WACCM,r1i1p1f1,gn,ssp245,2051-06,2051,6,213.22422315275395,305.05780146777215,-77.86616710738241,-324.4353622858733,-3.7782159197007483,-9.252070417685024,102.95020888988459,229.4053676740754,296.8800857108836,-116.00451780204455,-318.9062131313004,-4.049380336574811,-11.48764164916818,75.83770046587108,-16.181144521321443,8.177715756888574,38.13835069466214,-5.529149154572906,0.27116441687406256,2.2355712314831564,27.112508424013512
NCAR,CESM2-WACCM,r1i1p1f1,gn,ssp245,2051-07,2051,7,145.39048149750803,318.4967453140776,-22.866101435344966,-330.7268653429353,-2.597032652903312,-7.124979842007546,100.5722475383945,167.28392393654957,309.3164516077261,-59.40260923806807,-324.12606880488454,-2.2717320425952057,-9.161909245871227,81.63805621285663,-21.893442439041536,9.180293706351506,36.5365078027231,-6.6007965380507585,-0.3253006103081062,2.036929403863681,18.93419132553788
NCAR,CESM2-WACCM,r1i1p1f1,gn,ssp245,2051-08,2051,8,87.8475090801343,322.0105867129016,-8.326069149057526,-334.06863094852804,-2.817025466771869,-8.3267537215898,56.31961650708868,106.60594156560862,307.0192301231463,-30.971484870242,-324.3886704459015,-3.1681999649659307,-11.50649087877609,43.59032552886945,-18.758432485474316,14.991356589755299,22.645415721184477,-9.679960502626557,0.3511744981940619,3.17973715718629,12.729290978219232
NCAR,CESM2-WACCM,r1i1p1f1,gn,ssp245,2051-09,2051,9,45.82047305883732,306.20164047804076,-4.528570944037214,-331.2588072525198,-5.892483653072982,-20.32187758279802,-9.979625895549908,54.89830463739902,288.9866461711278,-16.49764968729072,-315.33848147263296,-9.098186561522688,-19.40690265700391,-16.456269569923517,-9.0778315785617,17.214994306912956,11.969078743253508,-15.92032577988681,3.205702908449706,-0.9149749257941089,6.476643674373609
NCAR,CESM2-WACCM,r1i1p1f1,gn,ssp245,2051-10,2051,10,15.636683418997542,285.9573022662883,-1.8300175047070846,-324.74422668922716,-15.940621854357058,-36.065956215633776,-76.98683657863921,15.9193122787883,256.89747343904895,-4.380194310946924,-291.697864388461,-19.062866206999274,-25.57814248566332,-67.90228167423336,-0.28262885979075847,29.059828827239357,2.550176806239839,-33.046362300766134,3.122244352642216,-10.487813729970455,-9.084554904405849
NCAR,CESM2-WACCM,r1i1p1f1,gn,ssp245,2051-11,2051,11,2.64527379746467,271.82463114312867,-0.33107326572402296,-311.6433628397527,-24.794253432181875,-37.50941988516183,-99.80820448222707,2.5925275075676772,226.74750459235383,-0.5328379026360872,-264.97601499925315,-26.070306271323897,-26.466079860120846,-88.70520693341243,0.05274628989699259,45.077126550774835,0.20176463691206425,-46.66734784049953,1.2760528391420216,-11.043340025040987,-11.102997548814642
NCAR,CESM2-WACCM,r1i1p1f1,gn,ssp245,2051-12,2051,12,0.5862386204312946,247.4297460141683,-0.07100925387268796,-286.6907342664043,-31.42994583793165,-31.751844228442263,-101.92754895205134,0.6773264413565148,205.25541358021636,-0.21629244537056036,-244.35942714392272,-27.52562905630308,-25.26915405374307,-91.43776267776657,-0.09108782092522016,42.174332433951946,0.1452831914978724,-42.331307122481604,-3.9043167816285695,-6.482690174699194,-10.489786274284768
NCAR,CESM2-WACCM,r1i1p1f1,gn,ssp245,2052-01,2052,1,1.406822950470215,225.2720869442991,-0.3828253416185442,-266.35255172687556,-25.602317728869984,-25.81066661064964,-91.4694515132444,1.6579286852252568,196.20551484935447,-0.7660732495860045,-233.69317904034412,-26.446030144367764,-23.962358246853956,-87.00419714657214,-0.25110573475504183,29.066572094944632,0.38324790796746033,-32.65937268653144,0.8437124154977802,-1.8483083637956845,-4.465254366672255
NCAR,CESM2-WACCM,r1i1p1f1,gn,ssp245,2052-02,2052,2,8.632968167642433,220.444234025348,-4.441574918217509,-254.54089105292252,-30.64026246634926,-25.296750861084355,-85.84227710558318,10.385738957971206,195.57557849392916,-5.961691198481865,-231.37068932874575,-24.899052807969824,-23.09016983538138,-79.36028571867845,-1.752770790328773,24.868655531418852,1.5201162802643555,-23.170201724176763,-5.741209658379436,-2.206581025702974,-6.481991386904724
NCAR,CESM2-WACCM,r1i1p1f1,gn,ssp245,2052-03,2052,3,46.72832747763883,228.47063843483252,-28.763250176364817,-262.38014197127364,-20.230683305591576,-19.81931154062393,-55.994421081382605,52.34600267468988,199.48953926508008,-34.42371965033548,-236.7508496922062,-20.85710861632136,-20.373539266184096,-60.56967528527718,-5.6176751970510495,28.98109916975244,5.660469473970661,-25.629292279067442,0.6264253107297826,0.5542277255601675,4.575254203894573
NCAR,CESM2-WACCM,r1i1p1f1,gn,ssp245,2052-04,2052,4,134.21528002859907,241.8028661903251,-83.8192939676248,-276.4298082815448,-11.194967024873424,-13.346554459363475,-8.772477514482365,148.4263517975451,216.72984245488897,-100.49578385113533,-258.4648433761369,-13.984813605344282,-15.80226050010748,-23.59150708028995,-14.211071768946027,25.073023735436124,16.676489883510527,-17.964964905407896,2.789846580470858,2.455706040744005,14.819029565807586
NCAR,CESM2-WACCM,r1i1p1f1,gn,ssp245,2052-05,2052,5,199.54255648302953,288.76129648925746,-111.90598496686617,-311.03634648148795,-6.298749571371978,-10.698329881205428,48.36444207135547,230.97572059279568,260.9168771007636,-147.350178023134,-296.4210780752247,-8.42963842864043,-13.368998020843918,26.322705145716213,-31.433164109766153,27.84441938849386,35.44419305626782,-14.615268406263226,2.1308888572684523,2.67066813963849,22.041736925639256
NCAR,CESM2-WACCM,r1i1p1f1,gn,ssp245,2052-06,2052,6,204.11295056462467,307.69355314613887,-81.94232432269848,-324.41489644950406,-4.890355909190351,-10.097841705133181,90.46108532423747,229.4053676740754,296.8800857108836,-116.00451780204455,-318.9062131313004,-4.049380336574811,-11.48764164916818,75.83770046587108,-25.292417109450724,10.81346743525529,34.062193479346064,-5.50868331820368,-0.8409755726155401,1.3897999440349995,14.623384858366393
NCAR,CESM2-WACCM,r1i1p1f1,gn,ssp245,2052-07,2052,7,147.2926753495638,319.557877338835,-29.97415612030278,-330.37635782559346,-1.526968167441534,-6.427710107143312,98.54536046791772,167.28392393654957,309.3164516077261,-59.40260923806807,-324.12606880488454,-2.2717320425952057,-9.161909245871227,81.63805621285663,-19.991248586985762,10.241425731108905,29.428453117765287,-6.2502890207089195,0.7447638751536716,2.7341991387279148,16.907304255061092
NCAR,CESM2-WACCM,r1i1p1f1,gn,ssp245,2052-08,2052,8,93.76285753143658,319.2017727660773,-10.179296082802908,-333.2302906953491,-1.9045538134071798,-8.359654992026849,59.29083471392782,106.60594156560862,307.0192301231463,-30.971484870242,-324.3886704459015,-3.1681999649659307,-11.50649087877609,43.59032552886945,-12.843084034172037,12.182542642930969,20.792188787439095,-8.841620249447601,1.263646151558751,3.1468358867492405,15.700509185058372
NCAR,CESM2-WACCM,r1i1p1f1,gn,ssp245,2052-09,2052,9,47.72967947443164,306.20562551622623,-4.885000958110941,-330.42262932672196,-6.089418017325958,-20.32825101832095,-7.789994329821937,54.89830463739902,288.9866461711278,-16.49764968729072,-315.33848147263296,-9.098186561522688,-19.40690265700391,-16.456269569923517,-7.1686251629673805,17.218979345098433,11.612648729179782,-15.084147854088997,3.0087685441967302,-0.9213483613170403,8.66627524010158
NCAR,CESM2-WACCM,r1i1p1f1,gn,ssp245,2052-10,2052,10,15.396186874320145,292.4217132006183,-1.7985046863824252,-323.65301830528267,-13.878035125867909,-30.615998849040032,-62.12765689163461,15.9193122787883,256.89747343904895,-4.380194310946924,-291.697864388461,-19.062866206999274,-25.57814248566332,-67.90228167423336,-0.5231254044681553,35.52423976156933,2.5816896245644987,-31.955153916821644,5.184831081131366,-5.0378563633767115,5.774624782598757
NCAR,CESM2-WACCM,r1i1p1f1,gn,ssp245,2052-11,2052,11,2.5050709601893275,268.9223205205743,-0.3139819699353763,-307.33762517919473,-24.369643931233508,-34.53466416377374,-95.12852376337372,2.5925275075676772,226.74750459235383,-0.5328379026360872,-264.97601499925315,-26.070306271323897,-26.466079860120846,-88.70520693341243,-0.08745654737834974,42.17481592822048,0.2188559327007109,-42.36161017994158,1.700662340090389,-8.068584303652894,-6.423316829961294
NCAR,CESM2-WACCM,r1i1p1f1,gn,ssp245,2052-12,2052,12,0.5756998139666102,254.79835141473725,-0.06967744194601702,-291.0497839652934,-30.33757515372659,-33.61252152599029,-99.69550685825241,0.6773264413565148,205.25541358021636,-0.21629244537056036,-244.35942714392272,-27.52562905630308,-25.26915405374307,-91.43776267776657,-0.10162662738990458,49.5429378345209,0.14661500342454334,-46.69035682137067,-2.811946097423508,-8.34336747224722,-8.257744180485844
NCAR,CESM2-WACCM,r1i1p1f1,gn,ssp245,2053-01,2053,1,1.3642242765404606,224.37652074245477,-0.3189915640957824,-266.1756033212159,-31.236092978623127,-29.18988156116419,-101.17982440610376,1.6579286852252568,196.20551484935447,-0.7660732495860045,-233.69317904034412,-26.446030144367764,-23.962358246853956,-87.00419714657214,-0.2937044086847962,28.1710058931003,0.44708168549022215,-32.482424280871754,-4.790062834255362,-5.227523314310233,-14.175627259531623
NCAR,CESM2-WACCM,r1i1p1f1,gn,ssp245,2053-02,2053,2,9.022473776873554,219.69394542954367,-4.413798383749028,-256.0820483379497,-29.84201939045895,-30.16970495493296,-91.79115186067338,10.385738957971206,195.57557849392916,-5.961691198481865,-231.37068932874575,-24.899052807969824,-23.09016983538138,-79.36028571867845,-1.3632651810976526,24.118366935614517,1.5478928147328368,-24.71135900920393,-4.942966582489127,-7.079535119551579,-12.430866141994926
NCAR,CESM2-WACCM,r1i1p1f1,gn,ssp245,2053-03,2053,3,45.7114031680946,219.27751844208953,-28.936029028771404,-254.02878464656663,-30.318510712977883,-26.844795425818678,-75.13919820395044,52.34600267468988,199.48953926508008,-34.42371965033548,-236.7508496922062,-20.85710861632136,-20.373539266184096,-60.56967528527718,-6.634599506595279,19.787979177009447,5.487690621564074,-17.277934954360433,-9.461402096656524,-6.4712561596345815,-14.569522918673265
NCAR,CESM2-WACCM,r1i1p1f1,gn,ssp245,2053-04,2053,4,126.70781211091446,247.16437866542182,-82.51594253740976,-277.97582928171954,-15.570424162425587,-15.857934379038179,-18.047939584256724,148.4263517975451,216.72984245488897,-100.49578385113533,-258.4648433761369,-13.984813605344282,-15.80226050010748,-23.59150708028995,-21.718539686630635,30.434536210532855,17.979841313725572,-19.51098590558263,-1.5856105570813046,-0.055673878930699416,5.543567496033226
NCAR,CESM2-WACCM,r1i1p1f1,gn,ssp245,2053-05,2053,5,206.99829080165384,278.04497986464446,-122.57773305138248,-304.6362466485224,-9.036079044688472,-13.950416518511773,34.8427954031932,230.97572059279568,260.9168771007636,-147.350178023134,-296.4210780752247,-8.42963842864043,-13.368998020843918,26.322705145716213,-23.977429791141844,17.12810276388086,24.77244497175151,-8.21516857329766,-0.606440616048042,-0.5814184976678547,8.520090257476987
NCAR,CESM2-WACCM,r1i1p1f1,gn,ssp245,2053-06,2053,6,207.2264749885495,308.743803524235,-76.66513114997763,-323.78309965255255,-1.9590688494421065,-6.7867167129824235,106.77626214782977,229.4053676740754,296.8800857108836,-116.00451780204455,-318.9062131313004,-4.049380336574811,-11.48764164916818,75.83770046587108,-22.17889268552588,11.8637178133514,39.33938665206692,-4.876886521252175,2.0903114871327046,4.700924936185757,30.93856168195869
NCAR,CESM2-WACCM,r1i1p1f1,gn,ssp245,2053-07,2053,7,148.48164415295753,318.11302338381495,-27.017673895285782,-329.9625104053333,-1.7441193380870033,-5.9198538147170945,101.95051008334927,167.28392393654957,309.3164516077261,-59.40260923806807,-324.12606880488454,-2.2717320425952057,-9.161909245871227,81.63805621285663,-18.80227978359204,8.796571776088854,32.384935342782285,-5.836441600448779,0.5276127045082024,3.2420554311541325,20.312453870492647
NCAR,CESM2-WACCM,r1i1p1f1,gn,ssp245,2053-08,2053,8,91.52976581196398,319.2809445880756,-9.279251137507392,-332.47470425860035,-2.4273628260450497,-9.014162797401859,57.615229380484955,106.60594156560862,307.0192301231463,-30.971484870242,-324.3886704459015,-3.1681999649659307,-11.50649087877609,43.59032552886945,-15.076175753644634,12.261714464929298,21.692233732734607,-8.086033812698872,0.740837138920881,2.4923280813742306,14.024903851615505
NCAR,CESM2-WACCM,r1i1p1f1,gn,ssp245,2053-09,2053,9,45.23705198131739,307.4933417275401,-4.387396359003482,-329.842701729593,-5.779601458962896,-19.64914957006531,-6.928455408767205,54.89830463739902,288.9866461711278,-16.49764968729072,-315.33848147263296,-9.098186561522688,-19.40690265700391,-16.456269569923517,-9.66125265608163,18.506695556412296,12.11025332828724,-14.504220256960025,3.3185851025597923,-0.2422469130613969,9.527814161156313
NCAR,CESM2-WACCM,r1i1p1f1,gn,ssp245,2053-10,2053,10,14.927329817564663,288.62056941269265,-1.7896058819193381,-321.8010232742522,-13.972617403953913,-32.35080684523721,-66.36615417510534,15.9193122787883,256.89747343904895,-4.380194310946924,-291.697864388461,-19.062866206999274,-25.57814248566332,-67.90228167423336,-0.9919824612236372,31.723095973643694,2.5905884290275853,-30.103158885791174,5.090248803045361,-6.772664359573888,1.5361274991280283
NCAR,CESM2-WACCM,r1i1p1f1,gn,ssp245,2053-11,2053,11,2.5594385271984077,261.63002009617725,-0.32068803369194837,-303.02160513694844,-28.439242943455227,-38.84669133943241,-106.43876883015241,2.5925275075676772,226.74750459235383,-0.5328379026360872,-264.97601499925315,-26.070306271323897,-26.466079860120846,-88.70520693341243,-0.03308898036926955,34.88251550382341,0.21214986894413884,-38.045590137695285,-2.36893667213133,-12.380611479311565,-17.733561896739985
NCAR,CESM2-WACCM,r1i1p1f1,gn,ssp245,2053-12,2053,12,0.6139373187080425,249.50903530286163,-0.07915995633643416,-286.9310178617831,-20.7145475482819,-23.899965691341677,-81.50171843617345,0.6773264413565148,205.25541358021636,-0.21629244537056036,-244.35942714392272,-27.52562905630308,-25.26915405374307,-91.43776267776657,-0.0633891226484723,44.25362172264528,0.1371324890341262,-42.5715907178604,6.811081508021182,1.3691883624013919,9.936044241593123
NCAR,CESM2-WACCM,r1i1p1f1,gn,ssp245,2054-01,2054,1,1.342150844445493,228.31627171422653,-0.35583636179467504,-265.3252997206907,-29.010709704042142,-26.462055680265546,-91.49547890812103,1.6579286852252568,196.20551484935447,-0.7660732495860045,-233.69317904034412,-26.446030144367764,-23.962358246853956,-87.00419714657214,-0.3157778407797638,32.11075686487206,0.4102368877913295,-31.63212068034656,-2.564679559674378,-2.4996974334115905,-4.4912817615488905
NCAR,CESM2-WACCM,r1i1p1f1,gn,ssp245,2054-02,2054,2,8.847797552059927,215.48914324948421,-4.571492896640436,-251.0534625817905,-30.322311893006894,-25.676820470937045,-87.28714704083077,10.385738957971206,195.57557849392916,-5.961691198481865,-231.37068932874575,-24.899052807969824,-23.09016983538138,-79.36028571867845,-1.5379414059112797,19.913564755555058,1.390198301841429,-19.682773253044758,-5.4232590850370705,-2.5866506355556638,-7.92686132215232
NCAR,CESM2-WACCM,r1i1p1f1,gn,ssp245,2054-03,2054,3,47.53540952659199,223.61834897040882,-30.077227641605642,-257.2578117625844,-16.815184939896834,-16.459199537907246,-49.455665384993345,52.34600267468988,199.48953926508008,-34.42371965033548,-236.7508496922062,-20.85710861632136,-20.373539266184096,-60.56967528527718,-4.810593148097887,24.128809705328734,4.346492008729836,-20.506962070378222,4.041923676424524,3.9143397282768504,11.114009900283833
NCAR,CESM2-WACCM,r1i1p1f1,gn,ssp245,2054-04,2054,4,127.60759533752422,248.1353752668414,-83.99827850286673,-279.23048983140154,-18.23813718367292,-19.88358486959972,-25.607519783175267,148.4263517975451,216.72984245488897,-100.49578385113533,-258.4648433761369,-13.984813605344282,-15.80226050010748,-23.59150708028995,-20.81875646002088,31.40553281195244,16.497505348268604,-20.76564645526463,-4.2533235783286365,-4.08132436949224,-2.016012702885316
NCAR,CESM2-WACCM,r1i1p1f1,gn,ssp245,2054-05,2054,5,203.78222184772756,284.41630309780965,-119.12177301680954,-308.66451775883127,-6.4409844642839875,-12.127850673793272,41.843399031819146,230.97572059279568,260.9168771007636,-147.350178023134,-296.4210780752247,-8.42963842864043,-13.368998020843918,26.322705145716213,-27.193498745068126,23.499425997046046,28.22840500632445,-12.243439683606539,1.988653964356443,1.2411473470506458,15.520693886102933
NCAR,CESM2-WACCM,r1i1p1f1,gn,ssp245,2054-06,2054,6,206.39860171600853,305.97276296092423,-78.22227284023502,-323.394323825741,-2.0337993541852044,-7.731689312348388,100.98927934442315,229.4053676740754,296.8800857108836,-116.00451780204455,-318.9062131313004,-4.049380336574811,-11.48764164916818,75.83770046587108,-23.006765958066865,9.092677250040651,37.782244961809525,-4.48811069444065,2.0155809823896065,3.7559523368197922,25.151578878552073
NCAR,CESM2-WACCM,r1i1p1f1,gn,ssp245,2054-07,2054,7,153.96614166079658,315.9097048038368,-29.081831281640465,-329.04017930777286,-1.031396853913352,-6.471698540991539,104.25074048031514,167.28392393654957,309.3164516077261,-59.40260923806807,-324.12606880488454,-2.2717320425952057,-9.161909245871227,81.63805621285663,-13.31778227575299,6.593253196110709,30.3207779564276,-4.91411050288832,1.2403351886818537,2.6902107048796884,22.61268426745852
NCAR,CESM2-WACCM,r1i1p1f1,gn,ssp245,2054-08,2054,8,89.91757673958163,318.83321115850214,-9.25133913758435,-332.20849362752745,-2.27934460456294,-9.090099768587992,55.92151075982106,106.60594156560862,307.0192301231463,-30.971484870242,-324.3886704459015,-3.1681999649659307,-11.50649087877609,43.59032552886945,-16.688364826026984,11.813981035355823,21.72014573265765,-7.819823181625964,0.8888553604029905,2.4163911101880977,12.331185230951611
NCAR,CESM2-WACCM,r1i1p1f1,gn,ssp245,2054-09,2054,9,49.18574014584181,301.96230361501534,-5.137738602812958,-329.0862534470071,-8.479780531463105,-22.572915720682044,-14.128644541108025,54.89830463739902,288.9866461711278,-16.49764968729072,-315.33848147263296,-9.098186561522688,-19.40690265700391,-16.456269569923517,-5.71256449155721,12.975657443887542,11.359911084477762,-13.747771974374132,0.6184060300595835,-3.1660130636781325,2.3276250288154916
NCAR,CESM2-WACCM,r1i1p1f1,gn,ssp245,2054-10,2054,10,14.325260808131207,288.55683446008004,-1.6426831570331357,-321.733671830686,-12.60932482826016,-30.097230162252888,-63.20081471002095,15.9193122787883,256.89747343904895,-4.380194310946924,-291.697864388461,-19.062866206999274,-25.57814248566332,-67.90228167423336,-1.594051470657094,31.65936102103109,2.737511153913788,-30.03580744222495,6.453541378739114,-4.519087676589567,4.701466964212415
NCAR,CESM2-WACCM,r1i1p1f1,gn,ssp245,2054-11,2054,11,2.5884763332645355,268.7593571116338,-0.322313330333815,-306.0108159411833,-22.19095164494174,-33.26824369241517,-90.44449116397573,2.5925275075676772,226.74750459235383,-0.5328379026360872,-264.97601499925315,-26.070306271323897,-26.466079860120846,-88.70520693341243,-0.004051174303141725,42.011852519279955,0.21052457230227223,-41.03480094193014,3.879354626382156,-6.8021638322943225,-1.7392842305632996
NCAR,CESM2-WACCM,r1i1p1f1,gn,ssp245,2054-12,2054,12,0.5732992511824146,242.82452388046156,-0.07250197320476215,-281.9869033959726,-33.71236670189476,-36.33090235461407,-108.70485129404221,0.6773264413565148,205.25541358021636,-0.21629244537056036,-244.35942714392272,-27.52562905630308,-25.26915405374307,-91.43776267776657,-0.10402719017410011,37.5691103002452,0.1437904721657982,-37.62747625204989,-6.186737645591677,-11.061748300870999,-17.267088616275643
NCAR,CESM2-WACCM,r1i1p1f1,gn,ssp245,2055-01,2055,1,1.3575561337285544,230.8404023286111,-0.4372794710171434,-267.50163697701583,-30.62703368165143,-30.852140791874312,-97.22013245921906,1.6579286852252568,196.20551484935447,-0.7660732495860045,-233.69317904034412,-26.446030144367764,-23.962358246853956,-87.00419714657214,-0.3003725514967024,34.63488747925663,0.32879377856886116,-33.808457936671715,-4.181003537283665,-6.889782545020356,-10.21593531264692
NCAR,CESM2-WACCM,r1i1p1f1,gn,ssp245,2055-02,2055,2,9.018324997816146,231.47558200459602,-4.661470062550779,-263.01698659966587,-26.041340724539943,-23.49767003946866,-76.7235604238131,10.385738957971206,195.57557849392916,-5.961691198481865,-231.37068932874575,-24.899052807969824,-23.09016983538138,-79.36028571867845,-1.3674139601550603,35.90000351066686,1.3002211359310856,-31.646297270920115,-1.142287916570119,-0.4075002040872775,2.6367252948653572
NCAR,CESM2-WACCM,r1i1p1f1,gn,ssp245,2055-03,2055,3,46.41427913577815,230.17533755219668,-28.29355756162918,-262.58578618300044,-18.358560556095817,-19.69048520159008,-52.33877281434065,52.34600267468988,199.48953926508008,-34.42371965033548,-236.7508496922062,-20.85710861632136,-20.373539266184096,-60.56967528527718,-5.931723538911726,30.685798287116597,6.1301620887062995,-25.834936490794234,2.4985480602255414,0.6830540645940175,8.230902470936527
NCAR,CESM2-WACCM,r1i1p1f1,gn,ssp245,2055-04,2055,4,127.70875501953496,250.93498821842957,-79.60726663263043,-282.6119093556426,-14.283349490398304,-17.672756754368805,-15.531538995075604,148.4263517975451,216.72984245488897,-100.49578385113533,-258.4648433761369,-13.984813605344282,-15.80226050010748,-23.59150708028995,-20.717596778010133,34.2051457635406,20.8885172185049,-24.14706597950567,-0.2985358850540223,-1.870496254261326,8.059968085214347
NCAR,CESM2-WACCM,r1i1p1f1,gn,ssp245,2055-05,2055,5,210.65536562601775,278.6967611877076,-119.47718121298801,-307.3350313967139,-6.430497215624807,-12.597645930350579,43.511771058048105,230.97572059279568,260.9168771007636,-147.350178023134,-296.4210780752247,-8.42963842864043,-13.368998020843918,26.322705145716213,-20.320354966777927,17.77988408694398,27.872996810145978,-10.913953321489146,1.9991412130156236,0.7713520904933393,17.18906591233189
NCAR,CESM2-WACCM,r1i1p1f1,gn,ssp245,2055-06,2055,6,214.810549090846,304.9102072460859,-77.88727715336357,-324.43631918210366,-3.5058403354412975,-10.411145011219155,103.48017465480422,229.4053676740754,296.8800857108836,-116.00451780204455,-318.9062131313004,-4.049380336574811,-11.48764164916818,75.83770046587108,-14.594818583229397,8.03012153520234,38.117240648680976,-5.530106050803283,0.5435400011335134,1.0764966379490257,27.642474188933136
NCAR,CESM2-WACCM,r1i1p1f1,gn,ssp245,2055-07,2055,7,143.46072694971534,319.8032636479786,-23.36122618926553,-331.0318595747187,-0.8735379426417508,-6.8033386063490955,101.19402828471884,167.28392393654957,309.3164516077261,-59.40260923806807,-324.12606880488454,-2.2717320425952057,-9.161909245871227,81.63805621285663,-23.823196986834233,10.486812040252516,36.04138304880254,-6.905790769834141,1.398194099953455,2.3585706395221315,19.555972071862215
NCAR,CESM2-WACCM,r1i1p1f1,gn,ssp245,2055-08,2055,8,89.82984612059627,320.71463727691247,-9.007687207006933,-333.7564322155043,-1.686794530861307,-8.052942960267409,58.04062648386884,106.60594156560862,307.0192301231463,-30.971484870242,-324.3886704459015,-3.1681999649659307,-11.50649087877609,43.59032552886945,-16.776095445012345,13.695407153766155,21.96379766323507,-9.367761769602794,1.4814054341046237,3.453547918508681,14.450300954999392
NCAR,CESM2-WACCM,r1i1p1f1,gn,ssp245,2055-09,2055,9,44.98965691493566,311.1671201798795,-4.391159302459343,-331.8606998777868,-5.478530976013084,-18.162503376500744,-3.7361164379448155,54.89830463739902,288.9866461711278,-16.49764968729072,-315.33848147263296,-9.098186561522688,-19.40690265700391,-16.456269569923517,-9.908647722463364,22.180474008751673,12.106490384831378,-16.522218405153808,3.619655585509604,1.244399280503167,12.720153131978702
NCAR,CESM2-WACCM,r1i1p1f1,gn,ssp245,2055-10,2055,10,14.928006419958846,285.5309392817907,-1.718261526052058,-323.36811207737986,-15.551849553804738,-35.29219105479547,-75.47146851028259,15.9193122787883,256.89747343904895,-4.380194310946924,-291.697864388461,-19.062866206999274,-25.57814248566332,-67.90228167423336,-0.9913058588294543,28.63346584274177,2.6619327848948657,-31.670247688918835,3.5110166531945364,-9.714048569132146,-7.5691868360492265
NCAR,CESM2-WACCM,r1i1p1f1,gn,ssp245,2055-11,2055,11,2.5134781457728725,266.0729188388496,-0.31491305058117824,-308.77776582800504,-29.04915329406615,-43.843318247776715,-113.39875343580664,2.5925275075676772,226.74750459235383,-0.5328379026360872,-264.97601499925315,-26.070306271323897,-26.466079860120846,-88.70520693341243,-0.0790493617948047,39.32541424649577,0.21792485205490897,-43.80175082875189,-2.9788470227422543,-17.37723838765587,-24.693546502394213
NCAR,CESM2-WACCM,r1i1p1f1,gn,ssp245,2055-12,2055,12,0.5899355526704955,247.33317851861062,-0.07403975666444088,-286.50883108420794,-32.72578386514502,-33.704683774004394,-105.09022440874068,0.6773264413565148,205.25541358021636,-0.21629244537056036,-244.35942714392272,-27.52562905630308,-25.26915405374307,-91.43776267776657,-0.0873908886860193,42.07776493839427,0.14225268870611948,-42.149403940285225,-5.200154808841937,-8.435529720261325,-13.65246173097411
NCAR,CESM2-WACCM,r1i1p1f1,gn,ssp245,2056-01,2056,1,1.4249479701436534,220.01634658077484,-0.45514742251483864,-261.71329308228036,-31.900652790817613,-30.78010806275173,-103.40790680744607,1.6579286852252568,196.20551484935447,-0.7660732495860045,-233.69317904034412,-26.446030144367764,-23.962358246853956,-87.00419714657214,-0.23298071508160345,23.810831731420365,0.3109258270711659,-28.02011404193624,-5.454622646449849,-6.817749815897773,-16.40370966087393
NCAR,CESM2-WACCM,r1i1p1f1,gn,ssp245,2056-02,2056,2,8.611335967241716,222.08560768644236,-4.428131272955056,-255.62919495969336,-30.9707447324747,-27.07898989661444,-87.41011720805348,10.385738957971206,195.57557849392916,-5.961691198481865,-231.37068932874575,-24.899052807969824,-23.09016983538138,-79.36028571867845,-1.7744029907294898,26.5100291925132,1.5335599255268084,-24.25850563094761,-6.071691924504876,-3.98882006123306,-8.049831489375023
NCAR,CESM2-WACCM,r1i1p1f1,gn,ssp245,2056-03,2056,3,47.1055403402466,220.72955347504234,-29.070415414234272,-256.1720590338089,-21.948711210617954,-20.58435350648444,-59.94044534985667,52.34600267468988,199.48953926508008,-34.42371965033548,-236.7508496922062,-20.85710861632136,-20.373539266184096,-60.56967528527718,-5.240462334443279,21.240014209962254,5.353304236101206,-19.42120934160272,-1.091602594296596,-0.21081424030034412,0.6292299354205113
NCAR,CESM2-WACCM,r1i1p1f1,gn,ssp245,2056-04,2056,4,129.79336711760465,248.25749028890212,-82.70919586990193,-280.2472423879743,-12.72488875342434,-15.208459793825275,-12.838929398619065,148.4263517975451,216.72984245488897,-100.49578385113533,-258.4648433761369,-13.984813605344282,-15.80226050010748,-23.59150708028995,-18.63298467994045,31.527647834013152,17.786587981233396,-21.782399011837413,1.2599248519199424,0.5938007062822042,10.752577681670886
NCAR,CESM2-WACCM,r1i1p1f1,gn,ssp245,2056-05,2056,5,205.9255415310652,284.37786966087043,-112.17003171177639,-311.5069797902187,-5.421802735290547,-12.949844382498705,48.25475257215132,230.97572059279568,260.9168771007636,-147.350178023134,-296.4210780752247,-8.42963842864043,-13.368998020843918,26.322705145716213,-25.05017906173049,23.46099256010683,35.1801463113576,-15.085901714993952,3.0078356933498833,0.4191536383452128,21.932047426435105
NCAR,CESM2-WACCM,r1i1p1f1,gn,ssp245,2056-06,2056,6,199.67118831290009,308.88062435279215,-74.13565007000555,-324.4294840688461,-3.6760020324174185,-9.094413080987,97.21626341343618,229.4053676740754,296.8800857108836,-116.00451780204455,-318.9062131313004,-4.049380336574811,-11.48764164916818,75.83770046587108,-29.734179361175308,12.000538641908577,41.86886773203899,-5.523270937545703,0.37337830415739237,2.393228568181181,21.3785629475651
NCAR,CESM2-WACCM,r1i1p1f1,gn,ssp245,2056-07,2056,7,142.81476715520606,318.520798680327,-27.000046504374595,-330.0792142676125,-1.3451746964919578,-7.407410193703428,95.50372017335062,167.28392393654957,309.3164516077261,-59.40260923806807,-324.12606880488454,-2.2717320425952057,-9.161909245871227,81.63805621285663,-24.469156781343514,9.20434707260091,32.40256273369347,-5.953145462727946,0.9265573461032479,1.754499052167799,13.86566396049399
NCAR,CESM2-WACCM,r1i1p1f1,gn,ssp245,2056-08,2056,8,88.25243889171621,319.2085197702769,-9.71476536811034,-332.02150178112043,-3.050576979129295,-9.557975459307633,53.11613907432539,106.60594156560862,307.0192301231463,-30.971484870242,-324.3886704459015,-3.1681999649659307,-11.50649087877609,43.59032552886945,-18.353502673892407,12.189289647130579,21.25671950213166,-7.6328313352189525,0.11762298583663577,1.9485154194684569,9.52581354545594
NCAR,CESM2-WACCM,r1i1p1f1,gn,ssp245,2056-09,2056,9,47.56834215769203,305.7203503314356,-4.816764051311053,-329.699433809098,-5.14678662355222,-18.14229863790643,-4.516590632740087,54.89830463739902,288.9866461711278,-16.49764968729072,-315.33848147263296,-9.098186561522688,-19.40690265700391,-16.456269569923517,-7.329962479706992,16.73370416030781,11.680885635979667,-14.360952336465061,3.951399937970468,1.264604019097483,11.93967893718343
NCAR,CESM2-WACCM,r1i1p1f1,gn,ssp245,2056-10,2056,10,14.598416116063428,286.6098053850482,-1.7030011224714101,-321.8948711933965,-13.917141114076127,-31.19946529840813,-67.5062572272405,15.9193122787883,256.89747343904895,-4.380194310946924,-291.697864388461,-19.062866206999274,-25.57814248566332,-67.90228167423336,-1.320896162724873,29.712331945999267,2.6771931884755134,-30.197006804935484,5.145725092923147,-5.621322812744808,0.3960244469928682
NCAR,CESM2-WACCM,r1i1p1f1,gn,ssp245,2056-11,2056,11,2.538243088311021,266.83110709766174,-0.29869253783569816,-304.88581555346104,-26.017271902219367,-38.86261230472235,-100.69504211226564,2.5925275075676772,226.74750459235383,-0.5328379026360872,-264.97601499925315,-26.070306271323897,-26.466079860120846,-88.70520693341243,-0.05428441925665606,40.08360250530791,0.23414536480038906,-39.90980055420789,0.0530343691045303,-12.396532444601501,-11.989835178853212
NCAR,CESM2-WACCM,r1i1p1f1,gn,ssp245,2056-12,2056,12,0.6318819818141426,250.01853160863948,-0.07749796761391749,-288.46406149031293,-31.233037633152716,-35.48688415316807,-104.61106765379401,0.6773264413565148,205.25541358021636,-0.21629244537056036,-244.35942714392272,-27.52562905630308,-25.26915405374307,-91.43776267776657,-0.045444459542372195,44.76311802842312,0.1387944777566429,-44.10463434639021,-3.707408576849634,-10.217730099425001,-13.173304976027438
NCAR,CESM2-WACCM,r1i1p1f1,gn,ssp245,2057-01,2057,1,1.2870362850713926,236.06258669444537,-0.29423220599268235,-270.28325719827353,-27.680222951412812,-25.9561772582471,-86.86426663440935,1.6579286852252568,196.20551484935447,-0.7660732495860045,-233.69317904034412,-26.446030144367764,-23.962358246853956,-87.00419714657214,-0.37089240015386427,39.8570718450909,0.4718410435933222,-36.59007815792941,-1.2341928070450479,-1.9938190113931427,0.13993051216279184
NCAR,CESM2-WACCM,r1i1p1f1,gn,ssp245,2057-02,2057,2,8.995737778846625,224.54039991437608,-4.341770264435726,-257.73399522285234,-18.102195772296113,-19.399879028409455,-66.04170259477092,10.385738957971206,195.57557849392916,-5.961691198481865,-231.37068932874575,-24.899052807969824,-23.09016983538138,-79.36028571867845,-1.3900011791245817,28.964821420446924,1.6199209340461387,-26.36330589410659,6.79685703567371,3.6902908069719267,13.31858312390753
NCAR,CESM2-WACCM,r1i1p1f1,gn,ssp245,2057-03,2057,3,47.74705159660381,217.20701785939653,-29.519217498118824,-255.01124069955037,-31.60765402149724,-28.923757011620992,-80.10779977478707,52.34600267468988,199.48953926508008,-34.42371965033548,-236.7508496922062,-20.85710861632136,-20.373539266184096,-60.56967528527718,-4.598951078086067,17.717478594316447,4.904502152216654,-18.260391007344168,-10.750545405175881,-8.550217745436896,-19.53812448950989
NCAR,CESM2-WACCM,r1i1p1f1,gn,ssp245,2057-04,2057,4,135.43287357144254,239.35927745814766,-87.53384289643799,-274.6759211246693,-13.91262036550634,-14.93383844142894,-16.264071798452385,148.4263517975451,216.72984245488897,-100.49578385113533,-258.4648433761369,-13.984813605344282,-15.80226050010748,-23.59150708028995,-12.993478226102553,22.629435003258692,12.96194095469734,-16.211077748532375,0.0721932398379419,0.86842205867854,7.327435281837566
NCAR,CESM2-WACCM,r1i1p1f1,gn,ssp245,2057-05,2057,5,202.2865080667171,282.7721195025401,-116.30615769294891,-308.21472944395214,-7.035416551882534,-14.409371510419929,39.09295237005368,230.97572059279568,260.9168771007636,-147.350178023134,-296.4210780752247,-8.42963842864043,-13.368998020843918,26.322705145716213,-28.68921252607859,21.85524240177648,31.044020330185077,-11.79365136872741,1.3942218767578964,-1.0403734895760106,12.770247224337467
NCAR,CESM2-WACCM,r1i1p1f1,gn,ssp245,2057-06,2057,6,198.97487204590874,308.17013694394217,-73.75337630567871,-323.43109637322635,-3.3771799989813767,-8.926146700310133,97.65720961165432,229.4053676740754,296.8800857108836,-116.00451780204455,-318.9062131313004,-4.049380336574811,-11.48764164916818,75.83770046587108,-30.430495628166653,11.290051233058591,42.25114149636583,-4.524883241925977,0.6722003375934342,2.561494948858048,21.819509145783243
NCAR,CESM2-WACCM,r1i1p1f1,gn,ssp245,2057-07,2057,7,146.49387531807506,318.40796004665486,-26.328022714199452,-329.21232219155956,-1.4988090961408065,-6.918473221905835,100.94420814092425,167.28392393654957,309.3164516077261,-59.40260923806807,-324.12606880488454,-2.2717320425952057,-9.161909245871227,81.63805621285663,-20.790048618474515,9.09150843892877,33.07458652386862,-5.0862533866750255,0.7729229464543992,2.2434360239653923,19.30615192806762
NCAR,CESM2-WACCM,r1i1p1f1,gn,ssp245,2057-08,2057,8,88.39167100878123,319.15205213261163,-8.71914011704087,-332.12197775231414,-2.581823533570566,-7.677084580069898,56.44369715839742,106.60594156560862,307.0192301231463,-30.971484870242,-324.3886704459015,-3.1681999649659307,-11.50649087877609,43.59032552886945,-18.214270556827387,12.132822009465315,22.25234475320113,-7.733307306412655,0.5863764313953648,3.829406298706192,12.85337162952797
NCAR,CESM2-WACCM,r1i1p1f1,gn,ssp245,2057-09,2057,9,48.916498862756,301.15443012067755,-5.066463556621132,-329.05798401011174,-6.946249118965604,-23.302104280382085,-14.301871982647054,54.89830463739902,288.9866461711278,-16.49764968729072,-315.33848147263296,-9.098186561522688,-19.40690265700391,-16.456269569923517,-5.981805774643021,12.167783949549744,11.43118613066959,-13.719502537478775,2.1519374425570836,-3.895201623378174,2.1543975872764634
NCAR,CESM2-WACCM,r1i1p1f1,gn,ssp245,2057-10,2057,10,14.503366569347593,286.8812535234406,-1.7576060328099639,-320.45025713711215,-12.80845227929545,-27.80530596512369,-61.4370013215531,15.9193122787883,256.89747343904895,-4.380194310946924,-291.697864388461,-19.062866206999274,-25.57814248566332,-67.90228167423336,-1.4159457094407077,29.98378008439164,2.62258827813696,-28.75239274865112,6.254413927703824,-2.227163479460369,6.465280352680267
NCAR,CESM2-WACCM,r1i1p1f1,gn,ssp245,2057-11,2057,11,2.3539002692963877,269.7443842028382,-0.2755741704387703,-305.3051440879957,-22.7094059366767,-33.13336066556421,-89.32520038854076,2.5925275075676772,226.74750459235383,-0.5328379026360872,-264.97601499925315,-26.070306271323897,-26.466079860120846,-88.70520693341243,-0.2386272382712895,42.99687961048437,0.2572637321973169,-40.32912908874255,3.360900334647198,-6.667280805443365,-0.6199934551283377
NCAR,CESM2-WACCM,r1i1p1f1,gn,ssp245,2057-12,2057,12,0.561499926629029,246.32990737406672,-0.06898878554252506,-284.6033260492373,-32.71370957932997,-33.236563630584286,-103.73118074399832,0.6773264413565148,205.25541358021636,-0.21629244537056036,-244.35942714392272,-27.52562905630308,-25.26915405374307,-91.43776267776657,-0.11582651472748573,41.074493793850365,0.14730365982803528,-40.24389890531458,-5.1880805230268905,-7.9674095768412165,-12.293418066231752
NCAR,CESM2-WACCM,r1i1p1f1,gn,ssp245,2058-01,2058,1,1.3907097427717643,219.6985142657419,-0.3927061868469826,-259.0063401870356,-29.22060293393088,-27.011002099757192,-94.54142739905701,1.6579286852252568,196.20551484935447,-0.7660732495860045,-233.69317904034412,-26.446030144367764,-23.962358246853956,-87.00419714657214,-0.26721894245349254,23.49299941638742,0.3733670627390219,-25.3131611466915,-2.7745727895631163,-3.0486438529032363,-7.537230252484875
NCAR,CESM2-WACCM,r1i1p1f1,gn,ssp245,2058-02,2058,2,9.226127422633088,220.31861324599726,-4.4668308975804,-256.1441950424614,-26.47614889338072,-25.325854078675906,-82.86828824346806,10.385738957971206,195.57557849392916,-5.961691198481865,-231.37068932874575,-24.899052807969824,-23.09016983538138,-79.36028571867845,-1.1596115353381187,24.743034752068098,1.4948603009014647,-24.773505713715622,-1.577096085410897,-2.235684243294525,-3.508002524789603
NCAR,CESM2-WACCM,r1i1p1f1,gn,ssp245,2058-03,2058,3,46.12019729155356,229.1069376014507,-28.03101962418515,-262.46147510743896,-24.139382373095657,-25.110139920264803,-64.51488213198027,52.34600267468988,199.48953926508008,-34.42371965033548,-236.7508496922062,-20.85710861632136,-20.373539266184096,-60.56967528527718,-6.2258053831363185,29.617398336370627,6.3927000261503295,-25.710625415232755,-3.2822737567742983,-4.736600654080707,-3.945206846703094
NCAR,CESM2-WACCM,r1i1p1f1,gn,ssp245,2058-04,2058,4,132.5073446538784,242.14886859648078,-84.31958359927582,-274.217825916579,-11.695728198492894,-11.78964247521061,-7.3665669391990924,148.4263517975451,216.72984245488897,-100.49578385113533,-258.4648433761369,-13.984813605344282,-15.80226050010748,-23.59150708028995,-15.919007143666704,25.419026141591814,16.176200251859512,-15.752982540442076,2.289085406851388,4.01261802489687,16.22494014109086
NCAR,CESM2-WACCM,r1i1p1f1,gn,ssp245,2058-05,2058,5,208.54256490630894,283.25947536592054,-119.00082881131839,-309.8405819051206,-5.536622290656926,-11.95579871426321,45.46820855087036,230.97572059279568,260.9168771007636,-147.350178023134,-296.4210780752247,-8.42963842864043,-13.368998020843918,26.322705145716213,-22.433155686486742,22.342598265156937,28.349349211815607,-13.41950382989586,2.893016137983505,1.413199306580708,19.145503405154145
NCAR,CESM2-WACCM,r1i1p1f1,gn,ssp245,2058-06,2058,6,202.82656818178353,307.71875775089256,-79.08434247521313,-324.0597024855422,-4.412056376503757,-9.794091200703727,93.19513339471327,229.4053676740754,296.8800857108836,-116.00451780204455,-318.9062131313004,-4.049380336574811,-11.48764164916818,75.83770046587108,-26.578799492291864,10.838672040008987,36.92017532683141,-5.153489354241799,-0.3626760399289459,1.6935504484644532,17.357432928842186
NCAR,CESM2-WACCM,r1i1p1f1,gn,ssp245,2058-07,2058,7,150.6273287388093,317.57114144179195,-28.837323890952067,-329.64790238738146,-1.0453463396363845,-7.2455569703272555,101.42234059230408,167.28392393654957,309.3164516077261,-59.40260923806807,-324.12606880488454,-2.2717320425952057,-9.161909245871227,81.63805621285663,-16.656595197740273,8.254689834065857,30.565285347116,-5.5218335824969245,1.2263857029588212,1.9163522755439715,19.784284379447456
NCAR,CESM2-WACCM,r1i1p1f1,gn,ssp245,2058-08,2058,8,90.69070231685555,317.95101244733917,-9.593424794124937,-331.63265349800054,-1.7454995107735478,-8.770993688663708,56.899143272632,106.60594156560862,307.0192301231463,-30.971484870242,-324.3886704459015,-3.1681999649659307,-11.50649087877609,43.59032552886945,-15.915239248753068,10.931782324192852,21.378060076117066,-7.243983052099054,1.422700454192383,2.7354971901123815,13.308817743762553
NCAR,CESM2-WACCM,r1i1p1f1,gn,ssp245,2058-09,2058,9,43.2401913901443,309.5701172381621,-4.3070976316943925,-329.07783619811966,-5.22359247466847,-16.32211803712283,-2.1203357132989726,54.89830463739902,288.9866461711278,-16.49764968729072,-315.33848147263296,-9.098186561522688,-19.40690265700391,-16.456269569923517,-11.658113247254725,20.58347106703428,12.190552055596328,-13.739354725486692,3.874594086854218,3.0847846198810807,14.335933856624544
NCAR,CESM2-WACCM,r1i1p1f1,gn,ssp245,2058-10,2058,10,14.770953731492183,286.47746753919046,-1.7576552506620258,-321.2611926720927,-12.032672016925877,-28.303119022714185,-62.10621769171217,15.9193122787883,256.89747343904895,-4.380194310946924,-291.697864388461,-19.062866206999274,-25.57814248566332,-67.90228167423336,-1.1483585472961177,29.579994100141505,2.6225390602848977,-29.563328283631677,7.030194190073397,-2.724976537050864,5.796063982521197
NCAR,CESM2-WACCM,r1i1p1f1,gn,ssp245,2058-11,2058,11,2.4733700776616465,263.71307857163293,-0.33106454164459614,-302.3184146816887,-29.091090060050078,-38.903865216324334,-104.45798585041314,2.5925275075676772,226.74750459235383,-0.5328379026360872,-264.97601499925315,-26.070306271323897,-26.466079860120846,-88.70520693341243,-0.11915742990603073,36.9655739792791,0.20177336099149107,-37.34239968243554,-3.020783788726181,-12.437785356203488,-15.752778917000711
NCAR,CESM2-WACCM,r1i1p1f1,gn,ssp245,2058-12,2058,12,0.5998515920486656,243.5083554168691,-0.07275355659750611,-281.80965674868077,-26.9075691428331,-29.55650835000929,-94.23828078920289,0.6773264413565148,205.25541358021636,-0.21629244537056036,-244.35942714392272,-27.52562905630308,-25.26915405374307,-91.43776267776657,-0.0774748493078492,38.25294183665275,0.14353888877305426,-37.45022960475805,0.6180599134699811,-4.287354296266223,-2.8005181114363182
NCAR,CESM2-WACCM,r1i1p1f1,gn,ssp245,2059-01,2059,1,1.4051177457746575,237.48833045306537,-0.39577583987758475,-271.2284508629231,-20.26225404003188,-21.0245870027697,-74.01761954676226,1.6579286852252568,196.20551484935447,-0.7660732495860045,-233.69317904034412,-26.446030144367764,-23.962358246853956,-87.00419714657214,-0.2528109394505993,41.2828156037109,0.3702974097084198,-37.535271822579006,6.183776104335884,2.9377712440842565,12.986577599809877
NCAR,CESM2-WACCM,r1i1p1f1,gn,ssp245,2059-02,2059,2,9.250096539921328,224.2152009595808,-4.549109407901647,-259.02177847215773,-26.560379127060326,-25.061837735943467,-81.72780724356106,10.385738957971206,195.57557849392916,-5.961691198481865,-231.37068932874575,-24.899052807969824,-23.09016983538138,-79.36028571867845,-1.135642418049878,28.639622465651655,1.4125817905802176,-27.65108914341198,-1.6613263190905023,-1.9716679005620854,-2.367521524882605
NCAR,CESM2-WACCM,r1i1p1f1,gn,ssp245,2059-03,2059,3,46.93934670325,223.78391018139217,-28.671603101275306,-259.1468165871371,-21.279720199910187,-20.806558755011405,-59.18144175869182,52.34600267468988,199.48953926508008,-34.42371965033548,-236.7508496922062,-20.85710861632136,-20.373539266184096,-60.56967528527718,-5.406655971439875,24.29437091631209,5.7521165490601724,-22.395966894930893,-0.42261158358882867,-0.4330194888273091,1.3882335265853598
NCAR,CESM2-WACCM,r1i1p1f1,gn,ssp245,2059-04,2059,4,129.2229880759905,245.88838332808373,-82.58501852367286,-277.16250165013236,-10.858023326985117,-11.49784923911886,-6.992021335834915,148.4263517975451,216.72984245488897,-100.49578385113533,-258.4648433761369,-13.984813605344282,-15.80226050010748,-23.59150708028995,-19.20336372155461,29.158540873194767,17.91076532746247,-18.697658273995444,3.126790278359165,4.304411260988619,16.599485744455038
NCAR,CESM2-WACCM,r1i1p1f1,gn,ssp245,2059-05,2059,5,199.2512184939189,286.9519379878675,-112.22380725361411,-309.84357139339977,-6.119830402473689,-11.113483023139969,46.90246440915891,230.97572059279568,260.9168771007636,-147.350178023134,-296.4210780752247,-8.42963842864043,-13.368998020843918,26.322705145716213,-31.72450209887677,26.035060887103896,35.12637076951988,-13.422493318175043,2.309808026166741,2.2555149977039495,20.579759263442696
NCAR,CESM2-WACCM,r1i1p1f1,gn,ssp245,2059-06,2059,6,214.65144269724095,304.5603672865569,-80.62926213800915,-324.0806590739544,-3.7178902986707376,-9.954990718080598,100.82900775508294,229.4053676740754,296.8800857108836,-116.00451780204455,-318.9062131313004,-4.049380336574811,-11.48764164916818,75.83770046587108,-14.75392497683444,7.680281575673348,35.37525566403539,-5.1744459426540175,0.3314900379040733,1.5326509310875824,24.99130728921186
NCAR,CESM2-WACCM,r1i1p1f1,gn,ssp245,2059-07,2059,7,145.66706424210886,320.15375835560036,-26.239691475744735,-330.5605491939992,-0.8645113738160498,-6.234132848672641,101.92193770547665,167.28392393654957,309.3164516077261,-59.40260923806807,-324.12606880488454,-2.2717320425952057,-9.161909245871227,81.63805621285663,-21.616859694440706,10.837306747874266,33.16291776232333,-6.43448038911464,1.4072206687791557,2.9277763971985857,20.283881492620026
NCAR,CESM2-WACCM,r1i1p1f1,gn,ssp245,2059-08,2059,8,92.7247891734374,319.3373917939873,-9.34258986120268,-332.9420777838552,-1.01269359981305,-6.2694529692383805,62.49536675331539,106.60594156560862,307.0192301231463,-30.971484870242,-324.3886704459015,-3.1681999649659307,-11.50649087877609,43.59032552886945,-13.881152392171217,12.318161670840993,21.628895009039322,-8.553407337953729,2.1555063651528807,5.237037909537709,18.905041224445938
NCAR,CESM2-WACCM,r1i1p1f1,gn,ssp245,2059-09,2059,9,46.8345172424417,303.7970437528807,-4.518549824651738,-330.4573833413638,-8.185673016701033,-23.669101930162565,-16.19914711755679,54.89830463739902,288.9866461711278,-16.49764968729072,-315.33848147263296,-9.098186561522688,-19.40690265700391,-16.456269569923517,-8.063787394957323,14.810397581752909,11.979099862638982,-15.118901868730859,0.912513544821655,-4.262199273158654,0.25712245236672615
NCAR,CESM2-WACCM,r1i1p1f1,gn,ssp245,2059-10,2059,10,14.70756125054979,287.62071543628844,-1.6536889786546354,-322.3210883498565,-15.24963831032844,-34.21420178131549,-71.11034073331683,15.9193122787883,256.89747343904895,-4.380194310946924,-291.697864388461,-19.062866206999274,-25.57814248566332,-67.90228167423336,-1.2117510282385098,30.723241997239484,2.7265053322922883,-30.623223961395468,3.813227896670835,-8.636059295652167,-3.2080590590834674
NCAR,CESM2-WACCM,r1i1p1f1,gn,ssp245,2059-11,2059,11,2.5054974206515404,260.4941203260531,-0.3181076196362698,-302.217074440752,-27.041560482224398,-36.31620120354137,-102.89332599944943,2.5925275075676772,226.74750459235383,-0.5328379026360872,-264.97601499925315,-26.070306271323897,-26.466079860120846,-88.70520693341243,-0.0870300869161369,33.74661573369929,0.2147302829998174,-37.24105944149886,-0.9712542109005007,-9.850121343420522,-14.188119066037004
NCAR,CESM2-WACCM,r1i1p1f1,gn,ssp245,2059-12,2059,12,0.5942218000997178,237.54460353833636,-0.07118542724196801,-279.976068201271,-31.232239922914953,-33.12855603343919,-106.26922424643104,0.6773264413565148,205.25541358021636,-0.21629244537056036,-244.35942714392272,-27.52562905630308,-25.26915405374307,-91.43776267776657,-0.08310464125679695,32.289189958120005,0.14510701812859234,-35.61664105734829,-3.7066108666118716,-7.85940197969612,-14.831461568664466
NCAR,CESM2-WACCM,r1i1p1f1,gn,ssp245,2060-01,2060,1,1.3954225877490425,220.01010991650892,-0.42415320384029787,-258.71021483967,-30.258085465663928,-25.710908991806853,-93.69782999672313,1.6579286852252568,196.20551484935447,-0.7660732495860045,-233.69317904034412,-26.446030144367764,-23.962358246853956,-87.00419714657214,-0.26250609747621434,23.80459506715445,0.34192004574570667,-25.017035799325896,-3.812055321296164,-1.7485507449528974,-6.6936328501509905
NCAR,CESM2-WACCM,r1i1p1f1,gn,ssp245,2060-02,2060,2,9.09424292284847,222.88930079752933,-4.68158544760224,-256.0725174820347,-26.500828956837086,-24.604230062111366,-79.87561822820757,10.385738957971206,195.57557849392916,-5.961691198481865,-231.37068932874575,-24.899052807969824,-23.09016983538138,-79.36028571867845,-1.2914960351227371,27.313722303600173,1.280105750879625,-24.701828153288943,-1.6017761488672626,-1.5140602267299847,-0.5153325095291166
NCAR,CESM2-WACCM,r1i1p1f1,gn,ssp245,2060-03,2060,3,47.83064097981523,214.82921862290158,-29.752599032481893,-251.42832322253767,-27.094520496237184,-23.7623311048441,-69.37791425338406,52.34600267468988,199.48953926508008,-34.42371965033548,-236.7508496922062,-20.85710861632136,-20.373539266184096,-60.56967528527718,-4.515361694874649,15.339679357821495,4.671120617853585,-14.677473530331469,-6.237411879915825,-3.388791838660005,-8.808238968106885
NCAR,CESM2-WACCM,r1i1p1f1,gn,ssp245,2060-04,2060,4,130.9846642339297,246.43000241348437,-83.96511392515934,-280.2609140086017,-12.401708446111328,-17.039036538575232,-16.252106271033554,148.4263517975451,216.72984245488897,-100.49578385113533,-258.4648433761369,-13.984813605344282,-15.80226050010748,-23.59150708028995,-17.441687563615403,29.700159958595407,16.530669925975985,-21.79607063246476,1.5831051592329537,-1.2367760384677524,7.3394008092563965
NCAR,CESM2-WACCM,r1i1p1f1,gn,ssp245,2060-05,2060,5,208.57001994533027,279.1139496033984,-120.51588331980356,-306.9110698763199,-5.677081541221108,-12.972607078316281,41.60732773306782,230.97572059279568,260.9168771007636,-147.350178023134,-296.4210780752247,-8.42963842864043,-13.368998020843918,26.322705145716213,-22.40570064746541,18.197072502634796,26.83429470333043,-10.489991801095186,2.7525568874193223,0.3963909425276366,15.284622587351606
NCAR,CESM2-WACCM,r1i1p1f1,gn,ssp245,2060-06,2060,6,220.12825488445245,302.10336577318094,-95.00649592368984,-322.19799661233054,-4.335893896026373,-9.703410671735684,90.98782355385092,229.4053676740754,296.8800857108836,-116.00451780204455,-318.9062131313004,-4.049380336574811,-11.48764164916818,75.83770046587108,-9.277112789622947,5.223280062297363,20.998021878354706,-3.2917834810301656,-0.28651355945156176,1.7842309774324967,15.150123087979836
NCAR,CESM2-WACCM,r1i1p1f1,gn,ssp245,2060-07,2060,7,145.96940727822485,318.79545371190517,-33.117145004622756,-328.8840500588885,-1.892760561580636,-6.014867865972982,94.85603749906517,167.28392393654957,309.3164516077261,-59.40260923806807,-324.12606880488454,-2.2717320425952057,-9.161909245871227,81.63805621285663,-21.31451665832472,9.479002104179074,26.28546423344531,-4.757981254003937,0.3789714810145697,3.147041379898245,13.217981286208541
NCAR,CESM2-WACCM,r1i1p1f1,gn,ssp245,2060-08,2060,8,92.1930168324973,319.1311432417834,-12.039248743903906,-331.06924894436185,-1.6625298047005321,-6.291846737759034,60.26128584355541,106.60594156560862,307.0192301231463,-30.971484870242,-324.3886704459015,-3.1681999649659307,-11.50649087877609,43.59032552886945,-14.41292473311131,12.111913118637062,18.932236126338097,-6.680578498460363,1.5056701602653986,5.214644141017056,16.670960314685964
NCAR,CESM2-WACCM,r1i1p1f1,gn,ssp245,2060-09,2060,9,43.96053505955965,310.0056830969161,-4.944356175732417,-328.7326261105206,-7.293410152234967,-17.147943277699724,-4.15211755971195,54.89830463739902,288.9866461711278,-16.49764968729072,-315.33848147263296,-9.098186561522688,-19.40690265700391,-16.456269569923517,-10.937769577839369,21.01903692578827,11.553293511558305,-13.39414463788762,1.8047764092877214,2.258959379304187,12.304152010211567
NCAR,CESM2-WACCM,r1i1p1f1,gn,ssp245,2060-10,2060,10,13.361505068838534,291.33600657815384,-1.559050287138521,-320.16001926877783,-14.103517946805143,-28.474754793431064,-59.59983064916017,15.9193122787883,256.89747343904895,-4.380194310946924,-291.697864388461,-19.062866206999274,-25.57814248566332,-67.90228167423336,-2.5578072099497664,34.43853313910489,2.8211440238084027,-28.462154880316803,4.959348260194131,-2.896612307767743,8.302451025073196
NCAR,CESM2-WACCM,r1i1p1f1,gn,ssp245,2060-11,2060,11,2.632596480078727,261.53624904223653,-0.3236210448358657,-301.3163106649004,-26.596969771446496,-35.59802055526964,-99.66607651413715,2.5925275075676772,226.74750459235383,-0.5328379026360872,-264.97601499925315,-26.070306271323897,-26.466079860120846,-88.70520693341243,0.04006897251104968,34.7887444498827,0.20921685780022153,-36.34029566564726,-0.5266635001225985,-9.131940695148796,-10.960869580724719
NCAR,CESM2-WACCM,r1i1p1f1,gn,ssp245,2060-12,2060,12,0.6188090573725735,233.2604173961302,-0.08389529329427381,-274.55556737366175,-22.087638838063693,-22.887339000498276,-85.7352140520152,0.6773264413565148,205.25541358021636,-0.21629244537056036,-244.35942714392272,-27.52562905630308,-25.26915405374307,-91.43776267776657,-0.05851738398394124,28.005003815913852,0.13239715207628655,-30.19614022973903,5.437990218239388,2.381815053244793,5.702548625751376
NCAR,CESM2-WACCM,r1i1p1f1,gn,ssp245,2061-01,2061,1,1.413490916874828,217.30856495727286,-0.433878308302906,-256.6185715393507,-33.71111087655308,-27.92180072729256,-99.96330557735153,1.6579286852252568,196.20551484935447,-0.7660732495860045,-233.69317904034412,-26.446030144367764,-23.962358246853956,-87.00419714657214,-0.24443776835042885,21.103050107918392,0.3321949412830985,-22.925392499006563,-7.265080732185314,-3.9594424804386037,-12.959108430779395
NCAR,CESM2-WACCM,r1i1p1f1,gn,ssp245,2061-02,2061,2,9.44182189462232,214.05885838769103,-4.820106543671652,-248.2300947952551,-23.769892648908254,-17.68242258561762,-71.00183629113927,10.385738957971206,195.57557849392916,-5.961691198481865,-231.37068932874575,-24.899052807969824,-23.09016983538138,-79.36028571867845,-0.943917063348886,18.483279893761875,1.141584654810213,-16.859405466509344,1.1291601590615699,5.407747249763762,8.358449427539185
NCAR,CESM2-WACCM,r1i1p1f1,gn,ssp245,2061-03,2061,3,47.50547472366836,223.3179376415325,-30.270182833282178,-255.5439636310882,-17.74023024949069,-15.114813615940434,-47.84577796460064,52.34600267468988,199.48953926508008,-34.42371965033548,-236.7508496922062,-20.85710861632136,-20.373539266184096,-60.56967528527718,-4.840527951021521,23.828398376452412,4.1535368170533005,-18.793113938881987,3.1168783668306688,5.258725650243662,12.723897320676535
NCAR,CESM2-WACCM,r1i1p1f1,gn,ssp245,2061-04,2061,4,129.77975299878312,240.6622905559987,-84.6020222944052,-272.33001782336646,-16.596841427382582,-14.94524196124959,-18.03207995162203,148.4263517975451,216.72984245488897,-100.49578385113533,-258.4648433761369,-13.984813605344282,-15.80226050010748,-23.59150708028995,-18.64659879876197,23.932448101109742,15.893761556730126,-13.865174447229549,-2.6120278220383,0.8570185388578899,5.55942712866792
NCAR,CESM2-WACCM,r1i1p1f1,gn,ssp245,2061-05,2061,5,200.46873356911067,286.5126162193033,-114.2584820007475,-308.66191346273445,-6.73671044368616,-10.48399529546678,46.84024858577908,230.97572059279568,260.9168771007636,-147.350178023134,-296.4210780752247,-8.42963842864043,-13.368998020843918,26.322705145716213,-30.506987023685014,25.59573911853971,33.091696022386486,-12.24083538750972,1.6929279849542702,2.885002725377138,20.517543440062866
NCAR,CESM2-WACCM,r1i1p1f1,gn,ssp245,2061-06,2061,6,194.53832138489375,309.6962768377693,-73.10141087554008,-323.2596539416009,-2.9440632075370696,-9.020063531463869,95.90940666652116,229.4053676740754,296.8800857108836,-116.00451780204455,-318.9062131313004,-4.049380336574811,-11.48764164916818,75.83770046587108,-34.867046289181644,12.816191126885712,42.903106926504464,-4.353440810300526,1.1053171290377413,2.4675781177043117,20.071706200650084
NCAR,CESM2-WACCM,r1i1p1f1,gn,ssp245,2061-07,2061,7,143.43426302517278,319.4057125819655,-26.582925176423178,-328.6307733381775,-0.8231128672276385,-5.304975530932752,101.49818869437719,167.28392393654957,309.3164516077261,-59.40260923806807,-324.12606880488454,-2.2717320425952057,-9.161909245871227,81.63805621285663,-23.849660911376787,10.08926097423938,32.81968406164489,-4.504704533292966,1.448619175367567,3.8569337149384753,19.860132481520566
NCAR,CESM2-WACCM,r1i1p1f1,gn,ssp245,2061-08,2061,8,92.41097364156028,319.06903576973724,-9.40864649974131,-331.51784924492887,-0.5584849081710194,-6.177653317373827,63.81737544108243,106.60594156560862,307.0192301231463,-30.971484870242,-324.3886704459015,-3.1681999649659307,-11.50649087877609,43.59032552886945,-14.194967924048342,12.049805646590926,21.562838370500693,-7.129178799027386,2.6097150567949114,5.3288375614022625,20.227049912212983
NCAR,CESM2-WACCM,r1i1p1f1,gn,ssp245,2061-09,2061,9,46.34030048278087,307.2374982974246,-4.519236359037237,-329.1872790320133,-4.8609033580973975,-16.533353856454234,-1.522973825396635,54.89830463739902,288.9866461711278,-16.49764968729072,-315.33848147263296,-9.098186561522688,-19.40690265700391,-16.456269569923517,-8.558004154618153,18.25085212629682,11.978413328253485,-13.84879755938033,4.2372832034252905,2.8735488005496777,14.933295744526882
NCAR,CESM2-WACCM,r1i1p1f1,gn,ssp245,2061-10,2061,10,14.34284597276352,289.3922037214093,-1.6529398983028203,-321.2251301354959,-11.258000916275817,-24.646679092718024,-55.047700348619664,15.9193122787883,256.89747343904895,-4.380194310946924,-291.697864388461,-19.062866206999274,-25.57814248566332,-67.90228167423336,-1.5764663060247806,32.494730282360365,2.727254412644103,-29.527265747034846,7.804865290723457,0.9314633929452967,12.854581325613701
NCAR,CESM2-WACCM,r1i1p1f1,gn,ssp245,2061-11,2061,11,2.336125166969044,267.3698868026228,-0.28178305334316645,-304.3764258791239,-22.894292138673425,-29.570772016318216,-87.41726111786687,2.5925275075676772,226.74750459235383,-0.5328379026360872,-264.97601499925315,-26.070306271323897,-26.466079860120846,-88.70520693341243,-0.2564023405986333,40.62238221026894,0.25105484929292077,-39.40041087987072,3.1760141326504723,-3.1046921561973697,1.2879458155455552
NCAR,CESM2-WACCM,r1i1p1f1,gn,ssp245,2061-12,2061,12,0.6052579951537154,226.21416576250334,-0.07994737370946552,-272.232821846045,-36.10329814703593,-34.27388478073805,-115.8705283898714,0.6773264413565148,205.25541358021636,-0.21629244537056036,-244.35942714392272,-27.52562905630308,-25.26915405374307,-91.43776267776657,-0.0720684462027994,20.958752182286986,0.13634507166109483,-27.873394702122283,-8.577669090732847,-9.004730726994982,-24.432765712104825
NCAR,CESM2-WACCM,r1i1p1f1,gn,ssp245,2062-01,2062,1,1.3380135977057603,233.49608403323975,-0.35829460357382664,-267.40653374332703,-28.392573479417297,-26.827637009169457,-88.15094120454211,1.6579286852252568,196.20551484935447,-0.7660732495860045,-233.69317904034412,-26.446030144367764,-23.962358246853956,-87.00419714657214,-0.3199150875194965,37.29056918388528,0.4077786460121779,-33.71335470298291,-1.9465433350495331,-2.8652787623155014,-1.1467440579699684
NCAR,CESM2-WACCM,r1i1p1f1,gn,ssp245,2062-02,2062,2,9.385190652449515,223.84714406339728,-4.604492600184733,-257.5284114201644,-27.925808575705073,-25.821405021593534,-82.64778290180092,10.385738957971206,195.57557849392916,-5.961691198481865,-231.37068932874575,-24.899052807969824,-23.09016983538138,-79.36028571867845,-1.0005483055216917,28.271565569468123,1.3571985982971322,-26.157722091418634,-3.0267557677352492,-2.731235186212153,-3.2874971831224684
NCAR,CESM2-WACCM,r1i1p1f1,gn,ssp245,2062-03,2062,3,46.51639267115368,223.0401160533318,-29.75278383998676,-256.8067001898828,-25.19930112032629,-23.60068362279159,-65.80296004850197,52.34600267468988,199.48953926508008,-34.42371965033548,-236.7508496922062,-20.85710861632136,-20.373539266184096,-60.56967528527718,-5.829610003536196,23.550576788251703,4.67093581034872,-20.0558504976766,-4.342192504004931,-3.227144356607493,-5.233284763224795
NCAR,CESM2-WACCM,r1i1p1f1,gn,ssp245,2062-04,2062,4,131.30854982790524,244.42591338516243,-86.83940310863233,-277.293939430562,-14.27343998760115,-14.614170330248475,-17.28648964397626,148.4263517975451,216.72984245488897,-100.49578385113533,-258.4648433761369,-13.984813605344282,-15.80226050010748,-23.59150708028995,-17.117801969639856,27.696070930273464,13.656380742503003,-18.829096054425065,-0.28862638225686865,1.188090169859004,6.30501743631369
NCAR,CESM2-WACCM,r1i1p1f1,gn,ssp245,2062-05,2062,5,210.04521331841474,279.591550151053,-123.26279774148088,-306.1041335019959,-7.5617617121053575,-12.78389266361443,39.92417785027118,230.97572059279568,260.9168771007636,-147.350178023134,-296.4210780752247,-8.42963842864043,-13.368998020843918,26.322705145716213,-20.930507274380943,18.674673050289414,24.08738028165311,-9.683055426771148,0.8678767165350729,0.5851053572294873,13.601472704554965
NCAR,CESM2-WACCM,r1i1p1f1,gn,ssp245,2062-06,2062,6,213.06040108289156,307.79924590011666,-86.13807539219175,-322.874752761999,-3.17949707602373,-6.911890402336019,101.75543135045776,229.4053676740754,296.8800857108836,-116.00451780204455,-318.9062131313004,-4.049380336574811,-11.48764164916818,75.83770046587108,-16.344966591183834,10.919160189233082,29.866442409852795,-3.968539630698615,0.8698832605510809,4.575751246832161,25.917730884586675
NCAR,CESM2-WACCM,r1i1p1f1,gn,ssp245,2062-07,2062,7,152.7686920928841,318.3451908981222,-27.975647320205194,-329.5736474202302,-0.9823619997475104,-6.044556649698878,106.53766960112453,167.28392393654957,309.3164516077261,-59.40260923806807,-324.12606880488454,-2.2717320425952057,-9.161909245871227,81.63805621285663,-14.515231843665475,9.028739290396118,31.426961917862872,-5.4475786153456625,1.2893700428476953,3.117352596172349,24.89961338826791
NCAR,CESM2-WACCM,r1i1p1f1,gn,ssp245,2062-08,2062,8,87.11429681252942,319.4024665852781,-8.36120264475314,-331.55105797110906,-2.184994913997542,-7.848777827340131,56.57073004060764,106.60594156560862,307.0192301231463,-30.971484870242,-324.3886704459015,-3.1681999649659307,-11.50649087877609,43.59032552886945,-19.4916447530792,12.383236462131777,22.61028222548886,-7.162387525207578,0.9832050509683885,3.657713051435959,12.980404511738193
NCAR,CESM2-WACCM,r1i1p1f1,gn,ssp245,2062-09,2062,9,45.19735630112014,309.58648704580486,-4.360652783988446,-330.1076270224396,-3.0651803645488567,-13.735276290434905,3.5151068855131893,54.89830463739902,288.9866461711278,-16.49764968729072,-315.33848147263296,-9.098186561522688,-19.40690265700391,-16.456269569923517,-9.700948336278884,20.599840874677056,12.136996903302276,-14.769145549806638,6.033006196973831,5.671626366569006,19.971376455436705
NCAR,CESM2-WACCM,r1i1p1f1,gn,ssp245,2062-10,2062,10,14.940546485427806,289.0547170597259,-1.7059915544314055,-322.6325296336751,-12.801520732722393,-29.725148191186403,-62.869926566861636,15.9193122787883,256.89747343904895,-4.380194310946924,-291.697864388461,-19.062866206999274,-25.57814248566332,-67.90228167423336,-0.9787657933604947,32.15724362067692,2.674202756515518,-30.93466524521409,6.261345474276881,-4.147005705523082,5.032355107371728
NCAR,CESM2-WACCM,r1i1p1f1,gn,ssp245,2062-11,2062,11,2.5921413561311946,269.56596568411237,-0.32329385511988984,-306.88085572444265,-21.06230043992108,-32.06605426635228,-88.17439724559236,2.5925275075676772,226.74750459235383,-0.5328379026360872,-264.97601499925315,-26.070306271323897,-26.466079860120846,-88.70520693341243,-0.0003861514364826846,42.818461091758536,0.20954404751619737,-41.9048407251895,5.008005831402816,-5.599974406231436,0.5308096878200672
NCAR,CESM2-WACCM,r1i1p1f1,gn,ssp245,2062-12,2062,12,0.5718162977122133,245.84264531458697,-0.06946656510122776,-282.5084962937898,-29.734734680532224,-27.587914533906154,-93.48615046103022,0.6773264413565148,205.25541358021636,-0.21629244537056036,-244.35942714392272,-27.52562905630308,-25.26915405374307,-91.43776267776657,-0.10551014364430145,40.58723173437062,0.1468258802693326,-38.149069149867074,-2.2091056242291423,-2.3187604801630854,-2.0483877832636495
NCAR,CESM2-WACCM,r1i1p1f1,gn,ssp245,2063-01,2063,1,1.345556779689402,222.6645471956423,-0.36875457767222625,-262.5121904393825,-34.37664271307191,-30.21160856268844,-103.45909231748337,1.6579286852252568,196.20551484935447,-0.7660732495860045,-233.69317904034412,-26.446030144367764,-23.962358246853956,-87.00419714657214,-0.3123719055358549,26.45903234628784,0.3973186719137783,-28.819011399038374,-7.930612568704145,-6.249250315834484,-16.45489517091123
NCAR,CESM2-WACCM,r1i1p1f1,gn,ssp245,2063-02,2063,2,9.899614449273335,220.48276349382786,-4.855364716375966,-257.72837572878,-23.400244323316517,-22.452491069985136,-78.05409789535642,10.385738957971206,195.57557849392916,-5.961691198481865,-231.37068932874575,-24.899052807969824,-23.09016983538138,-79.36028571867845,-0.4861245086978716,24.907184999898703,1.1063264821058985,-26.357686400034254,1.4988084846533063,0.6376787653962452,1.306187823322034
NCAR,CESM2-WACCM,r1i1p1f1,gn,ssp245,2063-03,2063,3,48.2603037982215,219.43571268396005,-30.05119587894887,-255.29033592107913,-20.65630786545119,-20.560936450998753,-58.86275963429639,52.34600267468988,199.48953926508008,-34.42371965033548,-236.7508496922062,-20.85710861632136,-20.373539266184096,-60.56967528527718,-4.085698876468378,19.946173418879965,4.372523771386607,-18.53948622887293,0.2008007508701688,-0.18739718481465673,1.7069156509807897
NCAR,CESM2-WACCM,r1i1p1f1,gn,ssp245,2063-04,2063,4,122.96768226698347,260.5887954413192,-77.28101677963737,-288.98942932884665,-12.63157231981683,-17.17813151062891,-12.523672230627124,148.4263517975451,216.72984245488897,-100.49578385113533,-258.4648433761369,-13.984813605344282,-15.80226050010748,-23.59150708028995,-25.45866953056162,43.85895298643021,23.21476707149796,-30.524585952709742,1.353241285527453,-1.3758710105214291,11.067834849662827
NCAR,CESM2-WACCM,r1i1p1f1,gn,ssp245,2063-05,2063,5,213.51402827587734,276.1743391971522,-124.66467181491265,-306.77828836564345,-6.202840652004424,-13.219191961735136,38.82337467873387,230.97572059279568,260.9168771007636,-147.350178023134,-296.4210780752247,-8.42963842864043,-13.368998020843918,26.322705145716213,-17.461692316918345,15.257462096388622,22.68550620822134,-10.35721029041872,2.2267977766360065,0.14980605910878175,12.500669533017657
NCAR,CESM2-WACCM,r1i1p1f1,gn,ssp245,2063-06,2063,6,215.31725216988107,305.52865967840813,-84.63678687555054,-323.4533420764302,-3.1655427427667213,-8.687230745672931,100.90300940786881,229.4053676740754,296.8800857108836,-116.00451780204455,-318.9062131313004,-4.049380336574811,-11.48764164916818,75.83770046587108,-14.08811550419432,8.648573967524555,31.367730926494005,-4.547128945129828,0.8838375938080896,2.8004109034952496,25.065308941997728
NCAR,CESM2-WACCM,r1i1p1f1,gn,ssp245,2063-07,2063,7,155.89201438713226,317.50571240112606,-29.79180506109763,-330.02863427337127,-2.4884491355399394,-7.383695333682942,103.7051429845665,167.28392393654957,309.3164516077261,-59.40260923806807,-324.12606880488454,-2.2717320425952057,-9.161909245871227,81.63805621285663,-11.391909549417306,8.189260793399967,29.610804176970436,-5.902565468486728,-0.21671709294473374,1.778213912188285,22.06708677170988
NCAR,CESM2-WACCM,r1i1p1f1,gn,ssp245,2063-08,2063,8,90.72570199124654,318.75996001436187,-9.206068123356987,-332.1184794036315,-1.7466144380679507,-8.768935605860229,57.6455644346917,106.60594156560862,307.0192301231463,-30.971484870242,-324.3886704459015,-3.1681999649659307,-11.50649087877609,43.59032552886945,-15.88023957436208,11.740729891215551,21.765416746885016,-7.729808957730029,1.42158552689798,2.737555272915861,14.05523890582225
NCAR,CESM2-WACCM,r1i1p1f1,gn,ssp245,2063-09,2063,9,46.83516448187829,306.38248511383273,-4.633685414275306,-330.18263788064553,-6.282561983080935,-18.35623209982117,-6.237467782111931,54.89830463739902,288.9866461711278,-16.49764968729072,-315.33848147263296,-9.098186561522688,-19.40690265700391,-16.456269569923517,-8.063140155520735,17.395838942704927,11.863964273015416,-14.844156408012566,2.815624578441753,1.050670557182741,10.218801787811586
NCAR,CESM2-WACCM,r1i1p1f1,gn,ssp245,2063-10,2063,10,14.950487026739449,284.70104696674946,-1.7635040110703162,-321.3284046553507,-14.576041807285417,-31.750914284364402,-69.76733076458196,15.9193122787883,256.89747343904895,-4.380194310946924,-291.697864388461,-19.062866206999274,-25.57814248566332,-67.90228167423336,-0.9688252520488518,27.803573527700507,2.6166902998766073,-29.630540266889682,4.486824399713857,-6.172771798701081,-1.8650490903485917
NCAR,CESM2-WACCM,r1i1p1f1,gn,ssp245,2063-11,2063,11,2.569086806176539,268.312197522016,-0.3135915273693868,-305.7425670745124,-22.27683964670678,-32.109494109195445,-89.56120802959151,2.5925275075676772,226.74750459235383,-0.5328379026360872,-264.97601499925315,-26.070306271323897,-26.466079860120846,-88.70520693341243,-0.023440701391138408,41.56469292966216,0.21924637526670043,-40.766552075259256,3.7934666246171176,-5.643414249074599,-0.8560010961790852
NCAR,CESM2-WACCM,r1i1p1f1,gn,ssp245,2063-12,2063,12,0.6118027076711847,241.46260240747935,-0.07533938101741536,-281.80508434600915,-31.419778409046483,-33.52106071246476,-104.74685773338727,0.6773264413565148,205.25541358021636,-0.21629244537056036,-244.35942714392272,-27.52562905630308,-25.26915405374307,-91.43776267776657,-0.06552373368533004,36.207188827262996,0.140953064353145,-37.44565720208644,-3.8941493527434012,-8.25190665872169,-13.309095055620702
NCAR,CESM2-WACCM,r1i1p1f1,gn,ssp245,2064-01,2064,1,1.3796195536670837,222.9860202835805,-0.3711694797646806,-260.65459135336613,-28.61420016879172,-26.43805777159075,-91.7123789362657,1.6579286852252568,196.20551484935447,-0.7660732495860045,-233.69317904034412,-26.446030144367764,-23.962358246853956,-87.00419714657214,-0.27830913155817316,26.78050543422603,0.3949037698213239,-26.96141231302201,-2.1681700244239543,-2.4756995247367932,-4.708181789693555
NCAR,CESM2-WACCM,r1i1p1f1,gn,ssp245,2064-02,2064,2,8.785212346995976,228.05132619514725,-4.207541899739454,-259.92260151347216,-23.7017662272535,-24.890235033564668,-75.88560613188656,10.385738957971206,195.57557849392916,-5.961691198481865,-231.37068932874575,-24.899052807969824,-23.09016983538138,-79.36028571867845,-1.6005266109752299,32.4757477012181,1.7541492987424112,-28.551912184726405,1.197286580716323,-1.8000651981832867,3.4746795867918934
NCAR,CESM2-WACCM,r1i1p1f1,gn,ssp245,2064-03,2064,3,46.24548198863115,230.4942291987563,-28.334881123612064,-261.6376924118328,-18.837253448199405,-20.877083447434757,-52.94719924369157,52.34600267468988,199.48953926508008,-34.42371965033548,-236.7508496922062,-20.85710861632136,-20.373539266184096,-60.56967528527718,-6.100520686058729,31.004689933676218,6.088838526723414,-24.8868427196266,2.0198551681219534,-0.5035441812506605,7.622476041585607
NCAR,CESM2-WACCM,r1i1p1f1,gn,ssp245,2064-04,2064,4,125.83112408366364,253.61355732328045,-79.32333964836435,-282.9967818445077,-13.701424941274542,-16.459800917370472,-13.03666594457302,148.4263517975451,216.72984245488897,-100.49578385113533,-258.4648433761369,-13.984813605344282,-15.80226050010748,-23.59150708028995,-22.595227713881457,36.88371486839148,21.172444202770976,-24.53193846837081,0.28338866406974006,-0.6575404172629931,10.55484113571693
NCAR,CESM2-WACCM,r1i1p1f1,gn,ssp245,2064-05,2064,5,213.0127249136299,278.3236943015367,-120.66261300334295,-307.16618145552593,-9.122611960599345,-15.582032073818072,38.802980721880374,230.97572059279568,260.9168771007636,-147.350178023134,-296.4210780752247,-8.42963842864043,-13.368998020843918,26.322705145716213,-17.962995679165772,17.406817200773105,26.687565019791037,-10.745103380301202,-0.6929735319589145,-2.2130340529741535,12.48027557616416
NCAR,CESM2-WACCM,r1i1p1f1,gn,ssp245,2064-06,2064,6,213.7818156724691,306.1872468086116,-82.58606852546536,-324.27221522316563,-3.2678399983121613,-9.369133298758783,100.47380543537872,229.4053676740754,296.8800857108836,-116.00451780204455,-318.9062131313004,-4.049380336574811,-11.48764164916818,75.83770046587108,-15.6235520016063,9.307161097727999,33.41844927657918,-5.366002091865255,0.7815403382626496,2.118508350409398,24.63610496950764
NCAR,CESM2-WACCM,r1i1p1f1,gn,ssp245,2064-07,2064,7,146.0582662961577,320.4131105538415,-26.165985798730723,-330.42494896896505,-1.289712873566284,-5.311096427096658,103.27963278164043,167.28392393654957,309.3164516077261,-59.40260923806807,-324.12606880488454,-2.2717320425952057,-9.161909245871227,81.63805621285663,-21.22565764039186,11.096658946115383,33.23662343933734,-6.298880164080515,0.9820191690289217,3.8508128187745694,21.641576568783805
NCAR,CESM2-WACCM,r1i1p1f1,gn,ssp245,2064-08,2064,8,96.23387147367777,318.0475781766852,-9.482403864569568,-333.6167298032578,-3.8351218672388865,-9.790978359519292,57.55621575577744,106.60594156560862,307.0192301231463,-30.971484870242,-324.3886704459015,-3.1681999649659307,-11.50649087877609,43.59032552886945,-10.372070091930851,11.028348053538878,21.489081005672432,-9.228059357356301,-0.6669219022729558,1.715512519256798,13.965890226907987
NCAR,CESM2-WACCM,r1i1p1f1,gn,ssp245,2064-09,2064,9,44.68363197255819,309.8879879431842,-4.2857727159857255,-330.8243135660914,-6.273382319934493,-19.37971455465367,-6.19156324092288,54.89830463739902,288.9866461711278,-16.49764968729072,-315.33848147263296,-9.098186561522688,-19.40690265700391,-16.456269569923517,-10.214672664840833,20.901341772056412,12.211876971304996,-15.485832093458441,2.824804241588195,0.02718810235024094,10.264706329000637
NCAR,CESM2-WACCM,r1i1p1f1,gn,ssp245,2064-10,2064,10,14.868469712790063,287.47151120926816,-1.6715520034942533,-322.66612113432404,-13.88143823669016,-32.15872914865375,-68.03785960110399,15.9193122787883,256.89747343904895,-4.380194310946924,-291.697864388461,-19.062866206999274,-25.57814248566332,-67.90228167423336,-1.0508425659982379,30.574037770219206,2.7086423074526707,-30.968256745863016,5.181427970309114,-6.580586662990427,-0.1355779268706243
NCAR,CESM2-WACCM,r1i1p1f1,gn,ssp245,2064-11,2064,11,2.5603411328241243,265.66887683035577,-0.31852557309495,-306.534790433697,-25.92146114703405,-39.25120443366738,-103.79676362431353,2.5925275075676772,226.74750459235383,-0.5328379026360872,-264.97601499925315,-26.070306271323897,-26.466079860120846,-88.70520693341243,-0.032186374743552904,38.921372238001936,0.21431232954113721,-41.558775434443874,0.14884512428984564,-12.785124573546536,-15.0915566909011
NCAR,CESM2-WACCM,r1i1p1f1,gn,ssp245,2064-12,2064,12,0.6020728148228018,239.7244730190602,-0.07601872492958213,-282.9206692998928,-35.89296901405354,-37.77504377308907,-116.33815497808195,0.6773264413565148,205.25541358021636,-0.21629244537056036,-244.35942714392272,-27.52562905630308,-25.26915405374307,-91.43776267776657,-0.07525362653371293,34.46905943884386,0.14027372044097824,-38.56124215597006,-8.36733995775046,-12.505889719345998,-24.900392300315374
NCAR,CESM2-WACCM,r1i1p1f1,gn,ssp245,2065-01,2065,1,1.4116039079649654,226.99863058990778,-0.41287879570509795,-263.8785017963478,-25.162537497718393,-25.87075543820927,-86.9144390301078,1.6579286852252568,196.20551484935447,-0.7660732495860045,-233.69317904034412,-26.446030144367764,-23.962358246853956,-87.00419714657214,-0.24632477726029145,30.793115740553304,0.3531944538809066,-30.18532275600367,1.2834926466493712,-1.9083971913553128,0.0897581164643384
NCAR,CESM2-WACCM,r1i1p1f1,gn,ssp245,2065-02,2065,2,9.113116635944293,227.41339182940763,-4.810893166203732,-260.22135077650904,-18.707863187825637,-19.89737271521429,-67.11097138040077,10.385738957971206,195.57557849392916,-5.961691198481865,-231.37068932874575,-24.899052807969824,-23.09016983538138,-79.36028571867845,-1.2726223220269137,31.837813335478472,1.150798032278133,-28.850661447763287,6.191189620144186,3.192797120167093,12.249314338277685
NCAR,CESM2-WACCM,r1i1p1f1,gn,ssp245,2065-03,2065,3,48.25897150197074,220.92583783448435,-30.49927176794742,-255.26947764795037,-20.849732179897646,-19.50483979304784,-56.93851205238818,52.34600267468988,199.48953926508008,-34.42371965033548,-236.7508496922062,-20.85710861632136,-20.373539266184096,-60.56967528527718,-4.087031172719136,21.436298569404272,3.9244478823880584,-18.518627955744165,0.007376436423712107,0.8686994731362567,3.6311632328890013
NCAR,CESM2-WACCM,r1i1p1f1,gn,ssp245,2065-04,2065,4,135.97464658273438,235.39029334019872,-89.1006193386253,-271.4800805865917,-17.212378345271475,-18.237234513288797,-24.665372860844172,148.4263517975451,216.72984245488897,-100.49578385113533,-258.4648433761369,-13.984813605344282,-15.80226050010748,-23.59150708028995,-12.451705214810715,18.660450885309757,11.395164512510036,-13.015237210454814,-3.2275647399271925,-2.434974013181318,-1.0738657805542218
NCAR,CESM2-WACCM,r1i1p1f1,gn,ssp245,2065-05,2065,5,209.71014946535496,279.01715170739874,-123.71483370720603,-306.079112141914,-6.545219631295605,-12.729724437302506,39.65841125503558,230.97572059279568,260.9168771007636,-147.350178023134,-296.4210780752247,-8.42963842864043,-13.368998020843918,26.322705145716213,-21.265571127440722,18.10027460663514,23.635344315927966,-9.658034066689254,1.8844187973448259,0.6392735835414118,13.335706109319368
NCAR,CESM2-WACCM,r1i1p1f1,gn,ssp245,2065-06,2065,6,207.133216745327,305.9614204163127,-78.30345978843047,-323.2828662511803,-1.2308396122645375,-7.4212612648693375,102.85621024489501,229.4053676740754,296.8800857108836,-116.00451780204455,-318.9062131313004,-4.049380336574811,-11.48764164916818,75.83770046587108,-22.272150928748403,9.081334705429128,37.70105801361407,-4.376653119879904,2.8185407243102736,4.066380384298843,27.01850977902393
NCAR,CESM2-WACCM,r1i1p1f1,gn,ssp245,2065-07,2065,7,160.58707130636955,316.5658630752137,-31.867927889456084,-329.7723610013798,-0.8391610530407333,-5.484832633150784,109.18865180455582,167.28392393654957,309.3164516077261,-59.40260923806807,-324.12606880488454,-2.2717320425952057,-9.161909245871227,81.63805621285663,-6.696852630180018,7.249411467487619,27.534681348611983,-5.646292196495267,1.4325709895544723,3.677076612720443,27.550595591699192
NCAR,CESM2-WACCM,r1i1p1f1,gn,ssp245,2065-08,2065,8,89.28362326350425,319.9735573554746,-9.379572089551745,-332.34386939953345,-2.6671530378232586,-9.09800098675255,55.768585105317854,106.60594156560862,307.0192301231463,-30.971484870242,-324.3886704459015,-3.1681999649659307,-11.50649087877609,43.59032552886945,-17.322318302104364,12.954327232328296,21.591912780690258,-7.955198953631964,0.5010469271426721,2.408489892023539,12.178259576448404
NCAR,CESM2-WACCM,r1i1p1f1,gn,ssp245,2065-09,2065,9,47.09023384681206,305.83226398629125,-4.6707534561797726,-329.3045329653696,-6.882553664543735,-21.384586673580312,-9.319928926570153,54.89830463739902,288.9866461711278,-16.49764968729072,-315.33848147263296,-9.098186561522688,-19.40690265700391,-16.456269569923517,-7.80807079058696,16.84561781516345,11.826896231110949,-13.966051492736653,2.2156328969789527,-1.9776840165764007,7.136340643353364
NCAR,CESM2-WACCM,r1i1p1f1,gn,ssp245,2065-10,2065,10,12.73913965728228,291.28375309496874,-1.4736000182158695,-321.94488754799914,-12.135401426403858,-27.44838742953397,-58.97938366990178,15.9193122787883,256.89747343904895,-4.380194310946924,-291.697864388461,-19.062866206999274,-25.57814248566332,-67.90228167423336,-3.1801726215060206,34.38627965591979,2.906594292731054,-30.247023159538116,6.927464780595416,-1.8702449438706488,8.922898004331586
NCAR,CESM2-WACCM,r1i1p1f1,gn,ssp245,2065-11,2065,11,2.529568668045266,263.8134098107379,-0.32995456607091117,-303.39855998191115,-23.99156546208256,-35.82981141972209,-97.20691295100356,2.5925275075676772,226.74750459235383,-0.5328379026360872,-264.97601499925315,-26.070306271323897,-26.466079860120846,-88.70520693341243,-0.06295883952241121,37.065905218384046,0.20288333656517604,-38.422544982657996,2.0787408092413386,-9.363731559601245,-8.501706017591133
NCAR,CESM2-WACCM,r1i1p1f1,gn,ssp245,2065-12,2065,12,0.581811733639942,228.6474616215109,-0.07890915671095329,-272.7436931420909,-37.227756515332636,-37.846822550031405,-118.66790800901502,0.6773264413565148,205.25541358021636,-0.21629244537056036,-244.35942714392272,-27.52562905630308,-25.26915405374307,-91.43776267776657,-0.09551470771657278,23.392048041294544,0.13738328865960708,-28.38426599816816,-9.702127459029555,-12.577668496288336,-27.23014533124845
NCAR,CESM2-WACCM,r1i1p1f1,gn,ssp245,2066-01,2066,1,1.4124572057106497,216.2698266140427,-0.47717256192485896,-257.93375412772593,-31.2956197824907,-31.61529254564415,-103.6395551980323,1.6579286852252568,196.20551484935447,-0.7660732495860045,-233.69317904034412,-26.446030144367764,-23.962358246853956,-87.00419714657214,-0.24547147951460713,20.064311764688227,0.28890068766114557,-24.240575087381814,-4.849589638122936,-7.652934298790193,-16.63535805146016
NCAR,CESM2-WACCM,r1i1p1f1,gn,ssp245,2066-02,2066,2,9.578615598609739,227.86927492439702,-4.765393124484338,-260.5796033673367,-22.906755212012776,-22.95414667878554,-73.7580078596126,10.385738957971206,195.57557849392916,-5.961691198481865,-231.37068932874575,-24.899052807969824,-23.09016983538138,-79.36028571867845,-0.8071233593614675,32.29369643046786,1.1962980739975269,-29.208914038590933,1.992297595957048,0.13602315659584008,5.60227785906585
NCAR,CESM2-WACCM,r1i1p1f1,gn,ssp245,2066-03,2066,3,47.88852272615563,217.33662150685532,-30.241902239279575,-252.83356710559437,-19.773174787527743,-19.096160953275795,-56.71966085266652,52.34600267468988,199.48953926508008,-34.42371965033548,-236.7508496922062,-20.85710861632136,-20.373539266184096,-60.56967528527718,-4.45747994853425,17.84708224177524,4.181817411055903,-16.082717413388167,1.083933828793615,1.2773783129083007,3.8500144326106565
NCAR,CESM2-WACCM,r1i1p1f1,gn,ssp245,2066-04,2066,4,131.30296788175258,249.04263958382558,-82.55951114651548,-281.11592774988003,-13.185847515593888,-15.113273711133946,-11.628952657545199,148.4263517975451,216.72984245488897,-100.49578385113533,-258.4648433761369,-13.984813605344282,-15.80226050010748,-23.59150708028995,-17.123383915792516,32.31279712893661,17.936272704619853,-22.651084373743117,0.7989660897503938,0.6889867889735335,11.962554422744752
NCAR,CESM2-WACCM,r1i1p1f1,gn,ssp245,2066-05,2066,5,220.7297352048092,276.4803414853317,-124.59500598982314,-307.1804104860653,-7.058026167061292,-11.690845828809207,46.685788218382015,230.97572059279568,260.9168771007636,-147.350178023134,-296.4210780752247,-8.42963842864043,-13.368998020843918,26.322705145716213,-10.24598538798648,15.563464384568078,22.755172033310856,-10.759332410840557,1.3716122615791386,1.6781521920347107,20.363083072665802
NCAR,CESM2-WACCM,r1i1p1f1,gn,ssp245,2066-06,2066,6,218.50675393715713,303.8681714575292,-84.05743550159904,-323.542500169357,-2.490195479371069,-9.678180693071518,102.60661355128767,229.4053676740754,296.8800857108836,-116.00451780204455,-318.9062131313004,-4.049380336574811,-11.48764164916818,75.83770046587108,-10.898613736918264,6.988085746645595,31.9470823004455,-4.6362870380566505,1.559184857203742,1.8094609560966628,26.768913085416585
NCAR,CESM2-WACCM,r1i1p1f1,gn,ssp245,2066-07,2066,7,148.48960379488116,319.42409195139373,-29.47775350287551,-329.8823803188547,-1.23991427985483,-6.122782979897342,101.19086466479257,167.28392393654957,309.3164516077261,-59.40260923806807,-324.12606880488454,-2.2717320425952057,-9.161909245871227,81.63805621285663,-18.794320141668408,10.10764034366764,29.924855735192555,-5.756311513970161,1.0318177627403757,3.039126265973885,19.552808451935945
NCAR,CESM2-WACCM,r1i1p1f1,gn,ssp245,2066-08,2066,8,89.25739600163779,318.13615223211707,-9.86856374090258,-331.3332205234255,-2.589295582427319,-9.622427603448253,53.98004078355123,106.60594156560862,307.0192301231463,-30.971484870242,-324.3886704459015,-3.1681999649659307,-11.50649087877609,43.59032552886945,-17.34854556397083,11.116922108970755,21.10292112933942,-6.944550077524013,0.5789043825386115,1.8840632753278364,10.389715254681782
NCAR,CESM2-WACCM,r1i1p1f1,gn,ssp245,2066-09,2066,9,47.634651395053886,304.47028387057435,-5.34280165632839,-328.2915669958237,-5.510924311867973,-19.80707923272235,-6.8474369311141885,54.89830463739902,288.9866461711278,-16.49764968729072,-315.33848147263296,-9.098186561522688,-19.40690265700391,-16.456269569923517,-7.263653242345136,15.483637699446547,11.15484803096233,-12.953085523190737,3.5872622496547146,-0.4001765757184401,9.608832638809329
NCAR,CESM2-WACCM,r1i1p1f1,gn,ssp245,2066-10,2066,10,14.106018439921646,283.99880491460067,-1.7921415255914803,-318.9447185800381,-17.080655402604975,-33.35264327248817,-73.06533542620045,15.9193122787883,256.89747343904895,-4.380194310946924,-291.697864388461,-19.062866206999274,-25.57814248566332,-67.90228167423336,-1.8132938388666542,27.101331475551717,2.588052785355443,-27.246854191577086,1.982210804394299,-7.774500786824852,-5.163053751967084
NCAR,CESM2-WACCM,r1i1p1f1,gn,ssp245,2066-11,2066,11,2.682566262898674,267.3642298023928,-0.3430288120290799,-303.83533869376754,-22.31791988380781,-32.83607789861958,-89.28556922293257,2.5925275075676772,226.74750459235383,-0.5328379026360872,-264.97601499925315,-26.070306271323897,-26.466079860120846,-88.70520693341243,0.0900387553309967,40.616725210038965,0.1898090906070073,-38.85932369451439,3.7523863875160863,-6.369998038498732,-0.5803622895201386
NCAR,CESM2-WACCM,r1i1p1f1,gn,ssp245,2066-12,2066,12,0.5782113476469624,245.7499078537094,-0.08361751547474525,-282.5994977883426,-27.260727901804323,-30.010084383081768,-93.62580838734706,0.6773264413565148,205.25541358021636,-0.21629244537056036,-244.35942714392272,-27.52562905630308,-25.26915405374307,-91.43776267776657,-0.0991150937095524,40.494494273493046,0.1326749298958151,-38.24007064441989,0.26490115449875873,-4.740930329338699,-2.188045709580493
NCAR,CESM2-WACCM,r1i1p1f1,gn,ssp245,2067-01,2067,1,1.4250864981024993,228.22126840053676,-0.46224802708875784,-265.1258676821847,-29.885952168945455,-31.414811408069777,-97.24252438764944,1.6579286852252568,196.20551484935447,-0.7660732495860045,-233.69317904034412,-26.446030144367764,-23.962358246853956,-87.00419714657214,-0.2328421871227575,32.015753551182286,0.3038252224972467,-31.4326886418406,-3.4399220245776903,-7.452453161215821,-10.2383272410773
NCAR,CESM2-WACCM,r1i1p1f1,gn,ssp245,2067-02,2067,2,9.37893683865549,221.61242211660738,-4.555586223424453,-258.20939278188916,-27.22166841255974,-27.448041222261935,-86.44332968487244,10.385738957971206,195.57557849392916,-5.961691198481865,-231.37068932874575,-24.899052807969824,-23.09016983538138,-79.36028571867845,-1.0068021193157168,26.03684362267822,1.4061049750574117,-26.83870345314341,-2.3226156045899167,-4.357871386880554,-7.0830439661939835
NCAR,CESM2-WACCM,r1i1p1f1,gn,ssp245,2067-03,2067,3,46.421371395236356,226.60781226728113,-27.54948507738401,-259.3735249862571,-21.145227018592358,-22.318075204921385,-57.35712862463739,52.34600267468988,199.48953926508008,-34.42371965033548,-236.7508496922062,-20.85710861632136,-20.373539266184096,-60.56967528527718,-5.924631279453521,27.11827300220105,6.874234572951469,-22.622675294050907,-0.2881184022709995,-1.944535938737289,3.212546660639788
NCAR,CESM2-WACCM,r1i1p1f1,gn,ssp245,2067-04,2067,4,125.91490397731054,253.3811563769172,-79.52920818679759,-284.8581447710585,-12.986149439799961,-16.06789889213253,-14.145340935560837,148.4263517975451,216.72984245488897,-100.49578385113533,-258.4648433761369,-13.984813605344282,-15.80226050010748,-23.59150708028995,-22.51144782023455,36.65131392202824,20.96657566433774,-26.393301394921593,0.9986641655443211,-0.2656383920250498,9.446166144729114
NCAR,CESM2-WACCM,r1i1p1f1,gn,ssp245,2067-05,2067,5,217.77063766745934,277.4819636123421,-115.79629887802727,-309.5161274343019,-5.952852907557352,-13.675142955738766,50.3121791041761,230.97572059279568,260.9168771007636,-147.350178023134,-296.4210780752247,-8.42963842864043,-13.368998020843918,26.322705145716213,-13.205082925336342,16.5650865115785,31.55387914510672,-13.095049359077166,2.4767855210830785,-0.3061449348948475,23.98947395845989
NCAR,CESM2-WACCM,r1i1p1f1,gn,ssp245,2067-06,2067,6,208.37520237323324,306.056137615555,-73.25458405484845,-324.56357039797194,-3.2743418663104666,-9.957784829456052,103.38105884020126,229.4053676740754,296.8800857108836,-116.00451780204455,-318.9062131313004,-4.049380336574811,-11.48764164916818,75.83770046587108,-21.030165300842157,9.176051904671397,42.749933747196096,-5.657357266671568,0.7750384702643442,1.529856819712128,27.543358374330182
NCAR,CESM2-WACCM,r1i1p1f1,gn,ssp245,2067-07,2067,7,145.94427101221848,320.47929654778505,-23.387119135943216,-331.26452468534086,-0.9106345822581515,-5.21387539112107,105.64741376534025,167.28392393654957,309.3164516077261,-59.40260923806807,-324.12606880488454,-2.2717320425952057,-9.161909245871227,81.63805621285663,-21.33965292433109,11.16284494005896,36.01549010212485,-7.13845588045632,1.3610974603370543,3.9480338547501574,24.00935755248362
NCAR,CESM2-WACCM,r1i1p1f1,gn,ssp245,2067-08,2067,8,90.25577915467984,321.274234913285,-8.77127159832969,-334.14114916139397,-2.925612800606429,-9.367714238557634,56.32426626907711,106.60594156560862,307.0192301231463,-30.971484870242,-324.3886704459015,-3.1681999649659307,-11.50649087877609,43.59032552886945,-16.350162410928775,14.255004790138685,22.20021327191231,-9.752478715492487,0.2425871643595019,2.138776640218456,12.733940740207657
NCAR,CESM2-WACCM,r1i1p1f1,gn,ssp245,2067-09,2067,9,47.755249565983576,312.12016753778624,-4.6403205746824785,-332.4697633245489,-6.015689710159032,-16.936817447387075,-0.18717395300773987,54.89830463739902,288.9866461711278,-16.49764968729072,-315.33848147263296,-9.098186561522688,-19.40690265700391,-16.456269569923517,-7.143055071415446,23.133521366658442,11.857329112608243,-17.131281851915958,3.082496851363656,2.470085209616837,16.269095616915777
NCAR,CESM2-WACCM,r1i1p1f1,gn,ssp245,2067-10,2067,10,14.226979774245782,288.91776508539334,-1.60129877746013,-325.0448023395676,-14.544893881055872,-33.12044629018272,-71.16669642862718,15.9193122787883,256.89747343904895,-4.380194310946924,-291.697864388461,-19.062866206999274,-25.57814248566332,-67.90228167423336,-1.6923325045425184,32.02029164634439,2.7788955334867937,-33.346937951106554,4.517972325943402,-7.542303804519399,-3.264414754393812
NCAR,CESM2-WACCM,r1i1p1f1,gn,ssp245,2067-11,2067,11,2.4587806478347076,275.7635170146538,-0.291799519194872,-311.9995029291263,-23.617890758886197,-36.056318660464136,-93.74321420518298,2.5925275075676772,226.74750459235383,-0.5328379026360872,-264.97601499925315,-26.070306271323897,-26.466079860120846,-88.70520693341243,-0.13374685973296963,49.01601242229998,0.2410383834412152,-47.02348792987317,2.4524155124376996,-9.59023880034329,-5.038007271770553
NCAR,CESM2-WACCM,r1i1p1f1,gn,ssp245,2067-12,2067,12,0.6081446349974817,249.08699972376454,-0.07496002587210783,-289.6556028912698,-30.69478405253292,-34.98584177212999,-105.7160443830428,0.6773264413565148,205.25541358021636,-0.21629244537056036,-244.35942714392272,-27.52562905630308,-25.26915405374307,-91.43776267776657,-0.06918180635903304,43.83158614354818,0.14133241949845254,-45.296175747347064,-3.169154996229839,-9.716687718386918,-14.278281705276228
NCAR,CESM2-WACCM,r1i1p1f1,gn,ssp245,2068-01,2068,1,1.3404636190936783,234.11690280905867,-0.3050576084516746,-270.7052200878971,-31.348608684676055,-27.426753813382827,-94.32827376625531,1.6579286852252568,196.20551484935447,-0.7660732495860045,-233.69317904034412,-26.446030144367764,-23.962358246853956,-87.00419714657214,-0.31746506613157854,37.9113879597042,0.4610156411343299,-37.01204104755297,-4.902578540308291,-3.4643955665288715,-7.324076619683169
NCAR,CESM2-WACCM,r1i1p1f1,gn,ssp245,2068-02,2068,2,9.288392422831972,217.2842368112019,-4.420363671190122,-255.2457750128361,-26.421345179594407,-23.28761336558829,-82.80246799517505,10.385738957971206,195.57557849392916,-5.961691198481865,-231.37068932874575,-24.899052807969824,-23.09016983538138,-79.36028571867845,-1.0973465351392342,21.70865831727275,1.5413275272917426,-23.87508568409035,-1.5222923716245838,-0.19744353020690752,-3.4421822764965953
NCAR,CESM2-WACCM,r1i1p1f1,gn,ssp245,2068-03,2068,3,46.68275725259677,221.6413227102728,-28.979925081404165,-256.4222244567423,-21.08913294902164,-18.65994450903229,-56.82714703333082,52.34600267468988,199.48953926508008,-34.42371965033548,-236.7508496922062,-20.85710861632136,-20.373539266184096,-60.56967528527718,-5.663245422093105,22.151783445192706,5.443794568931313,-19.671374764536097,-0.23202433270028067,1.7135947571518066,3.7425282519463607
NCAR,CESM2-WACCM,r1i1p1f1,gn,ssp245,2068-04,2068,4,135.57253844992363,245.58542318916204,-85.98703870283437,-280.91823477428323,-10.909651283014766,-15.190471600004392,-11.847434721051076,148.4263517975451,216.72984245488897,-100.49578385113533,-258.4648433761369,-13.984813605344282,-15.80226050010748,-23.59150708028995,-12.853813347621468,28.855580734273076,14.50874514830096,-22.453391398146323,3.0751623223295166,0.6117889001030878,11.744072359238874
NCAR,CESM2-WACCM,r1i1p1f1,gn,ssp245,2068-05,2068,5,201.4387059768922,286.49259058981494,-110.71274540607986,-311.3768912970923,-5.757174275327925,-11.043648766416181,49.04083682179086,230.97572059279568,260.9168771007636,-147.350178023134,-296.4210780752247,-8.42963842864043,-13.368998020843918,26.322705145716213,-29.537014615903473,25.57571348905134,36.63743261705413,-14.955813221867572,2.6724641533125055,2.3253492544277368,22.71813167607465
NCAR,CESM2-WACCM,r1i1p1f1,gn,ssp245,2068-06,2068,6,192.46112140982177,309.1012712748033,-66.25468260791605,-324.22825489771236,-2.5381643872372592,-7.965139454531887,100.57615133722753,229.4053676740754,296.8800857108836,-116.00451780204455,-318.9062131313004,-4.049380336574811,-11.48764164916818,75.83770046587108,-36.94424626425362,12.221185563919732,49.749835194128494,-5.322041766411985,1.5112159493375517,3.522502194636293,24.73845087135645
NCAR,CESM2-WACCM,r1i1p1f1,gn,ssp245,2068-07,2068,7,145.93295846644557,320.49063039064066,-22.16922017377176,-330.4739737972028,-0.4964319034819753,-5.587989396376534,107.69597358625315,167.28392393654957,309.3164516077261,-59.40260923806807,-324.12606880488454,-2.2717320425952057,-9.161909245871227,81.63805621285663,-21.350965470104,11.174178782914566,37.233389064296304,-6.347904992318263,1.7753001391132304,3.5739198494946933,26.05791737339652
NCAR,CESM2-WACCM,r1i1p1f1,gn,ssp245,2068-08,2068,8,95.09088449336531,320.39798469337273,-8.443832015401199,-334.344932383792,-0.823822066767906,-6.365317761767516,65.51096495900941,106.60594156560862,307.0192301231463,-30.971484870242,-324.3886704459015,-3.1681999649659307,-11.50649087877609,43.59032552886945,-11.515057072243309,13.37875457022642,22.527652854840802,-9.956261937890531,2.3443778981980246,5.141173117008574,21.920639430139964
NCAR,CESM2-WACCM,r1i1p1f1,gn,ssp245,2068-09,2068,9,46.33509128365234,308.01110578802854,-4.382793860510266,-332.0570098799681,-5.980813542287027,-18.89878392780607,-6.973204138890615,54.89830463739902,288.9866461711278,-16.49764968729072,-315.33848147263296,-9.098186561522688,-19.40690265700391,-16.456269569923517,-8.563213353746683,19.024459616900742,12.114855826780456,-16.718528407335157,3.117373019235661,0.5081187291978431,9.483065431032902
NCAR,CESM2-WACCM,r1i1p1f1,gn,ssp245,2068-10,2068,10,15.177344899120047,287.8149181977801,-1.6964742449678067,-324.38835023230854,-12.352371442916724,-31.51426065289156,-66.95919347618448,15.9193122787883,256.89747343904895,-4.380194310946924,-291.697864388461,-19.062866206999274,-25.57814248566332,-67.90228167423336,-0.7419673796682531,30.917444758731165,2.683720065979117,-32.69048584384751,6.710494764082551,-5.936118167228241,0.9430881980488834
NCAR,CESM2-WACCM,r1i1p1f1,gn,ssp245,2068-11,2068,11,2.594797756323867,266.46656587280665,-0.33126269570431255,-307.8841456964785,-27.46940986384323,-39.3038529579212,-105.92730758481673,2.5925275075676772,226.74750459235383,-0.5328379026360872,-264.97601499925315,-26.070306271323897,-26.466079860120846,-88.70520693341243,0.002270248756189641,39.71906128045282,0.20157520693177466,-42.908130697225374,-1.3991035925193316,-12.837773097800355,-17.222100651404304
NCAR,CESM2-WACCM,r1i1p1f1,gn,ssp245,2068-12,2068,12,0.5967650035438969,251.26933797025666,-0.07698699916519618,-288.59490142438875,-27.758607264967807,-28.636590164161973,-93.20098287888317,0.6773264413565148,205.25541358021636,-0.21629244537056036,-244.35942714392272,-27.52562905630308,-25.26915405374307,-91.43776267776657,-0.08056143781261782,46.0139243900403,0.13930544620536417,-44.235474280466036,-0.23297820866472563,-3.367436110418904,-1.7632202011165958
NCAR,CESM2-WACCM,r1i1p1f1,gn,ssp245,2069-01,2069,1,1.401998069589014,224.6105369621721,-0.41676823484138414,-264.2722839639743,-31.118899915524075,-28.22063511689391,-98.01605219947257,1.6579286852252568,196.20551484935447,-0.7660732495860045,-233.69317904034412,-26.446030144367764,-23.962358246853956,-87.00419714657214,-0.25593061563624286,28.40502211281762,0.3493050147446204,-30.579104923630183,-4.672869771156311,-4.258276870039953,-11.01185505290043
NCAR,CESM2-WACCM,r1i1p1f1,gn,ssp245,2069-02,2069,2,9.380617351621638,217.14188639373083,-4.862690774050339,-254.61594653530074,-28.92428606644371,-24.47296935148944,-86.35338898193176,10.385738957971206,195.57557849392916,-5.961691198481865,-231.37068932874575,-24.899052807969824,-23.09016983538138,-79.36028571867845,-1.0051216063495687,21.56630789980167,1.0990004244315257,-23.24525720655498,-4.025233258473886,-1.382799516108058,-6.993103263253303
NCAR,CESM2-WACCM,r1i1p1f1,gn,ssp245,2069-03,2069,3,47.134176419404056,231.49361680463542,-29.083335581914213,-264.0594168628888,-15.301968225012414,-17.122753503319707,-46.93968094909565,52.34600267468988,199.48953926508008,-34.42371965033548,-236.7508496922062,-20.85710861632136,-20.373539266184096,-60.56967528527718,-5.211826255285821,32.00407753955534,5.340384068421265,-27.30856717068258,5.555140391308944,3.250785762864389,13.629994336181525
NCAR,CESM2-WACCM,r1i1p1f1,gn,ssp245,2069-04,2069,4,128.26345182832188,247.85759289325532,-81.27770464267077,-278.85337926959545,-11.724651065965954,-14.874328423058818,-10.609018679713815,148.4263517975451,216.72984245488897,-100.49578385113533,-258.4648433761369,-13.984813605344282,-15.80226050010748,-23.59150708028995,-20.16289996922322,31.12775043836635,19.21807920846456,-20.38853589345854,2.260162539378328,0.927932077048661,12.982488400576136
NCAR,CESM2-WACCM,r1i1p1f1,gn,ssp245,2069-05,2069,5,207.21471597134723,282.6892305804346,-113.23831416113806,-310.279250163975,-6.047631513400197,-12.885841559533276,47.452909153735256,230.97572059279568,260.9168771007636,-147.350178023134,-296.4210780752247,-8.42963842864043,-13.368998020843918,26.322705145716213,-23.76100462144845,21.772353479670983,34.11186386199593,-13.85817208875028,2.3820069152402334,0.48315646131064227,21.130204008019042
NCAR,CESM2-WACCM,r1i1p1f1,gn,ssp245,2069-06,2069,6,205.07370362928813,308.268449243863,-74.6454384442188,-323.5682510305448,-3.1059785042562864,-8.060031279967223,103.962453614164,229.4053676740754,296.8800857108836,-116.00451780204455,-318.9062131313004,-4.049380336574811,-11.48764164916818,75.83770046587108,-24.33166404478726,11.38836353297944,41.35907935782575,-4.66203789924441,0.9434018323185245,3.4276103692009574,28.124753148292925
NCAR,CESM2-WACCM,r1i1p1f1,gn,ssp245,2069-07,2069,7,150.15051963750105,318.5314735315819,-23.633148804059978,-330.21648804705455,-1.1298727893769798,-6.042561248655283,107.65992227993613,167.28392393654957,309.3164516077261,-59.40260923806807,-324.12606880488454,-2.2717320425952057,-9.161909245871227,81.63805621285663,-17.13340429904852,9.21502192385583,35.76946043400809,-6.0904192421700145,1.141859253218226,3.119347997215944,26.0218660670795
NCAR,CESM2-WACCM,r1i1p1f1,gn,ssp245,2069-08,2069,8,92.53470349677016,318.0716652104667,-8.114801086658048,-333.18404879326977,-1.1155597627223892,-7.190780443034119,61.00117862155246,106.60594156560862,307.0192301231463,-30.971484870242,-324.3886704459015,-3.1681999649659307,-11.50649087877609,43.59032552886945,-14.071238068838454,11.052435087320362,22.856683783583954,-8.795378347368285,2.0526402022435413,4.315710435741971,17.410853092683013
NCAR,CESM2-WACCM,r1i1p1f1,gn,ssp245,2069-09,2069,9,46.91353979248999,308.43142839133066,-4.35328623447203,-330.79551290755467,-5.12101750574131,-18.276976999299368,-3.2018254632467276,54.89830463739902,288.9866461711278,-16.49764968729072,-315.33848147263296,-9.098186561522688,-19.40690265700391,-16.456269569923517,-7.98476484490903,19.444782220202853,12.144363452818691,-15.457031434921703,3.9771690557813777,1.1299256577045433,13.25444410667679
NCAR,CESM2-WACCM,r1i1p1f1,gn,ssp245,2069-10,2069,10,14.392471546265797,285.5532716934367,-1.6470429668996587,-323.6029259818896,-13.758768397027863,-32.20866141295165,-71.27165551906623,15.9193122787883,256.89747343904895,-4.380194310946924,-291.697864388461,-19.062866206999274,-25.57814248566332,-67.90228167423336,-1.526840732522503,28.655798254387776,2.733151344047265,-31.90506159342857,5.304097809971411,-6.630518927288328,-3.3693738448328645
NCAR,CESM2-WACCM,r1i1p1f1,gn,ssp245,2069-11,2069,11,2.47545222823923,266.0013744270606,-0.3031829722609062,-307.0475789819666,-28.407001980367742,-40.96475823006943,-108.2456955093648,2.5925275075676772,226.74750459235383,-0.5328379026360872,-264.97601499925315,-26.070306271323897,-26.466079860120846,-88.70520693341243,-0.1170752793284473,39.25386983470679,0.22965493037518103,-42.07156398271343,-2.3366957090438447,-14.498678369948582,-19.540488575952367
NCAR,CESM2-WACCM,r1i1p1f1,gn,ssp245,2069-12,2069,12,0.5843179118012011,243.45224991340538,-0.07868911140101044,-284.93860956716657,-32.3298506948338,-34.97333401961465,-108.28391556780943,0.6773264413565148,205.25541358021636,-0.21629244537056036,-244.35942714392272,-27.52562905630308,-25.26915405374307,-91.43776267776657,-0.09300852955531369,38.196836333189026,0.13760333396954993,-40.57918242324385,-4.80422163853072,-9.704179965871578,-16.84615289004286
NCAR,CESM2-WACCM,r1i1p1f1,gn,ssp245,2070-01,2070,1,1.4574685925603903,231.08683239116428,-0.46206637857754174,-267.8783660026919,-31.003972852721564,-28.188119223950295,-94.98822347421662,1.6579286852252568,196.20551484935447,-0.7660732495860045,-233.69317904034412,-26.446030144367764,-23.962358246853956,-87.00419714657214,-0.20046009266486653,34.88131754180981,0.3040068710084628,-34.185186962347785,-4.557942708353799,-4.225760977096339,-7.984026327644486
NCAR,CESM2-WACCM,r1i1p1f1,gn,ssp245,2070-02,2070,2,9.323483196223275,225.34131339967877,-4.642366582994364,-259.47587042097086,-33.53624330425684,-29.198499561585106,-92.18818327390514,10.385738957971206,195.57557849392916,-5.961691198481865,-231.37068932874575,-24.899052807969824,-23.09016983538138,-79.36028571867845,-1.062255761747931,29.76573490574961,1.319324615487501,-28.10518109222511,-8.637190496287019,-6.108329726203724,-12.827897555226684
NCAR,CESM2-WACCM,r1i1p1f1,gn,ssp245,2070-03,2070,3,47.91039301628886,226.15671335754956,-29.763792100629846,-262.48119008307486,-24.460403409076115,-24.52609823226757,-67.16437745120996,52.34600267468988,199.48953926508008,-34.42371965033548,-236.7508496922062,-20.85710861632136,-20.373539266184096,-60.56967528527718,-4.43560965840102,26.66717409246948,4.659927549705632,-25.730340390868662,-3.603294792754756,-4.152558966083475,-6.59470216593278
NCAR,CESM2-WACCM,r1i1p1f1,gn,ssp245,2070-04,2070,4,128.80227995154775,249.64031741860848,-82.59987870570225,-282.1084690926249,-12.357393341065562,-17.56325636847997,-16.186400137716447,148.4263517975451,216.72984245488897,-100.49578385113533,-258.4648433761369,-13.984813605344282,-15.80226050010748,-23.59150708028995,-19.62407184599735,32.91047496371951,17.895905145433076,-23.643625716487975,1.6274202642787206,-1.7609958683724898,7.405106942573504
NCAR,CESM2-WACCM,r1i1p1f1,gn,ssp245,2070-05,2070,5,208.411893319254,278.7272520177669,-120.40091317318763,-306.56086129857607,-6.040200925340145,-13.708916032259625,40.42825390765739,230.97572059279568,260.9168771007636,-147.350178023134,-296.4210780752247,-8.42963842864043,-13.368998020843918,26.322705145716213,-22.563827273541676,17.810374917003287,26.94926484994636,-10.139783223351344,2.389437503300285,-0.33991801141570654,14.10554876194118
NCAR,CESM2-WACCM,r1i1p1f1,gn,ssp245,2070-06,2070,6,207.64125047595616,306.4415805856487,-80.34688309431765,-322.4367390900296,-2.1659859992643944,-7.380504742838303,101.75271813515482,229.4053676740754,296.8800857108836,-116.00451780204455,-318.9062131313004,-4.049380336574811,-11.48764164916818,75.83770046587108,-21.764117198119237,9.561494874765117,35.6576347077269,-3.5305259587292426,1.8833943373104165,4.1071369063298775,25.915017669283742
NCAR,CESM2-WACCM,r1i1p1f1,gn,ssp245,2070-07,2070,7,154.9815202364441,316.6945297273455,-26.535678886299525,-328.89478200193975,-1.1009981797814372,-4.980637543328757,110.16395335244016,167.28392393654957,309.3164516077261,-59.40260923806807,-324.12606880488454,-2.2717320425952057,-9.161909245871227,81.63805621285663,-12.302403700105458,7.378078119619431,32.866930351768545,-4.768713197055206,1.1707338628137685,4.18127170254247,28.525897139583535
NCAR,CESM2-WACCM,r1i1p1f1,gn,ssp245,2070-08,2070,8,89.98561976339194,319.30405272441016,-8.412122749774827,-332.4858205430891,-0.9609487023027048,-6.408107134462288,61.02267335817315,106.60594156560862,307.0192301231463,-30.971484870242,-324.3886704459015,-3.1681999649659307,-11.50649087877609,43.59032552886945,-16.62032180221668,12.28482260126384,22.559362120467174,-8.097150097187637,2.2072512626632257,5.098383744313802,17.4323478293037
NCAR,CESM2-WACCM,r1i1p1f1,gn,ssp245,2070-09,2070,9,46.323012227713264,308.10826074260774,-4.396687034449661,-329.9379650056985,-5.129844020086147,-17.960759920495562,-2.9939830104088756,54.89830463739902,288.9866461711278,-16.49764968729072,-315.33848147263296,-9.098186561522688,-19.40690265700391,-16.456269569923517,-8.575292409685758,19.121614571479938,12.10096265284106,-14.599483533065552,3.9683425414365407,1.4461427365083495,13.462286559514641
NCAR,CESM2-WACCM,r1i1p1f1,gn,ssp245,2070-10,2070,10,14.800694740243744,286.37065744175436,-1.6601480636628703,-323.1802755699934,-12.550644189293939,-31.094020789296497,-67.31373643024861,15.9193122787883,256.89747343904895,-4.380194310946924,-291.697864388461,-19.062866206999274,-25.57814248566332,-67.90228167423336,-1.118617538544557,29.47318400270541,2.7200462472840536,-31.48241118153237,6.512222017705335,-5.515878303633176,0.588545243984754
NCAR,CESM2-WACCM,r1i1p1f1,gn,ssp245,2070-11,2070,11,2.6612871138429877,260.0569574272376,-0.34682952465851374,-304.17937873190385,-24.35970323342922,-35.23505951719426,-101.40272646610525,2.5925275075676772,226.74750459235383,-0.5328379026360872,-264.97601499925315,-26.070306271323897,-26.466079860120846,-88.70520693341243,0.06875960627531041,33.30945283488376,0.18600837797757347,-39.2033637326507,1.7106030378946784,-8.768979657073412,-12.697519532692823
NCAR,CESM2-WACCM,r1i1p1f1,gn,ssp245,2070-12,2070,12,0.5683037166190373,238.54061651611107,-0.0761901352187624,-277.96286746584275,-29.764326721066176,-28.381808273763173,-97.07627236316074,0.6773264413565148,205.25541358021636,-0.21629244537056036,-244.35942714392272,-27.52562905630308,-25.26915405374307,-91.43776267776657,-0.10902272473747743,33.285202935894716,0.14010231015179797,-33.60344032192003,-2.2386976647630945,-3.1126542200201044,-5.638509685394169
NCAR,CESM2-WACCM,r1i1p1f1,gn,ssp245,2071-01,2071,1,1.4456586634342472,216.03634507339285,-0.4475931711481776,-257.2957347642771,-32.017630768134254,-29.02654690042963,-101.30550186716206,1.6579286852252568,196.20551484935447,-0.7660732495860045,-233.69317904034412,-26.446030144367764,-23.962358246853956,-87.00419714657214,-0.21227002179100962,19.83083022403838,0.31848007843782694,-23.602555723932966,-5.571600623766489,-5.064188653575673,-14.301304720589926
NCAR,CESM2-WACCM,r1i1p1f1,gn,ssp245,2071-02,2071,2,9.65542732438627,210.30011449280366,-5.252211790138628,-247.37535608777944,-28.20017659129802,-22.23103522718632,-83.10323787921249,10.385738957971206,195.57557849392916,-5.961691198481865,-231.37068932874575,-24.899052807969824,-23.09016983538138,-79.36028571867845,-0.730311633584936,14.7245359988745,0.7094794083432365,-16.004666759033682,-3.3011237833281974,0.8591346081950597,-3.7429521605340312
NCAR,CESM2-WACCM,r1i1p1f1,gn,ssp245,2071-03,2071,3,47.534503418309086,223.06812972756808,-30.665541580421642,-256.4193069110453,-22.069276246211913,-20.451354214938178,-59.00284580673983,52.34600267468988,199.48953926508008,-34.42371965033548,-236.7508496922062,-20.85710861632136,-20.373539266184096,-60.56967528527718,-4.811499256380792,23.578590462487995,3.7581780699138356,-19.66845721883908,-1.2121676298905548,-0.07781494875408157,1.5668294785373504
NCAR,CESM2-WACCM,r1i1p1f1,gn,ssp245,2071-04,2071,4,131.03271934747391,251.2775417881951,-85.37073112996202,-282.43393540519315,-13.204101686798614,-15.412531272252593,-14.111038358537405,148.4263517975451,216.72984245488897,-100.49578385113533,-258.4648433761369,-13.984813605344282,-15.80226050010748,-23.59150708028995,-17.39363245007118,34.54769933330613,15.125052721173304,-23.96909202905624,0.7807119185456681,0.38972922785488606,9.480468721752546
NCAR,CESM2-WACCM,r1i1p1f1,gn,ssp245,2071-05,2071,5,214.0870857382794,278.38778699786627,-122.38379718285566,-307.20474463187077,-5.155099259829775,-11.437036532098396,46.29419512949107,230.97572059279568,260.9168771007636,-147.350178023134,-296.4210780752247,-8.42963842864043,-13.368998020843918,26.322705145716213,-16.888634854516283,17.470909897102672,24.966380840278333,-10.78366655664604,3.274539168810655,1.9319614887455216,19.97148998377486
NCAR,CESM2-WACCM,r1i1p1f1,gn,ssp245,2071-06,2071,6,215.5324800765425,305.45723015983623,-76.46972049761467,-323.553554426243,-2.328653384692408,-8.3630906018685,110.27469132596016,229.4053676740754,296.8800857108836,-116.00451780204455,-318.9062131313004,-4.049380336574811,-11.48764164916818,75.83770046587108,-13.872887597532895,8.577144448952652,39.53479730442987,-4.647341294942635,1.720726951882403,3.124551047299681,34.43699086008908
NCAR,CESM2-WACCM,r1i1p1f1,gn,ssp245,2071-07,2071,7,154.17788820700417,318.01016152985665,-25.619180356878484,-329.90868970261397,-1.595825719519473,-5.924633054823816,109.1397209030251,167.28392393654957,309.3164516077261,-59.40260923806807,-324.12606880488454,-2.2717320425952057,-9.161909245871227,81.63805621285663,-13.106035729545397,8.693709922130552,33.78342888118958,-5.78262089772943,0.6759063230757327,3.2372761910474113,27.501664690168468
NCAR,CESM2-WACCM,r1i1p1f1,gn,ssp245,2071-08,2071,8,86.70627091541876,319.6590390956029,-7.986535018412512,-332.4705932452214,-3.2493784570802524,-9.460546262055864,53.19825702825168,106.60594156560862,307.0192301231463,-30.971484870242,-324.3886704459015,-3.1681999649659307,-11.50649087877609,43.59032552886945,-19.89967065018986,12.639808972456592,22.98494985182949,-8.081922799319898,-0.08117849211432171,2.0459446167202255,9.607931499382232
NCAR,CESM2-WACCM,r1i1p1f1,gn,ssp245,2071-09,2071,9,46.36536090651047,307.2215908325891,-4.394592385475635,-329.5043672897571,-5.821899508477427,-18.93925678571452,-5.073164230325117,54.89830463739902,288.9866461711278,-16.49764968729072,-315.33848147263296,-9.098186561522688,-19.40690265700391,-16.456269569923517,-8.532943730888555,18.23494466146127,12.103057301815086,-14.165885817124149,3.2762870530452606,0.46764587128939183,11.3831053395984
NCAR,CESM2-WACCM,r1i1p1f1,gn,ssp245,2071-10,2071,10,14.083983460495952,292.72254134293655,-1.5729831553364015,-323.6790034228245,-9.464530114254156,-22.407632772012423,-50.31762466099494,15.9193122787883,256.89747343904895,-4.380194310946924,-291.697864388461,-19.062866206999274,-25.57814248566332,-67.90228167423336,-1.8353288182923482,35.8250679038876,2.8072111556105224,-31.98113903436348,9.598336092745118,3.1705097136508975,17.584657013238427
NCAR,CESM2-WACCM,r1i1p1f1,gn,ssp245,2071-11,2071,11,2.3097065051764627,271.1286777990099,-0.27442344814798303,-309.2247761903506,-24.83455827019129,-37.0885282693459,-97.98390187384942,2.5925275075676772,226.74750459235383,-0.5328379026360872,-264.97601499925315,-26.070306271323897,-26.466079860120846,-88.70520693341243,-0.28282100239121455,44.38117320665606,0.2584144544881042,-44.24876119109746,1.235748001132606,-10.622448409225054,-9.278694940436992
NCAR,CESM2-WACCM,r1i1p1f1,gn,ssp245,2071-12,2071,12,0.573437126855416,256.8064001546246,-0.06649280218177582,-291.13923319124547,-25.96258614223145,-26.387977418746228,-86.17645227292486,0.6773264413565148,205.25541358021636,-0.21629244537056036,-244.35942714392272,-27.52562905630308,-25.26915405374307,-91.43776267776657,-0.10388931450109873,51.550986574408256,0.14979964318878453,-46.77980604732275,1.5630429140716302,-1.1188233650031592,5.2613104048417085
NCAR,CESM2-WACCM,r1i1p1f1,gn,ssp245,2072-01,2072,1,1.3343099736296125,225.4197803314066,-0.30722930637535956,-265.0509503148372,-26.150972955164058,-24.62222721297484,-89.37728948431526,1.6579286852252568,196.20551484935447,-0.7660732495860045,-233.69317904034412,-26.446030144367764,-23.962358246853956,-87.00419714657214,-0.32361871159564437,29.214265482052127,0.458843943210645,-31.357771274493103,0.2950571892037068,-0.6598689661208823,-2.373092337743117
NCAR,CESM2-WACCM,r1i1p1f1,gn,ssp245,2072-02,2072,2,9.483630457020471,222.2337795585931,-4.599190466068327,-258.80638004470245,-29.994548620605478,-26.679112982725787,-88.36182209848847,10.385738957971206,195.57557849392916,-5.961691198481865,-231.37068932874575,-24.899052807969824,-23.09016983538138,-79.36028571867845,-0.9021085009507352,26.658201064663956,1.3625007324135376,-27.435690715956696,-5.095495812635654,-3.5889431473444056,-9.00153637981002
NCAR,CESM2-WACCM,r1i1p1f1,gn,ssp245,2072-03,2072,3,46.475413742917425,223.46550468645032,-28.9202530486748,-256.23662425544353,-25.076479254060448,-20.910793702832354,-61.20323183164338,52.34600267468988,199.48953926508008,-34.42371965033548,-236.7508496922062,-20.85710861632136,-20.373539266184096,-60.56967528527718,-5.870588931772453,23.975965421370233,5.503466601660676,-19.485774563237328,-4.21937063773909,-0.5372544366482579,-0.6335565463662007
NCAR,CESM2-WACCM,r1i1p1f1,gn,ssp245,2072-04,2072,4,132.56601354787352,246.38263733414558,-86.3188289284424,-279.64182153352294,-10.087599289728562,-12.783137968824384,-9.882736838499124,148.4263517975451,216.72984245488897,-100.49578385113533,-258.4648433761369,-13.984813605344282,-15.80226050010748,-23.59150708028995,-15.860338249671571,29.652794879256618,14.176954922692929,-21.17697815738603,3.89721431561572,3.019122531283095,13.708770241790827
NCAR,CESM2-WACCM,r1i1p1f1,gn,ssp245,2072-05,2072,5,207.63957353849233,280.4966400240292,-118.10653049335046,-307.5595890064905,-5.172591086602207,-11.597257373426446,45.70024560265192,230.97572059279568,260.9168771007636,-147.350178023134,-296.4210780752247,-8.42963842864043,-13.368998020843918,26.322705145716213,-23.336147054303353,19.579762923265605,29.24364752978353,-11.138510931265785,3.2570473420382235,1.771740647417472,19.377540456935705
NCAR,CESM2-WACCM,r1i1p1f1,gn,ssp245,2072-06,2072,6,213.83435461129645,306.6431296721683,-77.42406140518855,-323.5713731638811,-1.390413216020716,-5.9504096863822245,112.14122681199208,229.4053676740754,296.8800857108836,-116.00451780204455,-318.9062131313004,-4.049380336574811,-11.48764164916818,75.83770046587108,-15.571013062778945,9.763043961284723,38.58045639685599,-4.665160032580729,2.658967120554095,5.537231962785956,36.303526346121004
NCAR,CESM2-WACCM,r1i1p1f1,gn,ssp245,2072-07,2072,7,147.7075331091955,319.0366128832712,-25.658408995516776,-329.155599928899,-1.1496746159585913,-5.503928889115926,105.27653356297638,167.28392393654957,309.3164516077261,-59.40260923806807,-324.12606880488454,-2.2717320425952057,-9.161909245871227,81.63805621285663,-19.57639082735406,9.720161275545081,33.74420024255129,-5.029531124014454,1.1220574266366143,3.657980356755301,23.638477350119757
NCAR,CESM2-WACCM,r1i1p1f1,gn,ssp245,2072-08,2072,8,99.0567389806598,318.3824487332003,-9.075082760372707,-333.00985830318734,-0.8074995781149468,-6.026052066958133,68.520695005227,106.60594156560862,307.0192301231463,-30.971484870242,-324.3886704459015,-3.1681999649659307,-11.50649087877609,43.59032552886945,-7.549202584948816,11.363218610053991,21.896402109869292,-8.621187857285861,2.3607003868509837,5.480438811817956,24.930369476357548
NCAR,CESM2-WACCM,r1i1p1f1,gn,ssp245,2072-09,2072,9,46.089697363988044,309.8842610704319,-4.307880437436163,-331.2703605637683,-4.944783352864513,-15.432008877239205,0.018925203111734845,54.89830463739902,288.9866461711278,-16.49764968729072,-315.33848147263296,-9.098186561522688,-19.40690265700391,-16.456269569923517,-8.808607273410978,20.897614899304074,12.189769249854558,-15.931879091135329,4.153403208658175,3.974893779764706,16.475194773035252
NCAR,CESM2-WACCM,r1i1p1f1,gn,ssp245,2072-10,2072,10,14.689841217535232,285.77317526282263,-1.6069419489071948,-324.07301938976906,-12.572157478637813,-31.680909765812974,-69.4700121027692,15.9193122787883,256.89747343904895,-4.380194310946924,-291.697864388461,-19.062866206999274,-25.57814248566332,-67.90228167423336,-1.2294710612530686,28.87570182377368,2.773252362039729,-32.37515500130803,6.4907087283614615,-6.102767280149653,-1.5677304285358389
NCAR,CESM2-WACCM,r1i1p1f1,gn,ssp245,2072-11,2072,11,2.4927145229558514,271.11555600142754,-0.29480027897974154,-308.3505811383458,-21.02613255094125,-31.841916424441443,-87.9051598683248,2.5925275075676772,226.74750459235383,-0.5328379026360872,-264.97601499925315,-26.070306271323897,-26.466079860120846,-88.70520693341243,-0.09981298461182586,44.3680514090737,0.23803762365634568,-43.37456613909262,5.044173720382648,-5.375836564320597,0.8000470650876252
NCAR,CESM2-WACCM,r1i1p1f1,gn,ssp245,2072-12,2072,12,0.562689216144383,253.06328752196308,-0.07089559431012481,-287.0919273058722,-25.573458398004536,-27.14588463084294,-86.25618919092236,0.6773264413565148,205.25541358021636,-0.21629244537056036,-244.35942714392272,-27.52562905630308,-25.26915405374307,-91.43776267776657,-0.11463722521213171,47.80787394174672,0.14539685106043554,-42.7325001619495,1.9521706582985452,-1.8767305770998703,5.181573486844215
NCAR,CESM2-WACCM,r1i1p1f1,gn,ssp245,2073-01,2073,1,1.3957839381609471,227.92089468607278,-0.34851000944682914,-266.87119783796345,-28.653054660892263,-26.167737016110937,-92.72382090017976,1.6579286852252568,196.20551484935447,-0.7660732495860045,-233.69317904034412,-26.446030144367764,-23.962358246853956,-87.00419714657214,-0.2621447470643097,31.715379836718313,0.4175632401391754,-33.17801879761933,-2.2070245165244984,-2.2053787692569813,-5.719623753607621
NCAR,CESM2-WACCM,r1i1p1f1,gn,ssp245,2073-02,2073,2,8.555405580112799,219.66691560227483,-4.019350483287054,-256.45780134720616,-24.790237739406102,-23.312174135150045,-80.35724252266172,10.385738957971206,195.57557849392916,-5.961691198481865,-231.37068932874575,-24.899052807969824,-23.09016983538138,-79.36028571867845,-1.8303333778584072,24.09133710834567,1.9423407151948107,-25.087112018460402,0.1088150685637217,-0.22200429976866332,-0.9969568039832666
NCAR,CESM2-WACCM,r1i1p1f1,gn,ssp245,2073-03,2073,3,46.01811270523054,224.05853720858457,-28.295356769309457,-259.63468474303403,-22.081738735758204,-23.96653984578366,-63.90167018007023,52.34600267468988,199.48953926508008,-34.42371965033548,-236.7508496922062,-20.85710861632136,-20.373539266184096,-60.56967528527718,-6.327889969459335,24.568997943504485,6.128362881026021,-22.883835050827827,-1.2246301194368456,-3.5930005795995648,-3.3319948947930484
NCAR,CESM2-WACCM,r1i1p1f1,gn,ssp245,2073-04,2073,4,129.91814194546157,250.5795787463991,-81.57759165721315,-282.90071998079844,-14.987691050916267,-20.165795351052132,-19.134077348119327,148.4263517975451,216.72984245488897,-100.49578385113533,-258.4648433761369,-13.984813605344282,-15.80226050010748,-23.59150708028995,-18.508209852083525,33.84973629151014,18.91819219392218,-24.43587660466153,-1.0028774455719844,-4.363534850944653,4.457429732170624
NCAR,CESM2-WACCM,r1i1p1f1,gn,ssp245,2073-05,2073,5,211.3981865046915,280.22070261616886,-119.45929674341131,-308.12442845215946,-5.218310379669553,-11.631571683509888,47.18528186211012,230.97572059279568,260.9168771007636,-147.350178023134,-296.4210780752247,-8.42963842864043,-13.368998020843918,26.322705145716213,-19.577534088104187,19.303825515405265,27.890881279722677,-11.703350376934736,3.211328048970877,1.7374263373340302,20.86257671639391
NCAR,CESM2-WACCM,r1i1p1f1,gn,ssp245,2073-06,2073,6,198.35342725740833,308.8010193585487,-73.87794551131536,-323.4513025378287,-4.05266670509526,-9.033770866743314,96.73876099497433,229.4053676740754,296.8800857108836,-116.00451780204455,-318.9062131313004,-4.049380336574811,-11.48764164916818,75.83770046587108,-31.051940416667065,11.920933647665095,42.126572290729186,-4.545089406528348,-0.0032863685204489457,2.4538707824248664,20.901060529103248
NCAR,CESM2-WACCM,r1i1p1f1,gn,ssp245,2073-07,2073,7,154.57391361414932,319.8561035866622,-25.32905840286498,-330.22890590888676,-0.092836538501242,-4.014227999577594,114.76498835098093,167.28392393654957,309.3164516077261,-59.40260923806807,-324.12606880488454,-2.2717320425952057,-9.161909245871227,81.63805621285663,-12.710010322400251,10.539651978936092,34.073550835203086,-6.102837104002219,2.1788955040939637,5.147681246293633,33.1269321381243
NCAR,CESM2-WACCM,r1i1p1f1,gn,ssp245,2073-08,2073,8,90.91194693752043,320.97905529629736,-8.037481939159925,-333.78228432296567,-1.1338415231017116,-6.02123892349186,62.91615552509864,106.60594156560862,307.0192301231463,-30.971484870242,-324.3886704459015,-3.1681999649659307,-11.50649087877609,43.59032552886945,-15.693994628088191,13.959825173151046,22.934002931082077,-9.393613877064183,2.034358441864219,5.485251955284229,19.32582999622919
NCAR,CESM2-WACCM,r1i1p1f1,gn,ssp245,2073-09,2073,9,48.106357375451545,307.00413324201537,-4.448776517578987,-331.3212193221272,-5.4202744481433,-18.93411172131657,-5.013891391699186,54.89830463739902,288.9866461711278,-16.49764968729072,-315.33848147263296,-9.098186561522688,-19.40690265700391,-16.456269569923517,-6.791947261947477,18.01748707088757,12.048873169711733,-15.982737849494242,3.6779121133793877,0.47279093568734254,11.442378178224331
NCAR,CESM2-WACCM,r1i1p1f1,gn,ssp245,2073-10,2073,10,14.078153935247048,289.2049706485157,-1.5634640180077608,-324.22471574456455,-12.360174559348694,-30.043454540670282,-64.90868427882856,15.9193122787883,256.89747343904895,-4.380194310946924,-291.697864388461,-19.062866206999274,-25.57814248566332,-67.90228167423336,-1.8411583435412524,32.30749720946676,2.816730292939163,-32.52685135610352,6.70269164765058,-4.465312055006962,2.993597395404805
NCAR,CESM2-WACCM,r1i1p1f1,gn,ssp245,2073-11,2073,11,2.433171846425788,270.5476511067343,-0.29253917547909264,-308.08053367123756,-22.307966040687177,-35.57822668840953,-93.27844262265324,2.5925275075676772,226.74750459235383,-0.5328379026360872,-264.97601499925315,-26.070306271323897,-26.466079860120846,-88.70520693341243,-0.15935566114188937,43.80014651438046,0.24029872715699457,-43.10451867198441,3.7623402306367204,-9.112146828288683,-4.573235689240818
NCAR,CESM2-WACCM,r1i1p1f1,gn,ssp245,2073-12,2073,12,0.6169878329731514,243.95323859663085,-0.07990500022709472,-284.5901709358833,-29.33738669516345,-32.13767912242229,-101.57491532409213,0.6773264413565148,205.25541358021636,-0.21629244537056036,-244.35942714392272,-27.52562905630308,-25.26915405374307,-91.43776267776657,-0.06033860838336336,38.6978250164145,0.13638744514346562,-40.23074379196058,-1.8117576388603673,-6.868525068679222,-10.13715264632556
NCAR,CESM2-WACCM,r1i1p1f1,gn,ssp245,2074-01,2074,1,1.4181393186158087,235.0129989116247,-0.4603064836980851,-270.62179315970394,-22.738481120465007,-25.43271158437169,-82.82215411799822,1.6579286852252568,196.20551484935447,-0.7660732495860045,-233.69317904034412,-26.446030144367764,-23.962358246853956,-87.00419714657214,-0.23978936660944816,38.80748406227022,0.30576676588791946,-36.92861411935982,3.7075490239027573,-1.4703533375177358,4.182043028573915
NCAR,CESM2-WACCM,r1i1p1f1,gn,ssp245,2074-02,2074,2,9.299770304465875,226.70295415666985,-4.611700314087167,-261.9825215472306,-22.881895889159946,-25.013007106264745,-78.48640039560672,10.385738957971206,195.57557849392916,-5.961691198481865,-231.37068932874575,-24.899052807969824,-23.09016983538138,-79.36028571867845,-1.085968653505331,31.12737566274069,1.349990884394698,-30.611832218484835,2.017156918809878,-1.9228372708833632,0.8738853230717325
NCAR,CESM2-WACCM,r1i1p1f1,gn,ssp245,2074-03,2074,3,47.229122442044655,222.66871314949427,-29.289193116404416,-258.1341828986342,-24.209463055206115,-25.8412690221421,-67.57627250084792,52.34600267468988,199.48953926508008,-34.42371965033548,-236.7508496922062,-20.85710861632136,-20.373539266184096,-60.56967528527718,-5.116880232645222,23.179173884414183,5.134526533931062,-21.383333206428006,-3.352354438884756,-5.467729755958004,-7.006597215570743
NCAR,CESM2-WACCM,r1i1p1f1,gn,ssp245,2074-04,2074,4,130.25676312077536,249.4236118815198,-82.36708687819012,-282.0178015128993,-14.413130193946733,-17.621374841564567,-16.739018424305584,148.4263517975451,216.72984245488897,-100.49578385113533,-258.4648433761369,-13.984813605344282,-15.80226050010748,-23.59150708028995,-18.169588676769735,32.69376942663084,18.128696972945207,-23.552958136762413,-0.4283165886024509,-1.8191143414570874,6.8524886559843665
NCAR,CESM2-WACCM,r1i1p1f1,gn,ssp245,2074-05,2074,5,209.52196074271092,283.16093952442,-117.70289414200475,-309.75478662371586,-6.040938512644071,-11.052198919613188,48.13208206915301,230.97572059279568,260.9168771007636,-147.350178023134,-296.4210780752247,-8.42963842864043,-13.368998020843918,26.322705145716213,-21.453759850084765,22.244062423656374,29.64728388112924,-13.333708548491131,2.3886999159963596,2.31679910123073,21.809376923436794
NCAR,CESM2-WACCM,r1i1p1f1,gn,ssp245,2074-06,2074,6,204.1859741057965,305.6360884458373,-71.80612391557463,-323.39850582470615,-4.241220760576542,-10.051112979362482,100.32509907141399,229.4053676740754,296.8800857108836,-116.00451780204455,-318.9062131313004,-4.049380336574811,-11.48764164916818,75.83770046587108,-25.21939356827889,8.75600273495371,44.198393886469916,-4.492292693405773,-0.1918404240017315,1.436528669805698,24.487398605542907
NCAR,CESM2-WACCM,r1i1p1f1,gn,ssp245,2074-07,2074,7,136.2878126126456,320.21915398291645,-21.132314313506942,-329.1585667612114,-1.6719060570168933,-5.7452759539848355,98.79890350984203,167.28392393654957,309.3164516077261,-59.40260923806807,-324.12606880488454,-2.2717320425952057,-9.161909245871227,81.63805621285663,-30.99611132390396,10.902702375190358,38.27029492456113,-5.032497956326836,0.5998259855783123,3.4166332918863915,17.16084729698541
NCAR,CESM2-WACCM,r1i1p1f1,gn,ssp245,2074-08,2074,8,88.20012939462461,319.76690740439926,-7.649264119299979,-332.5560810127826,-2.1922442283137022,-7.721991808706654,57.84745562992091,106.60594156560862,307.0192301231463,-30.971484870242,-324.3886704459015,-3.1681999649659307,-11.50649087877609,43.59032552886945,-18.405812170984007,12.747677281252948,23.322220750942023,-8.16741056688113,0.9759557366522285,3.784499070069436,14.257130101051459
NCAR,CESM2-WACCM,r1i1p1f1,gn,ssp245,2074-09,2074,9,45.994290256749096,310.39544670800416,-4.254543462842221,-330.7151973302423,-5.087391943708738,-15.656426289188587,0.6761779387714171,54.89830463739902,288.9866461711278,-16.49764968729072,-315.33848147263296,-9.098186561522688,-19.40690265700391,-16.456269569923517,-8.904014380649926,21.408800536876356,12.2431062244485,-15.376715857609327,4.01079461781395,3.750476367815324,17.132447508694934
NCAR,CESM2-WACCM,r1i1p1f1,gn,ssp245,2074-10,2074,10,13.627063936450758,290.87127332054814,-1.4702882108211743,-324.6797435384865,-11.748163297868373,-29.260070593756517,-62.659928383933654,15.9193122787883,256.89747343904895,-4.380194310946924,-291.697864388461,-19.062866206999274,-25.57814248566332,-67.90228167423336,-2.292248342337542,33.97379988149919,2.9099061001257494,-32.98187915002546,7.314702909130901,-3.681928108093196,5.242353290299711
NCAR,CESM2-WACCM,r1i1p1f1,gn,ssp245,2074-11,2074,11,2.413746802255784,267.36323703204147,-0.2943351394832777,-310.33959192241025,-26.683268371571014,-42.65034751829338,-110.19055911746068,2.5925275075676772,226.74750459235383,-0.5328379026360872,-264.97601499925315,-26.070306271323897,-26.466079860120846,-88.70520693341243,-0.17878070531189305,40.61573243968763,0.2385027631528095,-45.3635769231571,-0.6129621002471168,-16.184267658172534,-21.485352184048253
NCAR,CESM2-WACCM,r1i1p1f1,gn,ssp245,2074-12,2074,12,0.5733517089150626,249.58441199439048,-0.0765880764746173,-287.12565794399364,-24.764360078399786,-27.060473231235914,-88.86931562679844,0.6773264413565148,205.25541358021636,-0.21629244537056036,-244.35942714392272,-27.52562905630308,-25.26915405374307,-91.43776267776657,-0.10397473244145217,44.32899841417412,0.13970436889594307,-42.76623080007093,2.7612689779032955,-1.791319177492845,2.568447050968132
NCAR,CESM2-WACCM,r1i1p1f1,gn,ssp245,2075-01,2075,1,1.4467522526713028,229.36461213570604,-0.4799290154029145,-266.37245854073444,-26.717870163035794,-22.46683434643575,-85.22572767723156,1.6579286852252568,196.20551484935447,-0.7660732495860045,-233.69317904034412,-26.446030144367764,-23.962358246853956,-87.00419714657214,-0.21117643255395402,33.15909728635157,0.28614423418309004,-32.67927950039032,-0.27184001866802987,1.4955239004182062,1.7784694693405783
NCAR,CESM2-WACCM,r1i1p1f1,gn,ssp245,2075-02,2075,2,9.328905663103477,207.64590897993287,-4.729610918406766,-247.56246463571273,-31.08564351902057,-24.60372658129816,-91.00663101140188,10.385738957971206,195.57557849392916,-5.961691198481865,-231.37068932874575,-24.899052807969824,-23.09016983538138,-79.36028571867845,-1.0568332948677295,12.070330486003712,1.232080280075099,-16.191775306966974,-6.186590711050748,-1.5135567459167802,-11.646345292723424
NCAR,CESM2-WACCM,r1i1p1f1,gn,ssp245,2075-03,2075,3,46.67354874920669,225.72000480271575,-28.90171418896633,-257.7322123702561,-16.553711489037468,-14.358954267777627,-45.1530387641151,52.34600267468988,199.48953926508008,-34.42371965033548,-236.7508496922062,-20.85710861632136,-20.373539266184096,-60.56967528527718,-5.67245392548319,26.230465537635666,5.522005461369147,-20.98136267804989,4.3033971272838905,6.01458499840647,15.416636521162076
NCAR,CESM2-WACCM,r1i1p1f1,gn,ssp245,2075-04,2075,4,132.49798191560058,244.2998059198577,-86.43598458757684,-278.1515481678074,-17.016885775287196,-18.487351233234357,-23.29398192844752,148.4263517975451,216.72984245488897,-100.49578385113533,-258.4648433761369,-13.984813605344282,-15.80226050010748,-23.59150708028995,-15.92836988194452,27.569963464968737,14.059799263558489,-19.68670479167048,-3.0320721699429143,-2.685090733126877,0.2975251518424322
NCAR,CESM2-WACCM,r1i1p1f1,gn,ssp245,2075-05,2075,5,206.98371225398336,281.6997841815444,-123.13810400795806,-306.2281594526518,-8.081122704524137,-13.004286766897117,38.23182350349658,230.97572059279568,260.9168771007636,-147.350178023134,-296.4210780752247,-8.42963842864043,-13.368998020843918,26.322705145716213,-23.992008338812326,20.782907080780774,24.21207401517593,-9.807081377427096,0.34851572411629306,0.36471125394680115,11.909118357780365
NCAR,CESM2-WACCM,r1i1p1f1,gn,ssp245,2075-06,2075,6,223.21088353729186,302.50258060337967,-95.10810385058006,-322.0467002030545,-3.649400593667529,-8.330714663407083,96.57854482996231,229.4053676740754,296.8800857108836,-116.00451780204455,-318.9062131313004,-4.049380336574811,-11.48764164916818,75.83770046587108,-6.1944841367835295,5.622494892496093,20.89641395146448,-3.140487071754137,0.399979742907282,3.156926985761098,20.74084436409123
NCAR,CESM2-WACCM,r1i1p1f1,gn,ssp245,2075-07,2075,7,158.62376121036425,317.629476304271,-33.38342910426755,-329.3011632569072,-1.063067387638124,-4.791071384488455,107.71450638133388,167.28392393654957,309.3164516077261,-59.40260923806807,-324.12606880488454,-2.2717320425952057,-9.161909245871227,81.63805621285663,-8.66016272618532,8.313024696544915,26.019180133800518,-5.175094452022677,1.2086646549570816,4.370837861382772,26.07645016847725
NCAR,CESM2-WACCM,r1i1p1f1,gn,ssp245,2075-08,2075,8,93.02870796767444,318.6332795338474,-9.765331629707285,-332.1492234221993,-2.854543970722631,-8.589785626180909,58.3031028527117,106.60594156560862,307.0192301231463,-30.971484870242,-324.3886704459015,-3.1681999649659307,-11.50649087877609,43.59032552886945,-13.577233597934182,11.614049410701114,21.206153240534718,-7.760552976297845,0.3136559942432995,2.9167052525951807,14.712777323842253
NCAR,CESM2-WACCM,r1i1p1f1,gn,ssp245,2075-09,2075,9,48.07089659006819,307.1250123438638,-4.680134856997819,-329.84242661103093,-5.194761375200327,-17.475101998767038,-1.9965159080641737,54.89830463739902,288.9866461711278,-16.49764968729072,-315.33848147263296,-9.098186561522688,-19.40690265700391,-16.456269569923517,-6.8274080473308345,18.13836617273597,11.817514830292902,-14.503945138397967,3.9034251863223606,1.9318006582368739,14.459753661859343
NCAR,CESM2-WACCM,r1i1p1f1,gn,ssp245,2075-10,2075,10,14.619935337253626,291.7060832683036,-1.6752728126372451,-322.8690719101111,-11.70110079986993,-28.31507393922391,-58.234500856284896,15.9193122787883,256.89747343904895,-4.380194310946924,-291.697864388461,-19.062866206999274,-25.57814248566332,-67.90228167423336,-1.2993769415346748,34.808609829254635,2.7049214983096785,-31.171207521650047,7.361765407129344,-2.73693145356059,9.667780817948469
NCAR,CESM2-WACCM,r1i1p1f1,gn,ssp245,2075-11,2075,11,2.527252371548634,268.5735640519363,-0.320775371353376,-307.2419912473251,-21.231875649833626,-33.03144258996385,-90.72526843499102,2.5925275075676772,226.74750459235383,-0.5328379026360872,-264.97601499925315,-26.070306271323897,-26.466079860120846,-88.70520693341243,-0.06527513601904333,41.82605945958244,0.2120625312827112,-42.26597624807192,4.8384306214902715,-6.565362729843006,-2.0200615015785957
NCAR,CESM2-WACCM,r1i1p1f1,gn,ssp245,2075-12,2075,12,0.5691759514346562,238.25823583989205,-0.07293219291889745,-280.68624736478756,-31.653843473272865,-33.68684595469594,-107.27245719434856,0.6773264413565148,205.25541358021636,-0.21629244537056036,-244.35942714392272,-27.52562905630308,-25.26915405374307,-91.43776267776657,-0.1081504899218586,33.002822259675696,0.1433602524516629,-36.326820220864846,-4.128214416969783,-8.417691900952871,-15.83469451658199
NCAR,CESM2-WACCM,r1i1p1f1,gn,ssp245,2076-01,2076,1,1.4017128289123115,216.4830370473503,-0.4213603279626843,-256.42820116817023,-26.398988664022486,-24.039370390021556,-89.40317067391433,1.6579286852252568,196.20551484935447,-0.7660732495860045,-233.69317904034412,-26.446030144367764,-23.962358246853956,-87.00419714657214,-0.2562158563129453,20.277522197995836,0.34471292162332023,-22.735022127826113,0.04704148034527833,-0.0770121431676003,-2.398973527342193
NCAR,CESM2-WACCM,r1i1p1f1,gn,ssp245,2076-02,2076,2,9.446260767071228,219.87637916258214,-4.71358030196419,-253.92888893940355,-24.843293149072974,-23.05854514902614,-77.22166760981348,10.385738957971206,195.57557849392916,-5.961691198481865,-231.37068932874575,-24.899052807969824,-23.09016983538138,-79.36028571867845,-0.9394781908999779,24.300800668652982,1.2481108965176748,-22.558199610657795,0.055759658896850084,0.03162468635524007,2.138618108864975
NCAR,CESM2-WACCM,r1i1p1f1,gn,ssp245,2076-03,2076,3,48.48329394111062,223.59804818277303,-29.96016337107549,-257.4129852959543,-19.468742358999595,-20.19662232941368,-54.9571712315594,52.34600267468988,199.48953926508008,-34.42371965033548,-236.7508496922062,-20.85710861632136,-20.373539266184096,-60.56967528527718,-3.862708733579261,24.108508917692944,4.463556279259986,-20.662135603748084,1.3883662573217634,0.17691693677041442,5.612504053717778
NCAR,CESM2-WACCM,r1i1p1f1,gn,ssp245,2076-04,2076,4,128.30047718312173,249.70546438893768,-83.7620732668349,-281.299399468935,-12.04912162961555,-15.021076539171828,-14.125729332497876,148.4263517975451,216.72984245488897,-100.49578385113533,-258.4648433761369,-13.984813605344282,-15.80226050010748,-23.59150708028995,-20.125874614423367,32.97562193404872,16.733710584300425,-22.834556092798096,1.9356919757287319,0.7811839609356515,9.465777747792075
NCAR,CESM2-WACCM,r1i1p1f1,gn,ssp245,2076-05,2076,5,209.35414541403216,282.25107452520166,-116.3776731403109,-309.479565951831,-5.533384218436925,-13.595385450344185,46.61921117831088,230.97572059279568,260.9168771007636,-147.350178023134,-296.4210780752247,-8.42963842864043,-13.368998020843918,26.322705145716213,-21.62157517876352,21.33419742443806,30.972504882823088,-13.05848787660625,2.896254210203505,-0.22638742950026725,20.296506032594664
NCAR,CESM2-WACCM,r1i1p1f1,gn,ssp245,2076-06,2076,6,217.28412380827183,304.1581167958234,-82.64808490670303,-322.617094527358,-4.368046073524864,-8.937256860049956,102.87175823645934,229.4053676740754,296.8800857108836,-116.00451780204455,-318.9062131313004,-4.049380336574811,-11.48764164916818,75.83770046587108,-12.121243865803564,7.278031084939812,33.35643289534151,-3.71088139605763,-0.3186657369500532,2.5503847891182243,27.034057770588262
NCAR,CESM2-WACCM,r1i1p1f1,gn,ssp245,2076-07,2076,7,150.85201333056472,320.1167996889643,-25.331670469915636,-329.53775565433324,-0.11186955166109484,-3.538969035284131,112.4485483083349,167.28392393654957,309.3164516077261,-59.40260923806807,-324.12606880488454,-2.2717320425952057,-9.161909245871227,81.63805621285663,-16.431910605984854,10.800348081238212,34.07093876815243,-5.411686849448699,2.1598624909341106,5.622940210587096,30.81049209547828
NCAR,CESM2-WACCM,r1i1p1f1,gn,ssp245,2076-08,2076,8,89.07055483784602,321.026102503739,-8.163156331401465,-333.24938998949693,-2.7739291821780747,-7.54781809423165,58.36236374427693,106.60594156560862,307.0192301231463,-30.971484870242,-324.3886704459015,-3.1681999649659307,-11.50649087877609,43.59032552886945,-17.5353867277626,14.00687238059271,22.808328538840534,-8.86071954359545,0.394270782787856,3.958672784544439,14.772038215407477
NCAR,CESM2-WACCM,r1i1p1f1,gn,ssp245,2076-09,2076,9,47.50438926000125,307.296235748975,-4.533201155312012,-330.8192918445887,-5.79448993774322,-16.99147970661358,-3.3378376352812484,54.89830463739902,288.9866461711278,-16.49764968729072,-315.33848147263296,-9.098186561522688,-19.40690265700391,-16.456269569923517,-7.393915377397775,18.30958957784719,11.964448531978709,-15.480810371955727,3.3036966237794676,2.415422950390333,13.118431934642269
NCAR,CESM2-WACCM,r1i1p1f1,gn,ssp245,2076-10,2076,10,14.452409486306147,289.7757211988094,-1.6229849695817846,-323.58945165308637,-12.906213211586417,-31.664107920302726,-65.55462706944182,15.9193122787883,256.89747343904895,-4.380194310946924,-291.697864388461,-19.062866206999274,-25.57814248566332,-67.90228167423336,-1.4669027924821538,32.87824775976043,2.7572093413651393,-31.891587264625343,6.156652995412857,-6.085965434639405,2.3476546047915434
NCAR,CESM2-WACCM,r1i1p1f1,gn,ssp245,2076-11,2076,11,2.701063778962175,273.71914719360166,-0.35523612026711077,-311.50598635678665,-19.20233316712282,-30.1909904335942,-84.83433510520697,2.5925275075676772,226.74750459235383,-0.5328379026360872,-264.97601499925315,-26.070306271323897,-26.466079860120846,-88.70520693341243,0.10853627139449795,46.97164260124782,0.17760178236897645,-46.5299713575335,6.867973104201077,-3.7249105734733554,3.870871828205452
NCAR,CESM2-WACCM,r1i1p1f1,gn,ssp245,2076-12,2076,12,0.6006949418743922,241.1372370649711,-0.08060946739263372,-285.8921154585268,-35.283600901111505,-36.463558279096254,-115.9819520992817,0.6773264413565148,205.25541358021636,-0.21629244537056036,-244.35942714392272,-27.52562905630308,-25.26915405374307,-91.43776267776657,-0.07663149948212256,35.88182348475473,0.13568297797792664,-41.53268831460409,-7.757971844808424,-11.194404225353185,-24.544189421515128
NCAR,CESM2-WACCM,r1i1p1f1,gn,ssp245,2077-01,2077,1,1.484658388210655,216.56724494436997,-0.5128726305663411,-259.4161277447863,-28.354211411058408,-26.49014718220535,-96.72145563603577,1.6579286852252568,196.20551484935447,-0.7660732495860045,-233.69317904034412,-26.446030144367764,-23.962358246853956,-87.00419714657214,-0.17327029701460184,20.361730095015503,0.2532006190196634,-25.72294870444219,-1.9081812666906437,-2.5277889353513956,-9.717258489463632
NCAR,CESM2-WACCM,r1i1p1f1,gn,ssp245,2077-02,2077,2,9.341950241868334,222.878556537632,-4.809108561580927,-259.063950013315,-26.01331981201572,-26.61107217131237,-84.27694377872366,10.385738957971206,195.57557849392916,-5.961691198481865,-231.37068932874575,-24.899052807969824,-23.09016983538138,-79.36028571867845,-1.0437887161028723,27.302978043702836,1.152582636900938,-27.693260684569225,-1.114267004045896,-3.5209023359309874,-4.916658060045208
NCAR,CESM2-WACCM,r1i1p1f1,gn,ssp245,2077-03,2077,3,48.2265056523873,227.67364384511274,-30.376729102231245,-261.7495022393001,-22.79811438008582,-23.05820618595735,-62.08240241007451,52.34600267468988,199.48953926508008,-34.42371965033548,-236.7508496922062,-20.85710861632136,-20.373539266184096,-60.56967528527718,-4.119497022302575,28.184104580032653,4.046990548104233,-24.99865254709391,-1.941005763764462,-2.684666919773253,-1.5127271247973297
NCAR,CESM2-WACCM,r1i1p1f1,gn,ssp245,2077-04,2077,4,132.93624129223087,244.76489993160396,-84.914129571524,-278.52065407862125,-10.617534718267143,-14.134657248417001,-10.485834392994526,148.4263517975451,216.72984245488897,-100.49578385113533,-258.4648433761369,-13.984813605344282,-15.80226050010748,-23.59150708028995,-15.49011050531422,28.035057476714996,15.581654279611328,-20.055810702484337,3.3672788870771395,1.667603251690478,13.105672687295424
NCAR,CESM2-WACCM,r1i1p1f1,gn,ssp245,2077-05,2077,5,207.12356917972684,277.97246066913186,-123.73408763801469,-304.32129558976595,-6.240276974526975,-12.79817642628568,38.002193220265454,230.97572059279568,260.9168771007636,-147.350178023134,-296.4210780752247,-8.42963842864043,-13.368998020843918,26.322705145716213,-23.85215141306884,17.055583568368263,23.616090385119307,-7.900217514541225,2.189361454113455,0.5708215945582378,11.67948807454924
NCAR,CESM2-WACCM,r1i1p1f1,gn,ssp245,2077-06,2077,6,218.89872956865946,305.2661278122269,-87.02717903441395,-322.9552566559296,-1.7667320432535993,-6.126278665325894,106.28941098196331,229.4053676740754,296.8800857108836,-116.00451780204455,-318.9062131313004,-4.049380336574811,-11.48764164916818,75.83770046587108,-10.50663810541593,8.386042101343321,28.9773387676306,-4.049043524629212,2.2826482933212118,5.3613629838422865,30.451710516092234
NCAR,CESM2-WACCM,r1i1p1f1,gn,ssp245,2077-07,2077,7,155.33978088424823,316.88495238224795,-30.895833196761014,-329.2553624586535,-1.1141647786853197,-6.3490232863848695,104.61034954601145,167.28392393654957,309.3164516077261,-59.40260923806807,-324.12606880488454,-2.2717320425952057,-9.161909245871227,81.63805621285663,-11.944143052301342,7.568500774521851,28.506776041307052,-5.129293653768968,1.157567263909886,2.8128859594863576,22.972293333154823
NCAR,CESM2-WACCM,r1i1p1f1,gn,ssp245,2077-08,2077,8,91.16112858999249,321.0641319275168,-9.402971194393066,-332.0921510105062,-1.449054134761242,-5.699115817593004,63.58196836025581,106.60594156560862,307.0192301231463,-30.971484870242,-324.3886704459015,-3.1681999649659307,-11.50649087877609,43.59032552886945,-15.44481297561613,14.044901804370511,21.568513675848934,-7.7034805646047175,1.7191458302046887,5.807375061183086,19.991642831386358
NCAR,CESM2-WACCM,r1i1p1f1,gn,ssp245,2077-09,2077,9,46.1141874258772,308.106825842898,-4.574140220406512,-329.9948113473598,-5.947992851691707,-17.18480046591587,-3.480731616598673,54.89830463739902,288.9866461711278,-16.49764968729072,-315.33848147263296,-9.098186561522688,-19.40690265700391,-16.456269569923517,-8.784117211521824,19.120179671770188,11.923509466884209,-14.65632987472685,3.1501937098309813,2.222102191088041,12.975537953324844
NCAR,CESM2-WACCM,r1i1p1f1,gn,ssp245,2077-10,2077,10,15.070736152105699,284.2472910323305,-1.7857692195587958,-321.46771918009654,-14.166360882280818,-33.65314069302545,-71.75496279052538,15.9193122787883,256.89747343904895,-4.380194310946924,-291.697864388461,-19.062866206999274,-25.57814248566332,-67.90228167423336,-0.8485761266826017,27.349817593281557,2.594425091388128,-29.76985479163551,4.896505324718456,-8.074998207362128,-3.8526811162920183
NCAR,CESM2-WACCM,r1i1p1f1,gn,ssp245,2077-11,2077,11,2.538775667504358,264.6320076589926,-0.323440384683505,-302.80379774254163,-24.211380892220486,-32.89238022661472,-93.06021591956339,2.5925275075676772,226.74750459235383,-0.5328379026360872,-264.97601499925315,-26.070306271323897,-26.466079860120846,-88.70520693341243,-0.053751840063319456,37.884503066638786,0.2093975179525822,-37.82778274328848,1.858925379103411,-6.426300366493873,-4.355008986150963
NCAR,CESM2-WACCM,r1i1p1f1,gn,ssp245,2077-12,2077,12,0.6191501220114899,240.76359624078535,-0.08881294152017676,-278.8301551844919,-30.553413787478288,-33.10862249441472,-101.19825804510826,0.6773264413565148,205.25541358021636,-0.21629244537056036,-244.35942714392272,-27.52562905630308,-25.26915405374307,-91.43776267776657,-0.058176319345024874,35.50818266056899,0.1274795038503836,-34.470728040569185,-3.027784731175206,-7.839468440671649,-9.76049536734169
NCAR,CESM2-WACCM,r1i1p1f1,gn,ssp245,2078-01,2078,1,1.4844693050617899,236.2444859421844,-0.49922126445163995,-271.5293124855685,-22.726881409435183,-23.499581200861513,-80.52604111307062,1.6579286852252568,196.20551484935447,-0.7660732495860045,-233.69317904034412,-26.446030144367764,-23.962358246853956,-87.00419714657214,-0.17345938016346696,40.03897109282994,0.2668519851343646,-37.83613344522436,3.719148734932581,0.46277704599244274,6.47815603350152
NCAR,CESM2-WACCM,r1i1p1f1,gn,ssp245,2078-02,2078,2,9.481219784510033,224.1548837527962,-4.728657366956745,-260.12209198546384,-26.068456336733533,-23.91768080166177,-81.20078295350966,10.385738957971206,195.57557849392916,-5.961691198481865,-231.37068932874575,-24.899052807969824,-23.09016983538138,-79.36028571867845,-0.904519173461173,28.579305258867038,1.2330338315251197,-28.751402656718085,-1.1694035287637092,-0.8275109662803892,-1.8404972348312043
NCAR,CESM2-WACCM,r1i1p1f1,gn,ssp245,2078-03,2078,3,46.49695409477118,219.18976626504488,-28.86041770434156,-254.25784653395715,-22.87625413430396,-18.839041294688926,-59.14683930747556,52.34600267468988,199.48953926508008,-34.42371965033548,-236.7508496922062,-20.85710861632136,-20.373539266184096,-60.56967528527718,-5.849048579918694,19.700226999964798,5.563301945993917,-17.506996841750947,-2.019145517982601,1.5344979714951705,1.4228359778016184
NCAR,CESM2-WACCM,r1i1p1f1,gn,ssp245,2078-04,2078,4,129.859364053859,250.00911254717474,-80.88119465509612,-282.3304750843895,-14.075932509038322,-16.392773682389663,-13.811899329879838,148.4263517975451,216.72984245488897,-100.49578385113533,-258.4648433761369,-13.984813605344282,-15.80226050010748,-23.59150708028995,-18.5669877436861,33.27927009228577,19.614589196039205,-23.86563170825258,-0.0911189036940403,-0.5905131822821836,9.779607750410113
NCAR,CESM2-WACCM,r1i1p1f1,gn,ssp245,2078-05,2078,5,206.06655533139022,280.89623321700185,-115.52649682018789,-308.49604495536187,-7.4906174493491,-14.016383562585327,41.433245760907845,230.97572059279568,260.9168771007636,-147.350178023134,-296.4210780752247,-8.42963842864043,-13.368998020843918,26.322705145716213,-24.909165261405462,19.97935611623825,31.823681202946105,-12.07496688013714,0.9390209792913309,-0.6473855417414089,15.110540615191631
NCAR,CESM2-WACCM,r1i1p1f1,gn,ssp245,2078-06,2078,6,213.07048587930063,305.0512921696755,-86.74644157406443,-322.5267448296869,-3.354592970266231,-8.160658006790584,97.333340668168,229.4053676740754,296.8800857108836,-116.00451780204455,-318.9062131313004,-4.049380336574811,-11.48764164916818,75.83770046587108,-16.33488179477476,8.171206458791914,29.258076227980112,-3.6205316983865146,0.6947873663085797,3.3269836423775967,21.495640202296926
NCAR,CESM2-WACCM,r1i1p1f1,gn,ssp245,2078-07,2078,7,146.98018233367605,319.97238172962255,-28.122930876514527,-329.0850477854147,-0.41321088079446416,-4.483888492639928,104.84748602793496,167.28392393654957,309.3164516077261,-59.40260923806807,-324.12606880488454,-2.2717320425952057,-9.161909245871227,81.63805621285663,-20.303741602873515,10.65593012189646,31.27967836155354,-4.958978980530162,1.8585211618007416,4.678020753231299,23.209429815078337
NCAR,CESM2-WACCM,r1i1p1f1,gn,ssp245,2078-08,2078,8,89.0458515252224,320.5172632024012,-8.782084356739091,-332.4894658739997,-2.2096939301512135,-7.076214365965206,59.005656200768435,106.60594156560862,307.0192301231463,-30.971484870242,-324.3886704459015,-3.1681999649659307,-11.50649087877609,43.59032552886945,-17.560090040386214,13.498033079254867,22.18940051350291,-8.100795428098195,0.9585060348147172,4.430276512810884,15.415330671898985
NCAR,CESM2-WACCM,r1i1p1f1,gn,ssp245,2078-09,2078,9,46.335942876291824,307.30028800569613,-4.502473233948958,-329.68174309922665,-5.598536353406084,-18.04808298789063,-4.194604792484343,54.89830463739902,288.9866461711278,-16.49764968729072,-315.33848147263296,-9.098186561522688,-19.40690265700391,-16.456269569923517,-8.562361761107198,18.31364183456833,11.995176453341763,-14.343261626593687,3.499650208116604,1.3588196691132808,12.261664777439174
NCAR,CESM2-WACCM,r1i1p1f1,gn,ssp245,2078-10,2078,10,14.951684374556441,290.52149351652326,-1.6739583720021374,-323.0592721064306,-11.183700837118739,-28.524994922768194,-58.96874834723995,15.9193122787883,256.89747343904895,-4.380194310946924,-291.697864388461,-19.062866206999274,-25.57814248566332,-67.90228167423336,-0.9676279042318594,33.62402007747431,2.7062359389447863,-31.3614077179696,7.8791653698805355,-2.946852437104873,8.933533326993413
NCAR,CESM2-WACCM,r1i1p1f1,gn,ssp245,2078-11,2078,11,2.5588273596738036,269.18306217288955,-0.32120108832288086,-307.05105092420524,-23.03253832578751,-33.81172196280531,-92.47462276855761,2.5925275075676772,226.74750459235383,-0.5328379026360872,-264.97601499925315,-26.070306271323897,-26.466079860120846,-88.70520693341243,-0.033700147893873655,42.435557580535715,0.21163681431320636,-42.07503592495209,3.0377679455363875,-7.345642102684462,-3.769415835145182
NCAR,CESM2-WACCM,r1i1p1f1,gn,ssp245,2078-12,2078,12,0.6354476809841354,248.5596999320092,-0.08256633718439003,-288.06521475983374,-29.05730946698785,-33.13533248653008,-101.14527543754272,0.6773264413565148,205.25541358021636,-0.21629244537056036,-244.35942714392272,-27.52562905630308,-25.26915405374307,-91.43776267776657,-0.041878760372379364,43.304286351792854,0.1337261081861703,-43.70578761591102,-1.5316804106847677,-7.866178432787013,-9.70751275977615
NCAR,CESM2-WACCM,r1i1p1f1,gn,ssp245,2079-01,2079,1,1.3756967958518966,235.6999012053661,-0.40927377018046857,-270.51814093689944,-23.44961910458172,-22.037489765519506,-79.33892557596315,1.6579286852252568,196.20551484935447,-0.7660732495860045,-233.69317904034412,-26.446030144367764,-23.962358246853956,-87.00419714657214,-0.2822318893733602,39.49438635601163,0.35679947940553597,-36.82496189655532,2.996411039786043,1.9248684813344497,7.665271570608994
NCAR,CESM2-WACCM,r1i1p1f1,gn,ssp245,2079-02,2079,2,9.172179748701495,235.43424771390906,-4.415090951832884,-268.9818877933409,-19.136664823264333,-22.655004450208313,-70.58222055603588,10.385738957971206,195.57557849392916,-5.961691198481865,-231.37068932874575,-24.899052807969824,-23.09016983538138,-79.36028571867845,-1.213559209269711,39.8586692199799,1.546600246648981,-37.611198464595134,5.762387984705491,0.43516538517306813,8.778065162642577
NCAR,CESM2-WACCM,r1i1p1f1,gn,ssp245,2079-03,2079,3,46.61292710046803,227.89509207496621,-27.888129254865103,-262.63303853672005,-18.335349662694934,-18.63774010963506,-52.98623838848091,52.34600267468988,199.48953926508008,-34.42371965033548,-236.7508496922062,-20.85710861632136,-20.373539266184096,-60.56967528527718,-5.73307557422185,28.40555280988613,6.535590395470376,-25.88218884451385,2.521758953626424,1.7357991565490352,7.583436896796265
NCAR,CESM2-WACCM,r1i1p1f1,gn,ssp245,2079-04,2079,4,135.40790079212218,239.11963902494747,-85.42378317510276,-275.2517469253338,-14.594851583906609,-16.105540897388426,-16.84838276466197,148.4263517975451,216.72984245488897,-100.49578385113533,-258.4648433761369,-13.984813605344282,-15.80226050010748,-23.59150708028995,-13.018451005422918,22.389796570058508,15.072000676032573,-16.786903549196893,-0.6100379785623264,-0.3032803972809468,6.7431243156279805
NCAR,CESM2-WACCM,r1i1p1f1,gn,ssp245,2079-05,2079,5,208.0855902225843,279.51172942918464,-118.98699326127438,-306.33556567207,-6.091817810930759,-10.005356400406805,46.177586507086986,230.97572059279568,260.9168771007636,-147.350178023134,-296.4210780752247,-8.42963842864043,-13.368998020843918,26.322705145716213,-22.89013037021138,18.59485232842104,28.363184761859614,-9.914487596845277,2.3378206177096716,3.3636416204371127,19.854881361370772
NCAR,CESM2-WACCM,r1i1p1f1,gn,ssp245,2079-06,2079,6,218.6690465910167,306.20209344198656,-78.19198904942134,-323.83060590543096,-1.8839179684005622,-6.391714522578313,114.57291258717207,229.4053676740754,296.8800857108836,-116.00451780204455,-318.9062131313004,-4.049380336574811,-11.48764164916818,75.83770046587108,-10.736321083058698,9.322007731102985,37.81252875262321,-4.924392774130581,2.1654623681742486,5.095927126589867,38.73521212130099
NCAR,CESM2-WACCM,r1i1p1f1,gn,ssp245,2079-07,2079,7,155.51798807793668,319.9419760315261,-24.800696649155764,-331.1043425230063,-2.3131347522178367,-5.517008822198907,111.72478136288397,167.28392393654957,309.3164516077261,-59.40260923806807,-324.12606880488454,-2.2717320425952057,-9.161909245871227,81.63805621285663,-11.765935858612892,10.625524423800016,34.6019125889123,-6.978273718121784,-0.04140270962263104,3.64490042367232,30.08672515002735
NCAR,CESM2-WACCM,r1i1p1f1,gn,ssp245,2079-08,2079,8,92.51851188139092,320.2912945442197,-8.53679303946615,-334.2965566952648,-3.5953052627907622,-8.491114050651179,57.89003737743768,106.60594156560862,307.0192301231463,-30.971484870242,-324.3886704459015,-3.1681999649659307,-11.50649087877609,43.59032552886945,-14.087429684217696,13.272064421073367,22.43469183077585,-9.907886249363344,-0.42710529782483153,3.0153768281249107,14.29971184856823
NCAR,CESM2-WACCM,r1i1p1f1,gn,ssp245,2079-09,2079,9,46.317396060528985,306.58113436777353,-4.47608135714816,-331.3439957780943,-6.440172284567439,-20.768582014642153,-10.130301006149512,54.89830463739902,288.9866461711278,-16.49764968729072,-315.33848147263296,-9.098186561522688,-19.40690265700391,-16.456269569923517,-8.580908576870037,17.594488196645727,12.02156833014256,-16.00551430546136,2.6580142769552486,-1.3616793576382413,6.325968563774005
NCAR,CESM2-WACCM,r1i1p1f1,gn,ssp245,2079-10,2079,10,14.175290938850932,290.9463641339567,-1.5746297373381126,-324.71234905040944,-11.761704337794933,-29.880757974249317,-62.80778602698416,15.9193122787883,256.89747343904895,-4.380194310946924,-291.697864388461,-19.062866206999274,-25.57814248566332,-67.90228167423336,-1.744021339937369,34.048890694907755,2.805564573608811,-33.014484661948416,7.301161869204341,-4.302615488585996,5.094495647249204
NCAR,CESM2-WACCM,r1i1p1f1,gn,ssp245,2079-11,2079,11,2.678989301615876,278.4608470118466,-0.33945306970044664,-312.82527453792864,-18.550103406106217,-33.18246244105877,-83.75745714133151,2.5925275075676772,226.74750459235383,-0.5328379026360872,-264.97601499925315,-26.070306271323897,-26.466079860120846,-88.70520693341243,0.08646179404819865,51.71334241949279,0.19338483293564057,-47.84925953867548,7.52020286521768,-6.716382580937921,4.947749792080913
NCAR,CESM2-WACCM,r1i1p1f1,gn,ssp245,2079-12,2079,12,0.5627512517568848,251.33867785577687,-0.06634638167902474,-290.4847131657443,-31.90544758252771,-34.223147038592934,-104.77822506101023,0.6773264413565148,205.25541358021636,-0.21629244537056036,-244.35942714392272,-27.52562905630308,-25.26915405374307,-91.43776267776657,-0.11457518959962998,46.08326427556051,0.14994606369153562,-46.12528602182161,-4.3798185262246285,-8.953992984849865,-13.340462383243661
NCAR,CESM2-WACCM,r1i1p1f1,gn,ssp245,2080-01,2080,1,1.3786558936143503,233.92785446510823,-0.2978097708911204,-272.9805957230417,-33.19421318487715,-32.68771528461389,-103.85382360470129,1.6579286852252568,196.20551484935447,-0.7660732495860045,-233.69317904034412,-26.446030144367764,-23.962358246853956,-87.00419714657214,-0.27927279161090657,37.722339615753754,0.46826347869488416,-39.28741668269757,-6.748183040509385,-8.725357037759931,-16.84962645812915
NCAR,CESM2-WACCM,r1i1p1f1,gn,ssp245,2080-02,2080,2,9.438882382006929,217.2951610362374,-4.598681344120695,-255.05132728078758,-20.742397926474318,-18.221487605285716,-71.87985073842398,10.385738957971206,195.57557849392916,-5.961691198481865,-231.37068932874575,-24.899052807969824,-23.09016983538138,-79.36028571867845,-0.9468565759642775,21.719582542308245,1.3630098543611702,-23.68063795204182,4.1566548814955055,4.868682230095665,7.480434980254472
NCAR,CESM2-WACCM,r1i1p1f1,gn,ssp245,2080-03,2080,3,46.75875592439631,226.5897554313922,-27.912028508685886,-262.2966018153471,-25.926322606601317,-25.954260035512622,-68.74070161035844,52.34600267468988,199.48953926508008,-34.42371965033548,-236.7508496922062,-20.85710861632136,-20.373539266184096,-60.56967528527718,-5.587246750293566,27.100216166312123,6.511691141649592,-25.545752123140915,-5.069213990279959,-5.580720769328526,-8.171026325081264
NCAR,CESM2-WACCM,r1i1p1f1,gn,ssp245,2080-04,2080,4,127.18425785810018,256.7521467421481,-77.65188676654532,-287.4141792321788,-12.187884890889425,-16.906501557720652,-10.22404784708591,148.4263517975451,216.72984245488897,-100.49578385113533,-258.4648433761369,-13.984813605344282,-15.80226050010748,-23.59150708028995,-21.242093939444914,40.022304287259146,22.84389708459001,-28.9493358560419,1.7969287144548574,-1.104241057613173,13.367459233204041
NCAR,CESM2-WACCM,r1i1p1f1,gn,ssp245,2080-05,2080,5,210.27618247367798,281.7738482608762,-110.33175185247536,-311.0121518722176,-7.0172535372760025,-14.143929058771038,49.54494441381419,230.97572059279568,260.9168771007636,-147.350178023134,-296.4210780752247,-8.42963842864043,-13.368998020843918,26.322705145716213,-20.699538119117705,20.856971160112607,37.01842617065863,-14.591073796992873,1.412384891364428,-0.7749310379271197,23.22223926809798
NCAR,CESM2-WACCM,r1i1p1f1,gn,ssp245,2080-06,2080,6,208.49249587171852,306.8259722643565,-70.52148918061778,-324.3780042289445,-2.7139806908450597,-7.163547704366971,110.54144633130068,229.4053676740754,296.8800857108836,-116.00451780204455,-318.9062131313004,-4.049380336574811,-11.48764164916818,75.83770046587108,-20.912871802356875,9.945886553472917,45.48302862142677,-5.471791097644143,1.3353996457297512,4.324093944801209,34.703745865429596
NCAR,CESM2-WACCM,r1i1p1f1,gn,ssp245,2080-07,2080,7,144.58232128310846,320.7174378027996,-20.62465505530185,-331.13895479462707,-1.450159202860285,-4.911684644607302,107.17430538851157,167.28392393654957,309.3164516077261,-59.40260923806807,-324.12606880488454,-2.2717320425952057,-9.161909245871227,81.63805621285663,-22.701602653441114,11.400986195073529,38.777954182766216,-7.012885989742529,0.8215728397349207,4.250224601263925,25.536249175654945
NCAR,CESM2-WACCM,r1i1p1f1,gn,ssp245,2080-08,2080,8,89.9199032071523,323.78251605522854,-7.657374663675947,-335.27961082452543,-0.3382747265199086,-5.244704322820175,65.18245472483935,106.60594156560862,307.0192301231463,-30.971484870242,-324.3886704459015,-3.1681999649659307,-11.50649087877609,43.59032552886945,-16.686038358456315,16.763285932082226,23.314110206566056,-10.890940378623952,2.8299252384460223,6.261786555955915,21.592129195969896
NCAR,CESM2-WACCM,r1i1p1f1,gn,ssp245,2080-09,2080,9,47.78981512611344,309.2443494797938,-4.387730402035972,-332.9322298715713,-6.347947009872748,-18.664706500824888,-5.298449178397664,54.89830463739902,288.9866461711278,-16.49764968729072,-315.33848147263296,-9.098186561522688,-19.40690265700391,-16.456269569923517,-7.108489511285583,20.25770330866601,12.10991928525475,-17.593748398938317,2.7502395516499396,0.7421961561790233,11.157820391525853
NCAR,CESM2-WACCM,r1i1p1f1,gn,ssp245,2080-10,2080,10,14.699974950749858,289.09232832183886,-1.5954080451107298,-326.30548447711357,-13.625350462853111,-32.988992074682436,-70.72293178717115,15.9193122787883,256.89747343904895,-4.380194310946924,-291.697864388461,-19.062866206999274,-25.57814248566332,-67.90228167423336,-1.219337328038442,32.19485488278991,2.784786265836194,-34.60762008865254,5.437515744146163,-7.410849589019115,-2.820650112937784
NCAR,CESM2-WACCM,r1i1p1f1,gn,ssp245,2080-11,2080,11,2.6132759084879655,277.95177735580813,-0.30858324590382336,-314.59032486445864,-20.603905892689546,-34.6245168604963,-89.56227759925218,2.5925275075676772,226.74750459235383,-0.5328379026360872,-264.97601499925315,-26.070306271323897,-26.466079860120846,-88.70520693341243,0.02074840092028829,51.2042727634543,0.22425465673226386,-49.614309865205485,5.466400378634351,-8.158437000375454,-0.8570706658397569
NCAR,CESM2-WACCM,r1i1p1f1,gn,ssp245,2080-12,2080,12,0.5881318438858555,247.95251303137925,-0.07552327624616523,-289.73510869018185,-29.94073534873744,-35.33314174533704,-106.54386418523737,0.6773264413565148,205.25541358021636,-0.21629244537056036,-244.35942714392272,-27.52562905630308,-25.26915405374307,-91.43776267776657,-0.08919459747065928,42.6970994511629,0.14076916912439513,-45.37568154625913,-2.415106292434359,-10.063987691593969,-15.106101507470797
NCAR,CESM2-WACCM,r1i1p1f1,gn,ssp245,2081-01,2081,1,1.394686061061112,236.16327445171078,-0.44076671797919714,-274.1857136226055,-33.734696976764575,-33.65986478065848,-104.46308158523583,1.6579286852252568,196.20551484935447,-0.7660732495860045,-233.69317904034412,-26.446030144367764,-23.962358246853956,-87.00419714657214,-0.2632426241641448,39.957759602356305,0.3253065316068074,-40.49253458226136,-7.28866683239681,-9.697506533804525,-17.458884438663688
NCAR,CESM2-WACCM,r1i1p1f1,gn,ssp245,2081-02,2081,2,9.620836602367453,228.4923206414616,-4.960736960993516,-264.0918759832991,-26.25654907749096,-25.34690980486452,-82.54291458281904,10.385738957971206,195.57557849392916,-5.961691198481865,-231.37068932874575,-24.899052807969824,-23.09016983538138,-79.36028571867845,-0.7649023556037537,32.91674214753243,1.000954237488349,-32.72118665455332,-1.3574962695211354,-2.2567399694831387,-3.1826288641405824
NCAR,CESM2-WACCM,r1i1p1f1,gn,ssp245,2081-03,2081,3,47.517046082193964,230.1392408516275,-28.57383462766291,-262.4639129694163,-16.681194428487295,-15.036991985301924,-45.09964707704693,52.34600267468988,199.48953926508008,-34.42371965033548,-236.7508496922062,-20.85710861632136,-20.373539266184096,-60.56967528527718,-4.8289565924959135,30.649701586547422,5.8498850226725665,-25.713063277210097,4.1759141878340635,5.336547280882172,15.470028208230246
NCAR,CESM2-WACCM,r1i1p1f1,gn,ssp245,2081-04,2081,4,131.88221846925708,241.9519866348238,-84.02393405213901,-276.19153389066844,-15.316101862994374,-15.653490232831198,-17.350854934552142,148.4263517975451,216.72984245488897,-100.49578385113533,-258.4648433761369,-13.984813605344282,-15.80226050010748,-23.59150708028995,-16.544133328288012,25.222144179934844,16.471849798996317,-17.726690514531526,-1.3312882576500922,0.14877026727628184,6.240652145737808
NCAR,CESM2-WACCM,r1i1p1f1,gn,ssp245,2081-05,2081,5,205.27394990365613,282.4685998006212,-115.14505737652796,-308.4296611851727,-7.308702696636452,-12.494131336220256,44.36499710971992,230.97572059279568,260.9168771007636,-147.350178023134,-296.4210780752247,-8.42963842864043,-13.368998020843918,26.322705145716213,-25.70177068913955,21.551722699857578,32.205120646606034,-12.00858310994795,1.1209357320039786,0.8748666846236617,18.04229196400371
NCAR,CESM2-WACCM,r1i1p1f1,gn,ssp245,2081-06,2081,6,194.01972121536102,311.2209480494947,-62.66140669824743,-324.4529090476081,-1.7131475636954752,-6.762094106914642,109.65111184839007,229.4053676740754,296.8800857108836,-116.00451780204455,-318.9062131313004,-4.049380336574811,-11.48764164916818,75.83770046587108,-35.385646458714376,14.340862338611146,53.34311110379711,-5.546695916307726,2.3362327728793355,4.725547542253539,33.81341138251899
NCAR,CESM2-WACCM,r1i1p1f1,gn,ssp245,2081-07,2081,7,142.6118357440118,321.4208476886278,-18.293594220720678,-330.69712212820576,0.006120924172761744,-4.403347163630173,110.64474084425572,167.28392393654957,309.3164516077261,-59.40260923806807,-324.12606880488454,-2.2717320425952057,-9.161909245871227,81.63805621285663,-24.672088192537757,12.104396080901722,41.10901501734739,-6.571053323321223,2.2778529667679672,4.758562082241054,29.006684631399096
NCAR,CESM2-WACCM,r1i1p1f1,gn,ssp245,2081-08,2081,8,92.12363814685574,321.4062784187653,-7.792914918140082,-334.42237677953153,-0.7694223320698044,-5.951841165523385,64.59336137035622,106.60594156560862,307.0192301231463,-30.971484870242,-324.3886704459015,-3.1681999649659307,-11.50649087877609,43.59032552886945,-14.482303418752878,14.387048295618968,23.17856995210192,-10.03370633363005,2.3987776328961266,5.554649713252704,21.00303584148677
NCAR,CESM2-WACCM,r1i1p1f1,gn,ssp245,2081-09,2081,9,43.57055075009061,313.3259785158181,-3.847449232144534,-332.6257674561831,-5.1522769487317674,-15.562253811996458,-0.2912181831471248,54.89830463739902,288.9866461711278,-16.49764968729072,-315.33848147263296,-9.098186561522688,-19.40690265700391,-16.456269569923517,-11.327753887308411,24.33933234469032,12.650200455146187,-17.287285983550134,3.9459096127909206,3.8446488450074536,16.16505138677639
NCAR,CESM2-WACCM,r1i1p1f1,gn,ssp245,2081-10,2081,10,14.205484122103018,291.82319412654635,-1.5263790830913402,-326.9420103443648,-15.134838770171873,-32.207765751851554,-69.7823157008302,15.9193122787883,256.89747343904895,-4.380194310946924,-291.697864388461,-19.062866206999274,-25.57814248566332,-67.90228167423336,-1.7138281566852829,34.9257206874974,2.8538152278555833,-35.244145955903775,3.928027436827401,-6.629623266188233,-1.8800340265968316
NCAR,CESM2-WACCM,r1i1p1f1,gn,ssp245,2081-11,2081,11,2.5958233761856606,268.4055888442552,-0.3251806723267144,-314.6359111809722,-24.714930482706713,-42.08061362101995,-110.75522373658472,2.5925275075676772,226.74750459235383,-0.5328379026360872,-264.97601499925315,-26.070306271323897,-26.466079860120846,-88.70520693341243,0.0032958686179833663,41.65808425190136,0.20765723030937283,-49.659896181719034,1.3553757886171844,-15.614533760899103,-22.050016803172298
NCAR,CESM2-WACCM,r1i1p1f1,gn,ssp245,2081-12,2081,12,0.5685108898566185,254.12457623346174,-0.07113558947269553,-292.6267762247899,-27.78328801032028,-31.26035641658006,-97.0484691178446,0.6773264413565148,205.25541358021636,-0.21629244537056036,-244.35942714392272,-27.52562905630308,-25.26915405374307,-91.43776267776657,-0.1088155514998963,48.86916265324538,0.1451568558978648,-48.267349080867206,-0.25765895401719874,-5.99120236283699,-5.610706440078033
NCAR,CESM2-WACCM,r1i1p1f1,gn,ssp245,2082-01,2082,1,1.4229534954038243,238.15152196043817,-0.37215865296476075,-274.28906500184206,-26.724644283218613,-27.61445826434202,-89.42585074652547,1.6579286852252568,196.20551484935447,-0.7660732495860045,-233.69317904034412,-26.446030144367764,-23.962358246853956,-87.00419714657214,-0.2349751898214325,41.9460071110837,0.3939145966212438,-40.59588596149794,-0.2786141388508483,-3.6521000174880633,-2.4216535999533306
NCAR,CESM2-WACCM,r1i1p1f1,gn,ssp245,2082-02,2082,2,9.201921893038357,225.46194786309388,-4.444664554872189,-261.29891327933655,-22.153245240012204,-24.761901847334684,-77.99485516542339,10.385738957971206,195.57557849392916,-5.961691198481865,-231.37068932874575,-24.899052807969824,-23.09016983538138,-79.36028571867845,-1.1838170649328497,29.886369369164726,1.5170266436096762,-29.92822395059079,2.7458075679576197,-1.6717320119533028,1.3654305532550666
NCAR,CESM2-WACCM,r1i1p1f1,gn,ssp245,2082-03,2082,3,45.93708849552487,239.12660659030047,-26.90910107658113,-270.4131952066487,-16.066122003487248,-17.301516791925522,-45.62623999281729,52.34600267468988,199.48953926508008,-34.42371965033548,-236.7508496922062,-20.85710861632136,-20.373539266184096,-60.56967528527718,-6.408914179165009,39.637067325220386,7.514618573754348,-33.66234551444251,4.790986612834111,3.072022474258574,14.943435292459888
NCAR,CESM2-WACCM,r1i1p1f1,gn,ssp245,2082-04,2082,4,129.24305094400341,251.8207883037554,-78.88880465439881,-283.2463096666177,-9.99887005179496,-12.193434219351616,-3.2635793444043415,148.4263517975451,216.72984245488897,-100.49578385113533,-258.4648433761369,-13.984813605344282,-15.80226050010748,-23.59150708028995,-19.18330085354168,35.090945848866426,21.606979196736518,-24.781466290480807,3.9859435535493226,3.6088262807558635,20.32792773588561
NCAR,CESM2-WACCM,r1i1p1f1,gn,ssp245,2082-05,2082,5,208.17263048163449,282.56861038611794,-110.30261862412553,-311.0899878511627,-5.913535025412692,-13.841374808884975,49.593724558166585,230.97572059279568,260.9168771007636,-147.350178023134,-296.4210780752247,-8.42963842864043,-13.368998020843918,26.322705145716213,-22.803090111161197,21.65173328535434,37.04755939900846,-14.668909775937948,2.5161034032277385,-0.472376788041057,23.27101941245037
NCAR,CESM2-WACCM,r1i1p1f1,gn,ssp245,2082-06,2082,6,216.65898868070383,303.4229293286036,-71.62293532903895,-324.13265141978127,-3.4925287181581828,-10.457805817071337,110.37599672525765,229.4053676740754,296.8800857108836,-116.00451780204455,-318.9062131313004,-4.049380336574811,-11.48764164916818,75.83770046587108,-12.746378993371565,6.542843617719996,44.381582473005594,-5.226438288480892,0.5568516184166281,1.0298358320968433,34.53829625938657
NCAR,CESM2-WACCM,r1i1p1f1,gn,ssp245,2082-07,2082,7,140.51329591869222,321.45922515544913,-20.055718735215187,-330.6572245607859,-2.011130003670119,-5.741837090292709,103.50661068417746,167.28392393654957,309.3164516077261,-59.40260923806807,-324.12606880488454,-2.2717320425952057,-9.161909245871227,81.63805621285663,-26.770628017857348,12.142773547723039,39.34689050285288,-6.531155755901352,0.2606020389250867,3.4200721555785183,21.868554471320834
NCAR,CESM2-WACCM,r1i1p1f1,gn,ssp245,2082-08,2082,8,92.34885532218152,321.97292823611537,-7.988017225736088,-334.647328195205,-1.986281962429056,-6.498859974182883,63.201296200743876,106.60594156560862,307.0192301231463,-30.971484870242,-324.3886704459015,-3.1681999649659307,-11.50649087877609,43.59032552886945,-14.257086243427096,14.95369811296905,22.983467644505915,-10.258657749303495,1.1819180025368747,5.007630904593206,19.610970671874426
NCAR,CESM2-WACCM,r1i1p1f1,gn,ssp245,2082-09,2082,9,48.42526169811772,307.18704348065603,-4.405937368775019,-332.47396795056216,-6.441387430720507,-20.398453968574337,-8.10744153985829,54.89830463739902,288.9866461711278,-16.49764968729072,-315.33848147263296,-9.098186561522688,-19.40690265700391,-16.456269569923517,-6.473042939281299,18.200397309528228,12.091712318515702,-17.13548647792919,2.656799130802181,-0.9915513115704258,8.348828030065228
NCAR,CESM2-WACCM,r1i1p1f1,gn,ssp245,2082-10,2082,10,15.42773665159371,291.5842482235504,-1.6861861229435682,-326.1626292402531,-11.235122828308988,-29.01760985225929,-61.08956316862089,15.9193122787883,256.89747343904895,-4.380194310946924,-291.697864388461,-19.062866206999274,-25.57814248566332,-67.90228167423336,-0.4915756271945906,34.68677478450144,2.6940081880033553,-34.4647648517921,7.827743378690286,-3.43946736659597,6.812718505612473
NCAR,CESM2-WACCM,r1i1p1f1,gn,ssp245,2082-11,2082,11,2.781622885478358,271.25410566601585,-0.34325063301822795,-313.69967943385257,-20.28873190877259,-34.12737121942214,-94.42330464357127,2.5925275075676772,226.74750459235383,-0.5328379026360872,-264.97601499925315,-26.070306271323897,-26.466079860120846,-88.70520693341243,0.18909537791068054,44.50660107366201,0.18958726961785927,-48.723664434599414,5.781574362551307,-7.661291359301291,-5.718097710158844
NCAR,CESM2-WACCM,r1i1p1f1,gn,ssp245,2082-12,2082,12,0.6270564160359494,250.02934626525393,-0.07898306515022907,-292.0084239429465,-26.993159552497424,-31.4331861927154,-99.85735007201964,0.6773264413565148,205.25541358021636,-0.21629244537056036,-244.35942714392272,-27.52562905630308,-25.26915405374307,-91.43776267776657,-0.05027002532056535,44.77393268503758,0.1373093802203313,-47.64899679902376,0.5324695038056575,-6.164032138972331,-8.419587394253071
NCAR,CESM2-WACCM,r1i1p1f1,gn,ssp245,2083-01,2083,1,1.4000864779116642,233.48486061332005,-0.3689765833220704,-272.026499867424,-24.933145881127814,-26.459979162484164,-88.90365440312632,1.6579286852252568,196.20551484935447,-0.7660732495860045,-233.69317904034412,-26.446030144367764,-23.962358246853956,-87.00419714657214,-0.25784220731359264,37.27934576396558,0.39709666626393414,-38.33332082707986,1.5128842632399504,-2.4976209156302076,-1.8994572565541858
NCAR,CESM2-WACCM,r1i1p1f1,gn,ssp245,2083-02,2083,2,9.13597396847184,219.3034568603602,-4.37420740248607,-258.3709406665722,-25.329118961979955,-23.34477455889438,-82.97961076110059,10.385738957971206,195.57557849392916,-5.961691198481865,-231.37068932874575,-24.899052807969824,-23.09016983538138,-79.36028571867845,-1.2497649894993668,23.727878366431042,1.5874837959957944,-27.000251337826455,-0.43006615401013093,-0.25460472351299757,-3.6193250424221333
NCAR,CESM2-WACCM,r1i1p1f1,gn,ssp245,2083-03,2083,3,46.07944239860156,231.2501277882056,-27.471484238260985,-264.6912368933523,-19.922338381660413,-19.93980233757222,-54.69529166403879,52.34600267468988,199.48953926508008,-34.42371965033548,-236.7508496922062,-20.85710861632136,-20.373539266184096,-60.56967528527718,-6.26656027608832,31.760588523125506,6.952235412074494,-27.94038720114611,0.9347702346609452,0.43373692861187507,5.874383621238387
NCAR,CESM2-WACCM,r1i1p1f1,gn,ssp245,2083-04,2083,4,130.61618661334228,251.75316847820645,-79.34096802286628,-283.3679601094033,-12.494043047305311,-13.928902376591347,-6.762518464617495,148.4263517975451,216.72984245488897,-100.49578385113533,-258.4648433761369,-13.984813605344282,-15.80226050010748,-23.59150708028995,-17.810165184202816,35.02332602331748,21.15481582826905,-24.903116733266415,1.490770558038971,1.873358123516132,16.828988615672458
NCAR,CESM2-WACCM,r1i1p1f1,gn,ssp245,2083-05,2083,5,207.42726830956207,282.8235839603352,-111.52974253267081,-309.9249857950304,-6.3526713799310155,-12.756206412630355,49.68724614963469,230.97572059279568,260.9168771007636,-147.350178023134,-296.4210780752247,-8.42963842864043,-13.368998020843918,26.322705145716213,-23.548452283233615,21.906706859571614,35.82043549046318,-13.503907719805682,2.076967048709415,0.6127916082135627,23.364541003918475
NCAR,CESM2-WACCM,r1i1p1f1,gn,ssp245,2083-06,2083,6,212.5177925031438,307.33949186286895,-68.60019700474562,-324.49517691942077,-3.729248738956068,-8.027954820274449,115.00470688261588,229.4053676740754,296.8800857108836,-116.00451780204455,-318.9062131313004,-4.049380336574811,-11.48764164916818,75.83770046587108,-16.887575170931598,10.459406151985377,47.40432079729892,-5.588963788120395,0.3201315976187429,3.459686828893732,39.1670064167448
NCAR,CESM2-WACCM,r1i1p1f1,gn,ssp245,2083-07,2083,7,139.78747752384038,322.43397368546897,-17.792033995652602,-331.19031101712943,0.07485771088193657,-3.1601331872921454,110.1538307201171,167.28392393654957,309.3164516077261,-59.40260923806807,-324.12606880488454,-2.2717320425952057,-9.161909245871227,81.63805621285663,-27.49644641270919,13.117522077742876,41.610575242415464,-7.064242212244892,2.3465897534771423,6.001776058579082,28.515774507260474
NCAR,CESM2-WACCM,r1i1p1f1,gn,ssp245,2083-08,2083,8,88.8127479375757,323.60937320483583,-7.496295831894402,-335.3198634100879,-1.2638262657192079,-6.493575379692099,61.84856025501788,106.60594156560862,307.0192301231463,-30.971484870242,-324.3886704459015,-3.1681999649659307,-11.50649087877609,43.59032552886945,-17.793193628032924,16.59014308168952,23.4751890383476,-10.931192964186437,1.9043736992467228,5.012915499083991,18.25823472614843
NCAR,CESM2-WACCM,r1i1p1f1,gn,ssp245,2083-09,2083,9,45.37239789486655,310.8040505359943,-4.0930890875982,-333.33595003352633,-6.3411711615630395,-20.10788186004054,-7.701643711867252,54.89830463739902,288.9866461711278,-16.49764968729072,-315.33848147263296,-9.098186561522688,-19.40690265700391,-16.456269569923517,-9.52590674253247,21.81740436486649,12.404560599692521,-17.997468560893367,2.7570153999596485,-0.7009792030366278,8.754625858056265
NCAR,CESM2-WACCM,r1i1p1f1,gn,ssp245,2083-10,2083,10,14.239217264161809,294.8701245892635,-1.5264166868092086,-326.91957402546007,-9.673103388812216,-26.200776010637288,-55.21052825829345,15.9193122787883,256.89747343904895,-4.380194310946924,-291.697864388461,-19.062866206999274,-25.57814248566332,-67.90228167423336,-1.6800950146264917,37.972651150214574,2.853777624137715,-35.22170963699904,9.389762818187059,-0.622633524973967,12.691753415939914
NCAR,CESM2-WACCM,r1i1p1f1,gn,ssp245,2083-11,2083,11,2.60802296849667,274.0087720651456,-0.3001430065053447,-316.23513449789783,-22.22148612093023,-38.36225127815855,-100.50221986984965,2.5925275075676772,226.74750459235383,-0.5328379026360872,-264.97601499925315,-26.070306271323897,-26.466079860120846,-88.70520693341243,0.015495460928992788,47.26126747279176,0.2326948961307425,-51.25911949864468,3.848820150393667,-11.896171418037707,-11.797012936437227
NCAR,CESM2-WACCM,r1i1p1f1,gn,ssp245,2083-12,2083,12,0.6131581072998299,250.92182480980767,-0.0744824378432168,-292.4518357452395,-32.54368302553662,-35.85026430001464,-109.3852825915265,0.6773264413565148,205.25541358021636,-0.21629244537056036,-244.35942714392272,-27.52562905630308,-25.26915405374307,-91.43776267776657,-0.06416833405668487,45.66641122959132,0.14181000752734357,-48.092408601316805,-5.0180539692335415,-10.581110246271574,-17.947519913759933
NCAR,CESM2-WACCM,r1i1p1f1,gn,ssp245,2084-01,2084,1,1.3694966191430014,227.8972169766183,-0.3588705950961171,-269.3054755029748,-34.3872607950663,-32.58141654427708,-107.36630984165296,1.6579286852252568,196.20551484935447,-0.7660732495860045,-233.69317904034412,-26.446030144367764,-23.962358246853956,-87.00419714657214,-0.28843206608225547,31.691702127263824,0.40720265448988746,-35.61229646263067,-7.941230650698532,-8.619058297423127,-20.362112695080825
NCAR,CESM2-WACCM,r1i1p1f1,gn,ssp245,2084-02,2084,2,8.796018120441216,230.0440107434378,-4.157468031807238,-263.83945374899685,-22.6140415841255,-21.94551793455083,-73.71645243560141,10.385738957971206,195.57557849392916,-5.961691198481865,-231.37068932874575,-24.899052807969824,-23.09016983538138,-79.36028571867845,-1.58972083752999,34.46843224950865,1.8042231666746265,-32.46876442025109,2.285011223844325,1.144651900830553,5.6438332830770435
NCAR,CESM2-WACCM,r1i1p1f1,gn,ssp245,2084-03,2084,3,47.03040070447201,228.84087918952233,-27.75871897885735,-264.3008425636421,-20.30307300035942,-19.94568644097632,-56.43704108984089,52.34600267468988,199.48953926508008,-34.42371965033548,-236.7508496922062,-20.85710861632136,-20.373539266184096,-60.56967528527718,-5.31560197021787,29.351339924442243,6.665000671478129,-27.549992871435904,0.55403561596194,0.42785282520777557,4.132634195436289
NCAR,CESM2-WACCM,r1i1p1f1,gn,ssp245,2084-04,2084,4,129.15801469288354,249.27097219193996,-78.89796118607848,-281.88519243963384,-11.032238085164566,-13.54245459821831,-6.928859424271662,148.4263517975451,216.72984245488897,-100.49578385113533,-258.4648433761369,-13.984813605344282,-15.80226050010748,-23.59150708028995,-19.268337104661555,32.541129737050994,21.597822665056853,-23.42034906349693,2.9525755201797157,2.2598059018891696,16.662647656018287
NCAR,CESM2-WACCM,r1i1p1f1,gn,ssp245,2084-05,2084,5,211.04310102206372,280.3904240715584,-112.60498172388903,-309.97728851123975,-6.288998734030383,-14.51464687387372,48.047609250589296,230.97572059279568,260.9168771007636,-147.350178023134,-296.4210780752247,-8.42963842864043,-13.368998020843918,26.322705145716213,-19.93261957073196,19.473546970794814,34.74519629924497,-13.556210436015022,2.140639694610048,-1.1456488530298028,21.724904104873083
NCAR,CESM2-WACCM,r1i1p1f1,gn,ssp245,2084-06,2084,6,213.5834612121334,306.36076028184453,-69.48053378116835,-323.90419411883556,-2.5207809321034587,-6.530880977404873,117.50783168446569,229.4053676740754,296.8800857108836,-116.00451780204455,-318.9062131313004,-4.049380336574811,-11.48764164916818,75.83770046587108,-15.821906461942007,9.480674570960957,46.5239840208762,-4.997980987535186,1.5285994044713522,4.956760671763307,41.670131218594605
NCAR,CESM2-WACCM,r1i1p1f1,gn,ssp245,2084-07,2084,7,148.57467690823435,321.1662353165255,-18.69277619259278,-331.44536526137983,-0.5498509454704226,-4.149905831550875,114.903013993766,167.28392393654957,309.3164516077261,-59.40260923806807,-324.12606880488454,-2.2717320425952057,-9.161909245871227,81.63805621285663,-18.709247028315218,11.849783708799407,40.709833045475285,-7.3192964564952945,1.721881097124783,5.012003414320352,33.26495778090937
NCAR,CESM2-WACCM,r1i1p1f1,gn,ssp245,2084-08,2084,8,89.15729538951898,323.5350250924466,-7.4408717535003595,-335.66085587689423,-0.5636639343619884,-5.071874349480606,63.955054567728396,106.60594156560862,307.0192301231463,-30.971484870242,-324.3886704459015,-3.1681999649659307,-11.50649087877609,43.59032552886945,-17.44864617608964,16.51579496930026,23.53061311674164,-11.27218543099275,2.6045360306039425,6.434616529295484,20.364729038858947
NCAR,CESM2-WACCM,r1i1p1f1,gn,ssp245,2084-09,2084,9,47.46047293331254,308.2551159694121,-4.40607374809339,-332.96270109579905,-6.106978218117046,-20.79079317531352,-8.550957334598372,54.89830463739902,288.9866461711278,-16.49764968729072,-315.33848147263296,-9.098186561522688,-19.40690265700391,-16.456269569923517,-7.437831704086484,19.268469798284286,12.09157593919733,-17.624219623166084,2.991208343405642,-1.3838905183096095,7.905312235325145
NCAR,CESM2-WACCM,r1i1p1f1,gn,ssp245,2084-10,2084,10,15.04243889442074,293.31128167256384,-1.6517679563854446,-326.71339930121087,-12.90736103171917,-31.459345487137995,-64.37815320946893,15.9193122787883,256.89747343904895,-4.380194310946924,-291.697864388461,-19.062866206999274,-25.57814248566332,-67.90228167423336,-0.8768733843675598,36.413808233514885,2.728426354561479,-35.01553491274984,6.155505175280105,-5.881203001474674,3.5241284647644306
NCAR,CESM2-WACCM,r1i1p1f1,gn,ssp245,2084-11,2084,11,2.5739988641485523,274.3385626915688,-0.3021143872818956,-318.39848738257086,-20.74589420989334,-39.295317438302796,-101.82925186233152,2.5925275075676772,226.74750459235383,-0.5328379026360872,-264.97601499925315,-26.070306271323897,-26.466079860120846,-88.70520693341243,-0.018528643419124968,47.59105809921499,0.2307235153541916,-53.42247238331771,5.324412061430557,-12.82923757818195,-13.12404492891909
NCAR,CESM2-WACCM,r1i1p1f1,gn,ssp245,2084-12,2084,12,0.5865283190212794,255.58411425933883,-0.07294828755160919,-298.41171459080124,-33.230017832746,-41.270354940479734,-116.81439307321844,0.6773264413565148,205.25541358021636,-0.21629244537056036,-244.35942714392272,-27.52562905630308,-25.26915405374307,-91.43776267776657,-0.09079812233523532,50.32870067912248,0.14334415781895116,-54.05228744687852,-5.704388776442919,-16.001200886736665,-25.37663039545187
NCAR,CESM2-WACCM,r1i1p1f1,gn,ssp245,2085-01,2085,1,1.4139414851478966,242.92207851392186,-0.34635401515823483,-279.4463579044573,-33.61580211434462,-30.951496464891374,-100.02399049978175,1.6579286852252568,196.20551484935447,-0.7660732495860045,-233.69317904034412,-26.446030144367764,-23.962358246853956,-87.00419714657214,-0.2439872000773602,46.71656366456739,0.4197192344277697,-45.75317886411315,-7.169771969976853,-6.989138218037418,-13.019793353209607
NCAR,CESM2-WACCM,r1i1p1f1,gn,ssp245,2085-02,2085,2,9.182007723261256,231.26318173732352,-4.441099186803005,-268.0043383478184,-23.772408612681687,-23.96189364656389,-79.73455033328223,10.385738957971206,195.57557849392916,-5.961691198481865,-231.37068932874575,-24.899052807969824,-23.09016983538138,-79.36028571867845,-1.2037312347099505,35.68760324339436,1.5205920116788594,-36.633649019072664,1.1266441952881365,-0.871723811182509,-0.37426461460377425
NCAR,CESM2-WACCM,r1i1p1f1,gn,ssp245,2085-03,2085,3,48.19184070808865,220.91124521885067,-29.01161055870321,-259.16405756673004,-19.030030327910957,-17.189343913042443,-55.291956439447304,52.34600267468988,199.48953926508008,-34.42371965033548,-236.7508496922062,-20.85710861632136,-20.373539266184096,-60.56967528527718,-4.1541619666012295,21.421705953770584,5.412109091632267,-22.413207874523835,1.8270782884104015,3.1841953531416536,5.277718845829874
NCAR,CESM2-WACCM,r1i1p1f1,gn,ssp245,2085-04,2085,4,134.22664157845261,239.3559906656887,-84.82226502927328,-275.7484057161557,-16.226097527030916,-15.547802596934002,-18.76193862525255,148.4263517975451,216.72984245488897,-100.49578385113533,-258.4648433761369,-13.984813605344282,-15.80226050010748,-23.59150708028995,-14.19971021909248,22.626148210799727,15.673518821862046,-17.28356234001876,-2.241283921686634,0.2544579031734777,4.8295684550374
NCAR,CESM2-WACCM,r1i1p1f1,gn,ssp245,2085-05,2085,5,211.51781259900042,280.31467592470773,-120.66771553736899,-308.38342401944385,-6.888338145280271,-12.256809997905972,43.63620082370903,230.97572059279568,260.9168771007636,-147.350178023134,-296.4210780752247,-8.42963842864043,-13.368998020843918,26.322705145716213,-19.45790799379526,19.39779882394413,26.682462485765,-11.962345944219123,1.541300283360159,1.1121880229379464,17.31349567799282
NCAR,CESM2-WACCM,r1i1p1f1,gn,ssp245,2085-06,2085,6,209.07554270044315,304.48291664497935,-75.99292132264786,-322.87695548109565,-2.6664356201489947,-9.133406945282506,102.88873997624752,229.4053676740754,296.8800857108836,-116.00451780204455,-318.9062131313004,-4.049380336574811,-11.48764164916818,75.83770046587108,-20.329824973632242,7.602830934095778,40.01159647939669,-3.970742349795273,1.3829447164258162,2.354234703885675,27.05103951037644
NCAR,CESM2-WACCM,r1i1p1f1,gn,ssp245,2085-07,2085,7,142.29008587341167,320.0302684977776,-21.413298349631887,-329.5303795681346,-1.587179960665968,-5.06004762741246,104.7294488653444,167.28392393654957,309.3164516077261,-59.40260923806807,-324.12606880488454,-2.2717320425952057,-9.161909245871227,81.63805621285663,-24.9938380631379,10.713816890051532,37.98931088843618,-5.404310763250066,0.6845520819292377,4.101861618458767,23.09139265248777
NCAR,CESM2-WACCM,r1i1p1f1,gn,ssp245,2085-08,2085,8,91.16345495624017,321.08522407406986,-7.747446928084277,-333.52143533101,-0.7216433779045057,-6.110470656933572,64.14768273637765,106.60594156560862,307.0192301231463,-30.971484870242,-324.3886704459015,-3.1681999649659307,-11.50649087877609,43.59032552886945,-15.442486609368444,14.065993950923541,23.224037942157725,-9.132764885108543,2.446556587061425,5.396020221842518,20.557357207508197
NCAR,CESM2-WACCM,r1i1p1f1,gn,ssp245,2085-09,2085,9,47.869455471938046,309.69614604256395,-4.401102884360022,-331.7016788183935,-4.809263969402471,-16.888669169758046,-0.23511332741197322,54.89830463739902,288.9866461711278,-16.49764968729072,-315.33848147263296,-9.098186561522688,-19.40690265700391,-16.456269569923517,-7.028849165460976,20.70949987143615,12.0965468029307,-16.36319734576051,4.288922592120217,2.5182334872458654,16.221156242511544
NCAR,CESM2-WACCM,r1i1p1f1,gn,ssp245,2085-10,2085,10,15.03682501359938,286.67618303534726,-1.7055958692405753,-324.7077843856303,-12.515077702706728,-31.65569511273317,-68.87114502136419,15.9193122787883,256.89747343904895,-4.380194310946924,-291.697864388461,-19.062866206999274,-25.57814248566332,-67.90228167423336,-0.8824872651889208,29.778709596298313,2.6745984417063484,-33.00991999716928,6.547788504292546,-6.077552627069849,-0.9688633471308208
NCAR,CESM2-WACCM,r1i1p1f1,gn,ssp245,2085-11,2085,11,2.544776422868264,265.79686885320507,-0.3257261518242372,-307.73090625797204,-29.037800045976102,-42.65039036366483,-111.40317754336388,2.5925275075676772,226.74750459235383,-0.5328379026360872,-264.97601499925315,-26.070306271323897,-26.466079860120846,-88.70520693341243,-0.04775108469941314,39.049364260851235,0.20711175081185002,-42.754891258718885,-2.9674937746522048,-16.184310503543987,-22.697970609951454
NCAR,CESM2-WACCM,r1i1p1f1,gn,ssp245,2085-12,2085,12,0.6150499910982304,243.32859236061893,-0.0818864995481513,-285.1843116582993,-29.346386746785942,-32.585566388427516,-103.25450894134374,0.6773264413565148,205.25541358021636,-0.21629244537056036,-244.35942714392272,-27.52562905630308,-25.26915405374307,-91.43776267776657,-0.06227645025828432,38.07317878040257,0.13440594582240906,-40.82488451437658,-1.8207576904828606,-7.316412334684447,-11.816746263577173
NCAR,CESM2-WACCM,r1i1p1f1,gn,ssp245,2086-01,2086,1,1.4268797760933565,232.23676062295618,-0.37476135294542895,-270.2607649198388,-25.98658190143262,-26.23972758927143,-89.1981953644387,1.6579286852252568,196.20551484935447,-0.7660732495860045,-233.69317904034412,-26.446030144367764,-23.962358246853956,-87.00419714657214,-0.23104890913190035,36.03124577360171,0.3913118966405756,-36.56758587949466,0.45944824293514586,-2.2773693424174724,-2.1939982178665645
NCAR,CESM2-WACCM,r1i1p1f1,gn,ssp245,2086-02,2086,2,9.38491964280583,220.38837622889034,-4.686594816800988,-257.06435925613613,-27.30829401769629,-22.05006207596307,-81.33601429490028,10.385738957971206,195.57557849392916,-5.961691198481865,-231.37068932874575,-24.899052807969824,-23.09016983538138,-79.36028571867845,-1.0008193151653764,24.81279773496118,1.2750963816808767,-25.693669927390374,-2.409241209726467,1.0401077594183121,-1.975728576221826
NCAR,CESM2-WACCM,r1i1p1f1,gn,ssp245,2086-03,2086,3,45.048514007543695,232.9489809404509,-27.44444513130117,-264.3658431593432,-15.787843208391354,-17.446950431015818,-47.04758698205697,52.34600267468988,199.48953926508008,-34.42371965033548,-236.7508496922062,-20.85710861632136,-20.373539266184096,-60.56967528527718,-7.297488667146183,33.45944167537081,6.979274519034309,-27.614993467137026,5.069265407930004,2.9265888351682783,13.522088303220208
NCAR,CESM2-WACCM,r1i1p1f1,gn,ssp245,2086-04,2086,4,134.29280494949177,243.34821566337286,-85.07599440623343,-278.24057380178306,-10.028568897982678,-12.164159635872561,-7.868276129007137,148.4263517975451,216.72984245488897,-100.49578385113533,-258.4648433761369,-13.984813605344282,-15.80226050010748,-23.59150708028995,-14.133546848053328,26.618373208483888,15.419789444901895,-19.775730425646145,3.956244707361604,3.638100864234918,15.723230951282813
NCAR,CESM2-WACCM,r1i1p1f1,gn,ssp245,2086-05,2086,5,206.6448788821347,278.4049801186405,-120.223672392727,-304.837912754213,-7.307005290001029,-12.22949599460326,40.45177256923092,230.97572059279568,260.9168771007636,-147.350178023134,-296.4210780752247,-8.42963842864043,-13.368998020843918,26.322705145716213,-24.33084171066099,17.48810301787688,27.126505630406996,-8.416834678988266,1.1226331386394017,1.1395020262406579,14.129067423514705
NCAR,CESM2-WACCM,r1i1p1f1,gn,ssp245,2086-06,2086,6,222.7910482937689,303.18394286254653,-81.37840179678808,-323.684395551723,-1.9681977675553772,-7.718688613773035,111.22530742647596,229.4053676740754,296.8800857108836,-116.00451780204455,-318.9062131313004,-4.049380336574811,-11.48764164916818,75.83770046587108,-6.614319380306483,6.303857151662953,34.62611600525646,-4.778182420422638,2.0811825690194334,3.7689530353951453,35.387606960604884
NCAR,CESM2-WACCM,r1i1p1f1,gn,ssp245,2086-07,2086,7,143.34889565405118,321.30198577809006,-24.34548379985757,-330.11717157971896,-0.35778982287687305,-4.284029669860393,105.54640655982743,167.28392393654957,309.3164516077261,-59.40260923806807,-324.12606880488454,-2.2717320425952057,-9.161909245871227,81.63805621285663,-23.935028282498394,11.985534170363962,35.0571254382105,-5.991102774834417,1.9139422197183327,4.877879576010834,23.908350346970806
NCAR,CESM2-WACCM,r1i1p1f1,gn,ssp245,2086-08,2086,8,97.01438041793931,318.39246155007413,-9.029962780588784,-333.2684422811597,-0.5169163974310693,-5.7358032343429475,66.85571727449093,106.60594156560862,307.0192301231463,-30.971484870242,-324.3886704459015,-3.1681999649659307,-11.50649087877609,43.59032552886945,-9.59156114766931,11.373231426927816,21.94152208965322,-8.879771835258225,2.651283567534861,5.770687644433142,23.26539174562148
NCAR,CESM2-WACCM,r1i1p1f1,gn,ssp245,2086-09,2086,9,47.17978261197909,307.6654266199065,-4.596148325715385,-331.0130853266061,-4.13663219212179,-15.37564947852772,-0.2763060910853845,54.89830463739902,288.9866461711278,-16.49764968729072,-315.33848147263296,-9.098186561522688,-19.40690265700391,-16.456269569923517,-7.718522025419929,18.678780448778696,11.901501361575336,-15.67460385397311,4.961554369400898,4.031253178476192,16.179963478838133
NCAR,CESM2-WACCM,r1i1p1f1,gn,ssp245,2086-10,2086,10,14.23392369574705,289.4941821505415,-1.5793991757678705,-323.4184105568286,-14.176386325075672,-30.955416384849503,-66.40150659623309,15.9193122787883,256.89747343904895,-4.380194310946924,-291.697864388461,-19.062866206999274,-25.57814248566332,-67.90228167423336,-1.6853885830412505,32.59670871149257,2.800795135179053,-31.720546168367548,4.886479881923602,-5.377273899186182,1.5007750780002738
NCAR,CESM2-WACCM,r1i1p1f1,gn,ssp245,2086-11,2086,11,2.484673960544717,279.0739540809963,-0.3010185838357548,-311.2805800344805,-20.510020252534623,-34.125283484979114,-84.65827431428895,2.5925275075676772,226.74750459235383,-0.5328379026360872,-264.97601499925315,-26.070306271323897,-26.466079860120846,-88.70520693341243,-0.10785354702296024,52.32644948864248,0.2318193188003324,-46.30456503522737,5.560286018789274,-7.659203624858268,4.046932619123481
NCAR,CESM2-WACCM,r1i1p1f1,gn,ssp245,2086-12,2086,12,0.5651306183357677,253.045147465151,-0.07022729600405844,-290.14611588777007,-26.820394175668294,-29.48998812001949,-92.91644739597515,0.6773264413565148,205.25541358021636,-0.21629244537056036,-244.35942714392272,-27.52562905630308,-25.26915405374307,-91.43776267776657,-0.11219582302074704,47.789733884934634,0.14606514936650192,-45.78668874384735,0.7052348806347872,-4.220834066276421,-1.4786847182085836
NCAR,CESM2-WACCM,r1i1p1f1,gn,ssp245,2087-01,2087,1,1.4186022863633103,229.85780478559641,-0.4428130048542264,-267.72824978340464,-32.308700409377956,-28.88662670152173,-98.08998282719882,1.6579286852252568,196.20551484935447,-0.7660732495860045,-233.69317904034412,-26.446030144367764,-23.962358246853956,-87.00419714657214,-0.2393263988619465,33.65228993624194,0.3232602447317781,-34.035070743060515,-5.862670265010191,-4.924268454667775,-11.085785680626685
NCAR,CESM2-WACCM,r1i1p1f1,gn,ssp245,2087-02,2087,2,9.608089530101752,222.36288323467807,-4.702531262975541,-258.62920187817616,-24.12507867028106,-21.671776377207028,-77.15761542385998,10.385738957971206,195.57557849392916,-5.961691198481865,-231.37068932874575,-24.899052807969824,-23.09016983538138,-79.36028571867845,-0.7776494278694539,26.787304740748908,1.2591599355063234,-27.258512549430407,0.7739741376887643,1.4183934581743536,2.202670294818475
NCAR,CESM2-WACCM,r1i1p1f1,gn,ssp245,2087-03,2087,3,45.02207081924689,231.9998093100762,-27.02572302733859,-264.7812213490194,-24.52051124418129,-20.80395356156564,-60.10952905278181,52.34600267468988,199.48953926508008,-34.42371965033548,-236.7508496922062,-20.85710861632136,-20.373539266184096,-60.56967528527718,-7.323931855442986,32.510270044996105,7.397996622996889,-28.0303716568132,-3.6634026278599308,-0.4304142953815422,0.4601462324953687
NCAR,CESM2-WACCM,r1i1p1f1,gn,ssp245,2087-04,2087,4,125.69743710042376,256.25775062172227,-76.74899505942447,-286.3045536638159,-14.14160791180255,-15.238857052706875,-10.478825965603786,148.4263517975451,216.72984245488897,-100.49578385113533,-258.4648433761369,-13.984813605344282,-15.80226050010748,-23.59150708028995,-22.72891469712134,39.5279081668333,23.746788791710856,-27.839710287678997,-0.1567943064582682,0.5634034474006047,13.112681114686165
NCAR,CESM2-WACCM,r1i1p1f1,gn,ssp245,2087-05,2087,5,207.94839380947596,281.9368316477507,-110.97398693280343,-309.41944139673234,-7.6134776461886275,-14.689847506785533,47.1884719747167,230.97572059279568,260.9168771007636,-147.350178023134,-296.4210780752247,-8.42963842864043,-13.368998020843918,26.322705145716213,-23.027326783319722,21.019954546987094,36.376191090330565,-12.998363321507611,0.8161607824518029,-1.3208494859416149,20.865766829000485
NCAR,CESM2-WACCM,r1i1p1f1,gn,ssp245,2087-06,2087,6,219.93778716964943,305.03215140961595,-74.56533190299945,-324.04710766730034,-1.9721938200030407,-7.943288847440318,116.44201634152218,229.4053676740754,296.8800857108836,-116.00451780204455,-318.9062131313004,-4.049380336574811,-11.48764164916818,75.83770046587108,-9.467580504425968,8.152065698732372,41.4391858990451,-5.140894535999962,2.0771865165717704,3.5443528017278627,40.604315875651096
NCAR,CESM2-WACCM,r1i1p1f1,gn,ssp245,2087-07,2087,7,152.84197684771885,320.3172968160163,-22.41533299335278,-331.88018513695084,-0.551769014406323,-4.819443056041704,113.49254346298355,167.28392393654957,309.3164516077261,-59.40260923806807,-324.12606880488454,-2.2717320425952057,-9.161909245871227,81.63805621285663,-14.441947088830716,11.00084520829023,36.98727624471529,-7.754116332066303,1.7199630281888827,4.342466189829523,31.854487250126923
NCAR,CESM2-WACCM,r1i1p1f1,gn,ssp245,2087-08,2087,8,97.84126181753398,319.881402440463,-9.36148954466032,-335.3727959022684,-1.7356911422108523,-7.867067277541641,63.385620391315676,106.60594156560862,307.0192301231463,-30.971484870242,-324.3886704459015,-3.1681999649659307,-11.50649087877609,43.59032552886945,-8.764679748074641,12.862172317316663,21.609995325581682,-10.98412545636694,1.4325088227550784,3.6394236012344487,19.795294862446227
NCAR,CESM2-WACCM,r1i1p1f1,gn,ssp245,2087-09,2087,9,46.379664454788745,313.4343976485028,-4.407208648755552,-333.5571049270859,-5.283455272262369,-16.88513437951508,-0.3188411243273883,54.89830463739902,288.9866461711278,-16.49764968729072,-315.33848147263296,-9.098186561522688,-19.40690265700391,-16.456269569923517,-8.518640182610277,24.447751477374993,12.090441038535168,-18.21862345445294,3.814731289260319,2.5217682774888317,16.13742844559613
NCAR,CESM2-WACCM,r1i1p1f1,gn,ssp245,2087-10,2087,10,14.63091726363731,299.00544690003136,-1.5736461323351933,-327.688068052908,-11.91227411458118,-27.350676912022067,-54.888301048177794,15.9193122787883,256.89747343904895,-4.380194310946924,-291.697864388461,-19.062866206999274,-25.57814248566332,-67.90228167423336,-1.288395015150991,42.10797346098241,2.80654817861173,-35.990203664446994,7.150592092418094,-1.772534426358746,13.01398062605557
NCAR,CESM2-WACCM,r1i1p1f1,gn,ssp245,2087-11,2087,11,2.411455002110634,274.69677430740524,-0.2776046732702455,-317.9140436502004,-22.04548907678689,-37.202919167280704,-100.33182725802237,2.5925275075676772,226.74750459235383,-0.5328379026360872,-264.97601499925315,-26.070306271323897,-26.466079860120846,-88.70520693341243,-0.18107250545704323,47.9492697150514,0.2552332293658417,-52.938028650947274,4.0248171945370075,-10.736839307159858,-11.626620324609945
NCAR,CESM2-WACCM,r1i1p1f1,gn,ssp245,2087-12,2087,12,0.6124796995299691,256.9641486404062,-0.07299632904774449,-299.3965847158794,-28.140981509679243,-35.41000460405265,-105.44393881872284,0.6773264413565148,205.25541358021636,-0.21629244537056036,-244.35942714392272,-27.52562905630308,-25.26915405374307,-91.43776267776657,-0.0648467418265457,51.708735060189866,0.14329611632281586,-55.03715757195667,-0.6153524533761612,-10.140850550309583,-14.00617614095627
NCAR,CESM2-WACCM,r1i1p1f1,gn,ssp245,2088-01,2088,1,1.339529799000078,228.1316203593814,-0.2904457426166437,-270.96760002248953,-30.94538515551134,-28.15131584970617,-100.8835966119422,1.6579286852252568,196.20551484935447,-0.7660732495860045,-233.69317904034412,-26.446030144367764,-23.962358246853956,-87.00419714657214,-0.31839888622517876,31.92610551002693,0.47562750696936085,-37.274420982145415,-4.4993550111435745,-4.188957602852213,-13.879399465370057
NCAR,CESM2-WACCM,r1i1p1f1,gn,ssp245,2088-02,2088,2,8.891050277175788,217.64735181420806,-4.175614060543656,-255.5206632324466,-34.48168640168113,-26.627032904656485,-94.26659450794402,10.385738957971206,195.57557849392916,-5.961691198481865,-231.37068932874575,-24.899052807969824,-23.09016983538138,-79.36028571867845,-1.4946886807954183,22.071773320278908,1.786077137938209,-24.14997390370084,-9.582633593711307,-3.5368630692751033,-14.906308789265566
NCAR,CESM2-WACCM,r1i1p1f1,gn,ssp245,2088-03,2088,3,47.203400503075876,230.7190004867311,-28.6137255654825,-265.23065750193206,-23.003730120477822,-20.23079469918959,-59.15650689727498,52.34600267468988,199.48953926508008,-34.42371965033548,-236.7508496922062,-20.85710861632136,-20.373539266184096,-60.56967528527718,-5.142602171614001,31.229461221651007,5.809994084852978,-28.479807809725855,-2.146621504156464,0.1427445669945051,1.4131683880021981
NCAR,CESM2-WACCM,r1i1p1f1,gn,ssp245,2088-04,2088,4,125.64338921021253,250.3147509645404,-79.3498410659515,-280.09480736681553,-14.742785478318584,-15.892500031977113,-14.121793768309752,148.4263517975451,216.72984245488897,-100.49578385113533,-258.4648433761369,-13.984813605344282,-15.80226050010748,-23.59150708028995,-22.782962587332563,33.58490850965143,21.145942785183834,-21.62996399067862,-0.7579718729743021,-0.09023953186963318,9.469713311980199
NCAR,CESM2-WACCM,r1i1p1f1,gn,ssp245,2088-05,2088,5,206.20287375460865,283.6556763441979,-110.53985161277657,-309.8906175810137,-6.127911045098952,-11.77473435820314,51.52543550171411,230.97572059279568,260.9168771007636,-147.350178023134,-296.4210780752247,-8.42963842864043,-13.368998020843918,26.322705145716213,-24.772846838187036,22.7387992434343,36.81032641035742,-13.469539505788987,2.301727383541478,1.5942636626407776,25.202730355997893
NCAR,CESM2-WACCM,r1i1p1f1,gn,ssp245,2088-06,2088,6,219.862505219593,302.57824139147687,-73.49548189760426,-323.16451024722465,-3.211302505635716,-8.270728508946727,114.29872345165859,229.4053676740754,296.8800857108836,-116.00451780204455,-318.9062131313004,-4.049380336574811,-11.48764164916818,75.83770046587108,-9.542862454482389,5.698155680593288,42.50903590444028,-4.258297115924279,0.838077830939095,3.216913140221454,38.46102298578751
NCAR,CESM2-WACCM,r1i1p1f1,gn,ssp245,2088-07,2088,7,133.90719366514605,321.88876890866055,-17.241317261895404,-330.0627298150621,-2.1517068480081507,-5.111946057549833,101.22826259129114,167.28392393654957,309.3164516077261,-59.40260923806807,-324.12606880488454,-2.2717320425952057,-9.161909245871227,81.63805621285663,-33.37673027140352,12.572317300934458,42.16129197617266,-5.936661010177545,0.12002519458705496,4.049963188321394,19.590206378434516
NCAR,CESM2-WACCM,r1i1p1f1,gn,ssp245,2088-08,2088,8,85.6995510704624,323.4484336598594,-7.104101757940915,-334.34900111018743,-1.5389569162083034,-6.384818854399349,59.77110609158583,106.60594156560862,307.0192301231463,-30.971484870242,-324.3886704459015,-3.1681999649659307,-11.50649087877609,43.59032552886945,-20.906390495146212,16.42920353671309,23.867383112301084,-9.960330664285948,1.6292430487576273,5.121672024376741,16.18078056271638
NCAR,CESM2-WACCM,r1i1p1f1,gn,ssp245,2088-09,2088,9,47.40987943117117,310.35468578356546,-4.412732802821869,-332.2784829769235,-3.5036598490309188,-13.52676319834464,4.042926387615701,54.89830463739902,288.9866461711278,-16.49764968729072,-315.33848147263296,-9.098186561522688,-19.40690265700391,-16.456269569923517,-7.488425206227852,21.368039612437656,12.084916884468853,-16.940001504290535,5.594526712491769,5.880139458659272,20.499195957539218
NCAR,CESM2-WACCM,r1i1p1f1,gn,ssp245,2088-10,2088,10,15.10935240496821,290.3333726668629,-1.6285119748773735,-326.4032434068788,-11.985008520055484,-31.20961304055087,-65.78365187053143,15.9193122787883,256.89747343904895,-4.380194310946924,-291.697864388461,-19.062866206999274,-25.57814248566332,-67.90228167423336,-0.809959873820091,33.435899227813934,2.75168233606955,-34.70537901841777,7.077857686943791,-5.631470554887549,2.1186298037019355
NCAR,CESM2-WACCM,r1i1p1f1,gn,ssp245,2088-11,2088,11,2.5378394087190195,271.95067362561883,-0.30654412454806823,-315.2723637455407,-24.492833716053763,-40.38064854854118,-105.96387710034583,2.5925275075676772,226.74750459235383,-0.5328379026360872,-264.97601499925315,-26.070306271323897,-26.466079860120846,-88.70520693341243,-0.054688098848657773,45.203169033265,0.22629377808801898,-50.29634874628755,1.577472555270134,-13.914568688420335,-17.2586701669334
NCAR,CESM2-WACCM,r1i1p1f1,gn,ssp245,2088-12,2088,12,0.6471228042425767,244.64625237215563,-0.07899339520337392,-288.9907822560445,-30.34791239999477,-36.83258291159544,-110.95689578643989,0.6773264413565148,205.25541358021636,-0.21629244537056036,-244.35942714392272,-27.52562905630308,-25.26915405374307,-91.43776267776657,-0.03020363711393803,39.390838791939274,0.13729905016718644,-44.63135511212178,-2.822283343691687,-11.563428857852369,-19.519133108673316
NCAR,CESM2-WACCM,r1i1p1f1,gn,ssp245,2089-01,2089,1,1.428914386425729,231.06315327723817,-0.36545617094549704,-270.2837620112745,-26.57073289370874,-26.023658726229893,-90.75154213849474,1.6579286852252568,196.20551484935447,-0.7660732495860045,-233.69317904034412,-26.446030144367764,-23.962358246853956,-87.00419714657214,-0.22901429879952784,34.8576384278837,0.4006170786405075,-36.5905829709304,-0.12470274934097603,-2.0613004793759373,-3.7473449919226027
NCAR,CESM2-WACCM,r1i1p1f1,gn,ssp245,2089-02,2089,2,9.399428383807049,229.59899007276655,-4.662150538770032,-264.1268813473768,-20.610610869686436,-19.56021328373388,-69.96143758299354,10.385738957971206,195.57557849392916,-5.961691198481865,-231.37068932874575,-24.899052807969824,-23.09016983538138,-79.36028571867845,-0.9863105741641576,34.0234115788374,1.299540659711833,-32.756192018631054,4.288441938283388,3.5299565516475013,9.398848135684915
NCAR,CESM2-WACCM,r1i1p1f1,gn,ssp245,2089-03,2089,3,48.76678688295688,223.8930902898213,-30.015609454900023,-260.47077218425295,-20.5870339224269,-20.027442541228222,-58.44098093002991,52.34600267468988,199.48953926508008,-34.42371965033548,-236.7508496922062,-20.85710861632136,-20.373539266184096,-60.56967528527718,-3.5792157917329988,24.403551024741205,4.408110195435455,-23.71992249204675,0.2700746938944576,0.3460967249558742,2.1286943552472692
NCAR,CESM2-WACCM,r1i1p1f1,gn,ssp245,2089-04,2089,4,129.07484588083696,247.86297956483276,-83.57791751160063,-279.45153678540476,-15.407922413222016,-17.102319897648975,-18.60187116220665,148.4263517975451,216.72984245488897,-100.49578385113533,-258.4648433761369,-13.984813605344282,-15.80226050010748,-23.59150708028995,-19.351505916708135,31.13313710994379,16.917866339534697,-20.986693409267843,-1.4231088078777336,-1.3000593975414958,4.989635918083302
NCAR,CESM2-WACCM,r1i1p1f1,gn,ssp245,2089-05,2089,5,206.514620603361,285.15770302672826,-112.16258438569713,-311.05235189675574,-5.837084905471203,-11.219226891511342,51.401075550653886,230.97572059279568,260.9168771007636,-147.350178023134,-296.4210780752247,-8.42963842864043,-13.368998020843918,26.322705145716213,-24.461099989434672,24.240825925964657,35.18759363743686,-14.63127382153101,2.5925535231692276,2.149771129332576,25.078370404937672
NCAR,CESM2-WACCM,r1i1p1f1,gn,ssp245,2089-06,2089,6,201.79181736384353,307.5319985094483,-69.45344647318088,-323.0776895308383,-3.1500460562145856,-9.14839621145808,104.49423760159993,229.4053676740754,296.8800857108836,-116.00451780204455,-318.9062131313004,-4.049380336574811,-11.48764164916818,75.83770046587108,-27.613550310231858,10.651912798564695,46.55107132886367,-4.171476399537937,0.8993342803602253,2.339245437710101,28.656537135728854
NCAR,CESM2-WACCM,r1i1p1f1,gn,ssp245,2089-07,2089,7,152.92479169997003,318.66525563489773,-19.98992136941668,-330.0663859755785,-1.4333019655922858,-4.368540483812233,115.7318975404681,167.28392393654957,309.3164516077261,-59.40260923806807,-324.12606880488454,-2.2717320425952057,-9.161909245871227,81.63805621285663,-14.35913223657954,9.348804027171639,39.41268786865139,-5.940317170693959,0.8384300770029198,4.793368762058994,34.09384132761147
NCAR,CESM2-WACCM,r1i1p1f1,gn,ssp245,2089-08,2089,8,93.71900658581015,320.9829017615204,-7.794674160861171,-334.7087495767427,-1.5629325431329881,-6.742700310675553,63.89285175591814,106.60594156560862,307.0192301231463,-30.971484870242,-324.3886704459015,-3.1681999649659307,-11.50649087877609,43.59032552886945,-12.886934979798468,13.96367163837408,23.17681070938083,-10.320079130841236,1.6052674218329426,4.763790568100537,20.302526227048688
NCAR,CESM2-WACCM,r1i1p1f1,gn,ssp245,2089-09,2089,9,47.673618230718546,308.47297669269244,-4.31965747758786,-332.03090489344385,-4.457088264378445,-17.754687398621694,-2.415743110620838,54.89830463739902,288.9866461711278,-16.49764968729072,-315.33848147263296,-9.098186561522688,-19.40690265700391,-16.456269569923517,-7.224686406680476,19.48633052156464,12.177992209702861,-16.692423420810883,4.641098297144243,1.652215258382217,14.04052645930268
NCAR,CESM2-WACCM,r1i1p1f1,gn,ssp245,2089-10,2089,10,14.981344555398486,289.8471771063443,-1.6123372618609761,-325.93890441927306,-12.154284141422412,-30.258021723673416,-65.13502588448708,15.9193122787883,256.89747343904895,-4.380194310946924,-291.697864388461,-19.062866206999274,-25.57814248566332,-67.90228167423336,-0.9379677233898143,32.94970366729535,2.7678570490859475,-34.24104003081203,6.908582065576862,-4.679879238010095,2.7672557897462866
NCAR,CESM2-WACCM,r1i1p1f1,gn,ssp245,2089-11,2089,11,2.524602121870351,272.0051505878036,-0.304750436873514,-313.02909461227347,-22.883165546832657,-36.499088048893356,-98.18634593519903,2.5925275075676772,226.74750459235383,-0.5328379026360872,-264.97601499925315,-26.070306271323897,-26.466079860120846,-88.70520693341243,-0.06792538569732631,45.257645995449764,0.22808746576257322,-48.053079613020316,3.1871407244912398,-10.03300818877251,-9.481139001786602
NCAR,CESM2-WACCM,r1i1p1f1,gn,ssp245,2089-12,2089,12,0.608698955296273,252.5971953281751,-0.0761021191100501,-294.05181622149263,-30.70718554102752,-36.59314204405043,-108.22235164220928,0.6773264413565148,205.25541358021636,-0.21629244537056036,-244.35942714392272,-27.52562905630308,-25.26915405374307,-91.43776267776657,-0.06862748606024172,47.34178174795875,0.14019032626051026,-49.69238907756991,-3.181556484724439,-11.323987990307362,-16.784588964442705
NCAR,CESM2-WACCM,r1i1p1f1,gn,ssp245,2090-01,2090,1,1.3417691978610833,236.57315130882077,-0.2731177591164673,-273.4264727436534,-28.153767425475678,-24.699046305645403,-88.63748372720909,1.6579286852252568,196.20551484935447,-0.7660732495860045,-233.69317904034412,-26.446030144367764,-23.962358246853956,-87.00419714657214,-0.31615948736417354,40.3676364594663,0.49295549046953724,-39.73329370330927,-1.7077372811079137,-0.7366880587914473,-1.6332865806369483
NCAR,CESM2-WACCM,r1i1p1f1,gn,ssp245,2090-02,2090,2,9.144056776521555,223.3851326257367,-4.264288539161797,-259.70696589302014,-24.734551869672902,-20.252652869748665,-76.42926976934527,10.385738957971206,195.57557849392916,-5.961691198481865,-231.37068932874575,-24.899052807969824,-23.09016983538138,-79.36028571867845,-1.2416821814496508,27.809554131807545,1.6974026593200682,-28.336276564274385,0.16450093829692136,2.837516965632716,2.9310159493331867
NCAR,CESM2-WACCM,r1i1p1f1,gn,ssp245,2090-03,2090,3,45.535377634424286,235.42313521675283,-27.40807730973826,-266.8554773403494,-17.138097126070026,-16.810155261853865,-47.25329418683445,52.34600267468988,199.48953926508008,-34.42371965033548,-236.7508496922062,-20.85710861632136,-20.373539266184096,-60.56967528527718,-6.810625040265592,35.93359595167274,7.015642340597218,-30.104627648143207,3.719011490251333,3.5633840043302314,13.316381098442726
NCAR,CESM2-WACCM,r1i1p1f1,gn,ssp245,2090-04,2090,4,130.88387501992344,249.26319671483546,-82.4285988334051,-282.14249179779466,-15.069360785334759,-15.784054935359634,-15.27743461713522,148.4263517975451,216.72984245488897,-100.49578385113533,-258.4648433761369,-13.984813605344282,-15.80226050010748,-23.59150708028995,-17.54247677762166,32.53335425994649,18.067185017730225,-23.67764842165775,-1.0845471799904765,0.01820556474784496,8.31407246315473
NCAR,CESM2-WACCM,r1i1p1f1,gn,ssp245,2090-05,2090,5,207.61708296867283,283.4113412980259,-115.39489728712586,-310.1841776101926,-4.0911257805887224,-9.92335717671,51.43486641208156,230.97572059279568,260.9168771007636,-147.350178023134,-296.4210780752247,-8.42963842864043,-13.368998020843918,26.322705145716213,-23.35863762412285,22.49446419726229,31.955280736008135,-13.763099534967864,4.338512648051708,3.4456408441339175,25.112161266365348
NCAR,CESM2-WACCM,r1i1p1f1,gn,ssp245,2090-06,2090,6,207.03374042563811,307.3197893413917,-67.38203295162711,-324.06009229094747,-2.5650107178700607,-7.60989930727034,112.73649449931483,229.4053676740754,296.8800857108836,-116.00451780204455,-318.9062131313004,-4.049380336574811,-11.48764164916818,75.83770046587108,-22.371627248437278,10.43970363050812,48.622484850417436,-5.15387915964709,1.4843696187047501,3.8777423418978403,36.89879403344375
NCAR,CESM2-WACCM,r1i1p1f1,gn,ssp245,2090-07,2090,7,141.8316232187678,321.05904413130474,-19.321955934099915,-331.09933593328594,-0.4042462243177567,-4.431249448577857,107.63387980979108,167.28392393654957,309.3164516077261,-59.40260923806807,-324.12606880488454,-2.2717320425952057,-9.161909245871227,81.63805621285663,-25.45230071778178,11.74259252357865,40.08065330396815,-6.973267128401403,1.867485818277449,4.73065979729337,25.995823596934457
NCAR,CESM2-WACCM,r1i1p1f1,gn,ssp245,2090-08,2090,8,89.67145367766328,322.63462287119444,-7.638038374156596,-335.3046123374733,-2.028141221885277,-7.208248142092236,60.12703647325028,106.60594156560862,307.0192301231463,-30.971484870242,-324.3886704459015,-3.1681999649659307,-11.50649087877609,43.59032552886945,-16.934487887945338,15.615392748048123,23.333446496085404,-10.915941891571833,1.1400587430806537,4.298242736683854,16.53671094438083
NCAR,CESM2-WACCM,r1i1p1f1,gn,ssp245,2090-09,2090,9,44.47048742823737,310.040125325226,-4.042167087116122,-332.33136593238055,-6.44126598715885,-19.13464923121323,-7.438835484405395,54.89830463739902,288.9866461711278,-16.49764968729072,-315.33848147263296,-9.098186561522688,-19.40690265700391,-16.456269569923517,-10.427817209161653,21.05347915409817,12.455482600174598,-16.992884459747586,2.6569205743638378,0.2722534257906801,9.017434085518122
NCAR,CESM2-WACCM,r1i1p1f1,gn,ssp245,2090-10,2090,10,14.429987845706906,290.866045472406,-1.571542905863628,-325.3979946516475,-11.847042235552115,-29.930988857268613,-63.451535332218924,15.9193122787883,256.89747343904895,-4.380194310946924,-291.697864388461,-19.062866206999274,-25.57814248566332,-67.90228167423336,-1.4893244330813946,33.96857203335702,2.8086514050832956,-33.70013026318645,7.2158239714471595,-4.352846371605292,4.45074634201444
NCAR,CESM2-WACCM,r1i1p1f1,gn,ssp245,2090-11,2090,11,2.5961629548385847,271.2299284211041,-0.30457022637159253,-313.4588874249315,-22.725085325114343,-36.56051124161238,-99.22296284208716,2.5925275075676772,226.74750459235383,-0.5328379026360872,-264.97601499925315,-26.070306271323897,-26.466079860120846,-88.70520693341243,0.003635447270907477,44.48242382875026,0.22826767626449468,-48.48287242567835,3.3452209462095546,-10.094431381491535,-10.51775590867473
NCAR,CESM2-WACCM,r1i1p1f1,gn,ssp245,2090-12,2090,12,0.5928006628488921,254.1764984919455,-0.06885210819096095,-294.868514555228,-30.98103316685158,-36.29696478083301,-107.44606545630913,0.6773264413565148,205.25541358021636,-0.21629244537056036,-244.35942714392272,-27.52562905630308,-25.26915405374307,-91.43776267776657,-0.08452577850762266,48.92108491172914,0.14744033717959942,-50.50908741130527,-3.4554041105485,-11.027810727089939,-16.008302778542557
NCAR,CESM2-WACCM,r1i1p1f1,gn,ssp245,2091-01,2091,1,1.3212279983148045,233.41627337564432,-0.23318883243098906,-272.72580655740495,-27.050996131800286,-26.255049242780874,-91.52753939045796,1.6579286852252568,196.20551484935447,-0.7660732495860045,-233.69317904034412,-26.446030144367764,-23.962358246853956,-87.00419714657214,-0.3367006869104523,37.21075852628985,0.5328844171550154,-39.03262751706083,-0.6049659874325215,-2.292690995926918,-4.523342243885821
NCAR,CESM2-WACCM,r1i1p1f1,gn,ssp245,2091-02,2091,2,8.517817017396212,232.15291133863272,-3.6376693951059185,-264.5942179731439,-22.019881764168844,-18.32474031113727,-67.905781087527,10.385738957971206,195.57557849392916,-5.961691198481865,-231.37068932874575,-24.899052807969824,-23.09016983538138,-79.36028571867845,-1.8679219405749947,36.57733284470356,2.3240218033759463,-33.22352864439813,2.87917104380098,4.765429524244112,11.454504631151451
NCAR,CESM2-WACCM,r1i1p1f1,gn,ssp245,2091-03,2091,3,46.5747269530511,231.01473133583315,-26.901582193537532,-263.3687129444398,-13.568260362988864,-13.323499237876192,-39.57259644995811,52.34600267468988,199.48953926508008,-34.42371965033548,-236.7508496922062,-20.85710861632136,-20.373539266184096,-60.56967528527718,-5.77127572163878,31.525192070753064,7.522137456797946,-26.617863252233576,7.288848253332494,7.0500400283079045,20.997078835319066
NCAR,CESM2-WACCM,r1i1p1f1,gn,ssp245,2091-04,2091,4,126.04766979891315,252.59930558945757,-78.64744750284602,-283.6969463155987,-11.733898462025927,-15.215012895732187,-10.646329787832151,148.4263517975451,216.72984245488897,-100.49578385113533,-258.4648433761369,-13.984813605344282,-15.80226050010748,-23.59150708028995,-22.378681998631947,35.869463134568605,21.84833634828931,-25.23210293946181,2.2509151433183554,0.5872476043752926,12.9451772924578
NCAR,CESM2-WACCM,r1i1p1f1,gn,ssp245,2091-05,2091,5,207.81907904999633,282.1736624097191,-112.81130121711185,-310.1554489582279,-7.1434716603899355,-13.486382923000713,46.39613670098502,230.97572059279568,260.9168771007636,-147.350178023134,-296.4210780752247,-8.42963842864043,-13.368998020843918,26.322705145716213,-23.15664154279935,21.2567853089555,34.538876806022145,-13.73437088300318,1.286166768250495,-0.11738490215679498,20.073431555268805
NCAR,CESM2-WACCM,r1i1p1f1,gn,ssp245,2091-06,2091,6,211.7792725823209,305.6540237524164,-73.08484539931149,-323.6109689265026,-4.386747240962435,-9.086486136900572,107.26424863106021,229.4053676740754,296.8800857108836,-116.00451780204455,-318.9062131313004,-4.049380336574811,-11.48764164916818,75.83770046587108,-17.62609509175448,8.773938041532801,42.919672402733056,-4.704755795202232,-0.33736690438762373,2.401155512267609,31.426548165189132
NCAR,CESM2-WACCM,r1i1p1f1,gn,ssp245,2091-07,2091,7,149.19900191610785,319.13162746276396,-21.12041457087081,-330.02173405395064,-0.9243600644217387,-5.085224434774656,111.17889625485392,167.28392393654957,309.3164516077261,-59.40260923806807,-324.12606880488454,-2.2717320425952057,-9.161909245871227,81.63805621285663,-18.084922020441724,9.815175855037864,38.28219466719726,-5.895665249066099,1.347371978173467,4.076684811096571,29.5408400419973
NCAR,CESM2-WACCM,r1i1p1f1,gn,ssp245,2091-08,2091,8,95.26401231700028,320.02506244918885,-8.15728396924664,-333.7562031768539,-1.379850230146685,-7.2269583202080465,64.76877906973387,106.60594156560862,307.0192301231463,-30.971484870242,-324.3886704459015,-3.1681999649659307,-11.50649087877609,43.59032552886945,-11.341929248608338,13.005832326042537,22.81420090099536,-9.367532730952405,1.7883497348192456,4.279532558568043,21.178453540864417
NCAR,CESM2-WACCM,r1i1p1f1,gn,ssp245,2091-09,2091,9,43.83273171756821,313.52737027604644,-3.829241537777438,-332.17831660898884,-5.362555268891232,-14.909657313067008,1.0803312648901517,54.89830463739902,288.9866461711278,-16.49764968729072,-315.33848147263296,-9.098186561522688,-19.40690265700391,-16.456269569923517,-11.065572919830814,24.540724104918638,12.668408149513283,-16.839835136355873,3.7356312926314557,4.497245343936903,17.53660083481367
NCAR,CESM2-WACCM,r1i1p1f1,gn,ssp245,2091-10,2091,10,15.429493343975519,290.16523738429214,-1.7167923298021535,-325.84459069626075,-13.351300337267936,-33.04866276056294,-68.36661539562611,15.9193122787883,256.89747343904895,-4.380194310946924,-291.697864388461,-19.062866206999274,-25.57814248566332,-67.90228167423336,-0.4898189348127815,33.26776394524319,2.6634019811447702,-34.146726307799725,5.711565869731338,-7.47052027489962,-0.4643337213927481
NCAR,CESM2-WACCM,r1i1p1f1,gn,ssp245,2091-11,2091,11,2.747294482857013,270.73541011233965,-0.3379523856732531,-313.778994902604,-22.072355581141103,-36.78387435737862,-99.49047263160031,2.5925275075676772,226.74750459235383,-0.5328379026360872,-264.97601499925315,-26.070306271323897,-26.466079860120846,-88.70520693341243,0.15476697528933592,43.987905519985816,0.19488551696283413,-48.80297990335083,3.997950690182794,-10.317794497257776,-10.785265698187885
NCAR,CESM2-WACCM,r1i1p1f1,gn,ssp245,2091-12,2091,12,0.6613381489727866,247.47890271227018,-0.07955187862511971,-290.44253994233304,-31.381921422402932,-35.05334241485159,-108.81711479696972,0.6773264413565148,205.25541358021636,-0.21629244537056036,-244.35942714392272,-27.52562905630308,-25.26915405374307,-91.43776267776657,-0.01598829238372812,42.22348913205383,0.13674056674544066,-46.083112798410326,-3.8562923660998507,-9.784188361108523,-17.379352119203148
NCAR,CESM2-WACCM,r1i1p1f1,gn,ssp245,2092-01,2092,1,1.3894146918418817,223.0385784470749,-0.2735709363712148,-265.8781746554513,-34.593062877034086,-32.771514391287226,-109.08832972122701,1.6579286852252568,196.20551484935447,-0.7660732495860045,-233.69317904034412,-26.446030144367764,-23.962358246853956,-87.00419714657214,-0.2685139933833751,26.83306359772044,0.4925023132147897,-32.18499561510717,-8.147032732666322,-8.80915614443327,-22.084132574654873
NCAR,CESM2-WACCM,r1i1p1f1,gn,ssp245,2092-02,2092,2,8.978123540661556,224.250484159933,-4.073997338579239,-260.1010753306866,-21.205262719494918,-23.1779987294995,-75.32972641766573,10.385738957971206,195.57557849392916,-5.961691198481865,-231.37068932874575,-24.899052807969824,-23.09016983538138,-79.36028571867845,-1.4076154173096498,28.674905666003838,1.887693859902626,-28.73038600194087,3.6937900884749055,-0.08782889411811823,4.03055930101273
NCAR,CESM2-WACCM,r1i1p1f1,gn,ssp245,2092-03,2092,3,45.241759931042324,239.39425133822502,-26.09493128126104,-269.50841272222186,-19.88807830350353,-19.871676270483764,-50.72708730820287,52.34600267468988,199.48953926508008,-34.42371965033548,-236.7508496922062,-20.85710861632136,-20.373539266184096,-60.56967528527718,-7.1042427436475535,39.904712073144935,8.328788369074438,-32.75756303001566,0.9690303128178286,0.501862995700332,9.84258797707431
NCAR,CESM2-WACCM,r1i1p1f1,gn,ssp245,2092-04,2092,4,128.9414808197472,252.1170716700226,-79.72618347694532,-284.4277837267901,-14.856232311782263,-19.2240341338993,-17.175681159647183,148.4263517975451,216.72984245488897,-100.49578385113533,-258.4648433761369,-13.984813605344282,-15.80226050010748,-23.59150708028995,-19.484870977797897,35.38722921513363,20.769600374190006,-25.962940350653184,-0.8714187064379804,-3.421773633791819,6.415825920642767
NCAR,CESM2-WACCM,r1i1p1f1,gn,ssp245,2092-05,2092,5,204.73068300657513,285.97633966686465,-107.6502323500824,-312.4082723694746,-5.453960241272549,-12.351944370342796,52.84261334226744,230.97572059279568,260.9168771007636,-147.350178023134,-296.4210780752247,-8.42963842864043,-13.368998020843918,26.322705145716213,-26.245037586220548,25.059462566101047,39.69994567305159,-15.987194294249889,2.9756781873678815,1.017053650501122,26.519908196551228
NCAR,CESM2-WACCM,r1i1p1f1,gn,ssp245,2092-06,2092,6,190.15645526078694,311.3954312733817,-59.47818356919899,-323.9567051472679,-1.8793861045427205,-5.9251694066965905,110.31244230646239,229.4053676740754,296.8800857108836,-116.00451780204455,-318.9062131313004,-4.049380336574811,-11.48764164916818,75.83770046587108,-39.24891241328845,14.515345562498112,56.52633423284556,-5.050492015967507,2.1699942320320904,5.56247224247159,34.47474184059131
NCAR,CESM2-WACCM,r1i1p1f1,gn,ssp245,2092-07,2092,7,145.99403121489573,321.20171072652636,-17.625252483421413,-331.32671565351586,-1.9676143783729576,-5.231281826645464,111.04487759946633,167.28392393654957,309.3164516077261,-59.40260923806807,-324.12606880488454,-2.2717320425952057,-9.161909245871227,81.63805621285663,-21.289892721653843,11.885259118800263,41.777356754646654,-7.200646848631322,0.30411766422224806,3.930627419225763,29.406821386609707
NCAR,CESM2-WACCM,r1i1p1f1,gn,ssp245,2092-08,2092,8,92.15815378355927,319.4970562079827,-7.715460163283409,-335.0201179351668,-2.8228227004096373,-9.843848844491808,56.252960348190335,106.60594156560862,307.0192301231463,-30.971484870242,-324.3886704459015,-3.1681999649659307,-11.50649087877609,43.59032552886945,-14.447787782049346,12.477826084836408,23.25602470695859,-10.631447489265327,0.34537726455629336,1.662642034284282,12.662634819320886
NCAR,CESM2-WACCM,r1i1p1f1,gn,ssp245,2092-09,2092,9,47.28531279207265,311.3110442347828,-4.302409891742696,-332.9702874261452,-7.767157506297218,-19.201755085942583,-5.6452528832722315,54.89830463739902,288.9866461711278,-16.49764968729072,-315.33848147263296,-9.098186561522688,-19.40690265700391,-16.456269569923517,-7.61299184532637,22.324398063654996,12.195239795548027,-17.63180595351224,1.3310290552254704,0.2051475710613282,10.811016686651286
NCAR,CESM2-WACCM,r1i1p1f1,gn,ssp245,2092-10,2092,10,14.167813725273675,298.1264377798363,-1.5325713226200721,-327.3726827846603,-10.076046523343818,-24.844277577709725,-51.53132670322395,15.9193122787883,256.89747343904895,-4.380194310946924,-291.697864388461,-19.062866206999274,-25.57814248566332,-67.90228167423336,-1.751498553514626,41.22896434078734,2.847622988326852,-35.67481839619927,8.986819683655456,0.7338649079535955,16.370954971009418
NCAR,CESM2-WACCM,r1i1p1f1,gn,ssp245,2092-11,2092,11,2.5789046786084118,274.59846509533617,-0.30553783204506235,-317.4252033169222,-20.307600271058497,-34.78413003761282,-95.64510168369398,2.5925275075676772,226.74750459235383,-0.5328379026360872,-264.97601499925315,-26.070306271323897,-26.466079860120846,-88.70520693341243,-0.013622828959265476,47.85096050298233,0.22730007059102486,-52.44918831766904,5.7627060002654,-8.318050177491973,-6.939894750281553
NCAR,CESM2-WACCM,r1i1p1f1,gn,ssp245,2092-12,2092,12,0.6430775856134958,262.43251242708624,-0.07710481825419926,-300.57317012364564,-28.48447956690265,-33.99646283959419,-100.05562733569698,0.6773264413565148,205.25541358021636,-0.21629244537056036,-244.35942714392272,-27.52562905630308,-25.26915405374307,-91.43776267776657,-0.03424885574301895,57.17709884686988,0.1391876271163611,-56.21374297972292,-0.9588505105995679,-8.727308785851118,-8.617864657930411
NCAR,CESM2-WACCM,r1i1p1f1,gn,ssp245,2093-01,2093,1,1.3911104120510727,243.7559208235955,-0.3426090323059093,-280.0811715381954,-29.705287343161125,-25.076648281268962,-90.05868495928486,1.6579286852252568,196.20551484935447,-0.7660732495860045,-233.69317904034412,-26.446030144367764,-23.962358246853956,-87.00419714657214,-0.26681827317418416,47.550405974241016,0.42346421728009526,-46.387992497851286,-3.2592571987933603,-1.1142900344150064,-3.054487812712722
NCAR,CESM2-WACCM,r1i1p1f1,gn,ssp245,2093-02,2093,2,8.770046493353407,229.17740479366358,-4.031560864445751,-264.06246326542214,-22.239473639769447,-17.999091015224334,-70.38513749784468,10.385738957971206,195.57557849392916,-5.961691198481865,-231.37068932874575,-24.899052807969824,-23.09016983538138,-79.36028571867845,-1.6156924646177995,33.60182629973443,1.9301303340361136,-32.691773936676384,2.659579168200377,5.091078820157048,8.975148220833773
NCAR,CESM2-WACCM,r1i1p1f1,gn,ssp245,2093-03,2093,3,48.66482928301192,225.28512964650747,-28.36265015605037,-262.9159579566735,-21.683083852802405,-19.7559984378899,-58.76773147389678,52.34600267468988,199.48953926508008,-34.42371965033548,-236.7508496922062,-20.85710861632136,-20.373539266184096,-60.56967528527718,-3.6811733916779588,25.795590381427388,6.061069494285107,-26.16510826446728,-0.825975236481046,0.6175408282941959,1.8019438113803972
NCAR,CESM2-WACCM,r1i1p1f1,gn,ssp245,2093-04,2093,4,127.79230517914365,251.75143214823132,-78.26957869185622,-282.60953654450094,-14.549597719390954,-16.359742180731686,-12.244717809104836,148.4263517975451,216.72984245488897,-100.49578385113533,-258.4648433761369,-13.984813605344282,-15.80226050010748,-23.59150708028995,-20.63404661840144,35.02158969334235,22.226205159279104,-24.14469316836403,-0.5647841140466721,-0.5574816806242069,11.346789271185115
NCAR,CESM2-WACCM,r1i1p1f1,gn,ssp245,2093-05,2093,5,215.05353113239482,279.5599939002004,-118.79459672890505,-309.05356961953686,-7.562919899755928,-14.080933591229984,45.12150519316743,230.97572059279568,260.9168771007636,-147.350178023134,-296.4210780752247,-8.42963842864043,-13.368998020843918,26.322705145716213,-15.922189460400858,18.643116799436825,28.555581294228944,-12.632491544312131,0.8667185288845021,-0.7119355703860659,18.798800047451216
NCAR,CESM2-WACCM,r1i1p1f1,gn,ssp245,2093-06,2093,6,209.66421085041836,308.12029665697924,-74.79963124847775,-323.84066848874016,-3.258971449977742,-6.576676016247202,109.30856030395478,229.4053676740754,296.8800857108836,-116.00451780204455,-318.9062131313004,-4.049380336574811,-11.48764164916818,75.83770046587108,-19.741156823657036,11.240210946095658,41.204886553566794,-4.934455357439788,0.7904088865970689,4.910965632920979,33.4708598380837
NCAR,CESM2-WACCM,r1i1p1f1,gn,ssp245,2093-07,2093,7,144.02811774536565,321.68106997473933,-20.35763262583756,-331.35307716538847,0.049490752833426174,-3.9549305603891622,110.09303812132323,167.28392393654957,309.3164516077261,-59.40260923806807,-324.12606880488454,-2.2717320425952057,-9.161909245871227,81.63805621285663,-23.255806191183922,12.364618367013236,39.044976612230506,-7.22700836050393,2.321222795428632,5.206978685482065,28.454981908466607
NCAR,CESM2-WACCM,r1i1p1f1,gn,ssp245,2093-08,2093,8,90.13665137769404,320.80472615960247,-7.556811359805433,-334.39632705492966,-1.778369562015423,-7.283169137576456,59.92670042296954,106.60594156560862,307.0192301231463,-30.971484870242,-324.3886704459015,-3.1681999649659307,-11.50649087877609,43.59032552886945,-16.46929018791458,13.785496036456152,23.414673510436568,-10.007656609028174,1.3898304029505077,4.2233217411996335,16.33637489410009
NCAR,CESM2-WACCM,r1i1p1f1,gn,ssp245,2093-09,2093,9,47.70083152582697,306.3623788634596,-4.316715058695396,-331.6175006612817,-6.214291405370698,-21.116296033920662,-9.201592769981954,54.89830463739902,288.9866461711278,-16.49764968729072,-315.33848147263296,-9.098186561522688,-19.40690265700391,-16.456269569923517,-7.197473111572052,17.37573269233178,12.180934628595324,-16.27901918864876,2.88389515615199,-1.7093933769167506,7.254676799941564
NCAR,CESM2-WACCM,r1i1p1f1,gn,ssp245,2093-10,2093,10,14.718644476099731,285.3449318169223,-1.6145256911423909,-324.50477267557534,-12.71227279972598,-31.13950805562663,-69.90750292904829,15.9193122787883,256.89747343904895,-4.380194310946924,-291.697864388461,-19.062866206999274,-25.57814248566332,-67.90228167423336,-1.200667802688569,28.447458377873375,2.765668619804533,-32.80690828711431,6.350593407273294,-5.561365569963311,-2.005221254814927
NCAR,CESM2-WACCM,r1i1p1f1,gn,ssp245,2093-11,2093,11,2.3399616948456705,265.1332538286857,-0.27857664183435193,-307.1985457355006,-24.579570683032713,-36.42602959485129,-101.0095071316876,2.5925275075676772,226.74750459235383,-0.5328379026360872,-264.97601499925315,-26.070306271323897,-26.466079860120846,-88.70520693341243,-0.25256581272200673,38.38574923633189,0.2542612608017353,-42.22253073624745,1.4907355882911837,-9.959949734730447,-12.304300198275172
NCAR,CESM2-WACCM,r1i1p1f1,gn,ssp245,2093-12,2093,12,0.6076394879030468,242.05630016647342,-0.07466003184776612,-282.556771943847,-29.43737868830966,-31.310902579691938,-100.71577358931994,0.6773264413565148,205.25541358021636,-0.21629244537056036,-244.35942714392272,-27.52562905630308,-25.26915405374307,-91.43776267776657,-0.06968695345346798,36.800886586257064,0.14163241352279424,-38.19734479992431,-1.911749632006579,-6.041748525948869,-9.278010911553366
NCAR,CESM2-WACCM,r1i1p1f1,gn,ssp245,2094-01,2094,1,1.4529786807203722,226.0428120723481,-0.3560950955244349,-264.3945930132815,-22.19431944397843,-22.807237328808483,-82.25645412852437,1.6579286852252568,196.20551484935447,-0.7660732495860045,-233.69317904034412,-26.446030144367764,-23.962358246853956,-87.00419714657214,-0.20495000450488465,29.83729722299364,0.4099781540615696,-30.701413972937388,4.251710700389335,1.1551209180454727,4.747743018047771
NCAR,CESM2-WACCM,r1i1p1f1,gn,ssp245,2094-02,2094,2,9.353822078687983,222.83191079123344,-4.243753702690221,-256.97910542488506,-21.58756920142631,-20.38208624859897,-71.00678170767912,10.385738957971206,195.57557849392916,-5.961691198481865,-231.37068932874575,-24.899052807969824,-23.09016983538138,-79.36028571867845,-1.031916879283223,27.256332297304283,1.7179374957916442,-25.608416096139308,3.311483606543515,2.7080835867824113,8.35350401099933
NCAR,CESM2-WACCM,r1i1p1f1,gn,ssp245,2094-03,2094,3,47.67220540238998,226.79597743617717,-28.67547173554636,-260.5404206917256,-17.037064860822685,-16.752366242474046,-48.53714069200156,52.34600267468988,199.48953926508008,-34.42371965033548,-236.7508496922062,-20.85710861632136,-20.373539266184096,-60.56967528527718,-4.6737972722999,27.306438171097085,5.748247914789118,-23.789570999519412,3.8200437554986735,3.6211730237100497,12.03253459327562
NCAR,CESM2-WACCM,r1i1p1f1,gn,ssp245,2094-04,2094,4,136.37911894104707,237.6351778806836,-87.22994232828682,-273.448826615735,-13.740522100478614,-12.963625355835891,-13.368619578605664,148.4263517975451,216.72984245488897,-100.49578385113533,-258.4648433761369,-13.984813605344282,-15.80226050010748,-23.59150708028995,-12.047232856498027,20.905335425794647,13.265841522848504,-14.983983239598103,0.24429150486566797,2.8386351442715885,10.222887501684287
NCAR,CESM2-WACCM,r1i1p1f1,gn,ssp245,2094-05,2094,5,211.98975047819104,275.2468521148925,-128.02704507234012,-303.90988378114656,-9.11735317142355,-13.429785246453893,32.752535321719364,230.97572059279568,260.9168771007636,-147.350178023134,-296.4210780752247,-8.42963842864043,-13.368998020843918,26.322705145716213,-18.98597011460464,14.329975014128877,19.323132950793877,-7.488805705921834,-0.6877147427831201,-0.06078722560997463,6.429830176003151
NCAR,CESM2-WACCM,r1i1p1f1,gn,ssp245,2094-06,2094,6,211.38070791908086,305.97666712556816,-83.63544876020967,-322.5420618932452,-0.8097543858390449,-6.136825078507393,104.23328492684766,229.4053676740754,296.8800857108836,-116.00451780204455,-318.9062131313004,-4.049380336574811,-11.48764164916818,75.83770046587108,-18.02465975499453,9.096581414684579,32.36906904183488,-3.6358487619448283,3.239625950735766,5.350816570660788,28.39558446097658
NCAR,CESM2-WACCM,r1i1p1f1,gn,ssp245,2094-07,2094,7,148.69663556697654,317.14429145155094,-27.293423028656786,-328.5142868466214,-1.5068653293068321,-7.014894781168446,101.51145703277403,167.28392393654957,309.3164516077261,-59.40260923806807,-324.12606880488454,-2.2717320425952057,-9.161909245871227,81.63805621285663,-18.58728836957303,7.827839843824847,32.10918620941128,-4.388218041736877,0.7648667132883735,2.1470144647027807,19.873400819917407
NCAR,CESM2-WACCM,r1i1p1f1,gn,ssp245,2094-08,2094,8,85.96351911109231,319.6385835907497,-8.530324416080054,-331.2359890039929,-3.331061160872524,-7.960117461641656,54.544610659254815,106.60594156560862,307.0192301231463,-30.971484870242,-324.3886704459015,-3.1681999649659307,-11.50649087877609,43.59032552886945,-20.642422454516307,12.61935346760339,22.441160454161945,-6.847318558091445,-0.1628611959065931,3.5463734171344337,10.954285130385365
NCAR,CESM2-WACCM,r1i1p1f1,gn,ssp245,2094-09,2094,9,47.93933880538784,307.91671269592007,-4.5056130423346605,-329.60076760780595,-5.641109469001792,-16.57392274812791,-0.4653613659624476,54.89830463739902,288.9866461711278,-16.49764968729072,-315.33848147263296,-9.098186561522688,-19.40690265700391,-16.456269569923517,-6.958965832011181,18.930066524792267,11.99203664495606,-14.262286135172985,3.457077092520896,2.832979908876002,15.99090820396107
NCAR,CESM2-WACCM,r1i1p1f1,gn,ssp245,2094-10,2094,10,13.835716100278017,295.80788737528593,-1.5498573729516536,-323.7311215225553,-11.084185630787315,-23.50019460989295,-50.221755660623266,15.9193122787883,256.89747343904895,-4.380194310946924,-291.697864388461,-19.062866206999274,-25.57814248566332,-67.90228167423336,-2.083596178510284,38.91041393623698,2.83033693799527,-32.0332571340943,7.978680576211959,2.07794787577037,17.6805260136101
NCAR,CESM2-WACCM,r1i1p1f1,gn,ssp245,2094-11,2094,11,2.5161411761476677,270.5522620381748,-0.3129059776404556,-308.78214578191313,-20.307367593003022,-29.57774938579101,-85.91176552402521,2.5925275075676772,226.74750459235383,-0.5328379026360872,-264.97601499925315,-26.070306271323897,-26.466079860120846,-88.70520693341243,-0.0763863314200095,43.80475744582094,0.21993192499563163,-43.80613078265998,5.762938678320875,-3.1116695256701625,2.7934414093872135
NCAR,CESM2-WACCM,r1i1p1f1,gn,ssp245,2094-12,2094,12,0.5893330890439958,235.93941714292015,-0.07155489241966033,-280.8104182207581,-30.712012653753536,-32.72155275462149,-107.78678828958863,0.6773264413565148,205.25541358021636,-0.21629244537056036,-244.35942714392272,-27.52562905630308,-25.26915405374307,-91.43776267776657,-0.08799335231251892,30.684003562703793,0.14473755295090002,-36.45099107683538,-3.1863835974504546,-7.4523987008784225,-16.349025611822057
NCAR,CESM2-WACCM,r1i1p1f1,gn,ssp245,2095-01,2095,1,1.4500800015115052,230.97135485483042,-0.4472518396977692,-265.8768596776707,-23.288546484318264,-21.661078951787403,-78.85230209713222,1.6579286852252568,196.20551484935447,-0.7660732495860045,-233.69317904034412,-26.446030144367764,-23.962358246853956,-87.00419714657214,-0.20784868371375165,34.76584000547595,0.3188214098882353,-32.1836806373266,3.1574836600495004,2.3012792950665535,8.151895049439915
NCAR,CESM2-WACCM,r1i1p1f1,gn,ssp245,2095-02,2095,2,9.83574976073266,219.91711698899155,-4.704576317580212,-258.1163219071182,-23.909111805064892,-23.44881057397612,-80.42595385401523,10.385738957971206,195.57557849392916,-5.961691198481865,-231.37068932874575,-24.899052807969824,-23.09016983538138,-79.36028571867845,-0.5499891972385456,24.341538495062395,1.2571148809016526,-26.745632578372465,0.9899410029049314,-0.3586407385947403,-1.0656681353367787
NCAR,CESM2-WACCM,r1i1p1f1,gn,ssp245,2095-03,2095,3,47.509768553826724,228.9163399005896,-29.03437508383304,-260.62611471411736,-17.69522690077489,-16.045502177850906,-46.97511042215984,52.34600267468988,199.48953926508008,-34.42371965033548,-236.7508496922062,-20.85710861632136,-20.373539266184096,-60.56967528527718,-4.836234120863153,29.426800635509522,5.389344566502437,-23.87526502191116,3.1618817155464676,4.32803708833319,13.594564863117341
NCAR,CESM2-WACCM,r1i1p1f1,gn,ssp245,2095-04,2095,4,131.81993698492045,241.6764194259036,-84.36833338125813,-274.7732685508443,-10.68735695438915,-11.439138656274025,-7.771741131941587,148.4263517975451,216.72984245488897,-100.49578385113533,-258.4648433761369,-13.984813605344282,-15.80226050010748,-23.59150708028995,-16.60641481262465,24.946576971014622,16.127450469877203,-16.308425174707395,3.297456650955132,4.363121843833454,15.819765948348364
NCAR,CESM2-WACCM,r1i1p1f1,gn,ssp245,2095-05,2095,5,211.5168154167174,279.9276721506275,-121.82239096535037,-306.3991111377981,-6.566427263660337,-11.771325719381789,44.88523248115425,230.97572059279568,260.9168771007636,-147.350178023134,-296.4210780752247,-8.42963842864043,-13.368998020843918,26.322705145716213,-19.458905176078275,19.010795049863873,25.527787057783627,-9.978033062573388,1.8632111649800933,1.5976723014621292,18.562527335438034
NCAR,CESM2-WACCM,r1i1p1f1,gn,ssp245,2095-06,2095,6,217.39176007915285,303.5206890501359,-90.00811608941396,-322.0507905842044,-4.170708153739649,-9.523564745789365,95.15926955614131,229.4053676740754,296.8800857108836,-116.00451780204455,-318.9062131313004,-4.049380336574811,-11.48764164916818,75.83770046587108,-12.013607594922547,6.640603339252323,25.996401712630586,-3.1445774529040023,-0.12132781716483798,1.9640769033788157,19.32156909027023
NCAR,CESM2-WACCM,r1i1p1f1,gn,ssp245,2095-07,2095,7,145.46381901814698,320.2274757549222,-27.480374165437837,-329.6357221813793,-0.5277038656333761,-4.536388466145928,103.51110609447274,167.28392393654957,309.3164516077261,-59.40260923806807,-324.12606880488454,-2.2717320425952057,-9.161909245871227,81.63805621285663,-21.820104918402592,10.911024147196088,31.92223507263023,-5.509653376494782,1.7440281769618295,4.625520779725299,21.87304988161611
NCAR,CESM2-WACCM,r1i1p1f1,gn,ssp245,2095-08,2095,8,91.6414412136246,319.1120821719249,-10.234779229243623,-332.0329261413981,-2.2170618857136257,-6.770603371019289,59.498152758174896,106.60594156560862,307.0192301231463,-30.971484870242,-324.3886704459015,-3.1681999649659307,-11.50649087877609,43.59032552886945,-14.964500351984015,12.092852048778582,20.73670564099838,-7.644255695496611,0.951138079252305,4.7358875077568,15.907827229305447
NCAR,CESM2-WACCM,r1i1p1f1,gn,ssp245,2095-09,2095,9,49.402648342903895,307.961458112281,-5.005143270670994,-330.021460988953,-6.01917527682562,-18.01254733778418,-1.6942204190489143,54.89830463739902,288.9866461711278,-16.49764968729072,-315.33848147263296,-9.098186561522688,-19.40690265700391,-16.456269569923517,-5.495656294495127,18.974811941153177,11.492506416619726,-14.682979516320017,3.079011284697068,1.3943553192197307,14.762049150874603
NCAR,CESM2-WACCM,r1i1p1f1,gn,ssp245,2095-10,2095,10,14.530756679574239,290.3422469244085,-1.698118828216159,-321.91624166909077,-11.005748120949725,-25.990922676883223,-55.738027691157114,15.9193122787883,256.89747343904895,-4.380194310946924,-291.697864388461,-19.062866206999274,-25.57814248566332,-67.90228167423336,-1.3885555992140617,33.444773485359576,2.682075482730765,-30.21837728062974,8.057118086049549,-0.41278019121990184,12.16425398307625
NCAR,CESM2-WACCM,r1i1p1f1,gn,ssp245,2095-11,2095,11,2.529499650464768,273.4211627089081,-0.3160695469999662,-308.56613880476834,-22.516609197396818,-32.78775660665086,-88.23591179644313,2.5925275075676772,226.74750459235383,-0.5328379026360872,-264.97601499925315,-26.070306271323897,-26.466079860120846,-88.70520693341243,-0.06302785710290904,46.67365811655429,0.216768355636121,-43.59012380551519,3.5536970739270792,-6.321676746530013,0.4692951369692935
NCAR,CESM2-WACCM,r1i1p1f1,gn,ssp245,2095-12,2095,12,0.5672545836594755,248.43186525768522,-0.0672645851656539,-286.1872618377728,-23.194724974353196,-26.281600018176096,-86.73173157412303,0.6773264413565148,205.25541358021636,-0.21629244537056036,-244.35942714392272,-27.52562905630308,-25.26915405374307,-91.43776267776657,-0.11007185769703931,43.17645167746886,0.14902786020490646,-41.827834693850065,4.330904081949885,-1.0124459644330273,4.706031103643539
NCAR,CESM2-WACCM,r1i1p1f1,gn,ssp245,2096-01,2096,1,1.4270259479613223,228.8107458765691,-0.35928859822098713,-266.4928227369466,-30.519673882285783,-27.26505100822506,-94.39906440114804,1.6579286852252568,196.20551484935447,-0.7660732495860045,-233.69317904034412,-26.446030144367764,-23.962358246853956,-87.00419714657214,-0.2309027372639345,32.605231027214614,0.4067846513650174,-32.79964369660249,-4.073643737918019,-3.3026927613711052,-7.3948672545758996
NCAR,CESM2-WACCM,r1i1p1f1,gn,ssp245,2096-02,2096,2,9.218762791388013,222.75408954684383,-4.223615161157273,-258.29268177273224,-25.303199654729152,-21.847655819470628,-77.69430006985748,10.385738957971206,195.57557849392916,-5.961691198481865,-231.37068932874575,-24.899052807969824,-23.09016983538138,-79.36028571867845,-1.1669761665831935,27.178511052914672,1.7380760373245918,-26.921992443986483,-0.4041468467593283,1.2425140159107535,1.6659856488209783
NCAR,CESM2-WACCM,r1i1p1f1,gn,ssp245,2096-03,2096,3,48.80703557774979,218.36377652363046,-28.92951037814124,-256.2520352063379,-22.23552351100645,-20.57294732253474,-60.81920431664007,52.34600267468988,199.48953926508008,-34.42371965033548,-236.7508496922062,-20.85710861632136,-20.373539266184096,-60.56967528527718,-3.538967096940091,18.87423725855038,5.494209272194237,-19.50118551413169,-1.3784148946850898,-0.19940805635064507,-0.24952903136288995
NCAR,CESM2-WACCM,r1i1p1f1,gn,ssp245,2096-04,2096,4,133.85578585082106,240.76536112711648,-84.44404927433615,-275.26085397129407,-14.104802158308402,-14.421013211646333,-13.609571637647441,148.4263517975451,216.72984245488897,-100.49578385113533,-258.4648433761369,-13.984813605344282,-15.80226050010748,-23.59150708028995,-14.570565946724031,24.03551867222751,16.051734576799177,-16.796010595157156,-0.11998855296412003,1.3812472884611466,9.98193544264251
NCAR,CESM2-WACCM,r1i1p1f1,gn,ssp245,2096-05,2096,5,216.04483345990067,277.92586645316754,-124.16603138048221,-307.7129877228855,-5.758397461740265,-10.599002598799618,45.73428074916062,230.97572059279568,260.9168771007636,-147.350178023134,-296.4210780752247,-8.42963842864043,-13.368998020843918,26.322705145716213,-14.930887132895009,17.008989352403944,23.184146642651783,-11.29190964766076,2.6712409669001653,2.7699954220442997,19.411575603444405
NCAR,CESM2-WACCM,r1i1p1f1,gn,ssp245,2096-06,2096,6,205.56752295278892,308.4834076456005,-77.78063666755777,-323.642511761024,-2.389658581954721,-7.070636896367046,103.16748669148586,229.4053676740754,296.8800857108836,-116.00451780204455,-318.9062131313004,-4.049380336574811,-11.48764164916818,75.83770046587108,-23.837844721286473,11.603321934716917,38.223881134486774,-4.736298629723649,1.6597217546200898,4.417004752801135,27.329786225614782
NCAR,CESM2-WACCM,r1i1p1f1,gn,ssp245,2096-07,2096,7,152.42067120831317,318.94923404687614,-27.20273934653769,-329.73786178421545,-0.294419770842163,-3.6358235959364484,110.4990607576576,167.28392393654957,309.3164516077261,-59.40260923806807,-324.12606880488454,-2.2717320425952057,-9.161909245871227,81.63805621285663,-14.863252728236404,9.632782439150049,32.199869891530376,-5.6117929793309145,1.9773122717530427,5.526085649934778,28.861004544800977
NCAR,CESM2-WACCM,r1i1p1f1,gn,ssp245,2096-08,2096,8,91.76331157289765,320.42699387234876,-9.02002953815211,-332.9994382990184,-1.9148618967933448,-8.051613916280033,60.20436179500251,106.60594156560862,307.0192301231463,-30.971484870242,-324.3886704459015,-3.1681999649659307,-11.50649087877609,43.59032552886945,-14.842629992710968,13.407763749202445,21.951455332089893,-8.610767853116897,1.2533380681725859,3.4548769624960567,16.614036266133063
NCAR,CESM2-WACCM,r1i1p1f1,gn,ssp245,2096-09,2096,9,47.827973875838644,308.15542396291215,-4.647740193587031,-330.8069115513257,-4.589704820700667,-17.216287360875416,-1.2772460877379892,54.89830463739902,288.9866461711278,-16.49764968729072,-315.33848147263296,-9.098186561522688,-19.40690265700391,-16.456269569923517,-7.070330761560378,19.16877779178435,11.849909493703692,-15.468430078692734,4.508481740822021,2.1906152961284953,15.179023482185528
NCAR,CESM2-WACCM,r1i1p1f1,gn,ssp245,2096-10,2096,10,14.573136329468268,289.5353117433617,-1.6865792666015205,-323.12212006405025,-13.827030736428844,-31.1944108074784,-65.72169280172908,15.9193122787883,256.89747343904895,-4.380194310946924,-291.697864388461,-19.062866206999274,-25.57814248566332,-67.90228167423336,-1.346175949320033,32.637838304312766,2.693615044345403,-31.424255675589222,5.23583547057043,-5.6162683218150775,2.1805888725042877
NCAR,CESM2-WACCM,r1i1p1f1,gn,ssp245,2096-11,2096,11,2.501637493780827,271.66652777109897,-0.301361960193923,-308.77183974886896,-22.447008814819338,-32.870174788556824,-90.22222004755922,2.5925275075676772,226.74750459235383,-0.5328379026360872,-264.97601499925315,-26.070306271323897,-26.466079860120846,-88.70520693341243,-0.09089001378685024,44.919023178745135,0.23147594244216424,-43.795824749615804,3.6232974565045595,-6.404094928435978,-1.517013114146792
NCAR,CESM2-WACCM,r1i1p1f1,gn,ssp245,2096-12,2096,12,0.588181902786723,235.14097603580223,-0.07636432212629486,-279.6392484809844,-32.64522794283359,-32.087174447282585,-108.71885725463795,0.6773264413565148,205.25541358021636,-0.21629244537056036,-244.35942714392272,-27.52562905630308,-25.26915405374307,-91.43776267776657,-0.08914453856979176,29.88556245558587,0.1399281232442655,-35.27982133706169,-5.119598886530511,-6.818020393539516,-17.281094576871382
NCAR,CESM2-WACCM,r1i1p1f1,gn,ssp245,2097-01,2097,1,1.4858438426847023,218.5054707622742,-0.48286928113883254,-259.18016575876663,-26.532159375977187,-23.62553885183773,-89.82941866276148,1.6579286852252568,196.20551484935447,-0.7660732495860045,-233.69317904034412,-26.446030144367764,-23.962358246853956,-87.00419714657214,-0.17208484254055456,22.299955912919728,0.283203968447172,-25.486986718422514,-0.08612923160942287,0.3368193950162244,-2.8252215161893446
NCAR,CESM2-WACCM,r1i1p1f1,gn,ssp245,2097-02,2097,2,9.686657903344974,211.65404185628898,-5.0558184314666645,-251.48871428903158,-29.02358572050624,-27.464873296140553,-91.69229197751108,10.385738957971206,195.57557849392916,-5.961691198481865,-231.37068932874575,-24.899052807969824,-23.09016983538138,-79.36028571867845,-0.699081054626232,16.078463362359827,0.9058727670152003,-20.118024960285823,-4.1245329125364165,-4.3747034607591715,-12.332006258832621
NCAR,CESM2-WACCM,r1i1p1f1,gn,ssp245,2097-03,2097,3,48.68299347274974,217.29360282128965,-30.030596990190972,-255.14993244186726,-25.08780613970606,-24.258232725845577,-68.5499720035705,52.34600267468988,199.48953926508008,-34.42371965033548,-236.7508496922062,-20.85710861632136,-20.373539266184096,-60.56967528527718,-3.6630092019401346,17.80406355620957,4.393122660144506,-18.399082749661062,-4.230697523384702,-3.884693459661481,-7.980296718293324
NCAR,CESM2-WACCM,r1i1p1f1,gn,ssp245,2097-04,2097,4,134.03033579776655,244.5086272954815,-85.3560936637599,-278.52370645164183,-11.41967605010884,-13.18925173549803,-9.949764807760534,148.4263517975451,216.72984245488897,-100.49578385113533,-258.4648433761369,-13.984813605344282,-15.80226050010748,-23.59150708028995,-14.396015999778541,27.77878484059252,15.139690187375422,-20.058863075504917,2.5651375552354416,2.61300876460945,13.641742272529417
NCAR,CESM2-WACCM,r1i1p1f1,gn,ssp245,2097-05,2097,5,212.75381415524035,279.3513183381547,-121.02075152426912,-308.0035284242324,-6.70773175656504,-12.803248089273676,43.56987269905484,230.97572059279568,260.9168771007636,-147.350178023134,-296.4210780752247,-8.42963842864043,-13.368998020843918,26.322705145716213,-18.221906437555333,18.434441237391127,26.329426498864876,-11.582450349007672,1.7219066720753906,0.5657499315702417,17.247167553338627
NCAR,CESM2-WACCM,r1i1p1f1,gn,ssp245,2097-06,2097,6,211.58230499938907,305.9578296251575,-77.4544401811945,-323.1015908902718,-2.3285416822063167,-8.816652374335382,105.83890949653858,229.4053676740754,296.8800857108836,-116.00451780204455,-318.9062131313004,-4.049380336574811,-11.48764164916818,75.83770046587108,-17.823062674686327,9.077743914273924,38.55007762085005,-4.195377758971404,1.7208386543684941,2.670989274832799,30.001209030667496
NCAR,CESM2-WACCM,r1i1p1f1,gn,ssp245,2097-07,2097,7,154.48794214470655,318.68158708352206,-27.305258061559805,-329.59489592405066,-0.3513616393739181,-4.61624804450498,111.30176555873923,167.28392393654957,309.3164516077261,-59.40260923806807,-324.12606880488454,-2.2717320425952057,-9.161909245871227,81.63805621285663,-12.795981791843019,9.365135475795967,32.09735117650826,-5.4688271191661215,1.9203704032212876,4.545661201366247,29.66370934588261
NCAR,CESM2-WACCM,r1i1p1f1,gn,ssp245,2097-08,2097,8,88.74436782073774,320.4080728600732,-8.606497816737718,-332.5246834894493,-0.6681696334272608,-5.591396942183633,61.76169279901309,106.60594156560862,307.0192301231463,-30.971484870242,-324.3886704459015,-3.1681999649659307,-11.50649087877609,43.59032552886945,-17.86157374487088,13.388842736926904,22.364987053504283,-8.136013043547791,2.50003033153867,5.915093936592457,18.17136727014364
NCAR,CESM2-WACCM,r1i1p1f1,gn,ssp245,2097-09,2097,9,47.73698314716106,309.26144673978337,-4.659740085998062,-330.60057761384064,-4.317287419552448,-14.697123272725433,2.723701494827859,54.89830463739902,288.9866461711278,-16.49764968729072,-315.33848147263296,-9.098186561522688,-19.40690265700391,-16.456269569923517,-7.16132149023796,20.274800568655564,11.837909601292658,-15.262096141207678,4.78089914197024,4.7097793842784785,19.179971064751378
NCAR,CESM2-WACCM,r1i1p1f1,gn,ssp245,2097-10,2097,10,15.454506531142885,289.4686287613939,-1.8006247949697953,-323.9331747978843,-11.021169945652133,-28.335376826489732,-60.16721107245915,15.9193122787883,256.89747343904895,-4.380194310946924,-291.697864388461,-19.062866206999274,-25.57814248566332,-67.90228167423336,-0.46480574764541593,32.571155322344964,2.5795695159771284,-32.23531040942328,8.041696261347141,-2.757234340826411,7.735070601774211
NCAR,CESM2-WACCM,r1i1p1f1,gn,ssp245,2097-11,2097,11,2.6482926198996264,278.95032561274127,-0.32863503930112087,-313.5289798725599,-20.677612652687653,-32.121158924446306,-85.05776825635407,2.5925275075676772,226.74750459235383,-0.5328379026360872,-264.97601499925315,-26.070306271323897,-26.466079860120846,-88.70520693341243,0.05576511233194914,52.20282102038743,0.20420286333496634,-48.552964873306735,5.392693618636244,-5.655079064325459,3.6474386770583607
NCAR,CESM2-WACCM,r1i1p1f1,gn,ssp245,2097-12,2097,12,0.6108933597546796,243.62602951182112,-0.07355541025206207,-285.71085944412476,-33.587932590228,-34.044078570981135,-109.17950314401017,0.6773264413565148,205.25541358021636,-0.21629244537056036,-244.35942714392272,-27.52562905630308,-25.26915405374307,-91.43776267776657,-0.06643308160183514,38.37061593160476,0.14273703511849828,-41.35143230020205,-6.0623035339249185,-8.774924517238066,-17.7417404662436
NCAR,CESM2-WACCM,r1i1p1f1,gn,ssp245,2098-01,2098,1,1.412493496957527,216.81814121446428,-0.36927054886416816,-262.13941239465277,-33.836098392303775,-31.661640967646846,-109.77578759204575,1.6579286852252568,196.20551484935447,-0.7660732495860045,-233.69317904034412,-26.446030144367764,-23.962358246853956,-87.00419714657214,-0.24543518826772992,20.612626365109804,0.3968027007218364,-28.446233354308646,-7.390068247936011,-7.6992827207928904,-22.771590445473606
NCAR,CESM2-WACCM,r1i1p1f1,gn,ssp245,2098-02,2098,2,9.061997069617384,236.6106316401111,-4.227039132530403,-267.08281588709525,-17.903470947446564,-17.386922647330163,-60.92761990467389,10.385738957971206,195.57557849392916,-5.961691198481865,-231.37068932874575,-24.899052807969824,-23.09016983538138,-79.36028571867845,-1.3237418883538226,41.03505314618195,1.7346520659514617,-35.712126558349496,6.995581860523259,5.703247188051218,18.432665814004565
NCAR,CESM2-WACCM,r1i1p1f1,gn,ssp245,2098-03,2098,3,46.39172580584894,229.1776916809608,-27.90603400718873,-263.13710846998896,-18.451941232922376,-18.094559374836013,-52.02022559812633,52.34600267468988,199.48953926508008,-34.42371965033548,-236.7508496922062,-20.85710861632136,-20.373539266184096,-60.56967528527718,-5.954276868840935,29.688152415880722,6.5176856431467485,-26.386258777782757,2.4051673833989824,2.278979891348083,8.549449687150847
NCAR,CESM2-WACCM,r1i1p1f1,gn,ssp245,2098-04,2098,4,127.99379796455713,248.55381525156247,-81.32154729851078,-281.2063547422672,-12.477153017230012,-14.246275536462727,-12.703717378351113,148.4263517975451,216.72984245488897,-100.49578385113533,-258.4648433761369,-13.984813605344282,-15.80226050010748,-23.59150708028995,-20.432553832987963,31.8239727966735,19.17423655262455,-22.741511366130283,1.5076605881142697,1.555984963644752,10.887789701938837
NCAR,CESM2-WACCM,r1i1p1f1,gn,ssp245,2098-05,2098,5,207.90954859565116,284.26092260372496,-113.13719765906646,-310.3062023577352,-4.328455735673848,-10.604443177011154,53.79417226988949,230.97572059279568,260.9168771007636,-147.350178023134,-296.4210780752247,-8.42963842864043,-13.368998020843918,26.322705145716213,-23.066171997144522,23.344045502961364,34.21298036406753,-13.885124282510446,4.101182692966582,2.764554843832764,27.47146712417328
NCAR,CESM2-WACCM,r1i1p1f1,gn,ssp245,2098-06,2098,6,201.44802411773028,309.1017754894917,-66.16283695526256,-324.2636811326564,-2.0026817899995932,-7.688377664252093,110.43222206505133,229.4053676740754,296.8800857108836,-116.00451780204455,-318.9062131313004,-4.049380336574811,-11.48764164916818,75.83770046587108,-27.95734355634511,12.221689778608095,49.84168084678198,-5.35746800135604,2.0466985465752177,3.799263984916087,34.594521599180254
NCAR,CESM2-WACCM,r1i1p1f1,gn,ssp245,2098-07,2098,7,150.71213035678002,319.3624135459705,-21.39503814107688,-330.6225588989548,-1.1790757680545538,-4.972323160596417,111.90554793406783,167.28392393654957,309.3164516077261,-59.40260923806807,-324.12606880488454,-2.2717320425952057,-9.161909245871227,81.63805621285663,-16.571793579769547,10.045961938244432,38.007571096991185,-6.496490094070282,1.0926562745406518,4.18958608527481,30.2674917212112
NCAR,CESM2-WACCM,r1i1p1f1,gn,ssp245,2098-08,2098,8,96.1207836027102,320.42383468375374,-8.405434635698663,-334.3266043480787,-1.1617769117041776,-7.267968567290894,65.3828338236915,106.60594156560862,307.0192301231463,-30.971484870242,-324.3886704459015,-3.1681999649659307,-11.50649087877609,43.59032552886945,-10.485157962898413,13.404604560607424,22.56605023454334,-9.937933902177235,2.006423053261753,4.2385223114851955,21.79250829482205
NCAR,CESM2-WACCM,r1i1p1f1,gn,ssp245,2098-09,2098,9,48.42668243269679,307.23526886112415,-4.59389610342024,-331.4629028105322,-5.106399693997713,-19.16145082537949,-4.662698139508745,54.89830463739902,288.9866461711278,-16.49764968729072,-315.33848147263296,-9.098186561522688,-19.40690265700391,-16.456269569923517,-6.4716222047022285,18.248622689996353,11.90375358387048,-16.124421337899264,3.991786867524975,0.24545183162442186,11.793571430414772
NCAR,CESM2-WACCM,r1i1p1f1,gn,ssp245,2098-10,2098,10,14.030978904738712,292.05806635186406,-1.560016485829757,-325.33189781126737,-12.82781627816589,-30.100480860576752,-63.73116617923697,15.9193122787883,256.89747343904895,-4.380194310946924,-291.697864388461,-19.062866206999274,-25.57814248566332,-67.90228167423336,-1.888333374049589,35.160592912815105,2.8201778251171667,-33.63403342280634,6.235049928833384,-4.522338374913431,4.171115494996393
NCAR,CESM2-WACCM,r1i1p1f1,gn,ssp245,2098-11,2098,11,2.67858537682953,274.9862922970608,-0.3443305569494268,-313.62195966287896,-20.93575267761032,-34.32242718118461,-91.55959240473302,2.5925275075676772,226.74750459235383,-0.5328379026360872,-264.97601499925315,-26.070306271323897,-26.466079860120846,-88.70520693341243,0.08605786926185255,48.238787704706965,0.1885073456866604,-48.64594466362581,5.1345535937135764,-7.856347321063762,-2.8543854713205974
NCAR,CESM2-WACCM,r1i1p1f1,gn,ssp245,2098-12,2098,12,0.5744691588605265,256.90654980052517,-0.07238731495296674,-293.3822174554337,-26.512121414409027,-32.15584521472999,-94.64155244013995,0.6773264413565148,205.25541358021636,-0.21629244537056036,-244.35942714392272,-27.52562905630308,-25.26915405374307,-91.43776267776657,-0.10285728249598824,51.651136220308814,0.14390513041759362,-49.02279031151099,1.013507641894055,-6.886691160986924,-3.2037897623733755
NCAR,CESM2-WACCM,r1i1p1f1,gn,ssp245,2099-01,2099,1,1.4297454876785545,225.65086858477437,-0.3659657838893841,-267.9340066189814,-37.55734489107066,-33.47964704824289,-112.25635026973143,1.6579286852252568,196.20551484935447,-0.7660732495860045,-233.69317904034412,-26.446030144367764,-23.962358246853956,-87.00419714657214,-0.22818319754670235,29.4453537354199,0.4001074656966204,-34.240827578637294,-11.111314746702899,-9.517288801388933,-25.25215312315929
NCAR,CESM2-WACCM,r1i1p1f1,gn,ssp245,2099-02,2099,2,9.052117381986408,228.0625842499345,-4.46016012035553,-262.88082782870225,-25.71116791148862,-21.629313221800423,-77.56676745042591,10.385738957971206,195.57557849392916,-5.961691198481865,-231.37068932874575,-24.899052807969824,-23.09016983538138,-79.36028571867845,-1.3336215759847985,32.487005756005345,1.5015310781263347,-31.510138499956497,-0.8121151035187957,1.4608566135809582,1.7935182682525408
NCAR,CESM2-WACCM,r1i1p1f1,gn,ssp245,2099-03,2099,3,46.52313226098372,228.50104986201643,-28.78647685743005,-262.81677269740266,-15.270898692462394,-15.344803947011203,-47.194770071306124,52.34600267468988,199.48953926508008,-34.42371965033548,-236.7508496922062,-20.85710861632136,-20.373539266184096,-60.56967528527718,-5.8228704137061555,29.011510596936347,5.637242792905429,-26.065923005196453,5.586209923858965,5.028735319172894,13.374905213971054
NCAR,CESM2-WACCM,r1i1p1f1,gn,ssp245,2099-04,2099,4,131.92344224233648,247.65749397960855,-82.04905926102722,-280.23921680039086,-11.84596766195382,-13.112041140630671,-7.665348642057584,148.4263517975451,216.72984245488897,-100.49578385113533,-258.4648433761369,-13.984813605344282,-15.80226050010748,-23.59150708028995,-16.502909555208618,30.92765152471958,18.446724590108104,-21.77437342425395,2.1388459433904625,2.6902193594768082,15.926158438232367
NCAR,CESM2-WACCM,r1i1p1f1,gn,ssp245,2099-05,2099,5,200.29372486758746,283.25986738982937,-111.92641816330291,-308.05370393228884,-6.70290552781803,-12.147433396153085,44.723131237853956,230.97572059279568,260.9168771007636,-147.350178023134,-296.4210780752247,-8.42963842864043,-13.368998020843918,26.322705145716213,-30.681995725208225,22.342990289065767,35.42375985983108,-11.632625857064113,1.7267329008224008,1.2215646246908332,18.400426092137742
NCAR,CESM2-WACCM,r1i1p1f1,gn,ssp245,2099-06,2099,6,214.52671247770633,307.0437272642335,-69.61232915327913,-324.30208904549556,-0.7107634680174552,-5.717234889536643,121.22802318561104,229.4053676740754,296.8800857108836,-116.00451780204455,-318.9062131313004,-4.049380336574811,-11.48764164916818,75.83770046587108,-14.878655196369067,10.163641553349919,46.39218864876541,-5.395875914195187,3.338616868557356,5.770406759631538,45.390322719739956
NCAR,CESM2-WACCM,r1i1p1f1,gn,ssp245,2099-07,2099,7,154.9276544772757,319.36018492470436,-21.230999175123948,-331.56874059816545,-1.536914504528244,-5.559414783891238,114.39177034027115,167.28392393654957,309.3164516077261,-59.40260923806807,-324.12606880488454,-2.2717320425952057,-9.161909245871227,81.63805621285663,-12.356269459273875,10.043733316978262,38.17161006294412,-7.442671793280908,0.7348175380669617,3.6024944619799886,32.753714127414526
NCAR,CESM2-WACCM,r1i1p1f1,gn,ssp245,2099-08,2099,8,94.97879305807142,321.8549910554018,-8.112102753249845,-335.2960459397299,-0.8583720081194746,-5.259377542353698,67.30788587002027,106.60594156560862,307.0192301231463,-30.971484870242,-324.3886704459015,-3.1681999649659307,-11.50649087877609,43.59032552886945,-11.6271485075372,14.835760932255482,22.85938211699216,-10.907375493828397,2.309827956846456,6.247113336422392,23.717560341150822
NCAR,CESM2-WACCM,r1i1p1f1,gn,ssp245,2099-09,2099,9,48.343831242359784,308.2962763096072,-4.473019224904017,-332.8109503482965,-5.587121842874415,-19.661706216523317,-5.892690080631263,54.89830463739902,288.9866461711278,-16.49764968729072,-315.33848147263296,-9.098186561522688,-19.40690265700391,-16.456269569923517,-6.554473395039238,19.309630138479406,12.024630462386703,-17.472468875663537,3.5110647186482726,-0.2548035595194058,10.563579489292254
NCAR,CESM2-WACCM,r1i1p1f1,gn,ssp245,2099-10,2099,10,14.814801859015752,289.2322097463323,-1.6781980945410544,-326.0943982982256,-12.568151742044824,-31.66675141632522,-67.9604879457887,15.9193122787883,256.89747343904895,-4.380194310946924,-291.697864388461,-19.062866206999274,-25.57814248566332,-67.90228167423336,-1.1045104197725486,32.33473630728332,2.7019962164058695,-34.39653390976457,6.49471446495445,-6.0886089306618985,-0.058206271555334865
NCAR,CESM2-WACCM,r1i1p1f1,gn,ssp245,2099-11,2099,11,2.504518714801195,273.7372019441155,-0.3144544591776519,-312.6898076648709,-19.657004599526147,-30.762237502230022,-87.18178356688802,2.5925275075676772,226.74750459235383,-0.5328379026360872,-264.97601499925315,-26.070306271323897,-26.466079860120846,-88.70520693341243,-0.0880087927664821,46.98969735176166,0.2183834434584353,-47.713792665617746,6.4133016717977505,-4.296157642109176,1.523423366524412
NCAR,CESM2-WACCM,r1i1p1f1,gn,ssp245,2099-12,2099,12,0.5789609690289942,256.1248624887994,-0.06613262591124233,-294.3220666640482,-26.529076695699967,-32.66317011136079,-96.8766226391918,0.6773264413565148,205.25541358021636,-0.21629244537056036,-244.35942714392272,-27.52562905630308,-25.26915405374307,-91.43776267776657,-0.09836547232752058,50.86944890858305,0.15015981945931803,-49.962639520125464,0.9965523606031148,-7.394016057617723,-5.438859961425223
NCAR,CESM2-WACCM,r1i1p1f1,gn,ssp245,2100-01,2100,1,1.374692431058502,230.63179994945702,-0.3302369655944671,-270.54330037346404,-31.824062366889045,-29.22555137269706,-99.91665869812911,1.6579286852252568,196.20551484935447,-0.7660732495860045,-233.69317904034412,-26.446030144367764,-23.962358246853956,-87.00419714657214,-0.2832362541667548,34.42628510010255,0.43583628399153745,-36.850121333119915,-5.378032222521281,-5.263193125843102,-12.912461551556973
NCAR,CESM2-WACCM,r1i1p1f1,gn,ssp245,2100-02,2100,2,9.304888548435688,221.7476176111431,-4.362282231674694,-260.27315974155056,-23.240092393285067,-25.06487464531671,-81.88790285224823,10.385738957971206,195.57557849392916,-5.961691198481865,-231.37068932874575,-24.899052807969824,-23.09016983538138,-79.36028571867845,-1.0808504095355183,26.172039117213956,1.5994089668071707,-28.902470412804803,1.6589604146847563,-1.9747048099353286,-2.527617133569777
NCAR,CESM2-WACCM,r1i1p1f1,gn,ssp245,2100-03,2100,3,45.4902949766113,227.22187521327285,-27.077273040824412,-262.88959357978985,-24.16231631214113,-23.687096995399124,-65.10410973827038,52.34600267468988,199.48953926508008,-34.42371965033548,-236.7508496922062,-20.85710861632136,-20.373539266184096,-60.56967528527718,-6.855707698078575,27.73233594819277,7.346446609511066,-26.138743887583644,-3.305207695819771,-3.3135577292150273,-4.534434452993203
NCAR,CESM2-WACCM,r1i1p1f1,gn,ssp245,2100-04,2100,4,133.72728374450924,247.23129573795507,-82.95867273457333,-282.38484572455167,-12.282813538728366,-15.815789737092242,-12.4835422524813,148.4263517975451,216.72984245488897,-100.49578385113533,-258.4648433761369,-13.984813605344282,-15.80226050010748,-23.59150708028995,-14.699068053035859,30.5014532830661,17.537111116562002,-23.920002348414755,1.7020000666159163,-0.013529236984762605,11.107964827808651
NCAR,CESM2-WACCM,r1i1p1f1,gn,ssp245,2100-05,2100,5,206.23272379992264,282.5861379831117,-118.76880761393272,-308.40626241900105,-6.965882338541436,-11.835606217414279,42.84230319414483,230.97572059279568,260.9168771007636,-147.350178023134,-296.4210780752247,-8.42963842864043,-13.368998020843918,26.322705145716213,-24.742996792873043,21.669260882348112,28.58137040920127,-11.985184343776325,1.463756090098994,1.5333918034296392,16.51959804842862
NCAR,CESM2-WACCM,r1i1p1f1,gn,ssp245,2100-06,2100,6,216.07642139890612,304.92071736759186,-87.17277982731912,-323.1648547401381,-3.1294040086623096,-8.101777640022386,99.42832255035609,229.4053676740754,296.8800857108836,-116.00451780204455,-318.9062131313004,-4.049380336574811,-11.48764164916818,75.83770046587108,-13.328946275169272,8.040631656708285,28.831737974725428,-4.258641608837706,0.9199763279125013,3.385864009145795,23.590622084485005
NCAR,CESM2-WACCM,r1i1p1f1,gn,ssp245,2100-07,2100,7,144.74729395492614,321.1416700131216,-24.497017150155788,-330.28651921479855,-0.5987847738507321,-4.415758976881416,106.09088385236124,167.28392393654957,309.3164516077261,-59.40260923806807,-324.12606880488454,-2.2717320425952057,-9.161909245871227,81.63805621285663,-22.536629981623435,11.825218405395503,34.90559208791228,-6.160450409914006,1.6729472687444735,4.746150268989811,24.45282763950462
NCAR,CESM2-WACCM,r1i1p1f1,gn,ssp245,2100-08,2100,8,92.59637882386879,320.39645576336187,-8.572504986003208,-333.98582375135163,-2.994704702959492,-8.283902270343559,59.15589887657279,106.60594156560862,307.0192301231463,-30.971484870242,-324.3886704459015,-3.1681999649659307,-11.50649087877609,43.59032552886945,-14.009562741739828,13.377225640215556,22.39897988423879,-9.59715330545015,0.17349526200643872,3.222588608432531,15.565573347703342
NCAR,CESM2-WACCM,r1i1p1f1,gn,ssp245,2100-09,2100,9,48.389572874113625,307.52126197814545,-4.623635617324054,-331.372879662311,-4.040973789645047,-16.279227132014224,-0.40588134903523354,54.89830463739902,288.9866461711278,-16.49764968729072,-315.33848147263296,-9.098186561522688,-19.40690265700391,-16.456269569923517,-6.508731763285397,18.534615807017644,11.874014069966666,-16.03439818967803,5.057212771877641,3.1276755249896873,16.050388220888284
NCAR,CESM2-WACCM,r1i1p1f1,gn,ssp245,2100-10,2100,10,13.886821131017681,292.09260378142477,-1.5258663142911428,-324.0757480994838,-13.017246229776656,-30.13161805245842,-62.771053783567595,15.9193122787883,256.89747343904895,-4.380194310946924,-291.697864388461,-19.062866206999274,-25.57814248566332,-67.90228167423336,-2.032491147770619,35.19513034237582,2.8543279966557806,-32.377883711022776,6.045619977222618,-4.5534755667951,5.13122789066577
NCAR,CESM2-WACCM,r1i1p1f1,gn,ssp245,2100-11,2100,11,2.3966627576296595,269.49115771561236,-0.2795255022245754,-309.81546845304,-25.25901599471978,-38.61832007175515,-102.08450954849752,2.5925275075676772,226.74750459235383,-0.5328379026360872,-264.97601499925315,-26.070306271323897,-26.466079860120846,-88.70520693341243,-0.19586474993801772,42.743653123258525,0.2533124004115118,-44.83945345378686,0.8112902766041188,-12.152240211634304,-13.379302615085095
NCAR,CESM2-WACCM,r1i1p1f1,gn,ssp245,2100-12,2100,12,0.609872803147683,240.48881592427193,-0.07698081764417121,-284.81701610375217,-29.471751764115506,-33.51282820230812,-106.77988816040036,0.6773264413565148,205.25541358021636,-0.21629244537056036,-244.35942714392272,-27.52562905630308,-25.26915405374307,-91.43776267776657,-0.06745363820883177,35.23340234405558,0.13931162772638916,-40.45758895982945,-1.9461227078124246,-8.243674148565052,-15.34212548263379
