institution,source,member,siconc_grid,experiment,time,year,month,sia_Mkm2,pi_clim_sia_Mkm2,sia_anom_Mkm2
CNRM-CERFACS,CNRM-CM6-1-HR,r1i1p1f2,gn,ssp245,2015-01,2015,1,11.982995620852535,13.14772849079902,-1.1647328699464854
CNRM-CERFACS,CNRM-CM6-1-HR,r1i1p1f2,gn,ssp245,2015-02,2015,2,12.307636858598457,13.430628146380453,-1.1229912877819963
CNRM-CERFACS,CNRM-CM6-1-HR,r1i1p1f2,gn,ssp245,2015-03,2015,3,12.585515683310785,13.558657284132442,-0.9731416008216573
CNRM-CERFACS,CNRM-CM6-1-HR,r1i1p1f2,gn,ssp245,2015-04,2015,4,12.445535886663531,13.4145579666305,-0.9690220799669689
CNRM-CERFACS,CNRM-CM6-1-HR,r1i1p1f2,gn,ssp245,2015-05,2015,5,11.380643653608745,12.534864477989109,-1.1542208243803636
CNRM-CERFACS,CNRM-CM6-1-HR,r1i1p1f2,gn,ssp245,2015-06,2015,6,9.114758404234836,10.646892197227762,-1.5321337929929264
CNRM-CERFACS,CNRM-CM6-1-HR,r1i1p1f2,gn,ssp245,2015-07,2015,7,6.95521361357419,8.302371645186227,-1.3471580316120368
CNRM-CERFACS,CNRM-CM6-1-HR,r1i1p1f2,gn,ssp245,2015-08,2015,8,5.159537727935691,6.616497250710446,-1.4569595227747554
CNRM-CERFACS,CNRM-CM6-1-HR,r1i1p1f2,gn,ssp245,2015-09,2015,9,4.635027328362318,6.128027986007415,-1.493000657645097
CNRM-CERFACS,CNRM-CM6-1-HR,r1i1p1f2,gn,ssp245,2015-10,2015,10,5.6541476671268445,7.8018119249626015,-2.147664257835757
CNRM-CERFACS,CNRM-CM6-1-HR,r1i1p1f2,gn,ssp245,2015-11,2015,11,8.733053273664963,10.313374480749122,-1.5803212070841592
CNRM-CERFACS,CNRM-CM6-1-HR,r1i1p1f2,gn,ssp245,2015-12,2015,12,10.790990793833162,12.308292384716971,-1.5173015908838092
CNRM-CERFACS,CNRM-CM6-1-HR,r1i1p1f2,gn,ssp245,2016-01,2016,1,12.09286694170598,13.14772849079902,-1.0548615490930402
CNRM-CERFACS,CNRM-CM6-1-HR,r1i1p1f2,gn,ssp245,2016-02,2016,2,12.549190934047656,13.430628146380453,-0.8814372123327967
CNRM-CERFACS,CNRM-CM6-1-HR,r1i1p1f2,gn,ssp245,2016-03,2016,3,12.733860066579844,13.558657284132442,-0.8247972175525984
CNRM-CERFACS,CNRM-CM6-1-HR,r1i1p1f2,gn,ssp245,2016-04,2016,4,12.530847655823226,13.4145579666305,-0.8837103108072739
CNRM-CERFACS,CNRM-CM6-1-HR,r1i1p1f2,gn,ssp245,2016-05,2016,5,11.461252601666038,12.534864477989109,-1.0736118763230706
CNRM-CERFACS,CNRM-CM6-1-HR,r1i1p1f2,gn,ssp245,2016-06,2016,6,9.441948182963644,10.646892197227762,-1.2049440142641181
CNRM-CERFACS,CNRM-CM6-1-HR,r1i1p1f2,gn,ssp245,2016-07,2016,7,7.418851797017127,8.302371645186227,-0.8835198481691
CNRM-CERFACS,CNRM-CM6-1-HR,r1i1p1f2,gn,ssp245,2016-08,2016,8,5.724796326600177,6.616497250710446,-0.8917009241102694
CNRM-CERFACS,CNRM-CM6-1-HR,r1i1p1f2,gn,ssp245,2016-09,2016,9,5.033007548507997,6.128027986007415,-1.095020437499418
CNRM-CERFACS,CNRM-CM6-1-HR,r1i1p1f2,gn,ssp245,2016-10,2016,10,6.2642478138125375,7.8018119249626015,-1.537564111150064
CNRM-CERFACS,CNRM-CM6-1-HR,r1i1p1f2,gn,ssp245,2016-11,2016,11,8.748123033130955,10.313374480749122,-1.5652514476181665
CNRM-CERFACS,CNRM-CM6-1-HR,r1i1p1f2,gn,ssp245,2016-12,2016,12,10.879050505415025,12.308292384716971,-1.4292418793019461
CNRM-CERFACS,CNRM-CM6-1-HR,r1i1p1f2,gn,ssp245,2017-01,2017,1,11.953379695903697,13.14772849079902,-1.1943487948953226
CNRM-CERFACS,CNRM-CM6-1-HR,r1i1p1f2,gn,ssp245,2017-02,2017,2,12.42002998700644,13.430628146380453,-1.0105981593740125
CNRM-CERFACS,CNRM-CM6-1-HR,r1i1p1f2,gn,ssp245,2017-03,2017,3,12.605307148469981,13.558657284132442,-0.9533501356624612
CNRM-CERFACS,CNRM-CM6-1-HR,r1i1p1f2,gn,ssp245,2017-04,2017,4,12.339114102428814,13.4145579666305,-1.0754438642016861
CNRM-CERFACS,CNRM-CM6-1-HR,r1i1p1f2,gn,ssp245,2017-05,2017,5,11.286744772258187,12.534864477989109,-1.2481197057309217
CNRM-CERFACS,CNRM-CM6-1-HR,r1i1p1f2,gn,ssp245,2017-06,2017,6,9.271202341502018,10.646892197227762,-1.375689855725744
CNRM-CERFACS,CNRM-CM6-1-HR,r1i1p1f2,gn,ssp245,2017-07,2017,7,7.063908475931579,8.302371645186227,-1.238463169254648
CNRM-CERFACS,CNRM-CM6-1-HR,r1i1p1f2,gn,ssp245,2017-08,2017,8,4.993295578159794,6.616497250710446,-1.6232016725506524
CNRM-CERFACS,CNRM-CM6-1-HR,r1i1p1f2,gn,ssp245,2017-09,2017,9,3.982882652750041,6.128027986007415,-2.1451453332573736
CNRM-CERFACS,CNRM-CM6-1-HR,r1i1p1f2,gn,ssp245,2017-10,2017,10,5.771217917302284,7.8018119249626015,-2.0305940076603175
CNRM-CERFACS,CNRM-CM6-1-HR,r1i1p1f2,gn,ssp245,2017-11,2017,11,8.86029581856158,10.313374480749122,-1.4530786621875418
CNRM-CERFACS,CNRM-CM6-1-HR,r1i1p1f2,gn,ssp245,2017-12,2017,12,11.04417218770151,12.308292384716971,-1.26412019701546
CNRM-CERFACS,CNRM-CM6-1-HR,r1i1p1f2,gn,ssp245,2018-01,2018,1,12.021961188713698,13.14772849079902,-1.1257673020853218
CNRM-CERFACS,CNRM-CM6-1-HR,r1i1p1f2,gn,ssp245,2018-02,2018,2,12.4260082682131,13.430628146380453,-1.0046198781673539
CNRM-CERFACS,CNRM-CM6-1-HR,r1i1p1f2,gn,ssp245,2018-03,2018,3,12.50889532268088,13.558657284132442,-1.049761961451562
CNRM-CERFACS,CNRM-CM6-1-HR,r1i1p1f2,gn,ssp245,2018-04,2018,4,12.1119576446395,13.4145579666305,-1.302600321991001
CNRM-CERFACS,CNRM-CM6-1-HR,r1i1p1f2,gn,ssp245,2018-05,2018,5,10.943504991738918,12.534864477989109,-1.591359486250191
CNRM-CERFACS,CNRM-CM6-1-HR,r1i1p1f2,gn,ssp245,2018-06,2018,6,8.437193628386114,10.646892197227762,-2.209698568841649
CNRM-CERFACS,CNRM-CM6-1-HR,r1i1p1f2,gn,ssp245,2018-07,2018,7,6.1646834138698114,8.302371645186227,-2.1376882313164156
CNRM-CERFACS,CNRM-CM6-1-HR,r1i1p1f2,gn,ssp245,2018-08,2018,8,3.840692916904026,6.616497250710446,-2.77580433380642
CNRM-CERFACS,CNRM-CM6-1-HR,r1i1p1f2,gn,ssp245,2018-09,2018,9,2.744795509051143,6.128027986007415,-3.383232476956272
CNRM-CERFACS,CNRM-CM6-1-HR,r1i1p1f2,gn,ssp245,2018-10,2018,10,4.741926825934633,7.8018119249626015,-3.0598850990279685
CNRM-CERFACS,CNRM-CM6-1-HR,r1i1p1f2,gn,ssp245,2018-11,2018,11,8.213094620816033,10.313374480749122,-2.1002798599330887
CNRM-CERFACS,CNRM-CM6-1-HR,r1i1p1f2,gn,ssp245,2018-12,2018,12,10.507096694808109,12.308292384716971,-1.8011956899088624
CNRM-CERFACS,CNRM-CM6-1-HR,r1i1p1f2,gn,ssp245,2019-01,2019,1,11.630106355193274,13.14772849079902,-1.5176221356057464
CNRM-CERFACS,CNRM-CM6-1-HR,r1i1p1f2,gn,ssp245,2019-02,2019,2,12.219054437040478,13.430628146380453,-1.2115737093399748
CNRM-CERFACS,CNRM-CM6-1-HR,r1i1p1f2,gn,ssp245,2019-03,2019,3,12.531650954102385,13.558657284132442,-1.0270063300300567
CNRM-CERFACS,CNRM-CM6-1-HR,r1i1p1f2,gn,ssp245,2019-04,2019,4,12.460103636281147,13.4145579666305,-0.9544543303493533
CNRM-CERFACS,CNRM-CM6-1-HR,r1i1p1f2,gn,ssp245,2019-05,2019,5,11.320926282283722,12.534864477989109,-1.2139381957053867
CNRM-CERFACS,CNRM-CM6-1-HR,r1i1p1f2,gn,ssp245,2019-06,2019,6,8.994591061975386,10.646892197227762,-1.652301135252376
CNRM-CERFACS,CNRM-CM6-1-HR,r1i1p1f2,gn,ssp245,2019-07,2019,7,6.2730231066043265,8.302371645186227,-2.0293485385819006
CNRM-CERFACS,CNRM-CM6-1-HR,r1i1p1f2,gn,ssp245,2019-08,2019,8,4.2403354362525985,6.616497250710446,-2.3761618144578476
CNRM-CERFACS,CNRM-CM6-1-HR,r1i1p1f2,gn,ssp245,2019-09,2019,9,3.346703410692071,6.128027986007415,-2.781324575315344
CNRM-CERFACS,CNRM-CM6-1-HR,r1i1p1f2,gn,ssp245,2019-10,2019,10,4.434632450425754,7.8018119249626015,-3.3671794745368473
CNRM-CERFACS,CNRM-CM6-1-HR,r1i1p1f2,gn,ssp245,2019-11,2019,11,7.657092026487112,10.313374480749122,-2.6562824542620103
CNRM-CERFACS,CNRM-CM6-1-HR,r1i1p1f2,gn,ssp245,2019-12,2019,12,10.425065121052459,12.308292384716971,-1.8832272636645122
CNRM-CERFACS,CNRM-CM6-1-HR,r1i1p1f2,gn,ssp245,2020-01,2020,1,11.801788042827164,13.14772849079902,-1.3459404479718557
CNRM-CERFACS,CNRM-CM6-1-HR,r1i1p1f2,gn,ssp245,2020-02,2020,2,12.30358115756296,13.430628146380453,-1.1270469888174937
CNRM-CERFACS,CNRM-CM6-1-HR,r1i1p1f2,gn,ssp245,2020-03,2020,3,12.673822549546,13.558657284132442,-0.8848347345864429
CNRM-CERFACS,CNRM-CM6-1-HR,r1i1p1f2,gn,ssp245,2020-04,2020,4,12.529893819136047,13.4145579666305,-0.884664147494453
CNRM-CERFACS,CNRM-CM6-1-HR,r1i1p1f2,gn,ssp245,2020-05,2020,5,11.544398037236087,12.534864477989109,-0.9904664407530213
CNRM-CERFACS,CNRM-CM6-1-HR,r1i1p1f2,gn,ssp245,2020-06,2020,6,9.425015798425616,10.646892197227762,-1.2218763988021468
CNRM-CERFACS,CNRM-CM6-1-HR,r1i1p1f2,gn,ssp245,2020-07,2020,7,7.015240009063837,8.302371645186227,-1.28713163612239
CNRM-CERFACS,CNRM-CM6-1-HR,r1i1p1f2,gn,ssp245,2020-08,2020,8,4.678942754769622,6.616497250710446,-1.937554495940824
CNRM-CERFACS,CNRM-CM6-1-HR,r1i1p1f2,gn,ssp245,2020-09,2020,9,3.6600327260609706,6.128027986007415,-2.467995259946444
CNRM-CERFACS,CNRM-CM6-1-HR,r1i1p1f2,gn,ssp245,2020-10,2020,10,4.953824464837788,7.8018119249626015,-2.8479874601248136
CNRM-CERFACS,CNRM-CM6-1-HR,r1i1p1f2,gn,ssp245,2020-11,2020,11,8.14531027163204,10.313374480749122,-2.168064209117082
CNRM-CERFACS,CNRM-CM6-1-HR,r1i1p1f2,gn,ssp245,2020-12,2020,12,10.693658478935422,12.308292384716971,-1.6146339057815489
CNRM-CERFACS,CNRM-CM6-1-HR,r1i1p1f2,gn,ssp245,2021-01,2021,1,12.096846375175701,13.14772849079902,-1.0508821156233186
CNRM-CERFACS,CNRM-CM6-1-HR,r1i1p1f2,gn,ssp245,2021-02,2021,2,12.740664957868677,13.430628146380453,-0.6899631885117756
CNRM-CERFACS,CNRM-CM6-1-HR,r1i1p1f2,gn,ssp245,2021-03,2021,3,12.840607100212427,13.558657284132442,-0.7180501839200151
CNRM-CERFACS,CNRM-CM6-1-HR,r1i1p1f2,gn,ssp245,2021-04,2021,4,12.644826819353678,13.4145579666305,-0.769731147276822
CNRM-CERFACS,CNRM-CM6-1-HR,r1i1p1f2,gn,ssp245,2021-05,2021,5,11.593737047876674,12.534864477989109,-0.9411274301124344
CNRM-CERFACS,CNRM-CM6-1-HR,r1i1p1f2,gn,ssp245,2021-06,2021,6,9.58888748408653,10.646892197227762,-1.0580047131412318
CNRM-CERFACS,CNRM-CM6-1-HR,r1i1p1f2,gn,ssp245,2021-07,2021,7,7.289452244241631,8.302371645186227,-1.0129194009445959
CNRM-CERFACS,CNRM-CM6-1-HR,r1i1p1f2,gn,ssp245,2021-08,2021,8,5.270461589020725,6.616497250710446,-1.3460356616897213
CNRM-CERFACS,CNRM-CM6-1-HR,r1i1p1f2,gn,ssp245,2021-09,2021,9,4.575102073109789,6.128027986007415,-1.552925912897626
CNRM-CERFACS,CNRM-CM6-1-HR,r1i1p1f2,gn,ssp245,2021-10,2021,10,5.986239734915899,7.8018119249626015,-1.8155721900467023
CNRM-CERFACS,CNRM-CM6-1-HR,r1i1p1f2,gn,ssp245,2021-11,2021,11,8.48132170438593,10.313374480749122,-1.8320527763631915
CNRM-CERFACS,CNRM-CM6-1-HR,r1i1p1f2,gn,ssp245,2021-12,2021,12,11.117816844247148,12.308292384716971,-1.1904755404698228
CNRM-CERFACS,CNRM-CM6-1-HR,r1i1p1f2,gn,ssp245,2022-01,2022,1,12.37702804804328,13.14772849079902,-0.7707004427557393
CNRM-CERFACS,CNRM-CM6-1-HR,r1i1p1f2,gn,ssp245,2022-02,2022,2,12.71336165235255,13.430628146380453,-0.7172664940279034
CNRM-CERFACS,CNRM-CM6-1-HR,r1i1p1f2,gn,ssp245,2022-03,2022,3,12.81215484593698,13.558657284132442,-0.7465024381954617
CNRM-CERFACS,CNRM-CM6-1-HR,r1i1p1f2,gn,ssp245,2022-04,2022,4,12.610076692162936,13.4145579666305,-0.8044812744675642
CNRM-CERFACS,CNRM-CM6-1-HR,r1i1p1f2,gn,ssp245,2022-05,2022,5,11.502870972068106,12.534864477989109,-1.0319935059210028
CNRM-CERFACS,CNRM-CM6-1-HR,r1i1p1f2,gn,ssp245,2022-06,2022,6,9.355130760366743,10.646892197227762,-1.2917614368610195
CNRM-CERFACS,CNRM-CM6-1-HR,r1i1p1f2,gn,ssp245,2022-07,2022,7,7.012827365013289,8.302371645186227,-1.2895442801729384
CNRM-CERFACS,CNRM-CM6-1-HR,r1i1p1f2,gn,ssp245,2022-08,2022,8,5.164381451421689,6.616497250710446,-1.452115799288757
CNRM-CERFACS,CNRM-CM6-1-HR,r1i1p1f2,gn,ssp245,2022-09,2022,9,4.436064657205284,6.128027986007415,-1.6919633288021307
CNRM-CERFACS,CNRM-CM6-1-HR,r1i1p1f2,gn,ssp245,2022-10,2022,10,5.998072897552989,7.8018119249626015,-1.8037390274096126
CNRM-CERFACS,CNRM-CM6-1-HR,r1i1p1f2,gn,ssp245,2022-11,2022,11,8.607610272191634,10.313374480749122,-1.705764208557488
CNRM-CERFACS,CNRM-CM6-1-HR,r1i1p1f2,gn,ssp245,2022-12,2022,12,11.008163620947155,12.308292384716971,-1.3001287637698162
CNRM-CERFACS,CNRM-CM6-1-HR,r1i1p1f2,gn,ssp245,2023-01,2023,1,12.206336741511443,13.14772849079902,-0.9413917492875772
CNRM-CERFACS,CNRM-CM6-1-HR,r1i1p1f2,gn,ssp245,2023-02,2023,2,12.598022325235585,13.430628146380453,-0.8326058211448686
CNRM-CERFACS,CNRM-CM6-1-HR,r1i1p1f2,gn,ssp245,2023-03,2023,3,12.72222833197405,13.558657284132442,-0.8364289521583927
CNRM-CERFACS,CNRM-CM6-1-HR,r1i1p1f2,gn,ssp245,2023-04,2023,4,12.658671622921599,13.4145579666305,-0.7558863437089016
CNRM-CERFACS,CNRM-CM6-1-HR,r1i1p1f2,gn,ssp245,2023-05,2023,5,11.607250840083935,12.534864477989109,-0.9276136379051731
CNRM-CERFACS,CNRM-CM6-1-HR,r1i1p1f2,gn,ssp245,2023-06,2023,6,9.474262613935466,10.646892197227762,-1.1726295832922968
CNRM-CERFACS,CNRM-CM6-1-HR,r1i1p1f2,gn,ssp245,2023-07,2023,7,7.2235767286668695,8.302371645186227,-1.0787949165193575
CNRM-CERFACS,CNRM-CM6-1-HR,r1i1p1f2,gn,ssp245,2023-08,2023,8,5.002365881026473,6.616497250710446,-1.6141313696839727
CNRM-CERFACS,CNRM-CM6-1-HR,r1i1p1f2,gn,ssp245,2023-09,2023,9,3.9727615224638564,6.128027986007415,-2.1552664635435583
CNRM-CERFACS,CNRM-CM6-1-HR,r1i1p1f2,gn,ssp245,2023-10,2023,10,5.61399824846238,7.8018119249626015,-2.1878136765002214
CNRM-CERFACS,CNRM-CM6-1-HR,r1i1p1f2,gn,ssp245,2023-11,2023,11,8.638662040925512,10.313374480749122,-1.67471243982361
CNRM-CERFACS,CNRM-CM6-1-HR,r1i1p1f2,gn,ssp245,2023-12,2023,12,10.929709519619509,12.308292384716971,-1.3785828650974619
CNRM-CERFACS,CNRM-CM6-1-HR,r1i1p1f2,gn,ssp245,2024-01,2024,1,12.122476197509354,13.14772849079902,-1.0252522932896664
CNRM-CERFACS,CNRM-CM6-1-HR,r1i1p1f2,gn,ssp245,2024-02,2024,2,12.557458952120298,13.430628146380453,-0.8731691942601554
CNRM-CERFACS,CNRM-CM6-1-HR,r1i1p1f2,gn,ssp245,2024-03,2024,3,12.829586811907339,13.558657284132442,-0.7290704722251036
CNRM-CERFACS,CNRM-CM6-1-HR,r1i1p1f2,gn,ssp245,2024-04,2024,4,12.724448231483576,13.4145579666305,-0.6901097351469243
CNRM-CERFACS,CNRM-CM6-1-HR,r1i1p1f2,gn,ssp245,2024-05,2024,5,11.836225210566344,12.534864477989109,-0.6986392674227648
CNRM-CERFACS,CNRM-CM6-1-HR,r1i1p1f2,gn,ssp245,2024-06,2024,6,9.798852704738593,10.646892197227762,-0.8480394924891694
CNRM-CERFACS,CNRM-CM6-1-HR,r1i1p1f2,gn,ssp245,2024-07,2024,7,7.430510859223761,8.302371645186227,-0.8718607859624656
CNRM-CERFACS,CNRM-CM6-1-HR,r1i1p1f2,gn,ssp245,2024-08,2024,8,5.440670827518323,6.616497250710446,-1.175826423192123
CNRM-CERFACS,CNRM-CM6-1-HR,r1i1p1f2,gn,ssp245,2024-09,2024,9,4.595558575061669,6.128027986007415,-1.5324694109457457
CNRM-CERFACS,CNRM-CM6-1-HR,r1i1p1f2,gn,ssp245,2024-10,2024,10,5.9242559454722965,7.8018119249626015,-1.877555979490305
CNRM-CERFACS,CNRM-CM6-1-HR,r1i1p1f2,gn,ssp245,2024-11,2024,11,8.732919624578985,10.313374480749122,-1.580454856170137
CNRM-CERFACS,CNRM-CM6-1-HR,r1i1p1f2,gn,ssp245,2024-12,2024,12,10.802908483522378,12.308292384716971,-1.5053839011945929
CNRM-CERFACS,CNRM-CM6-1-HR,r1i1p1f2,gn,ssp245,2025-01,2025,1,12.19118066187188,13.14772849079902,-0.9565478289271407
CNRM-CERFACS,CNRM-CM6-1-HR,r1i1p1f2,gn,ssp245,2025-02,2025,2,12.51717142877551,13.430628146380453,-0.9134567176049426
CNRM-CERFACS,CNRM-CM6-1-HR,r1i1p1f2,gn,ssp245,2025-03,2025,3,12.816855755705605,13.558657284132442,-0.7418015284268371
CNRM-CERFACS,CNRM-CM6-1-HR,r1i1p1f2,gn,ssp245,2025-04,2025,4,12.749645438609168,13.4145579666305,-0.6649125280213326
CNRM-CERFACS,CNRM-CM6-1-HR,r1i1p1f2,gn,ssp245,2025-05,2025,5,11.635048236085398,12.534864477989109,-0.8998162419037108
CNRM-CERFACS,CNRM-CM6-1-HR,r1i1p1f2,gn,ssp245,2025-06,2025,6,9.302565551338237,10.646892197227762,-1.3443266458895256
CNRM-CERFACS,CNRM-CM6-1-HR,r1i1p1f2,gn,ssp245,2025-07,2025,7,6.738472043796179,8.302371645186227,-1.5638996013900481
CNRM-CERFACS,CNRM-CM6-1-HR,r1i1p1f2,gn,ssp245,2025-08,2025,8,4.361622045454646,6.616497250710446,-2.2548752052558
CNRM-CERFACS,CNRM-CM6-1-HR,r1i1p1f2,gn,ssp245,2025-09,2025,9,3.3827541874001517,6.128027986007415,-2.745273798607263
CNRM-CERFACS,CNRM-CM6-1-HR,r1i1p1f2,gn,ssp245,2025-10,2025,10,4.77136929883395,7.8018119249626015,-3.030442626128652
CNRM-CERFACS,CNRM-CM6-1-HR,r1i1p1f2,gn,ssp245,2025-11,2025,11,8.071076971759213,10.313374480749122,-2.2422975089899086
CNRM-CERFACS,CNRM-CM6-1-HR,r1i1p1f2,gn,ssp245,2025-12,2025,12,10.63537260383426,12.308292384716971,-1.6729197808827116
CNRM-CERFACS,CNRM-CM6-1-HR,r1i1p1f2,gn,ssp245,2026-01,2026,1,12.091150551398785,13.14772849079902,-1.0565779394002348
CNRM-CERFACS,CNRM-CM6-1-HR,r1i1p1f2,gn,ssp245,2026-02,2026,2,12.689514365233322,13.430628146380453,-0.7411137811471313
CNRM-CERFACS,CNRM-CM6-1-HR,r1i1p1f2,gn,ssp245,2026-03,2026,3,12.67164078653937,13.558657284132442,-0.8870164975930717
CNRM-CERFACS,CNRM-CM6-1-HR,r1i1p1f2,gn,ssp245,2026-04,2026,4,12.443237546864447,13.4145579666305,-0.9713204197660534
CNRM-CERFACS,CNRM-CM6-1-HR,r1i1p1f2,gn,ssp245,2026-05,2026,5,11.364809205398222,12.534864477989109,-1.1700552725908864
CNRM-CERFACS,CNRM-CM6-1-HR,r1i1p1f2,gn,ssp245,2026-06,2026,6,9.040524911539285,10.646892197227762,-1.6063672856884779
CNRM-CERFACS,CNRM-CM6-1-HR,r1i1p1f2,gn,ssp245,2026-07,2026,7,6.604587876129267,8.302371645186227,-1.6977837690569597
CNRM-CERFACS,CNRM-CM6-1-HR,r1i1p1f2,gn,ssp245,2026-08,2026,8,4.762406240928003,6.616497250710446,-1.8540910097824428
CNRM-CERFACS,CNRM-CM6-1-HR,r1i1p1f2,gn,ssp245,2026-09,2026,9,4.229708277969632,6.128027986007415,-1.898319708037783
CNRM-CERFACS,CNRM-CM6-1-HR,r1i1p1f2,gn,ssp245,2026-10,2026,10,5.0641601148989945,7.8018119249626015,-2.737651810063607
CNRM-CERFACS,CNRM-CM6-1-HR,r1i1p1f2,gn,ssp245,2026-11,2026,11,7.9889026010818105,10.313374480749122,-2.3244718796673114
CNRM-CERFACS,CNRM-CM6-1-HR,r1i1p1f2,gn,ssp245,2026-12,2026,12,10.379966839030548,12.308292384716971,-1.9283255456864232
CNRM-CERFACS,CNRM-CM6-1-HR,r1i1p1f2,gn,ssp245,2027-01,2027,1,11.94989057464196,13.14772849079902,-1.1978379161570594
CNRM-CERFACS,CNRM-CM6-1-HR,r1i1p1f2,gn,ssp245,2027-02,2027,2,12.511130529533196,13.430628146380453,-0.9194976168472575
CNRM-CERFACS,CNRM-CM6-1-HR,r1i1p1f2,gn,ssp245,2027-03,2027,3,12.431779626460898,13.558657284132442,-1.1268776576715442
CNRM-CERFACS,CNRM-CM6-1-HR,r1i1p1f2,gn,ssp245,2027-04,2027,4,12.10485060535238,13.4145579666305,-1.3097073612781198
CNRM-CERFACS,CNRM-CM6-1-HR,r1i1p1f2,gn,ssp245,2027-05,2027,5,10.847859245832948,12.534864477989109,-1.6870052321561602
CNRM-CERFACS,CNRM-CM6-1-HR,r1i1p1f2,gn,ssp245,2027-06,2027,6,8.594545916924137,10.646892197227762,-2.0523462803036256
CNRM-CERFACS,CNRM-CM6-1-HR,r1i1p1f2,gn,ssp245,2027-07,2027,7,6.2406562031421835,8.302371645186227,-2.0617154420440436
CNRM-CERFACS,CNRM-CM6-1-HR,r1i1p1f2,gn,ssp245,2027-08,2027,8,3.8991419941660923,6.616497250710446,-2.7173552565443537
CNRM-CERFACS,CNRM-CM6-1-HR,r1i1p1f2,gn,ssp245,2027-09,2027,9,2.809175450290916,6.128027986007415,-3.318852535716499
CNRM-CERFACS,CNRM-CM6-1-HR,r1i1p1f2,gn,ssp245,2027-10,2027,10,4.0038706090434095,7.8018119249626015,-3.797941315919192
CNRM-CERFACS,CNRM-CM6-1-HR,r1i1p1f2,gn,ssp245,2027-11,2027,11,7.185917833551979,10.313374480749122,-3.1274566471971426
CNRM-CERFACS,CNRM-CM6-1-HR,r1i1p1f2,gn,ssp245,2027-12,2027,12,10.129892960292462,12.308292384716971,-2.1783994244245086
CNRM-CERFACS,CNRM-CM6-1-HR,r1i1p1f2,gn,ssp245,2028-01,2028,1,11.536611182556756,13.14772849079902,-1.6111173082422638
CNRM-CERFACS,CNRM-CM6-1-HR,r1i1p1f2,gn,ssp245,2028-02,2028,2,11.967747569455934,13.430628146380453,-1.462880576924519
CNRM-CERFACS,CNRM-CM6-1-HR,r1i1p1f2,gn,ssp245,2028-03,2028,3,12.327996257516665,13.558657284132442,-1.2306610266157776
CNRM-CERFACS,CNRM-CM6-1-HR,r1i1p1f2,gn,ssp245,2028-04,2028,4,12.264722447971279,13.4145579666305,-1.1498355186592217
CNRM-CERFACS,CNRM-CM6-1-HR,r1i1p1f2,gn,ssp245,2028-05,2028,5,11.27018369360873,12.534864477989109,-1.2646807843803778
CNRM-CERFACS,CNRM-CM6-1-HR,r1i1p1f2,gn,ssp245,2028-06,2028,6,9.17803287809274,10.646892197227762,-1.4688593191350225
CNRM-CERFACS,CNRM-CM6-1-HR,r1i1p1f2,gn,ssp245,2028-07,2028,7,6.928533185261766,8.302371645186227,-1.3738384599244613
CNRM-CERFACS,CNRM-CM6-1-HR,r1i1p1f2,gn,ssp245,2028-08,2028,8,5.168967983392836,6.616497250710446,-1.4475292673176101
CNRM-CERFACS,CNRM-CM6-1-HR,r1i1p1f2,gn,ssp245,2028-09,2028,9,4.480122491288837,6.128027986007415,-1.6479054947185778
CNRM-CERFACS,CNRM-CM6-1-HR,r1i1p1f2,gn,ssp245,2028-10,2028,10,5.958007221833501,7.8018119249626015,-1.8438047031291003
CNRM-CERFACS,CNRM-CM6-1-HR,r1i1p1f2,gn,ssp245,2028-11,2028,11,8.529458413903587,10.313374480749122,-1.783916066845535
CNRM-CERFACS,CNRM-CM6-1-HR,r1i1p1f2,gn,ssp245,2028-12,2028,12,10.737932341069595,12.308292384716971,-1.5703600436473764
CNRM-CERFACS,CNRM-CM6-1-HR,r1i1p1f2,gn,ssp245,2029-01,2029,1,11.8998629645421,13.14772849079902,-1.2478655262569198
CNRM-CERFACS,CNRM-CM6-1-HR,r1i1p1f2,gn,ssp245,2029-02,2029,2,12.227491342933721,13.430628146380453,-1.203136803446732
CNRM-CERFACS,CNRM-CM6-1-HR,r1i1p1f2,gn,ssp245,2029-03,2029,3,12.396451740771509,13.558657284132442,-1.1622055433609333
CNRM-CERFACS,CNRM-CM6-1-HR,r1i1p1f2,gn,ssp245,2029-04,2029,4,12.361910050745593,13.4145579666305,-1.0526479158849078
CNRM-CERFACS,CNRM-CM6-1-HR,r1i1p1f2,gn,ssp245,2029-05,2029,5,11.328342526635087,12.534864477989109,-1.2065219513540217
CNRM-CERFACS,CNRM-CM6-1-HR,r1i1p1f2,gn,ssp245,2029-06,2029,6,9.335520970608812,10.646892197227762,-1.3113712266189506
CNRM-CERFACS,CNRM-CM6-1-HR,r1i1p1f2,gn,ssp245,2029-07,2029,7,6.913186503849813,8.302371645186227,-1.389185141336414
CNRM-CERFACS,CNRM-CM6-1-HR,r1i1p1f2,gn,ssp245,2029-08,2029,8,4.465135549980379,6.616497250710446,-2.1513617007300674
CNRM-CERFACS,CNRM-CM6-1-HR,r1i1p1f2,gn,ssp245,2029-09,2029,9,3.3987896350872355,6.128027986007415,-2.729238350920179
CNRM-CERFACS,CNRM-CM6-1-HR,r1i1p1f2,gn,ssp245,2029-10,2029,10,4.7660215790003395,7.8018119249626015,-3.035790345962262
CNRM-CERFACS,CNRM-CM6-1-HR,r1i1p1f2,gn,ssp245,2029-11,2029,11,8.254039679163812,10.313374480749122,-2.05933480158531
CNRM-CERFACS,CNRM-CM6-1-HR,r1i1p1f2,gn,ssp245,2029-12,2029,12,10.68894623300017,12.308292384716971,-1.619346151716801
CNRM-CERFACS,CNRM-CM6-1-HR,r1i1p1f2,gn,ssp245,2030-01,2030,1,11.372070394648006,13.14772849079902,-1.7756580961510142
CNRM-CERFACS,CNRM-CM6-1-HR,r1i1p1f2,gn,ssp245,2030-02,2030,2,12.049225758486369,13.430628146380453,-1.3814023878940844
CNRM-CERFACS,CNRM-CM6-1-HR,r1i1p1f2,gn,ssp245,2030-03,2030,3,12.332288846193194,13.558657284132442,-1.2263684379392483
CNRM-CERFACS,CNRM-CM6-1-HR,r1i1p1f2,gn,ssp245,2030-04,2030,4,12.219374608297903,13.4145579666305,-1.1951833583325975
CNRM-CERFACS,CNRM-CM6-1-HR,r1i1p1f2,gn,ssp245,2030-05,2030,5,11.050036288174965,12.534864477989109,-1.4848281898141433
CNRM-CERFACS,CNRM-CM6-1-HR,r1i1p1f2,gn,ssp245,2030-06,2030,6,8.86806972253055,10.646892197227762,-1.778822474697213
CNRM-CERFACS,CNRM-CM6-1-HR,r1i1p1f2,gn,ssp245,2030-07,2030,7,6.113097084253732,8.302371645186227,-2.1892745609324953
CNRM-CERFACS,CNRM-CM6-1-HR,r1i1p1f2,gn,ssp245,2030-08,2030,8,4.014807837114903,6.616497250710446,-2.601689413595543
CNRM-CERFACS,CNRM-CM6-1-HR,r1i1p1f2,gn,ssp245,2030-09,2030,9,3.14427175944869,6.128027986007415,-2.9837562265587247
CNRM-CERFACS,CNRM-CM6-1-HR,r1i1p1f2,gn,ssp245,2030-10,2030,10,4.201690748666245,7.8018119249626015,-3.6001211762963568
CNRM-CERFACS,CNRM-CM6-1-HR,r1i1p1f2,gn,ssp245,2030-11,2030,11,7.28033499117445,10.313374480749122,-3.033039489574672
CNRM-CERFACS,CNRM-CM6-1-HR,r1i1p1f2,gn,ssp245,2030-12,2030,12,10.10631904161776,12.308292384716971,-2.20197334309921
CNRM-CERFACS,CNRM-CM6-1-HR,r1i1p1f2,gn,ssp245,2031-01,2031,1,11.550601400836667,13.14772849079902,-1.5971270899623526
CNRM-CERFACS,CNRM-CM6-1-HR,r1i1p1f2,gn,ssp245,2031-02,2031,2,12.20006964392766,13.430628146380453,-1.2305585024527925
CNRM-CERFACS,CNRM-CM6-1-HR,r1i1p1f2,gn,ssp245,2031-03,2031,3,12.375447709252505,13.558657284132442,-1.1832095748799372
CNRM-CERFACS,CNRM-CM6-1-HR,r1i1p1f2,gn,ssp245,2031-04,2031,4,12.224915411526112,13.4145579666305,-1.1896425551043883
CNRM-CERFACS,CNRM-CM6-1-HR,r1i1p1f2,gn,ssp245,2031-05,2031,5,11.334898888052948,12.534864477989109,-1.199965589936161
CNRM-CERFACS,CNRM-CM6-1-HR,r1i1p1f2,gn,ssp245,2031-06,2031,6,9.233839176573198,10.646892197227762,-1.413053020654564
CNRM-CERFACS,CNRM-CM6-1-HR,r1i1p1f2,gn,ssp245,2031-07,2031,7,7.267721266447219,8.302371645186227,-1.0346503787390082
CNRM-CERFACS,CNRM-CM6-1-HR,r1i1p1f2,gn,ssp245,2031-08,2031,8,5.504591329161062,6.616497250710446,-1.1119059215493836
CNRM-CERFACS,CNRM-CM6-1-HR,r1i1p1f2,gn,ssp245,2031-09,2031,9,4.482844462107673,6.128027986007415,-1.6451835238997417
CNRM-CERFACS,CNRM-CM6-1-HR,r1i1p1f2,gn,ssp245,2031-10,2031,10,5.7266231311730476,7.8018119249626015,-2.075188793789554
CNRM-CERFACS,CNRM-CM6-1-HR,r1i1p1f2,gn,ssp245,2031-11,2031,11,8.162114707799939,10.313374480749122,-2.1512597729491834
CNRM-CERFACS,CNRM-CM6-1-HR,r1i1p1f2,gn,ssp245,2031-12,2031,12,10.16486793189593,12.308292384716971,-2.1434244528210407
CNRM-CERFACS,CNRM-CM6-1-HR,r1i1p1f2,gn,ssp245,2032-01,2032,1,11.52323830284759,13.14772849079902,-1.6244901879514302
CNRM-CERFACS,CNRM-CM6-1-HR,r1i1p1f2,gn,ssp245,2032-02,2032,2,12.043513074283005,13.430628146380453,-1.3871150720974477
CNRM-CERFACS,CNRM-CM6-1-HR,r1i1p1f2,gn,ssp245,2032-03,2032,3,12.371871772822185,13.558657284132442,-1.1867855113102568
CNRM-CERFACS,CNRM-CM6-1-HR,r1i1p1f2,gn,ssp245,2032-04,2032,4,12.246134351095318,13.4145579666305,-1.1684236155351826
CNRM-CERFACS,CNRM-CM6-1-HR,r1i1p1f2,gn,ssp245,2032-05,2032,5,11.111849466962111,12.534864477989109,-1.4230150110269975
CNRM-CERFACS,CNRM-CM6-1-HR,r1i1p1f2,gn,ssp245,2032-06,2032,6,8.97249704430792,10.646892197227762,-1.6743951529198426
CNRM-CERFACS,CNRM-CM6-1-HR,r1i1p1f2,gn,ssp245,2032-07,2032,7,6.718456457295968,8.302371645186227,-1.583915187890259
CNRM-CERFACS,CNRM-CM6-1-HR,r1i1p1f2,gn,ssp245,2032-08,2032,8,4.845567770630971,6.616497250710446,-1.7709294800794746
CNRM-CERFACS,CNRM-CM6-1-HR,r1i1p1f2,gn,ssp245,2032-09,2032,9,4.066810103891497,6.128027986007415,-2.0612178821159173
CNRM-CERFACS,CNRM-CM6-1-HR,r1i1p1f2,gn,ssp245,2032-10,2032,10,5.6221908494549115,7.8018119249626015,-2.17962107550769
CNRM-CERFACS,CNRM-CM6-1-HR,r1i1p1f2,gn,ssp245,2032-11,2032,11,8.344930775483167,10.313374480749122,-1.9684437052659547
CNRM-CERFACS,CNRM-CM6-1-HR,r1i1p1f2,gn,ssp245,2032-12,2032,12,10.591140191772666,12.308292384716971,-1.7171521929443045
CNRM-CERFACS,CNRM-CM6-1-HR,r1i1p1f2,gn,ssp245,2033-01,2033,1,11.918189134857048,13.14772849079902,-1.2295393559419718
CNRM-CERFACS,CNRM-CM6-1-HR,r1i1p1f2,gn,ssp245,2033-02,2033,2,12.304096088691985,13.430628146380453,-1.1265320576884683
CNRM-CERFACS,CNRM-CM6-1-HR,r1i1p1f2,gn,ssp245,2033-03,2033,3,12.43484131511844,13.558657284132442,-1.123815969014002
CNRM-CERFACS,CNRM-CM6-1-HR,r1i1p1f2,gn,ssp245,2033-04,2033,4,12.300315826433279,13.4145579666305,-1.1142421401972218
CNRM-CERFACS,CNRM-CM6-1-HR,r1i1p1f2,gn,ssp245,2033-05,2033,5,11.040181583465182,12.534864477989109,-1.494682894523926
CNRM-CERFACS,CNRM-CM6-1-HR,r1i1p1f2,gn,ssp245,2033-06,2033,6,8.664807588511138,10.646892197227762,-1.9820846087166242
CNRM-CERFACS,CNRM-CM6-1-HR,r1i1p1f2,gn,ssp245,2033-07,2033,7,6.4121254197762845,8.302371645186227,-1.8902462254099426
CNRM-CERFACS,CNRM-CM6-1-HR,r1i1p1f2,gn,ssp245,2033-08,2033,8,4.579672681097362,6.616497250710446,-2.036824569613084
CNRM-CERFACS,CNRM-CM6-1-HR,r1i1p1f2,gn,ssp245,2033-09,2033,9,3.8142241827517926,6.128027986007415,-2.313803803255622
CNRM-CERFACS,CNRM-CM6-1-HR,r1i1p1f2,gn,ssp245,2033-10,2033,10,4.81468152896218,7.8018119249626015,-2.9871303960004214
CNRM-CERFACS,CNRM-CM6-1-HR,r1i1p1f2,gn,ssp245,2033-11,2033,11,7.60210469064896,10.313374480749122,-2.711269790100162
CNRM-CERFACS,CNRM-CM6-1-HR,r1i1p1f2,gn,ssp245,2033-12,2033,12,10.113368725134725,12.308292384716971,-2.194923659582246
CNRM-CERFACS,CNRM-CM6-1-HR,r1i1p1f2,gn,ssp245,2034-01,2034,1,11.432530564487328,13.14772849079902,-1.715197926311692
CNRM-CERFACS,CNRM-CM6-1-HR,r1i1p1f2,gn,ssp245,2034-02,2034,2,12.2175178909781,13.430628146380453,-1.2131102554023538
CNRM-CERFACS,CNRM-CM6-1-HR,r1i1p1f2,gn,ssp245,2034-03,2034,3,12.584444855286804,13.558657284132442,-0.9742124288456377
CNRM-CERFACS,CNRM-CM6-1-HR,r1i1p1f2,gn,ssp245,2034-04,2034,4,12.564416745507266,13.4145579666305,-0.8501412211232342
CNRM-CERFACS,CNRM-CM6-1-HR,r1i1p1f2,gn,ssp245,2034-05,2034,5,11.282434933402703,12.534864477989109,-1.2524295445864055
CNRM-CERFACS,CNRM-CM6-1-HR,r1i1p1f2,gn,ssp245,2034-06,2034,6,8.718937533222537,10.646892197227762,-1.9279546640052256
CNRM-CERFACS,CNRM-CM6-1-HR,r1i1p1f2,gn,ssp245,2034-07,2034,7,5.784806499453786,8.302371645186227,-2.5175651457324406
CNRM-CERFACS,CNRM-CM6-1-HR,r1i1p1f2,gn,ssp245,2034-08,2034,8,3.628537021080321,6.616497250710446,-2.987960229630125
CNRM-CERFACS,CNRM-CM6-1-HR,r1i1p1f2,gn,ssp245,2034-09,2034,9,2.996683157250895,6.128027986007415,-3.1313448287565198
CNRM-CERFACS,CNRM-CM6-1-HR,r1i1p1f2,gn,ssp245,2034-10,2034,10,4.22854494534977,7.8018119249626015,-3.573266979612831
CNRM-CERFACS,CNRM-CM6-1-HR,r1i1p1f2,gn,ssp245,2034-11,2034,11,7.248195875184465,10.313374480749122,-3.0651786055646566
CNRM-CERFACS,CNRM-CM6-1-HR,r1i1p1f2,gn,ssp245,2034-12,2034,12,10.337418378501896,12.308292384716971,-1.970874006215075
CNRM-CERFACS,CNRM-CM6-1-HR,r1i1p1f2,gn,ssp245,2035-01,2035,1,11.972657236923666,13.14772849079902,-1.1750712538753536
CNRM-CERFACS,CNRM-CM6-1-HR,r1i1p1f2,gn,ssp245,2035-02,2035,2,12.603998609801836,13.430628146380453,-0.8266295365786167
CNRM-CERFACS,CNRM-CM6-1-HR,r1i1p1f2,gn,ssp245,2035-03,2035,3,12.782770835743065,13.558657284132442,-0.775886448389377
CNRM-CERFACS,CNRM-CM6-1-HR,r1i1p1f2,gn,ssp245,2035-04,2035,4,12.581590839542844,13.4145579666305,-0.832967127087656
CNRM-CERFACS,CNRM-CM6-1-HR,r1i1p1f2,gn,ssp245,2035-05,2035,5,11.512477065778416,12.534864477989109,-1.0223874122106924
CNRM-CERFACS,CNRM-CM6-1-HR,r1i1p1f2,gn,ssp245,2035-06,2035,6,9.076991316018004,10.646892197227762,-1.5699008812097581
CNRM-CERFACS,CNRM-CM6-1-HR,r1i1p1f2,gn,ssp245,2035-07,2035,7,6.037640328388917,8.302371645186227,-2.2647313167973104
CNRM-CERFACS,CNRM-CM6-1-HR,r1i1p1f2,gn,ssp245,2035-08,2035,8,3.785387270029162,6.616497250710446,-2.831109980681284
CNRM-CERFACS,CNRM-CM6-1-HR,r1i1p1f2,gn,ssp245,2035-09,2035,9,2.8648470343216745,6.128027986007415,-3.26318095168574
CNRM-CERFACS,CNRM-CM6-1-HR,r1i1p1f2,gn,ssp245,2035-10,2035,10,3.510158572017261,7.8018119249626015,-4.291653352945341
CNRM-CERFACS,CNRM-CM6-1-HR,r1i1p1f2,gn,ssp245,2035-11,2035,11,6.11766589677691,10.313374480749122,-4.195708583972212
CNRM-CERFACS,CNRM-CM6-1-HR,r1i1p1f2,gn,ssp245,2035-12,2035,12,9.354467558527116,12.308292384716971,-2.953824826189855
CNRM-CERFACS,CNRM-CM6-1-HR,r1i1p1f2,gn,ssp245,2036-01,2036,1,11.439891174936694,13.14772849079902,-1.7078373158623261
CNRM-CERFACS,CNRM-CM6-1-HR,r1i1p1f2,gn,ssp245,2036-02,2036,2,12.423060480447315,13.430628146380453,-1.0075676659331378
CNRM-CERFACS,CNRM-CM6-1-HR,r1i1p1f2,gn,ssp245,2036-03,2036,3,12.821877957544094,13.558657284132442,-0.7367793265883478
CNRM-CERFACS,CNRM-CM6-1-HR,r1i1p1f2,gn,ssp245,2036-04,2036,4,12.57122754531777,13.4145579666305,-0.8433304213127304
CNRM-CERFACS,CNRM-CM6-1-HR,r1i1p1f2,gn,ssp245,2036-05,2036,5,11.254109413893802,12.534864477989109,-1.280755064095306
CNRM-CERFACS,CNRM-CM6-1-HR,r1i1p1f2,gn,ssp245,2036-06,2036,6,8.907240062606038,10.646892197227762,-1.7396521346217249
CNRM-CERFACS,CNRM-CM6-1-HR,r1i1p1f2,gn,ssp245,2036-07,2036,7,6.188150357586555,8.302371645186227,-2.1142212875996718
CNRM-CERFACS,CNRM-CM6-1-HR,r1i1p1f2,gn,ssp245,2036-08,2036,8,3.978028011142658,6.616497250710446,-2.638469239567788
CNRM-CERFACS,CNRM-CM6-1-HR,r1i1p1f2,gn,ssp245,2036-09,2036,9,3.026043710652657,6.128027986007415,-3.1019842753547575
CNRM-CERFACS,CNRM-CM6-1-HR,r1i1p1f2,gn,ssp245,2036-10,2036,10,4.225670046147767,7.8018119249626015,-3.576141878814834
CNRM-CERFACS,CNRM-CM6-1-HR,r1i1p1f2,gn,ssp245,2036-11,2036,11,6.987189090792065,10.313374480749122,-3.3261853899570566
CNRM-CERFACS,CNRM-CM6-1-HR,r1i1p1f2,gn,ssp245,2036-12,2036,12,9.954866641186499,12.308292384716971,-2.3534257435304724
CNRM-CERFACS,CNRM-CM6-1-HR,r1i1p1f2,gn,ssp245,2037-01,2037,1,11.802431853644702,13.14772849079902,-1.345296637154318
CNRM-CERFACS,CNRM-CM6-1-HR,r1i1p1f2,gn,ssp245,2037-02,2037,2,12.60638522607309,13.430628146380453,-0.8242429203073627
CNRM-CERFACS,CNRM-CM6-1-HR,r1i1p1f2,gn,ssp245,2037-03,2037,3,12.677550723813763,13.558657284132442,-0.8811065603186794
CNRM-CERFACS,CNRM-CM6-1-HR,r1i1p1f2,gn,ssp245,2037-04,2037,4,12.480924472022899,13.4145579666305,-0.9336334946076015
CNRM-CERFACS,CNRM-CM6-1-HR,r1i1p1f2,gn,ssp245,2037-05,2037,5,11.288374458124506,12.534864477989109,-1.246490019864602
CNRM-CERFACS,CNRM-CM6-1-HR,r1i1p1f2,gn,ssp245,2037-06,2037,6,8.831635507670809,10.646892197227762,-1.8152566895569535
CNRM-CERFACS,CNRM-CM6-1-HR,r1i1p1f2,gn,ssp245,2037-07,2037,7,6.339766098242937,8.302371645186227,-1.9626055469432897
CNRM-CERFACS,CNRM-CM6-1-HR,r1i1p1f2,gn,ssp245,2037-08,2037,8,4.014541308708519,6.616497250710446,-2.6019559420019274
CNRM-CERFACS,CNRM-CM6-1-HR,r1i1p1f2,gn,ssp245,2037-09,2037,9,3.1391586634851376,6.128027986007415,-2.988869322522277
CNRM-CERFACS,CNRM-CM6-1-HR,r1i1p1f2,gn,ssp245,2037-10,2037,10,4.499911395118598,7.8018119249626015,-3.301900529844003
CNRM-CERFACS,CNRM-CM6-1-HR,r1i1p1f2,gn,ssp245,2037-11,2037,11,7.748408726237414,10.313374480749122,-2.564965754511708
CNRM-CERFACS,CNRM-CM6-1-HR,r1i1p1f2,gn,ssp245,2037-12,2037,12,10.229537689655874,12.308292384716971,-2.0787546950610967
CNRM-CERFACS,CNRM-CM6-1-HR,r1i1p1f2,gn,ssp245,2038-01,2038,1,11.660376885895698,13.14772849079902,-1.4873516049033224
CNRM-CERFACS,CNRM-CM6-1-HR,r1i1p1f2,gn,ssp245,2038-02,2038,2,12.494335044745048,13.430628146380453,-0.936293101635405
CNRM-CERFACS,CNRM-CM6-1-HR,r1i1p1f2,gn,ssp245,2038-03,2038,3,12.796948977882327,13.558657284132442,-0.7617083062501155
CNRM-CERFACS,CNRM-CM6-1-HR,r1i1p1f2,gn,ssp245,2038-04,2038,4,12.587635737950462,13.4145579666305,-0.8269222286800382
CNRM-CERFACS,CNRM-CM6-1-HR,r1i1p1f2,gn,ssp245,2038-05,2038,5,11.328221583833193,12.534864477989109,-1.206642894155916
CNRM-CERFACS,CNRM-CM6-1-HR,r1i1p1f2,gn,ssp245,2038-06,2038,6,8.903713541305894,10.646892197227762,-1.7431786559218683
CNRM-CERFACS,CNRM-CM6-1-HR,r1i1p1f2,gn,ssp245,2038-07,2038,7,6.158955865866959,8.302371645186227,-2.143415779319268
CNRM-CERFACS,CNRM-CM6-1-HR,r1i1p1f2,gn,ssp245,2038-08,2038,8,4.093437527406287,6.616497250710446,-2.5230597233041587
CNRM-CERFACS,CNRM-CM6-1-HR,r1i1p1f2,gn,ssp245,2038-09,2038,9,3.3121090490531,6.128027986007415,-2.8159189369543145
CNRM-CERFACS,CNRM-CM6-1-HR,r1i1p1f2,gn,ssp245,2038-10,2038,10,4.314987236996638,7.8018119249626015,-3.4868246879659637
CNRM-CERFACS,CNRM-CM6-1-HR,r1i1p1f2,gn,ssp245,2038-11,2038,11,7.027820209749614,10.313374480749122,-3.2855542709995076
CNRM-CERFACS,CNRM-CM6-1-HR,r1i1p1f2,gn,ssp245,2038-12,2038,12,10.383522827848283,12.308292384716971,-1.9247695568686876
CNRM-CERFACS,CNRM-CM6-1-HR,r1i1p1f2,gn,ssp245,2039-01,2039,1,12.131896903390038,13.14772849079902,-1.0158315874089823
CNRM-CERFACS,CNRM-CM6-1-HR,r1i1p1f2,gn,ssp245,2039-02,2039,2,12.690803349111139,13.430628146380453,-0.7398247972693142
CNRM-CERFACS,CNRM-CM6-1-HR,r1i1p1f2,gn,ssp245,2039-03,2039,3,12.895248626301616,13.558657284132442,-0.6634086578308267
CNRM-CERFACS,CNRM-CM6-1-HR,r1i1p1f2,gn,ssp245,2039-04,2039,4,12.761875999269089,13.4145579666305,-0.6526819673614117
CNRM-CERFACS,CNRM-CM6-1-HR,r1i1p1f2,gn,ssp245,2039-05,2039,5,11.50531644972826,12.534864477989109,-1.029548028260848
CNRM-CERFACS,CNRM-CM6-1-HR,r1i1p1f2,gn,ssp245,2039-06,2039,6,9.013500736173048,10.646892197227762,-1.633391461054714
CNRM-CERFACS,CNRM-CM6-1-HR,r1i1p1f2,gn,ssp245,2039-07,2039,7,6.254176481963348,8.302371645186227,-2.0481951632228794
CNRM-CERFACS,CNRM-CM6-1-HR,r1i1p1f2,gn,ssp245,2039-08,2039,8,3.9750700045034693,6.616497250710446,-2.6414272462069768
CNRM-CERFACS,CNRM-CM6-1-HR,r1i1p1f2,gn,ssp245,2039-09,2039,9,2.96501454932663,6.128027986007415,-3.1630134366807847
CNRM-CERFACS,CNRM-CM6-1-HR,r1i1p1f2,gn,ssp245,2039-10,2039,10,4.030861113317118,7.8018119249626015,-3.7709508116454833
CNRM-CERFACS,CNRM-CM6-1-HR,r1i1p1f2,gn,ssp245,2039-11,2039,11,7.287936991424293,10.313374480749122,-3.025437489324829
CNRM-CERFACS,CNRM-CM6-1-HR,r1i1p1f2,gn,ssp245,2039-12,2039,12,10.142527054850957,12.308292384716971,-2.165765329866014
CNRM-CERFACS,CNRM-CM6-1-HR,r1i1p1f2,gn,ssp245,2040-01,2040,1,11.745467101378168,13.14772849079902,-1.4022613894208522
CNRM-CERFACS,CNRM-CM6-1-HR,r1i1p1f2,gn,ssp245,2040-02,2040,2,12.38344363055638,13.430628146380453,-1.047184515824073
CNRM-CERFACS,CNRM-CM6-1-HR,r1i1p1f2,gn,ssp245,2040-03,2040,3,12.589249263409954,13.558657284132442,-0.9694080207224882
CNRM-CERFACS,CNRM-CM6-1-HR,r1i1p1f2,gn,ssp245,2040-04,2040,4,12.44806309003036,13.4145579666305,-0.9664948766001409
CNRM-CERFACS,CNRM-CM6-1-HR,r1i1p1f2,gn,ssp245,2040-05,2040,5,11.246090629631361,12.534864477989109,-1.2887738483577476
CNRM-CERFACS,CNRM-CM6-1-HR,r1i1p1f2,gn,ssp245,2040-06,2040,6,9.174857831592464,10.646892197227762,-1.4720343656352988
CNRM-CERFACS,CNRM-CM6-1-HR,r1i1p1f2,gn,ssp245,2040-07,2040,7,6.578068712445245,8.302371645186227,-1.724302932740982
CNRM-CERFACS,CNRM-CM6-1-HR,r1i1p1f2,gn,ssp245,2040-08,2040,8,4.623384895866645,6.616497250710446,-1.9931123548438014
CNRM-CERFACS,CNRM-CM6-1-HR,r1i1p1f2,gn,ssp245,2040-09,2040,9,3.733306719915583,6.128027986007415,-2.394721266091832
CNRM-CERFACS,CNRM-CM6-1-HR,r1i1p1f2,gn,ssp245,2040-10,2040,10,4.834384647193239,7.8018119249626015,-2.967427277769363
CNRM-CERFACS,CNRM-CM6-1-HR,r1i1p1f2,gn,ssp245,2040-11,2040,11,7.751426497800114,10.313374480749122,-2.5619479829490075
CNRM-CERFACS,CNRM-CM6-1-HR,r1i1p1f2,gn,ssp245,2040-12,2040,12,10.319061834844264,12.308292384716971,-1.9892305498727065
CNRM-CERFACS,CNRM-CM6-1-HR,r1i1p1f2,gn,ssp245,2041-01,2041,1,12.096877956008504,13.14772849079902,-1.0508505347905164
CNRM-CERFACS,CNRM-CM6-1-HR,r1i1p1f2,gn,ssp245,2041-02,2041,2,12.352654183335144,13.430628146380453,-1.0779739630453093
CNRM-CERFACS,CNRM-CM6-1-HR,r1i1p1f2,gn,ssp245,2041-03,2041,3,12.523569180864188,13.558657284132442,-1.0350881032682544
CNRM-CERFACS,CNRM-CM6-1-HR,r1i1p1f2,gn,ssp245,2041-04,2041,4,12.253470073094707,13.4145579666305,-1.1610878935357931
CNRM-CERFACS,CNRM-CM6-1-HR,r1i1p1f2,gn,ssp245,2041-05,2041,5,11.033306285848104,12.534864477989109,-1.5015581921410046
CNRM-CERFACS,CNRM-CM6-1-HR,r1i1p1f2,gn,ssp245,2041-06,2041,6,8.822220725457953,10.646892197227762,-1.8246714717698094
CNRM-CERFACS,CNRM-CM6-1-HR,r1i1p1f2,gn,ssp245,2041-07,2041,7,6.262668914508402,8.302371645186227,-2.039702730677825
CNRM-CERFACS,CNRM-CM6-1-HR,r1i1p1f2,gn,ssp245,2041-08,2041,8,4.004752867612536,6.616497250710446,-2.6117443830979097
CNRM-CERFACS,CNRM-CM6-1-HR,r1i1p1f2,gn,ssp245,2041-09,2041,9,3.226969791132448,6.128027986007415,-2.9010581948749667
CNRM-CERFACS,CNRM-CM6-1-HR,r1i1p1f2,gn,ssp245,2041-10,2041,10,4.008471627012723,7.8018119249626015,-3.7933402979498787
CNRM-CERFACS,CNRM-CM6-1-HR,r1i1p1f2,gn,ssp245,2041-11,2041,11,6.659934764227385,10.313374480749122,-3.6534397165217367
CNRM-CERFACS,CNRM-CM6-1-HR,r1i1p1f2,gn,ssp245,2041-12,2041,12,9.741714620044862,12.308292384716971,-2.5665777646721093
CNRM-CERFACS,CNRM-CM6-1-HR,r1i1p1f2,gn,ssp245,2042-01,2042,1,11.542140170415719,13.14772849079902,-1.6055883203833012
CNRM-CERFACS,CNRM-CM6-1-HR,r1i1p1f2,gn,ssp245,2042-02,2042,2,12.113648573244728,13.430628146380453,-1.3169795731357254
CNRM-CERFACS,CNRM-CM6-1-HR,r1i1p1f2,gn,ssp245,2042-03,2042,3,12.427429536991841,13.558657284132442,-1.131227747140601
CNRM-CERFACS,CNRM-CM6-1-HR,r1i1p1f2,gn,ssp245,2042-04,2042,4,12.29799041538552,13.4145579666305,-1.1165675512449802
CNRM-CERFACS,CNRM-CM6-1-HR,r1i1p1f2,gn,ssp245,2042-05,2042,5,11.138976771414898,12.534864477989109,-1.3958877065742108
CNRM-CERFACS,CNRM-CM6-1-HR,r1i1p1f2,gn,ssp245,2042-06,2042,6,8.981722793452182,10.646892197227762,-1.6651694037755806
CNRM-CERFACS,CNRM-CM6-1-HR,r1i1p1f2,gn,ssp245,2042-07,2042,7,6.924230709764263,8.302371645186227,-1.378140935421964
CNRM-CERFACS,CNRM-CM6-1-HR,r1i1p1f2,gn,ssp245,2042-08,2042,8,4.731759537211944,6.616497250710446,-1.8847377134985024
CNRM-CERFACS,CNRM-CM6-1-HR,r1i1p1f2,gn,ssp245,2042-09,2042,9,3.8807130249215613,6.128027986007415,-2.2473149610858534
CNRM-CERFACS,CNRM-CM6-1-HR,r1i1p1f2,gn,ssp245,2042-10,2042,10,5.278976260588613,7.8018119249626015,-2.5228356643739884
CNRM-CERFACS,CNRM-CM6-1-HR,r1i1p1f2,gn,ssp245,2042-11,2042,11,8.03970434579154,10.313374480749122,-2.273670134957582
CNRM-CERFACS,CNRM-CM6-1-HR,r1i1p1f2,gn,ssp245,2042-12,2042,12,10.059793520712054,12.308292384716971,-2.248498864004917
CNRM-CERFACS,CNRM-CM6-1-HR,r1i1p1f2,gn,ssp245,2043-01,2043,1,11.62505307694262,13.14772849079902,-1.5226754138563994
CNRM-CERFACS,CNRM-CM6-1-HR,r1i1p1f2,gn,ssp245,2043-02,2043,2,12.321523961460159,13.430628146380453,-1.1091041849202945
CNRM-CERFACS,CNRM-CM6-1-HR,r1i1p1f2,gn,ssp245,2043-03,2043,3,12.561965487523482,13.558657284132442,-0.9966917966089603
CNRM-CERFACS,CNRM-CM6-1-HR,r1i1p1f2,gn,ssp245,2043-04,2043,4,12.453581018577019,13.4145579666305,-0.9609769480534816
CNRM-CERFACS,CNRM-CM6-1-HR,r1i1p1f2,gn,ssp245,2043-05,2043,5,11.296114611846638,12.534864477989109,-1.23874986614247
CNRM-CERFACS,CNRM-CM6-1-HR,r1i1p1f2,gn,ssp245,2043-06,2043,6,9.105622874088091,10.646892197227762,-1.5412693231396712
CNRM-CERFACS,CNRM-CM6-1-HR,r1i1p1f2,gn,ssp245,2043-07,2043,7,6.681539531875209,8.302371645186227,-1.6208321133110184
CNRM-CERFACS,CNRM-CM6-1-HR,r1i1p1f2,gn,ssp245,2043-08,2043,8,4.179111765563277,6.616497250710446,-2.4373854851471695
CNRM-CERFACS,CNRM-CM6-1-HR,r1i1p1f2,gn,ssp245,2043-09,2043,9,2.919792879635446,6.128027986007415,-3.2082351063719687
CNRM-CERFACS,CNRM-CM6-1-HR,r1i1p1f2,gn,ssp245,2043-10,2043,10,4.307479077976794,7.8018119249626015,-3.4943328469858077
CNRM-CERFACS,CNRM-CM6-1-HR,r1i1p1f2,gn,ssp245,2043-11,2043,11,7.744700263759858,10.313374480749122,-2.5686742169892636
CNRM-CERFACS,CNRM-CM6-1-HR,r1i1p1f2,gn,ssp245,2043-12,2043,12,10.19488271590147,12.308292384716971,-2.1134096688155015
CNRM-CERFACS,CNRM-CM6-1-HR,r1i1p1f2,gn,ssp245,2044-01,2044,1,11.881429718705805,13.14772849079902,-1.266298772093215
CNRM-CERFACS,CNRM-CM6-1-HR,r1i1p1f2,gn,ssp245,2044-02,2044,2,12.57467512799069,13.430628146380453,-0.8559530183897639
CNRM-CERFACS,CNRM-CM6-1-HR,r1i1p1f2,gn,ssp245,2044-03,2044,3,12.675773866059517,13.558657284132442,-0.8828834180729253
CNRM-CERFACS,CNRM-CM6-1-HR,r1i1p1f2,gn,ssp245,2044-04,2044,4,12.213158318243167,13.4145579666305,-1.2013996483873335
CNRM-CERFACS,CNRM-CM6-1-HR,r1i1p1f2,gn,ssp245,2044-05,2044,5,11.094222138828222,12.534864477989109,-1.4406423391608865
CNRM-CERFACS,CNRM-CM6-1-HR,r1i1p1f2,gn,ssp245,2044-06,2044,6,8.56822660997314,10.646892197227762,-2.0786655872546227
CNRM-CERFACS,CNRM-CM6-1-HR,r1i1p1f2,gn,ssp245,2044-07,2044,7,6.06179853548934,8.302371645186227,-2.2405731096968875
CNRM-CERFACS,CNRM-CM6-1-HR,r1i1p1f2,gn,ssp245,2044-08,2044,8,3.8576478102314393,6.616497250710446,-2.7588494404790067
CNRM-CERFACS,CNRM-CM6-1-HR,r1i1p1f2,gn,ssp245,2044-09,2044,9,2.9672194589731204,6.128027986007415,-3.1608085270342943
CNRM-CERFACS,CNRM-CM6-1-HR,r1i1p1f2,gn,ssp245,2044-10,2044,10,3.935404491139747,7.8018119249626015,-3.8664074338228542
CNRM-CERFACS,CNRM-CM6-1-HR,r1i1p1f2,gn,ssp245,2044-11,2044,11,7.103893116723486,10.313374480749122,-3.2094813640256357
CNRM-CERFACS,CNRM-CM6-1-HR,r1i1p1f2,gn,ssp245,2044-12,2044,12,9.709772507689067,12.308292384716971,-2.598519877027904
CNRM-CERFACS,CNRM-CM6-1-HR,r1i1p1f2,gn,ssp245,2045-01,2045,1,11.477877779669885,13.14772849079902,-1.6698507111291345
CNRM-CERFACS,CNRM-CM6-1-HR,r1i1p1f2,gn,ssp245,2045-02,2045,2,12.178145444857938,13.430628146380453,-1.2524827015225153
CNRM-CERFACS,CNRM-CM6-1-HR,r1i1p1f2,gn,ssp245,2045-03,2045,3,12.328070598021664,13.558657284132442,-1.2305866861107777
CNRM-CERFACS,CNRM-CM6-1-HR,r1i1p1f2,gn,ssp245,2045-04,2045,4,12.160191630722437,13.4145579666305,-1.2543663359080632
CNRM-CERFACS,CNRM-CM6-1-HR,r1i1p1f2,gn,ssp245,2045-05,2045,5,10.892407283394729,12.534864477989109,-1.64245719459438
CNRM-CERFACS,CNRM-CM6-1-HR,r1i1p1f2,gn,ssp245,2045-06,2045,6,8.328443416278148,10.646892197227762,-2.3184487809496144
CNRM-CERFACS,CNRM-CM6-1-HR,r1i1p1f2,gn,ssp245,2045-07,2045,7,6.0096523399690565,8.302371645186227,-2.2927193052171706
CNRM-CERFACS,CNRM-CM6-1-HR,r1i1p1f2,gn,ssp245,2045-08,2045,8,4.082509693470062,6.616497250710446,-2.5339875572403843
CNRM-CERFACS,CNRM-CM6-1-HR,r1i1p1f2,gn,ssp245,2045-09,2045,9,3.33689411777116,6.128027986007415,-2.7911338682362548
CNRM-CERFACS,CNRM-CM6-1-HR,r1i1p1f2,gn,ssp245,2045-10,2045,10,4.5168474603114355,7.8018119249626015,-3.284964464651166
CNRM-CERFACS,CNRM-CM6-1-HR,r1i1p1f2,gn,ssp245,2045-11,2045,11,7.056584383479111,10.313374480749122,-3.2567900972700112
CNRM-CERFACS,CNRM-CM6-1-HR,r1i1p1f2,gn,ssp245,2045-12,2045,12,9.67718347520351,12.308292384716971,-2.631108909513461
CNRM-CERFACS,CNRM-CM6-1-HR,r1i1p1f2,gn,ssp245,2046-01,2046,1,11.746597070866718,13.14772849079902,-1.4011314199323017
CNRM-CERFACS,CNRM-CM6-1-HR,r1i1p1f2,gn,ssp245,2046-02,2046,2,12.453110826050088,13.430628146380453,-0.9775173203303655
CNRM-CERFACS,CNRM-CM6-1-HR,r1i1p1f2,gn,ssp245,2046-03,2046,3,12.516378938592112,13.558657284132442,-1.0422783455403302
CNRM-CERFACS,CNRM-CM6-1-HR,r1i1p1f2,gn,ssp245,2046-04,2046,4,12.118125871437902,13.4145579666305,-1.296432095192598
CNRM-CERFACS,CNRM-CM6-1-HR,r1i1p1f2,gn,ssp245,2046-05,2046,5,11.007466257128396,12.534864477989109,-1.5273982208607126
CNRM-CERFACS,CNRM-CM6-1-HR,r1i1p1f2,gn,ssp245,2046-06,2046,6,8.509596749975465,10.646892197227762,-2.1372954472522974
CNRM-CERFACS,CNRM-CM6-1-HR,r1i1p1f2,gn,ssp245,2046-07,2046,7,5.888495988746627,8.302371645186227,-2.4138756564396004
CNRM-CERFACS,CNRM-CM6-1-HR,r1i1p1f2,gn,ssp245,2046-08,2046,8,3.4308683122516346,6.616497250710446,-3.1856289384588115
CNRM-CERFACS,CNRM-CM6-1-HR,r1i1p1f2,gn,ssp245,2046-09,2046,9,2.313501132992291,6.128027986007415,-3.8145268530151237
CNRM-CERFACS,CNRM-CM6-1-HR,r1i1p1f2,gn,ssp245,2046-10,2046,10,3.811474671282781,7.8018119249626015,-3.9903372536798205
CNRM-CERFACS,CNRM-CM6-1-HR,r1i1p1f2,gn,ssp245,2046-11,2046,11,6.871191089187808,10.313374480749122,-3.442183391561314
CNRM-CERFACS,CNRM-CM6-1-HR,r1i1p1f2,gn,ssp245,2046-12,2046,12,10.15108960002804,12.308292384716971,-2.1572027846889306
CNRM-CERFACS,CNRM-CM6-1-HR,r1i1p1f2,gn,ssp245,2047-01,2047,1,11.647269684011107,13.14772849079902,-1.500458806787913
CNRM-CERFACS,CNRM-CM6-1-HR,r1i1p1f2,gn,ssp245,2047-02,2047,2,12.335712565467894,13.430628146380453,-1.0949155809125592
CNRM-CERFACS,CNRM-CM6-1-HR,r1i1p1f2,gn,ssp245,2047-03,2047,3,12.443543205540477,13.558657284132442,-1.115114078591965
CNRM-CERFACS,CNRM-CM6-1-HR,r1i1p1f2,gn,ssp245,2047-04,2047,4,12.084269461351383,13.4145579666305,-1.3302885052791176
CNRM-CERFACS,CNRM-CM6-1-HR,r1i1p1f2,gn,ssp245,2047-05,2047,5,10.737667269120742,12.534864477989109,-1.7971972088683668
CNRM-CERFACS,CNRM-CM6-1-HR,r1i1p1f2,gn,ssp245,2047-06,2047,6,8.409807897845822,10.646892197227762,-2.237084299381941
CNRM-CERFACS,CNRM-CM6-1-HR,r1i1p1f2,gn,ssp245,2047-07,2047,7,5.923639610595343,8.302371645186227,-2.3787320345908842
CNRM-CERFACS,CNRM-CM6-1-HR,r1i1p1f2,gn,ssp245,2047-08,2047,8,4.043747628184602,6.616497250710446,-2.572749622525844
CNRM-CERFACS,CNRM-CM6-1-HR,r1i1p1f2,gn,ssp245,2047-09,2047,9,3.2639731013873243,6.128027986007415,-2.8640548846200904
CNRM-CERFACS,CNRM-CM6-1-HR,r1i1p1f2,gn,ssp245,2047-10,2047,10,3.549806965683327,7.8018119249626015,-4.252004959279274
CNRM-CERFACS,CNRM-CM6-1-HR,r1i1p1f2,gn,ssp245,2047-11,2047,11,6.161990184857555,10.313374480749122,-4.1513842958915665
CNRM-CERFACS,CNRM-CM6-1-HR,r1i1p1f2,gn,ssp245,2047-12,2047,12,9.809359371566766,12.308292384716971,-2.4989330131502054
CNRM-CERFACS,CNRM-CM6-1-HR,r1i1p1f2,gn,ssp245,2048-01,2048,1,11.402122931892423,13.14772849079902,-1.7456055589065969
CNRM-CERFACS,CNRM-CM6-1-HR,r1i1p1f2,gn,ssp245,2048-02,2048,2,12.18672536738723,13.430628146380453,-1.243902778993224
CNRM-CERFACS,CNRM-CM6-1-HR,r1i1p1f2,gn,ssp245,2048-03,2048,3,12.33166869430669,13.558657284132442,-1.2269885898257513
CNRM-CERFACS,CNRM-CM6-1-HR,r1i1p1f2,gn,ssp245,2048-04,2048,4,11.894471445402838,13.4145579666305,-1.5200865212276629
CNRM-CERFACS,CNRM-CM6-1-HR,r1i1p1f2,gn,ssp245,2048-05,2048,5,10.498282861380268,12.534864477989109,-2.0365816166088404
CNRM-CERFACS,CNRM-CM6-1-HR,r1i1p1f2,gn,ssp245,2048-06,2048,6,8.12849425717336,10.646892197227762,-2.5183979400544025
CNRM-CERFACS,CNRM-CM6-1-HR,r1i1p1f2,gn,ssp245,2048-07,2048,7,6.209252423729412,8.302371645186227,-2.0931192214568153
CNRM-CERFACS,CNRM-CM6-1-HR,r1i1p1f2,gn,ssp245,2048-08,2048,8,4.671331724490114,6.616497250710446,-1.9451655262203325
CNRM-CERFACS,CNRM-CM6-1-HR,r1i1p1f2,gn,ssp245,2048-09,2048,9,3.928143429059016,6.128027986007415,-2.199884556948399
CNRM-CERFACS,CNRM-CM6-1-HR,r1i1p1f2,gn,ssp245,2048-10,2048,10,5.324444878933736,7.8018119249626015,-2.4773670460288653
CNRM-CERFACS,CNRM-CM6-1-HR,r1i1p1f2,gn,ssp245,2048-11,2048,11,7.495361278405204,10.313374480749122,-2.818013202343918
CNRM-CERFACS,CNRM-CM6-1-HR,r1i1p1f2,gn,ssp245,2048-12,2048,12,9.920511099248033,12.308292384716971,-2.3877812854689378
CNRM-CERFACS,CNRM-CM6-1-HR,r1i1p1f2,gn,ssp245,2049-01,2049,1,11.349773137802742,13.14772849079902,-1.7979553529962775
CNRM-CERFACS,CNRM-CM6-1-HR,r1i1p1f2,gn,ssp245,2049-02,2049,2,12.076375124714186,13.430628146380453,-1.354253021666267
CNRM-CERFACS,CNRM-CM6-1-HR,r1i1p1f2,gn,ssp245,2049-03,2049,3,12.431183969965755,13.558657284132442,-1.1274733141666875
CNRM-CERFACS,CNRM-CM6-1-HR,r1i1p1f2,gn,ssp245,2049-04,2049,4,12.140954925682085,13.4145579666305,-1.2736030409484158
CNRM-CERFACS,CNRM-CM6-1-HR,r1i1p1f2,gn,ssp245,2049-05,2049,5,10.910422904504772,12.534864477989109,-1.6244415734843365
CNRM-CERFACS,CNRM-CM6-1-HR,r1i1p1f2,gn,ssp245,2049-06,2049,6,8.592276927786035,10.646892197227762,-2.0546152694417277
CNRM-CERFACS,CNRM-CM6-1-HR,r1i1p1f2,gn,ssp245,2049-07,2049,7,6.212055682256004,8.302371645186227,-2.090315962930223
CNRM-CERFACS,CNRM-CM6-1-HR,r1i1p1f2,gn,ssp245,2049-08,2049,8,4.430911513620379,6.616497250710446,-2.185585737090067
CNRM-CERFACS,CNRM-CM6-1-HR,r1i1p1f2,gn,ssp245,2049-09,2049,9,3.9020351558857826,6.128027986007415,-2.225992830121632
CNRM-CERFACS,CNRM-CM6-1-HR,r1i1p1f2,gn,ssp245,2049-10,2049,10,4.652134452144963,7.8018119249626015,-3.149677472817639
CNRM-CERFACS,CNRM-CM6-1-HR,r1i1p1f2,gn,ssp245,2049-11,2049,11,7.068356384079152,10.313374480749122,-3.2450180966699698
CNRM-CERFACS,CNRM-CM6-1-HR,r1i1p1f2,gn,ssp245,2049-12,2049,12,9.672681055152045,12.308292384716971,-2.6356113295649255
CNRM-CERFACS,CNRM-CM6-1-HR,r1i1p1f2,gn,ssp245,2050-01,2050,1,11.358122187623797,13.14772849079902,-1.7896063031752227
CNRM-CERFACS,CNRM-CM6-1-HR,r1i1p1f2,gn,ssp245,2050-02,2050,2,11.776913496058777,13.430628146380453,-1.6537146503216764
CNRM-CERFACS,CNRM-CM6-1-HR,r1i1p1f2,gn,ssp245,2050-03,2050,3,11.965636002065287,13.558657284132442,-1.5930212820671557
CNRM-CERFACS,CNRM-CM6-1-HR,r1i1p1f2,gn,ssp245,2050-04,2050,4,11.770297015438695,13.4145579666305,-1.6442609511918054
CNRM-CERFACS,CNRM-CM6-1-HR,r1i1p1f2,gn,ssp245,2050-05,2050,5,10.56105323354594,12.534864477989109,-1.9738112444431692
CNRM-CERFACS,CNRM-CM6-1-HR,r1i1p1f2,gn,ssp245,2050-06,2050,6,8.266215942587438,10.646892197227762,-2.380676254640324
CNRM-CERFACS,CNRM-CM6-1-HR,r1i1p1f2,gn,ssp245,2050-07,2050,7,5.990545478240326,8.302371645186227,-2.3118261669459015
CNRM-CERFACS,CNRM-CM6-1-HR,r1i1p1f2,gn,ssp245,2050-08,2050,8,4.395039286434313,6.616497250710446,-2.2214579642761327
CNRM-CERFACS,CNRM-CM6-1-HR,r1i1p1f2,gn,ssp245,2050-09,2050,9,3.5348150432234973,6.128027986007415,-2.5932129427839175
CNRM-CERFACS,CNRM-CM6-1-HR,r1i1p1f2,gn,ssp245,2050-10,2050,10,4.409180204854937,7.8018119249626015,-3.392631720107665
CNRM-CERFACS,CNRM-CM6-1-HR,r1i1p1f2,gn,ssp245,2050-11,2050,11,6.680927329974754,10.313374480749122,-3.632447150774368
CNRM-CERFACS,CNRM-CM6-1-HR,r1i1p1f2,gn,ssp245,2050-12,2050,12,9.543452547068807,12.308292384716971,-2.7648398376481644
CNRM-CERFACS,CNRM-CM6-1-HR,r1i1p1f2,gn,ssp245,2051-01,2051,1,11.33399190929691,13.14772849079902,-1.8137365815021091
CNRM-CERFACS,CNRM-CM6-1-HR,r1i1p1f2,gn,ssp245,2051-02,2051,2,11.968367809401098,13.430628146380453,-1.4622603369793552
CNRM-CERFACS,CNRM-CM6-1-HR,r1i1p1f2,gn,ssp245,2051-03,2051,3,12.052859845083542,13.558657284132442,-1.5057974390488997
CNRM-CERFACS,CNRM-CM6-1-HR,r1i1p1f2,gn,ssp245,2051-04,2051,4,11.775120493353104,13.4145579666305,-1.6394374732773969
CNRM-CERFACS,CNRM-CM6-1-HR,r1i1p1f2,gn,ssp245,2051-05,2051,5,10.647665059512555,12.534864477989109,-1.8871994184765537
CNRM-CERFACS,CNRM-CM6-1-HR,r1i1p1f2,gn,ssp245,2051-06,2051,6,8.45596967708885,10.646892197227762,-2.190922520138912
CNRM-CERFACS,CNRM-CM6-1-HR,r1i1p1f2,gn,ssp245,2051-07,2051,7,6.276264519479907,8.302371645186227,-2.0261071257063197
CNRM-CERFACS,CNRM-CM6-1-HR,r1i1p1f2,gn,ssp245,2051-08,2051,8,4.190482497854382,6.616497250710446,-2.426014752856064
CNRM-CERFACS,CNRM-CM6-1-HR,r1i1p1f2,gn,ssp245,2051-09,2051,9,3.107339336988459,6.128027986007415,-3.0206886490189557
CNRM-CERFACS,CNRM-CM6-1-HR,r1i1p1f2,gn,ssp245,2051-10,2051,10,4.284040123080009,7.8018119249626015,-3.517771801882592
CNRM-CERFACS,CNRM-CM6-1-HR,r1i1p1f2,gn,ssp245,2051-11,2051,11,6.55133183563539,10.313374480749122,-3.7620426451137323
CNRM-CERFACS,CNRM-CM6-1-HR,r1i1p1f2,gn,ssp245,2051-12,2051,12,9.021248574354363,12.308292384716971,-3.287043810362608
CNRM-CERFACS,CNRM-CM6-1-HR,r1i1p1f2,gn,ssp245,2052-01,2052,1,10.606215710647456,13.14772849079902,-2.541512780151564
CNRM-CERFACS,CNRM-CM6-1-HR,r1i1p1f2,gn,ssp245,2052-02,2052,2,11.580016666391275,13.430628146380453,-1.850611479989178
CNRM-CERFACS,CNRM-CM6-1-HR,r1i1p1f2,gn,ssp245,2052-03,2052,3,11.994208504953344,13.558657284132442,-1.5644487791790986
CNRM-CERFACS,CNRM-CM6-1-HR,r1i1p1f2,gn,ssp245,2052-04,2052,4,11.701013302464458,13.4145579666305,-1.713544664166042
CNRM-CERFACS,CNRM-CM6-1-HR,r1i1p1f2,gn,ssp245,2052-05,2052,5,10.184651261700822,12.534864477989109,-2.350213216288287
CNRM-CERFACS,CNRM-CM6-1-HR,r1i1p1f2,gn,ssp245,2052-06,2052,6,8.116332517290807,10.646892197227762,-2.530559679936955
CNRM-CERFACS,CNRM-CM6-1-HR,r1i1p1f2,gn,ssp245,2052-07,2052,7,5.751284445126077,8.302371645186227,-2.5510872000601497
CNRM-CERFACS,CNRM-CM6-1-HR,r1i1p1f2,gn,ssp245,2052-08,2052,8,3.373385808746296,6.616497250710446,-3.24311144196415
CNRM-CERFACS,CNRM-CM6-1-HR,r1i1p1f2,gn,ssp245,2052-09,2052,9,2.3910421132089326,6.128027986007415,-3.736985872798482
CNRM-CERFACS,CNRM-CM6-1-HR,r1i1p1f2,gn,ssp245,2052-10,2052,10,2.8687317793800955,7.8018119249626015,-4.933080145582506
CNRM-CERFACS,CNRM-CM6-1-HR,r1i1p1f2,gn,ssp245,2052-11,2052,11,5.997311774634928,10.313374480749122,-4.316062706114194
CNRM-CERFACS,CNRM-CM6-1-HR,r1i1p1f2,gn,ssp245,2052-12,2052,12,8.506644207450474,12.308292384716971,-3.8016481772664967
CNRM-CERFACS,CNRM-CM6-1-HR,r1i1p1f2,gn,ssp245,2053-01,2053,1,10.485831421839734,13.14772849079902,-2.661897068959286
CNRM-CERFACS,CNRM-CM6-1-HR,r1i1p1f2,gn,ssp245,2053-02,2053,2,11.406036998011228,13.430628146380453,-2.0245911483692254
CNRM-CERFACS,CNRM-CM6-1-HR,r1i1p1f2,gn,ssp245,2053-03,2053,3,11.651436796010717,13.558657284132442,-1.907220488121725
CNRM-CERFACS,CNRM-CM6-1-HR,r1i1p1f2,gn,ssp245,2053-04,2053,4,11.38374260515467,13.4145579666305,-2.030815361475831
CNRM-CERFACS,CNRM-CM6-1-HR,r1i1p1f2,gn,ssp245,2053-05,2053,5,10.14211409151141,12.534864477989109,-2.392750386477699
CNRM-CERFACS,CNRM-CM6-1-HR,r1i1p1f2,gn,ssp245,2053-06,2053,6,7.894783787062595,10.646892197227762,-2.7521084101651674
CNRM-CERFACS,CNRM-CM6-1-HR,r1i1p1f2,gn,ssp245,2053-07,2053,7,5.60408287871245,8.302371645186227,-2.6982887664737767
CNRM-CERFACS,CNRM-CM6-1-HR,r1i1p1f2,gn,ssp245,2053-08,2053,8,3.352887047763943,6.616497250710446,-3.263610202946503
CNRM-CERFACS,CNRM-CM6-1-HR,r1i1p1f2,gn,ssp245,2053-09,2053,9,2.400000590356491,6.128027986007415,-3.7280273956509236
CNRM-CERFACS,CNRM-CM6-1-HR,r1i1p1f2,gn,ssp245,2053-10,2053,10,3.278255033423074,7.8018119249626015,-4.523556891539528
CNRM-CERFACS,CNRM-CM6-1-HR,r1i1p1f2,gn,ssp245,2053-11,2053,11,5.758621955673651,10.313374480749122,-4.554752525075471
CNRM-CERFACS,CNRM-CM6-1-HR,r1i1p1f2,gn,ssp245,2053-12,2053,12,8.860344133704576,12.308292384716971,-3.447948251012395
CNRM-CERFACS,CNRM-CM6-1-HR,r1i1p1f2,gn,ssp245,2054-01,2054,1,10.639143679072037,13.14772849079902,-2.5085848117269833
CNRM-CERFACS,CNRM-CM6-1-HR,r1i1p1f2,gn,ssp245,2054-02,2054,2,11.47178705291435,13.430628146380453,-1.9588410934661038
CNRM-CERFACS,CNRM-CM6-1-HR,r1i1p1f2,gn,ssp245,2054-03,2054,3,11.911342866990092,13.558657284132442,-1.6473144171423506
CNRM-CERFACS,CNRM-CM6-1-HR,r1i1p1f2,gn,ssp245,2054-04,2054,4,11.799578197891611,13.4145579666305,-1.6149797687388894
CNRM-CERFACS,CNRM-CM6-1-HR,r1i1p1f2,gn,ssp245,2054-05,2054,5,10.466120163071528,12.534864477989109,-2.0687443149175806
CNRM-CERFACS,CNRM-CM6-1-HR,r1i1p1f2,gn,ssp245,2054-06,2054,6,8.369316643792631,10.646892197227762,-2.277575553435131
CNRM-CERFACS,CNRM-CM6-1-HR,r1i1p1f2,gn,ssp245,2054-07,2054,7,6.068592991244185,8.302371645186227,-2.233778653942042
CNRM-CERFACS,CNRM-CM6-1-HR,r1i1p1f2,gn,ssp245,2054-08,2054,8,3.855280626489519,6.616497250710446,-2.761216624220927
CNRM-CERFACS,CNRM-CM6-1-HR,r1i1p1f2,gn,ssp245,2054-09,2054,9,2.543737257523525,6.128027986007415,-3.58429072848389
CNRM-CERFACS,CNRM-CM6-1-HR,r1i1p1f2,gn,ssp245,2054-10,2054,10,3.617220374321648,7.8018119249626015,-4.1845915506409535
CNRM-CERFACS,CNRM-CM6-1-HR,r1i1p1f2,gn,ssp245,2054-11,2054,11,6.726720849222566,10.313374480749122,-3.5866536315265556
CNRM-CERFACS,CNRM-CM6-1-HR,r1i1p1f2,gn,ssp245,2054-12,2054,12,9.588266152194056,12.308292384716971,-2.7200262325229154
CNRM-CERFACS,CNRM-CM6-1-HR,r1i1p1f2,gn,ssp245,2055-01,2055,1,11.144340429102044,13.14772849079902,-2.0033880616969757
CNRM-CERFACS,CNRM-CM6-1-HR,r1i1p1f2,gn,ssp245,2055-02,2055,2,11.683169877906389,13.430628146380453,-1.7474582684740643
CNRM-CERFACS,CNRM-CM6-1-HR,r1i1p1f2,gn,ssp245,2055-03,2055,3,12.025482974239718,13.558657284132442,-1.5331743098927237
CNRM-CERFACS,CNRM-CM6-1-HR,r1i1p1f2,gn,ssp245,2055-04,2055,4,11.791352141593803,13.4145579666305,-1.6232058250366972
CNRM-CERFACS,CNRM-CM6-1-HR,r1i1p1f2,gn,ssp245,2055-05,2055,5,10.402682713553636,12.534864477989109,-2.1321817644354724
CNRM-CERFACS,CNRM-CM6-1-HR,r1i1p1f2,gn,ssp245,2055-06,2055,6,8.243973218617766,10.646892197227762,-2.4029189786099963
CNRM-CERFACS,CNRM-CM6-1-HR,r1i1p1f2,gn,ssp245,2055-07,2055,7,5.935811415860875,8.302371645186227,-2.3665602293253523
CNRM-CERFACS,CNRM-CM6-1-HR,r1i1p1f2,gn,ssp245,2055-08,2055,8,3.707045818192473,6.616497250710446,-2.9094514325179732
CNRM-CERFACS,CNRM-CM6-1-HR,r1i1p1f2,gn,ssp245,2055-09,2055,9,2.678794390602068,6.128027986007415,-3.449233595405347
CNRM-CERFACS,CNRM-CM6-1-HR,r1i1p1f2,gn,ssp245,2055-10,2055,10,3.3452314449711835,7.8018119249626015,-4.456580479991418
CNRM-CERFACS,CNRM-CM6-1-HR,r1i1p1f2,gn,ssp245,2055-11,2055,11,6.100050765372506,10.313374480749122,-4.213323715376616
CNRM-CERFACS,CNRM-CM6-1-HR,r1i1p1f2,gn,ssp245,2055-12,2055,12,9.513164459000818,12.308292384716971,-2.7951279257161534
CNRM-CERFACS,CNRM-CM6-1-HR,r1i1p1f2,gn,ssp245,2056-01,2056,1,11.119180806725222,13.14772849079902,-2.028547684073798
CNRM-CERFACS,CNRM-CM6-1-HR,r1i1p1f2,gn,ssp245,2056-02,2056,2,11.790390569112434,13.430628146380453,-1.640237577268019
CNRM-CERFACS,CNRM-CM6-1-HR,r1i1p1f2,gn,ssp245,2056-03,2056,3,12.179234123274737,13.558657284132442,-1.379423160857705
CNRM-CERFACS,CNRM-CM6-1-HR,r1i1p1f2,gn,ssp245,2056-04,2056,4,11.816263004370983,13.4145579666305,-1.5982949622595175
CNRM-CERFACS,CNRM-CM6-1-HR,r1i1p1f2,gn,ssp245,2056-05,2056,5,10.438212101370361,12.534864477989109,-2.0966523766187475
CNRM-CERFACS,CNRM-CM6-1-HR,r1i1p1f2,gn,ssp245,2056-06,2056,6,8.162895837469263,10.646892197227762,-2.4839963597584998
CNRM-CERFACS,CNRM-CM6-1-HR,r1i1p1f2,gn,ssp245,2056-07,2056,7,5.639004064090491,8.302371645186227,-2.663367581095736
CNRM-CERFACS,CNRM-CM6-1-HR,r1i1p1f2,gn,ssp245,2056-08,2056,8,3.114966707909945,6.616497250710446,-3.5015305428005012
CNRM-CERFACS,CNRM-CM6-1-HR,r1i1p1f2,gn,ssp245,2056-09,2056,9,2.169343787697738,6.128027986007415,-3.9586841983096765
CNRM-CERFACS,CNRM-CM6-1-HR,r1i1p1f2,gn,ssp245,2056-10,2056,10,2.9756309915604415,7.8018119249626015,-4.82618093340216
CNRM-CERFACS,CNRM-CM6-1-HR,r1i1p1f2,gn,ssp245,2056-11,2056,11,5.5070963986613855,10.313374480749122,-4.806278082087736
CNRM-CERFACS,CNRM-CM6-1-HR,r1i1p1f2,gn,ssp245,2056-12,2056,12,9.14778274875691,12.308292384716971,-3.160509635960061
CNRM-CERFACS,CNRM-CM6-1-HR,r1i1p1f2,gn,ssp245,2057-01,2057,1,11.068584717903072,13.14772849079902,-2.0791437728959483
CNRM-CERFACS,CNRM-CM6-1-HR,r1i1p1f2,gn,ssp245,2057-02,2057,2,11.714969354070835,13.430628146380453,-1.7156587923096183
CNRM-CERFACS,CNRM-CM6-1-HR,r1i1p1f2,gn,ssp245,2057-03,2057,3,11.883172271208352,13.558657284132442,-1.6754850129240904
CNRM-CERFACS,CNRM-CM6-1-HR,r1i1p1f2,gn,ssp245,2057-04,2057,4,11.643611260308214,13.4145579666305,-1.7709467063222863
CNRM-CERFACS,CNRM-CM6-1-HR,r1i1p1f2,gn,ssp245,2057-05,2057,5,10.145327821321557,12.534864477989109,-2.389536656667552
CNRM-CERFACS,CNRM-CM6-1-HR,r1i1p1f2,gn,ssp245,2057-06,2057,6,7.77210681166435,10.646892197227762,-2.8747853855634125
CNRM-CERFACS,CNRM-CM6-1-HR,r1i1p1f2,gn,ssp245,2057-07,2057,7,5.337744689426903,8.302371645186227,-2.964626955759324
CNRM-CERFACS,CNRM-CM6-1-HR,r1i1p1f2,gn,ssp245,2057-08,2057,8,2.8496087215830963,6.616497250710446,-3.7668885291273497
CNRM-CERFACS,CNRM-CM6-1-HR,r1i1p1f2,gn,ssp245,2057-09,2057,9,2.0161348530755387,6.128027986007415,-4.1118931329318755
CNRM-CERFACS,CNRM-CM6-1-HR,r1i1p1f2,gn,ssp245,2057-10,2057,10,2.5714804536747833,7.8018119249626015,-5.230331471287818
CNRM-CERFACS,CNRM-CM6-1-HR,r1i1p1f2,gn,ssp245,2057-11,2057,11,5.094998643277389,10.313374480749122,-5.218375837471733
CNRM-CERFACS,CNRM-CM6-1-HR,r1i1p1f2,gn,ssp245,2057-12,2057,12,8.827573913111806,12.308292384716971,-3.480718471605165
CNRM-CERFACS,CNRM-CM6-1-HR,r1i1p1f2,gn,ssp245,2058-01,2058,1,10.7527450717535,13.14772849079902,-2.39498341904552
CNRM-CERFACS,CNRM-CM6-1-HR,r1i1p1f2,gn,ssp245,2058-02,2058,2,11.57180876482201,13.430628146380453,-1.858819381558444
CNRM-CERFACS,CNRM-CM6-1-HR,r1i1p1f2,gn,ssp245,2058-03,2058,3,11.910612926380713,13.558657284132442,-1.6480443577517292
CNRM-CERFACS,CNRM-CM6-1-HR,r1i1p1f2,gn,ssp245,2058-04,2058,4,11.749064421529237,13.4145579666305,-1.6654935451012634
CNRM-CERFACS,CNRM-CM6-1-HR,r1i1p1f2,gn,ssp245,2058-05,2058,5,10.380862219794606,12.534864477989109,-2.1540022581945024
CNRM-CERFACS,CNRM-CM6-1-HR,r1i1p1f2,gn,ssp245,2058-06,2058,6,8.060476573278294,10.646892197227762,-2.5864156239494687
CNRM-CERFACS,CNRM-CM6-1-HR,r1i1p1f2,gn,ssp245,2058-07,2058,7,5.652676650159931,8.302371645186227,-2.6496949950262962
CNRM-CERFACS,CNRM-CM6-1-HR,r1i1p1f2,gn,ssp245,2058-08,2058,8,3.441237335167381,6.616497250710446,-3.175259915543065
CNRM-CERFACS,CNRM-CM6-1-HR,r1i1p1f2,gn,ssp245,2058-09,2058,9,2.550218902756219,6.128027986007415,-3.5778090832511955
CNRM-CERFACS,CNRM-CM6-1-HR,r1i1p1f2,gn,ssp245,2058-10,2058,10,3.5142581063696543,7.8018119249626015,-4.287553818592947
CNRM-CERFACS,CNRM-CM6-1-HR,r1i1p1f2,gn,ssp245,2058-11,2058,11,5.430386445434245,10.313374480749122,-4.8829880353148765
CNRM-CERFACS,CNRM-CM6-1-HR,r1i1p1f2,gn,ssp245,2058-12,2058,12,8.8589710315906,12.308292384716971,-3.4493213531263702
CNRM-CERFACS,CNRM-CM6-1-HR,r1i1p1f2,gn,ssp245,2059-01,2059,1,10.770417071348264,13.14772849079902,-2.3773114194507556
CNRM-CERFACS,CNRM-CM6-1-HR,r1i1p1f2,gn,ssp245,2059-02,2059,2,11.827750579437904,13.430628146380453,-1.6028775669425492
CNRM-CERFACS,CNRM-CM6-1-HR,r1i1p1f2,gn,ssp245,2059-03,2059,3,12.09151348883582,13.558657284132442,-1.4671437952966215
CNRM-CERFACS,CNRM-CM6-1-HR,r1i1p1f2,gn,ssp245,2059-04,2059,4,11.70610126840146,13.4145579666305,-1.7084566982290408
CNRM-CERFACS,CNRM-CM6-1-HR,r1i1p1f2,gn,ssp245,2059-05,2059,5,10.421909991109024,12.534864477989109,-2.112954486880085
CNRM-CERFACS,CNRM-CM6-1-HR,r1i1p1f2,gn,ssp245,2059-06,2059,6,8.074889695852127,10.646892197227762,-2.5720025013756356
CNRM-CERFACS,CNRM-CM6-1-HR,r1i1p1f2,gn,ssp245,2059-07,2059,7,5.258244975470834,8.302371645186227,-3.044126669715393
CNRM-CERFACS,CNRM-CM6-1-HR,r1i1p1f2,gn,ssp245,2059-08,2059,8,2.037828417722369,6.616497250710446,-4.578668832988077
CNRM-CERFACS,CNRM-CM6-1-HR,r1i1p1f2,gn,ssp245,2059-09,2059,9,1.2386986982474149,6.128027986007415,-4.88932928776
CNRM-CERFACS,CNRM-CM6-1-HR,r1i1p1f2,gn,ssp245,2059-10,2059,10,2.553403595881499,7.8018119249626015,-5.248408329081102
CNRM-CERFACS,CNRM-CM6-1-HR,r1i1p1f2,gn,ssp245,2059-11,2059,11,5.604535341133206,10.313374480749122,-4.7088391396159155
CNRM-CERFACS,CNRM-CM6-1-HR,r1i1p1f2,gn,ssp245,2059-12,2059,12,8.926262283192345,12.308292384716971,-3.3820301015246255
CNRM-CERFACS,CNRM-CM6-1-HR,r1i1p1f2,gn,ssp245,2060-01,2060,1,10.795316505013075,13.14772849079902,-2.3524119857859453
CNRM-CERFACS,CNRM-CM6-1-HR,r1i1p1f2,gn,ssp245,2060-02,2060,2,11.4619169322666,13.430628146380453,-1.9687112141138527
CNRM-CERFACS,CNRM-CM6-1-HR,r1i1p1f2,gn,ssp245,2060-03,2060,3,11.49524716852163,13.558657284132442,-2.0634101156108127
CNRM-CERFACS,CNRM-CM6-1-HR,r1i1p1f2,gn,ssp245,2060-04,2060,4,11.323496182553328,13.4145579666305,-2.091061784077173
CNRM-CERFACS,CNRM-CM6-1-HR,r1i1p1f2,gn,ssp245,2060-05,2060,5,10.061287024398721,12.534864477989109,-2.473577453590387
CNRM-CERFACS,CNRM-CM6-1-HR,r1i1p1f2,gn,ssp245,2060-06,2060,6,7.834238480968379,10.646892197227762,-2.8126537162593834
CNRM-CERFACS,CNRM-CM6-1-HR,r1i1p1f2,gn,ssp245,2060-07,2060,7,5.593099635154716,8.302371645186227,-2.709272010031511
CNRM-CERFACS,CNRM-CM6-1-HR,r1i1p1f2,gn,ssp245,2060-08,2060,8,3.284177551407844,6.616497250710446,-3.332319699302602
CNRM-CERFACS,CNRM-CM6-1-HR,r1i1p1f2,gn,ssp245,2060-09,2060,9,2.1176267759371683,6.128027986007415,-4.010401210070246
CNRM-CERFACS,CNRM-CM6-1-HR,r1i1p1f2,gn,ssp245,2060-10,2060,10,3.642627038986871,7.8018119249626015,-4.15918488597573
CNRM-CERFACS,CNRM-CM6-1-HR,r1i1p1f2,gn,ssp245,2060-11,2060,11,6.594981349041523,10.313374480749122,-3.7183931317075984
CNRM-CERFACS,CNRM-CM6-1-HR,r1i1p1f2,gn,ssp245,2060-12,2060,12,9.39294890853443,12.308292384716971,-2.9153434761825405
CNRM-CERFACS,CNRM-CM6-1-HR,r1i1p1f2,gn,ssp245,2061-01,2061,1,10.537675964873412,13.14772849079902,-2.6100525259256084
CNRM-CERFACS,CNRM-CM6-1-HR,r1i1p1f2,gn,ssp245,2061-02,2061,2,11.239610862479509,13.430628146380453,-2.191017283900944
CNRM-CERFACS,CNRM-CM6-1-HR,r1i1p1f2,gn,ssp245,2061-03,2061,3,11.569157689589671,13.558657284132442,-1.989499594542771
CNRM-CERFACS,CNRM-CM6-1-HR,r1i1p1f2,gn,ssp245,2061-04,2061,4,11.507006816837572,13.4145579666305,-1.907551149792928
CNRM-CERFACS,CNRM-CM6-1-HR,r1i1p1f2,gn,ssp245,2061-05,2061,5,10.388575540108155,12.534864477989109,-2.1462889378809535
CNRM-CERFACS,CNRM-CM6-1-HR,r1i1p1f2,gn,ssp245,2061-06,2061,6,8.203132218165644,10.646892197227762,-2.4437599790621185
CNRM-CERFACS,CNRM-CM6-1-HR,r1i1p1f2,gn,ssp245,2061-07,2061,7,5.669578382246011,8.302371645186227,-2.6327932629402158
CNRM-CERFACS,CNRM-CM6-1-HR,r1i1p1f2,gn,ssp245,2061-08,2061,8,3.323622308104245,6.616497250710446,-3.292874942606201
CNRM-CERFACS,CNRM-CM6-1-HR,r1i1p1f2,gn,ssp245,2061-09,2061,9,2.369120325838379,6.128027986007415,-3.7589076601690357
CNRM-CERFACS,CNRM-CM6-1-HR,r1i1p1f2,gn,ssp245,2061-10,2061,10,3.2234922758272906,7.8018119249626015,-4.578319649135311
CNRM-CERFACS,CNRM-CM6-1-HR,r1i1p1f2,gn,ssp245,2061-11,2061,11,5.683812810677213,10.313374480749122,-4.629561670071909
CNRM-CERFACS,CNRM-CM6-1-HR,r1i1p1f2,gn,ssp245,2061-12,2061,12,8.889490429069133,12.308292384716971,-3.4188019556478384
CNRM-CERFACS,CNRM-CM6-1-HR,r1i1p1f2,gn,ssp245,2062-01,2062,1,10.65742401749816,13.14772849079902,-2.49030447330086
CNRM-CERFACS,CNRM-CM6-1-HR,r1i1p1f2,gn,ssp245,2062-02,2062,2,11.543718490805675,13.430628146380453,-1.8869096555747777
CNRM-CERFACS,CNRM-CM6-1-HR,r1i1p1f2,gn,ssp245,2062-03,2062,3,11.59808418995608,13.558657284132442,-1.9605730941763628
CNRM-CERFACS,CNRM-CM6-1-HR,r1i1p1f2,gn,ssp245,2062-04,2062,4,11.375682570046646,13.4145579666305,-2.0388753965838546
CNRM-CERFACS,CNRM-CM6-1-HR,r1i1p1f2,gn,ssp245,2062-05,2062,5,10.043198707254005,12.534864477989109,-2.4916657707351035
CNRM-CERFACS,CNRM-CM6-1-HR,r1i1p1f2,gn,ssp245,2062-06,2062,6,7.411894395263435,10.646892197227762,-3.2349978019643277
CNRM-CERFACS,CNRM-CM6-1-HR,r1i1p1f2,gn,ssp245,2062-07,2062,7,4.923941553081802,8.302371645186227,-3.3784300921044252
CNRM-CERFACS,CNRM-CM6-1-HR,r1i1p1f2,gn,ssp245,2062-08,2062,8,1.431771549631693,6.616497250710446,-5.184725701078753
CNRM-CERFACS,CNRM-CM6-1-HR,r1i1p1f2,gn,ssp245,2062-09,2062,9,0.3443656410109298,6.128027986007415,-5.783662344996485
CNRM-CERFACS,CNRM-CM6-1-HR,r1i1p1f2,gn,ssp245,2062-10,2062,10,0.7298163456509426,7.8018119249626015,-7.071995579311659
CNRM-CERFACS,CNRM-CM6-1-HR,r1i1p1f2,gn,ssp245,2062-11,2062,11,4.46325478183536,10.313374480749122,-5.850119698913762
CNRM-CERFACS,CNRM-CM6-1-HR,r1i1p1f2,gn,ssp245,2062-12,2062,12,8.406784280884727,12.308292384716971,-3.901508103832244
CNRM-CERFACS,CNRM-CM6-1-HR,r1i1p1f2,gn,ssp245,2063-01,2063,1,10.298124680583296,13.14772849079902,-2.849603810215724
CNRM-CERFACS,CNRM-CM6-1-HR,r1i1p1f2,gn,ssp245,2063-02,2063,2,11.043656442991201,13.430628146380453,-2.3869717033892517
CNRM-CERFACS,CNRM-CM6-1-HR,r1i1p1f2,gn,ssp245,2063-03,2063,3,11.327439250740579,13.558657284132442,-2.2312180333918636
CNRM-CERFACS,CNRM-CM6-1-HR,r1i1p1f2,gn,ssp245,2063-04,2063,4,11.13954671773224,13.4145579666305,-2.2750112488982612
CNRM-CERFACS,CNRM-CM6-1-HR,r1i1p1f2,gn,ssp245,2063-05,2063,5,9.93881571407428,12.534864477989109,-2.596048763914828
CNRM-CERFACS,CNRM-CM6-1-HR,r1i1p1f2,gn,ssp245,2063-06,2063,6,7.6841257104654135,10.646892197227762,-2.962766486762349
CNRM-CERFACS,CNRM-CM6-1-HR,r1i1p1f2,gn,ssp245,2063-07,2063,7,5.557263598575372,8.302371645186227,-2.745108046610855
CNRM-CERFACS,CNRM-CM6-1-HR,r1i1p1f2,gn,ssp245,2063-08,2063,8,3.4488274910633603,6.616497250710446,-3.1676697596470857
CNRM-CERFACS,CNRM-CM6-1-HR,r1i1p1f2,gn,ssp245,2063-09,2063,9,2.4471332160064296,6.128027986007415,-3.680894770000985
CNRM-CERFACS,CNRM-CM6-1-HR,r1i1p1f2,gn,ssp245,2063-10,2063,10,3.231176663222239,7.8018119249626015,-4.570635261740362
CNRM-CERFACS,CNRM-CM6-1-HR,r1i1p1f2,gn,ssp245,2063-11,2063,11,6.046005334092786,10.313374480749122,-4.2673691466563355
CNRM-CERFACS,CNRM-CM6-1-HR,r1i1p1f2,gn,ssp245,2063-12,2063,12,8.624723109504274,12.308292384716971,-3.6835692752126974
CNRM-CERFACS,CNRM-CM6-1-HR,r1i1p1f2,gn,ssp245,2064-01,2064,1,10.093397576079651,13.14772849079902,-3.054330914719369
CNRM-CERFACS,CNRM-CM6-1-HR,r1i1p1f2,gn,ssp245,2064-02,2064,2,11.087815761975206,13.430628146380453,-2.3428123844052475
CNRM-CERFACS,CNRM-CM6-1-HR,r1i1p1f2,gn,ssp245,2064-03,2064,3,11.433035901382148,13.558657284132442,-2.1256213827502943
CNRM-CERFACS,CNRM-CM6-1-HR,r1i1p1f2,gn,ssp245,2064-04,2064,4,11.059332759470756,13.4145579666305,-2.3552252071597444
CNRM-CERFACS,CNRM-CM6-1-HR,r1i1p1f2,gn,ssp245,2064-05,2064,5,9.736721895356716,12.534864477989109,-2.7981425826323925
CNRM-CERFACS,CNRM-CM6-1-HR,r1i1p1f2,gn,ssp245,2064-06,2064,6,7.401711291983269,10.646892197227762,-3.245180905244493
CNRM-CERFACS,CNRM-CM6-1-HR,r1i1p1f2,gn,ssp245,2064-07,2064,7,4.876513046854521,8.302371645186227,-3.425858598331706
CNRM-CERFACS,CNRM-CM6-1-HR,r1i1p1f2,gn,ssp245,2064-08,2064,8,2.668918379325879,6.616497250710446,-3.947578871384567
CNRM-CERFACS,CNRM-CM6-1-HR,r1i1p1f2,gn,ssp245,2064-09,2064,9,1.7044061933439956,6.128027986007415,-4.423621792663419
CNRM-CERFACS,CNRM-CM6-1-HR,r1i1p1f2,gn,ssp245,2064-10,2064,10,2.6216706218698635,7.8018119249626015,-5.1801413030927375
CNRM-CERFACS,CNRM-CM6-1-HR,r1i1p1f2,gn,ssp245,2064-11,2064,11,5.053203116838675,10.313374480749122,-5.260171363910447
CNRM-CERFACS,CNRM-CM6-1-HR,r1i1p1f2,gn,ssp245,2064-12,2064,12,8.488355015574056,12.308292384716971,-3.819937369142915
CNRM-CERFACS,CNRM-CM6-1-HR,r1i1p1f2,gn,ssp245,2065-01,2065,1,10.407403884042049,13.14772849079902,-2.740324606756971
CNRM-CERFACS,CNRM-CM6-1-HR,r1i1p1f2,gn,ssp245,2065-02,2065,2,11.154716768611495,13.430628146380453,-2.275911377768958
CNRM-CERFACS,CNRM-CM6-1-HR,r1i1p1f2,gn,ssp245,2065-03,2065,3,11.533474710411037,13.558657284132442,-2.0251825737214055
CNRM-CERFACS,CNRM-CM6-1-HR,r1i1p1f2,gn,ssp245,2065-04,2065,4,11.322077510452363,13.4145579666305,-2.092480456178137
CNRM-CERFACS,CNRM-CM6-1-HR,r1i1p1f2,gn,ssp245,2065-05,2065,5,9.567720509915993,12.534864477989109,-2.967143968073115
CNRM-CERFACS,CNRM-CM6-1-HR,r1i1p1f2,gn,ssp245,2065-06,2065,6,7.563990603901812,10.646892197227762,-3.0829015933259507
CNRM-CERFACS,CNRM-CM6-1-HR,r1i1p1f2,gn,ssp245,2065-07,2065,7,4.992663092440337,8.302371645186227,-3.3097085527458905
CNRM-CERFACS,CNRM-CM6-1-HR,r1i1p1f2,gn,ssp245,2065-08,2065,8,2.2096079605640258,6.616497250710446,-4.40688929014642
CNRM-CERFACS,CNRM-CM6-1-HR,r1i1p1f2,gn,ssp245,2065-09,2065,9,1.3074371568258574,6.128027986007415,-4.820590829181557
CNRM-CERFACS,CNRM-CM6-1-HR,r1i1p1f2,gn,ssp245,2065-10,2065,10,2.023732922843753,7.8018119249626015,-5.778079002118849
CNRM-CERFACS,CNRM-CM6-1-HR,r1i1p1f2,gn,ssp245,2065-11,2065,11,4.720293483039655,10.313374480749122,-5.593080997709467
CNRM-CERFACS,CNRM-CM6-1-HR,r1i1p1f2,gn,ssp245,2065-12,2065,12,8.1499227807315,12.308292384716971,-4.158369603985472
CNRM-CERFACS,CNRM-CM6-1-HR,r1i1p1f2,gn,ssp245,2066-01,2066,1,9.98894129782981,13.14772849079902,-3.1587871929692106
CNRM-CERFACS,CNRM-CM6-1-HR,r1i1p1f2,gn,ssp245,2066-02,2066,2,11.098128482868157,13.430628146380453,-2.332499663512296
CNRM-CERFACS,CNRM-CM6-1-HR,r1i1p1f2,gn,ssp245,2066-03,2066,3,11.47671748855441,13.558657284132442,-2.081939795578032
CNRM-CERFACS,CNRM-CM6-1-HR,r1i1p1f2,gn,ssp245,2066-04,2066,4,11.151693435073149,13.4145579666305,-2.2628645315573515
CNRM-CERFACS,CNRM-CM6-1-HR,r1i1p1f2,gn,ssp245,2066-05,2066,5,9.864131237403232,12.534864477989109,-2.670733240585877
CNRM-CERFACS,CNRM-CM6-1-HR,r1i1p1f2,gn,ssp245,2066-06,2066,6,7.55810104890389,10.646892197227762,-3.088791148323873
CNRM-CERFACS,CNRM-CM6-1-HR,r1i1p1f2,gn,ssp245,2066-07,2066,7,5.108432726397719,8.302371645186227,-3.1939389187885077
CNRM-CERFACS,CNRM-CM6-1-HR,r1i1p1f2,gn,ssp245,2066-08,2066,8,2.770356525673061,6.616497250710446,-3.846140725037385
CNRM-CERFACS,CNRM-CM6-1-HR,r1i1p1f2,gn,ssp245,2066-09,2066,9,1.460293129472775,6.128027986007415,-4.66773485653464
CNRM-CERFACS,CNRM-CM6-1-HR,r1i1p1f2,gn,ssp245,2066-10,2066,10,2.505644224362283,7.8018119249626015,-5.296167700600318
CNRM-CERFACS,CNRM-CM6-1-HR,r1i1p1f2,gn,ssp245,2066-11,2066,11,5.631563428586834,10.313374480749122,-4.6818110521622875
CNRM-CERFACS,CNRM-CM6-1-HR,r1i1p1f2,gn,ssp245,2066-12,2066,12,8.736098972359894,12.308292384716971,-3.572193412357077
CNRM-CERFACS,CNRM-CM6-1-HR,r1i1p1f2,gn,ssp245,2067-01,2067,1,10.529627351279952,13.14772849079902,-2.6181011395190676
CNRM-CERFACS,CNRM-CM6-1-HR,r1i1p1f2,gn,ssp245,2067-02,2067,2,11.267710389247156,13.430628146380453,-2.1629177571332967
CNRM-CERFACS,CNRM-CM6-1-HR,r1i1p1f2,gn,ssp245,2067-03,2067,3,11.585402462617875,13.558657284132442,-1.9732548215145673
CNRM-CERFACS,CNRM-CM6-1-HR,r1i1p1f2,gn,ssp245,2067-04,2067,4,11.379518008967269,13.4145579666305,-2.0350399576632316
CNRM-CERFACS,CNRM-CM6-1-HR,r1i1p1f2,gn,ssp245,2067-05,2067,5,10.131760356493634,12.534864477989109,-2.403104121495474
CNRM-CERFACS,CNRM-CM6-1-HR,r1i1p1f2,gn,ssp245,2067-06,2067,6,7.827965803042522,10.646892197227762,-2.8189263941852403
CNRM-CERFACS,CNRM-CM6-1-HR,r1i1p1f2,gn,ssp245,2067-07,2067,7,5.261991191330964,8.302371645186227,-3.0403804538552635
CNRM-CERFACS,CNRM-CM6-1-HR,r1i1p1f2,gn,ssp245,2067-08,2067,8,2.6832926001568964,6.616497250710446,-3.9332046505535496
CNRM-CERFACS,CNRM-CM6-1-HR,r1i1p1f2,gn,ssp245,2067-09,2067,9,1.5319859394898612,6.128027986007415,-4.596042046517553
CNRM-CERFACS,CNRM-CM6-1-HR,r1i1p1f2,gn,ssp245,2067-10,2067,10,2.149131218522155,7.8018119249626015,-5.652680706440446
CNRM-CERFACS,CNRM-CM6-1-HR,r1i1p1f2,gn,ssp245,2067-11,2067,11,4.643013601760667,10.313374480749122,-5.670360878988455
CNRM-CERFACS,CNRM-CM6-1-HR,r1i1p1f2,gn,ssp245,2067-12,2067,12,8.019777483332877,12.308292384716971,-4.288514901384094
CNRM-CERFACS,CNRM-CM6-1-HR,r1i1p1f2,gn,ssp245,2068-01,2068,1,10.41231103271435,13.14772849079902,-2.7354174580846706
CNRM-CERFACS,CNRM-CM6-1-HR,r1i1p1f2,gn,ssp245,2068-02,2068,2,11.451985057957412,13.430628146380453,-1.9786430884230413
CNRM-CERFACS,CNRM-CM6-1-HR,r1i1p1f2,gn,ssp245,2068-03,2068,3,11.756727465205604,13.558657284132442,-1.8019298189268387
CNRM-CERFACS,CNRM-CM6-1-HR,r1i1p1f2,gn,ssp245,2068-04,2068,4,11.46119166305914,13.4145579666305,-1.9533663035713609
CNRM-CERFACS,CNRM-CM6-1-HR,r1i1p1f2,gn,ssp245,2068-05,2068,5,9.858481561600955,12.534864477989109,-2.676382916388153
CNRM-CERFACS,CNRM-CM6-1-HR,r1i1p1f2,gn,ssp245,2068-06,2068,6,7.215338114371477,10.646892197227762,-3.4315540828562856
CNRM-CERFACS,CNRM-CM6-1-HR,r1i1p1f2,gn,ssp245,2068-07,2068,7,4.436839968408592,8.302371645186227,-3.8655316767776347
CNRM-CERFACS,CNRM-CM6-1-HR,r1i1p1f2,gn,ssp245,2068-08,2068,8,1.918044135369022,6.616497250710446,-4.698453115341424
CNRM-CERFACS,CNRM-CM6-1-HR,r1i1p1f2,gn,ssp245,2068-09,2068,9,0.9891878108538698,6.128027986007415,-5.138840175153545
CNRM-CERFACS,CNRM-CM6-1-HR,r1i1p1f2,gn,ssp245,2068-10,2068,10,1.681215500287932,7.8018119249626015,-6.12059642467467
CNRM-CERFACS,CNRM-CM6-1-HR,r1i1p1f2,gn,ssp245,2068-11,2068,11,3.9283204532092166,10.313374480749122,-6.385054027539905
CNRM-CERFACS,CNRM-CM6-1-HR,r1i1p1f2,gn,ssp245,2068-12,2068,12,7.679596596826445,12.308292384716971,-4.628695787890526
CNRM-CERFACS,CNRM-CM6-1-HR,r1i1p1f2,gn,ssp245,2069-01,2069,1,10.310752653718591,13.14772849079902,-2.8369758370804288
CNRM-CERFACS,CNRM-CM6-1-HR,r1i1p1f2,gn,ssp245,2069-02,2069,2,11.25339198453303,13.430628146380453,-2.177236161847423
CNRM-CERFACS,CNRM-CM6-1-HR,r1i1p1f2,gn,ssp245,2069-03,2069,3,11.464161464062897,13.558657284132442,-2.094495820069545
CNRM-CERFACS,CNRM-CM6-1-HR,r1i1p1f2,gn,ssp245,2069-04,2069,4,11.284340506288487,13.4145579666305,-2.1302174603420134
CNRM-CERFACS,CNRM-CM6-1-HR,r1i1p1f2,gn,ssp245,2069-05,2069,5,9.751032129965619,12.534864477989109,-2.7838323480234894
CNRM-CERFACS,CNRM-CM6-1-HR,r1i1p1f2,gn,ssp245,2069-06,2069,6,7.244821425419743,10.646892197227762,-3.4020707718080194
CNRM-CERFACS,CNRM-CM6-1-HR,r1i1p1f2,gn,ssp245,2069-07,2069,7,4.807177318280406,8.302371645186227,-3.495194326905821
CNRM-CERFACS,CNRM-CM6-1-HR,r1i1p1f2,gn,ssp245,2069-08,2069,8,2.3844053413864947,6.616497250710446,-4.232091909323952
CNRM-CERFACS,CNRM-CM6-1-HR,r1i1p1f2,gn,ssp245,2069-09,2069,9,1.2736199912917052,6.128027986007415,-4.854407994715709
CNRM-CERFACS,CNRM-CM6-1-HR,r1i1p1f2,gn,ssp245,2069-10,2069,10,1.982055735866899,7.8018119249626015,-5.819756189095703
CNRM-CERFACS,CNRM-CM6-1-HR,r1i1p1f2,gn,ssp245,2069-11,2069,11,4.755284277320908,10.313374480749122,-5.558090203428214
CNRM-CERFACS,CNRM-CM6-1-HR,r1i1p1f2,gn,ssp245,2069-12,2069,12,8.670430611494895,12.308292384716971,-3.6378617732220757
CNRM-CERFACS,CNRM-CM6-1-HR,r1i1p1f2,gn,ssp245,2070-01,2070,1,10.777355251027254,13.14772849079902,-2.370373239771766
CNRM-CERFACS,CNRM-CM6-1-HR,r1i1p1f2,gn,ssp245,2070-02,2070,2,11.560856022364327,13.430628146380453,-1.8697721240161265
CNRM-CERFACS,CNRM-CM6-1-HR,r1i1p1f2,gn,ssp245,2070-03,2070,3,11.768588975479712,13.558657284132442,-1.7900683086527298
CNRM-CERFACS,CNRM-CM6-1-HR,r1i1p1f2,gn,ssp245,2070-04,2070,4,11.503259077452077,13.4145579666305,-1.9112988891784237
CNRM-CERFACS,CNRM-CM6-1-HR,r1i1p1f2,gn,ssp245,2070-05,2070,5,10.266507770336082,12.534864477989109,-2.2683567076530267
CNRM-CERFACS,CNRM-CM6-1-HR,r1i1p1f2,gn,ssp245,2070-06,2070,6,8.149192455778078,10.646892197227762,-2.4976997414496847
CNRM-CERFACS,CNRM-CM6-1-HR,r1i1p1f2,gn,ssp245,2070-07,2070,7,5.862319520111036,8.302371645186227,-2.4400521250751908
CNRM-CERFACS,CNRM-CM6-1-HR,r1i1p1f2,gn,ssp245,2070-08,2070,8,3.5465749364336534,6.616497250710446,-3.0699223142767926
CNRM-CERFACS,CNRM-CM6-1-HR,r1i1p1f2,gn,ssp245,2070-09,2070,9,2.6674782468424354,6.128027986007415,-3.4605497391649793
CNRM-CERFACS,CNRM-CM6-1-HR,r1i1p1f2,gn,ssp245,2070-10,2070,10,3.8050716963963698,7.8018119249626015,-3.9967402285662317
CNRM-CERFACS,CNRM-CM6-1-HR,r1i1p1f2,gn,ssp245,2070-11,2070,11,5.885057705497191,10.313374480749122,-4.428316775251931
CNRM-CERFACS,CNRM-CM6-1-HR,r1i1p1f2,gn,ssp245,2070-12,2070,12,8.084592319404157,12.308292384716971,-4.223700065312814
CNRM-CERFACS,CNRM-CM6-1-HR,r1i1p1f2,gn,ssp245,2071-01,2071,1,10.114175097300645,13.14772849079902,-3.0335533934983747
CNRM-CERFACS,CNRM-CM6-1-HR,r1i1p1f2,gn,ssp245,2071-02,2071,2,11.263816591278541,13.430628146380453,-2.166811555101912
CNRM-CERFACS,CNRM-CM6-1-HR,r1i1p1f2,gn,ssp245,2071-03,2071,3,11.680995133293532,13.558657284132442,-1.8776621508389102
CNRM-CERFACS,CNRM-CM6-1-HR,r1i1p1f2,gn,ssp245,2071-04,2071,4,11.519824118817159,13.4145579666305,-1.8947338478133418
CNRM-CERFACS,CNRM-CM6-1-HR,r1i1p1f2,gn,ssp245,2071-05,2071,5,10.058984379503412,12.534864477989109,-2.475880098485696
CNRM-CERFACS,CNRM-CM6-1-HR,r1i1p1f2,gn,ssp245,2071-06,2071,6,7.719187823763456,10.646892197227762,-2.927704373464306
CNRM-CERFACS,CNRM-CM6-1-HR,r1i1p1f2,gn,ssp245,2071-07,2071,7,4.661310155126661,8.302371645186227,-3.641061490059566
CNRM-CERFACS,CNRM-CM6-1-HR,r1i1p1f2,gn,ssp245,2071-08,2071,8,1.7983154673040669,6.616497250710446,-4.818181783406379
CNRM-CERFACS,CNRM-CM6-1-HR,r1i1p1f2,gn,ssp245,2071-09,2071,9,0.81793615081204,6.128027986007415,-5.310091835195375
CNRM-CERFACS,CNRM-CM6-1-HR,r1i1p1f2,gn,ssp245,2071-10,2071,10,1.2618760021626838,7.8018119249626015,-6.539935922799918
CNRM-CERFACS,CNRM-CM6-1-HR,r1i1p1f2,gn,ssp245,2071-11,2071,11,3.3642175074362646,10.313374480749122,-6.949156973312857
CNRM-CERFACS,CNRM-CM6-1-HR,r1i1p1f2,gn,ssp245,2071-12,2071,12,7.733945708743191,12.308292384716971,-4.57434667597378
CNRM-CERFACS,CNRM-CM6-1-HR,r1i1p1f2,gn,ssp245,2072-01,2072,1,10.485418012538807,13.14772849079902,-2.6623104782602134
CNRM-CERFACS,CNRM-CM6-1-HR,r1i1p1f2,gn,ssp245,2072-02,2072,2,11.601735307366573,13.430628146380453,-1.8288928390138803
CNRM-CERFACS,CNRM-CM6-1-HR,r1i1p1f2,gn,ssp245,2072-03,2072,3,11.903255391919346,13.558657284132442,-1.6554018922130957
CNRM-CERFACS,CNRM-CM6-1-HR,r1i1p1f2,gn,ssp245,2072-04,2072,4,11.633957962544793,13.4145579666305,-1.7806000040857075
CNRM-CERFACS,CNRM-CM6-1-HR,r1i1p1f2,gn,ssp245,2072-05,2072,5,10.136036148895482,12.534864477989109,-2.398828329093627
CNRM-CERFACS,CNRM-CM6-1-HR,r1i1p1f2,gn,ssp245,2072-06,2072,6,7.859846644976815,10.646892197227762,-2.787045552250947
CNRM-CERFACS,CNRM-CM6-1-HR,r1i1p1f2,gn,ssp245,2072-07,2072,7,5.368270770379649,8.302371645186227,-2.934100874806578
CNRM-CERFACS,CNRM-CM6-1-HR,r1i1p1f2,gn,ssp245,2072-08,2072,8,2.46960089577111,6.616497250710446,-4.1468963549393365
CNRM-CERFACS,CNRM-CM6-1-HR,r1i1p1f2,gn,ssp245,2072-09,2072,9,1.3651361957110315,6.128027986007415,-4.762891790296383
CNRM-CERFACS,CNRM-CM6-1-HR,r1i1p1f2,gn,ssp245,2072-10,2072,10,2.6079738941876305,7.8018119249626015,-5.193838030774971
CNRM-CERFACS,CNRM-CM6-1-HR,r1i1p1f2,gn,ssp245,2072-11,2072,11,6.007775857064883,10.313374480749122,-4.305598623684239
CNRM-CERFACS,CNRM-CM6-1-HR,r1i1p1f2,gn,ssp245,2072-12,2072,12,8.96169301111992,12.308292384716971,-3.3465993735970514
CNRM-CERFACS,CNRM-CM6-1-HR,r1i1p1f2,gn,ssp245,2073-01,2073,1,10.555061256045079,13.14772849079902,-2.5926672347539412
CNRM-CERFACS,CNRM-CM6-1-HR,r1i1p1f2,gn,ssp245,2073-02,2073,2,11.269529879116808,13.430628146380453,-2.161098267263645
CNRM-CERFACS,CNRM-CM6-1-HR,r1i1p1f2,gn,ssp245,2073-03,2073,3,11.37846281240499,13.558657284132442,-2.180194471727452
CNRM-CERFACS,CNRM-CM6-1-HR,r1i1p1f2,gn,ssp245,2073-04,2073,4,11.187101857030141,13.4145579666305,-2.227456109600359
CNRM-CERFACS,CNRM-CM6-1-HR,r1i1p1f2,gn,ssp245,2073-05,2073,5,9.948038642230607,12.534864477989109,-2.5868258357585017
CNRM-CERFACS,CNRM-CM6-1-HR,r1i1p1f2,gn,ssp245,2073-06,2073,6,8.049909544215632,10.646892197227762,-2.5969826530121303
CNRM-CERFACS,CNRM-CM6-1-HR,r1i1p1f2,gn,ssp245,2073-07,2073,7,5.732389461465372,8.302371645186227,-2.569982183720855
CNRM-CERFACS,CNRM-CM6-1-HR,r1i1p1f2,gn,ssp245,2073-08,2073,8,3.29158579249429,6.616497250710446,-3.324911458216156
CNRM-CERFACS,CNRM-CM6-1-HR,r1i1p1f2,gn,ssp245,2073-09,2073,9,2.332063375641382,6.128027986007415,-3.7959646103660325
CNRM-CERFACS,CNRM-CM6-1-HR,r1i1p1f2,gn,ssp245,2073-10,2073,10,3.4415780126438706,7.8018119249626015,-4.360233912318731
CNRM-CERFACS,CNRM-CM6-1-HR,r1i1p1f2,gn,ssp245,2073-11,2073,11,5.707303810006156,10.313374480749122,-4.606070670742966
CNRM-CERFACS,CNRM-CM6-1-HR,r1i1p1f2,gn,ssp245,2073-12,2073,12,8.716854892545083,12.308292384716971,-3.591437492171888
CNRM-CERFACS,CNRM-CM6-1-HR,r1i1p1f2,gn,ssp245,2074-01,2074,1,10.379625112397498,13.14772849079902,-2.7681033784015217
CNRM-CERFACS,CNRM-CM6-1-HR,r1i1p1f2,gn,ssp245,2074-02,2074,2,11.214048573958546,13.430628146380453,-2.2165795724219066
CNRM-CERFACS,CNRM-CM6-1-HR,r1i1p1f2,gn,ssp245,2074-03,2074,3,11.635285428670175,13.558657284132442,-1.9233718554622676
CNRM-CERFACS,CNRM-CM6-1-HR,r1i1p1f2,gn,ssp245,2074-04,2074,4,11.508637496782358,13.4145579666305,-1.9059204698481427
CNRM-CERFACS,CNRM-CM6-1-HR,r1i1p1f2,gn,ssp245,2074-05,2074,5,10.256843290326618,12.534864477989109,-2.2780211876624907
CNRM-CERFACS,CNRM-CM6-1-HR,r1i1p1f2,gn,ssp245,2074-06,2074,6,8.159583258796657,10.646892197227762,-2.487308938431106
CNRM-CERFACS,CNRM-CM6-1-HR,r1i1p1f2,gn,ssp245,2074-07,2074,7,5.688412029149525,8.302371645186227,-2.613959616036702
CNRM-CERFACS,CNRM-CM6-1-HR,r1i1p1f2,gn,ssp245,2074-08,2074,8,3.2280851197959,6.616497250710446,-3.388412130914546
CNRM-CERFACS,CNRM-CM6-1-HR,r1i1p1f2,gn,ssp245,2074-09,2074,9,2.3228770394227225,6.128027986007415,-3.805150946584692
CNRM-CERFACS,CNRM-CM6-1-HR,r1i1p1f2,gn,ssp245,2074-10,2074,10,3.078919375574157,7.8018119249626015,-4.722892549388444
CNRM-CERFACS,CNRM-CM6-1-HR,r1i1p1f2,gn,ssp245,2074-11,2074,11,5.954930187477028,10.313374480749122,-4.358444293272094
CNRM-CERFACS,CNRM-CM6-1-HR,r1i1p1f2,gn,ssp245,2074-12,2074,12,9.194869031486292,12.308292384716971,-3.1134233532306794
CNRM-CERFACS,CNRM-CM6-1-HR,r1i1p1f2,gn,ssp245,2075-01,2075,1,10.904317594051074,13.14772849079902,-2.243410896747946
CNRM-CERFACS,CNRM-CM6-1-HR,r1i1p1f2,gn,ssp245,2075-02,2075,2,11.657894760295656,13.430628146380453,-1.7727333860847967
CNRM-CERFACS,CNRM-CM6-1-HR,r1i1p1f2,gn,ssp245,2075-03,2075,3,11.900504917739038,13.558657284132442,-1.658152366393404
CNRM-CERFACS,CNRM-CM6-1-HR,r1i1p1f2,gn,ssp245,2075-04,2075,4,11.601544190231186,13.4145579666305,-1.8130137763993144
CNRM-CERFACS,CNRM-CM6-1-HR,r1i1p1f2,gn,ssp245,2075-05,2075,5,10.322898552002995,12.534864477989109,-2.2119659259861137
CNRM-CERFACS,CNRM-CM6-1-HR,r1i1p1f2,gn,ssp245,2075-06,2075,6,8.211283218940618,10.646892197227762,-2.435608978287144
CNRM-CERFACS,CNRM-CM6-1-HR,r1i1p1f2,gn,ssp245,2075-07,2075,7,5.7820911557308525,8.302371645186227,-2.5202804894553745
CNRM-CERFACS,CNRM-CM6-1-HR,r1i1p1f2,gn,ssp245,2075-08,2075,8,3.577949837100006,6.616497250710446,-3.03854741361044
CNRM-CERFACS,CNRM-CM6-1-HR,r1i1p1f2,gn,ssp245,2075-09,2075,9,2.4262113028566845,6.128027986007415,-3.70181668315073
CNRM-CERFACS,CNRM-CM6-1-HR,r1i1p1f2,gn,ssp245,2075-10,2075,10,2.8700415851409047,7.8018119249626015,-4.931770339821696
CNRM-CERFACS,CNRM-CM6-1-HR,r1i1p1f2,gn,ssp245,2075-11,2075,11,5.790542375590604,10.313374480749122,-4.522832105158518
CNRM-CERFACS,CNRM-CM6-1-HR,r1i1p1f2,gn,ssp245,2075-12,2075,12,9.093045303577538,12.308292384716971,-3.2152470811394327
CNRM-CERFACS,CNRM-CM6-1-HR,r1i1p1f2,gn,ssp245,2076-01,2076,1,10.440426128647282,13.14772849079902,-2.7073023621517383
CNRM-CERFACS,CNRM-CM6-1-HR,r1i1p1f2,gn,ssp245,2076-02,2076,2,11.307977570015677,13.430628146380453,-2.1226505763647765
CNRM-CERFACS,CNRM-CM6-1-HR,r1i1p1f2,gn,ssp245,2076-03,2076,3,11.573036564737018,13.558657284132442,-1.985620719395424
CNRM-CERFACS,CNRM-CM6-1-HR,r1i1p1f2,gn,ssp245,2076-04,2076,4,11.293155595772065,13.4145579666305,-2.1214023708584353
CNRM-CERFACS,CNRM-CM6-1-HR,r1i1p1f2,gn,ssp245,2076-05,2076,5,10.112920481554918,12.534864477989109,-2.421943996434191
CNRM-CERFACS,CNRM-CM6-1-HR,r1i1p1f2,gn,ssp245,2076-06,2076,6,7.643346860873567,10.646892197227762,-3.003545336354195
CNRM-CERFACS,CNRM-CM6-1-HR,r1i1p1f2,gn,ssp245,2076-07,2076,7,5.355507451106359,8.302371645186227,-2.9468641940798683
CNRM-CERFACS,CNRM-CM6-1-HR,r1i1p1f2,gn,ssp245,2076-08,2076,8,3.3423630703847906,6.616497250710446,-3.2741341803256554
CNRM-CERFACS,CNRM-CM6-1-HR,r1i1p1f2,gn,ssp245,2076-09,2076,9,2.5856335268525776,6.128027986007415,-3.542394459154837
CNRM-CERFACS,CNRM-CM6-1-HR,r1i1p1f2,gn,ssp245,2076-10,2076,10,3.3536742953028584,7.8018119249626015,-4.448137629659743
CNRM-CERFACS,CNRM-CM6-1-HR,r1i1p1f2,gn,ssp245,2076-11,2076,11,6.123099127370978,10.313374480749122,-4.190275353378144
CNRM-CERFACS,CNRM-CM6-1-HR,r1i1p1f2,gn,ssp245,2076-12,2076,12,9.349795006347016,12.308292384716971,-2.9584973783699553
CNRM-CERFACS,CNRM-CM6-1-HR,r1i1p1f2,gn,ssp245,2077-01,2077,1,10.732470857591288,13.14772849079902,-2.415257633207732
CNRM-CERFACS,CNRM-CM6-1-HR,r1i1p1f2,gn,ssp245,2077-02,2077,2,11.13667234778654,13.430628146380453,-2.293955798593913
CNRM-CERFACS,CNRM-CM6-1-HR,r1i1p1f2,gn,ssp245,2077-03,2077,3,11.444928377940773,13.558657284132442,-2.1137289061916693
CNRM-CERFACS,CNRM-CM6-1-HR,r1i1p1f2,gn,ssp245,2077-04,2077,4,11.028850166947597,13.4145579666305,-2.385707799682903
CNRM-CERFACS,CNRM-CM6-1-HR,r1i1p1f2,gn,ssp245,2077-05,2077,5,9.661490505434486,12.534864477989109,-2.8733739725546226
CNRM-CERFACS,CNRM-CM6-1-HR,r1i1p1f2,gn,ssp245,2077-06,2077,6,7.291536023571597,10.646892197227762,-3.3553561736561655
CNRM-CERFACS,CNRM-CM6-1-HR,r1i1p1f2,gn,ssp245,2077-07,2077,7,4.704962142011508,8.302371645186227,-3.5974095031747186
CNRM-CERFACS,CNRM-CM6-1-HR,r1i1p1f2,gn,ssp245,2077-08,2077,8,1.5332335233911127,6.616497250710446,-5.083263727319333
CNRM-CERFACS,CNRM-CM6-1-HR,r1i1p1f2,gn,ssp245,2077-09,2077,9,0.26628151091733326,6.128027986007415,-5.861746475090081
CNRM-CERFACS,CNRM-CM6-1-HR,r1i1p1f2,gn,ssp245,2077-10,2077,10,0.78849381835278,7.8018119249626015,-7.013318106609821
CNRM-CERFACS,CNRM-CM6-1-HR,r1i1p1f2,gn,ssp245,2077-11,2077,11,4.387848923680006,10.313374480749122,-5.925525557069116
CNRM-CERFACS,CNRM-CM6-1-HR,r1i1p1f2,gn,ssp245,2077-12,2077,12,7.589436204789945,12.308292384716971,-4.718856179927026
CNRM-CERFACS,CNRM-CM6-1-HR,r1i1p1f2,gn,ssp245,2078-01,2078,1,10.06630771144866,13.14772849079902,-3.08142077935036
CNRM-CERFACS,CNRM-CM6-1-HR,r1i1p1f2,gn,ssp245,2078-02,2078,2,11.17810196770093,13.430628146380453,-2.2525261786795223
CNRM-CERFACS,CNRM-CM6-1-HR,r1i1p1f2,gn,ssp245,2078-03,2078,3,11.502965997047255,13.558657284132442,-2.055691287085187
CNRM-CERFACS,CNRM-CM6-1-HR,r1i1p1f2,gn,ssp245,2078-04,2078,4,11.229814830009506,13.4145579666305,-2.1847431366209946
CNRM-CERFACS,CNRM-CM6-1-HR,r1i1p1f2,gn,ssp245,2078-05,2078,5,9.94574974540021,12.534864477989109,-2.5891147325888983
CNRM-CERFACS,CNRM-CM6-1-HR,r1i1p1f2,gn,ssp245,2078-06,2078,6,7.663475755410219,10.646892197227762,-2.9834164418175435
CNRM-CERFACS,CNRM-CM6-1-HR,r1i1p1f2,gn,ssp245,2078-07,2078,7,4.695330377948192,8.302371645186227,-3.607041267238035
CNRM-CERFACS,CNRM-CM6-1-HR,r1i1p1f2,gn,ssp245,2078-08,2078,8,2.6252801625571793,6.616497250710446,-3.9912170881532667
CNRM-CERFACS,CNRM-CM6-1-HR,r1i1p1f2,gn,ssp245,2078-09,2078,9,1.6037816130512403,6.128027986007415,-4.524246372956174
CNRM-CERFACS,CNRM-CM6-1-HR,r1i1p1f2,gn,ssp245,2078-10,2078,10,2.4494198350217578,7.8018119249626015,-5.352392089940844
CNRM-CERFACS,CNRM-CM6-1-HR,r1i1p1f2,gn,ssp245,2078-11,2078,11,4.328476691996073,10.313374480749122,-5.984897788753049
CNRM-CERFACS,CNRM-CM6-1-HR,r1i1p1f2,gn,ssp245,2078-12,2078,12,7.945485435564596,12.308292384716971,-4.362806949152375
CNRM-CERFACS,CNRM-CM6-1-HR,r1i1p1f2,gn,ssp245,2079-01,2079,1,9.9236458021807,13.14772849079902,-3.2240826886183207
CNRM-CERFACS,CNRM-CM6-1-HR,r1i1p1f2,gn,ssp245,2079-02,2079,2,10.933305878442239,13.430628146380453,-2.4973222679382143
CNRM-CERFACS,CNRM-CM6-1-HR,r1i1p1f2,gn,ssp245,2079-03,2079,3,11.252474849824134,13.558657284132442,-2.306182434308308
CNRM-CERFACS,CNRM-CM6-1-HR,r1i1p1f2,gn,ssp245,2079-04,2079,4,10.773251593332281,13.4145579666305,-2.641306373298219
CNRM-CERFACS,CNRM-CM6-1-HR,r1i1p1f2,gn,ssp245,2079-05,2079,5,9.421834380837632,12.534864477989109,-3.1130300971514764
CNRM-CERFACS,CNRM-CM6-1-HR,r1i1p1f2,gn,ssp245,2079-06,2079,6,7.439363481924409,10.646892197227762,-3.2075287153033534
CNRM-CERFACS,CNRM-CM6-1-HR,r1i1p1f2,gn,ssp245,2079-07,2079,7,4.70295355385566,8.302371645186227,-3.599418091330567
CNRM-CERFACS,CNRM-CM6-1-HR,r1i1p1f2,gn,ssp245,2079-08,2079,8,1.9623158941364474,6.616497250710446,-4.654181356573998
CNRM-CERFACS,CNRM-CM6-1-HR,r1i1p1f2,gn,ssp245,2079-09,2079,9,0.34382644152532765,6.128027986007415,-5.784201544482087
CNRM-CERFACS,CNRM-CM6-1-HR,r1i1p1f2,gn,ssp245,2079-10,2079,10,1.1355566840012958,7.8018119249626015,-6.666255240961306
CNRM-CERFACS,CNRM-CM6-1-HR,r1i1p1f2,gn,ssp245,2079-11,2079,11,4.161328206285844,10.313374480749122,-6.152046274463278
CNRM-CERFACS,CNRM-CM6-1-HR,r1i1p1f2,gn,ssp245,2079-12,2079,12,7.802105394113216,12.308292384716971,-4.506186990603755
CNRM-CERFACS,CNRM-CM6-1-HR,r1i1p1f2,gn,ssp245,2080-01,2080,1,9.871362467746586,13.14772849079902,-3.276366023052434
CNRM-CERFACS,CNRM-CM6-1-HR,r1i1p1f2,gn,ssp245,2080-02,2080,2,10.697094823013463,13.430628146380453,-2.7335333233669896
CNRM-CERFACS,CNRM-CM6-1-HR,r1i1p1f2,gn,ssp245,2080-03,2080,3,11.047117306023438,13.558657284132442,-2.5115399781090044
CNRM-CERFACS,CNRM-CM6-1-HR,r1i1p1f2,gn,ssp245,2080-04,2080,4,10.645502437220234,13.4145579666305,-2.7690555294102666
CNRM-CERFACS,CNRM-CM6-1-HR,r1i1p1f2,gn,ssp245,2080-05,2080,5,9.226355264819013,12.534864477989109,-3.3085092131700957
CNRM-CERFACS,CNRM-CM6-1-HR,r1i1p1f2,gn,ssp245,2080-06,2080,6,7.117358244577172,10.646892197227762,-3.5295339526505902
CNRM-CERFACS,CNRM-CM6-1-HR,r1i1p1f2,gn,ssp245,2080-07,2080,7,4.515008270356851,8.302371645186227,-3.7873633748293765
CNRM-CERFACS,CNRM-CM6-1-HR,r1i1p1f2,gn,ssp245,2080-08,2080,8,2.272002209857041,6.616497250710446,-4.344495040853404
CNRM-CERFACS,CNRM-CM6-1-HR,r1i1p1f2,gn,ssp245,2080-09,2080,9,1.1788412017736638,6.128027986007415,-4.949186784233751
CNRM-CERFACS,CNRM-CM6-1-HR,r1i1p1f2,gn,ssp245,2080-10,2080,10,1.8588194680798071,7.8018119249626015,-5.942992456882794
CNRM-CERFACS,CNRM-CM6-1-HR,r1i1p1f2,gn,ssp245,2080-11,2080,11,4.721121368130624,10.313374480749122,-5.592253112618498
CNRM-CERFACS,CNRM-CM6-1-HR,r1i1p1f2,gn,ssp245,2080-12,2080,12,8.680044174816784,12.308292384716971,-3.628248209900187
CNRM-CERFACS,CNRM-CM6-1-HR,r1i1p1f2,gn,ssp245,2081-01,2081,1,10.15147641251696,13.14772849079902,-2.99625207828206
CNRM-CERFACS,CNRM-CM6-1-HR,r1i1p1f2,gn,ssp245,2081-02,2081,2,10.891857503835219,13.430628146380453,-2.5387706425452343
CNRM-CERFACS,CNRM-CM6-1-HR,r1i1p1f2,gn,ssp245,2081-03,2081,3,11.1728759492591,13.558657284132442,-2.385781334873343
CNRM-CERFACS,CNRM-CM6-1-HR,r1i1p1f2,gn,ssp245,2081-04,2081,4,11.019776736255997,13.4145579666305,-2.3947812303745035
CNRM-CERFACS,CNRM-CM6-1-HR,r1i1p1f2,gn,ssp245,2081-05,2081,5,9.650661803177368,12.534864477989109,-2.884202674811741
CNRM-CERFACS,CNRM-CM6-1-HR,r1i1p1f2,gn,ssp245,2081-06,2081,6,7.155326269864623,10.646892197227762,-3.4915659273631396
CNRM-CERFACS,CNRM-CM6-1-HR,r1i1p1f2,gn,ssp245,2081-07,2081,7,4.563964442184267,8.302371645186227,-3.7384072030019597
CNRM-CERFACS,CNRM-CM6-1-HR,r1i1p1f2,gn,ssp245,2081-08,2081,8,2.1929946092269126,6.616497250710446,-4.423502641483534
CNRM-CERFACS,CNRM-CM6-1-HR,r1i1p1f2,gn,ssp245,2081-09,2081,9,1.3839121494027273,6.128027986007415,-4.744115836604688
CNRM-CERFACS,CNRM-CM6-1-HR,r1i1p1f2,gn,ssp245,2081-10,2081,10,2.0253243572956134,7.8018119249626015,-5.7764875676669885
CNRM-CERFACS,CNRM-CM6-1-HR,r1i1p1f2,gn,ssp245,2081-11,2081,11,3.7169667653632277,10.313374480749122,-6.596407715385894
CNRM-CERFACS,CNRM-CM6-1-HR,r1i1p1f2,gn,ssp245,2081-12,2081,12,7.661921319705671,12.308292384716971,-4.6463710650113
CNRM-CERFACS,CNRM-CM6-1-HR,r1i1p1f2,gn,ssp245,2082-01,2082,1,10.05867459203891,13.14772849079902,-3.0890538987601097
CNRM-CERFACS,CNRM-CM6-1-HR,r1i1p1f2,gn,ssp245,2082-02,2082,2,11.017110597701341,13.430628146380453,-2.4135175486791116
CNRM-CERFACS,CNRM-CM6-1-HR,r1i1p1f2,gn,ssp245,2082-03,2082,3,11.222584190465508,13.558657284132442,-2.3360730936669345
CNRM-CERFACS,CNRM-CM6-1-HR,r1i1p1f2,gn,ssp245,2082-04,2082,4,10.909922272907409,13.4145579666305,-2.504635693723092
CNRM-CERFACS,CNRM-CM6-1-HR,r1i1p1f2,gn,ssp245,2082-05,2082,5,9.693869154916243,12.534864477989109,-2.8409953230728657
CNRM-CERFACS,CNRM-CM6-1-HR,r1i1p1f2,gn,ssp245,2082-06,2082,6,7.641912917238956,10.646892197227762,-3.004979279988806
CNRM-CERFACS,CNRM-CM6-1-HR,r1i1p1f2,gn,ssp245,2082-07,2082,7,5.125831723307546,8.302371645186227,-3.176539921878681
CNRM-CERFACS,CNRM-CM6-1-HR,r1i1p1f2,gn,ssp245,2082-08,2082,8,2.656918388029729,6.616497250710446,-3.959578862680717
CNRM-CERFACS,CNRM-CM6-1-HR,r1i1p1f2,gn,ssp245,2082-09,2082,9,1.4598892024276662,6.128027986007415,-4.6681387835797485
CNRM-CERFACS,CNRM-CM6-1-HR,r1i1p1f2,gn,ssp245,2082-10,2082,10,2.363054473099302,7.8018119249626015,-5.4387574518632995
CNRM-CERFACS,CNRM-CM6-1-HR,r1i1p1f2,gn,ssp245,2082-11,2082,11,5.032153701445121,10.313374480749122,-5.281220779304001
CNRM-CERFACS,CNRM-CM6-1-HR,r1i1p1f2,gn,ssp245,2082-12,2082,12,8.350940194588068,12.308292384716971,-3.957352190128903
CNRM-CERFACS,CNRM-CM6-1-HR,r1i1p1f2,gn,ssp245,2083-01,2083,1,10.440692946344491,13.14772849079902,-2.707035544454529
CNRM-CERFACS,CNRM-CM6-1-HR,r1i1p1f2,gn,ssp245,2083-02,2083,2,11.180049438893967,13.430628146380453,-2.2505787074864863
CNRM-CERFACS,CNRM-CM6-1-HR,r1i1p1f2,gn,ssp245,2083-03,2083,3,11.312658759827073,13.558657284132442,-2.245998524305369
CNRM-CERFACS,CNRM-CM6-1-HR,r1i1p1f2,gn,ssp245,2083-04,2083,4,10.78917671117701,13.4145579666305,-2.6253812554534903
CNRM-CERFACS,CNRM-CM6-1-HR,r1i1p1f2,gn,ssp245,2083-05,2083,5,9.70240211474645,12.534864477989109,-2.8324623632426587
CNRM-CERFACS,CNRM-CM6-1-HR,r1i1p1f2,gn,ssp245,2083-06,2083,6,7.747517424464254,10.646892197227762,-2.899374772763508
CNRM-CERFACS,CNRM-CM6-1-HR,r1i1p1f2,gn,ssp245,2083-07,2083,7,5.057975314559087,8.302371645186227,-3.24439633062714
CNRM-CERFACS,CNRM-CM6-1-HR,r1i1p1f2,gn,ssp245,2083-08,2083,8,1.9179541696426075,6.616497250710446,-4.698543081067839
CNRM-CERFACS,CNRM-CM6-1-HR,r1i1p1f2,gn,ssp245,2083-09,2083,9,1.0003298768545201,6.128027986007415,-5.127698109152894
CNRM-CERFACS,CNRM-CM6-1-HR,r1i1p1f2,gn,ssp245,2083-10,2083,10,1.6539115943755214,7.8018119249626015,-6.14790033058708
CNRM-CERFACS,CNRM-CM6-1-HR,r1i1p1f2,gn,ssp245,2083-11,2083,11,5.1053628455951925,10.313374480749122,-5.208011635153929
CNRM-CERFACS,CNRM-CM6-1-HR,r1i1p1f2,gn,ssp245,2083-12,2083,12,8.3360721035771,12.308292384716971,-3.9722202811398706
CNRM-CERFACS,CNRM-CM6-1-HR,r1i1p1f2,gn,ssp245,2084-01,2084,1,9.977886449282508,13.14772849079902,-3.169842041516512
CNRM-CERFACS,CNRM-CM6-1-HR,r1i1p1f2,gn,ssp245,2084-02,2084,2,10.94699208261451,13.430628146380453,-2.4836360637659425
CNRM-CERFACS,CNRM-CM6-1-HR,r1i1p1f2,gn,ssp245,2084-03,2084,3,11.332554513582416,13.558657284132442,-2.2261027705500265
CNRM-CERFACS,CNRM-CM6-1-HR,r1i1p1f2,gn,ssp245,2084-04,2084,4,10.937773381055889,13.4145579666305,-2.4767845855746113
CNRM-CERFACS,CNRM-CM6-1-HR,r1i1p1f2,gn,ssp245,2084-05,2084,5,9.606211289830652,12.534864477989109,-2.9286531881584565
CNRM-CERFACS,CNRM-CM6-1-HR,r1i1p1f2,gn,ssp245,2084-06,2084,6,7.6712822230511435,10.646892197227762,-2.975609974176619
CNRM-CERFACS,CNRM-CM6-1-HR,r1i1p1f2,gn,ssp245,2084-07,2084,7,4.886059775634028,8.302371645186227,-3.4163118695521995
CNRM-CERFACS,CNRM-CM6-1-HR,r1i1p1f2,gn,ssp245,2084-08,2084,8,1.9850923901516628,6.616497250710446,-4.631404860558783
CNRM-CERFACS,CNRM-CM6-1-HR,r1i1p1f2,gn,ssp245,2084-09,2084,9,0.8325323691710527,6.128027986007415,-5.295495616836362
CNRM-CERFACS,CNRM-CM6-1-HR,r1i1p1f2,gn,ssp245,2084-10,2084,10,1.7052604032245244,7.8018119249626015,-6.096551521738077
CNRM-CERFACS,CNRM-CM6-1-HR,r1i1p1f2,gn,ssp245,2084-11,2084,11,4.711728743144209,10.313374480749122,-5.601645737604913
CNRM-CERFACS,CNRM-CM6-1-HR,r1i1p1f2,gn,ssp245,2084-12,2084,12,7.94347456295415,12.308292384716971,-4.364817821762821
CNRM-CERFACS,CNRM-CM6-1-HR,r1i1p1f2,gn,ssp245,2085-01,2085,1,9.706210701860334,13.14772849079902,-3.441517788938686
CNRM-CERFACS,CNRM-CM6-1-HR,r1i1p1f2,gn,ssp245,2085-02,2085,2,10.71111233442466,13.430628146380453,-2.7195158119557927
CNRM-CERFACS,CNRM-CM6-1-HR,r1i1p1f2,gn,ssp245,2085-03,2085,3,11.25672622806524,13.558657284132442,-2.301931056067202
CNRM-CERFACS,CNRM-CM6-1-HR,r1i1p1f2,gn,ssp245,2085-04,2085,4,10.812270442785572,13.4145579666305,-2.602287523844929
CNRM-CERFACS,CNRM-CM6-1-HR,r1i1p1f2,gn,ssp245,2085-05,2085,5,9.545118196427,12.534864477989109,-2.989746281562109
CNRM-CERFACS,CNRM-CM6-1-HR,r1i1p1f2,gn,ssp245,2085-06,2085,6,7.531864096717923,10.646892197227762,-3.1150281005098392
CNRM-CERFACS,CNRM-CM6-1-HR,r1i1p1f2,gn,ssp245,2085-07,2085,7,4.585358445642464,8.302371645186227,-3.7170131995437634
CNRM-CERFACS,CNRM-CM6-1-HR,r1i1p1f2,gn,ssp245,2085-08,2085,8,1.2464423273658833,6.616497250710446,-5.370054923344563
CNRM-CERFACS,CNRM-CM6-1-HR,r1i1p1f2,gn,ssp245,2085-09,2085,9,0.16898039732444442,6.128027986007415,-5.95904758868297
CNRM-CERFACS,CNRM-CM6-1-HR,r1i1p1f2,gn,ssp245,2085-10,2085,10,0.9676837276800208,7.8018119249626015,-6.834128197282581
CNRM-CERFACS,CNRM-CM6-1-HR,r1i1p1f2,gn,ssp245,2085-11,2085,11,4.576654486884725,10.313374480749122,-5.736719993864397
CNRM-CERFACS,CNRM-CM6-1-HR,r1i1p1f2,gn,ssp245,2085-12,2085,12,8.06302721386568,12.308292384716971,-4.24526517085129
CNRM-CERFACS,CNRM-CM6-1-HR,r1i1p1f2,gn,ssp245,2086-01,2086,1,9.882789357227146,13.14772849079902,-3.2649391335718736
CNRM-CERFACS,CNRM-CM6-1-HR,r1i1p1f2,gn,ssp245,2086-02,2086,2,10.902155560605468,13.430628146380453,-2.528472585774985
CNRM-CERFACS,CNRM-CM6-1-HR,r1i1p1f2,gn,ssp245,2086-03,2086,3,11.306248035006082,13.558657284132442,-2.2524092491263605
CNRM-CERFACS,CNRM-CM6-1-HR,r1i1p1f2,gn,ssp245,2086-04,2086,4,10.942754330783277,13.4145579666305,-2.4718036358472233
CNRM-CERFACS,CNRM-CM6-1-HR,r1i1p1f2,gn,ssp245,2086-05,2086,5,9.553342863222214,12.534864477989109,-2.981521614766894
CNRM-CERFACS,CNRM-CM6-1-HR,r1i1p1f2,gn,ssp245,2086-06,2086,6,6.975607465364721,10.646892197227762,-3.6712847318630413
CNRM-CERFACS,CNRM-CM6-1-HR,r1i1p1f2,gn,ssp245,2086-07,2086,7,4.482840676881312,8.302371645186227,-3.819530968304915
CNRM-CERFACS,CNRM-CM6-1-HR,r1i1p1f2,gn,ssp245,2086-08,2086,8,1.9291796698097479,6.616497250710446,-4.687317580900698
CNRM-CERFACS,CNRM-CM6-1-HR,r1i1p1f2,gn,ssp245,2086-09,2086,9,1.0693084954801337,6.128027986007415,-5.058719490527281
CNRM-CERFACS,CNRM-CM6-1-HR,r1i1p1f2,gn,ssp245,2086-10,2086,10,1.8653885978954639,7.8018119249626015,-5.936423327067137
CNRM-CERFACS,CNRM-CM6-1-HR,r1i1p1f2,gn,ssp245,2086-11,2086,11,4.157670987048819,10.313374480749122,-6.155703493700303
CNRM-CERFACS,CNRM-CM6-1-HR,r1i1p1f2,gn,ssp245,2086-12,2086,12,7.868471704001005,12.308292384716971,-4.439820680715966
CNRM-CERFACS,CNRM-CM6-1-HR,r1i1p1f2,gn,ssp245,2087-01,2087,1,9.798629488712658,13.14772849079902,-3.349099002086362
CNRM-CERFACS,CNRM-CM6-1-HR,r1i1p1f2,gn,ssp245,2087-02,2087,2,10.785404040581845,13.430628146380453,-2.645224105798608
CNRM-CERFACS,CNRM-CM6-1-HR,r1i1p1f2,gn,ssp245,2087-03,2087,3,11.285262692353784,13.558657284132442,-2.2733945917786578
CNRM-CERFACS,CNRM-CM6-1-HR,r1i1p1f2,gn,ssp245,2087-04,2087,4,10.7379105763386,13.4145579666305,-2.676647390291901
CNRM-CERFACS,CNRM-CM6-1-HR,r1i1p1f2,gn,ssp245,2087-05,2087,5,9.064512995965767,12.534864477989109,-3.470351482023341
CNRM-CERFACS,CNRM-CM6-1-HR,r1i1p1f2,gn,ssp245,2087-06,2087,6,6.696427584692964,10.646892197227762,-3.950464612534798
CNRM-CERFACS,CNRM-CM6-1-HR,r1i1p1f2,gn,ssp245,2087-07,2087,7,3.892351133826717,8.302371645186227,-4.410020511359511
CNRM-CERFACS,CNRM-CM6-1-HR,r1i1p1f2,gn,ssp245,2087-08,2087,8,1.0995123226132082,6.616497250710446,-5.516984928097238
CNRM-CERFACS,CNRM-CM6-1-HR,r1i1p1f2,gn,ssp245,2087-09,2087,9,0.2729034158168971,6.128027986007415,-5.855124570190518
CNRM-CERFACS,CNRM-CM6-1-HR,r1i1p1f2,gn,ssp245,2087-10,2087,10,0.8265227121741191,7.8018119249626015,-6.975289212788482
CNRM-CERFACS,CNRM-CM6-1-HR,r1i1p1f2,gn,ssp245,2087-11,2087,11,2.7887545835130982,10.313374480749122,-7.524619897236024
CNRM-CERFACS,CNRM-CM6-1-HR,r1i1p1f2,gn,ssp245,2087-12,2087,12,6.502910351830674,12.308292384716971,-5.805382032886297
CNRM-CERFACS,CNRM-CM6-1-HR,r1i1p1f2,gn,ssp245,2088-01,2088,1,9.368695485297211,13.14772849079902,-3.779033005501809
CNRM-CERFACS,CNRM-CM6-1-HR,r1i1p1f2,gn,ssp245,2088-02,2088,2,10.56615646600347,13.430628146380453,-2.864471680376983
CNRM-CERFACS,CNRM-CM6-1-HR,r1i1p1f2,gn,ssp245,2088-03,2088,3,10.868697706098065,13.558657284132442,-2.6899595780343777
CNRM-CERFACS,CNRM-CM6-1-HR,r1i1p1f2,gn,ssp245,2088-04,2088,4,10.739912207421868,13.4145579666305,-2.674645759208632
CNRM-CERFACS,CNRM-CM6-1-HR,r1i1p1f2,gn,ssp245,2088-05,2088,5,9.219784664518322,12.534864477989109,-3.3150798134707866
CNRM-CERFACS,CNRM-CM6-1-HR,r1i1p1f2,gn,ssp245,2088-06,2088,6,6.943457030749521,10.646892197227762,-3.7034351664782417
CNRM-CERFACS,CNRM-CM6-1-HR,r1i1p1f2,gn,ssp245,2088-07,2088,7,3.8316591255677626,8.302371645186227,-4.4707125196184645
CNRM-CERFACS,CNRM-CM6-1-HR,r1i1p1f2,gn,ssp245,2088-08,2088,8,0.6265255717220555,6.616497250710446,-5.989971678988391
CNRM-CERFACS,CNRM-CM6-1-HR,r1i1p1f2,gn,ssp245,2088-09,2088,9,0.045097898723282695,6.128027986007415,-6.082930087284132
CNRM-CERFACS,CNRM-CM6-1-HR,r1i1p1f2,gn,ssp245,2088-10,2088,10,0.196717129135396,7.8018119249626015,-7.605094795827205
CNRM-CERFACS,CNRM-CM6-1-HR,r1i1p1f2,gn,ssp245,2088-11,2088,11,2.8105492532270153,10.313374480749122,-7.502825227522107
CNRM-CERFACS,CNRM-CM6-1-HR,r1i1p1f2,gn,ssp245,2088-12,2088,12,6.898174319767262,12.308292384716971,-5.410118064949709
CNRM-CERFACS,CNRM-CM6-1-HR,r1i1p1f2,gn,ssp245,2089-01,2089,1,9.429009483339442,13.14772849079902,-3.718719007459578
CNRM-CERFACS,CNRM-CM6-1-HR,r1i1p1f2,gn,ssp245,2089-02,2089,2,10.580979154443094,13.430628146380453,-2.849648991937359
CNRM-CERFACS,CNRM-CM6-1-HR,r1i1p1f2,gn,ssp245,2089-03,2089,3,11.120569396613627,13.558657284132442,-2.4380878875188152
CNRM-CERFACS,CNRM-CM6-1-HR,r1i1p1f2,gn,ssp245,2089-04,2089,4,10.94784420298195,13.4145579666305,-2.466713763648551
CNRM-CERFACS,CNRM-CM6-1-HR,r1i1p1f2,gn,ssp245,2089-05,2089,5,9.454532798033444,12.534864477989109,-3.0803316799556644
CNRM-CERFACS,CNRM-CM6-1-HR,r1i1p1f2,gn,ssp245,2089-06,2089,6,7.4176945875007245,10.646892197227762,-3.229197609727038
CNRM-CERFACS,CNRM-CM6-1-HR,r1i1p1f2,gn,ssp245,2089-07,2089,7,4.786036446469144,8.302371645186227,-3.5163351987170834
CNRM-CERFACS,CNRM-CM6-1-HR,r1i1p1f2,gn,ssp245,2089-08,2089,8,1.9549049875681495,6.616497250710446,-4.661592263142296
CNRM-CERFACS,CNRM-CM6-1-HR,r1i1p1f2,gn,ssp245,2089-09,2089,9,0.32564429087537095,6.128027986007415,-5.802383695132043
CNRM-CERFACS,CNRM-CM6-1-HR,r1i1p1f2,gn,ssp245,2089-10,2089,10,0.9310101545014313,7.8018119249626015,-6.870801770461171
CNRM-CERFACS,CNRM-CM6-1-HR,r1i1p1f2,gn,ssp245,2089-11,2089,11,4.217598223823595,10.313374480749122,-6.095776256925527
CNRM-CERFACS,CNRM-CM6-1-HR,r1i1p1f2,gn,ssp245,2089-12,2089,12,7.84526177424744,12.308292384716971,-4.463030610469531
CNRM-CERFACS,CNRM-CM6-1-HR,r1i1p1f2,gn,ssp245,2090-01,2090,1,9.709286055029185,13.14772849079902,-3.4384424357698347
CNRM-CERFACS,CNRM-CM6-1-HR,r1i1p1f2,gn,ssp245,2090-02,2090,2,10.740760523793982,13.430628146380453,-2.689867622586471
CNRM-CERFACS,CNRM-CM6-1-HR,r1i1p1f2,gn,ssp245,2090-03,2090,3,10.92929882354862,13.558657284132442,-2.6293584605838216
CNRM-CERFACS,CNRM-CM6-1-HR,r1i1p1f2,gn,ssp245,2090-04,2090,4,10.464407078630536,13.4145579666305,-2.950150887999964
CNRM-CERFACS,CNRM-CM6-1-HR,r1i1p1f2,gn,ssp245,2090-05,2090,5,9.10427233727546,12.534864477989109,-3.4305921407136477
CNRM-CERFACS,CNRM-CM6-1-HR,r1i1p1f2,gn,ssp245,2090-06,2090,6,6.678626312927424,10.646892197227762,-3.9682658843003384
CNRM-CERFACS,CNRM-CM6-1-HR,r1i1p1f2,gn,ssp245,2090-07,2090,7,3.820034777398042,8.302371645186227,-4.4823368677881845
CNRM-CERFACS,CNRM-CM6-1-HR,r1i1p1f2,gn,ssp245,2090-08,2090,8,1.2754936852002488,6.616497250710446,-5.3410035655101975
CNRM-CERFACS,CNRM-CM6-1-HR,r1i1p1f2,gn,ssp245,2090-09,2090,9,0.2068778032236753,6.128027986007415,-5.921150182783739
CNRM-CERFACS,CNRM-CM6-1-HR,r1i1p1f2,gn,ssp245,2090-10,2090,10,0.7606422605004549,7.8018119249626015,-7.041169664462147
CNRM-CERFACS,CNRM-CM6-1-HR,r1i1p1f2,gn,ssp245,2090-11,2090,11,3.5209159981160387,10.313374480749122,-6.792458482633084
CNRM-CERFACS,CNRM-CM6-1-HR,r1i1p1f2,gn,ssp245,2090-12,2090,12,7.404742175792973,12.308292384716971,-4.903550208923998
CNRM-CERFACS,CNRM-CM6-1-HR,r1i1p1f2,gn,ssp245,2091-01,2091,1,9.728375685166478,13.14772849079902,-3.419352805632542
CNRM-CERFACS,CNRM-CM6-1-HR,r1i1p1f2,gn,ssp245,2091-02,2091,2,10.833179351429036,13.430628146380453,-2.5974487949514167
CNRM-CERFACS,CNRM-CM6-1-HR,r1i1p1f2,gn,ssp245,2091-03,2091,3,11.294138617827844,13.558657284132442,-2.264518666304598
CNRM-CERFACS,CNRM-CM6-1-HR,r1i1p1f2,gn,ssp245,2091-04,2091,4,11.042211284824976,13.4145579666305,-2.3723466818055243
CNRM-CERFACS,CNRM-CM6-1-HR,r1i1p1f2,gn,ssp245,2091-05,2091,5,9.555910379008171,12.534864477989109,-2.978954098980937
CNRM-CERFACS,CNRM-CM6-1-HR,r1i1p1f2,gn,ssp245,2091-06,2091,6,7.307266351809136,10.646892197227762,-3.3396258454186265
CNRM-CERFACS,CNRM-CM6-1-HR,r1i1p1f2,gn,ssp245,2091-07,2091,7,3.9798152266141127,8.302371645186227,-4.322556418572114
CNRM-CERFACS,CNRM-CM6-1-HR,r1i1p1f2,gn,ssp245,2091-08,2091,8,1.2045298313466914,6.616497250710446,-5.411967419363755
CNRM-CERFACS,CNRM-CM6-1-HR,r1i1p1f2,gn,ssp245,2091-09,2091,9,0.1787416401773307,6.128027986007415,-5.949286345830084
CNRM-CERFACS,CNRM-CM6-1-HR,r1i1p1f2,gn,ssp245,2091-10,2091,10,0.5753103565940112,7.8018119249626015,-7.22650156836859
CNRM-CERFACS,CNRM-CM6-1-HR,r1i1p1f2,gn,ssp245,2091-11,2091,11,3.2973715472389347,10.313374480749122,-7.016002933510187
CNRM-CERFACS,CNRM-CM6-1-HR,r1i1p1f2,gn,ssp245,2091-12,2091,12,7.335346340228423,12.308292384716971,-4.972946044488548
CNRM-CERFACS,CNRM-CM6-1-HR,r1i1p1f2,gn,ssp245,2092-01,2092,1,9.825390150036204,13.14772849079902,-3.3223383407628155
CNRM-CERFACS,CNRM-CM6-1-HR,r1i1p1f2,gn,ssp245,2092-02,2092,2,10.956655496396577,13.430628146380453,-2.4739726499838763
CNRM-CERFACS,CNRM-CM6-1-HR,r1i1p1f2,gn,ssp245,2092-03,2092,3,11.30026887768441,13.558657284132442,-2.2583884064480326
CNRM-CERFACS,CNRM-CM6-1-HR,r1i1p1f2,gn,ssp245,2092-04,2092,4,10.949512102626274,13.4145579666305,-2.4650458640042263
CNRM-CERFACS,CNRM-CM6-1-HR,r1i1p1f2,gn,ssp245,2092-05,2092,5,9.484829024987945,12.534864477989109,-3.050035453001163
CNRM-CERFACS,CNRM-CM6-1-HR,r1i1p1f2,gn,ssp245,2092-06,2092,6,7.206630196918978,10.646892197227762,-3.4402620003087847
CNRM-CERFACS,CNRM-CM6-1-HR,r1i1p1f2,gn,ssp245,2092-07,2092,7,4.353935017215321,8.302371645186227,-3.9484366279709064
CNRM-CERFACS,CNRM-CM6-1-HR,r1i1p1f2,gn,ssp245,2092-08,2092,8,1.7736319546821948,6.616497250710446,-4.842865296028251
CNRM-CERFACS,CNRM-CM6-1-HR,r1i1p1f2,gn,ssp245,2092-09,2092,9,0.8969862067261601,6.128027986007415,-5.231041779281255
CNRM-CERFACS,CNRM-CM6-1-HR,r1i1p1f2,gn,ssp245,2092-10,2092,10,1.734748773326221,7.8018119249626015,-6.067063151636381
CNRM-CERFACS,CNRM-CM6-1-HR,r1i1p1f2,gn,ssp245,2092-11,2092,11,5.114046500081859,10.313374480749122,-5.199327980667263
CNRM-CERFACS,CNRM-CM6-1-HR,r1i1p1f2,gn,ssp245,2092-12,2092,12,8.174389296352018,12.308292384716971,-4.133903088364953
CNRM-CERFACS,CNRM-CM6-1-HR,r1i1p1f2,gn,ssp245,2093-01,2093,1,9.938554867469081,13.14772849079902,-3.2091736233299386
CNRM-CERFACS,CNRM-CM6-1-HR,r1i1p1f2,gn,ssp245,2093-02,2093,2,10.946528168651236,13.430628146380453,-2.484099977729217
CNRM-CERFACS,CNRM-CM6-1-HR,r1i1p1f2,gn,ssp245,2093-03,2093,3,11.095208439806898,13.558657284132442,-2.4634488443255442
CNRM-CERFACS,CNRM-CM6-1-HR,r1i1p1f2,gn,ssp245,2093-04,2093,4,11.015397792111754,13.4145579666305,-2.3991601745187463
CNRM-CERFACS,CNRM-CM6-1-HR,r1i1p1f2,gn,ssp245,2093-05,2093,5,9.583171928820502,12.534864477989109,-2.951692549168607
CNRM-CERFACS,CNRM-CM6-1-HR,r1i1p1f2,gn,ssp245,2093-06,2093,6,7.246201104216507,10.646892197227762,-3.4006910930112557
CNRM-CERFACS,CNRM-CM6-1-HR,r1i1p1f2,gn,ssp245,2093-07,2093,7,4.208000615320256,8.302371645186227,-4.094371029865971
CNRM-CERFACS,CNRM-CM6-1-HR,r1i1p1f2,gn,ssp245,2093-08,2093,8,1.5784393153313139,6.616497250710446,-5.038057935379133
CNRM-CERFACS,CNRM-CM6-1-HR,r1i1p1f2,gn,ssp245,2093-09,2093,9,0.7361504038661524,6.128027986007415,-5.391877582141262
CNRM-CERFACS,CNRM-CM6-1-HR,r1i1p1f2,gn,ssp245,2093-10,2093,10,1.0363018383445894,7.8018119249626015,-6.765510086618012
CNRM-CERFACS,CNRM-CM6-1-HR,r1i1p1f2,gn,ssp245,2093-11,2093,11,3.1691160993017005,10.313374480749122,-7.144258381447422
CNRM-CERFACS,CNRM-CM6-1-HR,r1i1p1f2,gn,ssp245,2093-12,2093,12,7.547228687795155,12.308292384716971,-4.761063696921816
CNRM-CERFACS,CNRM-CM6-1-HR,r1i1p1f2,gn,ssp245,2094-01,2094,1,9.95215468237988,13.14772849079902,-3.195573808419139
CNRM-CERFACS,CNRM-CM6-1-HR,r1i1p1f2,gn,ssp245,2094-02,2094,2,10.84365136734647,13.430628146380453,-2.586976779033984
CNRM-CERFACS,CNRM-CM6-1-HR,r1i1p1f2,gn,ssp245,2094-03,2094,3,11.035241727603848,13.558657284132442,-2.523415556528594
CNRM-CERFACS,CNRM-CM6-1-HR,r1i1p1f2,gn,ssp245,2094-04,2094,4,10.81574706980988,13.4145579666305,-2.59881089682062
CNRM-CERFACS,CNRM-CM6-1-HR,r1i1p1f2,gn,ssp245,2094-05,2094,5,9.339358074511207,12.534864477989109,-3.1955064034779017
CNRM-CERFACS,CNRM-CM6-1-HR,r1i1p1f2,gn,ssp245,2094-06,2094,6,6.984676056547974,10.646892197227762,-3.6622161406797886
CNRM-CERFACS,CNRM-CM6-1-HR,r1i1p1f2,gn,ssp245,2094-07,2094,7,4.0694934874215205,8.302371645186227,-4.2328781577647066
CNRM-CERFACS,CNRM-CM6-1-HR,r1i1p1f2,gn,ssp245,2094-08,2094,8,2.0107671115973353,6.616497250710446,-4.605730139113111
CNRM-CERFACS,CNRM-CM6-1-HR,r1i1p1f2,gn,ssp245,2094-09,2094,9,1.3430672404216164,6.128027986007415,-4.784960745585798
CNRM-CERFACS,CNRM-CM6-1-HR,r1i1p1f2,gn,ssp245,2094-10,2094,10,1.8794184438497181,7.8018119249626015,-5.922393481112883
CNRM-CERFACS,CNRM-CM6-1-HR,r1i1p1f2,gn,ssp245,2094-11,2094,11,3.372113596856902,10.313374480749122,-6.94126088389222
CNRM-CERFACS,CNRM-CM6-1-HR,r1i1p1f2,gn,ssp245,2094-12,2094,12,6.923269722053322,12.308292384716971,-5.385022662663649
CNRM-CERFACS,CNRM-CM6-1-HR,r1i1p1f2,gn,ssp245,2095-01,2095,1,9.612533712870402,13.14772849079902,-3.535194777928618
CNRM-CERFACS,CNRM-CM6-1-HR,r1i1p1f2,gn,ssp245,2095-02,2095,2,11.025747989295287,13.430628146380453,-2.4048801570851666
CNRM-CERFACS,CNRM-CM6-1-HR,r1i1p1f2,gn,ssp245,2095-03,2095,3,11.345596224177493,13.558657284132442,-2.213061059954949
CNRM-CERFACS,CNRM-CM6-1-HR,r1i1p1f2,gn,ssp245,2095-04,2095,4,11.171590930316004,13.4145579666305,-2.2429670363144965
CNRM-CERFACS,CNRM-CM6-1-HR,r1i1p1f2,gn,ssp245,2095-05,2095,5,9.728386566252961,12.534864477989109,-2.806477911736147
CNRM-CERFACS,CNRM-CM6-1-HR,r1i1p1f2,gn,ssp245,2095-06,2095,6,7.301906716638512,10.646892197227762,-3.3449854805892505
CNRM-CERFACS,CNRM-CM6-1-HR,r1i1p1f2,gn,ssp245,2095-07,2095,7,4.521643897995716,8.302371645186227,-3.780727747190511
CNRM-CERFACS,CNRM-CM6-1-HR,r1i1p1f2,gn,ssp245,2095-08,2095,8,1.6365369485312544,6.616497250710446,-4.979960302179192
CNRM-CERFACS,CNRM-CM6-1-HR,r1i1p1f2,gn,ssp245,2095-09,2095,9,0.24658929558093792,6.128027986007415,-5.881438690426477
CNRM-CERFACS,CNRM-CM6-1-HR,r1i1p1f2,gn,ssp245,2095-10,2095,10,1.172639294901179,7.8018119249626015,-6.629172630061422
CNRM-CERFACS,CNRM-CM6-1-HR,r1i1p1f2,gn,ssp245,2095-11,2095,11,4.383326919979804,10.313374480749122,-5.930047560769318
CNRM-CERFACS,CNRM-CM6-1-HR,r1i1p1f2,gn,ssp245,2095-12,2095,12,7.362972080796142,12.308292384716971,-4.945320303920829
CNRM-CERFACS,CNRM-CM6-1-HR,r1i1p1f2,gn,ssp245,2096-01,2096,1,9.806049652496032,13.14772849079902,-3.341678838302988
CNRM-CERFACS,CNRM-CM6-1-HR,r1i1p1f2,gn,ssp245,2096-02,2096,2,10.954751167334997,13.430628146380453,-2.475876979045456
CNRM-CERFACS,CNRM-CM6-1-HR,r1i1p1f2,gn,ssp245,2096-03,2096,3,11.252636432399381,13.558657284132442,-2.306020851733061
CNRM-CERFACS,CNRM-CM6-1-HR,r1i1p1f2,gn,ssp245,2096-04,2096,4,10.869652833196431,13.4145579666305,-2.544905133434069
CNRM-CERFACS,CNRM-CM6-1-HR,r1i1p1f2,gn,ssp245,2096-05,2096,5,9.480867653399638,12.534864477989109,-3.05399682458947
CNRM-CERFACS,CNRM-CM6-1-HR,r1i1p1f2,gn,ssp245,2096-06,2096,6,7.206299368270492,10.646892197227762,-3.4405928289572705
CNRM-CERFACS,CNRM-CM6-1-HR,r1i1p1f2,gn,ssp245,2096-07,2096,7,4.309748284860935,8.302371645186227,-3.9926233603252923
CNRM-CERFACS,CNRM-CM6-1-HR,r1i1p1f2,gn,ssp245,2096-08,2096,8,1.4987737862226658,6.616497250710446,-5.1177234644877805
CNRM-CERFACS,CNRM-CM6-1-HR,r1i1p1f2,gn,ssp245,2096-09,2096,9,0.423194015442754,6.128027986007415,-5.7048339705646605
CNRM-CERFACS,CNRM-CM6-1-HR,r1i1p1f2,gn,ssp245,2096-10,2096,10,0.6714059904021997,7.8018119249626015,-7.130405934560402
CNRM-CERFACS,CNRM-CM6-1-HR,r1i1p1f2,gn,ssp245,2096-11,2096,11,3.1480907065831425,10.313374480749122,-7.16528377416598
CNRM-CERFACS,CNRM-CM6-1-HR,r1i1p1f2,gn,ssp245,2096-12,2096,12,7.307744818941245,12.308292384716971,-5.000547565775726
CNRM-CERFACS,CNRM-CM6-1-HR,r1i1p1f2,gn,ssp245,2097-01,2097,1,9.543936464610102,13.14772849079902,-3.603792026188918
CNRM-CERFACS,CNRM-CM6-1-HR,r1i1p1f2,gn,ssp245,2097-02,2097,2,10.693190729923689,13.430628146380453,-2.737437416456764
CNRM-CERFACS,CNRM-CM6-1-HR,r1i1p1f2,gn,ssp245,2097-03,2097,3,11.053096725063218,13.558657284132442,-2.505560559069224
CNRM-CERFACS,CNRM-CM6-1-HR,r1i1p1f2,gn,ssp245,2097-04,2097,4,10.676524417562135,13.4145579666305,-2.7380335490683656
CNRM-CERFACS,CNRM-CM6-1-HR,r1i1p1f2,gn,ssp245,2097-05,2097,5,9.252006274318475,12.534864477989109,-3.2828582036706333
CNRM-CERFACS,CNRM-CM6-1-HR,r1i1p1f2,gn,ssp245,2097-06,2097,6,7.225670107022557,10.646892197227762,-3.4212220902052053
CNRM-CERFACS,CNRM-CM6-1-HR,r1i1p1f2,gn,ssp245,2097-07,2097,7,4.45061886842653,8.302371645186227,-3.851752776759697
CNRM-CERFACS,CNRM-CM6-1-HR,r1i1p1f2,gn,ssp245,2097-08,2097,8,1.5975996800249654,6.616497250710446,-5.01889757068548
CNRM-CERFACS,CNRM-CM6-1-HR,r1i1p1f2,gn,ssp245,2097-09,2097,9,0.44270947401143407,6.128027986007415,-5.68531851199598
CNRM-CERFACS,CNRM-CM6-1-HR,r1i1p1f2,gn,ssp245,2097-10,2097,10,0.9243104967236021,7.8018119249626015,-6.8775014282389995
CNRM-CERFACS,CNRM-CM6-1-HR,r1i1p1f2,gn,ssp245,2097-11,2097,11,4.019194265057276,10.313374480749122,-6.294180215691846
CNRM-CERFACS,CNRM-CM6-1-HR,r1i1p1f2,gn,ssp245,2097-12,2097,12,7.508960958862836,12.308292384716971,-4.799331425854135
CNRM-CERFACS,CNRM-CM6-1-HR,r1i1p1f2,gn,ssp245,2098-01,2098,1,9.136485599691301,13.14772849079902,-4.0112428911077185
CNRM-CERFACS,CNRM-CM6-1-HR,r1i1p1f2,gn,ssp245,2098-02,2098,2,10.323176655261834,13.430628146380453,-3.107451491118619
CNRM-CERFACS,CNRM-CM6-1-HR,r1i1p1f2,gn,ssp245,2098-03,2098,3,10.637753778881963,13.558657284132442,-2.920903505250479
CNRM-CERFACS,CNRM-CM6-1-HR,r1i1p1f2,gn,ssp245,2098-04,2098,4,10.197127122184227,13.4145579666305,-3.217430844446273
CNRM-CERFACS,CNRM-CM6-1-HR,r1i1p1f2,gn,ssp245,2098-05,2098,5,8.948399008569154,12.534864477989109,-3.586465469419954
CNRM-CERFACS,CNRM-CM6-1-HR,r1i1p1f2,gn,ssp245,2098-06,2098,6,6.919377548098603,10.646892197227762,-3.7275146491291595
CNRM-CERFACS,CNRM-CM6-1-HR,r1i1p1f2,gn,ssp245,2098-07,2098,7,3.84212187589635,8.302371645186227,-4.460249769289877
CNRM-CERFACS,CNRM-CM6-1-HR,r1i1p1f2,gn,ssp245,2098-08,2098,8,1.0204957700774817,6.616497250710446,-5.596001480632964
CNRM-CERFACS,CNRM-CM6-1-HR,r1i1p1f2,gn,ssp245,2098-09,2098,9,0.2547304364305173,6.128027986007415,-5.873297549576898
CNRM-CERFACS,CNRM-CM6-1-HR,r1i1p1f2,gn,ssp245,2098-10,2098,10,0.7970801150000096,7.8018119249626015,-7.004731809962592
CNRM-CERFACS,CNRM-CM6-1-HR,r1i1p1f2,gn,ssp245,2098-11,2098,11,3.69874089625435,10.313374480749122,-6.614633584494772
CNRM-CERFACS,CNRM-CM6-1-HR,r1i1p1f2,gn,ssp245,2098-12,2098,12,6.881935102934586,12.308292384716971,-5.426357281782385
CNRM-CERFACS,CNRM-CM6-1-HR,r1i1p1f2,gn,ssp245,2099-01,2099,1,9.324277245255395,13.14772849079902,-3.823451245543625
CNRM-CERFACS,CNRM-CM6-1-HR,r1i1p1f2,gn,ssp245,2099-02,2099,2,10.584788740352488,13.430628146380453,-2.845839406027965
CNRM-CERFACS,CNRM-CM6-1-HR,r1i1p1f2,gn,ssp245,2099-03,2099,3,10.965204534021737,13.558657284132442,-2.593452750110705
CNRM-CERFACS,CNRM-CM6-1-HR,r1i1p1f2,gn,ssp245,2099-04,2099,4,10.402559180177521,13.4145579666305,-3.0119987864529794
CNRM-CERFACS,CNRM-CM6-1-HR,r1i1p1f2,gn,ssp245,2099-05,2099,5,9.15124092409299,12.534864477989109,-3.3836235538961184
CNRM-CERFACS,CNRM-CM6-1-HR,r1i1p1f2,gn,ssp245,2099-06,2099,6,6.782760606060646,10.646892197227762,-3.8641315911671166
CNRM-CERFACS,CNRM-CM6-1-HR,r1i1p1f2,gn,ssp245,2099-07,2099,7,3.976959711183145,8.302371645186227,-4.325411934003082
CNRM-CERFACS,CNRM-CM6-1-HR,r1i1p1f2,gn,ssp245,2099-08,2099,8,0.7591998958333226,6.616497250710446,-5.857297354877123
CNRM-CERFACS,CNRM-CM6-1-HR,r1i1p1f2,gn,ssp245,2099-09,2099,9,0.08259144694606253,6.128027986007415,-6.0454365390613525
CNRM-CERFACS,CNRM-CM6-1-HR,r1i1p1f2,gn,ssp245,2099-10,2099,10,0.4653728403559424,7.8018119249626015,-7.336439084606659
CNRM-CERFACS,CNRM-CM6-1-HR,r1i1p1f2,gn,ssp245,2099-11,2099,11,3.1612809375445328,10.313374480749122,-7.15209354320459
CNRM-CERFACS,CNRM-CM6-1-HR,r1i1p1f2,gn,ssp245,2099-12,2099,12,6.9577460667275135,12.308292384716971,-5.3505463179894575
CNRM-CERFACS,CNRM-CM6-1-HR,r1i1p1f2,gn,ssp245,2100-01,2100,1,9.436820742007358,13.14772849079902,-3.710907748791662
CNRM-CERFACS,CNRM-CM6-1-HR,r1i1p1f2,gn,ssp245,2100-02,2100,2,10.454549452348333,13.430628146380453,-2.97607869403212
CNRM-CERFACS,CNRM-CM6-1-HR,r1i1p1f2,gn,ssp245,2100-03,2100,3,10.72045653284773,13.558657284132442,-2.8382007512847114
CNRM-CERFACS,CNRM-CM6-1-HR,r1i1p1f2,gn,ssp245,2100-04,2100,4,10.606500549226158,13.4145579666305,-2.808057417404342
CNRM-CERFACS,CNRM-CM6-1-HR,r1i1p1f2,gn,ssp245,2100-05,2100,5,9.305693091298362,12.534864477989109,-3.229171386690746
CNRM-CERFACS,CNRM-CM6-1-HR,r1i1p1f2,gn,ssp245,2100-06,2100,6,6.8827302173089295,10.646892197227762,-3.764161979918833
CNRM-CERFACS,CNRM-CM6-1-HR,r1i1p1f2,gn,ssp245,2100-07,2100,7,4.451301930086358,8.302371645186227,-3.851069715099869
CNRM-CERFACS,CNRM-CM6-1-HR,r1i1p1f2,gn,ssp245,2100-08,2100,8,2.166025576488288,6.616497250710446,-4.4504716742221575
CNRM-CERFACS,CNRM-CM6-1-HR,r1i1p1f2,gn,ssp245,2100-09,2100,9,1.162887414101619,6.128027986007415,-4.9651405719057955
CNRM-CERFACS,CNRM-CM6-1-HR,r1i1p1f2,gn,ssp245,2100-10,2100,10,1.6152741138928968,7.8018119249626015,-6.186537811069705
CNRM-CERFACS,CNRM-CM6-1-HR,r1i1p1f2,gn,ssp245,2100-11,2100,11,3.6116920795742757,10.313374480749122,-6.701682401174846
CNRM-CERFACS,CNRM-CM6-1-HR,r1i1p1f2,gn,ssp245,2100-12,2100,12,6.920207432307047,12.308292384716971,-5.388084952409924
