institution,source,member,siconc_grid,experiment,time,year,month,sia_Mkm2,pi_clim_sia_Mkm2,sia_anom_Mkm2
INM,INM-CM4-8,r1i1p1f1,gr1,ssp245,2015-01,2015,1,12.556596834689667,12.86019611081008,-0.30359927612041204
INM,INM-CM4-8,r1i1p1f1,gr1,ssp245,2015-02,2015,2,12.901048045637147,13.062614164709524,-0.1615661190723774
INM,INM-CM4-8,r1i1p1f1,gr1,ssp245,2015-03,2015,3,12.852427098450528,13.044854095502593,-0.19242699705206512
INM,INM-CM4-8,r1i1p1f1,gr1,ssp245,2015-04,2015,4,12.51921409074962,12.699846949536573,-0.18063285878695368
INM,INM-CM4-8,r1i1p1f1,gr1,ssp245,2015-05,2015,5,11.61242901070258,11.837031952892248,-0.2246029421896676
INM,INM-CM4-8,r1i1p1f1,gr1,ssp245,2015-06,2015,6,10.200906898238246,10.465584348067985,-0.2646774498297386
INM,INM-CM4-8,r1i1p1f1,gr1,ssp245,2015-07,2015,7,8.442999238640626,8.838514028128982,-0.39551478948835594
INM,INM-CM4-8,r1i1p1f1,gr1,ssp245,2015-08,2015,8,6.637416045135811,7.661027790191049,-1.0236117450552387
INM,INM-CM4-8,r1i1p1f1,gr1,ssp245,2015-09,2015,9,6.239887525234736,7.6650213408846035,-1.4251338156498674
INM,INM-CM4-8,r1i1p1f1,gr1,ssp245,2015-10,2015,10,7.980900046691779,9.347820918560549,-1.3669208718687695
INM,INM-CM4-8,r1i1p1f1,gr1,ssp245,2015-11,2015,11,10.369425969009717,11.055955632744915,-0.6865296637351985
INM,INM-CM4-8,r1i1p1f1,gr1,ssp245,2015-12,2015,12,11.87194307843432,12.303191546952121,-0.43124846851780063
INM,INM-CM4-8,r1i1p1f1,gr1,ssp245,2016-01,2016,1,12.631586042725143,12.86019611081008,-0.22861006808493656
INM,INM-CM4-8,r1i1p1f1,gr1,ssp245,2016-02,2016,2,12.895020967728021,13.062614164709524,-0.1675931969815032
INM,INM-CM4-8,r1i1p1f1,gr1,ssp245,2016-03,2016,3,12.988894763695157,13.044854095502593,-0.055959331807436286
INM,INM-CM4-8,r1i1p1f1,gr1,ssp245,2016-04,2016,4,12.880553367344056,12.699846949536573,0.18070641780748353
INM,INM-CM4-8,r1i1p1f1,gr1,ssp245,2016-05,2016,5,11.708007153906797,11.837031952892248,-0.12902479898545138
INM,INM-CM4-8,r1i1p1f1,gr1,ssp245,2016-06,2016,6,10.169562538029936,10.465584348067985,-0.2960218100380487
INM,INM-CM4-8,r1i1p1f1,gr1,ssp245,2016-07,2016,7,8.700757059383056,8.838514028128982,-0.1377569687459257
INM,INM-CM4-8,r1i1p1f1,gr1,ssp245,2016-08,2016,8,7.428651221141568,7.661027790191049,-0.23237656904948167
INM,INM-CM4-8,r1i1p1f1,gr1,ssp245,2016-09,2016,9,7.128045671734987,7.6650213408846035,-0.5369756691496166
INM,INM-CM4-8,r1i1p1f1,gr1,ssp245,2016-10,2016,10,8.512449770222343,9.347820918560549,-0.835371148338206
INM,INM-CM4-8,r1i1p1f1,gr1,ssp245,2016-11,2016,11,10.270467629836563,11.055955632744915,-0.7854880029083517
INM,INM-CM4-8,r1i1p1f1,gr1,ssp245,2016-12,2016,12,11.384831780922473,12.303191546952121,-0.9183597660296474
INM,INM-CM4-8,r1i1p1f1,gr1,ssp245,2017-01,2017,1,12.217148153752815,12.86019611081008,-0.6430479570572647
INM,INM-CM4-8,r1i1p1f1,gr1,ssp245,2017-02,2017,2,12.364530084009395,13.062614164709524,-0.698084080700129
INM,INM-CM4-8,r1i1p1f1,gr1,ssp245,2017-03,2017,3,12.570147691800946,13.044854095502593,-0.4747064037016475
INM,INM-CM4-8,r1i1p1f1,gr1,ssp245,2017-04,2017,4,12.182009559567659,12.699846949536573,-0.5178373899689142
INM,INM-CM4-8,r1i1p1f1,gr1,ssp245,2017-05,2017,5,11.156335968260846,11.837031952892248,-0.6806959846314022
INM,INM-CM4-8,r1i1p1f1,gr1,ssp245,2017-06,2017,6,9.74646259553381,10.465584348067985,-0.7191217525341749
INM,INM-CM4-8,r1i1p1f1,gr1,ssp245,2017-07,2017,7,8.147229536560516,8.838514028128982,-0.6912844915684655
INM,INM-CM4-8,r1i1p1f1,gr1,ssp245,2017-08,2017,8,7.067893766720744,7.661027790191049,-0.5931340234703049
INM,INM-CM4-8,r1i1p1f1,gr1,ssp245,2017-09,2017,9,6.913936063670184,7.6650213408846035,-0.7510852772144192
INM,INM-CM4-8,r1i1p1f1,gr1,ssp245,2017-10,2017,10,8.442282668846685,9.347820918560549,-0.9055382497138638
INM,INM-CM4-8,r1i1p1f1,gr1,ssp245,2017-11,2017,11,10.141937349334953,11.055955632744915,-0.9140182834099626
INM,INM-CM4-8,r1i1p1f1,gr1,ssp245,2017-12,2017,12,11.212130026580086,12.303191546952121,-1.091061520372035
INM,INM-CM4-8,r1i1p1f1,gr1,ssp245,2018-01,2018,1,12.031102589345036,12.86019611081008,-0.8290935214650439
INM,INM-CM4-8,r1i1p1f1,gr1,ssp245,2018-02,2018,2,12.581496646159755,13.062614164709524,-0.4811175185497696
INM,INM-CM4-8,r1i1p1f1,gr1,ssp245,2018-03,2018,3,12.682024425345036,13.044854095502593,-0.3628296701575575
INM,INM-CM4-8,r1i1p1f1,gr1,ssp245,2018-04,2018,4,12.355512748258738,12.699846949536573,-0.3443342012778352
INM,INM-CM4-8,r1i1p1f1,gr1,ssp245,2018-05,2018,5,11.442192124960929,11.837031952892248,-0.3948398279313192
INM,INM-CM4-8,r1i1p1f1,gr1,ssp245,2018-06,2018,6,9.91685788112424,10.465584348067985,-0.5487264669437444
INM,INM-CM4-8,r1i1p1f1,gr1,ssp245,2018-07,2018,7,8.169897054438332,8.838514028128982,-0.66861697369065
INM,INM-CM4-8,r1i1p1f1,gr1,ssp245,2018-08,2018,8,6.796298704174965,7.661027790191049,-0.8647290860160846
INM,INM-CM4-8,r1i1p1f1,gr1,ssp245,2018-09,2018,9,6.617263468458777,7.6650213408846035,-1.0477578724258265
INM,INM-CM4-8,r1i1p1f1,gr1,ssp245,2018-10,2018,10,8.340346673491277,9.347820918560549,-1.0074742450692717
INM,INM-CM4-8,r1i1p1f1,gr1,ssp245,2018-11,2018,11,10.396095882975965,11.055955632744915,-0.65985974976895
INM,INM-CM4-8,r1i1p1f1,gr1,ssp245,2018-12,2018,12,11.602738195382253,12.303191546952121,-0.7004533515698679
INM,INM-CM4-8,r1i1p1f1,gr1,ssp245,2019-01,2019,1,12.240443104104834,12.86019611081008,-0.6197530067052455
INM,INM-CM4-8,r1i1p1f1,gr1,ssp245,2019-02,2019,2,12.678648253554227,13.062614164709524,-0.3839659111552969
INM,INM-CM4-8,r1i1p1f1,gr1,ssp245,2019-03,2019,3,12.699488218365081,13.044854095502593,-0.3453658771375121
INM,INM-CM4-8,r1i1p1f1,gr1,ssp245,2019-04,2019,4,12.192191725103239,12.699846949536573,-0.5076552244333339
INM,INM-CM4-8,r1i1p1f1,gr1,ssp245,2019-05,2019,5,11.417717725181715,11.837031952892248,-0.41931422771053306
INM,INM-CM4-8,r1i1p1f1,gr1,ssp245,2019-06,2019,6,10.07741425845391,10.465584348067985,-0.38817008961407495
INM,INM-CM4-8,r1i1p1f1,gr1,ssp245,2019-07,2019,7,8.32875842075354,8.838514028128982,-0.5097556073754426
INM,INM-CM4-8,r1i1p1f1,gr1,ssp245,2019-08,2019,8,6.7491354530938965,7.661027790191049,-0.9118923370971528
INM,INM-CM4-8,r1i1p1f1,gr1,ssp245,2019-09,2019,9,6.473877426650679,7.6650213408846035,-1.1911439142339244
INM,INM-CM4-8,r1i1p1f1,gr1,ssp245,2019-10,2019,10,8.46840426615826,9.347820918560549,-0.8794166524022895
INM,INM-CM4-8,r1i1p1f1,gr1,ssp245,2019-11,2019,11,10.440033563552543,11.055955632744915,-0.6159220691923721
INM,INM-CM4-8,r1i1p1f1,gr1,ssp245,2019-12,2019,12,11.901595008473185,12.303191546952121,-0.4015965384789357
INM,INM-CM4-8,r1i1p1f1,gr1,ssp245,2020-01,2020,1,12.685481184329355,12.86019611081008,-0.17471492648072484
INM,INM-CM4-8,r1i1p1f1,gr1,ssp245,2020-02,2020,2,13.164513183722748,13.062614164709524,0.10189901901322429
INM,INM-CM4-8,r1i1p1f1,gr1,ssp245,2020-03,2020,3,13.247477273857282,13.044854095502593,0.20262317835468835
INM,INM-CM4-8,r1i1p1f1,gr1,ssp245,2020-04,2020,4,12.680143387748409,12.699846949536573,-0.019703561788164237
INM,INM-CM4-8,r1i1p1f1,gr1,ssp245,2020-05,2020,5,11.601339583732955,11.837031952892248,-0.2356923691592936
INM,INM-CM4-8,r1i1p1f1,gr1,ssp245,2020-06,2020,6,9.96051002522696,10.465584348067985,-0.5050743228410255
INM,INM-CM4-8,r1i1p1f1,gr1,ssp245,2020-07,2020,7,8.452322058549807,8.838514028128982,-0.38619196957917445
INM,INM-CM4-8,r1i1p1f1,gr1,ssp245,2020-08,2020,8,6.97238138040363,7.661027790191049,-0.6886464097874194
INM,INM-CM4-8,r1i1p1f1,gr1,ssp245,2020-09,2020,9,6.768590336422368,7.6650213408846035,-0.8964310044622357
INM,INM-CM4-8,r1i1p1f1,gr1,ssp245,2020-10,2020,10,8.617345304813066,9.347820918560549,-0.7304756137474833
INM,INM-CM4-8,r1i1p1f1,gr1,ssp245,2020-11,2020,11,10.530587357473363,11.055955632744915,-0.5253682752715516
INM,INM-CM4-8,r1i1p1f1,gr1,ssp245,2020-12,2020,12,11.840217873903269,12.303191546952121,-0.46297367304885206
INM,INM-CM4-8,r1i1p1f1,gr1,ssp245,2021-01,2021,1,12.295354910741297,12.86019611081008,-0.5648412000687824
INM,INM-CM4-8,r1i1p1f1,gr1,ssp245,2021-02,2021,2,12.923202623711523,13.062614164709524,-0.13941154099800102
INM,INM-CM4-8,r1i1p1f1,gr1,ssp245,2021-03,2021,3,13.209179904095953,13.044854095502593,0.1643258085933592
INM,INM-CM4-8,r1i1p1f1,gr1,ssp245,2021-04,2021,4,12.890376609051152,12.699846949536573,0.19052965951457956
INM,INM-CM4-8,r1i1p1f1,gr1,ssp245,2021-05,2021,5,11.942949294672745,11.837031952892248,0.10591734178049705
INM,INM-CM4-8,r1i1p1f1,gr1,ssp245,2021-06,2021,6,10.398484018350493,10.465584348067985,-0.06710032971749236
INM,INM-CM4-8,r1i1p1f1,gr1,ssp245,2021-07,2021,7,8.61054708410167,8.838514028128982,-0.22796694402731177
INM,INM-CM4-8,r1i1p1f1,gr1,ssp245,2021-08,2021,8,7.1218733097584845,7.661027790191049,-0.5391544804325648
INM,INM-CM4-8,r1i1p1f1,gr1,ssp245,2021-09,2021,9,6.821819208501914,7.6650213408846035,-0.8432021323826895
INM,INM-CM4-8,r1i1p1f1,gr1,ssp245,2021-10,2021,10,8.473353219730212,9.347820918560549,-0.8744676988303368
INM,INM-CM4-8,r1i1p1f1,gr1,ssp245,2021-11,2021,11,10.322937048446684,11.055955632744915,-0.7330185842982306
INM,INM-CM4-8,r1i1p1f1,gr1,ssp245,2021-12,2021,12,11.6201592457635,12.303191546952121,-0.6830323011886215
INM,INM-CM4-8,r1i1p1f1,gr1,ssp245,2022-01,2022,1,12.518753961017914,12.86019611081008,-0.34144214979216514
INM,INM-CM4-8,r1i1p1f1,gr1,ssp245,2022-02,2022,2,12.798105420904555,13.062614164709524,-0.2645087438049689
INM,INM-CM4-8,r1i1p1f1,gr1,ssp245,2022-03,2022,3,12.728385420117167,13.044854095502593,-0.3164686753854262
INM,INM-CM4-8,r1i1p1f1,gr1,ssp245,2022-04,2022,4,12.31155537712962,12.699846949536573,-0.38829157240695267
INM,INM-CM4-8,r1i1p1f1,gr1,ssp245,2022-05,2022,5,11.54552317709609,11.837031952892248,-0.2915087757961583
INM,INM-CM4-8,r1i1p1f1,gr1,ssp245,2022-06,2022,6,9.790793682102871,10.465584348067985,-0.674790665965114
INM,INM-CM4-8,r1i1p1f1,gr1,ssp245,2022-07,2022,7,7.928675691098779,8.838514028128982,-0.9098383370302026
INM,INM-CM4-8,r1i1p1f1,gr1,ssp245,2022-08,2022,8,6.675490933289718,7.661027790191049,-0.985536856901331
INM,INM-CM4-8,r1i1p1f1,gr1,ssp245,2022-09,2022,9,6.439587185941176,7.6650213408846035,-1.2254341549434278
INM,INM-CM4-8,r1i1p1f1,gr1,ssp245,2022-10,2022,10,8.127763160650142,9.347820918560549,-1.220057757910407
INM,INM-CM4-8,r1i1p1f1,gr1,ssp245,2022-11,2022,11,10.192040008838044,11.055955632744915,-0.8639156239068715
INM,INM-CM4-8,r1i1p1f1,gr1,ssp245,2022-12,2022,12,11.523313401683263,12.303191546952121,-0.7798781452688583
INM,INM-CM4-8,r1i1p1f1,gr1,ssp245,2023-01,2023,1,12.295188195045762,12.86019611081008,-0.5650079157643173
INM,INM-CM4-8,r1i1p1f1,gr1,ssp245,2023-02,2023,2,12.532840695922527,13.062614164709524,-0.5297734687869973
INM,INM-CM4-8,r1i1p1f1,gr1,ssp245,2023-03,2023,3,12.623329432290753,13.044854095502593,-0.4215246632118408
INM,INM-CM4-8,r1i1p1f1,gr1,ssp245,2023-04,2023,4,12.135089603156985,12.699846949536573,-0.5647573463795883
INM,INM-CM4-8,r1i1p1f1,gr1,ssp245,2023-05,2023,5,11.604385021118798,11.837031952892248,-0.2326469317734503
INM,INM-CM4-8,r1i1p1f1,gr1,ssp245,2023-06,2023,6,10.190879800822179,10.465584348067985,-0.27470454724580584
INM,INM-CM4-8,r1i1p1f1,gr1,ssp245,2023-07,2023,7,8.06315732924942,8.838514028128982,-0.7753566988795626
INM,INM-CM4-8,r1i1p1f1,gr1,ssp245,2023-08,2023,8,6.668865198470854,7.661027790191049,-0.992162591720195
INM,INM-CM4-8,r1i1p1f1,gr1,ssp245,2023-09,2023,9,6.43648017620524,7.6650213408846035,-1.2285411646793634
INM,INM-CM4-8,r1i1p1f1,gr1,ssp245,2023-10,2023,10,8.130988795729579,9.347820918560549,-1.2168321228309704
INM,INM-CM4-8,r1i1p1f1,gr1,ssp245,2023-11,2023,11,10.319315010845854,11.055955632744915,-0.7366406218990615
INM,INM-CM4-8,r1i1p1f1,gr1,ssp245,2023-12,2023,12,11.904846048479133,12.303191546952121,-0.39834549847298817
INM,INM-CM4-8,r1i1p1f1,gr1,ssp245,2024-01,2024,1,12.434734539141214,12.86019611081008,-0.42546157166886545
INM,INM-CM4-8,r1i1p1f1,gr1,ssp245,2024-02,2024,2,12.667942283159961,13.062614164709524,-0.3946718815495629
INM,INM-CM4-8,r1i1p1f1,gr1,ssp245,2024-03,2024,3,12.796788741971717,13.044854095502593,-0.2480653535308761
INM,INM-CM4-8,r1i1p1f1,gr1,ssp245,2024-04,2024,4,12.502641259495737,12.699846949536573,-0.19720569004083544
INM,INM-CM4-8,r1i1p1f1,gr1,ssp245,2024-05,2024,5,11.567968183647023,11.837031952892248,-0.2690637692452249
INM,INM-CM4-8,r1i1p1f1,gr1,ssp245,2024-06,2024,6,10.038505335754145,10.465584348067985,-0.4270790123138397
INM,INM-CM4-8,r1i1p1f1,gr1,ssp245,2024-07,2024,7,8.239966277052453,8.838514028128982,-0.5985477510765289
INM,INM-CM4-8,r1i1p1f1,gr1,ssp245,2024-08,2024,8,6.943648807413505,7.661027790191049,-0.7173789827775439
INM,INM-CM4-8,r1i1p1f1,gr1,ssp245,2024-09,2024,9,6.495856530554814,7.6650213408846035,-1.1691648103297894
INM,INM-CM4-8,r1i1p1f1,gr1,ssp245,2024-10,2024,10,8.121857187449937,9.347820918560549,-1.2259637311106122
INM,INM-CM4-8,r1i1p1f1,gr1,ssp245,2024-11,2024,11,10.317693387896378,11.055955632744915,-0.7382622448485368
INM,INM-CM4-8,r1i1p1f1,gr1,ssp245,2024-12,2024,12,11.530569853508066,12.303191546952121,-0.7726216934440551
INM,INM-CM4-8,r1i1p1f1,gr1,ssp245,2025-01,2025,1,12.513086594168177,12.86019611081008,-0.34710951664190226
INM,INM-CM4-8,r1i1p1f1,gr1,ssp245,2025-02,2025,2,13.029948813198093,13.062614164709524,-0.03266535151143124
INM,INM-CM4-8,r1i1p1f1,gr1,ssp245,2025-03,2025,3,13.214088387739256,13.044854095502593,0.16923429223666275
INM,INM-CM4-8,r1i1p1f1,gr1,ssp245,2025-04,2025,4,12.777724405573013,12.699846949536573,0.0778774560364397
INM,INM-CM4-8,r1i1p1f1,gr1,ssp245,2025-05,2025,5,11.670136653145512,11.837031952892248,-0.16689529974673611
INM,INM-CM4-8,r1i1p1f1,gr1,ssp245,2025-06,2025,6,9.997319036319528,10.465584348067985,-0.468265311748457
INM,INM-CM4-8,r1i1p1f1,gr1,ssp245,2025-07,2025,7,8.382126103125236,8.838514028128982,-0.4563879250037459
INM,INM-CM4-8,r1i1p1f1,gr1,ssp245,2025-08,2025,8,7.178014316656508,7.661027790191049,-0.48301347353454105
INM,INM-CM4-8,r1i1p1f1,gr1,ssp245,2025-09,2025,9,6.765743942626693,7.6650213408846035,-0.8992773982579108
INM,INM-CM4-8,r1i1p1f1,gr1,ssp245,2025-10,2025,10,8.649663986490634,9.347820918560549,-0.6981569320699155
INM,INM-CM4-8,r1i1p1f1,gr1,ssp245,2025-11,2025,11,10.3547147586594,11.055955632744915,-0.7012408740855154
INM,INM-CM4-8,r1i1p1f1,gr1,ssp245,2025-12,2025,12,11.704456523819855,12.303191546952121,-0.5987350231322655
INM,INM-CM4-8,r1i1p1f1,gr1,ssp245,2026-01,2026,1,12.509991732326066,12.86019611081008,-0.35020437848401365
INM,INM-CM4-8,r1i1p1f1,gr1,ssp245,2026-02,2026,2,12.629202036899176,13.062614164709524,-0.43341212781034777
INM,INM-CM4-8,r1i1p1f1,gr1,ssp245,2026-03,2026,3,12.655799319698643,13.044854095502593,-0.38905477580395065
INM,INM-CM4-8,r1i1p1f1,gr1,ssp245,2026-04,2026,4,12.512787545469415,12.699846949536573,-0.18705940406715804
INM,INM-CM4-8,r1i1p1f1,gr1,ssp245,2026-05,2026,5,11.428210347779691,11.837031952892248,-0.40882160511255705
INM,INM-CM4-8,r1i1p1f1,gr1,ssp245,2026-06,2026,6,9.883896586489037,10.465584348067985,-0.581687761578948
INM,INM-CM4-8,r1i1p1f1,gr1,ssp245,2026-07,2026,7,8.441015427703999,8.838514028128982,-0.3974986004249832
INM,INM-CM4-8,r1i1p1f1,gr1,ssp245,2026-08,2026,8,7.179653638907223,7.661027790191049,-0.4813741512838261
INM,INM-CM4-8,r1i1p1f1,gr1,ssp245,2026-09,2026,9,7.001518236700905,7.6650213408846035,-0.6635031041836985
INM,INM-CM4-8,r1i1p1f1,gr1,ssp245,2026-10,2026,10,8.624102406777942,9.347820918560549,-0.7237185117826073
INM,INM-CM4-8,r1i1p1f1,gr1,ssp245,2026-11,2026,11,10.295105326730598,11.055955632744915,-0.7608503060143175
INM,INM-CM4-8,r1i1p1f1,gr1,ssp245,2026-12,2026,12,11.419228615133612,12.303191546952121,-0.8839629318185089
INM,INM-CM4-8,r1i1p1f1,gr1,ssp245,2027-01,2027,1,12.378172993506423,12.86019611081008,-0.48202311730365643
INM,INM-CM4-8,r1i1p1f1,gr1,ssp245,2027-02,2027,2,12.5217296261491,13.062614164709524,-0.5408845385604248
INM,INM-CM4-8,r1i1p1f1,gr1,ssp245,2027-03,2027,3,12.400779899516497,13.044854095502593,-0.6440741959860965
INM,INM-CM4-8,r1i1p1f1,gr1,ssp245,2027-04,2027,4,12.132552951939227,12.699846949536573,-0.5672939975973463
INM,INM-CM4-8,r1i1p1f1,gr1,ssp245,2027-05,2027,5,11.307144639103443,11.837031952892248,-0.5298873137888052
INM,INM-CM4-8,r1i1p1f1,gr1,ssp245,2027-06,2027,6,9.765095290089883,10.465584348067985,-0.7004890579781016
INM,INM-CM4-8,r1i1p1f1,gr1,ssp245,2027-07,2027,7,7.8561097385660545,8.838514028128982,-0.9824042895629272
INM,INM-CM4-8,r1i1p1f1,gr1,ssp245,2027-08,2027,8,6.40373617577725,7.661027790191049,-1.2572916144137993
INM,INM-CM4-8,r1i1p1f1,gr1,ssp245,2027-09,2027,9,6.185959719051542,7.6650213408846035,-1.4790616218330612
INM,INM-CM4-8,r1i1p1f1,gr1,ssp245,2027-10,2027,10,7.79479373566574,9.347820918560549,-1.5530271828948088
INM,INM-CM4-8,r1i1p1f1,gr1,ssp245,2027-11,2027,11,10.450270243179249,11.055955632744915,-0.6056853895656662
INM,INM-CM4-8,r1i1p1f1,gr1,ssp245,2027-12,2027,12,11.530930600166513,12.303191546952121,-0.7722609467856074
INM,INM-CM4-8,r1i1p1f1,gr1,ssp245,2028-01,2028,1,12.355959335972786,12.86019611081008,-0.5042367748372936
INM,INM-CM4-8,r1i1p1f1,gr1,ssp245,2028-02,2028,2,12.747263796688149,13.062614164709524,-0.3153503680213756
INM,INM-CM4-8,r1i1p1f1,gr1,ssp245,2028-03,2028,3,12.63539211093677,13.044854095502593,-0.40946198456582295
INM,INM-CM4-8,r1i1p1f1,gr1,ssp245,2028-04,2028,4,12.377791051994699,12.699846949536573,-0.32205589754187436
INM,INM-CM4-8,r1i1p1f1,gr1,ssp245,2028-05,2028,5,11.494314757108667,11.837031952892248,-0.34271719578358173
INM,INM-CM4-8,r1i1p1f1,gr1,ssp245,2028-06,2028,6,10.092477409385824,10.465584348067985,-0.37310693868216127
INM,INM-CM4-8,r1i1p1f1,gr1,ssp245,2028-07,2028,7,8.38825075172454,8.838514028128982,-0.4502632764044421
INM,INM-CM4-8,r1i1p1f1,gr1,ssp245,2028-08,2028,8,7.161616903676032,7.661027790191049,-0.4994108865150171
INM,INM-CM4-8,r1i1p1f1,gr1,ssp245,2028-09,2028,9,6.9977751740793765,7.6650213408846035,-0.667246166805227
INM,INM-CM4-8,r1i1p1f1,gr1,ssp245,2028-10,2028,10,8.34295652914823,9.347820918560549,-1.0048643894123188
INM,INM-CM4-8,r1i1p1f1,gr1,ssp245,2028-11,2028,11,10.189912735291253,11.055955632744915,-0.8660428974536618
INM,INM-CM4-8,r1i1p1f1,gr1,ssp245,2028-12,2028,12,11.478208699987134,12.303191546952121,-0.8249828469649874
INM,INM-CM4-8,r1i1p1f1,gr1,ssp245,2029-01,2029,1,12.302478462018342,12.86019611081008,-0.557717648791737
INM,INM-CM4-8,r1i1p1f1,gr1,ssp245,2029-02,2029,2,12.521666262343523,13.062614164709524,-0.5409479023660015
INM,INM-CM4-8,r1i1p1f1,gr1,ssp245,2029-03,2029,3,12.633577272716328,13.044854095502593,-0.4112768227862649
INM,INM-CM4-8,r1i1p1f1,gr1,ssp245,2029-04,2029,4,12.58365465447998,12.699846949536573,-0.11619229505659234
INM,INM-CM4-8,r1i1p1f1,gr1,ssp245,2029-05,2029,5,11.749227947210821,11.837031952892248,-0.0878040056814271
INM,INM-CM4-8,r1i1p1f1,gr1,ssp245,2029-06,2029,6,10.175760635349272,10.465584348067985,-0.28982371271871266
INM,INM-CM4-8,r1i1p1f1,gr1,ssp245,2029-07,2029,7,8.350663149381033,8.838514028128982,-0.48785087874794897
INM,INM-CM4-8,r1i1p1f1,gr1,ssp245,2029-08,2029,8,6.837175712968216,7.661027790191049,-0.823852077222833
INM,INM-CM4-8,r1i1p1f1,gr1,ssp245,2029-09,2029,9,6.479235094330908,7.6650213408846035,-1.185786246553696
INM,INM-CM4-8,r1i1p1f1,gr1,ssp245,2029-10,2029,10,7.946772269987456,9.347820918560549,-1.4010486485730933
INM,INM-CM4-8,r1i1p1f1,gr1,ssp245,2029-11,2029,11,10.355451646737766,11.055955632744915,-0.7005039860071491
INM,INM-CM4-8,r1i1p1f1,gr1,ssp245,2029-12,2029,12,11.746724669437542,12.303191546952121,-0.5564668775145787
INM,INM-CM4-8,r1i1p1f1,gr1,ssp245,2030-01,2030,1,12.53929134263017,12.86019611081008,-0.32090476817990954
INM,INM-CM4-8,r1i1p1f1,gr1,ssp245,2030-02,2030,2,12.969534677961054,13.062614164709524,-0.09307948674847033
INM,INM-CM4-8,r1i1p1f1,gr1,ssp245,2030-03,2030,3,12.82234839480009,13.044854095502593,-0.22250570070250397
INM,INM-CM4-8,r1i1p1f1,gr1,ssp245,2030-04,2030,4,12.328259374370422,12.699846949536573,-0.37158757516615104
INM,INM-CM4-8,r1i1p1f1,gr1,ssp245,2030-05,2030,5,11.425762178252752,11.837031952892248,-0.41126977463949643
INM,INM-CM4-8,r1i1p1f1,gr1,ssp245,2030-06,2030,6,9.844961971335087,10.465584348067985,-0.6206223767328982
INM,INM-CM4-8,r1i1p1f1,gr1,ssp245,2030-07,2030,7,8.098478481209128,8.838514028128982,-0.7400355469198541
INM,INM-CM4-8,r1i1p1f1,gr1,ssp245,2030-08,2030,8,6.7688392092004666,7.661027790191049,-0.8921885809905827
INM,INM-CM4-8,r1i1p1f1,gr1,ssp245,2030-09,2030,9,6.6196260112266,7.6650213408846035,-1.0453953296580032
INM,INM-CM4-8,r1i1p1f1,gr1,ssp245,2030-10,2030,10,8.674844624501786,9.347820918560549,-0.6729762940587634
INM,INM-CM4-8,r1i1p1f1,gr1,ssp245,2030-11,2030,11,10.355196316964383,11.055955632744915,-0.7007593157805321
INM,INM-CM4-8,r1i1p1f1,gr1,ssp245,2030-12,2030,12,11.45374965742852,12.303191546952121,-0.8494418895236002
INM,INM-CM4-8,r1i1p1f1,gr1,ssp245,2031-01,2031,1,12.16265107953339,12.86019611081008,-0.6975450312766895
INM,INM-CM4-8,r1i1p1f1,gr1,ssp245,2031-02,2031,2,12.402670232651001,13.062614164709524,-0.659943932058523
INM,INM-CM4-8,r1i1p1f1,gr1,ssp245,2031-03,2031,3,12.243374125376379,13.044854095502593,-0.8014799701262145
INM,INM-CM4-8,r1i1p1f1,gr1,ssp245,2031-04,2031,4,11.814111044666891,12.699846949536573,-0.8857359048696818
INM,INM-CM4-8,r1i1p1f1,gr1,ssp245,2031-05,2031,5,10.72568192475233,11.837031952892248,-1.1113500281399187
INM,INM-CM4-8,r1i1p1f1,gr1,ssp245,2031-06,2031,6,9.268066934214719,10.465584348067985,-1.1975174138532658
INM,INM-CM4-8,r1i1p1f1,gr1,ssp245,2031-07,2031,7,7.5477506564293515,8.838514028128982,-1.2907633716996303
INM,INM-CM4-8,r1i1p1f1,gr1,ssp245,2031-08,2031,8,6.676753984226463,7.661027790191049,-0.9842738059645866
INM,INM-CM4-8,r1i1p1f1,gr1,ssp245,2031-09,2031,9,6.643028664249716,7.6650213408846035,-1.0219926766348877
INM,INM-CM4-8,r1i1p1f1,gr1,ssp245,2031-10,2031,10,8.07690574311082,9.347820918560549,-1.270915175449728
INM,INM-CM4-8,r1i1p1f1,gr1,ssp245,2031-11,2031,11,9.902880457285983,11.055955632744915,-1.1530751754589321
INM,INM-CM4-8,r1i1p1f1,gr1,ssp245,2031-12,2031,12,11.07442826555188,12.303191546952121,-1.2287632814002407
INM,INM-CM4-8,r1i1p1f1,gr1,ssp245,2032-01,2032,1,11.755685575780813,12.86019611081008,-1.1045105350292665
INM,INM-CM4-8,r1i1p1f1,gr1,ssp245,2032-02,2032,2,12.096521322275951,13.062614164709524,-0.9660928424335733
INM,INM-CM4-8,r1i1p1f1,gr1,ssp245,2032-03,2032,3,12.121544450342629,13.044854095502593,-0.9233096451599643
INM,INM-CM4-8,r1i1p1f1,gr1,ssp245,2032-04,2032,4,11.868201650851356,12.699846949536573,-0.831645298685217
INM,INM-CM4-8,r1i1p1f1,gr1,ssp245,2032-05,2032,5,10.965130811022352,11.837031952892248,-0.8719011418698965
INM,INM-CM4-8,r1i1p1f1,gr1,ssp245,2032-06,2032,6,9.448733063649769,10.465584348067985,-1.016851284418216
INM,INM-CM4-8,r1i1p1f1,gr1,ssp245,2032-07,2032,7,7.390825213756536,8.838514028128982,-1.4476888143724462
INM,INM-CM4-8,r1i1p1f1,gr1,ssp245,2032-08,2032,8,6.181503543633182,7.661027790191049,-1.479524246557867
INM,INM-CM4-8,r1i1p1f1,gr1,ssp245,2032-09,2032,9,6.000410468368305,7.6650213408846035,-1.664610872516299
INM,INM-CM4-8,r1i1p1f1,gr1,ssp245,2032-10,2032,10,7.589381116625061,9.347820918560549,-1.7584398019354879
INM,INM-CM4-8,r1i1p1f1,gr1,ssp245,2032-11,2032,11,9.242933812526164,11.055955632744915,-1.8130218202187507
INM,INM-CM4-8,r1i1p1f1,gr1,ssp245,2032-12,2032,12,10.979528057924476,12.303191546952121,-1.3236634890276449
INM,INM-CM4-8,r1i1p1f1,gr1,ssp245,2033-01,2033,1,11.661020478058862,12.86019611081008,-1.199175632751217
INM,INM-CM4-8,r1i1p1f1,gr1,ssp245,2033-02,2033,2,12.112277705476572,13.062614164709524,-0.9503364592329522
INM,INM-CM4-8,r1i1p1f1,gr1,ssp245,2033-03,2033,3,12.105974681056722,13.044854095502593,-0.9388794144458714
INM,INM-CM4-8,r1i1p1f1,gr1,ssp245,2033-04,2033,4,11.494485881106604,12.699846949536573,-1.2053610684299692
INM,INM-CM4-8,r1i1p1f1,gr1,ssp245,2033-05,2033,5,10.687891250189086,11.837031952892248,-1.1491407027031624
INM,INM-CM4-8,r1i1p1f1,gr1,ssp245,2033-06,2033,6,9.214548332328068,10.465584348067985,-1.251036015739917
INM,INM-CM4-8,r1i1p1f1,gr1,ssp245,2033-07,2033,7,7.693275683511736,8.838514028128982,-1.1452383446172458
INM,INM-CM4-8,r1i1p1f1,gr1,ssp245,2033-08,2033,8,6.60150362417386,7.661027790191049,-1.059524166017189
INM,INM-CM4-8,r1i1p1f1,gr1,ssp245,2033-09,2033,9,6.3254067561868785,7.6650213408846035,-1.339614584697725
INM,INM-CM4-8,r1i1p1f1,gr1,ssp245,2033-10,2033,10,8.231001073744766,9.347820918560549,-1.1168198448157831
INM,INM-CM4-8,r1i1p1f1,gr1,ssp245,2033-11,2033,11,9.832656872363707,11.055955632744915,-1.2232987603812084
INM,INM-CM4-8,r1i1p1f1,gr1,ssp245,2033-12,2033,12,11.034317541090184,12.303191546952121,-1.268874005861937
INM,INM-CM4-8,r1i1p1f1,gr1,ssp245,2034-01,2034,1,11.894295722076757,12.86019611081008,-0.9659003887333224
INM,INM-CM4-8,r1i1p1f1,gr1,ssp245,2034-02,2034,2,12.163393844482034,13.062614164709524,-0.8992203202274904
INM,INM-CM4-8,r1i1p1f1,gr1,ssp245,2034-03,2034,3,12.029112449548329,13.044854095502593,-1.0157416459542645
INM,INM-CM4-8,r1i1p1f1,gr1,ssp245,2034-04,2034,4,11.814141314418556,12.699846949536573,-0.8857056351180166
INM,INM-CM4-8,r1i1p1f1,gr1,ssp245,2034-05,2034,5,10.89039103925281,11.837031952892248,-0.9466409136394383
INM,INM-CM4-8,r1i1p1f1,gr1,ssp245,2034-06,2034,6,9.277130397033044,10.465584348067985,-1.1884539510349406
INM,INM-CM4-8,r1i1p1f1,gr1,ssp245,2034-07,2034,7,7.408100575393586,8.838514028128982,-1.4304134527353956
INM,INM-CM4-8,r1i1p1f1,gr1,ssp245,2034-08,2034,8,6.158064638627101,7.661027790191049,-1.5029631515639483
INM,INM-CM4-8,r1i1p1f1,gr1,ssp245,2034-09,2034,9,5.8249000325502704,7.6650213408846035,-1.840121308334333
INM,INM-CM4-8,r1i1p1f1,gr1,ssp245,2034-10,2034,10,7.3313838117679895,9.347820918560549,-2.0164371067925595
INM,INM-CM4-8,r1i1p1f1,gr1,ssp245,2034-11,2034,11,9.373238110674352,11.055955632744915,-1.682717522070563
INM,INM-CM4-8,r1i1p1f1,gr1,ssp245,2034-12,2034,12,10.743902576492358,12.303191546952121,-1.5592889704597628
INM,INM-CM4-8,r1i1p1f1,gr1,ssp245,2035-01,2035,1,11.603008900412197,12.86019611081008,-1.2571872103978823
INM,INM-CM4-8,r1i1p1f1,gr1,ssp245,2035-02,2035,2,11.945500637161098,13.062614164709524,-1.117113527548426
INM,INM-CM4-8,r1i1p1f1,gr1,ssp245,2035-03,2035,3,12.048681211404128,13.044854095502593,-0.9961728840984652
INM,INM-CM4-8,r1i1p1f1,gr1,ssp245,2035-04,2035,4,11.78534983562485,12.699846949536573,-0.9144971139117235
INM,INM-CM4-8,r1i1p1f1,gr1,ssp245,2035-05,2035,5,10.89386510670404,11.837031952892248,-0.943166846188209
INM,INM-CM4-8,r1i1p1f1,gr1,ssp245,2035-06,2035,6,9.323326884817888,10.465584348067985,-1.1422574632500968
INM,INM-CM4-8,r1i1p1f1,gr1,ssp245,2035-07,2035,7,7.370755278478559,8.838514028128982,-1.4677587496504225
INM,INM-CM4-8,r1i1p1f1,gr1,ssp245,2035-08,2035,8,6.066369588717671,7.661027790191049,-1.5946582014733783
INM,INM-CM4-8,r1i1p1f1,gr1,ssp245,2035-09,2035,9,5.772966799046713,7.6650213408846035,-1.892054541837891
INM,INM-CM4-8,r1i1p1f1,gr1,ssp245,2035-10,2035,10,7.197034561320354,9.347820918560549,-2.150786357240195
INM,INM-CM4-8,r1i1p1f1,gr1,ssp245,2035-11,2035,11,9.423995089846295,11.055955632744915,-1.6319605428986197
INM,INM-CM4-8,r1i1p1f1,gr1,ssp245,2035-12,2035,12,11.045727219805162,12.303191546952121,-1.257464327146959
INM,INM-CM4-8,r1i1p1f1,gr1,ssp245,2036-01,2036,1,12.05018273753884,12.86019611081008,-0.8100133732712393
INM,INM-CM4-8,r1i1p1f1,gr1,ssp245,2036-02,2036,2,12.125178689163086,13.062614164709524,-0.9374354755464385
INM,INM-CM4-8,r1i1p1f1,gr1,ssp245,2036-03,2036,3,12.278243930403187,13.044854095502593,-0.7666101650994062
INM,INM-CM4-8,r1i1p1f1,gr1,ssp245,2036-04,2036,4,11.964831525157182,12.699846949536573,-0.7350154243793909
INM,INM-CM4-8,r1i1p1f1,gr1,ssp245,2036-05,2036,5,10.974427473751291,11.837031952892248,-0.8626044791409573
INM,INM-CM4-8,r1i1p1f1,gr1,ssp245,2036-06,2036,6,9.19654719739077,10.465584348067985,-1.2690371506772156
INM,INM-CM4-8,r1i1p1f1,gr1,ssp245,2036-07,2036,7,7.157075611625701,8.838514028128982,-1.6814384165032807
INM,INM-CM4-8,r1i1p1f1,gr1,ssp245,2036-08,2036,8,5.854290462241741,7.661027790191049,-1.8067373279493086
INM,INM-CM4-8,r1i1p1f1,gr1,ssp245,2036-09,2036,9,5.742851322927498,7.6650213408846035,-1.9221700179571055
INM,INM-CM4-8,r1i1p1f1,gr1,ssp245,2036-10,2036,10,7.108584587343229,9.347820918560549,-2.2392363312173202
INM,INM-CM4-8,r1i1p1f1,gr1,ssp245,2036-11,2036,11,9.279055072685003,11.055955632744915,-1.7769005600599126
INM,INM-CM4-8,r1i1p1f1,gr1,ssp245,2036-12,2036,12,10.949416625398646,12.303191546952121,-1.353774921553475
INM,INM-CM4-8,r1i1p1f1,gr1,ssp245,2037-01,2037,1,12.07403742068472,12.86019611081008,-0.7861586901253599
INM,INM-CM4-8,r1i1p1f1,gr1,ssp245,2037-02,2037,2,12.415572423655863,13.062614164709524,-0.6470417410536609
INM,INM-CM4-8,r1i1p1f1,gr1,ssp245,2037-03,2037,3,12.339981652354671,13.044854095502593,-0.7048724431479219
INM,INM-CM4-8,r1i1p1f1,gr1,ssp245,2037-04,2037,4,12.037867472134362,12.699846949536573,-0.6619794774022107
INM,INM-CM4-8,r1i1p1f1,gr1,ssp245,2037-05,2037,5,11.089974865749367,11.837031952892248,-0.7470570871428812
INM,INM-CM4-8,r1i1p1f1,gr1,ssp245,2037-06,2037,6,9.607131829925024,10.465584348067985,-0.8584525181429612
INM,INM-CM4-8,r1i1p1f1,gr1,ssp245,2037-07,2037,7,7.588335379506891,8.838514028128982,-1.2501786486220912
INM,INM-CM4-8,r1i1p1f1,gr1,ssp245,2037-08,2037,8,5.777301801113275,7.661027790191049,-1.8837259890777744
INM,INM-CM4-8,r1i1p1f1,gr1,ssp245,2037-09,2037,9,5.17272124756653,7.6650213408846035,-2.4923000933180735
INM,INM-CM4-8,r1i1p1f1,gr1,ssp245,2037-10,2037,10,7.09629954250602,9.347820918560549,-2.251521376054529
INM,INM-CM4-8,r1i1p1f1,gr1,ssp245,2037-11,2037,11,10.080115861919477,11.055955632744915,-0.9758397708254378
INM,INM-CM4-8,r1i1p1f1,gr1,ssp245,2037-12,2037,12,11.51773795634254,12.303191546952121,-0.7854535906095812
INM,INM-CM4-8,r1i1p1f1,gr1,ssp245,2038-01,2038,1,12.238112585719149,12.86019611081008,-0.6220835250909307
INM,INM-CM4-8,r1i1p1f1,gr1,ssp245,2038-02,2038,2,12.327231452946124,13.062614164709524,-0.7353827117633998
INM,INM-CM4-8,r1i1p1f1,gr1,ssp245,2038-03,2038,3,12.40709346663227,13.044854095502593,-0.637760628870323
INM,INM-CM4-8,r1i1p1f1,gr1,ssp245,2038-04,2038,4,11.930007352892027,12.699846949536573,-0.7698395966445464
INM,INM-CM4-8,r1i1p1f1,gr1,ssp245,2038-05,2038,5,11.121479220025059,11.837031952892248,-0.7155527328671898
INM,INM-CM4-8,r1i1p1f1,gr1,ssp245,2038-06,2038,6,9.460247650261152,10.465584348067985,-1.0053366978068325
INM,INM-CM4-8,r1i1p1f1,gr1,ssp245,2038-07,2038,7,7.923174465710518,8.838514028128982,-0.9153395624184641
INM,INM-CM4-8,r1i1p1f1,gr1,ssp245,2038-08,2038,8,6.507094786618594,7.661027790191049,-1.1539330035724555
INM,INM-CM4-8,r1i1p1f1,gr1,ssp245,2038-09,2038,9,6.293391598286564,7.6650213408846035,-1.3716297425980395
INM,INM-CM4-8,r1i1p1f1,gr1,ssp245,2038-10,2038,10,7.821800302822419,9.347820918560549,-1.5260206157381297
INM,INM-CM4-8,r1i1p1f1,gr1,ssp245,2038-11,2038,11,9.963503970798719,11.055955632744915,-1.0924516619461961
INM,INM-CM4-8,r1i1p1f1,gr1,ssp245,2038-12,2038,12,11.527446884942504,12.303191546952121,-0.7757446620096164
INM,INM-CM4-8,r1i1p1f1,gr1,ssp245,2039-01,2039,1,11.903080984422207,12.86019611081008,-0.9571151263878726
INM,INM-CM4-8,r1i1p1f1,gr1,ssp245,2039-02,2039,2,12.179743961394907,13.062614164709524,-0.8828702033146172
INM,INM-CM4-8,r1i1p1f1,gr1,ssp245,2039-03,2039,3,12.328936479564456,13.044854095502593,-0.7159176159381371
INM,INM-CM4-8,r1i1p1f1,gr1,ssp245,2039-04,2039,4,11.938722084344432,12.699846949536573,-0.7611248651921407
INM,INM-CM4-8,r1i1p1f1,gr1,ssp245,2039-05,2039,5,11.080068988043655,11.837031952892248,-0.7569629648485936
INM,INM-CM4-8,r1i1p1f1,gr1,ssp245,2039-06,2039,6,9.706969165196712,10.465584348067985,-0.7586151828712726
INM,INM-CM4-8,r1i1p1f1,gr1,ssp245,2039-07,2039,7,8.091102885747183,8.838514028128982,-0.7474111423817984
INM,INM-CM4-8,r1i1p1f1,gr1,ssp245,2039-08,2039,8,6.4822843445354685,7.661027790191049,-1.1787434456555808
INM,INM-CM4-8,r1i1p1f1,gr1,ssp245,2039-09,2039,9,6.232520643077292,7.6650213408846035,-1.4325006978073116
INM,INM-CM4-8,r1i1p1f1,gr1,ssp245,2039-10,2039,10,7.883678594827907,9.347820918560549,-1.4641423237326423
INM,INM-CM4-8,r1i1p1f1,gr1,ssp245,2039-11,2039,11,9.988083539070129,11.055955632744915,-1.0678720936747865
INM,INM-CM4-8,r1i1p1f1,gr1,ssp245,2039-12,2039,12,11.222591401533114,12.303191546952121,-1.080600145419007
INM,INM-CM4-8,r1i1p1f1,gr1,ssp245,2040-01,2040,1,11.890837234014992,12.86019611081008,-0.9693588767950878
INM,INM-CM4-8,r1i1p1f1,gr1,ssp245,2040-02,2040,2,12.023393008326169,13.062614164709524,-1.0392211563833555
INM,INM-CM4-8,r1i1p1f1,gr1,ssp245,2040-03,2040,3,12.024361209665617,13.044854095502593,-1.0204928858369762
INM,INM-CM4-8,r1i1p1f1,gr1,ssp245,2040-04,2040,4,11.872091310790095,12.699846949536573,-0.8277556387464777
INM,INM-CM4-8,r1i1p1f1,gr1,ssp245,2040-05,2040,5,11.065400876599394,11.837031952892248,-0.771631076292854
INM,INM-CM4-8,r1i1p1f1,gr1,ssp245,2040-06,2040,6,9.660792257800226,10.465584348067985,-0.8047920902677586
INM,INM-CM4-8,r1i1p1f1,gr1,ssp245,2040-07,2040,7,8.259917289111806,8.838514028128982,-0.5785967390171756
INM,INM-CM4-8,r1i1p1f1,gr1,ssp245,2040-08,2040,8,6.828436674430231,7.661027790191049,-0.8325911157608186
INM,INM-CM4-8,r1i1p1f1,gr1,ssp245,2040-09,2040,9,6.5217754926961895,7.6650213408846035,-1.143245848188414
INM,INM-CM4-8,r1i1p1f1,gr1,ssp245,2040-10,2040,10,8.319269726959151,9.347820918560549,-1.028551191601398
INM,INM-CM4-8,r1i1p1f1,gr1,ssp245,2040-11,2040,11,10.185971110304061,11.055955632744915,-0.8699845224408538
INM,INM-CM4-8,r1i1p1f1,gr1,ssp245,2040-12,2040,12,11.283792867727481,12.303191546952121,-1.01939867922464
INM,INM-CM4-8,r1i1p1f1,gr1,ssp245,2041-01,2041,1,11.922231363140014,12.86019611081008,-0.9379647476700654
INM,INM-CM4-8,r1i1p1f1,gr1,ssp245,2041-02,2041,2,12.21373933750155,13.062614164709524,-0.8488748272079736
INM,INM-CM4-8,r1i1p1f1,gr1,ssp245,2041-03,2041,3,12.392958738644964,13.044854095502593,-0.6518953568576293
INM,INM-CM4-8,r1i1p1f1,gr1,ssp245,2041-04,2041,4,12.054551445253063,12.699846949536573,-0.64529550428351
INM,INM-CM4-8,r1i1p1f1,gr1,ssp245,2041-05,2041,5,10.858530835750896,11.837031952892248,-0.9785011171413522
INM,INM-CM4-8,r1i1p1f1,gr1,ssp245,2041-06,2041,6,9.422903371399533,10.465584348067985,-1.0426809766684517
INM,INM-CM4-8,r1i1p1f1,gr1,ssp245,2041-07,2041,7,7.7825158817062015,8.838514028128982,-1.0559981464227803
INM,INM-CM4-8,r1i1p1f1,gr1,ssp245,2041-08,2041,8,6.40517064936835,7.661027790191049,-1.255857140822699
INM,INM-CM4-8,r1i1p1f1,gr1,ssp245,2041-09,2041,9,6.021121542606688,7.6650213408846035,-1.643899798277915
INM,INM-CM4-8,r1i1p1f1,gr1,ssp245,2041-10,2041,10,7.592698139181731,9.347820918560549,-1.7551227793788176
INM,INM-CM4-8,r1i1p1f1,gr1,ssp245,2041-11,2041,11,9.872592928213148,11.055955632744915,-1.183362704531767
INM,INM-CM4-8,r1i1p1f1,gr1,ssp245,2041-12,2041,12,11.191243067405825,12.303191546952121,-1.111948479546296
INM,INM-CM4-8,r1i1p1f1,gr1,ssp245,2042-01,2042,1,12.13194524906983,12.86019611081008,-0.7282508617402499
INM,INM-CM4-8,r1i1p1f1,gr1,ssp245,2042-02,2042,2,12.425505445852375,13.062614164709524,-0.6371087188571494
INM,INM-CM4-8,r1i1p1f1,gr1,ssp245,2042-03,2042,3,12.559178104276153,13.044854095502593,-0.4856759912264401
INM,INM-CM4-8,r1i1p1f1,gr1,ssp245,2042-04,2042,4,11.95331298404489,12.699846949536573,-0.7465339654916825
INM,INM-CM4-8,r1i1p1f1,gr1,ssp245,2042-05,2042,5,10.811876334881692,11.837031952892248,-1.0251556180105563
INM,INM-CM4-8,r1i1p1f1,gr1,ssp245,2042-06,2042,6,8.947151942562517,10.465584348067985,-1.518432405505468
INM,INM-CM4-8,r1i1p1f1,gr1,ssp245,2042-07,2042,7,6.929349512540194,8.838514028128982,-1.9091645155887882
INM,INM-CM4-8,r1i1p1f1,gr1,ssp245,2042-08,2042,8,5.7510613559107115,7.661027790191049,-1.9099664342803377
INM,INM-CM4-8,r1i1p1f1,gr1,ssp245,2042-09,2042,9,5.603732780907367,7.6650213408846035,-2.0612885599772364
INM,INM-CM4-8,r1i1p1f1,gr1,ssp245,2042-10,2042,10,6.836058378876982,9.347820918560549,-2.511762539683567
INM,INM-CM4-8,r1i1p1f1,gr1,ssp245,2042-11,2042,11,9.294232406212622,11.055955632744915,-1.7617232265322933
INM,INM-CM4-8,r1i1p1f1,gr1,ssp245,2042-12,2042,12,10.729844896703952,12.303191546952121,-1.573346650248169
INM,INM-CM4-8,r1i1p1f1,gr1,ssp245,2043-01,2043,1,11.596529692898098,12.86019611081008,-1.2636664179119812
INM,INM-CM4-8,r1i1p1f1,gr1,ssp245,2043-02,2043,2,11.772183474275485,13.062614164709524,-1.2904306904340395
INM,INM-CM4-8,r1i1p1f1,gr1,ssp245,2043-03,2043,3,11.798804963581697,13.044854095502593,-1.2460491319208966
INM,INM-CM4-8,r1i1p1f1,gr1,ssp245,2043-04,2043,4,11.503647708078816,12.699846949536573,-1.196199241457757
INM,INM-CM4-8,r1i1p1f1,gr1,ssp245,2043-05,2043,5,10.420037866895894,11.837031952892248,-1.416994085996354
INM,INM-CM4-8,r1i1p1f1,gr1,ssp245,2043-06,2043,6,8.622909917118172,10.465584348067985,-1.8426744309498133
INM,INM-CM4-8,r1i1p1f1,gr1,ssp245,2043-07,2043,7,6.590177218083369,8.838514028128982,-2.248336810045613
INM,INM-CM4-8,r1i1p1f1,gr1,ssp245,2043-08,2043,8,5.183558634434716,7.661027790191049,-2.4774691557563333
INM,INM-CM4-8,r1i1p1f1,gr1,ssp245,2043-09,2043,9,4.699744339654291,7.6650213408846035,-2.9652770012303122
INM,INM-CM4-8,r1i1p1f1,gr1,ssp245,2043-10,2043,10,6.080461984905457,9.347820918560549,-3.2673589336550917
INM,INM-CM4-8,r1i1p1f1,gr1,ssp245,2043-11,2043,11,8.906682931989952,11.055955632744915,-2.1492727007549632
INM,INM-CM4-8,r1i1p1f1,gr1,ssp245,2043-12,2043,12,10.630888072484721,12.303191546952121,-1.6723034744674
INM,INM-CM4-8,r1i1p1f1,gr1,ssp245,2044-01,2044,1,11.461027817222954,12.86019611081008,-1.3991682935871257
INM,INM-CM4-8,r1i1p1f1,gr1,ssp245,2044-02,2044,2,11.88512338360542,13.062614164709524,-1.1774907811041047
INM,INM-CM4-8,r1i1p1f1,gr1,ssp245,2044-03,2044,3,11.97457893157068,13.044854095502593,-1.070275163931914
INM,INM-CM4-8,r1i1p1f1,gr1,ssp245,2044-04,2044,4,11.285645851513848,12.699846949536573,-1.4142010980227244
INM,INM-CM4-8,r1i1p1f1,gr1,ssp245,2044-05,2044,5,10.220708172532866,11.837031952892248,-1.616323780359382
INM,INM-CM4-8,r1i1p1f1,gr1,ssp245,2044-06,2044,6,8.658225285692025,10.465584348067985,-1.8073590623759603
INM,INM-CM4-8,r1i1p1f1,gr1,ssp245,2044-07,2044,7,7.075848109891992,8.838514028128982,-1.7626659182369897
INM,INM-CM4-8,r1i1p1f1,gr1,ssp245,2044-08,2044,8,5.743079565666494,7.661027790191049,-1.9179482245245554
INM,INM-CM4-8,r1i1p1f1,gr1,ssp245,2044-09,2044,9,5.447451665729531,7.6650213408846035,-2.2175696751550724
INM,INM-CM4-8,r1i1p1f1,gr1,ssp245,2044-10,2044,10,7.355838464038109,9.347820918560549,-1.9919824545224403
INM,INM-CM4-8,r1i1p1f1,gr1,ssp245,2044-11,2044,11,9.358155957558264,11.055955632744915,-1.6977996751866513
INM,INM-CM4-8,r1i1p1f1,gr1,ssp245,2044-12,2044,12,10.360111499659093,12.303191546952121,-1.9430800472930283
INM,INM-CM4-8,r1i1p1f1,gr1,ssp245,2045-01,2045,1,11.472260422823133,12.86019611081008,-1.3879356879869462
INM,INM-CM4-8,r1i1p1f1,gr1,ssp245,2045-02,2045,2,12.191467532367804,13.062614164709524,-0.8711466323417199
INM,INM-CM4-8,r1i1p1f1,gr1,ssp245,2045-03,2045,3,12.203955406886562,13.044854095502593,-0.840898688616031
INM,INM-CM4-8,r1i1p1f1,gr1,ssp245,2045-04,2045,4,11.851224827166273,12.699846949536573,-0.8486221223702994
INM,INM-CM4-8,r1i1p1f1,gr1,ssp245,2045-05,2045,5,10.985421653298319,11.837031952892248,-0.8516102995939292
INM,INM-CM4-8,r1i1p1f1,gr1,ssp245,2045-06,2045,6,9.056000341399868,10.465584348067985,-1.4095840066681173
INM,INM-CM4-8,r1i1p1f1,gr1,ssp245,2045-07,2045,7,6.904645417816675,8.838514028128982,-1.9338686103123068
INM,INM-CM4-8,r1i1p1f1,gr1,ssp245,2045-08,2045,8,5.496758473937125,7.661027790191049,-2.1642693162539244
INM,INM-CM4-8,r1i1p1f1,gr1,ssp245,2045-09,2045,9,5.030791262608732,7.6650213408846035,-2.6342300782758716
INM,INM-CM4-8,r1i1p1f1,gr1,ssp245,2045-10,2045,10,6.6123369756645065,9.347820918560549,-2.7354839428960425
INM,INM-CM4-8,r1i1p1f1,gr1,ssp245,2045-11,2045,11,9.068070173863955,11.055955632744915,-1.9878854588809602
INM,INM-CM4-8,r1i1p1f1,gr1,ssp245,2045-12,2045,12,10.685047110213421,12.303191546952121,-1.6181444367386995
INM,INM-CM4-8,r1i1p1f1,gr1,ssp245,2046-01,2046,1,11.706194173652207,12.86019611081008,-1.1540019371578722
INM,INM-CM4-8,r1i1p1f1,gr1,ssp245,2046-02,2046,2,11.95539141939105,13.062614164709524,-1.1072227453184738
INM,INM-CM4-8,r1i1p1f1,gr1,ssp245,2046-03,2046,3,12.202959230330247,13.044854095502593,-0.8418948651723461
INM,INM-CM4-8,r1i1p1f1,gr1,ssp245,2046-04,2046,4,11.903283628476695,12.699846949536573,-0.7965633210598781
INM,INM-CM4-8,r1i1p1f1,gr1,ssp245,2046-05,2046,5,11.03032634767851,11.837031952892248,-0.8067056052137378
INM,INM-CM4-8,r1i1p1f1,gr1,ssp245,2046-06,2046,6,9.504450674860768,10.465584348067985,-0.9611336732072164
INM,INM-CM4-8,r1i1p1f1,gr1,ssp245,2046-07,2046,7,7.472834040221528,8.838514028128982,-1.3656799879074537
INM,INM-CM4-8,r1i1p1f1,gr1,ssp245,2046-08,2046,8,5.512775032242649,7.661027790191049,-2.1482527579484003
INM,INM-CM4-8,r1i1p1f1,gr1,ssp245,2046-09,2046,9,5.107124311705431,7.6650213408846035,-2.5578970291791725
INM,INM-CM4-8,r1i1p1f1,gr1,ssp245,2046-10,2046,10,6.935908478090738,9.347820918560549,-2.411912440469811
INM,INM-CM4-8,r1i1p1f1,gr1,ssp245,2046-11,2046,11,9.535149578988944,11.055955632744915,-1.5208060537559707
INM,INM-CM4-8,r1i1p1f1,gr1,ssp245,2046-12,2046,12,11.502145766643078,12.303191546952121,-0.8010457803090425
INM,INM-CM4-8,r1i1p1f1,gr1,ssp245,2047-01,2047,1,12.283103913635635,12.86019611081008,-0.5770921971744443
INM,INM-CM4-8,r1i1p1f1,gr1,ssp245,2047-02,2047,2,12.400207629048172,13.062614164709524,-0.6624065356613524
INM,INM-CM4-8,r1i1p1f1,gr1,ssp245,2047-03,2047,3,12.385632370219094,13.044854095502593,-0.6592217252834995
INM,INM-CM4-8,r1i1p1f1,gr1,ssp245,2047-04,2047,4,12.023840401052793,12.699846949536573,-0.6760065484837803
INM,INM-CM4-8,r1i1p1f1,gr1,ssp245,2047-05,2047,5,11.21862000427967,11.837031952892248,-0.6184119486125788
INM,INM-CM4-8,r1i1p1f1,gr1,ssp245,2047-06,2047,6,9.631090662239691,10.465584348067985,-0.8344936858282939
INM,INM-CM4-8,r1i1p1f1,gr1,ssp245,2047-07,2047,7,7.835353491373952,8.838514028128982,-1.00316053675503
INM,INM-CM4-8,r1i1p1f1,gr1,ssp245,2047-08,2047,8,5.878054229008653,7.661027790191049,-1.7829735611823967
INM,INM-CM4-8,r1i1p1f1,gr1,ssp245,2047-09,2047,9,5.3059091966945475,7.6650213408846035,-2.359112144190056
INM,INM-CM4-8,r1i1p1f1,gr1,ssp245,2047-10,2047,10,7.217764820195359,9.347820918560549,-2.1300560983651904
INM,INM-CM4-8,r1i1p1f1,gr1,ssp245,2047-11,2047,11,9.797031972125062,11.055955632744915,-1.2589236606198533
INM,INM-CM4-8,r1i1p1f1,gr1,ssp245,2047-12,2047,12,11.303461980694891,12.303191546952121,-0.9997295662572299
INM,INM-CM4-8,r1i1p1f1,gr1,ssp245,2048-01,2048,1,11.975477344812985,12.86019611081008,-0.8847187659970945
INM,INM-CM4-8,r1i1p1f1,gr1,ssp245,2048-02,2048,2,12.264586732625006,13.062614164709524,-0.7980274320845187
INM,INM-CM4-8,r1i1p1f1,gr1,ssp245,2048-03,2048,3,12.309241201656267,13.044854095502593,-0.7356128938463264
INM,INM-CM4-8,r1i1p1f1,gr1,ssp245,2048-04,2048,4,12.007899222611242,12.699846949536573,-0.6919477269253314
INM,INM-CM4-8,r1i1p1f1,gr1,ssp245,2048-05,2048,5,11.18034935982527,11.837031952892248,-0.6566825930669786
INM,INM-CM4-8,r1i1p1f1,gr1,ssp245,2048-06,2048,6,9.542790272594535,10.465584348067985,-0.9227940754734494
INM,INM-CM4-8,r1i1p1f1,gr1,ssp245,2048-07,2048,7,7.395421699925107,8.838514028128982,-1.4430923282038748
INM,INM-CM4-8,r1i1p1f1,gr1,ssp245,2048-08,2048,8,5.508296714185455,7.661027790191049,-2.152731076005594
INM,INM-CM4-8,r1i1p1f1,gr1,ssp245,2048-09,2048,9,5.185732319586333,7.6650213408846035,-2.4792890212982703
INM,INM-CM4-8,r1i1p1f1,gr1,ssp245,2048-10,2048,10,6.749193168445867,9.347820918560549,-2.598627750114682
INM,INM-CM4-8,r1i1p1f1,gr1,ssp245,2048-11,2048,11,9.628450131809327,11.055955632744915,-1.4275055009355881
INM,INM-CM4-8,r1i1p1f1,gr1,ssp245,2048-12,2048,12,11.256770026733907,12.303191546952121,-1.0464215202182139
INM,INM-CM4-8,r1i1p1f1,gr1,ssp245,2049-01,2049,1,12.10745719727531,12.86019611081008,-0.7527389135347704
INM,INM-CM4-8,r1i1p1f1,gr1,ssp245,2049-02,2049,2,12.608629702434804,13.062614164709524,-0.45398446227472
INM,INM-CM4-8,r1i1p1f1,gr1,ssp245,2049-03,2049,3,12.431204297323777,13.044854095502593,-0.613649798178816
INM,INM-CM4-8,r1i1p1f1,gr1,ssp245,2049-04,2049,4,12.010485008855774,12.699846949536573,-0.6893619406807989
INM,INM-CM4-8,r1i1p1f1,gr1,ssp245,2049-05,2049,5,11.273034141340103,11.837031952892248,-0.5639978115521451
INM,INM-CM4-8,r1i1p1f1,gr1,ssp245,2049-06,2049,6,9.54437728369221,10.465584348067985,-0.9212070643757748
INM,INM-CM4-8,r1i1p1f1,gr1,ssp245,2049-07,2049,7,7.804359194368576,8.838514028128982,-1.0341548337604056
INM,INM-CM4-8,r1i1p1f1,gr1,ssp245,2049-08,2049,8,6.249518011435241,7.661027790191049,-1.411509778755808
INM,INM-CM4-8,r1i1p1f1,gr1,ssp245,2049-09,2049,9,5.757910978501548,7.6650213408846035,-1.9071103623830554
INM,INM-CM4-8,r1i1p1f1,gr1,ssp245,2049-10,2049,10,7.666996443182677,9.347820918560549,-1.6808244753778716
INM,INM-CM4-8,r1i1p1f1,gr1,ssp245,2049-11,2049,11,10.244920161706293,11.055955632744915,-0.8110354710386218
INM,INM-CM4-8,r1i1p1f1,gr1,ssp245,2049-12,2049,12,11.623277068355245,12.303191546952121,-0.679914478596876
INM,INM-CM4-8,r1i1p1f1,gr1,ssp245,2050-01,2050,1,12.41856021642906,12.86019611081008,-0.4416358943810188
INM,INM-CM4-8,r1i1p1f1,gr1,ssp245,2050-02,2050,2,12.625319788435101,13.062614164709524,-0.4372943762744228
INM,INM-CM4-8,r1i1p1f1,gr1,ssp245,2050-03,2050,3,12.38637046505726,13.044854095502593,-0.6584836304453336
INM,INM-CM4-8,r1i1p1f1,gr1,ssp245,2050-04,2050,4,11.788369144892947,12.699846949536573,-0.911477804643626
INM,INM-CM4-8,r1i1p1f1,gr1,ssp245,2050-05,2050,5,10.731275950996675,11.837031952892248,-1.105756001895573
INM,INM-CM4-8,r1i1p1f1,gr1,ssp245,2050-06,2050,6,9.105810921464602,10.465584348067985,-1.3597734266033825
INM,INM-CM4-8,r1i1p1f1,gr1,ssp245,2050-07,2050,7,7.246594471474349,8.838514028128982,-1.5919195566546325
INM,INM-CM4-8,r1i1p1f1,gr1,ssp245,2050-08,2050,8,5.745536857616724,7.661027790191049,-1.9154909325743255
INM,INM-CM4-8,r1i1p1f1,gr1,ssp245,2050-09,2050,9,5.422292199008897,7.6650213408846035,-2.2427291418757065
INM,INM-CM4-8,r1i1p1f1,gr1,ssp245,2050-10,2050,10,6.937092419155501,9.347820918560549,-2.4107284994050477
INM,INM-CM4-8,r1i1p1f1,gr1,ssp245,2050-11,2050,11,8.847467505959358,11.055955632744915,-2.208488126785557
INM,INM-CM4-8,r1i1p1f1,gr1,ssp245,2050-12,2050,12,10.807659003498792,12.303191546952121,-1.4955325434533293
INM,INM-CM4-8,r1i1p1f1,gr1,ssp245,2051-01,2051,1,12.039418745144904,12.86019611081008,-0.820777365665176
INM,INM-CM4-8,r1i1p1f1,gr1,ssp245,2051-02,2051,2,12.200617251235538,13.062614164709524,-0.8619969134739858
INM,INM-CM4-8,r1i1p1f1,gr1,ssp245,2051-03,2051,3,12.164449432710452,13.044854095502593,-0.8804046627921416
INM,INM-CM4-8,r1i1p1f1,gr1,ssp245,2051-04,2051,4,11.778374871098466,12.699846949536573,-0.9214720784381072
INM,INM-CM4-8,r1i1p1f1,gr1,ssp245,2051-05,2051,5,10.937951522510954,11.837031952892248,-0.8990804303812947
INM,INM-CM4-8,r1i1p1f1,gr1,ssp245,2051-06,2051,6,9.382884160171573,10.465584348067985,-1.0827001878964122
INM,INM-CM4-8,r1i1p1f1,gr1,ssp245,2051-07,2051,7,7.715897115711302,8.838514028128982,-1.12261691241768
INM,INM-CM4-8,r1i1p1f1,gr1,ssp245,2051-08,2051,8,6.420024500285328,7.661027790191049,-1.2410032899057217
INM,INM-CM4-8,r1i1p1f1,gr1,ssp245,2051-09,2051,9,6.2221461098334085,7.6650213408846035,-1.442875231051195
INM,INM-CM4-8,r1i1p1f1,gr1,ssp245,2051-10,2051,10,7.87329913514353,9.347820918560549,-1.4745217834170186
INM,INM-CM4-8,r1i1p1f1,gr1,ssp245,2051-11,2051,11,9.842596482325241,11.055955632744915,-1.2133591504196737
INM,INM-CM4-8,r1i1p1f1,gr1,ssp245,2051-12,2051,12,10.807693743163352,12.303191546952121,-1.4954978037887692
INM,INM-CM4-8,r1i1p1f1,gr1,ssp245,2052-01,2052,1,11.539886726581424,12.86019611081008,-1.320309384228656
INM,INM-CM4-8,r1i1p1f1,gr1,ssp245,2052-02,2052,2,11.969092838951887,13.062614164709524,-1.0935213257576368
INM,INM-CM4-8,r1i1p1f1,gr1,ssp245,2052-03,2052,3,11.948775513392786,13.044854095502593,-1.0960785821098078
INM,INM-CM4-8,r1i1p1f1,gr1,ssp245,2052-04,2052,4,11.665172493926926,12.699846949536573,-1.0346744556096468
INM,INM-CM4-8,r1i1p1f1,gr1,ssp245,2052-05,2052,5,10.71690456379077,11.837031952892248,-1.1201273891014782
INM,INM-CM4-8,r1i1p1f1,gr1,ssp245,2052-06,2052,6,9.118764286963907,10.465584348067985,-1.3468200611040775
INM,INM-CM4-8,r1i1p1f1,gr1,ssp245,2052-07,2052,7,7.272994880767322,8.838514028128982,-1.5655191473616599
INM,INM-CM4-8,r1i1p1f1,gr1,ssp245,2052-08,2052,8,5.922575660333475,7.661027790191049,-1.7384521298575741
INM,INM-CM4-8,r1i1p1f1,gr1,ssp245,2052-09,2052,9,5.502369037417705,7.6650213408846035,-2.1626523034668983
INM,INM-CM4-8,r1i1p1f1,gr1,ssp245,2052-10,2052,10,6.931838951276221,9.347820918560549,-2.4159819672843277
INM,INM-CM4-8,r1i1p1f1,gr1,ssp245,2052-11,2052,11,9.638182875455728,11.055955632744915,-1.4177727572891872
INM,INM-CM4-8,r1i1p1f1,gr1,ssp245,2052-12,2052,12,11.051172464913629,12.303191546952121,-1.2520190820384922
INM,INM-CM4-8,r1i1p1f1,gr1,ssp245,2053-01,2053,1,11.76046787447784,12.86019611081008,-1.0997282363322398
INM,INM-CM4-8,r1i1p1f1,gr1,ssp245,2053-02,2053,2,12.06149477447027,13.062614164709524,-1.0011193902392534
INM,INM-CM4-8,r1i1p1f1,gr1,ssp245,2053-03,2053,3,12.144527426018566,13.044854095502593,-0.9003266694840271
INM,INM-CM4-8,r1i1p1f1,gr1,ssp245,2053-04,2053,4,11.818164402430726,12.699846949536573,-0.8816825471058465
INM,INM-CM4-8,r1i1p1f1,gr1,ssp245,2053-05,2053,5,10.906001545162095,11.837031952892248,-0.9310304077301534
INM,INM-CM4-8,r1i1p1f1,gr1,ssp245,2053-06,2053,6,9.271964129799814,10.465584348067985,-1.1936202182681708
INM,INM-CM4-8,r1i1p1f1,gr1,ssp245,2053-07,2053,7,7.416094604513333,8.838514028128982,-1.4224194236156489
INM,INM-CM4-8,r1i1p1f1,gr1,ssp245,2053-08,2053,8,6.016207945562333,7.661027790191049,-1.6448198446287163
INM,INM-CM4-8,r1i1p1f1,gr1,ssp245,2053-09,2053,9,5.584369411725188,7.6650213408846035,-2.0806519291594157
INM,INM-CM4-8,r1i1p1f1,gr1,ssp245,2053-10,2053,10,7.131135241132768,9.347820918560549,-2.2166856774277806
INM,INM-CM4-8,r1i1p1f1,gr1,ssp245,2053-11,2053,11,9.597892055567222,11.055955632744915,-1.4580635771776933
INM,INM-CM4-8,r1i1p1f1,gr1,ssp245,2053-12,2053,12,10.96471395824369,12.303191546952121,-1.3384775887084306
INM,INM-CM4-8,r1i1p1f1,gr1,ssp245,2054-01,2054,1,11.951176673924696,12.86019611081008,-0.9090194368853837
INM,INM-CM4-8,r1i1p1f1,gr1,ssp245,2054-02,2054,2,12.061309594415555,13.062614164709524,-1.0013045702939696
INM,INM-CM4-8,r1i1p1f1,gr1,ssp245,2054-03,2054,3,12.124792579612523,13.044854095502593,-0.9200615158900707
INM,INM-CM4-8,r1i1p1f1,gr1,ssp245,2054-04,2054,4,11.763789196785254,12.699846949536573,-0.936057752751319
INM,INM-CM4-8,r1i1p1f1,gr1,ssp245,2054-05,2054,5,10.781768914358581,11.837031952892248,-1.055263038533667
INM,INM-CM4-8,r1i1p1f1,gr1,ssp245,2054-06,2054,6,9.34587244803207,10.465584348067985,-1.1197119000359148
INM,INM-CM4-8,r1i1p1f1,gr1,ssp245,2054-07,2054,7,7.555293273300817,8.838514028128982,-1.2832207548281644
INM,INM-CM4-8,r1i1p1f1,gr1,ssp245,2054-08,2054,8,6.3545641085082805,7.661027790191049,-1.3064636816827688
INM,INM-CM4-8,r1i1p1f1,gr1,ssp245,2054-09,2054,9,6.021331618794155,7.6650213408846035,-1.643689722090449
INM,INM-CM4-8,r1i1p1f1,gr1,ssp245,2054-10,2054,10,7.596583634427442,9.347820918560549,-1.751237284133107
INM,INM-CM4-8,r1i1p1f1,gr1,ssp245,2054-11,2054,11,9.45141208862628,11.055955632744915,-1.604543544118636
INM,INM-CM4-8,r1i1p1f1,gr1,ssp245,2054-12,2054,12,10.806831720418849,12.303191546952121,-1.496359826533272
INM,INM-CM4-8,r1i1p1f1,gr1,ssp245,2055-01,2055,1,11.679123829003066,12.86019611081008,-1.1810722818070136
INM,INM-CM4-8,r1i1p1f1,gr1,ssp245,2055-02,2055,2,12.251459146550959,13.062614164709524,-0.8111550181585656
INM,INM-CM4-8,r1i1p1f1,gr1,ssp245,2055-03,2055,3,12.097378206146114,13.044854095502593,-0.947475889356479
INM,INM-CM4-8,r1i1p1f1,gr1,ssp245,2055-04,2055,4,11.684403447799982,12.699846949536573,-1.0154435017365913
INM,INM-CM4-8,r1i1p1f1,gr1,ssp245,2055-05,2055,5,10.520581624140137,11.837031952892248,-1.3164503287521114
INM,INM-CM4-8,r1i1p1f1,gr1,ssp245,2055-06,2055,6,9.172007994895282,10.465584348067985,-1.2935763531727034
INM,INM-CM4-8,r1i1p1f1,gr1,ssp245,2055-07,2055,7,7.3761265892430465,8.838514028128982,-1.4623874388859353
INM,INM-CM4-8,r1i1p1f1,gr1,ssp245,2055-08,2055,8,5.844772909337735,7.661027790191049,-1.8162548808533145
INM,INM-CM4-8,r1i1p1f1,gr1,ssp245,2055-09,2055,9,5.5335883823808905,7.6650213408846035,-2.131432958503713
INM,INM-CM4-8,r1i1p1f1,gr1,ssp245,2055-10,2055,10,7.316607708103369,9.347820918560549,-2.03121321045718
INM,INM-CM4-8,r1i1p1f1,gr1,ssp245,2055-11,2055,11,9.44290048329181,11.055955632744915,-1.6130551494531051
INM,INM-CM4-8,r1i1p1f1,gr1,ssp245,2055-12,2055,12,10.634408405601402,12.303191546952121,-1.668783141350719
INM,INM-CM4-8,r1i1p1f1,gr1,ssp245,2056-01,2056,1,11.583915369580644,12.86019611081008,-1.276280741229435
INM,INM-CM4-8,r1i1p1f1,gr1,ssp245,2056-02,2056,2,11.982586974402842,13.062614164709524,-1.0800271903066818
INM,INM-CM4-8,r1i1p1f1,gr1,ssp245,2056-03,2056,3,11.925711357181084,13.044854095502593,-1.119142738321509
INM,INM-CM4-8,r1i1p1f1,gr1,ssp245,2056-04,2056,4,11.402333119923538,12.699846949536573,-1.2975138296130346
INM,INM-CM4-8,r1i1p1f1,gr1,ssp245,2056-05,2056,5,10.667401539758623,11.837031952892248,-1.1696304131336248
INM,INM-CM4-8,r1i1p1f1,gr1,ssp245,2056-06,2056,6,9.085883118579124,10.465584348067985,-1.3797012294888606
INM,INM-CM4-8,r1i1p1f1,gr1,ssp245,2056-07,2056,7,7.188081349066288,8.838514028128982,-1.6504326790626935
INM,INM-CM4-8,r1i1p1f1,gr1,ssp245,2056-08,2056,8,5.6516857059878545,7.661027790191049,-2.009342084203195
INM,INM-CM4-8,r1i1p1f1,gr1,ssp245,2056-09,2056,9,5.2748142246899015,7.6650213408846035,-2.390207116194702
INM,INM-CM4-8,r1i1p1f1,gr1,ssp245,2056-10,2056,10,6.972209294610696,9.347820918560549,-2.375611623949853
INM,INM-CM4-8,r1i1p1f1,gr1,ssp245,2056-11,2056,11,9.196017635340569,11.055955632744915,-1.8599379974043462
INM,INM-CM4-8,r1i1p1f1,gr1,ssp245,2056-12,2056,12,10.53469373165433,12.303191546952121,-1.7684978152977902
INM,INM-CM4-8,r1i1p1f1,gr1,ssp245,2057-01,2057,1,11.413282616113833,12.86019611081008,-1.446913494696247
INM,INM-CM4-8,r1i1p1f1,gr1,ssp245,2057-02,2057,2,11.597174959008742,13.062614164709524,-1.4654392057007826
INM,INM-CM4-8,r1i1p1f1,gr1,ssp245,2057-03,2057,3,11.846891302317326,13.044854095502593,-1.1979627931852672
INM,INM-CM4-8,r1i1p1f1,gr1,ssp245,2057-04,2057,4,11.210367225909264,12.699846949536573,-1.4894797236273085
INM,INM-CM4-8,r1i1p1f1,gr1,ssp245,2057-05,2057,5,10.084875269366236,11.837031952892248,-1.752156683526012
INM,INM-CM4-8,r1i1p1f1,gr1,ssp245,2057-06,2057,6,8.26115018837047,10.465584348067985,-2.2044341596975148
INM,INM-CM4-8,r1i1p1f1,gr1,ssp245,2057-07,2057,7,6.53451599621249,8.838514028128982,-2.3039980319164917
INM,INM-CM4-8,r1i1p1f1,gr1,ssp245,2057-08,2057,8,5.068327444212405,7.661027790191049,-2.5927003459786446
INM,INM-CM4-8,r1i1p1f1,gr1,ssp245,2057-09,2057,9,4.560811024088677,7.6650213408846035,-3.1042103167959265
INM,INM-CM4-8,r1i1p1f1,gr1,ssp245,2057-10,2057,10,5.737478714714977,9.347820918560549,-3.6103422038455717
INM,INM-CM4-8,r1i1p1f1,gr1,ssp245,2057-11,2057,11,8.841019835295027,11.055955632744915,-2.214935797449888
INM,INM-CM4-8,r1i1p1f1,gr1,ssp245,2057-12,2057,12,10.787962824130192,12.303191546952121,-1.515228722821929
INM,INM-CM4-8,r1i1p1f1,gr1,ssp245,2058-01,2058,1,11.582992655482634,12.86019611081008,-1.2772034553274452
INM,INM-CM4-8,r1i1p1f1,gr1,ssp245,2058-02,2058,2,11.987836918069375,13.062614164709524,-1.0747772466401493
INM,INM-CM4-8,r1i1p1f1,gr1,ssp245,2058-03,2058,3,12.011486543503793,13.044854095502593,-1.0333675519988006
INM,INM-CM4-8,r1i1p1f1,gr1,ssp245,2058-04,2058,4,11.634514776276456,12.699846949536573,-1.065332173260117
INM,INM-CM4-8,r1i1p1f1,gr1,ssp245,2058-05,2058,5,10.616902013472348,11.837031952892248,-1.2201299394199001
INM,INM-CM4-8,r1i1p1f1,gr1,ssp245,2058-06,2058,6,8.90059420747056,10.465584348067985,-1.5649901405974251
INM,INM-CM4-8,r1i1p1f1,gr1,ssp245,2058-07,2058,7,6.762630426030716,8.838514028128982,-2.0758836020982656
INM,INM-CM4-8,r1i1p1f1,gr1,ssp245,2058-08,2058,8,5.137309400921773,7.661027790191049,-2.523718389269276
INM,INM-CM4-8,r1i1p1f1,gr1,ssp245,2058-09,2058,9,5.184943882389693,7.6650213408846035,-2.48007745849491
INM,INM-CM4-8,r1i1p1f1,gr1,ssp245,2058-10,2058,10,7.036284140604683,9.347820918560549,-2.311536777955866
INM,INM-CM4-8,r1i1p1f1,gr1,ssp245,2058-11,2058,11,8.917615828544202,11.055955632744915,-2.1383398042007133
INM,INM-CM4-8,r1i1p1f1,gr1,ssp245,2058-12,2058,12,10.495077842844376,12.303191546952121,-1.808113704107745
INM,INM-CM4-8,r1i1p1f1,gr1,ssp245,2059-01,2059,1,11.680533082331497,12.86019611081008,-1.1796630284785827
INM,INM-CM4-8,r1i1p1f1,gr1,ssp245,2059-02,2059,2,12.274539478392995,13.062614164709524,-0.7880746863165289
INM,INM-CM4-8,r1i1p1f1,gr1,ssp245,2059-03,2059,3,12.269064629791298,13.044854095502593,-0.7757894657112949
INM,INM-CM4-8,r1i1p1f1,gr1,ssp245,2059-04,2059,4,12.004021852928137,12.699846949536573,-0.6958250966084361
INM,INM-CM4-8,r1i1p1f1,gr1,ssp245,2059-05,2059,5,10.975938621364863,11.837031952892248,-0.8610933315273854
INM,INM-CM4-8,r1i1p1f1,gr1,ssp245,2059-06,2059,6,9.340346279771168,10.465584348067985,-1.1252380682968166
INM,INM-CM4-8,r1i1p1f1,gr1,ssp245,2059-07,2059,7,7.329680727215803,8.838514028128982,-1.508833300913179
INM,INM-CM4-8,r1i1p1f1,gr1,ssp245,2059-08,2059,8,5.640235428977767,7.661027790191049,-2.0207923612132825
INM,INM-CM4-8,r1i1p1f1,gr1,ssp245,2059-09,2059,9,5.377204415416933,7.6650213408846035,-2.287816925467671
INM,INM-CM4-8,r1i1p1f1,gr1,ssp245,2059-10,2059,10,6.98686903403441,9.347820918560549,-2.3609518845261386
INM,INM-CM4-8,r1i1p1f1,gr1,ssp245,2059-11,2059,11,9.28413304762807,11.055955632744915,-1.7718225851168459
INM,INM-CM4-8,r1i1p1f1,gr1,ssp245,2059-12,2059,12,10.727245993298016,12.303191546952121,-1.5759455536541047
INM,INM-CM4-8,r1i1p1f1,gr1,ssp245,2060-01,2060,1,11.702207137582441,12.86019611081008,-1.1579889732276385
INM,INM-CM4-8,r1i1p1f1,gr1,ssp245,2060-02,2060,2,11.912424434736707,13.062614164709524,-1.1501897299728174
INM,INM-CM4-8,r1i1p1f1,gr1,ssp245,2060-03,2060,3,11.992948115562365,13.044854095502593,-1.0519059799402282
INM,INM-CM4-8,r1i1p1f1,gr1,ssp245,2060-04,2060,4,11.566933778243522,12.699846949536573,-1.1329131712930511
INM,INM-CM4-8,r1i1p1f1,gr1,ssp245,2060-05,2060,5,10.348049452642524,11.837031952892248,-1.4889825002497243
INM,INM-CM4-8,r1i1p1f1,gr1,ssp245,2060-06,2060,6,8.520399105744053,10.465584348067985,-1.945185242323932
INM,INM-CM4-8,r1i1p1f1,gr1,ssp245,2060-07,2060,7,6.6908638346700435,8.838514028128982,-2.1476501934589383
INM,INM-CM4-8,r1i1p1f1,gr1,ssp245,2060-08,2060,8,5.345707405951127,7.661027790191049,-2.3153203842399224
INM,INM-CM4-8,r1i1p1f1,gr1,ssp245,2060-09,2060,9,4.973674645453081,7.6650213408846035,-2.6913466954315224
INM,INM-CM4-8,r1i1p1f1,gr1,ssp245,2060-10,2060,10,6.544545266174306,9.347820918560549,-2.803275652386243
INM,INM-CM4-8,r1i1p1f1,gr1,ssp245,2060-11,2060,11,8.81076494335732,11.055955632744915,-2.245190689387595
INM,INM-CM4-8,r1i1p1f1,gr1,ssp245,2060-12,2060,12,10.430839810369381,12.303191546952121,-1.8723517365827398
INM,INM-CM4-8,r1i1p1f1,gr1,ssp245,2061-01,2061,1,11.386910969269566,12.86019611081008,-1.4732851415405133
INM,INM-CM4-8,r1i1p1f1,gr1,ssp245,2061-02,2061,2,11.760092574818538,13.062614164709524,-1.3025215898909863
INM,INM-CM4-8,r1i1p1f1,gr1,ssp245,2061-03,2061,3,11.906470177394791,13.044854095502593,-1.1383839181078024
INM,INM-CM4-8,r1i1p1f1,gr1,ssp245,2061-04,2061,4,11.471582933964983,12.699846949536573,-1.2282640155715896
INM,INM-CM4-8,r1i1p1f1,gr1,ssp245,2061-05,2061,5,10.391031838647,11.837031952892248,-1.4460001142452477
INM,INM-CM4-8,r1i1p1f1,gr1,ssp245,2061-06,2061,6,8.7856881135957,10.465584348067985,-1.6798962344722845
INM,INM-CM4-8,r1i1p1f1,gr1,ssp245,2061-07,2061,7,6.7027598666743495,8.838514028128982,-2.1357541614546323
INM,INM-CM4-8,r1i1p1f1,gr1,ssp245,2061-08,2061,8,5.089981721989932,7.661027790191049,-2.5710460682011176
INM,INM-CM4-8,r1i1p1f1,gr1,ssp245,2061-09,2061,9,4.7603910737973285,7.6650213408846035,-2.904630267087275
INM,INM-CM4-8,r1i1p1f1,gr1,ssp245,2061-10,2061,10,5.900152492082977,9.347820918560549,-3.4476684264775717
INM,INM-CM4-8,r1i1p1f1,gr1,ssp245,2061-11,2061,11,8.613169963936857,11.055955632744915,-2.4427856688080585
INM,INM-CM4-8,r1i1p1f1,gr1,ssp245,2061-12,2061,12,10.297221705844501,12.303191546952121,-2.0059698411076194
INM,INM-CM4-8,r1i1p1f1,gr1,ssp245,2062-01,2062,1,11.275310550772176,12.86019611081008,-1.584885560037904
INM,INM-CM4-8,r1i1p1f1,gr1,ssp245,2062-02,2062,2,11.626012450263815,13.062614164709524,-1.4366017144457093
INM,INM-CM4-8,r1i1p1f1,gr1,ssp245,2062-03,2062,3,11.783234532751152,13.044854095502593,-1.2616195627514415
INM,INM-CM4-8,r1i1p1f1,gr1,ssp245,2062-04,2062,4,11.319273911357355,12.699846949536573,-1.380573038179218
INM,INM-CM4-8,r1i1p1f1,gr1,ssp245,2062-05,2062,5,10.302001877471978,11.837031952892248,-1.53503007542027
INM,INM-CM4-8,r1i1p1f1,gr1,ssp245,2062-06,2062,6,8.308456976169019,10.465584348067985,-2.157127371898966
INM,INM-CM4-8,r1i1p1f1,gr1,ssp245,2062-07,2062,7,6.342088404320336,8.838514028128982,-2.496425623808646
INM,INM-CM4-8,r1i1p1f1,gr1,ssp245,2062-08,2062,8,5.033745861194722,7.661027790191049,-2.627281928996327
INM,INM-CM4-8,r1i1p1f1,gr1,ssp245,2062-09,2062,9,4.820119925597633,7.6650213408846035,-2.8449014152869703
INM,INM-CM4-8,r1i1p1f1,gr1,ssp245,2062-10,2062,10,6.138886221233977,9.347820918560549,-3.2089346973265718
INM,INM-CM4-8,r1i1p1f1,gr1,ssp245,2062-11,2062,11,8.233845783179405,11.055955632744915,-2.8221098495655106
INM,INM-CM4-8,r1i1p1f1,gr1,ssp245,2062-12,2062,12,10.084398844425609,12.303191546952121,-2.218792702526512
INM,INM-CM4-8,r1i1p1f1,gr1,ssp245,2063-01,2063,1,11.247762241555488,12.86019611081008,-1.6124338692545912
INM,INM-CM4-8,r1i1p1f1,gr1,ssp245,2063-02,2063,2,11.660786085030784,13.062614164709524,-1.4018280796787401
INM,INM-CM4-8,r1i1p1f1,gr1,ssp245,2063-03,2063,3,11.802224978465425,13.044854095502593,-1.2426291170371684
INM,INM-CM4-8,r1i1p1f1,gr1,ssp245,2063-04,2063,4,11.26511785504837,12.699846949536573,-1.434729094488203
INM,INM-CM4-8,r1i1p1f1,gr1,ssp245,2063-05,2063,5,10.204100352156006,11.837031952892248,-1.6329316007362422
INM,INM-CM4-8,r1i1p1f1,gr1,ssp245,2063-06,2063,6,8.614586674917454,10.465584348067985,-1.8509976731505304
INM,INM-CM4-8,r1i1p1f1,gr1,ssp245,2063-07,2063,7,6.697875012197885,8.838514028128982,-2.1406390159310966
INM,INM-CM4-8,r1i1p1f1,gr1,ssp245,2063-08,2063,8,5.156388734104692,7.661027790191049,-2.504639056086357
INM,INM-CM4-8,r1i1p1f1,gr1,ssp245,2063-09,2063,9,4.756544721155881,7.6650213408846035,-2.908476619728723
INM,INM-CM4-8,r1i1p1f1,gr1,ssp245,2063-10,2063,10,6.5452756414736655,9.347820918560549,-2.8025452770868835
INM,INM-CM4-8,r1i1p1f1,gr1,ssp245,2063-11,2063,11,9.04074258700962,11.055955632744915,-2.0152130457352957
INM,INM-CM4-8,r1i1p1f1,gr1,ssp245,2063-12,2063,12,10.513924641082319,12.303191546952121,-1.7892669058698019
INM,INM-CM4-8,r1i1p1f1,gr1,ssp245,2064-01,2064,1,11.552440384284758,12.86019611081008,-1.307755726525322
INM,INM-CM4-8,r1i1p1f1,gr1,ssp245,2064-02,2064,2,11.947144161368014,13.062614164709524,-1.1154700033415104
INM,INM-CM4-8,r1i1p1f1,gr1,ssp245,2064-03,2064,3,11.970755922911364,13.044854095502593,-1.0740981725912295
INM,INM-CM4-8,r1i1p1f1,gr1,ssp245,2064-04,2064,4,11.297884078806987,12.699846949536573,-1.4019628707295855
INM,INM-CM4-8,r1i1p1f1,gr1,ssp245,2064-05,2064,5,10.328150188638439,11.837031952892248,-1.5088817642538093
INM,INM-CM4-8,r1i1p1f1,gr1,ssp245,2064-06,2064,6,8.679200050478393,10.465584348067985,-1.786384297589592
INM,INM-CM4-8,r1i1p1f1,gr1,ssp245,2064-07,2064,7,6.9116799055477856,8.838514028128982,-1.9268341225811962
INM,INM-CM4-8,r1i1p1f1,gr1,ssp245,2064-08,2064,8,5.387362890570778,7.661027790191049,-2.273664899620271
INM,INM-CM4-8,r1i1p1f1,gr1,ssp245,2064-09,2064,9,4.998016813723531,7.6650213408846035,-2.6670045271610725
INM,INM-CM4-8,r1i1p1f1,gr1,ssp245,2064-10,2064,10,6.676778680214662,9.347820918560549,-2.671042238345887
INM,INM-CM4-8,r1i1p1f1,gr1,ssp245,2064-11,2064,11,8.873539221766118,11.055955632744915,-2.1824164109787976
INM,INM-CM4-8,r1i1p1f1,gr1,ssp245,2064-12,2064,12,10.337964887696833,12.303191546952121,-1.965226659255288
INM,INM-CM4-8,r1i1p1f1,gr1,ssp245,2065-01,2065,1,11.296798700158504,12.86019611081008,-1.5633974106515751
INM,INM-CM4-8,r1i1p1f1,gr1,ssp245,2065-02,2065,2,11.990642932803352,13.062614164709524,-1.071971231906172
INM,INM-CM4-8,r1i1p1f1,gr1,ssp245,2065-03,2065,3,12.011244073474508,13.044854095502593,-1.0336100220280855
INM,INM-CM4-8,r1i1p1f1,gr1,ssp245,2065-04,2065,4,11.624914332054338,12.699846949536573,-1.0749326174822347
INM,INM-CM4-8,r1i1p1f1,gr1,ssp245,2065-05,2065,5,10.720029429040531,11.837031952892248,-1.117002523851717
INM,INM-CM4-8,r1i1p1f1,gr1,ssp245,2065-06,2065,6,9.149350297408647,10.465584348067985,-1.3162340506593377
INM,INM-CM4-8,r1i1p1f1,gr1,ssp245,2065-07,2065,7,7.202614741396595,8.838514028128982,-1.6358992867323865
INM,INM-CM4-8,r1i1p1f1,gr1,ssp245,2065-08,2065,8,5.682147489354855,7.661027790191049,-1.9788803008361944
INM,INM-CM4-8,r1i1p1f1,gr1,ssp245,2065-09,2065,9,5.271869172332862,7.6650213408846035,-2.393152168551741
INM,INM-CM4-8,r1i1p1f1,gr1,ssp245,2065-10,2065,10,6.698758629082355,9.347820918560549,-2.649062289478194
INM,INM-CM4-8,r1i1p1f1,gr1,ssp245,2065-11,2065,11,9.091728407049166,11.055955632744915,-1.9642272256957494
INM,INM-CM4-8,r1i1p1f1,gr1,ssp245,2065-12,2065,12,10.820305116405525,12.303191546952121,-1.4828864305465963
INM,INM-CM4-8,r1i1p1f1,gr1,ssp245,2066-01,2066,1,11.638662056103506,12.86019611081008,-1.2215340547065736
INM,INM-CM4-8,r1i1p1f1,gr1,ssp245,2066-02,2066,2,12.132401802327443,13.062614164709524,-0.9302123623820808
INM,INM-CM4-8,r1i1p1f1,gr1,ssp245,2066-03,2066,3,12.315626175399066,13.044854095502593,-0.7292279201035274
INM,INM-CM4-8,r1i1p1f1,gr1,ssp245,2066-04,2066,4,11.673054879508534,12.699846949536573,-1.0267920700280389
INM,INM-CM4-8,r1i1p1f1,gr1,ssp245,2066-05,2066,5,10.465271106359664,11.837031952892248,-1.3717608465325846
INM,INM-CM4-8,r1i1p1f1,gr1,ssp245,2066-06,2066,6,8.920566358380812,10.465584348067985,-1.5450179896871727
INM,INM-CM4-8,r1i1p1f1,gr1,ssp245,2066-07,2066,7,7.184012317488709,8.838514028128982,-1.6545017106402726
INM,INM-CM4-8,r1i1p1f1,gr1,ssp245,2066-08,2066,8,5.815283720254707,7.661027790191049,-1.8457440699363419
INM,INM-CM4-8,r1i1p1f1,gr1,ssp245,2066-09,2066,9,5.361940951575819,7.6650213408846035,-2.303080389308785
INM,INM-CM4-8,r1i1p1f1,gr1,ssp245,2066-10,2066,10,6.95471506136262,9.347820918560549,-2.393105857197929
INM,INM-CM4-8,r1i1p1f1,gr1,ssp245,2066-11,2066,11,9.303814283823149,11.055955632744915,-1.752141348921766
INM,INM-CM4-8,r1i1p1f1,gr1,ssp245,2066-12,2066,12,10.765932056826399,12.303191546952121,-1.537259490125722
INM,INM-CM4-8,r1i1p1f1,gr1,ssp245,2067-01,2067,1,12.080800290519631,12.86019611081008,-0.7793958202904481
INM,INM-CM4-8,r1i1p1f1,gr1,ssp245,2067-02,2067,2,12.575419826403207,13.062614164709524,-0.48719433830631687
INM,INM-CM4-8,r1i1p1f1,gr1,ssp245,2067-03,2067,3,12.522684742310163,13.044854095502593,-0.5221693531924299
INM,INM-CM4-8,r1i1p1f1,gr1,ssp245,2067-04,2067,4,12.075957905494343,12.699846949536573,-0.6238890440422296
INM,INM-CM4-8,r1i1p1f1,gr1,ssp245,2067-05,2067,5,10.81036210849177,11.837031952892248,-1.0266698444004785
INM,INM-CM4-8,r1i1p1f1,gr1,ssp245,2067-06,2067,6,9.18085694126546,10.465584348067985,-1.2847274068025243
INM,INM-CM4-8,r1i1p1f1,gr1,ssp245,2067-07,2067,7,7.572101401658708,8.838514028128982,-1.2664126264702738
INM,INM-CM4-8,r1i1p1f1,gr1,ssp245,2067-08,2067,8,5.767348900313417,7.661027790191049,-1.8936788898776324
INM,INM-CM4-8,r1i1p1f1,gr1,ssp245,2067-09,2067,9,5.20229336411874,7.6650213408846035,-2.462727976765864
INM,INM-CM4-8,r1i1p1f1,gr1,ssp245,2067-10,2067,10,7.06883107764482,9.347820918560549,-2.278989840915729
INM,INM-CM4-8,r1i1p1f1,gr1,ssp245,2067-11,2067,11,9.69120024371409,11.055955632744915,-1.364755389030826
INM,INM-CM4-8,r1i1p1f1,gr1,ssp245,2067-12,2067,12,11.168535171098302,12.303191546952121,-1.1346563758538188
INM,INM-CM4-8,r1i1p1f1,gr1,ssp245,2068-01,2068,1,12.183830947947714,12.86019611081008,-0.6763651628623659
INM,INM-CM4-8,r1i1p1f1,gr1,ssp245,2068-02,2068,2,12.526847541926777,13.062614164709524,-0.5357666227827469
INM,INM-CM4-8,r1i1p1f1,gr1,ssp245,2068-03,2068,3,12.553992735888281,13.044854095502593,-0.4908613596143123
INM,INM-CM4-8,r1i1p1f1,gr1,ssp245,2068-04,2068,4,12.334728117297477,12.699846949536573,-0.36511883223909614
INM,INM-CM4-8,r1i1p1f1,gr1,ssp245,2068-05,2068,5,11.254870174477038,11.837031952892248,-0.5821617784152107
INM,INM-CM4-8,r1i1p1f1,gr1,ssp245,2068-06,2068,6,9.535957534704803,10.465584348067985,-0.929626813363182
INM,INM-CM4-8,r1i1p1f1,gr1,ssp245,2068-07,2068,7,7.690942111927142,8.838514028128982,-1.1475719162018398
INM,INM-CM4-8,r1i1p1f1,gr1,ssp245,2068-08,2068,8,6.130825505902864,7.661027790191049,-1.530202284288185
INM,INM-CM4-8,r1i1p1f1,gr1,ssp245,2068-09,2068,9,5.760041634888132,7.6650213408846035,-1.904979705996472
INM,INM-CM4-8,r1i1p1f1,gr1,ssp245,2068-10,2068,10,7.5747545801072595,9.347820918560549,-1.7730663384532894
INM,INM-CM4-8,r1i1p1f1,gr1,ssp245,2068-11,2068,11,9.945591334770672,11.055955632744915,-1.1103642979742432
INM,INM-CM4-8,r1i1p1f1,gr1,ssp245,2068-12,2068,12,11.182564390176081,12.303191546952121,-1.12062715677604
INM,INM-CM4-8,r1i1p1f1,gr1,ssp245,2069-01,2069,1,11.99797802639708,12.86019611081008,-0.8622180844129996
INM,INM-CM4-8,r1i1p1f1,gr1,ssp245,2069-02,2069,2,12.384284022993889,13.062614164709524,-0.6783301417156355
INM,INM-CM4-8,r1i1p1f1,gr1,ssp245,2069-03,2069,3,12.245124707301168,13.044854095502593,-0.7997293882014258
INM,INM-CM4-8,r1i1p1f1,gr1,ssp245,2069-04,2069,4,11.922362436106132,12.699846949536573,-0.7774845134304407
INM,INM-CM4-8,r1i1p1f1,gr1,ssp245,2069-05,2069,5,11.002168857439754,11.837031952892248,-0.8348630954524943
INM,INM-CM4-8,r1i1p1f1,gr1,ssp245,2069-06,2069,6,9.413679165674637,10.465584348067985,-1.051905182393348
INM,INM-CM4-8,r1i1p1f1,gr1,ssp245,2069-07,2069,7,7.671818396193745,8.838514028128982,-1.1666956319352364
INM,INM-CM4-8,r1i1p1f1,gr1,ssp245,2069-08,2069,8,6.192694748581117,7.661027790191049,-1.4683330416099327
INM,INM-CM4-8,r1i1p1f1,gr1,ssp245,2069-09,2069,9,6.195021604992992,7.6650213408846035,-1.4699997358916113
INM,INM-CM4-8,r1i1p1f1,gr1,ssp245,2069-10,2069,10,7.717833594946869,9.347820918560549,-1.6299873236136797
INM,INM-CM4-8,r1i1p1f1,gr1,ssp245,2069-11,2069,11,9.666649647465322,11.055955632744915,-1.3893059852795933
INM,INM-CM4-8,r1i1p1f1,gr1,ssp245,2069-12,2069,12,11.151160765017185,12.303191546952121,-1.1520307819349362
INM,INM-CM4-8,r1i1p1f1,gr1,ssp245,2070-01,2070,1,11.936237739876503,12.86019611081008,-0.9239583709335761
INM,INM-CM4-8,r1i1p1f1,gr1,ssp245,2070-02,2070,2,12.186934157810205,13.062614164709524,-0.8756800068993194
INM,INM-CM4-8,r1i1p1f1,gr1,ssp245,2070-03,2070,3,12.170081450150898,13.044854095502593,-0.8747726453516957
INM,INM-CM4-8,r1i1p1f1,gr1,ssp245,2070-04,2070,4,11.66330825090948,12.699846949536573,-1.0365386986270924
INM,INM-CM4-8,r1i1p1f1,gr1,ssp245,2070-05,2070,5,10.706230424063111,11.837031952892248,-1.1308015288291369
INM,INM-CM4-8,r1i1p1f1,gr1,ssp245,2070-06,2070,6,8.959835483233688,10.465584348067985,-1.5057488648342972
INM,INM-CM4-8,r1i1p1f1,gr1,ssp245,2070-07,2070,7,7.103194650902378,8.838514028128982,-1.7353193772266042
INM,INM-CM4-8,r1i1p1f1,gr1,ssp245,2070-08,2070,8,5.77211356641328,7.661027790191049,-1.8889142237777694
INM,INM-CM4-8,r1i1p1f1,gr1,ssp245,2070-09,2070,9,5.331861233483458,7.6650213408846035,-2.333160107401145
INM,INM-CM4-8,r1i1p1f1,gr1,ssp245,2070-10,2070,10,6.397216366348261,9.347820918560549,-2.9506045522122877
INM,INM-CM4-8,r1i1p1f1,gr1,ssp245,2070-11,2070,11,8.845825594512192,11.055955632744915,-2.210130038232723
INM,INM-CM4-8,r1i1p1f1,gr1,ssp245,2070-12,2070,12,10.622240969105228,12.303191546952121,-1.6809505778468932
INM,INM-CM4-8,r1i1p1f1,gr1,ssp245,2071-01,2071,1,11.609298713242671,12.86019611081008,-1.2508973975674085
INM,INM-CM4-8,r1i1p1f1,gr1,ssp245,2071-02,2071,2,12.26927313830255,13.062614164709524,-0.7933410264069742
INM,INM-CM4-8,r1i1p1f1,gr1,ssp245,2071-03,2071,3,12.329897130751348,13.044854095502593,-0.714956964751245
INM,INM-CM4-8,r1i1p1f1,gr1,ssp245,2071-04,2071,4,11.620673339015507,12.699846949536573,-1.0791736105210656
INM,INM-CM4-8,r1i1p1f1,gr1,ssp245,2071-05,2071,5,10.525335782146207,11.837031952892248,-1.3116961707460408
INM,INM-CM4-8,r1i1p1f1,gr1,ssp245,2071-06,2071,6,8.964831725187969,10.465584348067985,-1.5007526228800163
INM,INM-CM4-8,r1i1p1f1,gr1,ssp245,2071-07,2071,7,7.212719762955787,8.838514028128982,-1.6257942651731945
INM,INM-CM4-8,r1i1p1f1,gr1,ssp245,2071-08,2071,8,5.729762974452813,7.661027790191049,-1.9312648157382366
INM,INM-CM4-8,r1i1p1f1,gr1,ssp245,2071-09,2071,9,5.4812143901933545,7.6650213408846035,-2.183806950691249
INM,INM-CM4-8,r1i1p1f1,gr1,ssp245,2071-10,2071,10,7.230999185478178,9.347820918560549,-2.1168217330823706
INM,INM-CM4-8,r1i1p1f1,gr1,ssp245,2071-11,2071,11,9.169327784610244,11.055955632744915,-1.8866278481346708
INM,INM-CM4-8,r1i1p1f1,gr1,ssp245,2071-12,2071,12,10.349944127404456,12.303191546952121,-1.9532474195476652
INM,INM-CM4-8,r1i1p1f1,gr1,ssp245,2072-01,2072,1,11.294056820429214,12.86019611081008,-1.5661392903808657
INM,INM-CM4-8,r1i1p1f1,gr1,ssp245,2072-02,2072,2,11.48367881930329,13.062614164709524,-1.5789353454062347
INM,INM-CM4-8,r1i1p1f1,gr1,ssp245,2072-03,2072,3,11.575248657278332,13.044854095502593,-1.4696054382242618
INM,INM-CM4-8,r1i1p1f1,gr1,ssp245,2072-04,2072,4,11.164268052393876,12.699846949536573,-1.5355788971426971
INM,INM-CM4-8,r1i1p1f1,gr1,ssp245,2072-05,2072,5,10.173124296796326,11.837031952892248,-1.6639076560959225
INM,INM-CM4-8,r1i1p1f1,gr1,ssp245,2072-06,2072,6,8.512420998680833,10.465584348067985,-1.953163349387152
INM,INM-CM4-8,r1i1p1f1,gr1,ssp245,2072-07,2072,7,6.683092071935708,8.838514028128982,-2.1554219561932735
INM,INM-CM4-8,r1i1p1f1,gr1,ssp245,2072-08,2072,8,5.520321920524994,7.661027790191049,-2.1407058696660552
INM,INM-CM4-8,r1i1p1f1,gr1,ssp245,2072-09,2072,9,5.215290173234976,7.6650213408846035,-2.4497311676496274
INM,INM-CM4-8,r1i1p1f1,gr1,ssp245,2072-10,2072,10,6.8813481857007295,9.347820918560549,-2.4664727328598195
INM,INM-CM4-8,r1i1p1f1,gr1,ssp245,2072-11,2072,11,8.951154607722414,11.055955632744915,-2.1048010250225015
INM,INM-CM4-8,r1i1p1f1,gr1,ssp245,2072-12,2072,12,10.467310636098473,12.303191546952121,-1.835880910853648
INM,INM-CM4-8,r1i1p1f1,gr1,ssp245,2073-01,2073,1,11.355706346659433,12.86019611081008,-1.5044897641506463
INM,INM-CM4-8,r1i1p1f1,gr1,ssp245,2073-02,2073,2,11.587760060956175,13.062614164709524,-1.4748541037533496
INM,INM-CM4-8,r1i1p1f1,gr1,ssp245,2073-03,2073,3,11.546826448502049,13.044854095502593,-1.4980276470005442
INM,INM-CM4-8,r1i1p1f1,gr1,ssp245,2073-04,2073,4,10.951146055218851,12.699846949536573,-1.7487008943177216
INM,INM-CM4-8,r1i1p1f1,gr1,ssp245,2073-05,2073,5,9.886590623893563,11.837031952892248,-1.9504413289986857
INM,INM-CM4-8,r1i1p1f1,gr1,ssp245,2073-06,2073,6,8.064506302165324,10.465584348067985,-2.4010780459026613
INM,INM-CM4-8,r1i1p1f1,gr1,ssp245,2073-07,2073,7,6.395600333239002,8.838514028128982,-2.44291369488998
INM,INM-CM4-8,r1i1p1f1,gr1,ssp245,2073-08,2073,8,5.283588324817345,7.661027790191049,-2.377439465373704
INM,INM-CM4-8,r1i1p1f1,gr1,ssp245,2073-09,2073,9,5.16733720779046,7.6650213408846035,-2.4976841330941433
INM,INM-CM4-8,r1i1p1f1,gr1,ssp245,2073-10,2073,10,6.6553618797692335,9.347820918560549,-2.6924590387913154
INM,INM-CM4-8,r1i1p1f1,gr1,ssp245,2073-11,2073,11,8.697575741719547,11.055955632744915,-2.3583798910253684
INM,INM-CM4-8,r1i1p1f1,gr1,ssp245,2073-12,2073,12,10.263633138579577,12.303191546952121,-2.039558408372544
INM,INM-CM4-8,r1i1p1f1,gr1,ssp245,2074-01,2074,1,11.124797386052832,12.86019611081008,-1.735398724757248
INM,INM-CM4-8,r1i1p1f1,gr1,ssp245,2074-02,2074,2,11.600510277003828,13.062614164709524,-1.4621038877056964
INM,INM-CM4-8,r1i1p1f1,gr1,ssp245,2074-03,2074,3,11.712693657028073,13.044854095502593,-1.3321604384745207
INM,INM-CM4-8,r1i1p1f1,gr1,ssp245,2074-04,2074,4,11.401767734687168,12.699846949536573,-1.2980792148494054
INM,INM-CM4-8,r1i1p1f1,gr1,ssp245,2074-05,2074,5,10.281718031548715,11.837031952892248,-1.555313921343533
INM,INM-CM4-8,r1i1p1f1,gr1,ssp245,2074-06,2074,6,8.615054409092055,10.465584348067985,-1.8505299389759298
INM,INM-CM4-8,r1i1p1f1,gr1,ssp245,2074-07,2074,7,6.820783366691277,8.838514028128982,-2.017730661437705
INM,INM-CM4-8,r1i1p1f1,gr1,ssp245,2074-08,2074,8,5.523494359985439,7.661027790191049,-2.13753343020561
INM,INM-CM4-8,r1i1p1f1,gr1,ssp245,2074-09,2074,9,5.273773915179783,7.6650213408846035,-2.3912474257048206
INM,INM-CM4-8,r1i1p1f1,gr1,ssp245,2074-10,2074,10,6.603952502822007,9.347820918560549,-2.7438684157385422
INM,INM-CM4-8,r1i1p1f1,gr1,ssp245,2074-11,2074,11,8.779557192112378,11.055955632744915,-2.276398440632537
INM,INM-CM4-8,r1i1p1f1,gr1,ssp245,2074-12,2074,12,10.488277796081558,12.303191546952121,-1.8149137508705628
INM,INM-CM4-8,r1i1p1f1,gr1,ssp245,2075-01,2075,1,11.518443351111413,12.86019611081008,-1.3417527596986663
INM,INM-CM4-8,r1i1p1f1,gr1,ssp245,2075-02,2075,2,11.978639798313441,13.062614164709524,-1.0839743663960828
INM,INM-CM4-8,r1i1p1f1,gr1,ssp245,2075-03,2075,3,11.765443741325354,13.044854095502593,-1.279410354177239
INM,INM-CM4-8,r1i1p1f1,gr1,ssp245,2075-04,2075,4,11.492646049676141,12.699846949536573,-1.2072008998604318
INM,INM-CM4-8,r1i1p1f1,gr1,ssp245,2075-05,2075,5,10.491813864477066,11.837031952892248,-1.3452180884151819
INM,INM-CM4-8,r1i1p1f1,gr1,ssp245,2075-06,2075,6,8.714806878787158,10.465584348067985,-1.750777469280827
INM,INM-CM4-8,r1i1p1f1,gr1,ssp245,2075-07,2075,7,6.9943908211159425,8.838514028128982,-1.8441232070130393
INM,INM-CM4-8,r1i1p1f1,gr1,ssp245,2075-08,2075,8,5.5262587618867425,7.661027790191049,-2.134769028304307
INM,INM-CM4-8,r1i1p1f1,gr1,ssp245,2075-09,2075,9,5.093609074083318,7.6650213408846035,-2.5714122668012855
INM,INM-CM4-8,r1i1p1f1,gr1,ssp245,2075-10,2075,10,6.440322179821761,9.347820918560549,-2.907498738738788
INM,INM-CM4-8,r1i1p1f1,gr1,ssp245,2075-11,2075,11,8.743798177608113,11.055955632744915,-2.312157455136802
INM,INM-CM4-8,r1i1p1f1,gr1,ssp245,2075-12,2075,12,10.498556051723915,12.303191546952121,-1.8046354952282062
INM,INM-CM4-8,r1i1p1f1,gr1,ssp245,2076-01,2076,1,11.599198137390012,12.86019611081008,-1.2609979734200678
INM,INM-CM4-8,r1i1p1f1,gr1,ssp245,2076-02,2076,2,11.968599292529266,13.062614164709524,-1.0940148721802583
INM,INM-CM4-8,r1i1p1f1,gr1,ssp245,2076-03,2076,3,12.20162237616237,13.044854095502593,-0.8432317193402241
INM,INM-CM4-8,r1i1p1f1,gr1,ssp245,2076-04,2076,4,11.606011969391773,12.699846949536573,-1.0938349801448002
INM,INM-CM4-8,r1i1p1f1,gr1,ssp245,2076-05,2076,5,10.833172216291478,11.837031952892248,-1.00385973660077
INM,INM-CM4-8,r1i1p1f1,gr1,ssp245,2076-06,2076,6,9.253071001919754,10.465584348067985,-1.2125133461482314
INM,INM-CM4-8,r1i1p1f1,gr1,ssp245,2076-07,2076,7,7.445918244873163,8.838514028128982,-1.3925957832558185
INM,INM-CM4-8,r1i1p1f1,gr1,ssp245,2076-08,2076,8,6.197060113658462,7.661027790191049,-1.4639676765325875
INM,INM-CM4-8,r1i1p1f1,gr1,ssp245,2076-09,2076,9,6.006341453091505,7.6650213408846035,-1.6586798877930988
INM,INM-CM4-8,r1i1p1f1,gr1,ssp245,2076-10,2076,10,7.4531590586801695,9.347820918560549,-1.8946618598803795
INM,INM-CM4-8,r1i1p1f1,gr1,ssp245,2076-11,2076,11,9.405805071032447,11.055955632744915,-1.6501505617124685
INM,INM-CM4-8,r1i1p1f1,gr1,ssp245,2076-12,2076,12,10.541660526360628,12.303191546952121,-1.7615310205914927
INM,INM-CM4-8,r1i1p1f1,gr1,ssp245,2077-01,2077,1,11.40625279758996,12.86019611081008,-1.453943313220119
INM,INM-CM4-8,r1i1p1f1,gr1,ssp245,2077-02,2077,2,11.853205716697605,13.062614164709524,-1.209408448011919
INM,INM-CM4-8,r1i1p1f1,gr1,ssp245,2077-03,2077,3,11.74469390527756,13.044854095502593,-1.300160190225034
INM,INM-CM4-8,r1i1p1f1,gr1,ssp245,2077-04,2077,4,11.267289661178488,12.699846949536573,-1.432557288358085
INM,INM-CM4-8,r1i1p1f1,gr1,ssp245,2077-05,2077,5,10.314208003051409,11.837031952892248,-1.5228239498408396
INM,INM-CM4-8,r1i1p1f1,gr1,ssp245,2077-06,2077,6,8.40625125684548,10.465584348067985,-2.0593330912225056
INM,INM-CM4-8,r1i1p1f1,gr1,ssp245,2077-07,2077,7,7.0499076998324925,8.838514028128982,-1.7886063282964892
INM,INM-CM4-8,r1i1p1f1,gr1,ssp245,2077-08,2077,8,5.865162813952992,7.661027790191049,-1.7958649762380574
INM,INM-CM4-8,r1i1p1f1,gr1,ssp245,2077-09,2077,9,5.574388384151961,7.6650213408846035,-2.0906329567326427
INM,INM-CM4-8,r1i1p1f1,gr1,ssp245,2077-10,2077,10,6.819276652286595,9.347820918560549,-2.528544266273954
INM,INM-CM4-8,r1i1p1f1,gr1,ssp245,2077-11,2077,11,8.806625878595467,11.055955632744915,-2.249329754149448
INM,INM-CM4-8,r1i1p1f1,gr1,ssp245,2077-12,2077,12,10.269226241632904,12.303191546952121,-2.0339653053192173
INM,INM-CM4-8,r1i1p1f1,gr1,ssp245,2078-01,2078,1,11.387569321589032,12.86019611081008,-1.4726267892210476
INM,INM-CM4-8,r1i1p1f1,gr1,ssp245,2078-02,2078,2,11.771045548396977,13.062614164709524,-1.2915686163125475
INM,INM-CM4-8,r1i1p1f1,gr1,ssp245,2078-03,2078,3,11.964948861634696,13.044854095502593,-1.0799052338678976
INM,INM-CM4-8,r1i1p1f1,gr1,ssp245,2078-04,2078,4,11.686355374634871,12.699846949536573,-1.0134915749017015
INM,INM-CM4-8,r1i1p1f1,gr1,ssp245,2078-05,2078,5,10.665947465309284,11.837031952892248,-1.1710844875829647
INM,INM-CM4-8,r1i1p1f1,gr1,ssp245,2078-06,2078,6,8.923251082434165,10.465584348067985,-1.54233326563382
INM,INM-CM4-8,r1i1p1f1,gr1,ssp245,2078-07,2078,7,6.933059493445644,8.838514028128982,-1.9054545346833374
INM,INM-CM4-8,r1i1p1f1,gr1,ssp245,2078-08,2078,8,5.41108989695749,7.661027790191049,-2.249937893233559
INM,INM-CM4-8,r1i1p1f1,gr1,ssp245,2078-09,2078,9,5.183249719773946,7.6650213408846035,-2.4817716211106573
INM,INM-CM4-8,r1i1p1f1,gr1,ssp245,2078-10,2078,10,6.87444837135126,9.347820918560549,-2.473372547209289
INM,INM-CM4-8,r1i1p1f1,gr1,ssp245,2078-11,2078,11,9.182460584546314,11.055955632744915,-1.8734950481986008
INM,INM-CM4-8,r1i1p1f1,gr1,ssp245,2078-12,2078,12,10.64219272880027,12.303191546952121,-1.6609988181518514
INM,INM-CM4-8,r1i1p1f1,gr1,ssp245,2079-01,2079,1,11.63822814373915,12.86019611081008,-1.2219679670709294
INM,INM-CM4-8,r1i1p1f1,gr1,ssp245,2079-02,2079,2,12.069597852554336,13.062614164709524,-0.9930163121551878
INM,INM-CM4-8,r1i1p1f1,gr1,ssp245,2079-03,2079,3,12.019364004625293,13.044854095502593,-1.0254900908773
INM,INM-CM4-8,r1i1p1f1,gr1,ssp245,2079-04,2079,4,11.686770215134093,12.699846949536573,-1.01307673440248
INM,INM-CM4-8,r1i1p1f1,gr1,ssp245,2079-05,2079,5,10.769797917711177,11.837031952892248,-1.0672340351810714
INM,INM-CM4-8,r1i1p1f1,gr1,ssp245,2079-06,2079,6,8.973819639896837,10.465584348067985,-1.4917647081711483
INM,INM-CM4-8,r1i1p1f1,gr1,ssp245,2079-07,2079,7,7.003939613985808,8.838514028128982,-1.834574414143174
INM,INM-CM4-8,r1i1p1f1,gr1,ssp245,2079-08,2079,8,5.3863353616912315,7.661027790191049,-2.274692428499818
INM,INM-CM4-8,r1i1p1f1,gr1,ssp245,2079-09,2079,9,5.015401038136574,7.6650213408846035,-2.64962030274803
INM,INM-CM4-8,r1i1p1f1,gr1,ssp245,2079-10,2079,10,6.2721174777355895,9.347820918560549,-3.0757034408249595
INM,INM-CM4-8,r1i1p1f1,gr1,ssp245,2079-11,2079,11,8.459423242586299,11.055955632744915,-2.5965323901586164
INM,INM-CM4-8,r1i1p1f1,gr1,ssp245,2079-12,2079,12,10.18405592932469,12.303191546952121,-2.11913561762743
INM,INM-CM4-8,r1i1p1f1,gr1,ssp245,2080-01,2080,1,11.270053517876923,12.86019611081008,-1.590142592933157
INM,INM-CM4-8,r1i1p1f1,gr1,ssp245,2080-02,2080,2,12.003634370450635,13.062614164709524,-1.0589797942588888
INM,INM-CM4-8,r1i1p1f1,gr1,ssp245,2080-03,2080,3,12.018035293263724,13.044854095502593,-1.0268188022388696
INM,INM-CM4-8,r1i1p1f1,gr1,ssp245,2080-04,2080,4,11.663630042697305,12.699846949536573,-1.0362169068392681
INM,INM-CM4-8,r1i1p1f1,gr1,ssp245,2080-05,2080,5,10.6406844767898,11.837031952892248,-1.1963474761024475
INM,INM-CM4-8,r1i1p1f1,gr1,ssp245,2080-06,2080,6,9.193991415993812,10.465584348067985,-1.2715929320741726
INM,INM-CM4-8,r1i1p1f1,gr1,ssp245,2080-07,2080,7,7.172483095687091,8.838514028128982,-1.666030932441891
INM,INM-CM4-8,r1i1p1f1,gr1,ssp245,2080-08,2080,8,5.491528896303689,7.661027790191049,-2.1694988938873605
INM,INM-CM4-8,r1i1p1f1,gr1,ssp245,2080-09,2080,9,5.0915504580452975,7.6650213408846035,-2.573470882839306
INM,INM-CM4-8,r1i1p1f1,gr1,ssp245,2080-10,2080,10,6.2842230336524185,9.347820918560549,-3.0635978849081305
INM,INM-CM4-8,r1i1p1f1,gr1,ssp245,2080-11,2080,11,8.816546053119238,11.055955632744915,-2.2394095796256774
INM,INM-CM4-8,r1i1p1f1,gr1,ssp245,2080-12,2080,12,10.571121801057904,12.303191546952121,-1.7320697458942167
INM,INM-CM4-8,r1i1p1f1,gr1,ssp245,2081-01,2081,1,11.818330481388928,12.86019611081008,-1.0418656294211512
INM,INM-CM4-8,r1i1p1f1,gr1,ssp245,2081-02,2081,2,12.137857549325886,13.062614164709524,-0.9247566153836377
INM,INM-CM4-8,r1i1p1f1,gr1,ssp245,2081-03,2081,3,12.198162825375109,13.044854095502593,-0.8466912701274847
INM,INM-CM4-8,r1i1p1f1,gr1,ssp245,2081-04,2081,4,11.790054040818612,12.699846949536573,-0.9097929087179608
INM,INM-CM4-8,r1i1p1f1,gr1,ssp245,2081-05,2081,5,10.660778968042473,11.837031952892248,-1.176252984849775
INM,INM-CM4-8,r1i1p1f1,gr1,ssp245,2081-06,2081,6,8.967657682434297,10.465584348067985,-1.4979266656336883
INM,INM-CM4-8,r1i1p1f1,gr1,ssp245,2081-07,2081,7,7.079264800947498,8.838514028128982,-1.759249227181484
INM,INM-CM4-8,r1i1p1f1,gr1,ssp245,2081-08,2081,8,5.398745005308471,7.661027790191049,-2.2622827848825784
INM,INM-CM4-8,r1i1p1f1,gr1,ssp245,2081-09,2081,9,4.893444782605882,7.6650213408846035,-2.7715765582787215
INM,INM-CM4-8,r1i1p1f1,gr1,ssp245,2081-10,2081,10,6.344013057350596,9.347820918560549,-3.0038078612099532
INM,INM-CM4-8,r1i1p1f1,gr1,ssp245,2081-11,2081,11,9.245156332491726,11.055955632744915,-1.8107993002531888
INM,INM-CM4-8,r1i1p1f1,gr1,ssp245,2081-12,2081,12,11.143796621258913,12.303191546952121,-1.1593949256932081
INM,INM-CM4-8,r1i1p1f1,gr1,ssp245,2082-01,2082,1,12.236443671587551,12.86019611081008,-0.6237524392225282
INM,INM-CM4-8,r1i1p1f1,gr1,ssp245,2082-02,2082,2,12.462866981509075,13.062614164709524,-0.5997471832004493
INM,INM-CM4-8,r1i1p1f1,gr1,ssp245,2082-03,2082,3,12.321851455176743,13.044854095502593,-0.7230026403258503
INM,INM-CM4-8,r1i1p1f1,gr1,ssp245,2082-04,2082,4,11.835051045966374,12.699846949536573,-0.8647959035701991
INM,INM-CM4-8,r1i1p1f1,gr1,ssp245,2082-05,2082,5,10.621152805638216,11.837031952892248,-1.2158791472540322
INM,INM-CM4-8,r1i1p1f1,gr1,ssp245,2082-06,2082,6,8.841308372719316,10.465584348067985,-1.6242759753486684
INM,INM-CM4-8,r1i1p1f1,gr1,ssp245,2082-07,2082,7,7.04115226391579,8.838514028128982,-1.7973617642131918
INM,INM-CM4-8,r1i1p1f1,gr1,ssp245,2082-08,2082,8,5.630778595726185,7.661027790191049,-2.030249194464864
INM,INM-CM4-8,r1i1p1f1,gr1,ssp245,2082-09,2082,9,5.269185308846203,7.6650213408846035,-2.3958360320384005
INM,INM-CM4-8,r1i1p1f1,gr1,ssp245,2082-10,2082,10,7.042904677989794,9.347820918560549,-2.304916240570755
INM,INM-CM4-8,r1i1p1f1,gr1,ssp245,2082-11,2082,11,8.984081164775171,11.055955632744915,-2.071874467969744
INM,INM-CM4-8,r1i1p1f1,gr1,ssp245,2082-12,2082,12,10.209615391408022,12.303191546952121,-2.093576155544099
INM,INM-CM4-8,r1i1p1f1,gr1,ssp245,2083-01,2083,1,11.293580209497623,12.86019611081008,-1.5666159013124563
INM,INM-CM4-8,r1i1p1f1,gr1,ssp245,2083-02,2083,2,11.807243977368467,13.062614164709524,-1.2553701873410574
INM,INM-CM4-8,r1i1p1f1,gr1,ssp245,2083-03,2083,3,11.840976809725866,13.044854095502593,-1.203877285776727
INM,INM-CM4-8,r1i1p1f1,gr1,ssp245,2083-04,2083,4,11.372759938910809,12.699846949536573,-1.327087010625764
INM,INM-CM4-8,r1i1p1f1,gr1,ssp245,2083-05,2083,5,10.373977607627072,11.837031952892248,-1.463054345265176
INM,INM-CM4-8,r1i1p1f1,gr1,ssp245,2083-06,2083,6,8.641991611096655,10.465584348067985,-1.8235927369713298
INM,INM-CM4-8,r1i1p1f1,gr1,ssp245,2083-07,2083,7,6.855625936558683,8.838514028128982,-1.9828880915702989
INM,INM-CM4-8,r1i1p1f1,gr1,ssp245,2083-08,2083,8,5.3050750219371885,7.661027790191049,-2.355952768253861
INM,INM-CM4-8,r1i1p1f1,gr1,ssp245,2083-09,2083,9,4.785322580626533,7.6650213408846035,-2.87969876025807
INM,INM-CM4-8,r1i1p1f1,gr1,ssp245,2083-10,2083,10,6.277343100128976,9.347820918560549,-3.0704778184315726
INM,INM-CM4-8,r1i1p1f1,gr1,ssp245,2083-11,2083,11,8.888167257472565,11.055955632744915,-2.16778837527235
INM,INM-CM4-8,r1i1p1f1,gr1,ssp245,2083-12,2083,12,10.737546927383178,12.303191546952121,-1.5656446195689426
INM,INM-CM4-8,r1i1p1f1,gr1,ssp245,2084-01,2084,1,11.64338616690242,12.86019611081008,-1.2168099439076592
INM,INM-CM4-8,r1i1p1f1,gr1,ssp245,2084-02,2084,2,11.927166954068987,13.062614164709524,-1.135447210640537
INM,INM-CM4-8,r1i1p1f1,gr1,ssp245,2084-03,2084,3,12.086979468051341,13.044854095502593,-0.9578746274512522
INM,INM-CM4-8,r1i1p1f1,gr1,ssp245,2084-04,2084,4,11.614360927483983,12.699846949536573,-1.0854860220525904
INM,INM-CM4-8,r1i1p1f1,gr1,ssp245,2084-05,2084,5,10.709310346930565,11.837031952892248,-1.1277216059616837
INM,INM-CM4-8,r1i1p1f1,gr1,ssp245,2084-06,2084,6,9.302383065374867,10.465584348067985,-1.1632012826931177
INM,INM-CM4-8,r1i1p1f1,gr1,ssp245,2084-07,2084,7,7.547133165424869,8.838514028128982,-1.2913808627041128
INM,INM-CM4-8,r1i1p1f1,gr1,ssp245,2084-08,2084,8,5.909710126758769,7.661027790191049,-1.75131766343228
INM,INM-CM4-8,r1i1p1f1,gr1,ssp245,2084-09,2084,9,5.591042210449016,7.6650213408846035,-2.0739791304355872
INM,INM-CM4-8,r1i1p1f1,gr1,ssp245,2084-10,2084,10,7.169031768968463,9.347820918560549,-2.1787891495920864
INM,INM-CM4-8,r1i1p1f1,gr1,ssp245,2084-11,2084,11,9.529156639634838,11.055955632744915,-1.5267989931100772
INM,INM-CM4-8,r1i1p1f1,gr1,ssp245,2084-12,2084,12,10.781087691751427,12.303191546952121,-1.5221038552006938
INM,INM-CM4-8,r1i1p1f1,gr1,ssp245,2085-01,2085,1,11.743433510025085,12.86019611081008,-1.1167626007849947
INM,INM-CM4-8,r1i1p1f1,gr1,ssp245,2085-02,2085,2,12.054333160774613,13.062614164709524,-1.0082810039349113
INM,INM-CM4-8,r1i1p1f1,gr1,ssp245,2085-03,2085,3,12.132353561074336,13.044854095502593,-0.9125005344282577
INM,INM-CM4-8,r1i1p1f1,gr1,ssp245,2085-04,2085,4,11.842441147813508,12.699846949536573,-0.8574058017230648
INM,INM-CM4-8,r1i1p1f1,gr1,ssp245,2085-05,2085,5,10.46652052567822,11.837031952892248,-1.3705114272140282
INM,INM-CM4-8,r1i1p1f1,gr1,ssp245,2085-06,2085,6,8.797493187170833,10.465584348067985,-1.668091160897152
INM,INM-CM4-8,r1i1p1f1,gr1,ssp245,2085-07,2085,7,6.707864191625584,8.838514028128982,-2.130649836503398
INM,INM-CM4-8,r1i1p1f1,gr1,ssp245,2085-08,2085,8,4.753587809754707,7.661027790191049,-2.907439980436342
INM,INM-CM4-8,r1i1p1f1,gr1,ssp245,2085-09,2085,9,4.778818076494622,7.6650213408846035,-2.886203264389981
INM,INM-CM4-8,r1i1p1f1,gr1,ssp245,2085-10,2085,10,6.403263611449461,9.347820918560549,-2.944557307111088
INM,INM-CM4-8,r1i1p1f1,gr1,ssp245,2085-11,2085,11,9.224846585435039,11.055955632744915,-1.8311090473098766
INM,INM-CM4-8,r1i1p1f1,gr1,ssp245,2085-12,2085,12,10.92215311074965,12.303191546952121,-1.3810384362024717
INM,INM-CM4-8,r1i1p1f1,gr1,ssp245,2086-01,2086,1,11.73323910769878,12.86019611081008,-1.1269570031112988
INM,INM-CM4-8,r1i1p1f1,gr1,ssp245,2086-02,2086,2,11.998537389698257,13.062614164709524,-1.0640767750112676
INM,INM-CM4-8,r1i1p1f1,gr1,ssp245,2086-03,2086,3,12.013349720049899,13.044854095502593,-1.0315043754526947
INM,INM-CM4-8,r1i1p1f1,gr1,ssp245,2086-04,2086,4,11.655509569546032,12.699846949536573,-1.0443373799905409
INM,INM-CM4-8,r1i1p1f1,gr1,ssp245,2086-05,2086,5,10.509707728841077,11.837031952892248,-1.3273242240511713
INM,INM-CM4-8,r1i1p1f1,gr1,ssp245,2086-06,2086,6,8.774535417452805,10.465584348067985,-1.69104893061518
INM,INM-CM4-8,r1i1p1f1,gr1,ssp245,2086-07,2086,7,6.97068624936452,8.838514028128982,-1.867827778764462
INM,INM-CM4-8,r1i1p1f1,gr1,ssp245,2086-08,2086,8,5.608912894867102,7.661027790191049,-2.052114895323947
INM,INM-CM4-8,r1i1p1f1,gr1,ssp245,2086-09,2086,9,5.321257666039486,7.6650213408846035,-2.3437636748451176
INM,INM-CM4-8,r1i1p1f1,gr1,ssp245,2086-10,2086,10,6.5224172664780475,9.347820918560549,-2.8254036520825014
INM,INM-CM4-8,r1i1p1f1,gr1,ssp245,2086-11,2086,11,9.097508852904143,11.055955632744915,-1.9584467798407719
INM,INM-CM4-8,r1i1p1f1,gr1,ssp245,2086-12,2086,12,10.523260856530424,12.303191546952121,-1.779930690421697
INM,INM-CM4-8,r1i1p1f1,gr1,ssp245,2087-01,2087,1,11.697020117126298,12.86019611081008,-1.1631759936837813
INM,INM-CM4-8,r1i1p1f1,gr1,ssp245,2087-02,2087,2,12.104786970294086,13.062614164709524,-0.9578271944154384
INM,INM-CM4-8,r1i1p1f1,gr1,ssp245,2087-03,2087,3,12.318704519699793,13.044854095502593,-0.7261495758028005
INM,INM-CM4-8,r1i1p1f1,gr1,ssp245,2087-04,2087,4,11.544310631289614,12.699846949536573,-1.1555363182469591
INM,INM-CM4-8,r1i1p1f1,gr1,ssp245,2087-05,2087,5,10.449243732924769,11.837031952892248,-1.3877882199674794
INM,INM-CM4-8,r1i1p1f1,gr1,ssp245,2087-06,2087,6,8.785968204380385,10.465584348067985,-1.6796161436875998
INM,INM-CM4-8,r1i1p1f1,gr1,ssp245,2087-07,2087,7,7.088984953380187,8.838514028128982,-1.7495290747487946
INM,INM-CM4-8,r1i1p1f1,gr1,ssp245,2087-08,2087,8,5.748170569167978,7.661027790191049,-1.9128572210230717
INM,INM-CM4-8,r1i1p1f1,gr1,ssp245,2087-09,2087,9,5.342243478103235,7.6650213408846035,-2.3227778627813684
INM,INM-CM4-8,r1i1p1f1,gr1,ssp245,2087-10,2087,10,6.724532153368372,9.347820918560549,-2.623288765192177
INM,INM-CM4-8,r1i1p1f1,gr1,ssp245,2087-11,2087,11,8.98967566709089,11.055955632744915,-2.066279965654026
INM,INM-CM4-8,r1i1p1f1,gr1,ssp245,2087-12,2087,12,10.408083056498961,12.303191546952121,-1.8951084904531594
INM,INM-CM4-8,r1i1p1f1,gr1,ssp245,2088-01,2088,1,11.360611715014409,12.86019611081008,-1.4995843957956705
INM,INM-CM4-8,r1i1p1f1,gr1,ssp245,2088-02,2088,2,11.944010615896227,13.062614164709524,-1.1186035488132973
INM,INM-CM4-8,r1i1p1f1,gr1,ssp245,2088-03,2088,3,11.96800718523183,13.044854095502593,-1.0768469102707634
INM,INM-CM4-8,r1i1p1f1,gr1,ssp245,2088-04,2088,4,11.362770553324498,12.699846949536573,-1.3370763962120744
INM,INM-CM4-8,r1i1p1f1,gr1,ssp245,2088-05,2088,5,10.117746981728603,11.837031952892248,-1.7192849711636455
INM,INM-CM4-8,r1i1p1f1,gr1,ssp245,2088-06,2088,6,8.33553425438826,10.465584348067985,-2.130050093679724
INM,INM-CM4-8,r1i1p1f1,gr1,ssp245,2088-07,2088,7,6.4593496943315145,8.838514028128982,-2.3791643337974673
INM,INM-CM4-8,r1i1p1f1,gr1,ssp245,2088-08,2088,8,5.02486699246183,7.661027790191049,-2.636160797729219
INM,INM-CM4-8,r1i1p1f1,gr1,ssp245,2088-09,2088,9,4.474421258754911,7.6650213408846035,-3.1906000821296923
INM,INM-CM4-8,r1i1p1f1,gr1,ssp245,2088-10,2088,10,6.0013980578828345,9.347820918560549,-3.3464228606777144
INM,INM-CM4-8,r1i1p1f1,gr1,ssp245,2088-11,2088,11,8.370784216353698,11.055955632744915,-2.685171416391217
INM,INM-CM4-8,r1i1p1f1,gr1,ssp245,2088-12,2088,12,10.348401687908202,12.303191546952121,-1.9547898590439186
INM,INM-CM4-8,r1i1p1f1,gr1,ssp245,2089-01,2089,1,11.300157819081061,12.86019611081008,-1.5600382917290183
INM,INM-CM4-8,r1i1p1f1,gr1,ssp245,2089-02,2089,2,11.746708595361314,13.062614164709524,-1.3159055693482102
INM,INM-CM4-8,r1i1p1f1,gr1,ssp245,2089-03,2089,3,11.751567312233465,13.044854095502593,-1.293286783269128
INM,INM-CM4-8,r1i1p1f1,gr1,ssp245,2089-04,2089,4,11.343306608612973,12.699846949536573,-1.3565403409235994
INM,INM-CM4-8,r1i1p1f1,gr1,ssp245,2089-05,2089,5,10.314093643798014,11.837031952892248,-1.5229383090942346
INM,INM-CM4-8,r1i1p1f1,gr1,ssp245,2089-06,2089,6,8.512747824392896,10.465584348067985,-1.9528365236750886
INM,INM-CM4-8,r1i1p1f1,gr1,ssp245,2089-07,2089,7,6.752883711142025,8.838514028128982,-2.085630316986957
INM,INM-CM4-8,r1i1p1f1,gr1,ssp245,2089-08,2089,8,5.14075685380628,7.661027790191049,-2.5202709363847697
INM,INM-CM4-8,r1i1p1f1,gr1,ssp245,2089-09,2089,9,4.777148577741319,7.6650213408846035,-2.8878727631432843
INM,INM-CM4-8,r1i1p1f1,gr1,ssp245,2089-10,2089,10,6.043531322849,9.347820918560549,-3.3042895957115492
INM,INM-CM4-8,r1i1p1f1,gr1,ssp245,2089-11,2089,11,8.639188314819679,11.055955632744915,-2.4167673179252365
INM,INM-CM4-8,r1i1p1f1,gr1,ssp245,2089-12,2089,12,10.150017446458468,12.303191546952121,-2.1531741004936524
INM,INM-CM4-8,r1i1p1f1,gr1,ssp245,2090-01,2090,1,11.097671866764637,12.86019611081008,-1.7625242440454425
INM,INM-CM4-8,r1i1p1f1,gr1,ssp245,2090-02,2090,2,11.52573532845733,13.062614164709524,-1.5368788362521943
INM,INM-CM4-8,r1i1p1f1,gr1,ssp245,2090-03,2090,3,11.503415978304258,13.044854095502593,-1.5414381171983358
INM,INM-CM4-8,r1i1p1f1,gr1,ssp245,2090-04,2090,4,10.947248663879828,12.699846949536573,-1.7525982856567452
INM,INM-CM4-8,r1i1p1f1,gr1,ssp245,2090-05,2090,5,9.743689583970536,11.837031952892248,-2.0933423689217125
INM,INM-CM4-8,r1i1p1f1,gr1,ssp245,2090-06,2090,6,7.9788670905178725,10.465584348067985,-2.4867172575501124
INM,INM-CM4-8,r1i1p1f1,gr1,ssp245,2090-07,2090,7,6.303976564036435,8.838514028128982,-2.534537464092547
INM,INM-CM4-8,r1i1p1f1,gr1,ssp245,2090-08,2090,8,4.646833535961639,7.661027790191049,-3.0141942542294107
INM,INM-CM4-8,r1i1p1f1,gr1,ssp245,2090-09,2090,9,3.951868883598955,7.6650213408846035,-3.7131524572856485
INM,INM-CM4-8,r1i1p1f1,gr1,ssp245,2090-10,2090,10,5.184100758920246,9.347820918560549,-4.163720159640303
INM,INM-CM4-8,r1i1p1f1,gr1,ssp245,2090-11,2090,11,7.837981529893109,11.055955632744915,-3.217974102851806
INM,INM-CM4-8,r1i1p1f1,gr1,ssp245,2090-12,2090,12,10.171216666595061,12.303191546952121,-2.1319748803570597
INM,INM-CM4-8,r1i1p1f1,gr1,ssp245,2091-01,2091,1,11.162409009250371,12.86019611081008,-1.6977871015597081
INM,INM-CM4-8,r1i1p1f1,gr1,ssp245,2091-02,2091,2,11.688119547092374,13.062614164709524,-1.3744946176171506
INM,INM-CM4-8,r1i1p1f1,gr1,ssp245,2091-03,2091,3,11.825605959317212,13.044854095502593,-1.2192481361853815
INM,INM-CM4-8,r1i1p1f1,gr1,ssp245,2091-04,2091,4,11.522635881748135,12.699846949536573,-1.1772110677884378
INM,INM-CM4-8,r1i1p1f1,gr1,ssp245,2091-05,2091,5,10.42649786213558,11.837031952892248,-1.4105340907566681
INM,INM-CM4-8,r1i1p1f1,gr1,ssp245,2091-06,2091,6,8.799403099887625,10.465584348067985,-1.6661812481803597
INM,INM-CM4-8,r1i1p1f1,gr1,ssp245,2091-07,2091,7,6.986472883205306,8.838514028128982,-1.8520411449236756
INM,INM-CM4-8,r1i1p1f1,gr1,ssp245,2091-08,2091,8,5.04407476843616,7.661027790191049,-2.616953021754889
INM,INM-CM4-8,r1i1p1f1,gr1,ssp245,2091-09,2091,9,4.580269424902606,7.6650213408846035,-3.0847519159819976
INM,INM-CM4-8,r1i1p1f1,gr1,ssp245,2091-10,2091,10,6.102536481408586,9.347820918560549,-3.2452844371519634
INM,INM-CM4-8,r1i1p1f1,gr1,ssp245,2091-11,2091,11,8.779215361842926,11.055955632744915,-2.276740270901989
INM,INM-CM4-8,r1i1p1f1,gr1,ssp245,2091-12,2091,12,10.532792431984404,12.303191546952121,-1.7703991149677165
INM,INM-CM4-8,r1i1p1f1,gr1,ssp245,2092-01,2092,1,11.509184610505187,12.86019611081008,-1.3510115003048924
INM,INM-CM4-8,r1i1p1f1,gr1,ssp245,2092-02,2092,2,11.81390858604161,13.062614164709524,-1.2487055786679147
INM,INM-CM4-8,r1i1p1f1,gr1,ssp245,2092-03,2092,3,11.745527780868336,13.044854095502593,-1.299326314634257
INM,INM-CM4-8,r1i1p1f1,gr1,ssp245,2092-04,2092,4,11.410798799036707,12.699846949536573,-1.289048150499866
INM,INM-CM4-8,r1i1p1f1,gr1,ssp245,2092-05,2092,5,10.431620812073199,11.837031952892248,-1.4054111408190497
INM,INM-CM4-8,r1i1p1f1,gr1,ssp245,2092-06,2092,6,9.049322133957695,10.465584348067985,-1.41626221411029
INM,INM-CM4-8,r1i1p1f1,gr1,ssp245,2092-07,2092,7,7.342228005869214,8.838514028128982,-1.4962860222597678
INM,INM-CM4-8,r1i1p1f1,gr1,ssp245,2092-08,2092,8,5.879486060345397,7.661027790191049,-1.7815417298456522
INM,INM-CM4-8,r1i1p1f1,gr1,ssp245,2092-09,2092,9,5.485283882743054,7.6650213408846035,-2.17973745814155
INM,INM-CM4-8,r1i1p1f1,gr1,ssp245,2092-10,2092,10,6.806790225258335,9.347820918560549,-2.541030693302214
INM,INM-CM4-8,r1i1p1f1,gr1,ssp245,2092-11,2092,11,8.843612587101314,11.055955632744915,-2.2123430456436015
INM,INM-CM4-8,r1i1p1f1,gr1,ssp245,2092-12,2092,12,10.321132237107786,12.303191546952121,-1.9820593098443346
INM,INM-CM4-8,r1i1p1f1,gr1,ssp245,2093-01,2093,1,11.373095695454587,12.86019611081008,-1.487100415355492
INM,INM-CM4-8,r1i1p1f1,gr1,ssp245,2093-02,2093,2,11.796303483837454,13.062614164709524,-1.2663106808720705
INM,INM-CM4-8,r1i1p1f1,gr1,ssp245,2093-03,2093,3,11.88011023981116,13.044854095502593,-1.1647438556914338
INM,INM-CM4-8,r1i1p1f1,gr1,ssp245,2093-04,2093,4,11.47642453975107,12.699846949536573,-1.2234224097855027
INM,INM-CM4-8,r1i1p1f1,gr1,ssp245,2093-05,2093,5,10.372316390578899,11.837031952892248,-1.4647155623133497
INM,INM-CM4-8,r1i1p1f1,gr1,ssp245,2093-06,2093,6,8.624319705990963,10.465584348067985,-1.8412646420770216
INM,INM-CM4-8,r1i1p1f1,gr1,ssp245,2093-07,2093,7,6.656341158727191,8.838514028128982,-2.182172869401791
INM,INM-CM4-8,r1i1p1f1,gr1,ssp245,2093-08,2093,8,5.133028680498902,7.661027790191049,-2.5279991096921473
INM,INM-CM4-8,r1i1p1f1,gr1,ssp245,2093-09,2093,9,4.710079798491419,7.6650213408846035,-2.9549415423931844
INM,INM-CM4-8,r1i1p1f1,gr1,ssp245,2093-10,2093,10,6.294571791242575,9.347820918560549,-3.053249127317974
INM,INM-CM4-8,r1i1p1f1,gr1,ssp245,2093-11,2093,11,9.032396267039443,11.055955632744915,-2.023559365705472
INM,INM-CM4-8,r1i1p1f1,gr1,ssp245,2093-12,2093,12,10.859881480410987,12.303191546952121,-1.4433100665411338
INM,INM-CM4-8,r1i1p1f1,gr1,ssp245,2094-01,2094,1,11.700612643769396,12.86019611081008,-1.159583467040683
INM,INM-CM4-8,r1i1p1f1,gr1,ssp245,2094-02,2094,2,12.047396167633286,13.062614164709524,-1.0152179970762383
INM,INM-CM4-8,r1i1p1f1,gr1,ssp245,2094-03,2094,3,12.131655178541875,13.044854095502593,-0.9131989169607184
INM,INM-CM4-8,r1i1p1f1,gr1,ssp245,2094-04,2094,4,11.626131312948926,12.699846949536573,-1.0737156365876466
INM,INM-CM4-8,r1i1p1f1,gr1,ssp245,2094-05,2094,5,10.530035903174367,11.837031952892248,-1.3069960497178812
INM,INM-CM4-8,r1i1p1f1,gr1,ssp245,2094-06,2094,6,8.888810204001672,10.465584348067985,-1.576774144066313
INM,INM-CM4-8,r1i1p1f1,gr1,ssp245,2094-07,2094,7,6.854932706793428,8.838514028128982,-1.9835813213355538
INM,INM-CM4-8,r1i1p1f1,gr1,ssp245,2094-08,2094,8,5.061769969263023,7.661027790191049,-2.5992578209280266
INM,INM-CM4-8,r1i1p1f1,gr1,ssp245,2094-09,2094,9,4.768189947434662,7.6650213408846035,-2.8968313934499417
INM,INM-CM4-8,r1i1p1f1,gr1,ssp245,2094-10,2094,10,6.589633440868254,9.347820918560549,-2.758187477692295
INM,INM-CM4-8,r1i1p1f1,gr1,ssp245,2094-11,2094,11,8.532377712401427,11.055955632744915,-2.523577920343488
INM,INM-CM4-8,r1i1p1f1,gr1,ssp245,2094-12,2094,12,10.012677039444098,12.303191546952121,-2.290514507508023
INM,INM-CM4-8,r1i1p1f1,gr1,ssp245,2095-01,2095,1,10.93819184555142,12.86019611081008,-1.9220042652586589
INM,INM-CM4-8,r1i1p1f1,gr1,ssp245,2095-02,2095,2,11.514960364140114,13.062614164709524,-1.5476538005694103
INM,INM-CM4-8,r1i1p1f1,gr1,ssp245,2095-03,2095,3,11.541587256893127,13.044854095502593,-1.5032668386094663
INM,INM-CM4-8,r1i1p1f1,gr1,ssp245,2095-04,2095,4,11.048859769057515,12.699846949536573,-1.6509871804790581
INM,INM-CM4-8,r1i1p1f1,gr1,ssp245,2095-05,2095,5,10.016820378915751,11.837031952892248,-1.820211573976497
INM,INM-CM4-8,r1i1p1f1,gr1,ssp245,2095-06,2095,6,8.381377880805095,10.465584348067985,-2.0842064672628897
INM,INM-CM4-8,r1i1p1f1,gr1,ssp245,2095-07,2095,7,6.297789432970267,8.838514028128982,-2.540724595158715
INM,INM-CM4-8,r1i1p1f1,gr1,ssp245,2095-08,2095,8,4.652642907555477,7.661027790191049,-3.008384882635572
INM,INM-CM4-8,r1i1p1f1,gr1,ssp245,2095-09,2095,9,4.3439462420369575,7.6650213408846035,-3.321075098847646
INM,INM-CM4-8,r1i1p1f1,gr1,ssp245,2095-10,2095,10,5.572312407757094,9.347820918560549,-3.775508510803455
INM,INM-CM4-8,r1i1p1f1,gr1,ssp245,2095-11,2095,11,7.972478058162405,11.055955632744915,-3.08347757458251
INM,INM-CM4-8,r1i1p1f1,gr1,ssp245,2095-12,2095,12,10.240412315058682,12.303191546952121,-2.0627792318934386
INM,INM-CM4-8,r1i1p1f1,gr1,ssp245,2096-01,2096,1,11.282249156516128,12.86019611081008,-1.5779469542939513
INM,INM-CM4-8,r1i1p1f1,gr1,ssp245,2096-02,2096,2,11.628580007977266,13.062614164709524,-1.4340341567322579
INM,INM-CM4-8,r1i1p1f1,gr1,ssp245,2096-03,2096,3,11.734378930239549,13.044854095502593,-1.3104751652630444
INM,INM-CM4-8,r1i1p1f1,gr1,ssp245,2096-04,2096,4,11.456525669702167,12.699846949536573,-1.2433212798344062
INM,INM-CM4-8,r1i1p1f1,gr1,ssp245,2096-05,2096,5,10.466310234327327,11.837031952892248,-1.370721718564921
INM,INM-CM4-8,r1i1p1f1,gr1,ssp245,2096-06,2096,6,8.737984406711236,10.465584348067985,-1.7275999413567487
INM,INM-CM4-8,r1i1p1f1,gr1,ssp245,2096-07,2096,7,6.735779858955546,8.838514028128982,-2.102734169173436
INM,INM-CM4-8,r1i1p1f1,gr1,ssp245,2096-08,2096,8,5.164073087355274,7.661027790191049,-2.496954702835775
INM,INM-CM4-8,r1i1p1f1,gr1,ssp245,2096-09,2096,9,4.833480617649718,7.6650213408846035,-2.8315407232348857
INM,INM-CM4-8,r1i1p1f1,gr1,ssp245,2096-10,2096,10,6.700309606105928,9.347820918560549,-2.647511312454621
INM,INM-CM4-8,r1i1p1f1,gr1,ssp245,2096-11,2096,11,8.783384115697379,11.055955632744915,-2.2725715170475365
INM,INM-CM4-8,r1i1p1f1,gr1,ssp245,2096-12,2096,12,10.406174207550412,12.303191546952121,-1.8970173394017085
INM,INM-CM4-8,r1i1p1f1,gr1,ssp245,2097-01,2097,1,11.401119888720809,12.86019611081008,-1.459076222089271
INM,INM-CM4-8,r1i1p1f1,gr1,ssp245,2097-02,2097,2,11.946318278895829,13.062614164709524,-1.1162958858136953
INM,INM-CM4-8,r1i1p1f1,gr1,ssp245,2097-03,2097,3,11.996136314551933,13.044854095502593,-1.0487177809506605
INM,INM-CM4-8,r1i1p1f1,gr1,ssp245,2097-04,2097,4,11.634689258664158,12.699846949536573,-1.0651576908724145
INM,INM-CM4-8,r1i1p1f1,gr1,ssp245,2097-05,2097,5,10.542441013999378,11.837031952892248,-1.2945909388928705
INM,INM-CM4-8,r1i1p1f1,gr1,ssp245,2097-06,2097,6,8.79816003593451,10.465584348067985,-1.667424312133475
INM,INM-CM4-8,r1i1p1f1,gr1,ssp245,2097-07,2097,7,6.776902765619391,8.838514028128982,-2.061611262509591
INM,INM-CM4-8,r1i1p1f1,gr1,ssp245,2097-08,2097,8,5.1421518683044525,7.661027790191049,-2.518875921886597
INM,INM-CM4-8,r1i1p1f1,gr1,ssp245,2097-09,2097,9,4.793830610032381,7.6650213408846035,-2.8711907308522227
INM,INM-CM4-8,r1i1p1f1,gr1,ssp245,2097-10,2097,10,6.376492548666323,9.347820918560549,-2.971328369894226
INM,INM-CM4-8,r1i1p1f1,gr1,ssp245,2097-11,2097,11,8.805451017935644,11.055955632744915,-2.2505046148092713
INM,INM-CM4-8,r1i1p1f1,gr1,ssp245,2097-12,2097,12,10.503530302485027,12.303191546952121,-1.799661244467094
INM,INM-CM4-8,r1i1p1f1,gr1,ssp245,2098-01,2098,1,11.458015835415656,12.86019611081008,-1.4021802753944232
INM,INM-CM4-8,r1i1p1f1,gr1,ssp245,2098-02,2098,2,11.910860422376752,13.062614164709524,-1.1517537423327724
INM,INM-CM4-8,r1i1p1f1,gr1,ssp245,2098-03,2098,3,11.840338601065119,13.044854095502593,-1.2045154944374747
INM,INM-CM4-8,r1i1p1f1,gr1,ssp245,2098-04,2098,4,11.561592648308318,12.699846949536573,-1.1382543012282547
INM,INM-CM4-8,r1i1p1f1,gr1,ssp245,2098-05,2098,5,10.463680211599257,11.837031952892248,-1.373351741292991
INM,INM-CM4-8,r1i1p1f1,gr1,ssp245,2098-06,2098,6,8.89448824326619,10.465584348067985,-1.5710961048017946
INM,INM-CM4-8,r1i1p1f1,gr1,ssp245,2098-07,2098,7,6.8840734043424305,8.838514028128982,-1.9544406237865513
INM,INM-CM4-8,r1i1p1f1,gr1,ssp245,2098-08,2098,8,5.418292389430368,7.661027790191049,-2.2427354007606812
INM,INM-CM4-8,r1i1p1f1,gr1,ssp245,2098-09,2098,9,5.102655523932425,7.6650213408846035,-2.5623658169521786
INM,INM-CM4-8,r1i1p1f1,gr1,ssp245,2098-10,2098,10,6.4916107685032785,9.347820918560549,-2.8562101500572705
INM,INM-CM4-8,r1i1p1f1,gr1,ssp245,2098-11,2098,11,8.710549616686144,11.055955632744915,-2.345406016058771
INM,INM-CM4-8,r1i1p1f1,gr1,ssp245,2098-12,2098,12,10.497579683965599,12.303191546952121,-1.805611862986522
INM,INM-CM4-8,r1i1p1f1,gr1,ssp245,2099-01,2099,1,11.52316140406718,12.86019611081008,-1.3370347067428998
INM,INM-CM4-8,r1i1p1f1,gr1,ssp245,2099-02,2099,2,11.727871875018938,13.062614164709524,-1.3347422896905865
INM,INM-CM4-8,r1i1p1f1,gr1,ssp245,2099-03,2099,3,11.675925262701188,13.044854095502593,-1.368928832801405
INM,INM-CM4-8,r1i1p1f1,gr1,ssp245,2099-04,2099,4,11.086256258880109,12.699846949536573,-1.6135906906564639
INM,INM-CM4-8,r1i1p1f1,gr1,ssp245,2099-05,2099,5,10.040710158660367,11.837031952892248,-1.796321794231881
INM,INM-CM4-8,r1i1p1f1,gr1,ssp245,2099-06,2099,6,8.565319985143432,10.465584348067985,-1.9002643629245526
INM,INM-CM4-8,r1i1p1f1,gr1,ssp245,2099-07,2099,7,6.755150254965897,8.838514028128982,-2.083363773163085
INM,INM-CM4-8,r1i1p1f1,gr1,ssp245,2099-08,2099,8,5.309991732046728,7.661027790191049,-2.351036058144321
INM,INM-CM4-8,r1i1p1f1,gr1,ssp245,2099-09,2099,9,4.8611244137947605,7.6650213408846035,-2.803896927089843
INM,INM-CM4-8,r1i1p1f1,gr1,ssp245,2099-10,2099,10,6.158729762175438,9.347820918560549,-3.1890911563851105
INM,INM-CM4-8,r1i1p1f1,gr1,ssp245,2099-11,2099,11,8.386725559442816,11.055955632744915,-2.6692300733020993
INM,INM-CM4-8,r1i1p1f1,gr1,ssp245,2099-12,2099,12,9.993992722333642,12.303191546952121,-2.3091988246184787
INM,INM-CM4-8,r1i1p1f1,gr1,ssp245,2100-01,2100,1,11.171349612526141,12.86019611081008,-1.6888464982839384
INM,INM-CM4-8,r1i1p1f1,gr1,ssp245,2100-02,2100,2,11.773572731442561,13.062614164709524,-1.2890414332669629
INM,INM-CM4-8,r1i1p1f1,gr1,ssp245,2100-03,2100,3,11.901689635299666,13.044854095502593,-1.143164460202927
INM,INM-CM4-8,r1i1p1f1,gr1,ssp245,2100-04,2100,4,11.55927961633911,12.699846949536573,-1.1405673331974633
INM,INM-CM4-8,r1i1p1f1,gr1,ssp245,2100-05,2100,5,10.500508904717318,11.837031952892248,-1.3365230481749304
INM,INM-CM4-8,r1i1p1f1,gr1,ssp245,2100-06,2100,6,8.89564129714764,10.465584348067985,-1.5699430509203456
INM,INM-CM4-8,r1i1p1f1,gr1,ssp245,2100-07,2100,7,6.876166272771965,8.838514028128982,-1.9623477553570172
INM,INM-CM4-8,r1i1p1f1,gr1,ssp245,2100-08,2100,8,5.096984295226729,7.661027790191049,-2.56404349496432
INM,INM-CM4-8,r1i1p1f1,gr1,ssp245,2100-09,2100,9,4.700597380639029,7.6650213408846035,-2.9644239602455746
INM,INM-CM4-8,r1i1p1f1,gr1,ssp245,2100-10,2100,10,6.047536310007852,9.347820918560549,-3.3002846085526967
INM,INM-CM4-8,r1i1p1f1,gr1,ssp245,2100-11,2100,11,8.505357093222326,11.055955632744915,-2.550598539522589
INM,INM-CM4-8,r1i1p1f1,gr1,ssp245,2100-12,2100,12,10.34753328042466,12.303191546952121,-1.955658266527461
