institution,source,member,grid,experiment,time,year,month,rsds_into_surface_Wm2,rlds_into_surface_Wm2,rsus_into_surface_Wm2,rlus_into_surface_Wm2,hfss_into_surface_Wm2,hfls_into_surface_Wm2,seb_Wm2,pi_clim_rsds_into_surface_Wm2,pi_clim_rlds_into_surface_Wm2,pi_clim_rsus_into_surface_Wm2,pi_clim_rlus_into_surface_Wm2,pi_clim_hfss_into_surface_Wm2,pi_clim_hfls_into_surface_Wm2,pi_clim_seb_Wm2,rsds_into_surface_Wm2_anom,rlds_into_surface_Wm2_anom,rsus_into_surface_Wm2_anom,rlus_into_surface_Wm2_anom,hfss_into_surface_Wm2_anom,hfls_into_surface_Wm2_anom,seb_anom_Wm2
MIROC,MIROC-ES2L,r1i1p1f2,gn,ssp245,2015-01,2015,1,1.220662131608517,200.89484713259043,-0.5597673666983436,-244.55825425881733,-16.184899730419307,-21.199450036947592,-80.38686212868362,1.312831520498936,184.4046235989899,-0.6504690083046897,-230.4431739194702,-18.324392791067698,-23.303892736152008,-87.00447333550575,-0.09216938889041892,16.490223533600528,0.09070164160634608,-14.115080339347116,2.139493060648391,2.104442699204416,6.617611206822133
MIROC,MIROC-ES2L,r1i1p1f2,gn,ssp245,2015-02,2015,2,9.654689274333865,188.06377583792798,-5.5268655655354655,-232.60261157709897,-16.61379723353724,-19.943558830091973,-76.96836809400182,10.134918449794124,183.00233533180176,-5.894508530509232,-227.93396157854312,-16.044463560492623,-21.711650424732266,-78.44733031268136,-0.4802291754602592,5.0614405061262175,0.3676429649737667,-4.66864999855585,-0.5693336730446177,1.7680915946402926,1.4789622186795413
MIROC,MIROC-ES2L,r1i1p1f2,gn,ssp245,2015-03,2015,3,52.35613206612412,196.48914747482362,-33.4978486893434,-242.3852654379127,-16.40291177637307,-21.3698520563987,-64.81059841908015,54.092806291519665,188.06797862968583,-35.49560423649597,-233.96499959716866,-12.849913767591977,-19.59824621505587,-59.74797889510697,-1.7366742253955465,8.4211688451378,1.9977555471525719,-8.420265840744037,-3.5529980087810937,-1.7716058413428293,-5.062619523973183
MIROC,MIROC-ES2L,r1i1p1f2,gn,ssp245,2015-04,2015,4,150.16108983666382,220.51032815930648,-98.14337738495985,-267.10794582931186,-5.786454102957943,-14.510132426161842,-14.876491747421248,153.85297733527165,209.50018751526287,-103.91349209612389,-257.15609699210785,-7.231252400997411,-15.68121571347275,-20.62889235216735,-3.6918874986078265,11.010140644043616,5.770114711164041,-9.951848837204011,1.4447982980394682,1.171083287310907,5.752400604746104
MIROC,MIROC-ES2L,r1i1p1f2,gn,ssp245,2015-05,2015,5,237.17548330129418,263.97684743417005,-128.4371159972647,-304.6264027049823,-3.592252321046278,-16.799971279006012,47.696588433164976,246.70169500271564,251.0877509758891,-149.22398744547607,-294.09121110661533,-3.5740003779165477,-15.43610176618813,35.4641452824087,-9.52621170142146,12.88909645828096,20.78687144821137,-10.535191598366964,-0.018251943129730108,-1.3638695128178817,12.232443150756275
MIROC,MIROC-ES2L,r1i1p1f2,gn,ssp245,2015-06,2015,6,257.2749000593251,293.289695790613,-99.05997277322031,-321.94127810602185,-0.39512828475527517,-9.641703714534795,119.52651297140585,262.85967388536494,287.5439359862113,-118.0808217040136,-319.1397551813616,-0.4218753871641016,-12.337941570683821,100.42321602835318,-5.58477382603985,5.7457598044017,19.020848930793292,-2.8015229246602757,0.02674710240882644,2.6962378561490254,19.10329694305267
MIROC,MIROC-ES2L,r1i1p1f2,gn,ssp245,2015-07,2015,7,209.16480838501852,306.4518326760494,-57.7778907090969,-329.4534454194392,-0.0011126246541469241,-7.8085966454066735,120.57559566247093,215.66988252964234,300.5301923815116,-73.02995970405915,-325.46176212074056,0.41270860793022107,-8.39102748653027,109.73003420775422,-6.505074144623819,5.921640294537781,15.25206899496225,-3.9916832986986606,-0.413821232584368,0.5824308411235961,10.845561454716716
MIROC,MIROC-ES2L,r1i1p1f2,gn,ssp245,2015-08,2015,8,129.036469230522,303.2632234387493,-25.95067489932324,-331.26949932340546,-1.280643192166227,-12.599610865054881,61.19926438932147,135.16208166491174,295.50242311597475,-37.03752417522527,-324.68498651157415,-0.464213324470985,-11.852725721887758,56.625055047728296,-6.125612434389751,7.760800322774571,11.086849275902033,-6.584512811831303,-0.816429867695242,-0.7468851431671233,4.574209341593175
MIROC,MIROC-ES2L,r1i1p1f2,gn,ssp245,2015-09,2015,9,56.20433977147652,285.249389688137,-11.364468769185052,-321.53763409695995,-4.755040010569937,-23.810037815218106,-20.01345123231956,61.876713892617204,271.0061090726583,-17.776445273780446,-310.46478726779867,-5.377540528891009,-21.999781321033964,-22.735731426228572,-5.672374121140685,14.243280615478682,6.411976504595394,-11.072846829161278,0.6225005183210719,-1.8102564941841415,2.722280193909011
MIROC,MIROC-ES2L,r1i1p1f2,gn,ssp245,2015-10,2015,10,14.211834882163036,253.7243502633895,-3.06195257118836,-298.8768105543587,-14.938439637004015,-30.44758808942066,-79.38860570641923,16.046420071477925,235.3408133578954,-5.013446595779057,-280.3624820651788,-13.7920859904137,-26.972101580576677,-74.75288280257493,-1.8345851893148897,18.38353690549411,1.9514940245906973,-18.51432848917989,-1.146353646590315,-3.475486508843982,-4.635722903844297
MIROC,MIROC-ES2L,r1i1p1f2,gn,ssp245,2015-11,2015,11,2.1215519228013915,218.15426976609695,-0.4207396020439969,-267.6242665662958,-23.150030134504586,-31.292796395758515,-102.21201100970454,2.2346607690379368,206.07834229409005,-0.5505327509983511,-253.947457668769,-19.443062239311498,-26.85452686931898,-92.48257646526984,-0.11310884623654527,12.075927472006896,0.12979314895435418,-13.676808897526769,-3.7069678951930882,-4.438269526439534,-9.729434544434696
MIROC,MIROC-ES2L,r1i1p1f2,gn,ssp245,2015-12,2015,12,0.4179553721882211,201.69063936228036,-0.10243623998420165,-253.26631102890664,-22.24998806290454,-29.17318333017289,-102.68332392749967,0.42759843987767737,191.39597646201616,-0.1463149110530818,-238.8125066111832,-20.102744137502,-25.136428982660664,-92.3744197405051,-0.009643067689456275,10.2946629002642,0.04387867106888016,-14.453804417723433,-2.147243925402538,-4.036754347512225,-10.308904186994567
MIROC,MIROC-ES2L,r1i1p1f2,gn,ssp245,2016-01,2016,1,1.1134995484306933,195.02625494762387,-0.41132415089907776,-243.72451624348855,-20.49041723829443,-26.12042899680977,-94.60693213343725,1.312831520498936,184.4046235989899,-0.6504690083046897,-230.4431739194702,-18.324392791067698,-23.303892736152008,-87.00447333550575,-0.1993319720682427,10.621631348633969,0.23914485740561192,-13.28134232401834,-2.1660244472267323,-2.816536260657763,-7.602458797931504
MIROC,MIROC-ES2L,r1i1p1f2,gn,ssp245,2016-02,2016,2,9.335300590590181,192.42059480590981,-4.786343143219543,-238.20058928969985,-15.640828175936708,-21.48909298707316,-78.36095819942926,10.134918449794124,183.00233533180176,-5.894508530509232,-227.93396157854312,-16.044463560492623,-21.711650424732266,-78.44733031268136,-0.7996178592039431,9.418259474108055,1.1081653872896888,-10.26662771115673,0.4036353845559155,0.22255743765910552,0.08637211325209648
MIROC,MIROC-ES2L,r1i1p1f2,gn,ssp245,2016-03,2016,3,51.50525649584455,202.63551386463408,-33.1153174444286,-245.14355273441447,-9.481905796562193,-16.19014108209486,-49.7901466970215,54.092806291519665,188.06797862968583,-35.49560423649597,-233.96499959716866,-12.849913767591977,-19.59824621505587,-59.74797889510697,-2.587549795675116,14.567535234948252,2.3802867920673734,-11.178553137245814,3.368007971029783,3.4081051329610084,9.95783219808547
MIROC,MIROC-ES2L,r1i1p1f2,gn,ssp245,2016-04,2016,4,149.85214619741433,216.64927458969527,-100.36350122276853,-263.2008622132394,-5.618473481393063,-14.628772125806618,-17.310188256098023,153.85297733527165,209.50018751526287,-103.91349209612389,-257.15609699210785,-7.231252400997411,-15.68121571347275,-20.62889235216735,-4.000831137857318,7.149087074432401,3.5499908733553553,-6.04476522113157,1.6127789196043478,1.052443587666131,3.318704096069329
MIROC,MIROC-ES2L,r1i1p1f2,gn,ssp245,2016-05,2016,5,229.6716105833333,265.47311020220707,-128.0762363435164,-303.0788348492602,-3.726084883356462,-17.543803520021076,42.71976118938625,246.70169500271564,251.0877509758891,-149.22398744547607,-294.09121110661533,-3.5740003779165477,-15.43610176618813,35.4641452824087,-17.030084419382348,14.385359226317973,21.14775110195967,-8.987623742644871,-0.15208450543991425,-2.107701753832945,7.255615906977546
MIROC,MIROC-ES2L,r1i1p1f2,gn,ssp245,2016-06,2016,6,251.93861165708432,293.6766177773562,-98.87655444219492,-321.73566138258536,-0.5236416724085692,-10.018689615182383,114.46068232206939,262.85967388536494,287.5439359862113,-118.0808217040136,-319.1397551813616,-0.4218753871641016,-12.337941570683821,100.42321602835318,-10.921062228280618,6.1326817911449325,19.204267261818686,-2.5959062012237837,-0.10176628524446757,2.3192519555014375,14.037466293716207
MIROC,MIROC-ES2L,r1i1p1f2,gn,ssp245,2016-07,2016,7,205.5994862361059,306.6773973744505,-57.541788854957936,-328.7643439913442,0.04502978139150556,-6.749295393273617,119.26648515237216,215.66988252964234,300.5301923815116,-73.02995970405915,-325.46176212074056,0.41270860793022107,-8.39102748653027,109.73003420775422,-10.070396293536447,6.147204992938896,15.488170849101216,-3.3025818706036603,-0.36767882653871553,1.6417320932566524,9.53645094461794
MIROC,MIROC-ES2L,r1i1p1f2,gn,ssp245,2016-08,2016,8,125.883294958251,305.065571676428,-25.440564241769007,-330.8424297899905,-1.3916979766085271,-12.453441572372144,60.820733053938866,135.16208166491174,295.50242311597475,-37.03752417522527,-324.68498651157415,-0.464213324470985,-11.852725721887758,56.625055047728296,-9.278786706660739,9.563148560453271,11.596959933456265,-6.157443278416338,-0.9274846521375422,-0.6007158504843861,4.195678006210571
MIROC,MIROC-ES2L,r1i1p1f2,gn,ssp245,2016-09,2016,9,58.51727207927,282.65191857777046,-11.347849325982452,-321.82723649621977,-5.845383447087436,-25.313345176964408,-23.16462378921359,61.876713892617204,271.0061090726583,-17.776445273780446,-310.46478726779867,-5.377540528891009,-21.999781321033964,-22.735731426228572,-3.3594418133472033,11.64580950511214,6.428595947797994,-11.362449228421099,-0.4678429181964274,-3.3135638559304432,-0.42889236298501743
MIROC,MIROC-ES2L,r1i1p1f2,gn,ssp245,2016-10,2016,10,15.110987055581814,253.4854901729699,-3.1627172993878756,-299.25454998304986,-15.418561002132995,-32.917271663243085,-82.15662271926209,16.046420071477925,235.3408133578954,-5.013446595779057,-280.3624820651788,-13.7920859904137,-26.972101580576677,-74.75288280257493,-0.9354330158961108,18.14467681507449,1.8507292963911817,-18.89206791787103,-1.626475011719295,-5.945170082666408,-7.403739916687158
MIROC,MIROC-ES2L,r1i1p1f2,gn,ssp245,2016-11,2016,11,2.1591936003606653,218.37257782007194,-0.44058242585440116,-267.8904776762219,-20.651051599654824,-28.53065751047653,-96.98099779177505,2.2346607690379368,206.07834229409005,-0.5505327509983511,-253.947457668769,-19.443062239311498,-26.85452686931898,-92.48257646526984,-0.07546716867727143,12.29423552598189,0.10995032514394992,-13.943020007452901,-1.2079893603433263,-1.676130641157549,-4.498421326505209
MIROC,MIROC-ES2L,r1i1p1f2,gn,ssp245,2016-12,2016,12,0.3933106096656982,194.57061394707642,-0.09918000532425289,-245.41583028085373,-24.52689929708707,-28.054583360612465,-103.13256838713541,0.42759843987767737,191.39597646201616,-0.1463149110530818,-238.8125066111832,-20.102744137502,-25.136428982660664,-92.3744197405051,-0.034287830211979176,3.1746374850602592,0.04713490572882892,-6.603323669670516,-4.424155159585069,-2.918154377951801,-10.758148646630303
MIROC,MIROC-ES2L,r1i1p1f2,gn,ssp245,2017-01,2017,1,1.141192138385842,185.38831242929615,-0.49235676418658914,-235.04807029159034,-23.797439024921882,-26.212834043358775,-99.0211955563756,1.312831520498936,184.4046235989899,-0.6504690083046897,-230.4431739194702,-18.324392791067698,-23.303892736152008,-87.00447333550575,-0.17163938211309393,0.9836888303062494,0.15811224411810054,-4.604896372120123,-5.473046233854184,-2.908941307206767,-12.016722220869852
MIROC,MIROC-ES2L,r1i1p1f2,gn,ssp245,2017-02,2017,2,9.96024532344115,186.41803357308797,-5.4355897664945605,-233.34890385968583,-16.767455718745612,-21.54850572716466,-80.72217617556154,10.134918449794124,183.00233533180176,-5.894508530509232,-227.93396157854312,-16.044463560492623,-21.711650424732266,-78.44733031268136,-0.1746731263529746,3.415698241286208,0.4589187640146717,-5.414942281142714,-0.722992158252989,0.1631446975676063,-2.274845862880184
MIROC,MIROC-ES2L,r1i1p1f2,gn,ssp245,2017-03,2017,3,53.87968876008279,190.77730988890244,-34.373097936417814,-236.6043220466167,-9.30432220361603,-15.239946720574043,-50.864690258239364,54.092806291519665,188.06797862968583,-35.49560423649597,-233.96499959716866,-12.849913767591977,-19.59824621505587,-59.74797889510697,-0.21311753143687184,2.7093312592166114,1.1225063000781574,-2.6393224494480307,3.5455915639759468,4.358299494481827,8.883288636867604
MIROC,MIROC-ES2L,r1i1p1f2,gn,ssp245,2017-04,2017,4,152.06533886952246,216.09869322045208,-99.74479150681081,-261.2783819655042,-3.5591760185314083,-9.877573731893657,-6.2958911327655755,153.85297733527165,209.50018751526287,-103.91349209612389,-257.15609699210785,-7.231252400997411,-15.68121571347275,-20.62889235216735,-1.7876384657491826,6.598505705189211,4.168700589313076,-4.122284973396347,3.6720763824660025,5.8036419815790925,14.333001219401776
MIROC,MIROC-ES2L,r1i1p1f2,gn,ssp245,2017-05,2017,5,240.21577922338093,259.041908413829,-138.35139609782894,-299.29890188503146,-4.5207134439916645,-17.137694635252565,39.94898157510527,246.70169500271564,251.0877509758891,-149.22398744547607,-294.09121110661533,-3.5740003779165477,-15.43610176618813,35.4641452824087,-6.485915779334704,7.954157437939898,10.87259134764713,-5.207690778416122,-0.9467130660751168,-1.7015928690644344,4.484836292696571
MIROC,MIROC-ES2L,r1i1p1f2,gn,ssp245,2017-06,2017,6,258.3893230062382,291.0823265503029,-106.56457527789786,-321.34127648979,-1.5381933975111162,-12.533837071338885,107.49376732000327,262.85967388536494,287.5439359862113,-118.0808217040136,-319.1397551813616,-0.4218753871641016,-12.337941570683821,100.42321602835318,-4.470350879126727,3.538390564091628,11.516246426115742,-2.2015213084284255,-1.1163180103470145,-0.19589550065506423,7.070551291650091
MIROC,MIROC-ES2L,r1i1p1f2,gn,ssp245,2017-07,2017,7,204.07052969511474,305.4663477338463,-60.52273831416893,-328.1013585025442,0.8282719108317206,-7.945087987907942,113.79596453517168,215.66988252964234,300.5301923815116,-73.02995970405915,-325.46176212074056,0.41270860793022107,-8.39102748653027,109.73003420775422,-11.599352834527593,4.936155352334708,12.50722138989022,-2.639596381803642,0.4155633029014995,0.4459394986223275,4.065930327417462
MIROC,MIROC-ES2L,r1i1p1f2,gn,ssp245,2017-08,2017,8,130.9677885491213,301.5464420346246,-29.06738122195286,-329.4719326073835,0.04481142930755883,-10.958303531707365,63.061424652009684,135.16208166491174,295.50242311597475,-37.03752417522527,-324.68498651157415,-0.464213324470985,-11.852725721887758,56.625055047728296,-4.19429311579043,6.04401891864984,7.970142953272411,-4.7869460958093555,0.5090247537785438,0.8944221901803928,6.4363696042813885
MIROC,MIROC-ES2L,r1i1p1f2,gn,ssp245,2017-09,2017,9,57.844249702697844,283.4440534990541,-13.180252286435172,-318.76840140252165,-3.3175749786825603,-19.966993857819894,-13.944919323707335,61.876713892617204,271.0061090726583,-17.776445273780446,-310.46478726779867,-5.377540528891009,-21.999781321033964,-22.735731426228572,-4.032464189919359,12.437944426395802,4.596192987345274,-8.303614134722977,2.0599655502084486,2.0327874632140706,8.790812102521237
MIROC,MIROC-ES2L,r1i1p1f2,gn,ssp245,2017-10,2017,10,14.738456009889477,250.11437320316924,-3.2153550409546456,-294.05898677694864,-14.041981016594017,-30.219326159831294,-76.68281978126987,16.046420071477925,235.3408133578954,-5.013446595779057,-280.3624820651788,-13.7920859904137,-26.972101580576677,-74.75288280257493,-1.3079640615884482,14.773559845273837,1.7980915548244116,-13.696504711769819,-0.249895026180317,-3.247224579254617,-1.9299369786949399
MIROC,MIROC-ES2L,r1i1p1f2,gn,ssp245,2017-11,2017,11,2.124496323901475,217.72220355048708,-0.44876237313257117,-267.10935246054754,-23.262914189100513,-30.486673333021436,-101.46100248141352,2.2346607690379368,206.07834229409005,-0.5505327509983511,-253.947457668769,-19.443062239311498,-26.85452686931898,-92.48257646526984,-0.11016444513646162,11.643861256397031,0.10177037786577992,-13.161894791778536,-3.8198519497890153,-3.6321464637024548,-8.978426016143672
MIROC,MIROC-ES2L,r1i1p1f2,gn,ssp245,2017-12,2017,12,0.38190450394722836,211.31445261472086,-0.09348774940276816,-257.61374280800106,-15.576391997113923,-23.465052986837385,-85.05231842268704,0.42759843987767737,191.39597646201616,-0.1463149110530818,-238.8125066111832,-20.102744137502,-25.136428982660664,-92.3744197405051,-0.045693935930449014,19.9184761527047,0.05282716165031365,-18.801236196817854,4.526352140388077,1.6713759958232792,7.322101317818067
MIROC,MIROC-ES2L,r1i1p1f2,gn,ssp245,2018-01,2018,1,1.237710047993906,199.07633614809043,-0.5221282119671509,-244.90857550768678,-16.790297255743823,-25.132683222836835,-87.03963800215024,1.312831520498936,184.4046235989899,-0.6504690083046897,-230.4431739194702,-18.324392791067698,-23.303892736152008,-87.00447333550575,-0.07512147250502998,14.671712549100533,0.1283407963375388,-14.465401588216565,1.5340955353238748,-1.8287904866848272,-0.035164666644490694
MIROC,MIROC-ES2L,r1i1p1f2,gn,ssp245,2018-02,2018,2,10.277574334522004,185.02272420952596,-5.585979999457551,-233.72321151380348,-20.690934783864172,-25.944673398215684,-90.64450115129293,10.134918449794124,183.00233533180176,-5.894508530509232,-227.93396157854312,-16.044463560492623,-21.711650424732266,-78.44733031268136,0.14265588472787982,2.0203888777242014,0.30852853105168077,-5.789249935260358,-4.646471223371549,-4.233022973483418,-12.19717083861157
MIROC,MIROC-ES2L,r1i1p1f2,gn,ssp245,2018-03,2018,3,52.527720733534956,199.45235061916026,-33.58799175362766,-244.407062512476,-9.478993332862713,-16.98140172931909,-52.47537797559026,54.092806291519665,188.06797862968583,-35.49560423649597,-233.96499959716866,-12.849913767591977,-19.59824621505587,-59.74797889510697,-1.565085557984709,11.384371989474431,1.9076124828683092,-10.442062915307332,3.370920434729264,2.616844485736781,7.272600919516705
MIROC,MIROC-ES2L,r1i1p1f2,gn,ssp245,2018-04,2018,4,150.7832002127306,216.8637679385548,-98.2197817507461,-264.75487244913177,-9.904714715885262,-19.224487186328094,-24.456887950805868,153.85297733527165,209.50018751526287,-103.91349209612389,-257.15609699210785,-7.231252400997411,-15.68121571347275,-20.62889235216735,-3.0697771225410406,7.363580423291921,5.693710345377795,-7.598775457023919,-2.6734623148878516,-3.543271472855345,-3.827995598638516
MIROC,MIROC-ES2L,r1i1p1f2,gn,ssp245,2018-05,2018,5,240.76311899086647,258.45884718876704,-136.91688963878724,-299.5630745054499,-3.7286244996713345,-16.009150698319132,43.00422683740589,246.70169500271564,251.0877509758891,-149.22398744547607,-294.09121110661533,-3.5740003779165477,-15.43610176618813,35.4641452824087,-5.938576011849165,7.371096212877944,12.30709780668883,-5.471863398834557,-0.1546241217547868,-0.5730489321310017,7.540081554997187
MIROC,MIROC-ES2L,r1i1p1f2,gn,ssp245,2018-06,2018,6,251.8597829619359,293.5901153267842,-102.24414924586699,-322.03657551355406,-0.22928112448085106,-10.054631557113114,110.88526084770507,262.85967388536494,287.5439359862113,-118.0808217040136,-319.1397551813616,-0.4218753871641016,-12.337941570683821,100.42321602835318,-10.999890923429035,6.046179340572905,15.836672458146609,-2.896820332192476,0.19259426268325056,2.2833100135707074,10.462044819351888
MIROC,MIROC-ES2L,r1i1p1f2,gn,ssp245,2018-07,2018,7,202.00509868846152,306.2079083624732,-60.06886119591392,-328.3330839601614,0.6412875628990238,-8.122327950153093,112.33002150760532,215.66988252964234,300.5301923815116,-73.02995970405915,-325.46176212074056,0.41270860793022107,-8.39102748653027,109.73003420775422,-13.664783841180821,5.67771598096158,12.961098508145234,-2.8713218394208297,0.2285789549688027,0.26869953637717714,2.599987299851108
MIROC,MIROC-ES2L,r1i1p1f2,gn,ssp245,2018-08,2018,8,126.25956866698894,304.9465439041014,-27.613063518436096,-329.83440463191977,0.15057248219315997,-10.144602764440718,63.764614138486905,135.16208166491174,295.50242311597475,-37.03752417522527,-324.68498651157415,-0.464213324470985,-11.852725721887758,56.625055047728296,-8.902512997922798,9.444120788126668,9.424460656789176,-5.149418120345615,0.614785806664145,1.7081229574470402,7.13955909075861
MIROC,MIROC-ES2L,r1i1p1f2,gn,ssp245,2018-09,2018,9,56.692161444376225,283.21799384597176,-12.517316210121452,-319.5492294864841,-3.7985356703179316,-21.092838300044853,-17.047764376620357,61.876713892617204,271.0061090726583,-17.776445273780446,-310.46478726779867,-5.377540528891009,-21.999781321033964,-22.735731426228572,-5.184552448240979,12.211884773313443,5.259129063658994,-9.08444221868541,1.5790048585730774,0.906943020989111,5.687967049608215
MIROC,MIROC-ES2L,r1i1p1f2,gn,ssp245,2018-10,2018,10,14.761568045430717,256.1207890164646,-3.5461297895645223,-297.5358867022564,-11.430000349638524,-27.234111800813576,-68.86377158037774,16.046420071477925,235.3408133578954,-5.013446595779057,-280.3624820651788,-13.7920859904137,-26.972101580576677,-74.75288280257493,-1.2848520260472078,20.779975658569185,1.467316806214535,-17.173404637077567,2.3620856407751756,-0.262010220236899,5.889111222197187
MIROC,MIROC-ES2L,r1i1p1f2,gn,ssp245,2018-11,2018,11,2.034968754218923,215.99275565425927,-0.4111765784429886,-265.9267680593195,-22.796191853094037,-31.07889334564235,-102.18530542802065,2.2346607690379368,206.07834229409005,-0.5505327509983511,-253.947457668769,-19.443062239311498,-26.85452686931898,-92.48257646526984,-0.19969201481901377,9.91441336016922,0.13935617255536248,-11.979310390550495,-3.3531296137825386,-4.224366476323368,-9.702728962750811
MIROC,MIROC-ES2L,r1i1p1f2,gn,ssp245,2018-12,2018,12,0.3589057800853127,214.61427252637287,-0.10392228539965083,-257.3838983299687,-16.57777724703546,-25.83063358551677,-84.92305314146239,0.42759843987767737,191.39597646201616,-0.1463149110530818,-238.8125066111832,-20.102744137502,-25.136428982660664,-92.3744197405051,-0.06869265979236466,23.218296064356707,0.04239262565343098,-18.57139171878549,3.5249668904665405,-0.6942046028561073,7.451366599042714
MIROC,MIROC-ES2L,r1i1p1f2,gn,ssp245,2019-01,2019,1,1.3178647666349854,195.7955413920766,-0.5908501019233633,-242.01304211917363,-15.585097754197882,-24.36804419314907,-85.44362800973238,1.312831520498936,184.4046235989899,-0.6504690083046897,-230.4431739194702,-18.324392791067698,-23.303892736152008,-87.00447333550575,0.005033246136049385,11.390917793086686,0.059618906381326386,-11.569868199703421,2.739295036869816,-1.0641514569970631,1.5608453257733714
MIROC,MIROC-ES2L,r1i1p1f2,gn,ssp245,2019-02,2019,2,9.890890601488422,199.0761447183121,-5.574239692602059,-243.03438355431155,-11.002482692810743,-19.686115459068642,-70.33018607899247,10.134918449794124,183.00233533180176,-5.894508530509232,-227.93396157854312,-16.044463560492623,-21.711650424732266,-78.44733031268136,-0.24402784830570212,16.073809386510334,0.3202688379071734,-15.100421975768427,5.041980867681881,2.025534965663624,8.11714423368889
MIROC,MIROC-ES2L,r1i1p1f2,gn,ssp245,2019-03,2019,3,52.3258177583049,203.49252189193936,-33.784152769300725,-246.16357354537496,-4.588529374009385,-14.723531107736509,-43.44144714617731,54.092806291519665,188.06797862968583,-35.49560423649597,-233.96499959716866,-12.849913767591977,-19.59824621505587,-59.74797889510697,-1.7669885332147643,15.424543262253536,1.7114514671952463,-12.198573948206302,8.261384393582592,4.874715107319361,16.306531748929658
MIROC,MIROC-ES2L,r1i1p1f2,gn,ssp245,2019-04,2019,4,153.86772389452696,214.60881864283192,-101.59420305097407,-263.5003921085579,-7.755462182136553,-17.740723824435705,-22.11423862874534,153.85297733527165,209.50018751526287,-103.91349209612389,-257.15609699210785,-7.231252400997411,-15.68121571347275,-20.62889235216735,0.01474655925531465,5.108631127569055,2.319289045149816,-6.344295116450041,-0.5242097811391417,-2.0595081109629554,-1.4853462765779888
MIROC,MIROC-ES2L,r1i1p1f2,gn,ssp245,2019-05,2019,5,240.41802326076953,258.4074071909422,-135.0467764122736,-300.7111185018802,-4.278068297236297,-17.164836825826637,41.624630414495016,246.70169500271564,251.0877509758891,-149.22398744547607,-294.09121110661533,-3.5740003779165477,-15.43610176618813,35.4641452824087,-6.283671741946108,7.319656215053101,14.177211033202468,-6.619907395264875,-0.7040679193197494,-1.728735059638506,6.160485132086315
MIROC,MIROC-ES2L,r1i1p1f2,gn,ssp245,2019-06,2019,6,253.17372625457625,293.4654854802698,-101.70122347962499,-321.65326206026094,-0.5249736301193857,-11.19634901773059,111.56340354711014,262.85967388536494,287.5439359862113,-118.0808217040136,-319.1397551813616,-0.4218753871641016,-12.337941570683821,100.42321602835318,-9.68594763078869,5.9215494940585245,16.379598224388616,-2.5135068788993635,-0.10309824295528408,1.141592552953231,11.14018751875696
MIROC,MIROC-ES2L,r1i1p1f2,gn,ssp245,2019-07,2019,7,217.60933325491183,303.66122733393104,-61.44554456256561,-328.1419150156413,-0.47281704395659896,-7.645668064942654,123.56461590173667,215.66988252964234,300.5301923815116,-73.02995970405915,-325.46176212074056,0.41270860793022107,-8.39102748653027,109.73003420775422,1.939450725269495,3.1310349524194407,11.584415141493544,-2.6801528949007434,-0.88552565188682,0.745359421587616,13.834581693982457
MIROC,MIROC-ES2L,r1i1p1f2,gn,ssp245,2019-08,2019,8,126.34898769909526,302.68307163806014,-25.46978530345823,-329.3797809676223,-0.37791511566251734,-10.67383676829288,63.130741182119415,135.16208166491174,295.50242311597475,-37.03752417522527,-324.68498651157415,-0.464213324470985,-11.852725721887758,56.625055047728296,-8.813093965816478,7.1806485220853915,11.567738871767041,-4.694794456048157,0.08629820880846767,1.1788889535948783,6.505686134391119
MIROC,MIROC-ES2L,r1i1p1f2,gn,ssp245,2019-09,2019,9,56.534838201527755,285.7613239016964,-11.57569044894105,-321.4644200857399,-4.614164221492319,-22.604513504644274,-17.962626157593366,61.876713892617204,271.0061090726583,-17.776445273780446,-310.46478726779867,-5.377540528891009,-21.999781321033964,-22.735731426228572,-5.341875691089449,14.755214829038096,6.200754824839397,-10.999632817941233,0.7633763073986897,-0.6047321836103094,4.773105268635206
MIROC,MIROC-ES2L,r1i1p1f2,gn,ssp245,2019-10,2019,10,14.820704375472179,260.29743678287673,-3.286979670537836,-302.710538304955,-14.996296016484724,-34.252009480565405,-80.12768231419403,16.046420071477925,235.3408133578954,-5.013446595779057,-280.3624820651788,-13.7920859904137,-26.972101580576677,-74.75288280257493,-1.2257156960057465,24.95662342498133,1.7264669252412213,-22.348056239776156,-1.2042100260710242,-7.279907899988729,-5.374799511619102
MIROC,MIROC-ES2L,r1i1p1f2,gn,ssp245,2019-11,2019,11,2.0690798199784473,229.69064212922282,-0.43691341302712167,-275.06153948741974,-15.606282465597408,-25.90440646982561,-85.24941988666862,2.2346607690379368,206.07834229409005,-0.5505327509983511,-253.947457668769,-19.443062239311498,-26.85452686931898,-92.48257646526984,-0.1655809490594895,23.612299835132774,0.11361933797122942,-21.11408181865073,3.83677977371409,0.9501203994933718,7.233156578601225
MIROC,MIROC-ES2L,r1i1p1f2,gn,ssp245,2019-12,2019,12,0.38754825247601465,204.58697020541663,-0.09070213052653484,-254.58446000677992,-27.428028072452662,-35.37577838050824,-112.50445013237469,0.42759843987767737,191.39597646201616,-0.1463149110530818,-238.8125066111832,-20.102744137502,-25.136428982660664,-92.3744197405051,-0.04005018740166272,13.190993743400469,0.05561278052654697,-15.77195339559671,-7.3252839349506615,-10.239349397847572,-20.13003039186958
MIROC,MIROC-ES2L,r1i1p1f2,gn,ssp245,2020-01,2020,1,1.2212289370434573,189.45810531305037,-0.5853089391917247,-240.31915673581855,-28.16211604173278,-32.39526136530092,-110.78250883195014,1.312831520498936,184.4046235989899,-0.6504690083046897,-230.4431739194702,-18.324392791067698,-23.303892736152008,-87.00447333550575,-0.09160258345547878,5.053481714060467,0.06516006911296501,-9.87598281634834,-9.837723250665082,-9.09136862914891,-23.77803549644439
MIROC,MIROC-ES2L,r1i1p1f2,gn,ssp245,2020-02,2020,2,10.040203073344498,187.32150373934996,-5.3265791154195945,-236.95485211778478,-24.288549744105477,-28.234273697915985,-97.4425478625314,10.134918449794124,183.00233533180176,-5.894508530509232,-227.93396157854312,-16.044463560492623,-21.711650424732266,-78.44733031268136,-0.09471537644962602,4.319168407548204,0.5679294150896377,-9.020890539241663,-8.244086183612854,-6.522623273183719,-18.99521754985004
MIROC,MIROC-ES2L,r1i1p1f2,gn,ssp245,2020-03,2020,3,53.81725263918427,193.7055775359737,-33.9768553801828,-240.86222400785016,-9.939041543515227,-16.76461797185066,-54.019908728240885,54.092806291519665,188.06797862968583,-35.49560423649597,-233.96499959716866,-12.849913767591977,-19.59824621505587,-59.74797889510697,-0.27555365233539675,5.637598906287877,1.5187488563131737,-6.897224410681503,2.9108722240767495,2.833628243205208,5.7280701668660825
MIROC,MIROC-ES2L,r1i1p1f2,gn,ssp245,2020-04,2020,4,146.41745892330366,221.2800380819763,-95.65615661779478,-265.3743307456804,-4.646897208297381,-12.873015382064489,-10.852902948557087,153.85297733527165,209.50018751526287,-103.91349209612389,-257.15609699210785,-7.231252400997411,-15.68121571347275,-20.62889235216735,-7.4355184119679905,11.779850566713435,8.25733547832911,-8.218233753572576,2.5843551927000297,2.80820033140826,9.775989403610264
MIROC,MIROC-ES2L,r1i1p1f2,gn,ssp245,2020-05,2020,5,236.11689506605467,261.09260571306385,-131.0451666584458,-301.6883611954177,-4.306472285246408,-16.78767494602819,43.38182569398041,246.70169500271564,251.0877509758891,-149.22398744547607,-294.09121110661533,-3.5740003779165477,-15.43610176618813,35.4641452824087,-10.584799936660971,10.004854737174753,18.178820787030276,-7.59715008880238,-0.7324719073298604,-1.3515731798400594,7.917680411571709
MIROC,MIROC-ES2L,r1i1p1f2,gn,ssp245,2020-06,2020,6,257.12705748173175,293.1745510166682,-102.64773176236109,-321.98759338420496,0.04467131617932389,-11.906337580762193,113.80461708725096,262.85967388536494,287.5439359862113,-118.0808217040136,-319.1397551813616,-0.4218753871641016,-12.337941570683821,100.42321602835318,-5.7326164036331875,5.630615030456909,15.433089941652511,-2.847838202843377,0.4665467033434255,0.4316039899216282,13.38140105889778
MIROC,MIROC-ES2L,r1i1p1f2,gn,ssp245,2020-07,2020,7,209.02558716211755,305.44495085797405,-58.06347787203929,-329.62624707149257,-0.24834589991994574,-8.97158056672287,117.56088660991688,215.66988252964234,300.5301923815116,-73.02995970405915,-325.46176212074056,0.41270860793022107,-8.39102748653027,109.73003420775422,-6.644295367524791,4.914758476462453,14.96648183201986,-4.164484950752012,-0.6610545078501668,-0.5805530801926011,7.830852402162662
MIROC,MIROC-ES2L,r1i1p1f2,gn,ssp245,2020-08,2020,8,126.56457477067381,305.9900726022325,-26.696583788344068,-331.0434142248931,-0.0942888976351795,-9.904494494196046,64.81586596783787,135.16208166491174,295.50242311597475,-37.03752417522527,-324.68498651157415,-0.464213324470985,-11.852725721887758,56.625055047728296,-8.597506894237924,10.487649486257737,10.340940386881204,-6.358427713318974,0.3699244268358055,1.9482312276917124,8.19081092010957
MIROC,MIROC-ES2L,r1i1p1f2,gn,ssp245,2020-09,2020,9,60.552920728497284,281.3964178622297,-12.178440703751825,-322.2991132809956,-4.802673092107303,-25.73285801056449,-23.06374649669223,61.876713892617204,271.0061090726583,-17.776445273780446,-310.46478726779867,-5.377540528891009,-21.999781321033964,-22.735731426228572,-1.3237931641199197,10.390308789571407,5.598004570028621,-11.834326013196915,0.5748674367837063,-3.7330766895305274,-0.32801507046365685
MIROC,MIROC-ES2L,r1i1p1f2,gn,ssp245,2020-10,2020,10,15.241518504864937,254.35220431387356,-3.109918720404561,-299.64622800183423,-14.475542222333884,-31.673428345027858,-79.31139447086201,16.046420071477925,235.3408133578954,-5.013446595779057,-280.3624820651788,-13.7920859904137,-26.972101580576677,-74.75288280257493,-0.8049015666129886,19.011390955978158,1.9035278753744964,-19.283745936655407,-0.683456231920184,-4.701326764451181,-4.558511668287082
MIROC,MIROC-ES2L,r1i1p1f2,gn,ssp245,2020-11,2020,11,2.1295378964805023,223.40347907378063,-0.41176304486534976,-270.1917759960506,-17.631693780665493,-27.932957786375326,-90.6351736376956,2.2346607690379368,206.07834229409005,-0.5505327509983511,-253.947457668769,-19.443062239311498,-26.85452686931898,-92.48257646526984,-0.10512287255743447,17.32513677969058,0.13876970613300132,-16.244318327281576,1.8113684586460046,-1.0784309170563446,1.8474028275742427
MIROC,MIROC-ES2L,r1i1p1f2,gn,ssp245,2020-12,2020,12,0.4021219099532957,201.05441629607208,-0.09035295502456957,-250.46581371341622,-23.833942345675688,-29.536536356853574,-102.47010716494468,0.42759843987767737,191.39597646201616,-0.1463149110530818,-238.8125066111832,-20.102744137502,-25.136428982660664,-92.3744197405051,-0.025476529924381652,9.658439834055912,0.05596195602851224,-11.653307102233015,-3.731198208173687,-4.40010737419291,-10.095687424439575
MIROC,MIROC-ES2L,r1i1p1f2,gn,ssp245,2021-01,2021,1,1.2324067007268429,197.91109980783247,-0.511742000745734,-243.92738058461313,-16.21044908142213,-23.537867172793558,-85.04393233101523,1.312831520498936,184.4046235989899,-0.6504690083046897,-230.4431739194702,-18.324392791067698,-23.303892736152008,-87.00447333550575,-0.08042481977209315,13.506476208842571,0.13872700755895573,-13.48420666514292,2.113943709645568,-0.2339744366415495,1.9605410044905227
MIROC,MIROC-ES2L,r1i1p1f2,gn,ssp245,2021-02,2021,2,10.200465708662442,195.10927758651385,-5.542187612351249,-242.17883418704162,-19.92419920350714,-26.186854236550825,-88.52233194427454,10.134918449794124,183.00233533180176,-5.894508530509232,-227.93396157854312,-16.044463560492623,-21.711650424732266,-78.44733031268136,0.06554725886831747,12.106942254712095,0.35232091815798317,-14.244872608498497,-3.8797356430145165,-4.4752038118185595,-10.075001631593182
MIROC,MIROC-ES2L,r1i1p1f2,gn,ssp245,2021-03,2021,3,51.74257282556898,202.6168678284394,-32.985890600615946,-245.31270819288378,-7.367725266332214,-14.419763248222612,-45.72664665404618,54.092806291519665,188.06797862968583,-35.49560423649597,-233.96499959716866,-12.849913767591977,-19.59824621505587,-59.74797889510697,-2.350233465950687,14.548889198753585,2.5097136358800256,-11.347708595715119,5.482188501259762,5.178482966833258,14.02133224106079
MIROC,MIROC-ES2L,r1i1p1f2,gn,ssp245,2021-04,2021,4,150.06749977194443,214.6839158068469,-99.13518938820987,-262.1664635427728,-9.720703746697128,-18.809047325133285,-25.079988424021757,153.85297733527165,209.50018751526287,-103.91349209612389,-257.15609699210785,-7.231252400997411,-15.68121571347275,-20.62889235216735,-3.7854775633272197,5.183728291584032,4.778302707914023,-5.010366550664969,-2.4894513456997167,-3.127831611660536,-4.451096071854405
MIROC,MIROC-ES2L,r1i1p1f2,gn,ssp245,2021-05,2021,5,237.45205112772277,255.6710283810703,-137.0203609654815,-296.6078041146206,-2.8058390899008736,-13.479912652204012,43.20916268658606,246.70169500271564,251.0877509758891,-149.22398744547607,-294.09121110661533,-3.5740003779165477,-15.43610176618813,35.4641452824087,-9.24964387499287,4.583277405181207,12.203626479994568,-2.516593008005259,0.7681612880156741,1.9561891139841183,7.745017404177361
MIROC,MIROC-ES2L,r1i1p1f2,gn,ssp245,2021-06,2021,6,255.0507462978246,294.16215127103953,-100.64787513019786,-322.1033267004974,-0.4896852830694524,-10.755095790039153,115.21691466506029,262.85967388536494,287.5439359862113,-118.0808217040136,-319.1397551813616,-0.4218753871641016,-12.337941570683821,100.42321602835318,-7.808927587540353,6.6182152848282385,17.43294657381574,-2.963571519135826,-0.0678098959053508,1.5828457806446679,14.793698636707106
MIROC,MIROC-ES2L,r1i1p1f2,gn,ssp245,2021-07,2021,7,209.8438838702333,306.45011470580187,-59.032374484062586,-329.95308225515055,0.6979334138590577,-8.313610069194134,119.69286518148695,215.66988252964234,300.5301923815116,-73.02995970405915,-325.46176212074056,0.41270860793022107,-8.39102748653027,109.73003420775422,-5.825998659409038,5.919922324290269,13.997585219996566,-4.491320134409989,0.28522480592883664,0.07741741733613594,9.962830973732736
MIROC,MIROC-ES2L,r1i1p1f2,gn,ssp245,2021-08,2021,8,126.39163720465895,303.1923178054215,-26.143311684882192,-330.5007865121116,-1.1796990413166817,-13.925095603037752,57.83506216873226,135.16208166491174,295.50242311597475,-37.03752417522527,-324.68498651157415,-0.464213324470985,-11.852725721887758,56.625055047728296,-8.77044446025279,7.68989468944676,10.89421249034308,-5.815800000537422,-0.7154857168456967,-2.072369881149994,1.2100071210039616
MIROC,MIROC-ES2L,r1i1p1f2,gn,ssp245,2021-09,2021,9,55.66962883115324,287.26169105906956,-11.343516519753319,-322.0084719059717,-3.7822446889796493,-20.74980564163948,-14.952718866121344,61.876713892617204,271.0061090726583,-17.776445273780446,-310.46478726779867,-5.377540528891009,-21.999781321033964,-22.735731426228572,-6.207085061463964,16.255581986411244,6.432928754027127,-11.543684638173033,1.5952958399113597,1.2499756793944847,7.7830125601072275
MIROC,MIROC-ES2L,r1i1p1f2,gn,ssp245,2021-10,2021,10,14.977406330129517,256.68953838243823,-3.3590328461876626,-300.34931147387454,-12.57324327033942,-28.645334715037055,-73.25997759287097,16.046420071477925,235.3408133578954,-5.013446595779057,-280.3624820651788,-13.7920859904137,-26.972101580576677,-74.75288280257493,-1.0690137413484084,21.34872502454283,1.6544137495913946,-19.986829408695712,1.2188427200742797,-1.6732331344603786,1.492905209703963
MIROC,MIROC-ES2L,r1i1p1f2,gn,ssp245,2021-11,2021,11,1.9867286186471456,225.6494744047291,-0.4142506257033311,-271.4861528119798,-16.66397715693085,-27.617447892780714,-88.54562546401849,2.2346607690379368,206.07834229409005,-0.5505327509983511,-253.947457668769,-19.443062239311498,-26.85452686931898,-92.48257646526984,-0.2479321503907912,19.57113211063904,0.13628212529501998,-17.538695143210816,2.7790850823806466,-0.7629210234617325,3.9369510012513587
MIROC,MIROC-ES2L,r1i1p1f2,gn,ssp245,2021-12,2021,12,0.40399785187048176,204.84929584567138,-0.11421395407253665,-251.79859753607838,-16.988926860112574,-24.936805832705925,-88.58525048542755,0.42759843987767737,191.39597646201616,-0.1463149110530818,-238.8125066111832,-20.102744137502,-25.136428982660664,-92.3744197405051,-0.02360058800719561,13.453319383655213,0.03210095698054516,-12.986090924895166,3.113817277389426,0.19962314995473918,3.789169255077553
MIROC,MIROC-ES2L,r1i1p1f2,gn,ssp245,2022-01,2022,1,1.3240978369623122,194.2556895321891,-0.6087932807136448,-242.33468904877708,-20.697425954332715,-25.893905149125864,-93.95502606379787,1.312831520498936,184.4046235989899,-0.6504690083046897,-230.4431739194702,-18.324392791067698,-23.303892736152008,-87.00447333550575,0.01126631646337617,9.851065933199209,0.041675727591044875,-11.891515129306867,-2.373033163265017,-2.5900124129738558,-6.950552728292124
MIROC,MIROC-ES2L,r1i1p1f2,gn,ssp245,2022-02,2022,2,9.760928264415343,192.93596221006686,-5.773148342210573,-236.188406740697,-16.14581277835304,-22.193913207875262,-77.60439059465364,10.134918449794124,183.00233533180176,-5.894508530509232,-227.93396157854312,-16.044463560492623,-21.711650424732266,-78.44733031268136,-0.3739901853787817,9.933626878265102,0.12136018829865947,-8.254445162153871,-0.10134921786041673,-0.4822627831429962,0.842939718027722
MIROC,MIROC-ES2L,r1i1p1f2,gn,ssp245,2022-03,2022,3,51.922148259415806,199.61641768637426,-33.25267729029976,-243.55673127370812,-12.609353267993026,-20.34110453909732,-58.22130042530813,54.092806291519665,188.06797862968583,-35.49560423649597,-233.96499959716866,-12.849913767591977,-19.59824621505587,-59.74797889510697,-2.1706580321038587,11.548439056688437,2.2429269461962136,-9.591731676539467,0.24056049959895098,-0.7428583240414497,1.5266784697988385
MIROC,MIROC-ES2L,r1i1p1f2,gn,ssp245,2022-04,2022,4,151.93247125395442,217.01563477523803,-97.17274016902051,-265.6519883966154,-9.713795798665165,-20.716989605563395,-24.307407940672064,153.85297733527165,209.50018751526287,-103.91349209612389,-257.15609699210785,-7.231252400997411,-15.68121571347275,-20.62889235216735,-1.920506081317228,7.515447259975161,6.740751927103375,-8.495891404507574,-2.4825433976677544,-5.035773892090646,-3.6785155885047125
MIROC,MIROC-ES2L,r1i1p1f2,gn,ssp245,2022-05,2022,5,235.50105315757781,262.39412316658036,-125.02536639381344,-303.5813380975404,-4.552770813343766,-17.40049197460562,47.33520904485491,246.70169500271564,251.0877509758891,-149.22398744547607,-294.09121110661533,-3.5740003779165477,-15.43610176618813,35.4641452824087,-11.200641845137824,11.306372190691263,24.198621051662627,-9.490126990925091,-0.9787704354272186,-1.9643902084174911,11.871063762446212
MIROC,MIROC-ES2L,r1i1p1f2,gn,ssp245,2022-06,2022,6,253.98542496628906,294.56451967362943,-98.09445684588754,-322.7288944747822,-0.4269395018007039,-10.02993832521308,117.26971549223504,262.85967388536494,287.5439359862113,-118.0808217040136,-319.1397551813616,-0.4218753871641016,-12.337941570683821,100.42321602835318,-8.874248919075882,7.020583687418139,19.986364858126066,-3.589139293420601,-0.005064114636602279,2.3080032454707418,16.846499463881855
MIROC,MIROC-ES2L,r1i1p1f2,gn,ssp245,2022-07,2022,7,206.06031542914306,305.80376129804023,-56.98281495471661,-329.2121943462409,-0.3723656299876446,-9.098786308234132,116.19791548800399,215.66988252964234,300.5301923815116,-73.02995970405915,-325.46176212074056,0.41270860793022107,-8.39102748653027,109.73003420775422,-9.609567100499277,5.273568916528632,16.047144749342543,-3.750432225500333,-0.7850742379178657,-0.7077588217038624,6.46788128024977
MIROC,MIROC-ES2L,r1i1p1f2,gn,ssp245,2022-08,2022,8,126.93418189243853,304.3240588322759,-24.87163306194543,-331.34728328049204,-0.6053708892107545,-11.981208260544392,62.452745232521806,135.16208166491174,295.50242311597475,-37.03752417522527,-324.68498651157415,-0.464213324470985,-11.852725721887758,56.625055047728296,-8.227899772473208,8.82163571630116,12.16589111327984,-6.662296768917884,-0.14115756473976954,-0.12848253865663395,5.827690184793511
MIROC,MIROC-ES2L,r1i1p1f2,gn,ssp245,2022-09,2022,9,55.81106174264894,287.98379309741364,-10.274879432802695,-323.3311603180882,-5.169284900442408,-22.309900731301138,-17.290370542571935,61.876713892617204,271.0061090726583,-17.776445273780446,-310.46478726779867,-5.377540528891009,-21.999781321033964,-22.735731426228572,-6.065652149968265,16.97768402475532,7.501565840977751,-12.866373050289553,0.20825562844860102,-0.3101194102671734,5.445360883656637
MIROC,MIROC-ES2L,r1i1p1f2,gn,ssp245,2022-10,2022,10,14.131942730829264,259.70692576759876,-2.9214350118652894,-302.54015095505275,-12.756491579753376,-30.78592390914144,-75.16513295738483,16.046420071477925,235.3408133578954,-5.013446595779057,-280.3624820651788,-13.7920859904137,-26.972101580576677,-74.75288280257493,-1.914477340648661,24.366112409703362,2.092011583913768,-22.177668889873928,1.0355944106603232,-3.8138223285647648,-0.4122501548098967
MIROC,MIROC-ES2L,r1i1p1f2,gn,ssp245,2022-11,2022,11,2.1038208728656818,230.84055356399406,-0.3972894672063881,-278.5854112637659,-19.645027114212173,-32.0591727192616,-97.7425261275863,2.2346607690379368,206.07834229409005,-0.5505327509983511,-253.947457668769,-19.443062239311498,-26.85452686931898,-92.48257646526984,-0.130839896172255,24.762211269904014,0.153243283791963,-24.637953594996873,-0.20196487490067483,-5.204645849942622,-5.259949662316458
MIROC,MIROC-ES2L,r1i1p1f2,gn,ssp245,2022-12,2022,12,0.3606292664968153,211.5401371174715,-0.07391392565606505,-259.1326476782644,-22.807796973762787,-29.29366464629646,-99.40725684001139,0.42759843987767737,191.39597646201616,-0.1463149110530818,-238.8125066111832,-20.102744137502,-25.136428982660664,-92.3744197405051,-0.06696917338086206,20.144160655455323,0.07240098539701675,-20.32014106708118,-2.705052836260787,-4.157235663635795,-7.032837099506281
MIROC,MIROC-ES2L,r1i1p1f2,gn,ssp245,2023-01,2023,1,1.2023819460803125,200.82791699999984,-0.503215100056239,-246.1323945229218,-19.558763546193454,-23.982347534047943,-88.1464217571393,1.312831520498936,184.4046235989899,-0.6504690083046897,-230.4431739194702,-18.324392791067698,-23.303892736152008,-87.00447333550575,-0.11044957441862358,16.423293401009943,0.14725390824845064,-15.689220603451588,-1.234370755125756,-0.6784547978959345,-1.1419484216335434
MIROC,MIROC-ES2L,r1i1p1f2,gn,ssp245,2023-02,2023,2,9.72562851872154,196.55997579703612,-5.5198996408316585,-240.32394090045187,-16.34143470432074,-22.249294897282606,-78.1489658271292,10.134918449794124,183.00233533180176,-5.894508530509232,-227.93396157854312,-16.044463560492623,-21.711650424732266,-78.44733031268136,-0.4092899310725837,13.557640465234357,0.37460888967757366,-12.389979321908754,-0.2969711438281166,-0.5376444725503404,0.2983644855521561
MIROC,MIROC-ES2L,r1i1p1f2,gn,ssp245,2023-03,2023,3,53.72638857581804,192.10442197488922,-34.15014455155266,-241.64369828202868,-16.42480908502385,-22.037392659976984,-68.42523402787492,54.092806291519665,188.06797862968583,-35.49560423649597,-233.96499959716866,-12.849913767591977,-19.59824621505587,-59.74797889510697,-0.3664177157016226,4.036443345203395,1.3454596849433145,-7.678698684860024,-3.5748953174318725,-2.439146444921114,-8.677255132767954
MIROC,MIROC-ES2L,r1i1p1f2,gn,ssp245,2023-04,2023,4,144.61469460605576,225.7427591446724,-93.90596819094736,-268.9159947089189,-5.448267419383065,-16.100455309101037,-14.01323187762221,153.85297733527165,209.50018751526287,-103.91349209612389,-257.15609699210785,-7.231252400997411,-15.68121571347275,-20.62889235216735,-9.238282729215882,16.242571629409525,10.007523905176527,-11.759897716811054,1.7829849816143462,-0.4192395956282873,6.615660474545141
MIROC,MIROC-ES2L,r1i1p1f2,gn,ssp245,2023-05,2023,5,233.9021255626739,261.77815123657047,-129.0482676165108,-301.04557537387916,-2.6574763155713126,-15.329800714577006,47.599156778706075,246.70169500271564,251.0877509758891,-149.22398744547607,-294.09121110661533,-3.5740003779165477,-15.43610176618813,35.4641452824087,-12.79956944004175,10.690400260681372,20.17571982896527,-6.954364267263827,0.9165240623452351,0.10630105161112446,12.135011496297373
MIROC,MIROC-ES2L,r1i1p1f2,gn,ssp245,2023-06,2023,6,258.028790347928,293.270522990669,-98.2462201954955,-322.31454328465753,-0.5414953597791519,-10.063713773856664,120.13334072480818,262.85967388536494,287.5439359862113,-118.0808217040136,-319.1397551813616,-0.4218753871641016,-12.337941570683821,100.42321602835318,-4.830883537436932,5.726587004457713,19.834601508518105,-3.1747881032959526,-0.11961997261505025,2.274227796827157,19.710124696454997
MIROC,MIROC-ES2L,r1i1p1f2,gn,ssp245,2023-07,2023,7,213.429678726929,305.9120445441094,-54.58665010673067,-330.1568322168949,-0.2395391517064168,-7.806327638407886,126.55237415729857,215.66988252964234,300.5301923815116,-73.02995970405915,-325.46176212074056,0.41270860793022107,-8.39102748653027,109.73003420775422,-2.2402038027133244,5.381852162597795,18.44330959732848,-4.695070096154325,-0.6522477596366378,0.5846998481223835,16.822339949544357
MIROC,MIROC-ES2L,r1i1p1f2,gn,ssp245,2023-08,2023,8,130.07985812956687,304.12350072434964,-24.820481596092268,-332.3030585576481,-1.015208181843363,-13.336480880564407,62.728129637768305,135.16208166491174,295.50242311597475,-37.03752417522527,-324.68498651157415,-0.464213324470985,-11.852725721887758,56.625055047728296,-5.082223535344866,8.62107760837489,12.217042579133004,-7.618072046073962,-0.550994857372378,-1.483755158676649,6.103074590040009
MIROC,MIROC-ES2L,r1i1p1f2,gn,ssp245,2023-09,2023,9,59.81380133482988,283.06710161871877,-11.037807645370345,-323.11173272591003,-4.833874599220965,-24.331240672534094,-20.433752689486784,61.876713892617204,271.0061090726583,-17.776445273780446,-310.46478726779867,-5.377540528891009,-21.999781321033964,-22.735731426228572,-2.062912557787321,12.060992546060447,6.7386376284101015,-12.646945458111361,0.5436659296700439,-2.331459351500129,2.3019787367417877
MIROC,MIROC-ES2L,r1i1p1f2,gn,ssp245,2023-10,2023,10,15.18776673614194,259.939337471191,-3.0804326503671184,-303.5347089812951,-12.811122618268907,-30.26098984390947,-74.5601498865077,16.046420071477925,235.3408133578954,-5.013446595779057,-280.3624820651788,-13.7920859904137,-26.972101580576677,-74.75288280257493,-0.8586533353359851,24.598524113295582,1.9330139454119388,-23.1722269161163,0.9809633721447923,-3.288888263332794,0.19273291606722864
MIROC,MIROC-ES2L,r1i1p1f2,gn,ssp245,2023-11,2023,11,2.035418884502908,231.31735498904925,-0.4013003965061261,-277.1083929903116,-16.224200562140453,-26.31733316704515,-86.69845324245114,2.2346607690379368,206.07834229409005,-0.5505327509983511,-253.947457668769,-19.443062239311498,-26.85452686931898,-92.48257646526984,-0.19924188453502856,25.2390126949592,0.149232354492225,-23.16093532154258,3.218861677171045,0.5371937022738322,5.784123222818707
MIROC,MIROC-ES2L,r1i1p1f2,gn,ssp245,2023-12,2023,12,0.35994950677058946,215.015125852438,-0.0865562702803592,-260.487937958782,-15.999871167790737,-22.89567536988912,-84.09496540753366,0.42759843987767737,191.39597646201616,-0.1463149110530818,-238.8125066111832,-20.102744137502,-25.136428982660664,-92.3744197405051,-0.06764893310708792,23.619149390421825,0.05975864077272261,-21.675431347598817,4.102872969711264,2.2407536127715453,8.27945433297144
MIROC,MIROC-ES2L,r1i1p1f2,gn,ssp245,2024-01,2024,1,1.2097674923395783,198.8431591833429,-0.46999962451809796,-248.28099974940594,-21.07974509766139,-28.2304217663609,-98.00823956226385,1.312831520498936,184.4046235989899,-0.6504690083046897,-230.4431739194702,-18.324392791067698,-23.303892736152008,-87.00447333550575,-0.10306402815935778,14.43853558435299,0.18046938378659172,-17.837825829935724,-2.755352306593693,-4.9265290302088935,-11.003766226758103
MIROC,MIROC-ES2L,r1i1p1f2,gn,ssp245,2024-02,2024,2,9.407289952422257,186.37071553684584,-5.0972270546564715,-236.31952371465658,-20.93047498724526,-25.271270003523735,-91.84049027081396,10.134918449794124,183.00233533180176,-5.894508530509232,-227.93396157854312,-16.044463560492623,-21.711650424732266,-78.44733031268136,-0.7276284973718674,3.368380205044076,0.7972814758527607,-8.385562136113464,-4.886011426752635,-3.5596195787914695,-13.3931599581326
MIROC,MIROC-ES2L,r1i1p1f2,gn,ssp245,2024-03,2024,3,51.856574356321275,206.26192847996523,-31.90644949806824,-250.50846627914748,-9.946944111503697,-19.773184159122284,-54.01654121155521,54.092806291519665,188.06797862968583,-35.49560423649597,-233.96499959716866,-12.849913767591977,-19.59824621505587,-59.74797889510697,-2.23623193519839,18.19394985027941,3.5891547384277303,-16.543466681978828,2.9029696560882794,-0.17493794406641427,5.731437683551761
MIROC,MIROC-ES2L,r1i1p1f2,gn,ssp245,2024-04,2024,4,144.16168552005118,227.91878856907633,-89.90127613161066,-272.84220193679437,-6.370859069996747,-18.555142813218154,-15.589005862492407,153.85297733527165,209.50018751526287,-103.91349209612389,-257.15609699210785,-7.231252400997411,-15.68121571347275,-20.62889235216735,-9.691291815220467,18.41860105381346,14.012215964513231,-15.68610494468652,0.8603933310006635,-2.873927099745405,5.039886489674945
MIROC,MIROC-ES2L,r1i1p1f2,gn,ssp245,2024-05,2024,5,240.58192818177866,255.86669030709479,-130.071873439124,-298.6874704830353,-3.210676520072372,-15.846466257871588,48.6321317887701,246.70169500271564,251.0877509758891,-149.22398744547607,-294.09121110661533,-3.5740003779165477,-15.43610176618813,35.4641452824087,-6.119766820936974,4.778939331205692,19.152114006352065,-4.596259376419994,0.36332385784417554,-0.4103644916834579,13.167986506361402
MIROC,MIROC-ES2L,r1i1p1f2,gn,ssp245,2024-06,2024,6,251.86208088140714,294.0110382145628,-94.986242866736,-322.84004281226595,-1.1351121744603827,-11.772321479511241,115.13939976299639,262.85967388536494,287.5439359862113,-118.0808217040136,-319.1397551813616,-0.4218753871641016,-12.337941570683821,100.42321602835318,-10.997593003957803,6.467102228351507,23.094578837277595,-3.70028763090437,-0.713236787296281,0.5656200911725797,14.71618373464321
MIROC,MIROC-ES2L,r1i1p1f2,gn,ssp245,2024-07,2024,7,199.98893819720413,307.9365278643049,-54.34748654329411,-329.89655568056224,0.3225687527320506,-8.086144597666054,115.91784799271869,215.66988252964234,300.5301923815116,-73.02995970405915,-325.46176212074056,0.41270860793022107,-8.39102748653027,109.73003420775422,-15.680944332438202,7.406335482793281,18.682473160765042,-4.434793559821685,-0.09013985519817047,0.3048828888642152,6.187813784964476
MIROC,MIROC-ES2L,r1i1p1f2,gn,ssp245,2024-08,2024,8,125.09576547821179,305.370708065016,-25.009723312496607,-331.6664345251115,-0.35786868789657494,-12.389257404970003,61.04318961275309,135.16208166491174,295.50242311597475,-37.03752417522527,-324.68498651157415,-0.464213324470985,-11.852725721887758,56.625055047728296,-10.06631618669995,9.868284949041254,12.027800862728665,-6.981448013537374,0.10634463657441007,-0.5365316830822451,4.418134565024793
MIROC,MIROC-ES2L,r1i1p1f2,gn,ssp245,2024-09,2024,9,58.445182960623384,286.0399812549977,-11.716549192490836,-323.4901719336073,-4.771823348895655,-24.869915356076106,-20.363295615448795,61.876713892617204,271.0061090726583,-17.776445273780446,-310.46478726779867,-5.377540528891009,-21.999781321033964,-22.735731426228572,-3.4315309319938194,15.033872182339394,6.05989608128961,-13.025384665808645,0.605717179995354,-2.870134035042142,2.372435810779777
MIROC,MIROC-ES2L,r1i1p1f2,gn,ssp245,2024-10,2024,10,16.620405475816586,253.216397331484,-3.3146124755657236,-302.63107789992887,-15.60230218771995,-36.378417482768675,-88.08960723868263,16.046420071477925,235.3408133578954,-5.013446595779057,-280.3624820651788,-13.7920859904137,-26.972101580576677,-74.75288280257493,0.5739854043386607,17.87558397358859,1.6988341202133337,-22.268595834750045,-1.81021619730625,-9.406315902191999,-13.336724436107701
MIROC,MIROC-ES2L,r1i1p1f2,gn,ssp245,2024-11,2024,11,2.3360699300827275,221.36015917333364,-0.46226024997749726,-271.52012100878335,-18.254537762643952,-28.370563710526124,-94.91125362851457,2.2346607690379368,206.07834229409005,-0.5505327509983511,-253.947457668769,-19.443062239311498,-26.85452686931898,-92.48257646526984,0.1014091610447907,15.281816879243593,0.08827250102085382,-17.572663340014344,1.1885244766675456,-1.5160368412071428,-2.4286771632447284
MIROC,MIROC-ES2L,r1i1p1f2,gn,ssp245,2024-12,2024,12,0.4055992071695671,207.82259871542865,-0.09371877315964128,-256.24207833598757,-23.994348016978243,-28.933881917438068,-101.03582912096533,0.42759843987767737,191.39597646201616,-0.1463149110530818,-238.8125066111832,-20.102744137502,-25.136428982660664,-92.3744197405051,-0.021999232708110272,16.42662225341249,0.05259613789344053,-17.42957172480436,-3.891603879476243,-3.7974529347774038,-8.661409380460228
MIROC,MIROC-ES2L,r1i1p1f2,gn,ssp245,2025-01,2025,1,1.2948254223845774,192.36171472432483,-0.5475188561509112,-242.06556731489758,-22.2982881846276,-28.0886775110548,-99.34351172002148,1.312831520498936,184.4046235989899,-0.6504690083046897,-230.4431739194702,-18.324392791067698,-23.303892736152008,-87.00447333550575,-0.018006098114358604,7.957091125334927,0.10295015215377845,-11.622393395427366,-3.9738953935599035,-4.784784774902793,-12.339038384515732
MIROC,MIROC-ES2L,r1i1p1f2,gn,ssp245,2025-02,2025,2,9.36803763724178,190.63765265114932,-5.07482987962259,-236.72012017599383,-16.362490505746162,-22.707965058614583,-80.85971533158607,10.134918449794124,183.00233533180176,-5.894508530509232,-227.93396157854312,-16.044463560492623,-21.711650424732266,-78.44733031268136,-0.7668808125523441,7.635317319347564,0.819678650886642,-8.786158597450708,-0.31802694525353914,-0.9963146338823172,-2.4123850189047147
MIROC,MIROC-ES2L,r1i1p1f2,gn,ssp245,2025-03,2025,3,52.46008914203863,197.82455660924253,-32.75747477009977,-244.54788007748658,-10.954301593643297,-18.472663351592715,-56.44767404154119,54.092806291519665,188.06797862968583,-35.49560423649597,-233.96499959716866,-12.849913767591977,-19.59824621505587,-59.74797889510697,-1.6327171494810315,9.75657797955671,2.7381294663962024,-10.582880480317925,1.8956121739486793,1.1255828634631548,3.300304853565777
MIROC,MIROC-ES2L,r1i1p1f2,gn,ssp245,2025-04,2025,4,150.45706277347762,215.23046756298186,-98.05576756933613,-262.1713929264021,-8.633911261756207,-18.357107164608493,-21.530648585643473,153.85297733527165,209.50018751526287,-103.91349209612389,-257.15609699210785,-7.231252400997411,-15.68121571347275,-20.62889235216735,-3.3959145617940294,5.730280047718992,5.857724526787763,-5.015295934294272,-1.4026588607587964,-2.675891451135744,-0.9017562334761209
MIROC,MIROC-ES2L,r1i1p1f2,gn,ssp245,2025-05,2025,5,232.63020459694494,260.50083940710107,-128.66615604725501,-300.0251692356482,-3.5828248727153307,-16.03622868311222,44.820665165315205,246.70169500271564,251.0877509758891,-149.22398744547607,-294.09121110661533,-3.5740003779165477,-15.43610176618813,35.4641452824087,-14.071490405770703,9.413088431211975,20.557831398221055,-5.933958129032874,-0.008824494798783,-0.6001269169240899,9.356519882906504
MIROC,MIROC-ES2L,r1i1p1f2,gn,ssp245,2025-06,2025,6,263.92758313492084,292.1961205216149,-102.07214046306747,-322.36973464781767,-0.6539012029847077,-11.225593591511533,119.8023337511544,262.85967388536494,287.5439359862113,-118.0808217040136,-319.1397551813616,-0.4218753871641016,-12.337941570683821,100.42321602835318,1.0679092495558962,4.652184535403592,16.00868124094613,-3.2299794664560864,-0.23202581582060605,1.112347979172288,19.379117722801226
MIROC,MIROC-ES2L,r1i1p1f2,gn,ssp245,2025-07,2025,7,201.79568101852584,308.8005105658623,-54.27225455760788,-329.8613782961771,0.2844976441961381,-6.482152551596299,120.26490382320296,215.66988252964234,300.5301923815116,-73.02995970405915,-325.46176212074056,0.41270860793022107,-8.39102748653027,109.73003420775422,-13.874201511116496,8.270318184350685,18.757705146451272,-4.399616175436563,-0.12821096373408297,1.9088749349339702,10.534869615448741
MIROC,MIROC-ES2L,r1i1p1f2,gn,ssp245,2025-08,2025,8,124.10905811995231,306.3716434087605,-23.72522738030843,-331.8780972131242,-0.8144224857265795,-11.918513977476293,62.144440472077335,135.16208166491174,295.50242311597475,-37.03752417522527,-324.68498651157415,-0.464213324470985,-11.852725721887758,56.625055047728296,-11.05302354495943,10.86922029278577,13.312296794916843,-7.19311070155004,-0.3502091612555945,-0.06578825558853474,5.519385424349039
MIROC,MIROC-ES2L,r1i1p1f2,gn,ssp245,2025-09,2025,9,58.196477062933,285.6250893690093,-10.879144506763847,-323.2688157522431,-5.008343108993686,-22.913793515881867,-18.248530451940187,61.876713892617204,271.0061090726583,-17.776445273780446,-310.46478726779867,-5.377540528891009,-21.999781321033964,-22.735731426228572,-3.6802368296842047,14.61898029635097,6.897300767016599,-12.804028484444416,0.3691974198973229,-0.9140121948479027,4.487200974288385
MIROC,MIROC-ES2L,r1i1p1f2,gn,ssp245,2025-10,2025,10,14.23283617173353,259.87675496715747,-2.9250994359626095,-303.1172066743499,-13.382728888045827,-30.643812588239527,-75.9592564477069,16.046420071477925,235.3408133578954,-5.013446595779057,-280.3624820651788,-13.7920859904137,-26.972101580576677,-74.75288280257493,-1.8135838997443958,24.535941609262068,2.088347159816448,-22.75472460917109,0.40935710236787237,-3.67171100766285,-1.2063736451319755
MIROC,MIROC-ES2L,r1i1p1f2,gn,ssp245,2025-11,2025,11,2.118619502254486,220.44782378141585,-0.42433209253172394,-270.4512818498466,-23.421766577622797,-33.83154753128531,-105.56248476761613,2.2346607690379368,206.07834229409005,-0.5505327509983511,-253.947457668769,-19.443062239311498,-26.85452686931898,-92.48257646526984,-0.11604126678345095,14.3694814873258,0.12620065846662715,-16.50382418107762,-3.9787043383112994,-6.977020661966328,-13.079908302346283
MIROC,MIROC-ES2L,r1i1p1f2,gn,ssp245,2025-12,2025,12,0.38599488254827163,209.11531638276105,-0.07801382346081567,-257.3271357324756,-20.4406254186045,-26.705104257119707,-95.0495679663513,0.42759843987767737,191.39597646201616,-0.1463149110530818,-238.8125066111832,-20.102744137502,-25.136428982660664,-92.3744197405051,-0.04160355732940574,17.719339920744886,0.06830108759226614,-18.514629121292387,-0.3378812811025007,-1.5686752744590429,-2.6751482258462005
MIROC,MIROC-ES2L,r1i1p1f2,gn,ssp245,2026-01,2026,1,1.141377991305739,204.97785009664457,-0.4189167088160458,-247.22709144081824,-14.42609175549041,-18.53053686394121,-74.4834086811156,1.312831520498936,184.4046235989899,-0.6504690083046897,-230.4431739194702,-18.324392791067698,-23.303892736152008,-87.00447333550575,-0.17145352919319712,20.573226497654673,0.23155229948864386,-16.78391752134803,3.8983010355772887,4.7733558722107965,12.521064654390145
MIROC,MIROC-ES2L,r1i1p1f2,gn,ssp245,2026-02,2026,2,9.815930783398171,191.5776110516169,-5.192840004621144,-236.45488155502244,-15.217287224875653,-22.6567470332012,-78.12821398270535,10.134918449794124,183.00233533180176,-5.894508530509232,-227.93396157854312,-16.044463560492623,-21.711650424732266,-78.44733031268136,-0.31898766639595344,8.575275719815153,0.7016685258880884,-8.52091997647932,0.8271763356169703,-0.9450966084689334,0.319116329976012
MIROC,MIROC-ES2L,r1i1p1f2,gn,ssp245,2026-03,2026,3,53.80013635339906,198.92568875647544,-32.628398301567906,-244.70132642994275,-7.832793794300261,-17.135787121525606,-49.57248053746201,54.092806291519665,188.06797862968583,-35.49560423649597,-233.96499959716866,-12.849913767591977,-19.59824621505587,-59.74797889510697,-0.2926699381206035,10.857710126789613,2.867205934928066,-10.736326832774097,5.017119973291716,2.4624590935302635,10.175498357644955
MIROC,MIROC-ES2L,r1i1p1f2,gn,ssp245,2026-04,2026,4,147.04866059980546,219.32088817752458,-96.1894111331281,-263.64613599516406,-6.489059161546612,-14.87413619326591,-14.82919370577466,153.85297733527165,209.50018751526287,-103.91349209612389,-257.15609699210785,-7.231252400997411,-15.68121571347275,-20.62889235216735,-6.8043167354661875,9.820700662261714,7.724080962995785,-6.490039003056211,0.7421932394507991,0.8070795202068393,5.799698646392692
MIROC,MIROC-ES2L,r1i1p1f2,gn,ssp245,2026-05,2026,5,234.52228165290745,261.04762044565587,-131.2391894731841,-300.76069686795194,-2.84210137642119,-14.568349335991885,46.15956504501418,246.70169500271564,251.0877509758891,-149.22398744547607,-294.09121110661533,-3.5740003779165477,-15.43610176618813,35.4641452824087,-12.179413349808186,9.959869469766772,17.98479797229197,-6.6694857613366025,0.7318990014953575,0.867752430196246,10.695419762605482
MIROC,MIROC-ES2L,r1i1p1f2,gn,ssp245,2026-06,2026,6,253.7087935579666,294.4366783995875,-98.32425482359993,-323.23396359056267,0.008806496236910748,-10.942063054982718,115.65399698464566,262.85967388536494,287.5439359862113,-118.0808217040136,-319.1397551813616,-0.4218753871641016,-12.337941570683821,100.42321602835318,-9.15088032739834,6.892742413376197,19.756566880413672,-4.094208409201087,0.4306818834010124,1.3958785157011029,15.230780956292477
MIROC,MIROC-ES2L,r1i1p1f2,gn,ssp245,2026-07,2026,7,208.80259068502053,306.80400995780445,-57.85272004601501,-330.1489086513357,-0.08530251469490503,-8.087497594125605,119.43217183665378,215.66988252964234,300.5301923815116,-73.02995970405915,-325.46176212074056,0.41270860793022107,-8.39102748653027,109.73003420775422,-6.867291844621803,6.273817576292856,15.177239658044144,-4.687146530595157,-0.4980111226251261,0.303529892404665,9.702137628899564
MIROC,MIROC-ES2L,r1i1p1f2,gn,ssp245,2026-08,2026,8,129.61485427122983,303.6691350159461,-25.851426663636047,-331.3729587380306,-1.0046413945767216,-14.02894885476527,61.02601363616727,135.16208166491174,295.50242311597475,-37.03752417522527,-324.68498651157415,-0.464213324470985,-11.852725721887758,56.625055047728296,-5.547227393681908,8.166711899971347,11.186097511589224,-6.687972226456452,-0.5404280701057367,-2.176223132877512,4.400958588438975
MIROC,MIROC-ES2L,r1i1p1f2,gn,ssp245,2026-09,2026,9,61.78110649492595,277.4783115796419,-12.408400918139503,-321.014317527088,-5.846607413508241,-28.815684000196672,-28.825591784364526,61.876713892617204,271.0061090726583,-17.776445273780446,-310.46478726779867,-5.377540528891009,-21.999781321033964,-22.735731426228572,-0.09560739769125348,6.472202506983592,5.368044355640944,-10.549530259289327,-0.46906688461723167,-6.815902679162708,-6.0898603581359545
MIROC,MIROC-ES2L,r1i1p1f2,gn,ssp245,2026-10,2026,10,14.467558964759668,255.35554933817426,-3.3654150899830118,-296.6055608612587,-12.074035827042254,-28.63768615746566,-70.8595896328157,16.046420071477925,235.3408133578954,-5.013446595779057,-280.3624820651788,-13.7920859904137,-26.972101580576677,-74.75288280257493,-1.5788611067182572,20.014735980278857,1.6480315057960455,-16.243078796079885,1.718050163371446,-1.6655845768889819,3.8932931697592323
MIROC,MIROC-ES2L,r1i1p1f2,gn,ssp245,2026-11,2026,11,2.0892561962249068,225.74234661539856,-0.4177908261116303,-269.5887478688988,-12.998805099124782,-23.65104830856817,-78.8247892910799,2.2346607690379368,206.07834229409005,-0.5505327509983511,-253.947457668769,-19.443062239311498,-26.85452686931898,-92.48257646526984,-0.14540457281303,19.66400432130851,0.13274192488672076,-15.641290200129788,6.444257140186716,3.20347856075081,13.657787174189949
MIROC,MIROC-ES2L,r1i1p1f2,gn,ssp245,2026-12,2026,12,0.40069280820480563,207.6694844506542,-0.09798876053184517,-255.76287314830168,-21.292657229847556,-30.070025879407744,-99.15336775922981,0.42759843987767737,191.39597646201616,-0.1463149110530818,-238.8125066111832,-20.102744137502,-25.136428982660664,-92.3744197405051,-0.026905631672871744,16.273507988638045,0.048326150521236635,-16.95036653711847,-1.1899130923455559,-4.93359689674708,-6.778948018724705
MIROC,MIROC-ES2L,r1i1p1f2,gn,ssp245,2027-01,2027,1,1.3439307657780009,193.20813356597793,-0.5837766863052263,-241.47407545690905,-17.48851071804608,-24.138247124578076,-89.13254565408249,1.312831520498936,184.4046235989899,-0.6504690083046897,-230.4431739194702,-18.324392791067698,-23.303892736152008,-87.00447333550575,0.031099245279064824,8.803509966988031,0.0666923219994634,-11.030901537438837,0.8358820730216188,-0.8343543884260676,-2.1280723185767414
MIROC,MIROC-ES2L,r1i1p1f2,gn,ssp245,2027-02,2027,2,9.62891520629709,197.25894030292991,-5.184856503960309,-242.55741137039547,-15.612909188227624,-24.617524914580354,-81.08484646793676,10.134918449794124,183.00233533180176,-5.894508530509232,-227.93396157854312,-16.044463560492623,-21.711650424732266,-78.44733031268136,-0.5060032434970338,14.256604971128155,0.7096520265489232,-14.623449791852352,0.4315543722649995,-2.905874489848088,-2.6375161552553976
MIROC,MIROC-ES2L,r1i1p1f2,gn,ssp245,2027-03,2027,3,52.98069712850596,198.08140119217205,-32.25902629140488,-245.7270829908302,-12.986272371099798,-22.10402417625276,-62.014307508909624,54.092806291519665,188.06797862968583,-35.49560423649597,-233.96499959716866,-12.849913767591977,-19.59824621505587,-59.74797889510697,-1.1121091630137059,10.013422562486227,3.236577945091092,-11.762083393661555,-0.13635860350782103,-2.505777961196891,-2.2663286138026564
MIROC,MIROC-ES2L,r1i1p1f2,gn,ssp245,2027-04,2027,4,152.445934776911,215.1247353131511,-98.43595091891986,-264.14749249986835,-8.537429411258486,-18.98459387312124,-22.534796613105826,153.85297733527165,209.50018751526287,-103.91349209612389,-257.15609699210785,-7.231252400997411,-15.68121571347275,-20.62889235216735,-1.4070425583606436,5.624547797888226,5.477541177204031,-6.991395507760501,-1.3061770102610755,-3.303378159648492,-1.905904260938474
MIROC,MIROC-ES2L,r1i1p1f2,gn,ssp245,2027-05,2027,5,236.81442931894554,259.2061071076856,-134.11775620157326,-299.8241699148876,-1.8178967780686401,-14.09142789447222,46.16928563762943,246.70169500271564,251.0877509758891,-149.22398744547607,-294.09121110661533,-3.5740003779165477,-15.43610176618813,35.4641452824087,-9.887265683770096,8.118356131796531,15.106231243902812,-5.732958808272258,1.7561035998479075,1.3446738717159104,10.705140355220728
MIROC,MIROC-ES2L,r1i1p1f2,gn,ssp245,2027-06,2027,6,263.4771318747662,292.02268631354156,-103.02777542794797,-323.08904738202034,-1.3606831786278764,-13.001120307311123,115.02119189240038,262.85967388536494,287.5439359862113,-118.0808217040136,-319.1397551813616,-0.4218753871641016,-12.337941570683821,100.42321602835318,0.6174579894012595,4.4787503273302605,15.05304627606563,-3.9492922006587605,-0.9388077914637747,-0.6631787366273016,14.5979758640472
MIROC,MIROC-ES2L,r1i1p1f2,gn,ssp245,2027-07,2027,7,207.73126715150767,306.4558520974984,-58.65230174134234,-329.88428486331964,0.08392787818123172,-8.586045062324622,117.14841546020068,215.66988252964234,300.5301923815116,-73.02995970405915,-325.46176212074056,0.41270860793022107,-8.39102748653027,109.73003420775422,-7.938615378134671,5.9256597159867965,14.37765796271681,-4.422522742579076,-0.32878072974898936,-0.19501757579435264,7.418381252446466
MIROC,MIROC-ES2L,r1i1p1f2,gn,ssp245,2027-08,2027,8,130.27585323647628,304.2436883375748,-26.836060449147283,-331.44216967969004,0.4957894563694711,-9.824420090177018,66.91268081140619,135.16208166491174,295.50242311597475,-37.03752417522527,-324.68498651157415,-0.464213324470985,-11.852725721887758,56.625055047728296,-4.886228428435459,8.741265221600031,10.20146372607799,-6.757183168115887,0.9600027808404561,2.02830563171074,10.287625763677894
MIROC,MIROC-ES2L,r1i1p1f2,gn,ssp245,2027-09,2027,9,58.40537898611365,284.52207461172776,-11.892220242338643,-323.768588006661,-6.348763728596457,-28.879242941414578,-27.961361321169242,61.876713892617204,271.0061090726583,-17.776445273780446,-310.46478726779867,-5.377540528891009,-21.999781321033964,-22.735731426228572,-3.4713349065035572,13.515965539069441,5.884225031441803,-13.303800738862321,-0.9712231997054479,-6.879461620380614,-5.2256298949406705
MIROC,MIROC-ES2L,r1i1p1f2,gn,ssp245,2027-10,2027,10,15.224893602886386,253.58177715737637,-3.211932964026487,-299.80160463166527,-10.91949420347713,-29.047671253393297,-74.17403229229939,16.046420071477925,235.3408133578954,-5.013446595779057,-280.3624820651788,-13.7920859904137,-26.972101580576677,-74.75288280257493,-0.8215264685915393,18.240963799480966,1.8015136317525702,-19.439122566486446,2.872591786936569,-2.07556967281662,0.5788505102755437
MIROC,MIROC-ES2L,r1i1p1f2,gn,ssp245,2027-11,2027,11,2.101464615229458,221.5663069593622,-0.39939185140590155,-270.0005445773,-20.505441446979077,-30.917337669313415,-98.15494397040673,2.2346607690379368,206.07834229409005,-0.5505327509983511,-253.947457668769,-19.443062239311498,-26.85452686931898,-92.48257646526984,-0.1331961538084787,15.487964665272159,0.15114089959244953,-16.053086908530986,-1.062379207667579,-4.062810799994434,-5.67236750513689
MIROC,MIROC-ES2L,r1i1p1f2,gn,ssp245,2027-12,2027,12,0.36899981370698304,207.01127595360373,-0.07859348038297187,-255.10576482334528,-22.074808924308446,-29.929601988599003,-99.808493449325,0.42759843987767737,191.39597646201616,-0.1463149110530818,-238.8125066111832,-20.102744137502,-25.136428982660664,-92.3744197405051,-0.058598626170694335,15.615299491587564,0.06772143067010994,-16.293258212162073,-1.9720647868064454,-4.793173005938339,-7.434073708819895
MIROC,MIROC-ES2L,r1i1p1f2,gn,ssp245,2028-01,2028,1,1.1295822668764335,203.66875470202262,-0.44119625101438137,-249.43283455282415,-17.769525472250876,-27.1942907993443,-90.03951010653465,1.312831520498936,184.4046235989899,-0.6504690083046897,-230.4431739194702,-18.324392791067698,-23.303892736152008,-87.00447333550575,-0.18324925362250255,19.264131103032724,0.2092727572903083,-18.989660633353935,0.5548673188168216,-3.8903980631922934,-3.0350367710288992
MIROC,MIROC-ES2L,r1i1p1f2,gn,ssp245,2028-02,2028,2,9.82202095799032,193.4163353937674,-5.157915639680077,-239.8931898871855,-17.82803201886454,-26.17986446747046,-85.82064566144285,10.134918449794124,183.00233533180176,-5.894508530509232,-227.93396157854312,-16.044463560492623,-21.711650424732266,-78.44733031268136,-0.31289749180380433,10.414000061965652,0.7365928908291552,-11.959228308642395,-1.7835684583719171,-4.468214042738193,-7.373315348761494
MIROC,MIROC-ES2L,r1i1p1f2,gn,ssp245,2028-03,2028,3,52.471064411433765,194.97756165008732,-32.454482751787765,-242.15673455938273,-18.90404836989816,-27.387431278435216,-73.45407089798279,54.092806291519665,188.06797862968583,-35.49560423649597,-233.96499959716866,-12.849913767591977,-19.59824621505587,-59.74797889510697,-1.6217418800858994,6.909583020401499,3.0411214847082064,-8.19173496221407,-6.054134602306183,-7.789185063379346,-13.70609200287582
MIROC,MIROC-ES2L,r1i1p1f2,gn,ssp245,2028-04,2028,4,143.2329665522758,228.11841556925216,-92.39877302592187,-270.94379239972636,-4.6391304868709184,-15.385872107664655,-12.0161858986558,153.85297733527165,209.50018751526287,-103.91349209612389,-257.15609699210785,-7.231252400997411,-15.68121571347275,-20.62889235216735,-10.620010782995848,18.6182280539893,11.51471907020202,-13.787695407618514,2.5921219141264924,0.29534360580809427,8.612706453511551
MIROC,MIROC-ES2L,r1i1p1f2,gn,ssp245,2028-05,2028,5,233.8130115578691,261.72765846602556,-131.71691635924245,-301.20424309180436,-3.6210928600302625,-16.855749945975944,42.1426677668417,246.70169500271564,251.0877509758891,-149.22398744547607,-294.09121110661533,-3.5740003779165477,-15.43610176618813,35.4641452824087,-12.88868344484655,10.639907490136466,17.507071086233623,-7.113031985189025,-0.04709248211371486,-1.4196481797878135,6.678522484432996
MIROC,MIROC-ES2L,r1i1p1f2,gn,ssp245,2028-06,2028,6,244.69569173418492,299.26420385955504,-96.38179391707008,-323.77146004746777,1.0460177605535883,-9.021924901858393,115.83073448789727,262.85967388536494,287.5439359862113,-118.0808217040136,-319.1397551813616,-0.4218753871641016,-12.337941570683821,100.42321602835318,-18.163982151180022,11.720267873343744,21.699027786943518,-4.63170486610619,1.46789314771769,3.3160166688254282,15.407518459544093
MIROC,MIROC-ES2L,r1i1p1f2,gn,ssp245,2028-07,2028,7,203.10182878227775,308.3263279335336,-56.04600913263122,-330.0995245201123,1.344833565259284,-7.555059763913535,119.07239686441358,215.66988252964234,300.5301923815116,-73.02995970405915,-325.46176212074056,0.41270860793022107,-8.39102748653027,109.73003420775422,-12.568053747364587,7.796135552022008,16.983950571427933,-4.637762399371752,0.9321249573290629,0.8359677226167346,9.342362656659361
MIROC,MIROC-ES2L,r1i1p1f2,gn,ssp245,2028-08,2028,8,126.10897669594375,306.7667544153704,-24.763629018748393,-331.88716439021545,0.14572743633395813,-11.575192461790923,64.79547267689328,135.16208166491174,295.50242311597475,-37.03752417522527,-324.68498651157415,-0.464213324470985,-11.852725721887758,56.625055047728296,-9.053104968967986,11.264331299395621,12.273895156476879,-7.202177878641294,0.6099407608049432,0.27753326009683477,8.170417629164987
MIROC,MIROC-ES2L,r1i1p1f2,gn,ssp245,2028-09,2028,9,57.048158129399035,288.3031874738299,-11.17126112622127,-323.7114735084516,-5.1382968156399835,-23.612034546763557,-18.28172039384749,61.876713892617204,271.0061090726583,-17.776445273780446,-310.46478726779867,-5.377540528891009,-21.999781321033964,-22.735731426228572,-4.828555763218169,17.297078401171575,6.605184147559177,-13.246686240652934,0.23924371325102545,-1.6122532257295923,4.454011032381082
MIROC,MIROC-ES2L,r1i1p1f2,gn,ssp245,2028-10,2028,10,14.389586878083794,259.29263909522007,-2.956241695699597,-302.38636187796715,-14.690573610289636,-33.63235141787915,-79.98330262853167,16.046420071477925,235.3408133578954,-5.013446595779057,-280.3624820651788,-13.7920859904137,-26.972101580576677,-74.75288280257493,-1.6568331933941316,23.95182573732467,2.0572049000794603,-22.023879812788323,-0.8984876198759366,-6.660249837302473,-5.230419825956744
MIROC,MIROC-ES2L,r1i1p1f2,gn,ssp245,2028-11,2028,11,2.0860563825987364,229.6645570310461,-0.41956257771102884,-274.98821587352853,-16.42637024059518,-28.100306731323684,-88.18384200951358,2.2346607690379368,206.07834229409005,-0.5505327509983511,-253.947457668769,-19.443062239311498,-26.85452686931898,-92.48257646526984,-0.14860438643920038,23.586214736956038,0.13097017328732224,-21.040758204759527,3.0166919987163183,-1.245779862004703,4.298734455756261
MIROC,MIROC-ES2L,r1i1p1f2,gn,ssp245,2028-12,2028,12,0.3883038412548998,209.69555979335053,-0.09459139258064733,-256.2297499086218,-18.930988659176332,-27.18904023979431,-92.36050656556765,0.42759843987767737,191.39597646201616,-0.1463149110530818,-238.8125066111832,-20.102744137502,-25.136428982660664,-92.3744197405051,-0.039294598622777566,18.29958333133436,0.05172351847243448,-17.417243297438574,1.171755478325668,-2.052611257133645,0.013913174937457029
MIROC,MIROC-ES2L,r1i1p1f2,gn,ssp245,2029-01,2029,1,1.2325618036977812,202.98869453640748,-0.5642905169808784,-247.81986243027708,-17.15785084699021,-27.02816517405285,-88.34891262819576,1.312831520498936,184.4046235989899,-0.6504690083046897,-230.4431739194702,-18.324392791067698,-23.303892736152008,-87.00447333550575,-0.0802697168011548,18.58407093741758,0.08617849132381128,-17.376688510806872,1.166541944077487,-3.7242724379008436,-1.3444392926900122
MIROC,MIROC-ES2L,r1i1p1f2,gn,ssp245,2029-02,2029,2,9.76750165605009,196.38927401695895,-5.3596083797922915,-242.4745012818088,-14.746565933874178,-26.84765269471819,-83.27155261718444,10.134918449794124,183.00233533180176,-5.894508530509232,-227.93396157854312,-16.044463560492623,-21.711650424732266,-78.44733031268136,-0.36741679374403446,13.38693868515719,0.5349001507169406,-14.540539703265694,1.297897626618445,-5.136002269985923,-4.824222304503081
MIROC,MIROC-ES2L,r1i1p1f2,gn,ssp245,2029-03,2029,3,51.218416435749255,205.4043243024566,-31.702354568754917,-248.7814219730385,-11.624549818061794,-22.791073286659056,-58.276658908308434,54.092806291519665,188.06797862968583,-35.49560423649597,-233.96499959716866,-12.849913767591977,-19.59824621505587,-59.74797889510697,-2.87438985577041,17.33634567277076,3.7932496677410548,-14.816422375869848,1.2253639495301822,-3.192827071603187,1.4713199867985338
MIROC,MIROC-ES2L,r1i1p1f2,gn,ssp245,2029-04,2029,4,144.82578891404694,224.84585396955492,-92.4902364214956,-269.491022625005,-7.597471760588611,-18.785031710905294,-18.692119634392597,153.85297733527165,209.50018751526287,-103.91349209612389,-257.15609699210785,-7.231252400997411,-15.68121571347275,-20.62889235216735,-9.027188421224707,15.345666454292058,11.423255674628294,-12.334925632897125,-0.36621935959120044,-3.1038159974325445,1.9367727177747547
MIROC,MIROC-ES2L,r1i1p1f2,gn,ssp245,2029-05,2029,5,235.30997570039523,262.60938549466573,-129.33324549584287,-301.9560448560444,-2.947606235191496,-15.003662494595908,48.67880211338631,246.70169500271564,251.0877509758891,-149.22398744547607,-294.09121110661533,-3.5740003779165477,-15.43610176618813,35.4641452824087,-11.39171930232041,11.521634518776636,19.890741949633195,-7.864833749429067,0.6263941427250517,0.43243927159222295,13.21465683097761
MIROC,MIROC-ES2L,r1i1p1f2,gn,ssp245,2029-06,2029,6,264.2672598078407,294.490917636513,-98.93660220791858,-324.60647712901203,-0.47946857404065274,-10.187587447023477,124.54804208635898,262.85967388536494,287.5439359862113,-118.0808217040136,-319.1397551813616,-0.4218753871641016,-12.337941570683821,100.42321602835318,1.4075859224757323,6.946981650301723,19.14421949609502,-5.466721947650456,-0.05759318687655113,2.1503541236603443,24.124826058005794
MIROC,MIROC-ES2L,r1i1p1f2,gn,ssp245,2029-07,2029,7,205.81465579844078,309.9370555787304,-52.47803104428638,-332.1123114300925,0.7506332622766276,-7.273905409516176,124.6380967555528,215.66988252964234,300.5301923815116,-73.02995970405915,-325.46176212074056,0.41270860793022107,-8.39102748653027,109.73003420775422,-9.855226731201554,9.406863197218797,20.55192865977277,-6.650549309351959,0.33792465434640656,1.117122077014094,14.908062547798579
MIROC,MIROC-ES2L,r1i1p1f2,gn,ssp245,2029-08,2029,8,127.13535706774063,308.4126571507433,-22.68188036782507,-334.3765094510437,-0.7061654082614119,-13.671504431698677,64.1119545596551,135.16208166491174,295.50242311597475,-37.03752417522527,-324.68498651157415,-0.464213324470985,-11.852725721887758,56.625055047728296,-8.02672459717111,12.910234034768564,14.355643807400202,-9.691522939469564,-0.24195208379042693,-1.8187787098109194,7.486899511926808
MIROC,MIROC-ES2L,r1i1p1f2,gn,ssp245,2029-09,2029,9,55.17736936843599,291.5182450915929,-9.578803047995246,-326.5885439577007,-4.5496012928761855,-24.35248559021771,-18.373819428760964,61.876713892617204,271.0061090726583,-17.776445273780446,-310.46478726779867,-5.377540528891009,-21.999781321033964,-22.735731426228572,-6.699344524181214,20.512136018934598,8.1976422257852,-16.123756689902052,0.8279392360148234,-2.3527042691837465,4.361911997467608
MIROC,MIROC-ES2L,r1i1p1f2,gn,ssp245,2029-10,2029,10,13.96510846077197,263.4513127354413,-2.9000651916575206,-306.0326187377016,-12.76400258973741,-33.001155641040754,-77.28142096392403,16.046420071477925,235.3408133578954,-5.013446595779057,-280.3624820651788,-13.7920859904137,-26.972101580576677,-74.75288280257493,-2.0813116107059546,28.11049937754592,2.1133814041215366,-25.6701366725228,1.0280834006762891,-6.029054060464077,-2.528538161349104
MIROC,MIROC-ES2L,r1i1p1f2,gn,ssp245,2029-11,2029,11,2.10884443445633,235.26451842555178,-0.4006937761759509,-282.1127610586375,-22.6574661571775,-38.60699576519408,-106.4045538971769,2.2346607690379368,206.07834229409005,-0.5505327509983511,-253.947457668769,-19.443062239311498,-26.85452686931898,-92.48257646526984,-0.1258163345816068,29.186176131461735,0.14983897482240016,-28.165303389868484,-3.214403917866001,-11.752468895875097,-13.921977431907052
MIROC,MIROC-ES2L,r1i1p1f2,gn,ssp245,2029-12,2029,12,0.405805436693869,207.71664096571246,-0.08932344747157149,-259.10972787828797,-22.4072805652277,-31.417352506664944,-104.90123799524585,0.42759843987767737,191.39597646201616,-0.1463149110530818,-238.8125066111832,-20.102744137502,-25.136428982660664,-92.3744197405051,-0.02179300318380839,16.320664503696293,0.05699146358151032,-20.29722126710476,-2.3045364277257008,-6.28092352400428,-12.526818254740746
MIROC,MIROC-ES2L,r1i1p1f2,gn,ssp245,2030-01,2030,1,1.245100133880349,194.08712688026293,-0.5358361262712783,-243.68874720774954,-19.46982139908927,-27.945961543536175,-96.30813926250298,1.312831520498936,184.4046235989899,-0.6504690083046897,-230.4431739194702,-18.324392791067698,-23.303892736152008,-87.00447333550575,-0.06773138661858713,9.682503281273029,0.11463288203341138,-13.245573288279331,-1.1454286080215716,-4.642068807384167,-9.303665926997226
MIROC,MIROC-ES2L,r1i1p1f2,gn,ssp245,2030-02,2030,2,9.898929687898109,193.195707091585,-5.400145859900609,-242.01377541951652,-20.72086040561069,-29.36449876660888,-94.40464367215358,10.134918449794124,183.00233533180176,-5.894508530509232,-227.93396157854312,-16.044463560492623,-21.711650424732266,-78.44733031268136,-0.23598876189601548,10.193371759783247,0.4943626706086235,-14.0798138409734,-4.676396845118067,-7.652848341876613,-15.957313359472224
MIROC,MIROC-ES2L,r1i1p1f2,gn,ssp245,2030-03,2030,3,51.30338510668709,207.87703219024726,-31.922170879843847,-250.54975063630752,-5.450272060743608,-14.565686933165093,-43.307463213125715,54.092806291519665,188.06797862968583,-35.49560423649597,-233.96499959716866,-12.849913767591977,-19.59824621505587,-59.74797889510697,-2.7894211848325767,19.809053560561438,3.5734333566521244,-16.584751039138865,7.399641706848368,5.0325592818907765,16.440515681981253
MIROC,MIROC-ES2L,r1i1p1f2,gn,ssp245,2030-04,2030,4,145.99491556927885,227.09620467388285,-94.240677873117,-270.9152085169712,-4.518696015588115,-13.614210923868644,-10.197673086383261,153.85297733527165,209.50018751526287,-103.91349209612389,-257.15609699210785,-7.231252400997411,-15.68121571347275,-20.62889235216735,-7.858061765992801,17.596017158619986,9.672814223006895,-13.759111524863329,2.712556385409296,2.0670047896041055,10.43121926578409
MIROC,MIROC-ES2L,r1i1p1f2,gn,ssp245,2030-05,2030,5,243.5136622750773,257.0020798217481,-133.23204601967788,-300.58171177720726,-4.550702462990808,-18.999448464213433,43.15183337273601,246.70169500271564,251.0877509758891,-149.22398744547607,-294.09121110661533,-3.5740003779165477,-15.43610176618813,35.4641452824087,-3.18803272763833,5.914328845859018,15.991941425798188,-6.490500670591928,-0.97670208507426,-3.5633466980253026,7.687688090327306
MIROC,MIROC-ES2L,r1i1p1f2,gn,ssp245,2030-06,2030,6,261.5669819058593,293.5709196039312,-100.33016102376239,-323.7606121451479,-0.3926415256488719,-10.962382813167263,119.69210400206404,262.85967388536494,287.5439359862113,-118.0808217040136,-319.1397551813616,-0.4218753871641016,-12.337941570683821,100.42321602835318,-1.292691979505662,6.026983617719907,17.750660680251215,-4.620856963786309,0.02923386151522972,1.3755587575165578,19.26888797371086
MIROC,MIROC-ES2L,r1i1p1f2,gn,ssp245,2030-07,2030,7,201.12133748652028,310.4699596453096,-53.213312187117616,-331.88732155434576,0.6518657937247482,-7.7817524069537525,119.36077677713747,215.66988252964234,300.5301923815116,-73.02995970405915,-325.46176212074056,0.41270860793022107,-8.39102748653027,109.73003420775422,-14.548545043122061,9.93976726379799,19.816647516941536,-6.425559433605201,0.2391571857945271,0.6092750795765172,9.630742569383258
MIROC,MIROC-ES2L,r1i1p1f2,gn,ssp245,2030-08,2030,8,126.80145904368275,307.0490228581448,-23.688609225809184,-333.2388694014578,-0.24382147458060827,-13.472937666210404,63.206244133769566,135.16208166491174,295.50242311597475,-37.03752417522527,-324.68498651157415,-0.464213324470985,-11.852725721887758,56.625055047728296,-8.360622621228984,11.54659974217003,13.348914949416088,-8.553882889883653,0.22039184989037675,-1.6202119443226461,6.58118908604127
MIROC,MIROC-ES2L,r1i1p1f2,gn,ssp245,2030-09,2030,9,58.39457718178899,285.63327955778607,-10.731649543189821,-324.724363117774,-5.098555167919923,-25.61532870345932,-22.142039792767978,61.876713892617204,271.0061090726583,-17.776445273780446,-310.46478726779867,-5.377540528891009,-21.999781321033964,-22.735731426228572,-3.4821367108282146,14.627170485127749,7.044795730590625,-14.259575849975306,0.2789853609710864,-3.615547382425355,0.593691633460594
MIROC,MIROC-ES2L,r1i1p1f2,gn,ssp245,2030-10,2030,10,14.901613929824824,254.89691177096486,-3.2448351628375964,-302.0043308376911,-13.765588032261926,-34.11881165271565,-83.33503998471659,16.046420071477925,235.3408133578954,-5.013446595779057,-280.3624820651788,-13.7920859904137,-26.972101580576677,-74.75288280257493,-1.1448061416531008,19.556098413069464,1.7686114329414608,-21.641848772512276,0.026497958151773915,-7.146710072138973,-8.582157182141657
MIROC,MIROC-ES2L,r1i1p1f2,gn,ssp245,2030-11,2030,11,2.0294173452523734,229.0625668667424,-0.4091332509838626,-275.5204828421033,-16.244993961935243,-28.1163633524235,-89.19898919545116,2.2346607690379368,206.07834229409005,-0.5505327509983511,-253.947457668769,-19.443062239311498,-26.85452686931898,-92.48257646526984,-0.20524342378556337,22.98422457265235,0.14139950001448848,-21.573025173334315,3.1980682773762545,-1.2618364831045206,3.283587269818682
MIROC,MIROC-ES2L,r1i1p1f2,gn,ssp245,2030-12,2030,12,0.38034676862153227,207.74130890176673,-0.092311701925304,-256.1381763294815,-24.48649204612808,-31.45011716112096,-104.04544156826756,0.42759843987767737,191.39597646201616,-0.1463149110530818,-238.8125066111832,-20.102744137502,-25.136428982660664,-92.3744197405051,-0.0472516712561451,16.345332439750564,0.05400320912777781,-17.325669718298286,-4.383747908626081,-6.313688178460296,-11.671021827762459
MIROC,MIROC-ES2L,r1i1p1f2,gn,ssp245,2031-01,2031,1,1.1733078372692596,204.18203769455687,-0.5018972297611582,-249.36520771943498,-16.91506771517558,-23.000279870712134,-84.42710700325775,1.312831520498936,184.4046235989899,-0.6504690083046897,-230.4431739194702,-18.324392791067698,-23.303892736152008,-87.00447333550575,-0.13952368322967645,19.777414095566968,0.14857177854353143,-18.922033799964765,1.4093250758921165,0.30361286543987376,2.5773663322480047
MIROC,MIROC-ES2L,r1i1p1f2,gn,ssp245,2031-02,2031,2,9.75878782712875,192.919216306674,-5.3837030636316,-239.87446556316914,-15.894073750190824,-24.061281462669903,-82.53551970585872,10.134918449794124,183.00233533180176,-5.894508530509232,-227.93396157854312,-16.044463560492623,-21.711650424732266,-78.44733031268136,-0.3761306226653751,9.916880974872242,0.5108054668776321,-11.94050398462602,0.15038981030179954,-2.3496310379376375,-4.088189393177359
MIROC,MIROC-ES2L,r1i1p1f2,gn,ssp245,2031-03,2031,3,51.81964306105929,198.08473301978825,-32.67905133287528,-244.75243643020784,-12.329054699809008,-20.849375205672338,-60.70554158771693,54.092806291519665,188.06797862968583,-35.49560423649597,-233.96499959716866,-12.849913767591977,-19.59824621505587,-59.74797889510697,-2.2731632304603764,10.01675439010242,2.816552903620689,-10.78743683303918,0.5208590677829683,-1.2511289906164684,-0.9575626926099616
MIROC,MIROC-ES2L,r1i1p1f2,gn,ssp245,2031-04,2031,4,147.92070858869656,222.7269328346284,-93.90191036228015,-269.5937857967747,-9.136128399998267,-18.7162536217763,-20.70043675750444,153.85297733527165,209.50018751526287,-103.91349209612389,-257.15609699210785,-7.231252400997411,-15.68121571347275,-20.62889235216735,-5.93226874657509,13.226745319365534,10.011581733843741,-12.437688804666834,-1.904875999000856,-3.0350379083035506,-0.0715444053370895
MIROC,MIROC-ES2L,r1i1p1f2,gn,ssp245,2031-05,2031,5,235.7134674437931,263.6482673759192,-124.0239515690591,-304.7746922004588,-2.9544795384181337,-16.728560635346764,50.880050876429536,246.70169500271564,251.0877509758891,-149.22398744547607,-294.09121110661533,-3.5740003779165477,-15.43610176618813,35.4641452824087,-10.988227558922546,12.56051640003011,25.200035876416976,-10.683481093843454,0.619520839498414,-1.292458869158633,15.415905594020835
MIROC,MIROC-ES2L,r1i1p1f2,gn,ssp245,2031-06,2031,6,249.27920881175385,295.62901411375486,-95.16051254535975,-323.5854788760991,0.2185768627784573,-10.546380905041064,115.83442746178717,262.85967388536494,287.5439359862113,-118.0808217040136,-319.1397551813616,-0.4218753871641016,-12.337941570683821,100.42321602835318,-13.580465073611094,8.085078127543568,22.92030915865385,-4.445723694737524,0.6404522499425589,1.7915606656427574,15.41121143343399
MIROC,MIROC-ES2L,r1i1p1f2,gn,ssp245,2031-07,2031,7,197.54177356392645,309.49150998322,-50.134416400244945,-330.9372397406068,0.307470633176868,-7.827849837860069,118.44124820161146,215.66988252964234,300.5301923815116,-73.02995970405915,-325.46176212074056,0.41270860793022107,-8.39102748653027,109.73003420775422,-18.12810896571588,8.961317601708402,22.895543303814208,-5.47547761986624,-0.10523797475335306,0.5631776486702007,8.711213993857243
MIROC,MIROC-ES2L,r1i1p1f2,gn,ssp245,2031-08,2031,8,127.61831068905073,304.6989492489369,-24.259484008571384,-332.7835077175,-0.5024850609567796,-11.980204590055065,62.79157856090434,135.16208166491174,295.50242311597475,-37.03752417522527,-324.68498651157415,-0.464213324470985,-11.852725721887758,56.625055047728296,-7.543770975861008,9.196526132962163,12.778040166653888,-8.098521205925863,-0.03827173648579457,-0.1274788681673069,6.166523513176045
MIROC,MIROC-ES2L,r1i1p1f2,gn,ssp245,2031-09,2031,9,58.650367619917965,284.17666317745926,-11.857396815059534,-324.00949354577654,-5.4725873475360025,-27.306578462512693,-25.81902537350753,61.876713892617204,271.0061090726583,-17.776445273780446,-310.46478726779867,-5.377540528891009,-21.999781321033964,-22.735731426228572,-3.2263462726992387,13.170554104800942,5.919048458720912,-13.544706277977866,-0.09504681864499354,-5.306797141478729,-3.083293947278957
MIROC,MIROC-ES2L,r1i1p1f2,gn,ssp245,2031-10,2031,10,15.26435168351808,257.9228856062932,-3.5674465895088865,-302.7397806522315,-13.182602955188159,-33.22374074201146,-79.5263336491287,16.046420071477925,235.3408133578954,-5.013446595779057,-280.3624820651788,-13.7920859904137,-26.972101580576677,-74.75288280257493,-0.7820683879598445,22.58207224839782,1.4460000062701708,-22.377298587052678,0.6094830352255407,-6.251639161434781,-4.7734508465537715
MIROC,MIROC-ES2L,r1i1p1f2,gn,ssp245,2031-11,2031,11,2.1811758271286825,230.38398050928473,-0.4300851534463432,-279.13951385470887,-17.339166428771275,-30.83890342593984,-95.18251252645294,2.2346607690379368,206.07834229409005,-0.5505327509983511,-253.947457668769,-19.443062239311498,-26.85452686931898,-92.48257646526984,-0.053484941909254236,24.305638215194676,0.1204475975520079,-25.19205618593986,2.103895810540223,-3.984376556620859,-2.699936061183095
MIROC,MIROC-ES2L,r1i1p1f2,gn,ssp245,2031-12,2031,12,0.37455144905390697,207.14092154085614,-0.09614441979622325,-256.18555184012286,-21.4807370119204,-28.937861030763816,-99.18482131269323,0.42759843987767737,191.39597646201616,-0.1463149110530818,-238.8125066111832,-20.102744137502,-25.136428982660664,-92.3744197405051,-0.0530469908237704,15.744945078839976,0.05017049125685856,-17.373045228939645,-1.3779928744183998,-3.801432048103152,-6.810401572188127
MIROC,MIROC-ES2L,r1i1p1f2,gn,ssp245,2032-01,2032,1,1.1878425426491332,204.95855098138853,-0.5029778838346777,-250.4049367682747,-18.201391573636023,-26.429174338787256,-89.39208704049501,1.312831520498936,184.4046235989899,-0.6504690083046897,-230.4431739194702,-18.324392791067698,-23.303892736152008,-87.00447333550575,-0.12498897784980278,20.553927382398626,0.147491124470012,-19.961762848804483,0.1230012174316748,-3.1252816026352477,-2.3876137049892634
MIROC,MIROC-ES2L,r1i1p1f2,gn,ssp245,2032-02,2032,2,9.757480606705451,206.02553102760945,-4.888213899552161,-251.21105663663607,-15.741578797848293,-24.269265456918202,-80.32710315663984,10.134918449794124,183.00233533180176,-5.894508530509232,-227.93396157854312,-16.044463560492623,-21.711650424732266,-78.44733031268136,-0.3774378430886731,23.023195695807686,1.006294630957071,-23.277095058092954,0.3028847626443305,-2.557615032185936,-1.8797728439584773
MIROC,MIROC-ES2L,r1i1p1f2,gn,ssp245,2032-03,2032,3,51.4022191974638,204.83258244212857,-30.87649497206444,-251.25966170212234,-15.039264047174376,-25.419210658548927,-66.35982974031772,54.092806291519665,188.06797862968583,-35.49560423649597,-233.96499959716866,-12.849913767591977,-19.59824621505587,-59.74797889510697,-2.6905870940558643,16.764603812442743,4.619109264431533,-17.294662104953687,-2.189350279582399,-5.820964443493057,-6.611850845210753
MIROC,MIROC-ES2L,r1i1p1f2,gn,ssp245,2032-04,2032,4,146.07367631085654,222.41657260464967,-92.24433744776923,-269.8240313359887,-8.051219625225869,-19.98532905776629,-21.614668551243906,153.85297733527165,209.50018751526287,-103.91349209612389,-257.15609699210785,-7.231252400997411,-15.68121571347275,-20.62889235216735,-7.779301024415105,12.916385089386807,11.669154648354663,-12.667934343880859,-0.8199672242284581,-4.30411334429354,-0.9857761990765539
MIROC,MIROC-ES2L,r1i1p1f2,gn,ssp245,2032-05,2032,5,224.65498253709478,269.0679817081761,-118.28813519864119,-306.2030878896809,-1.454721952058906,-14.56142893272642,53.2155902721635,246.70169500271564,251.0877509758891,-149.22398744547607,-294.09121110661533,-3.5740003779165477,-15.43610176618813,35.4641452824087,-22.046712465620857,17.980230732286998,30.935852246834884,-12.111876783065554,2.1192784258576416,0.8746728334617107,17.751444989754802
MIROC,MIROC-ES2L,r1i1p1f2,gn,ssp245,2032-06,2032,6,241.16481882680603,296.2721312195904,-88.94448637332047,-322.84192286299697,0.5702297624306912,-9.66421323104401,116.55655734146562,262.85967388536494,287.5439359862113,-118.0808217040136,-319.1397551813616,-0.4218753871641016,-12.337941570683821,100.42321602835318,-21.694855058558915,8.728195233379097,29.13633533069313,-3.7021676816353875,0.9921051495947928,2.67372833963981,16.13334131311244
MIROC,MIROC-ES2L,r1i1p1f2,gn,ssp245,2032-07,2032,7,201.87594982526102,307.6457080199253,-52.15215133595782,-330.2951157221715,-0.27909389128307993,-9.887376717356759,116.90792017841714,215.66988252964234,300.5301923815116,-73.02995970405915,-325.46176212074056,0.41270860793022107,-8.39102748653027,109.73003420775422,-13.79393270438132,7.115515638413683,20.877808368101334,-4.833353601430929,-0.691802499213301,-1.496349230826489,7.177885970662928
MIROC,MIROC-ES2L,r1i1p1f2,gn,ssp245,2032-08,2032,8,125.17963236540055,306.1888544240524,-22.112392646539863,-332.17442591003896,-0.1163412543528433,-11.64575599497198,65.31957098354928,135.16208166491174,295.50242311597475,-37.03752417522527,-324.68498651157415,-0.464213324470985,-11.852725721887758,56.625055047728296,-9.982449299511188,10.686431308077658,14.925131528685409,-7.48943939846481,0.3478720701181417,0.2069697269157782,8.694515935820988
MIROC,MIROC-ES2L,r1i1p1f2,gn,ssp245,2032-09,2032,9,57.0020973930516,289.6683509521653,-10.317133729307015,-325.323511535212,-3.6628969989538485,-21.674995474616427,-14.30808939287233,61.876713892617204,271.0061090726583,-17.776445273780446,-310.46478726779867,-5.377540528891009,-21.999781321033964,-22.735731426228572,-4.8746164995656045,18.662241879507008,7.459311544473431,-14.858724267413322,1.7146435299371605,0.32478584641753727,8.427642033356243
MIROC,MIROC-ES2L,r1i1p1f2,gn,ssp245,2032-10,2032,10,15.12277228824439,259.84391674800037,-3.335585249900288,-304.02884965762837,-12.234540249388527,-30.369519299982485,-75.00180542065493,16.046420071477925,235.3408133578954,-5.013446595779057,-280.3624820651788,-13.7920859904137,-26.972101580576677,-74.75288280257493,-0.9236477832335357,24.503103390104968,1.6778613458787692,-23.666367592449546,1.557545741025173,-3.3974177194058086,-0.2489226180800017
MIROC,MIROC-ES2L,r1i1p1f2,gn,ssp245,2032-11,2032,11,2.192311216082619,232.2612105347258,-0.4400633751093286,-278.75315048437795,-18.098632449697135,-29.26710129071717,-92.10542584909317,2.2346607690379368,206.07834229409005,-0.5505327509983511,-253.947457668769,-19.443062239311498,-26.85452686931898,-92.48257646526984,-0.042349552955317726,26.18286824063574,0.1104693758890225,-24.80569281560895,1.344429789614363,-2.4125744213981903,0.377150616176678
MIROC,MIROC-ES2L,r1i1p1f2,gn,ssp245,2032-12,2032,12,0.3784493413661323,216.87203155455842,-0.0893673546377484,-263.7658451662948,-19.2890145638218,-30.260768946830318,-96.15451513566015,0.42759843987767737,191.39597646201616,-0.1463149110530818,-238.8125066111832,-20.102744137502,-25.136428982660664,-92.3744197405051,-0.049149098511545086,25.476055092542254,0.0569475564153334,-24.9533385551116,0.8137295736801988,-5.124339964169653,-3.780095395155044
MIROC,MIROC-ES2L,r1i1p1f2,gn,ssp245,2033-01,2033,1,1.2334244110860981,199.78075966366006,-0.5716426369421279,-246.1290878107091,-18.068236729556105,-24.265543915033735,-88.0203270174949,1.312831520498936,184.4046235989899,-0.6504690083046897,-230.4431739194702,-18.324392791067698,-23.303892736152008,-87.00447333550575,-0.0794071094128379,15.376136064670163,0.07882637136256176,-15.685913891238897,0.256156061511593,-0.961651178881727,-1.0158536819891566
MIROC,MIROC-ES2L,r1i1p1f2,gn,ssp245,2033-02,2033,2,9.704513918507764,195.9684452907872,-5.342887422480607,-241.08696400590833,-15.691908013788959,-22.566695741886672,-79.0154959747696,10.134918449794124,183.00233533180176,-5.894508530509232,-227.93396157854312,-16.044463560492623,-21.711650424732266,-78.44733031268136,-0.43040453128636,12.966109958985442,0.5516211080286251,-13.153002427365209,0.3525555467036643,-0.8550453171544063,-0.5681656620882478
MIROC,MIROC-ES2L,r1i1p1f2,gn,ssp245,2033-03,2033,3,52.51753467652851,200.43230452699896,-32.687253198468945,-246.2297557261258,-8.766362069758577,-17.40179457376658,-52.13532636459244,54.092806291519665,188.06797862968583,-35.49560423649597,-233.96499959716866,-12.849913767591977,-19.59824621505587,-59.74797889510697,-1.575271614991152,12.364325897313137,2.808351038027027,-12.264756128957146,4.0835516978334,2.19645164128929,7.612652530514531
MIROC,MIROC-ES2L,r1i1p1f2,gn,ssp245,2033-04,2033,4,143.0730636820028,229.82948163718072,-89.80417099441304,-273.356192352631,-6.597823274021992,-16.476223540402813,-13.331864842285285,153.85297733527165,209.50018751526287,-103.91349209612389,-257.15609699210785,-7.231252400997411,-15.68121571347275,-20.62889235216735,-10.779913653268835,20.329294121917854,14.109321101710847,-16.200095360523164,0.6334291269754191,-0.795007826930064,7.297027509882067
MIROC,MIROC-ES2L,r1i1p1f2,gn,ssp245,2033-05,2033,5,226.2389439954509,270.7438274043663,-119.93243773884217,-307.4982995231404,-2.9496806030840124,-17.949557275896318,48.652796258854316,246.70169500271564,251.0877509758891,-149.22398744547607,-294.09121110661533,-3.5740003779165477,-15.43610176618813,35.4641452824087,-20.46275100726473,19.656076428477206,29.2915497066339,-13.407088416525085,0.6243197748325353,-2.513455509708187,13.188650976445615
MIROC,MIROC-ES2L,r1i1p1f2,gn,ssp245,2033-06,2033,6,256.6559554654258,295.2801596958092,-95.67983141676675,-323.3772800303832,-0.06160903133126203,-13.463069104308271,119.35432557844545,262.85967388536494,287.5439359862113,-118.0808217040136,-319.1397551813616,-0.4218753871641016,-12.337941570683821,100.42321602835318,-6.20371841993915,7.73622370959788,22.400990287246856,-4.237524849021611,0.36026635583283956,-1.1251275336244504,18.931109550092273
MIROC,MIROC-ES2L,r1i1p1f2,gn,ssp245,2033-07,2033,7,208.18516640164094,307.202418866611,-52.34391016497143,-330.4590048604719,0.5323684075403151,-8.140448160484395,124.97659048986458,215.66988252964234,300.5301923815116,-73.02995970405915,-325.46176212074056,0.41270860793022107,-8.39102748653027,109.73003420775422,-7.484716128001395,6.672226485099429,20.68604953908772,-4.997242739731348,0.11965979961009404,0.25057932604587485,15.246556282110362
MIROC,MIROC-ES2L,r1i1p1f2,gn,ssp245,2033-08,2033,8,125.41258275820165,307.29166341541094,-22.25820545543349,-332.8044960591555,-0.7948723091332732,-12.057006116867225,64.78966623302313,135.16208166491174,295.50242311597475,-37.03752417522527,-324.68498651157415,-0.464213324470985,-11.852725721887758,56.625055047728296,-9.749498906710087,11.789240299436187,14.779318719791782,-8.119509547581345,-0.3306589846622882,-0.2042803949794667,8.16461118529483
MIROC,MIROC-ES2L,r1i1p1f2,gn,ssp245,2033-09,2033,9,56.25920913190028,290.28151282240333,-9.149209875113856,-326.1354295891927,-3.8157309735827982,-20.791320858682543,-13.350969342268314,61.876713892617204,271.0061090726583,-17.776445273780446,-310.46478726779867,-5.377540528891009,-21.999781321033964,-22.735731426228572,-5.617504760716926,19.27540374974501,8.62723539866659,-15.670642321394041,1.5618095553082108,1.2084604623514217,9.384762083960258
MIROC,MIROC-ES2L,r1i1p1f2,gn,ssp245,2033-10,2033,10,14.461106274844909,262.8046736428799,-2.558642345835739,-308.0960623813167,-15.239860284015343,-37.11593903635476,-85.74472412979773,16.046420071477925,235.3408133578954,-5.013446595779057,-280.3624820651788,-13.7920859904137,-26.972101580576677,-74.75288280257493,-1.5853137966330166,27.46386028498449,2.4548042499433183,-27.733580316137875,-1.4477742936016433,-10.143837455778083,-10.9918413272228
MIROC,MIROC-ES2L,r1i1p1f2,gn,ssp245,2033-11,2033,11,2.101092638782721,240.34031573467914,-0.40932815308253817,-285.19126193839804,-18.671650739676533,-32.0306945868918,-93.86152704458705,2.2346607690379368,206.07834229409005,-0.5505327509983511,-253.947457668769,-19.443062239311498,-26.85452686931898,-92.48257646526984,-0.13356813025521586,34.26197344058909,0.1412045979158129,-31.243804269629038,0.771411499634965,-5.176167717572817,-1.3789505793172054
MIROC,MIROC-ES2L,r1i1p1f2,gn,ssp245,2033-12,2033,12,0.37736038464917415,212.53303109905923,-0.08193929723162219,-261.28375623450137,-21.551785860902108,-30.396106565729315,-100.40319647465601,0.42759843987767737,191.39597646201616,-0.1463149110530818,-238.8125066111832,-20.102744137502,-25.136428982660664,-92.3744197405051,-0.05023805522850322,21.137054637043065,0.06437561382145962,-22.47124962331816,-1.4490417234001072,-5.259677583068651,-8.02877673415091
MIROC,MIROC-ES2L,r1i1p1f2,gn,ssp245,2034-01,2034,1,1.2648987258924522,199.85206801539982,-0.5222515771843145,-250.61240978061403,-23.969184808767604,-31.880725892494386,-105.86760531776804,1.312831520498936,184.4046235989899,-0.6504690083046897,-230.4431739194702,-18.324392791067698,-23.303892736152008,-87.00447333550575,-0.04793279460648381,15.447444416409922,0.1282174311203752,-20.169235861143818,-5.644792017699906,-8.576833156342378,-18.86313198226229
MIROC,MIROC-ES2L,r1i1p1f2,gn,ssp245,2034-02,2034,2,9.751970717694125,193.28665088187034,-5.1885509123859945,-242.3982256247936,-20.519442081299744,-28.317061089438745,-93.38465810835365,10.134918449794124,183.00233533180176,-5.894508530509232,-227.93396157854312,-16.044463560492623,-21.711650424732266,-78.44733031268136,-0.3829477320999999,10.284315550068584,0.7059576181232377,-14.464264046250491,-4.47497852080712,-6.605410664706479,-14.937327795672289
MIROC,MIROC-ES2L,r1i1p1f2,gn,ssp245,2034-03,2034,3,50.98567079001032,201.52256116314516,-30.777816655077263,-250.2179327450057,-16.428644993166166,-26.48639342485185,-71.4025558649455,54.092806291519665,188.06797862968583,-35.49560423649597,-233.96499959716866,-12.849913767591977,-19.59824621505587,-59.74797889510697,-3.1071355015093474,13.45458253345933,4.717787581418708,-16.25293314783704,-3.57873122557419,-6.8881472097959815,-11.65457696983853
MIROC,MIROC-ES2L,r1i1p1f2,gn,ssp245,2034-04,2034,4,145.70576500490418,224.90138912329198,-90.04237065937397,-271.1369853143386,-6.885624354963716,-18.444846885525354,-15.902673086005489,153.85297733527165,209.50018751526287,-103.91349209612389,-257.15609699210785,-7.231252400997411,-15.68121571347275,-20.62889235216735,-8.147212330367466,15.401201608029112,13.871121436749917,-13.980888322230726,0.3456280460336947,-2.7636311720526052,4.726219266161863
MIROC,MIROC-ES2L,r1i1p1f2,gn,ssp245,2034-05,2034,5,237.94715404625128,261.10430010816424,-126.02705621326541,-302.25483372610705,-4.846121586832024,-18.50796024594891,47.415482382262155,246.70169500271564,251.0877509758891,-149.22398744547607,-294.09121110661533,-3.5740003779165477,-15.43610176618813,35.4641452824087,-8.754540956464353,10.016549132275145,23.19693123221066,-8.163622619491719,-1.2721212089154763,-3.071858479760781,11.951337099853454
MIROC,MIROC-ES2L,r1i1p1f2,gn,ssp245,2034-06,2034,6,249.92781511598037,293.01765027856044,-95.40567934924668,-323.28348733160874,-0.61142903447572,-12.10473444732898,111.54013523188075,262.85967388536494,287.5439359862113,-118.0808217040136,-319.1397551813616,-0.4218753871641016,-12.337941570683821,100.42321602835318,-12.931858769384576,5.473714292349143,22.67514235476692,-4.1437321502471605,-0.18955364731161833,0.23320712335484117,11.116919203527573
MIROC,MIROC-ES2L,r1i1p1f2,gn,ssp245,2034-07,2034,7,199.990237672145,309.11936378398576,-52.36792058015348,-330.96447329953776,1.4545246202209043,-7.234838410833235,119.99689378582721,215.66988252964234,300.5301923815116,-73.02995970405915,-325.46176212074056,0.41270860793022107,-8.39102748653027,109.73003420775422,-15.679644857497323,8.589171402474165,20.66203912390567,-5.502711178797199,1.0418160122906832,1.1561890756970348,10.266859578072996
MIROC,MIROC-ES2L,r1i1p1f2,gn,ssp245,2034-08,2034,8,123.49023616406605,306.5410262411336,-22.886677793877908,-333.0717925527802,-0.5136506871789023,-13.121969528760694,60.43717184260196,135.16208166491174,295.50242311597475,-37.03752417522527,-324.68498651157415,-0.464213324470985,-11.852725721887758,56.625055047728296,-11.671845500845691,11.03860312515883,14.150846381347364,-8.386806041206057,-0.049437362707917265,-1.269243806872936,3.812116794873667
MIROC,MIROC-ES2L,r1i1p1f2,gn,ssp245,2034-09,2034,9,56.61709314851715,288.2447682980312,-9.858759026843195,-326.2009860428128,-4.987273515601662,-27.482883922738402,-23.66804106144772,61.876713892617204,271.0061090726583,-17.776445273780446,-310.46478726779867,-5.377540528891009,-21.999781321033964,-22.735731426228572,-5.259620744100054,17.238659225372885,7.917686246937251,-15.736198775014145,0.3902670132893471,-5.483102601704438,-0.9323096352191484
MIROC,MIROC-ES2L,r1i1p1f2,gn,ssp245,2034-10,2034,10,15.053196011691883,262.8504373205743,-2.616923157024406,-307.912346731107,-13.597683649448488,-34.31619691106807,-80.53951711638175,16.046420071477925,235.3408133578954,-5.013446595779057,-280.3624820651788,-13.7920859904137,-26.972101580576677,-74.75288280257493,-0.9932240597860424,27.509623962678916,2.3965234387546515,-27.54986466592817,0.1944023409652118,-7.344095330491392,-5.786634313806815
MIROC,MIROC-ES2L,r1i1p1f2,gn,ssp245,2034-11,2034,11,2.2301171487047395,226.87384168087448,-0.4227553818797246,-278.87127274280255,-22.745685580996106,-35.11025710818028,-108.04601198427942,2.2346607690379368,206.07834229409005,-0.5505327509983511,-253.947457668769,-19.443062239311498,-26.85452686931898,-92.48257646526984,-0.004543620333197218,20.795499386784428,0.12777736911862647,-24.92381507403354,-3.3026233416846082,-8.255730238861297,-15.563435519009573
MIROC,MIROC-ES2L,r1i1p1f2,gn,ssp245,2034-12,2034,12,0.35749682922849313,218.97483240810885,-0.06669539346995719,-265.2388366394698,-13.961538669841886,-24.331833650268084,-84.26657511571239,0.42759843987767737,191.39597646201616,-0.1463149110530818,-238.8125066111832,-20.102744137502,-25.136428982660664,-92.3744197405051,-0.07010161064918424,27.578855946092688,0.07961951758312462,-26.4263300282866,6.141205467660114,0.8045953323925801,8.107844624792719
MIROC,MIROC-ES2L,r1i1p1f2,gn,ssp245,2035-01,2035,1,1.19352093822846,208.54253138301428,-0.4349553026769361,-252.95303184716707,-17.83382044034043,-25.484099416956454,-86.96985468589816,1.312831520498936,184.4046235989899,-0.6504690083046897,-230.4431739194702,-18.324392791067698,-23.303892736152008,-87.00447333550575,-0.11931058227047608,24.137907784024378,0.21551370562775357,-22.509857927696856,0.4905723507272697,-2.180206680804446,0.03461864960759442
MIROC,MIROC-ES2L,r1i1p1f2,gn,ssp245,2035-02,2035,2,9.16565728893661,201.0311562905264,-4.65825506644838,-243.7945199227914,-12.493243853769295,-18.173745746541346,-68.92295101008742,10.134918449794124,183.00233533180176,-5.894508530509232,-227.93396157854312,-16.044463560492623,-21.711650424732266,-78.44733031268136,-0.9692611608575152,18.02882095872465,1.2362534640608525,-15.86055834424829,3.5512197067233284,3.5379046781909196,9.524379302593942
MIROC,MIROC-ES2L,r1i1p1f2,gn,ssp245,2035-03,2035,3,51.72779368646122,205.2923300989743,-30.668064918164596,-249.67848114024855,-13.064325120392605,-22.12984426047923,-58.52059165384943,54.092806291519665,188.06797862968583,-35.49560423649597,-233.96499959716866,-12.849913767591977,-19.59824621505587,-59.74797889510697,-2.365012605058446,17.22435146928848,4.827539318331375,-15.713481543079894,-0.21441135280062795,-2.5315980454233618,1.2273872412575386
MIROC,MIROC-ES2L,r1i1p1f2,gn,ssp245,2035-04,2035,4,148.15069683734112,222.2613813704027,-93.35727479963909,-267.1513367420464,-5.96864197259419,-12.963818650046829,-9.028993956582712,153.85297733527165,209.50018751526287,-103.91349209612389,-257.15609699210785,-7.231252400997411,-15.68121571347275,-20.62889235216735,-5.702280497930531,12.761193855139823,10.556217296484803,-9.995239749938548,1.262610428403221,2.7173970634259206,11.59989839558464
MIROC,MIROC-ES2L,r1i1p1f2,gn,ssp245,2035-05,2035,5,237.20767237434458,261.1758553122012,-126.82853925945044,-303.77092705409586,-4.575541984607087,-18.454179418139304,44.754339970253085,246.70169500271564,251.0877509758891,-149.22398744547607,-294.09121110661533,-3.5740003779165477,-15.43610176618813,35.4641452824087,-9.494022628371056,10.088104336312085,22.395448186025632,-9.679715947480531,-1.0015416066905392,-3.018077651951174,9.290194687844384
MIROC,MIROC-ES2L,r1i1p1f2,gn,ssp245,2035-06,2035,6,255.62587312088553,293.71096471853565,-96.43706631802654,-323.1873871191563,0.053884456776561444,-11.985337010754805,117.78093184826004,262.85967388536494,287.5439359862113,-118.0808217040136,-319.1397551813616,-0.4218753871641016,-12.337941570683821,100.42321602835318,-7.233800764479412,6.167028732324354,21.643755385987063,-4.047631937794733,0.47575984394066306,0.3526045599290164,17.357715819906858
MIROC,MIROC-ES2L,r1i1p1f2,gn,ssp245,2035-07,2035,7,203.95420105868388,307.61893423343554,-51.179112825306866,-330.2299630151335,0.8190382325018868,-8.344658560953478,122.63843912322754,215.66988252964234,300.5301923815116,-73.02995970405915,-325.46176212074056,0.41270860793022107,-8.39102748653027,109.73003420775422,-11.715681470958458,7.088741851923942,21.850846878752286,-4.768200894392919,0.4063296245716657,0.0463689255767914,12.908404915473326
MIROC,MIROC-ES2L,r1i1p1f2,gn,ssp245,2035-08,2035,8,119.95818226468263,308.1819950434685,-20.055758522168627,-333.2822383360897,-0.3080869898529356,-11.941169132373595,62.5529243276663,135.16208166491174,295.50242311597475,-37.03752417522527,-324.68498651157415,-0.464213324470985,-11.852725721887758,56.625055047728296,-15.203899400229105,12.679571927493726,16.981765653056645,-8.597251824515524,0.15612633461804942,-0.08844341048583715,5.927869279938001
MIROC,MIROC-ES2L,r1i1p1f2,gn,ssp245,2035-09,2035,9,55.7755155371303,289.57867851366694,-9.416581902191398,-326.08852535648646,-3.1709406330762895,-23.758106370098258,-17.079960211055194,61.876713892617204,271.0061090726583,-17.776445273780446,-310.46478726779867,-5.377540528891009,-21.999781321033964,-22.735731426228572,-6.1011983554869005,18.572569441008625,8.359863371589048,-15.623738088687787,2.2065998958147195,-1.7583250490642932,5.655771215173377
MIROC,MIROC-ES2L,r1i1p1f2,gn,ssp245,2035-10,2035,10,14.571321210559821,261.7382186176742,-2.8081825958731095,-306.23178974715734,-12.048409938764152,-30.011843379298078,-74.79068583285868,16.046420071477925,235.3408133578954,-5.013446595779057,-280.3624820651788,-13.7920859904137,-26.972101580576677,-74.75288280257493,-1.475098860918104,26.397405259778793,2.205263999905948,-25.869307681978512,1.7436760516495475,-3.0397417987214013,-0.037803030283754424
MIROC,MIROC-ES2L,r1i1p1f2,gn,ssp245,2035-11,2035,11,2.1498333958694005,230.75848960240035,-0.4154248101166353,-282.1406788515908,-23.44972994897481,-36.90884485357942,-110.0063554659919,2.2346607690379368,206.07834229409005,-0.5505327509983511,-253.947457668769,-19.443062239311498,-26.85452686931898,-92.48257646526984,-0.08482737316853628,24.680147308310296,0.1351079408817158,-28.193221182821787,-4.006667709663311,-10.054317984260436,-17.523779000722058
MIROC,MIROC-ES2L,r1i1p1f2,gn,ssp245,2035-12,2035,12,0.3858149398290286,214.74938945377056,-0.08872762536678339,-263.2861622410714,-20.37074982592373,-29.33575004965133,-97.94618534841362,0.42759843987767737,191.39597646201616,-0.1463149110530818,-238.8125066111832,-20.102744137502,-25.136428982660664,-92.3744197405051,-0.04178350004864878,23.353412991754396,0.05758728568629842,-24.473655629888185,-0.2680056884217308,-4.199321066990667,-5.571765607908517
MIROC,MIROC-ES2L,r1i1p1f2,gn,ssp245,2036-01,2036,1,1.1328015044181756,195.09801543355977,-0.45145288907639025,-245.9092694682286,-24.77456809526951,-29.589428634227446,-104.49390214882399,1.312831520498936,184.4046235989899,-0.6504690083046897,-230.4431739194702,-18.324392791067698,-23.303892736152008,-87.00447333550575,-0.1800300160807604,10.693391834569866,0.19901611922829943,-15.466095548758375,-6.450175304201814,-6.2855358980754374,-17.48942881331824
MIROC,MIROC-ES2L,r1i1p1f2,gn,ssp245,2036-02,2036,2,9.256055487350233,199.9779291787215,-5.046614209394314,-245.64938549931668,-20.367032246318043,-29.466621926052735,-91.29566921501004,10.134918449794124,183.00233533180176,-5.894508530509232,-227.93396157854312,-16.044463560492623,-21.711650424732266,-78.44733031268136,-0.8788629624438915,16.975593846919736,0.8478943211149179,-17.71542392077356,-4.32256868582542,-7.754971501320469,-12.848338902328678
MIROC,MIROC-ES2L,r1i1p1f2,gn,ssp245,2036-03,2036,3,50.44406029353814,209.3653318333997,-30.77728710221553,-252.94764853694986,-13.176134631570697,-22.179374767760972,-59.27105291155921,54.092806291519665,188.06797862968583,-35.49560423649597,-233.96499959716866,-12.849913767591977,-19.59824621505587,-59.74797889510697,-3.6487459979815213,21.297353203713868,4.71831713428044,-18.9826489397812,-0.32622086397872074,-2.5811285527051027,0.4769259835477584
MIROC,MIROC-ES2L,r1i1p1f2,gn,ssp245,2036-04,2036,4,146.05776589278378,222.96029292837545,-92.89560547303954,-269.4185706014245,-8.104776693347798,-18.61924749501385,-20.020141441666475,153.85297733527165,209.50018751526287,-103.91349209612389,-257.15609699210785,-7.231252400997411,-15.68121571347275,-20.62889235216735,-7.795211442487869,13.460105413112586,11.017886623084351,-12.262473609316658,-0.8735242923503872,-2.938031781541099,0.608750910500877
MIROC,MIROC-ES2L,r1i1p1f2,gn,ssp245,2036-05,2036,5,225.17438152213253,271.6934356695165,-118.97018774914395,-307.77446677381073,-3.0488255939880893,-15.444528347700203,51.62980872700602,246.70169500271564,251.0877509758891,-149.22398744547607,-294.09121110661533,-3.5740003779165477,-15.43610176618813,35.4641452824087,-21.527313480583103,20.60568469362738,30.253799696332123,-13.683255667195397,0.5251747839284584,-0.008426581512072318,16.16566344459732
MIROC,MIROC-ES2L,r1i1p1f2,gn,ssp245,2036-06,2036,6,258.12790840420126,294.818912960092,-97.93910768846037,-324.3105646011192,-0.8940108512451564,-11.209518137962931,118.59362008550568,262.85967388536494,287.5439359862113,-118.0808217040136,-319.1397551813616,-0.4218753871641016,-12.337941570683821,100.42321602835318,-4.731765481163677,7.274976973880712,20.141714015553234,-5.1708094197576315,-0.47213546408105483,1.12842343272089,18.170404057152496
MIROC,MIROC-ES2L,r1i1p1f2,gn,ssp245,2036-07,2036,7,206.265816311897,308.3759633264518,-49.04509055255845,-332.1072678843437,-0.19471386028364301,-7.73311191046214,125.56159543070085,215.66988252964234,300.5301923815116,-73.02995970405915,-325.46176212074056,0.41270860793022107,-8.39102748653027,109.73003420775422,-9.404066217745338,7.845770944940227,23.984869151500703,-6.645505763603126,-0.607422468213864,0.6579155760681292,15.831561222946632
MIROC,MIROC-ES2L,r1i1p1f2,gn,ssp245,2036-08,2036,8,128.18214760377506,306.29929884210367,-20.700810768087873,-334.9110532824151,-0.19383710107560437,-12.238363991253522,66.43738130304668,135.16208166491174,295.50242311597475,-37.03752417522527,-324.68498651157415,-0.464213324470985,-11.852725721887758,56.625055047728296,-6.9799340611366745,10.796875726128917,16.3367134071374,-10.22606677084093,0.27037622339538064,-0.3856382693657636,9.812326255318382
MIROC,MIROC-ES2L,r1i1p1f2,gn,ssp245,2036-09,2036,9,58.20784177490886,288.09699993891473,-9.137655839792457,-327.7558160607275,-5.126813135721083,-28.808350974466915,-24.523794296884375,61.876713892617204,271.0061090726583,-17.776445273780446,-310.46478726779867,-5.377540528891009,-21.999781321033964,-22.735731426228572,-3.6688721177083465,17.090890866256416,8.63878943398799,-17.29102879292884,0.2507273931699263,-6.808569653432951,-1.7880628706558035
MIROC,MIROC-ES2L,r1i1p1f2,gn,ssp245,2036-10,2036,10,15.864700802115186,259.51500110038387,-2.92193708268266,-307.26344940284287,-16.404472888966183,-39.43724800051061,-90.64740547250324,16.046420071477925,235.3408133578954,-5.013446595779057,-280.3624820651788,-13.7920859904137,-26.972101580576677,-74.75288280257493,-0.1817192693627394,24.17418774248847,2.091509513096397,-26.900967337664042,-2.612386898552483,-12.46514641993393,-15.894522669928307
MIROC,MIROC-ES2L,r1i1p1f2,gn,ssp245,2036-11,2036,11,2.096754495843739,233.63739856891115,-0.3795167845353013,-279.1444648228082,-16.834483865798326,-26.33445185462132,-86.95876426300825,2.2346607690379368,206.07834229409005,-0.5505327509983511,-253.947457668769,-19.443062239311498,-26.85452686931898,-92.48257646526984,-0.13790627319419757,27.559056274821103,0.17101596646304978,-25.19700715403917,2.608578373513172,0.5200750146976603,5.523812202261595
MIROC,MIROC-ES2L,r1i1p1f2,gn,ssp245,2036-12,2036,12,0.4042147247471479,209.34661656771738,-0.08964527201853426,-260.57431275471845,-26.656999079224736,-37.32682872368561,-114.89695453718282,0.42759843987767737,191.39597646201616,-0.1463149110530818,-238.8125066111832,-20.102744137502,-25.136428982660664,-92.3744197405051,-0.023383715130529448,17.95064010570121,0.05666963903454755,-21.76180614353524,-6.554254941722736,-12.190399741024944,-22.522534796677718
MIROC,MIROC-ES2L,r1i1p1f2,gn,ssp245,2037-01,2037,1,1.2624597659798067,202.44712590684838,-0.47170516294206466,-253.61609926009365,-21.89085637161498,-31.824805078527934,-104.09388020035044,1.312831520498936,184.4046235989899,-0.6504690083046897,-230.4431739194702,-18.324392791067698,-23.303892736152008,-87.00447333550575,-0.05037175451912934,18.042502307858484,0.17876384536262502,-23.172925340623436,-3.566463580547282,-8.520912342375926,-17.08940686484469
MIROC,MIROC-ES2L,r1i1p1f2,gn,ssp245,2037-02,2037,2,9.187603272320573,205.22092310393057,-4.758365537674408,-248.9563486902842,-13.513267972563241,-24.39790841818816,-77.21736424245887,10.134918449794124,183.00233533180176,-5.894508530509232,-227.93396157854312,-16.044463560492623,-21.711650424732266,-78.44733031268136,-0.947315177473552,22.218587772128814,1.1361429928348246,-21.022387111741068,2.531195587929382,-2.686257993455893,1.2299660702224884
MIROC,MIROC-ES2L,r1i1p1f2,gn,ssp245,2037-03,2037,3,51.275223085737046,206.1637918573648,-31.04447209229493,-252.29500467722494,-17.785203825525766,-26.870583424774193,-70.55624907671802,54.092806291519665,188.06797862968583,-35.49560423649597,-233.96499959716866,-12.849913767591977,-19.59824621505587,-59.74797889510697,-2.8175832057826184,18.095813227678974,4.45113214420104,-18.33000508005628,-4.9352900579337895,-7.272337209718323,-10.80827018161105
MIROC,MIROC-ES2L,r1i1p1f2,gn,ssp245,2037-04,2037,4,148.41793790141958,221.43887302294024,-93.27760014151184,-268.72312519383274,-5.826901858349541,-14.891055546407301,-12.861871815741576,153.85297733527165,209.50018751526287,-103.91349209612389,-257.15609699210785,-7.231252400997411,-15.68121571347275,-20.62889235216735,-5.435039433852069,11.938685507677377,10.635891954612049,-11.567028201724895,1.4043505426478697,0.7901601670654479,7.767020536425775
MIROC,MIROC-ES2L,r1i1p1f2,gn,ssp245,2037-05,2037,5,231.3351346703876,266.92856178024715,-120.7910836953772,-306.1868614791415,-4.217420062914261,-18.4907343589134,48.577596854288345,246.70169500271564,251.0877509758891,-149.22398744547607,-294.09121110661533,-3.5740003779165477,-15.43610176618813,35.4641452824087,-15.36656033232805,15.840810804358057,28.432903750098873,-12.095650372526165,-0.6434196849977134,-3.0546325927252695,13.113451571879644
MIROC,MIROC-ES2L,r1i1p1f2,gn,ssp245,2037-06,2037,6,250.59130003855557,296.2123326234036,-87.779402079058,-324.80474584414236,-0.47983653526866765,-11.304469909863505,122.43517829362669,262.85967388536494,287.5439359862113,-118.0808217040136,-319.1397551813616,-0.4218753871641016,-12.337941570683821,100.42321602835318,-12.268373846809368,8.668396637192302,30.3014196249556,-5.664990662780781,-0.05796114810456604,1.0334716608203163,22.01196226527351
MIROC,MIROC-ES2L,r1i1p1f2,gn,ssp245,2037-07,2037,7,200.4803586717944,307.9607824437753,-46.845846886270614,-331.73596275046344,0.33817126679154746,-8.316414358728457,121.88108838689874,215.66988252964234,300.5301923815116,-73.02995970405915,-325.46176212074056,0.41270860793022107,-8.39102748653027,109.73003420775422,-15.189523857847945,7.430590062263718,26.184112817788538,-6.274200629722884,-0.07453734113867361,0.07461312780181295,12.151054179144523
MIROC,MIROC-ES2L,r1i1p1f2,gn,ssp245,2037-08,2037,8,123.06904717199542,308.0563949419978,-19.448636907813317,-334.685828462637,-0.17354884942313392,-13.210748519393638,63.60667937472612,135.16208166491174,295.50242311597475,-37.03752417522527,-324.68498651157415,-0.464213324470985,-11.852725721887758,56.625055047728296,-12.093034492916317,12.55397182602303,17.588887267411955,-10.000841951062853,0.2906644750478511,-1.35802279750588,6.981624326997824
MIROC,MIROC-ES2L,r1i1p1f2,gn,ssp245,2037-09,2037,9,57.810261189048695,288.0120927818772,-9.014978108872794,-327.42889022819304,-3.9613669303995365,-24.80343400742559,-19.38631530396512,61.876713892617204,271.0061090726583,-17.776445273780446,-310.46478726779867,-5.377540528891009,-21.999781321033964,-22.735731426228572,-4.066452703568508,17.005983709218867,8.761467164907652,-16.96410296039437,1.4161735984914725,-2.803652686391626,3.3494161222634524
MIROC,MIROC-ES2L,r1i1p1f2,gn,ssp245,2037-10,2037,10,14.820773574857963,264.2538817743975,-2.4604807304066294,-309.49082765273596,-15.512213391663014,-39.82623157980133,-88.21509800535146,16.046420071477925,235.3408133578954,-5.013446595779057,-280.3624820651788,-13.7920859904137,-26.972101580576677,-74.75288280257493,-1.2256464966199623,28.913068416502085,2.552965865372428,-29.128345587557135,-1.7201274012493144,-12.854129999224654,-13.462215202776534
MIROC,MIROC-ES2L,r1i1p1f2,gn,ssp245,2037-11,2037,11,2.0390853681285868,236.54002951934586,-0.36726929531463054,-285.4493556889323,-22.525471929138618,-37.04979985962687,-106.81278188553799,2.2346607690379368,206.07834229409005,-0.5505327509983511,-253.947457668769,-19.443062239311498,-26.85452686931898,-92.48257646526984,-0.19557540090935,30.461687225255815,0.18326345568372054,-31.50189802016331,-3.08240968982712,-10.195272990307892,-14.330205420268143
MIROC,MIROC-ES2L,r1i1p1f2,gn,ssp245,2037-12,2037,12,0.3739064845935223,210.35487607055023,-0.07356704053140552,-261.45289619305424,-27.256049865944107,-35.672799126993475,-113.72652967137947,0.42759843987767737,191.39597646201616,-0.1463149110530818,-238.8125066111832,-20.102744137502,-25.136428982660664,-92.3744197405051,-0.053691955284155046,18.958899608534068,0.07274787052167629,-22.640389581871034,-7.153305728442106,-10.53637014433281,-21.352109930874363
MIROC,MIROC-ES2L,r1i1p1f2,gn,ssp245,2038-01,2038,1,1.2400560583065425,206.9099563942667,-0.4245412305382006,-253.63553830230205,-22.289862885934333,-30.947670029346327,-99.14759999554768,1.312831520498936,184.4046235989899,-0.6504690083046897,-230.4431739194702,-18.324392791067698,-23.303892736152008,-87.00447333550575,-0.0727754621923935,22.505332795276786,0.2259277777664891,-23.19236438283184,-3.9654700948666353,-7.643777293194319,-12.14312666004193
MIROC,MIROC-ES2L,r1i1p1f2,gn,ssp245,2038-02,2038,2,9.228139576261434,196.57387348238237,-4.772262083802682,-244.35200048543294,-22.058155727620562,-27.415036627362934,-92.7954418655753,10.134918449794124,183.00233533180176,-5.894508530509232,-227.93396157854312,-16.044463560492623,-21.711650424732266,-78.44733031268136,-0.9067788735326907,13.571538150580608,1.1222464467065505,-16.41803890688982,-6.013692167127939,-5.703386202630668,-14.34811155289394
MIROC,MIROC-ES2L,r1i1p1f2,gn,ssp245,2038-03,2038,3,50.922590368888315,204.63975332296565,-31.25259258408249,-250.28076926877262,-16.042145159995403,-23.427240501776947,-65.4404038227735,54.092806291519665,188.06797862968583,-35.49560423649597,-233.96499959716866,-12.849913767591977,-19.59824621505587,-59.74797889510697,-3.1702159226313498,16.57177469327982,4.243011652413482,-16.31576967160396,-3.1922313924034267,-3.828994286721077,-5.692424927666536
MIROC,MIROC-ES2L,r1i1p1f2,gn,ssp245,2038-04,2038,4,145.24863404812464,228.96968654204142,-91.8281832058545,-271.2566115644601,-3.9868961667345695,-14.497937085544093,-7.351307432427205,153.85297733527165,209.50018751526287,-103.91349209612389,-257.15609699210785,-7.231252400997411,-15.68121571347275,-20.62889235216735,-8.604343287147003,19.46949902677855,12.085308890269388,-14.100514572352267,3.2443562342628414,1.1832786279286562,13.277584919740146
MIROC,MIROC-ES2L,r1i1p1f2,gn,ssp245,2038-05,2038,5,232.11422562318782,265.5632612762248,-123.52496335689929,-304.6410416434844,-2.8613802428433184,-15.90712595703321,50.74297569915239,246.70169500271564,251.0877509758891,-149.22398744547607,-294.09121110661533,-3.5740003779165477,-15.43610176618813,35.4641452824087,-14.587469379527818,14.475510300335714,25.699024088576778,-10.54983053686908,0.7126201350732293,-0.47102419084508007,15.278830416743688
MIROC,MIROC-ES2L,r1i1p1f2,gn,ssp245,2038-06,2038,6,248.25398515040442,299.51503294731083,-92.09102168430232,-325.062760713151,0.3761351315835823,-9.79539166170684,121.19597917013871,262.85967388536494,287.5439359862113,-118.0808217040136,-319.1397551813616,-0.4218753871641016,-12.337941570683821,100.42321602835318,-14.605688734960523,11.971096961099533,25.989800019711282,-5.923005531789443,0.7980105187476839,2.54254990897698,20.772763141785532
MIROC,MIROC-ES2L,r1i1p1f2,gn,ssp245,2038-07,2038,7,199.060488524355,311.6996080377232,-46.67297574111468,-332.14691283927186,-0.10730958245992511,-7.433788131651547,124.39911026758016,215.66988252964234,300.5301923815116,-73.02995970405915,-325.46176212074056,0.41270860793022107,-8.39102748653027,109.73003420775422,-16.609394005287328,11.169415656211584,26.35698396294447,-6.685150718531304,-0.5200181903901462,0.9572393548787224,14.66907605982594
MIROC,MIROC-ES2L,r1i1p1f2,gn,ssp245,2038-08,2038,8,121.60329521901112,310.37964863233435,-18.16508769198926,-335.1861486228599,-0.4171530176757486,-9.930785853991555,68.28376866482903,135.16208166491174,295.50242311597475,-37.03752417522527,-324.68498651157415,-0.464213324470985,-11.852725721887758,56.625055047728296,-13.558786445900623,14.877225516359601,18.87243648323601,-10.501162111285737,0.04706030679523643,1.921939867896203,11.65871361710073
MIROC,MIROC-ES2L,r1i1p1f2,gn,ssp245,2038-09,2038,9,55.79004654414457,294.0026511126463,-7.778883229393677,-329.5072086244183,-3.3400596882490525,-24.586883210751154,-15.420337096021338,61.876713892617204,271.0061090726583,-17.776445273780446,-310.46478726779867,-5.377540528891009,-21.999781321033964,-22.735731426228572,-6.086667348472631,22.996542039987958,9.997562044386768,-19.042421356619627,2.0374808406419564,-2.5871018897171894,7.3153943302072335
MIROC,MIROC-ES2L,r1i1p1f2,gn,ssp245,2038-10,2038,10,14.881095193511126,270.3609373167399,-2.640706744995545,-313.50037273905525,-11.588376846442877,-35.828034248161885,-78.31545806840455,16.046420071477925,235.3408133578954,-5.013446595779057,-280.3624820651788,-13.7920859904137,-26.972101580576677,-74.75288280257493,-1.1653248779667997,35.02012395884452,2.3727398507835122,-33.13789067387643,2.2037091439708227,-8.855932667585208,-3.562575265829622
MIROC,MIROC-ES2L,r1i1p1f2,gn,ssp245,2038-11,2038,11,2.044954525284686,234.75975528728867,-0.3725394919930948,-286.17944891282895,-21.277208976753286,-38.03085341732574,-109.0553409863277,2.2346607690379368,206.07834229409005,-0.5505327509983511,-253.947457668769,-19.443062239311498,-26.85452686931898,-92.48257646526984,-0.18970624375325063,28.68141299319862,0.1779932590052563,-32.23199124405994,-1.8341467374417881,-11.176326548006756,-16.572764521057863
MIROC,MIROC-ES2L,r1i1p1f2,gn,ssp245,2038-12,2038,12,0.4119188504365534,210.72972791134686,-0.08731883588788772,-264.26727145063853,-26.21609083827641,-36.4725468460255,-115.9015812090449,0.42759843987767737,191.39597646201616,-0.1463149110530818,-238.8125066111832,-20.102744137502,-25.136428982660664,-92.3744197405051,-0.015679589441123964,19.33375144933069,0.05899607516519409,-25.454764839455322,-6.113346700774411,-11.336117863364837,-23.527161468539802
MIROC,MIROC-ES2L,r1i1p1f2,gn,ssp245,2039-01,2039,1,1.1947560278134968,207.65227238350312,-0.4001017628162957,-257.5129093817495,-20.56350057946186,-29.167173821843956,-98.79665713455502,1.312831520498936,184.4046235989899,-0.6504690083046897,-230.4431739194702,-18.324392791067698,-23.303892736152008,-87.00447333550575,-0.11807549268543927,23.247648784513217,0.25036724548839395,-27.06973546227931,-2.2391077883941612,-5.863281085691948,-11.792183799049269
MIROC,MIROC-ES2L,r1i1p1f2,gn,ssp245,2039-02,2039,2,9.70864548773234,203.7366795653591,-4.812447191417056,-250.16327776936825,-14.713489556292886,-24.053286936828094,-80.29717640081483,10.134918449794124,183.00233533180176,-5.894508530509232,-227.93396157854312,-16.044463560492623,-21.711650424732266,-78.44733031268136,-0.426272962061784,20.73434423355735,1.082061339092176,-22.22931619082513,1.3309740041997369,-2.3416365120958282,-1.849846088133475
MIROC,MIROC-ES2L,r1i1p1f2,gn,ssp245,2039-03,2039,3,51.654684874608144,211.8792614510702,-31.28424451284413,-256.80518261805094,-11.63867260998426,-22.259392003318077,-58.453545418519056,54.092806291519665,188.06797862968583,-35.49560423649597,-233.96499959716866,-12.849913767591977,-19.59824621505587,-59.74797889510697,-2.438121416911521,23.811282821384367,4.211359723651842,-22.84018302088228,1.2112411576077164,-2.661145788262207,1.294433476587912
MIROC,MIROC-ES2L,r1i1p1f2,gn,ssp245,2039-04,2039,4,147.13974141301082,219.4364885513699,-92.65016910204851,-268.429553670762,-10.906373746928642,-21.141972862803986,-26.551839418162395,153.85297733527165,209.50018751526287,-103.91349209612389,-257.15609699210785,-7.231252400997411,-15.68121571347275,-20.62889235216735,-6.7132359222608216,9.93630103610704,11.26332299407538,-11.273456678654156,-3.675121345931231,-5.460757149331236,-5.922947065995043
MIROC,MIROC-ES2L,r1i1p1f2,gn,ssp245,2039-05,2039,5,225.82730511021893,273.21353001179654,-111.53345712256774,-311.5602406614005,-2.2981472297770895,-16.480860200312044,57.16812990795811,246.70169500271564,251.0877509758891,-149.22398744547607,-294.09121110661533,-3.5740003779165477,-15.43610176618813,35.4641452824087,-20.87438989249671,22.125779035907442,37.69053032290833,-17.469029554785152,1.2758531481394582,-1.0447584341239136,21.70398462554941
MIROC,MIROC-ES2L,r1i1p1f2,gn,ssp245,2039-06,2039,6,248.9966408855057,297.94873620618915,-86.69984694565098,-325.0072960054605,0.1805801438155759,-10.11319554280205,125.30561874159689,262.85967388536494,287.5439359862113,-118.0808217040136,-319.1397551813616,-0.4218753871641016,-12.337941570683821,100.42321602835318,-13.863032999859229,10.404800219977858,31.380974758362626,-5.86754082409891,0.6024555309796775,2.2247460278817712,24.882402713243707
MIROC,MIROC-ES2L,r1i1p1f2,gn,ssp245,2039-07,2039,7,200.12502111138338,312.1227568410105,-41.173504873823696,-333.8366955255303,0.5008583590646222,-7.572994407384407,130.16544150472015,215.66988252964234,300.5301923815116,-73.02995970405915,-325.46176212074056,0.41270860793022107,-8.39102748653027,109.73003420775422,-15.54486141825896,11.59256445949893,31.856454830235457,-8.374933404789715,0.0881497511344011,0.818033079145863,20.435407296965934
MIROC,MIROC-ES2L,r1i1p1f2,gn,ssp245,2039-08,2039,8,119.96279843920776,312.3070852644705,-15.482170832038879,-337.3885157964336,-0.3645945144018153,-11.156646107542407,67.87795645326156,135.16208166491174,295.50242311597475,-37.03752417522527,-324.68498651157415,-0.464213324470985,-11.852725721887758,56.625055047728296,-15.19928322570398,16.804662148495765,21.555353343186393,-12.703529284859428,0.09961881006916973,0.6960796143453507,11.252901405533265
MIROC,MIROC-ES2L,r1i1p1f2,gn,ssp245,2039-09,2039,9,56.631207601344826,291.6418424953955,-7.482385411523776,-330.5553939131377,-4.75386908296025,-27.519319476714283,-22.037917787595656,61.876713892617204,271.0061090726583,-17.776445273780446,-310.46478726779867,-5.377540528891009,-21.999781321033964,-22.735731426228572,-5.2455062912723776,20.63573342273719,10.29405986225667,-20.09060664533905,0.6236714459307588,-5.519538155680319,0.6978136386329155
MIROC,MIROC-ES2L,r1i1p1f2,gn,ssp245,2039-10,2039,10,14.265930319414329,272.05687810629576,-2.398857172842197,-314.5261885075252,-11.359212562087217,-33.58987904200394,-75.55132885874849,16.046420071477925,235.3408133578954,-5.013446595779057,-280.3624820651788,-13.7920859904137,-26.972101580576677,-74.75288280257493,-1.7804897520635965,36.716064748400356,2.6145894229368603,-34.16370644234638,2.4328734283264826,-6.617777461427266,-0.7984460561735602
MIROC,MIROC-ES2L,r1i1p1f2,gn,ssp245,2039-11,2039,11,2.049804819801362,241.59131185412434,-0.36637410000433324,-290.4646287018497,-19.28836787710992,-36.59698670622252,-103.07524071126075,2.2346607690379368,206.07834229409005,-0.5505327509983511,-253.947457668769,-19.443062239311498,-26.85452686931898,-92.48257646526984,-0.1848559492365749,35.51296956003429,0.18415865099401785,-36.51717103308067,0.15469436220157817,-9.742459836903542,-10.592664245990903
MIROC,MIROC-ES2L,r1i1p1f2,gn,ssp245,2039-12,2039,12,0.4069879398448152,209.72687914323967,-0.08992608725700767,-262.2095545532092,-19.952844113062877,-28.232068132141098,-100.35052580258571,0.42759843987767737,191.39597646201616,-0.1463149110530818,-238.8125066111832,-20.102744137502,-25.136428982660664,-92.3744197405051,-0.02061050003286219,18.330902681223506,0.05638882379607414,-23.397047942026006,0.1499000244391233,-3.0956391494804336,-7.9761060620806035
MIROC,MIROC-ES2L,r1i1p1f2,gn,ssp245,2040-01,2040,1,1.1066137651604608,214.1050832365889,-0.3913309581933233,-259.02981748410167,-12.15142303394346,-22.733567044030305,-79.09444151851939,1.312831520498936,184.4046235989899,-0.6504690083046897,-230.4431739194702,-18.324392791067698,-23.303892736152008,-87.00447333550575,-0.2062177553384752,29.70045963759901,0.25913805011136637,-28.58664356463146,6.172969757124237,0.5703256921217026,7.910031816986361
MIROC,MIROC-ES2L,r1i1p1f2,gn,ssp245,2040-02,2040,2,9.227826469928752,208.19934824697322,-4.67342818626036,-253.1359790200848,-16.93868237811407,-26.978806589136344,-84.2997214566936,10.134918449794124,183.00233533180176,-5.894508530509232,-227.93396157854312,-16.044463560492623,-21.711650424732266,-78.44733031268136,-0.9070919798653723,25.197012915171456,1.2210803442488718,-25.20201744154167,-0.8942188176214465,-5.267156164404078,-5.852391144012245
MIROC,MIROC-ES2L,r1i1p1f2,gn,ssp245,2040-03,2040,3,50.17656478486922,210.36064724602494,-30.28847100057201,-256.1766600952597,-13.00281979909582,-24.321792819535833,-63.252531683569174,54.092806291519665,188.06797862968583,-35.49560423649597,-233.96499959716866,-12.849913767591977,-19.59824621505587,-59.74797889510697,-3.9162415066504437,22.292668616339114,5.207133235923962,-22.21166049809105,-0.15290603150384285,-4.723546604479964,-3.504552788462206
MIROC,MIROC-ES2L,r1i1p1f2,gn,ssp245,2040-04,2040,4,153.04605137395544,216.43907984108418,-95.90169915592739,-266.5362582976582,-8.170853703364374,-19.64848708003823,-20.77216702194864,153.85297733527165,209.50018751526287,-103.91349209612389,-257.15609699210785,-7.231252400997411,-15.68121571347275,-20.62889235216735,-0.8069259613162103,6.938892325821314,8.0117929401965,-9.38016130555036,-0.9396013023669632,-3.9672713665654804,-0.1432746697812881
MIROC,MIROC-ES2L,r1i1p1f2,gn,ssp245,2040-05,2040,5,232.76872775228756,264.141129047029,-123.3269968112117,-304.49242738266497,-3.5442892578204566,-16.834744733801507,48.71139861381794,246.70169500271564,251.0877509758891,-149.22398744547607,-294.09121110661533,-3.5740003779165477,-15.43610176618813,35.4641452824087,-13.932967250428078,13.053378071139889,25.89699063426437,-10.401216276049638,0.029711120096091115,-1.3986429676133767,13.24725333140924
MIROC,MIROC-ES2L,r1i1p1f2,gn,ssp245,2040-06,2040,6,252.67346680141605,296.4798611897405,-93.09552031327566,-324.81833569162507,-0.32701788811837895,-10.873611961673953,120.03884213646359,262.85967388536494,287.5439359862113,-118.0808217040136,-319.1397551813616,-0.4218753871641016,-12.337941570683821,100.42321602835318,-10.186207083948887,8.935925203529223,24.985301390737945,-5.678580510263487,0.09485749904572266,1.4643296090098676,19.615626108110405
MIROC,MIROC-ES2L,r1i1p1f2,gn,ssp245,2040-07,2040,7,211.92124380288897,306.406026581736,-50.722078459367594,-333.0993431503501,-0.6209433000036737,-10.138977016010912,123.74592845889272,215.66988252964234,300.5301923815116,-73.02995970405915,-325.46176212074056,0.41270860793022107,-8.39102748653027,109.73003420775422,-3.74863872675337,5.8758342002244035,22.307881244691558,-7.637581029609521,-1.0336519079338948,-1.7479495294806426,14.015894251138505
MIROC,MIROC-ES2L,r1i1p1f2,gn,ssp245,2040-08,2040,8,124.53956424128697,308.3448530901165,-18.402613812170586,-336.1585971440952,-0.9360347992200257,-12.582039051013199,64.8051325249045,135.16208166491174,295.50242311597475,-37.03752417522527,-324.68498651157415,-0.464213324470985,-11.852725721887758,56.625055047728296,-10.622517423624771,12.842429974141737,18.634910363054686,-11.473610632521059,-0.47182147474904074,-0.729313329125441,8.180077477176198
MIROC,MIROC-ES2L,r1i1p1f2,gn,ssp245,2040-09,2040,9,57.78859501594862,289.79830650487594,-8.345502364603657,-329.10190525541253,-4.936209310634917,-27.90773009615539,-22.704445505981944,61.876713892617204,271.0061090726583,-17.776445273780446,-310.46478726779867,-5.377540528891009,-21.999781321033964,-22.735731426228572,-4.088118876668581,18.79219743221762,9.430942909176789,-18.637117987613863,0.44133121825609223,-5.907948775121426,0.031285920246627796
MIROC,MIROC-ES2L,r1i1p1f2,gn,ssp245,2040-10,2040,10,15.617925981199672,264.9913078965599,-2.761556220324818,-310.24489431253784,-13.46318147779032,-36.55352631473615,-82.41392444762955,16.046420071477925,235.3408133578954,-5.013446595779057,-280.3624820651788,-13.7920859904137,-26.972101580576677,-74.75288280257493,-0.428494090278253,29.650494538664475,2.251890375454239,-29.882412247359014,0.32890451262337983,-9.581424734159476,-7.661041645054624
MIROC,MIROC-ES2L,r1i1p1f2,gn,ssp245,2040-11,2040,11,2.0134807314519763,237.4696111636043,-0.36526496198745245,-284.0009187193058,-21.962841578079786,-34.555330862094664,-101.40126422641143,2.2346607690379368,206.07834229409005,-0.5505327509983511,-253.947457668769,-19.443062239311498,-26.85452686931898,-92.48257646526984,-0.2211800375859605,31.39126886951425,0.18526778901089863,-30.053461050536782,-2.519779338768288,-7.700803992775683,-8.918687761141584
MIROC,MIROC-ES2L,r1i1p1f2,gn,ssp245,2040-12,2040,12,0.3829786733097917,216.99305732654162,-0.08089123774879411,-264.448839142861,-17.976740301231885,-26.29685606408913,-91.42729074607941,0.42759843987767737,191.39597646201616,-0.1463149110530818,-238.8125066111832,-20.102744137502,-25.136428982660664,-92.3744197405051,-0.04461976656788569,25.597080864525452,0.0654236733042877,-25.636332531677795,2.1260038362701152,-1.160427081428466,0.9471289944256966
MIROC,MIROC-ES2L,r1i1p1f2,gn,ssp245,2041-01,2041,1,1.2287727254824399,207.44042715348672,-0.5025606251877858,-251.8836257322038,-12.695585828282361,-21.151542540180614,-77.5641148468854,1.312831520498936,184.4046235989899,-0.6504690083046897,-230.4431739194702,-18.324392791067698,-23.303892736152008,-87.00447333550575,-0.08405879501649616,23.035803554496823,0.1479083831169039,-21.440451812733585,5.628806962785337,2.152350195971394,9.440358488620348
MIROC,MIROC-ES2L,r1i1p1f2,gn,ssp245,2041-02,2041,2,9.447810296997858,206.48517171011474,-4.900275466161207,-250.97768406861957,-15.764869480319318,-26.263783702999934,-81.97363071098744,10.134918449794124,183.00233533180176,-5.894508530509232,-227.93396157854312,-16.044463560492623,-21.711650424732266,-78.44733031268136,-0.6871081527962666,23.48283637831298,0.994233064348025,-23.043722490076448,0.27959408017330567,-4.552133278267668,-3.526300398306077
MIROC,MIROC-ES2L,r1i1p1f2,gn,ssp245,2041-03,2041,3,51.41934036608347,201.81122809761166,-31.40355726158481,-249.44770455427155,-16.83041337199498,-26.696663665752922,-71.14777038990913,54.092806291519665,188.06797862968583,-35.49560423649597,-233.96499959716866,-12.849913767591977,-19.59824621505587,-59.74797889510697,-2.673465925436197,13.743249467925835,4.09204697491116,-15.482704957102897,-3.9804996044030023,-7.0984174506970525,-11.399791494802159
MIROC,MIROC-ES2L,r1i1p1f2,gn,ssp245,2041-04,2041,4,142.14142407127994,231.76461974229454,-88.76380672301735,-276.27445871744516,-8.157477469681218,-20.95648150109691,-20.246180597666182,153.85297733527165,209.50018751526287,-103.91349209612389,-257.15609699210785,-7.231252400997411,-15.68121571347275,-20.62889235216735,-11.711553263991703,22.264432227031676,15.149685373106536,-19.11836172533731,-0.9262250686838076,-5.275265787624161,0.38271175450116957
MIROC,MIROC-ES2L,r1i1p1f2,gn,ssp245,2041-05,2041,5,229.7079129412341,270.4507434718108,-116.18174715165075,-308.17068502830176,-1.7022209748085146,-13.111411295696872,60.992591962587014,246.70169500271564,251.0877509758891,-149.22398744547607,-294.09121110661533,-3.5740003779165477,-15.43610176618813,35.4641452824087,-16.99378206148154,19.36299249592173,33.042240293825316,-14.079473921686429,1.871779403108033,2.3246904704912588,25.528446680178313
MIROC,MIROC-ES2L,r1i1p1f2,gn,ssp245,2041-06,2041,6,247.3375634517074,297.7748044060914,-84.39549843985417,-324.5622639259283,0.23517274606415123,-10.384126666415009,126.00565157166541,262.85967388536494,287.5439359862113,-118.0808217040136,-319.1397551813616,-0.4218753871641016,-12.337941570683821,100.42321602835318,-15.52211043365753,10.230868419880096,33.685323264159436,-5.422508744566699,0.6570481332282528,1.9538149042688122,25.58243554331223
MIROC,MIROC-ES2L,r1i1p1f2,gn,ssp245,2041-07,2041,7,197.12855388616651,311.7771203540873,-41.843900125097974,-333.2158652527778,0.51610350311587,-7.179393027680891,127.18261933781297,215.66988252964234,300.5301923815116,-73.02995970405915,-325.46176212074056,0.41270860793022107,-8.39102748653027,109.73003420775422,-18.541328643475822,11.24692797257569,31.186059578961178,-7.754103132037244,0.10339489518564898,1.211634458849379,17.45258513005875
MIROC,MIROC-ES2L,r1i1p1f2,gn,ssp245,2041-08,2041,8,120.72976554959065,308.93654259711786,-17.595338021972793,-335.31961083562015,-1.206437329831646,-15.735349394617268,59.809572564666645,135.16208166491174,295.50242311597475,-37.03752417522527,-324.68498651157415,-0.464213324470985,-11.852725721887758,56.625055047728296,-14.432316115321086,13.434119481143114,19.44218615325248,-10.634624324046001,-0.742224005360661,-3.88262367272951,3.1845175169383495
MIROC,MIROC-ES2L,r1i1p1f2,gn,ssp245,2041-09,2041,9,56.05601686000958,291.273376557239,-7.753263466880743,-329.37381278669386,-4.573371045249137,-26.89168109752195,-21.262734979097175,61.876713892617204,271.0061090726583,-17.776445273780446,-310.46478726779867,-5.377540528891009,-21.999781321033964,-22.735731426228572,-5.820697032607626,20.267267484580657,10.023181806899704,-18.90902551889519,0.8041694836418722,-4.8918997764879855,1.472996447131397
MIROC,MIROC-ES2L,r1i1p1f2,gn,ssp245,2041-10,2041,10,14.239314660888956,266.55092226278947,-2.503994477767061,-312.8616674487258,-12.71209559608565,-35.70513473981198,-82.99265533871205,16.046420071477925,235.3408133578954,-5.013446595779057,-280.3624820651788,-13.7920859904137,-26.972101580576677,-74.75288280257493,-1.807105410588969,31.21010890489407,2.509452118011996,-32.499185383547,1.0799903943280498,-8.733033159235305,-8.239772536137124
MIROC,MIROC-ES2L,r1i1p1f2,gn,ssp245,2041-11,2041,11,2.192531749943647,238.49508843598824,-0.40717993515547374,-289.65760537012216,-20.658486144260582,-35.85826938839281,-105.89392065199915,2.2346607690379368,206.07834229409005,-0.5505327509983511,-253.947457668769,-19.443062239311498,-26.85452686931898,-92.48257646526984,-0.04212901909428979,32.41674614189819,0.14335281584287735,-35.71014770135315,-1.215423904949084,-9.003742519073832,-13.411344186729309
MIROC,MIROC-ES2L,r1i1p1f2,gn,ssp245,2041-12,2041,12,0.41124891506173983,213.34024799311,-0.08646653298744154,-266.2002012597356,-28.27889317678763,-38.88220413878091,-119.6962682001198,0.42759843987767737,191.39597646201616,-0.1463149110530818,-238.8125066111832,-20.102744137502,-25.136428982660664,-92.3744197405051,-0.016349524815937544,21.944271531093847,0.059848378065640265,-27.387694648552383,-8.17614903928563,-13.745775156120242,-27.3218484596147
MIROC,MIROC-ES2L,r1i1p1f2,gn,ssp245,2042-01,2042,1,1.2524092420365498,202.3517801926492,-0.5228478634694851,-251.48521741118236,-19.68364605605686,-28.50228434556602,-96.58980624158899,1.312831520498936,184.4046235989899,-0.6504690083046897,-230.4431739194702,-18.324392791067698,-23.303892736152008,-87.00447333550575,-0.060422278462386236,17.947156593659287,0.1276211448352046,-21.04204349171215,-1.3592532649891602,-5.1983916094140135,-9.585332906083238
MIROC,MIROC-ES2L,r1i1p1f2,gn,ssp245,2042-02,2042,2,9.91001127156646,193.71004760129173,-5.425012991289708,-243.48252550357412,-27.383801070763496,-32.6049749910822,-105.27625568385136,10.134918449794124,183.00233533180176,-5.894508530509232,-227.93396157854312,-16.044463560492623,-21.711650424732266,-78.44733031268136,-0.2249071782276637,10.707712269489974,0.46949553921952436,-15.548563925031004,-11.339337510270873,-10.893324566349936,-26.82892537117
MIROC,MIROC-ES2L,r1i1p1f2,gn,ssp245,2042-03,2042,3,50.89440695207944,206.06196754809906,-31.11158875323666,-252.99619270918618,-14.21860536934036,-23.493543900092323,-64.86355623167701,54.092806291519665,188.06797862968583,-35.49560423649597,-233.96499959716866,-12.849913767591977,-19.59824621505587,-59.74797889510697,-3.198399339440222,17.993988918413237,4.3840154832593115,-19.03119311201752,-1.3686916017483828,-3.8952976850364536,-5.115577336570041
MIROC,MIROC-ES2L,r1i1p1f2,gn,ssp245,2042-04,2042,4,148.8112555918983,222.43318408984396,-92.47033234882049,-270.2542978161678,-8.757653161136044,-18.849087912376593,-19.086931556758657,153.85297733527165,209.50018751526287,-103.91349209612389,-257.15609699210785,-7.231252400997411,-15.68121571347275,-20.62889235216735,-5.041721743373358,12.932996574581097,11.443159747303397,-13.098200824059973,-1.5264007601386336,-3.1678721989038436,1.541960795408695
MIROC,MIROC-ES2L,r1i1p1f2,gn,ssp245,2042-05,2042,5,226.9314032531979,269.79477848952877,-115.69939092471124,-306.35053831105506,-2.042746599165904,-15.228833039600191,57.4046728681943,246.70169500271564,251.0877509758891,-149.22398744547607,-294.09121110661533,-3.5740003779165477,-15.43610176618813,35.4641452824087,-19.770291749517725,18.707027513639673,33.52459652076483,-12.259327204439728,1.5312537787506435,0.20726872658793916,21.940527585785595
MIROC,MIROC-ES2L,r1i1p1f2,gn,ssp245,2042-06,2042,6,245.6148477389834,298.47513708926425,-85.20083937776991,-324.94255664832946,-0.5797858772778478,-9.585853292464959,123.7809496324055,262.85967388536494,287.5439359862113,-118.0808217040136,-319.1397551813616,-0.4218753871641016,-12.337941570683821,100.42321602835318,-17.24482614638154,10.931201103052956,32.87998232624369,-5.802801466967878,-0.1579104901137462,2.752088278218862,23.357733604052314
MIROC,MIROC-ES2L,r1i1p1f2,gn,ssp245,2042-07,2042,7,195.9334875189035,312.39682512455056,-42.85116931858017,-333.1532769093226,-0.35624430670598317,-7.756580832844718,124.21304127600058,215.66988252964234,300.5301923815116,-73.02995970405915,-325.46176212074056,0.41270860793022107,-8.39102748653027,109.73003420775422,-19.736395010738846,11.866632743038963,30.178790385478983,-7.691514788582026,-0.7689529146362042,0.6344466536855515,14.483007068246366
MIROC,MIROC-ES2L,r1i1p1f2,gn,ssp245,2042-08,2042,8,119.55768854766613,311.64297208081473,-16.936121177798626,-336.4492650819397,-0.564965728936813,-11.071392138351271,66.17891650145448,135.16208166491174,295.50242311597475,-37.03752417522527,-324.68498651157415,-0.464213324470985,-11.852725721887758,56.625055047728296,-15.604393117245607,16.14054896483998,20.101402997426646,-11.764278570365548,-0.10075240446582795,0.7813335835364867,9.553861453726185
MIROC,MIROC-ES2L,r1i1p1f2,gn,ssp245,2042-09,2042,9,55.58453764801368,290.2494207799739,-7.709758776373201,-329.53118929569945,-4.8794161938619505,-28.048044627153335,-24.334450465100343,61.876713892617204,271.0061090726583,-17.776445273780446,-310.46478726779867,-5.377540528891009,-21.999781321033964,-22.735731426228572,-6.2921762446035245,19.24331170731557,10.066686497407245,-19.06640202790078,0.4981243350290585,-6.04826330611937,-1.5987190388717707
MIROC,MIROC-ES2L,r1i1p1f2,gn,ssp245,2042-10,2042,10,13.946723501262626,269.57919387610866,-2.329423727942571,-312.61302845877805,-10.538838319683435,-30.27753585108021,-72.232908980113,16.046420071477925,235.3408133578954,-5.013446595779057,-280.3624820651788,-13.7920859904137,-26.972101580576677,-74.75288280257493,-2.0996965702152988,34.23838051821326,2.6840228678364864,-32.25054639359922,3.253247670730264,-3.3054342705035324,2.5199738224619352
MIROC,MIROC-ES2L,r1i1p1f2,gn,ssp245,2042-11,2042,11,2.013691720830664,240.9978109481499,-0.3620230907738783,-288.35881142198514,-19.035746699234302,-32.873313986481435,-97.6183925294942,2.2346607690379368,206.07834229409005,-0.5505327509983511,-253.947457668769,-19.443062239311498,-26.85452686931898,-92.48257646526984,-0.2209690482072726,34.91946865405984,0.1885096602244728,-34.41135375321613,0.40731554007719595,-6.018787117162454,-5.1358160642243575
MIROC,MIROC-ES2L,r1i1p1f2,gn,ssp245,2042-12,2042,12,0.3938857546898857,224.18851359263553,-0.07699510259882399,-272.23731244683273,-20.096430086996282,-32.919638683469515,-100.74797697257195,0.42759843987767737,191.39597646201616,-0.1463149110530818,-238.8125066111832,-20.102744137502,-25.136428982660664,-92.3744197405051,-0.03371268518779169,32.792537130619365,0.06931980845425782,-33.42480583564952,0.006314050505718427,-7.78320970080885,-8.373557232066844
MIROC,MIROC-ES2L,r1i1p1f2,gn,ssp245,2043-01,2043,1,1.1666153645087503,208.36537960508738,-0.43027999757678154,-253.75103849659314,-18.15466845712269,-26.7306725155307,-89.53466449722717,1.312831520498936,184.4046235989899,-0.6504690083046897,-230.4431739194702,-18.324392791067698,-23.303892736152008,-87.00447333550575,-0.14621615599018578,23.960756006097483,0.22018901072790814,-23.307864577122928,0.16972433394500896,-3.426779779378691,-2.530191161721419
MIROC,MIROC-ES2L,r1i1p1f2,gn,ssp245,2043-02,2043,2,9.525182857070439,198.13852593701313,-4.749051359458707,-246.81896998875027,-20.480797193196214,-27.870636663394432,-92.25574641071607,10.134918449794124,183.00233533180176,-5.894508530509232,-227.93396157854312,-16.044463560492623,-21.711650424732266,-78.44733031268136,-0.6097355927236858,15.136190605211368,1.1454571710505252,-18.88500841020715,-4.43633363270359,-6.158986238662166,-13.808416098034712
MIROC,MIROC-ES2L,r1i1p1f2,gn,ssp245,2043-03,2043,3,52.24816619144736,208.96863500490937,-31.53369145370056,-253.34597771610316,-9.243679274659264,-21.045780038111598,-53.95232728621782,54.092806291519665,188.06797862968583,-35.49560423649597,-233.96499959716866,-12.849913767591977,-19.59824621505587,-59.74797889510697,-1.8446401000723043,20.900656375223548,3.9619127827954124,-19.380978118934507,3.606234492932712,-1.4475338230557284,5.795651608889145
MIROC,MIROC-ES2L,r1i1p1f2,gn,ssp245,2043-04,2043,4,144.79404383221473,231.48232285375343,-87.89160531554485,-276.4471065173444,-4.818188648329204,-15.515667412179784,-8.39620120743012,153.85297733527165,209.50018751526287,-103.91349209612389,-257.15609699210785,-7.231252400997411,-15.68121571347275,-20.62889235216735,-9.05893350305692,21.982135338490565,16.021886780579038,-19.291009525236575,2.413063752668207,0.16554830129296505,12.232691144737231
MIROC,MIROC-ES2L,r1i1p1f2,gn,ssp245,2043-05,2043,5,225.13351080624648,271.4732702010369,-108.3578003073759,-309.3539456772142,-1.766453677493659,-15.933915941911255,61.194665403288354,246.70169500271564,251.0877509758891,-149.22398744547607,-294.09121110661533,-3.5740003779165477,-15.43610176618813,35.4641452824087,-21.56818419646916,20.38551922514779,40.86618713810017,-15.262734570598866,1.8075467004228887,-0.4978141757231249,25.730520120879653
MIROC,MIROC-ES2L,r1i1p1f2,gn,ssp245,2043-06,2043,6,247.99144974099937,299.3594645291288,-82.11452318452508,-325.1152224303929,-0.5505175210252699,-8.152215370338455,131.4184357638465,262.85967388536494,287.5439359862113,-118.0808217040136,-319.1397551813616,-0.4218753871641016,-12.337941570683821,100.42321602835318,-14.86822414436557,11.815528542917491,35.96629851948852,-5.97546724903134,-0.12864213386116824,4.185726200345366,30.995219735493322
MIROC,MIROC-ES2L,r1i1p1f2,gn,ssp245,2043-07,2043,7,196.8387323814946,312.65789270977115,-39.7485015531677,-333.9888802423019,0.5541374801971144,-7.353165869134901,128.9602149068584,215.66988252964234,300.5301923815116,-73.02995970405915,-325.46176212074056,0.41270860793022107,-8.39102748653027,109.73003420775422,-18.831150148147742,12.12770032825955,33.28145815089145,-8.52711812156133,0.14142887226689332,1.037861617395369,19.23018069910418
MIROC,MIROC-ES2L,r1i1p1f2,gn,ssp245,2043-08,2043,8,121.75538282043195,309.95054778553964,-16.096712730916796,-336.8567340648384,-0.31124674789244333,-11.292458340282726,67.14877872204124,135.16208166491174,295.50242311597475,-37.03752417522527,-324.68498651157415,-0.464213324470985,-11.852725721887758,56.625055047728296,-13.406698844479791,14.44812466956489,20.940811444308476,-12.171747553264254,0.15296657657854168,0.5602673816050316,10.523723674312947
MIROC,MIROC-ES2L,r1i1p1f2,gn,ssp245,2043-09,2043,9,55.25158168364149,293.5493506453561,-7.22314799733015,-331.3010714384578,-5.163107794359769,-27.930498215872422,-22.81689311702253,61.876713892617204,271.0061090726583,-17.776445273780446,-310.46478726779867,-5.377540528891009,-21.999781321033964,-22.735731426228572,-6.625132208975714,22.54324157269781,10.553297276450296,-20.836284170659155,0.2144327345312398,-5.930716894838458,-0.08116169079395874
MIROC,MIROC-ES2L,r1i1p1f2,gn,ssp245,2043-10,2043,10,14.50560381113925,264.3706247167598,-2.346998455098158,-312.72516954956984,-14.140992348726243,-39.663229769871904,-90.00016159536716,16.046420071477925,235.3408133578954,-5.013446595779057,-280.3624820651788,-13.7920859904137,-26.972101580576677,-74.75288280257493,-1.5408162603386746,29.02981135886438,2.6664481406808993,-32.36268748439102,-0.3489063583125436,-12.691128189295227,-15.24727879279223
MIROC,MIROC-ES2L,r1i1p1f2,gn,ssp245,2043-11,2043,11,1.9750830813273186,237.55541202306853,-0.35743455473497093,-286.4106479061854,-21.12306671978149,-32.7813702795526,-101.14202435585858,2.2346607690379368,206.07834229409005,-0.5505327509983511,-253.947457668769,-19.443062239311498,-26.85452686931898,-92.48257646526984,-0.2595776877106182,31.477069728978478,0.19309819626338015,-32.46319023741637,-1.680004480469993,-5.926843410233616,-8.659447890588737
MIROC,MIROC-ES2L,r1i1p1f2,gn,ssp245,2043-12,2043,12,0.39158433026662387,212.04102511176703,-0.0913927846306883,-263.66746553012433,-22.62189397849753,-30.45719225694538,-104.40533510816428,0.42759843987767737,191.39597646201616,-0.1463149110530818,-238.8125066111832,-20.102744137502,-25.136428982660664,-92.3744197405051,-0.0360141096110535,20.645048649750862,0.05492212642239351,-24.854958918941122,-2.519149840995528,-5.320763274284715,-12.030915367659176
MIROC,MIROC-ES2L,r1i1p1f2,gn,ssp245,2044-01,2044,1,1.1425918880525687,200.14792294750566,-0.4547310492062047,-250.0875118223995,-20.373850618673124,-28.19993495422289,-97.82551360894348,1.312831520498936,184.4046235989899,-0.6504690083046897,-230.4431739194702,-18.324392791067698,-23.303892736152008,-87.00447333550575,-0.1702396324463673,15.743299348515762,0.19573795909848496,-19.644337902929294,-2.0494578276054263,-4.896042218070882,-10.821040273437731
MIROC,MIROC-ES2L,r1i1p1f2,gn,ssp245,2044-02,2044,2,9.470866868256143,210.58370467514388,-5.122692643580563,-252.17370971154048,-8.385321297808757,-19.971390355323983,-65.59854246485378,10.134918449794124,183.00233533180176,-5.894508530509232,-227.93396157854312,-16.044463560492623,-21.711650424732266,-78.44733031268136,-0.664051581537981,27.581369343342118,0.7718158869286693,-24.239748132997363,7.659142262683867,1.7402600694082828,12.84878784782758
MIROC,MIROC-ES2L,r1i1p1f2,gn,ssp245,2044-03,2044,3,52.10046224531981,204.3553064055266,-32.602980569949466,-250.2165395190054,-9.985532285802103,-21.491516422478522,-57.840800146389114,54.092806291519665,188.06797862968583,-35.49560423649597,-233.96499959716866,-12.849913767591977,-19.59824621505587,-59.74797889510697,-1.9923440461998538,16.287327775840765,2.8926236665465055,-16.251539921836752,2.8643814817898736,-1.8932702074226526,1.907178748717854
MIROC,MIROC-ES2L,r1i1p1f2,gn,ssp245,2044-04,2044,4,145.88121151277164,225.41579719034775,-91.37327314354411,-271.0261174006259,-7.698313601576609,-16.58473816351799,-15.385433606145199,153.85297733527165,209.50018751526287,-103.91349209612389,-257.15609699210785,-7.231252400997411,-15.68121571347275,-20.62889235216735,-7.971765822500004,15.91560967508488,12.540218952579778,-13.87002040851803,-0.46706120057919787,-0.9035224500452408,5.243458746022153
MIROC,MIROC-ES2L,r1i1p1f2,gn,ssp245,2044-05,2044,5,238.35834828256455,255.60996119442026,-128.83781920110496,-299.5628207877051,-3.8926218053782176,-15.92920103287412,45.745846649922434,246.70169500271564,251.0877509758891,-149.22398744547607,-294.09121110661533,-3.5740003779165477,-15.43610176618813,35.4641452824087,-8.34334672015109,4.522210218531171,20.386168244371106,-5.471609681089774,-0.3186214274616699,-0.4930992666859897,10.281701367513733
MIROC,MIROC-ES2L,r1i1p1f2,gn,ssp245,2044-06,2044,6,253.1346365809638,295.17197077433997,-90.30992104614846,-323.61938399996296,0.8136105431677839,-10.533932825582687,124.65698002677742,262.85967388536494,287.5439359862113,-118.0808217040136,-319.1397551813616,-0.4218753871641016,-12.337941570683821,100.42321602835318,-9.725037304401155,7.628034788128673,27.77090065786514,-4.479628818601384,1.2354859303318855,1.8040087451011342,24.233763998424237
MIROC,MIROC-ES2L,r1i1p1f2,gn,ssp245,2044-07,2044,7,203.7656594032865,309.65082673185753,-47.48188578684911,-332.64208046048986,0.396525314784719,-9.05595452911,124.63309067347983,215.66988252964234,300.5301923815116,-73.02995970405915,-325.46176212074056,0.41270860793022107,-8.39102748653027,109.73003420775422,-11.904223126355845,9.120634350345938,25.54807391721004,-7.180318339749306,-0.016183293145502098,-0.6649270425797305,14.903056465725612
MIROC,MIROC-ES2L,r1i1p1f2,gn,ssp245,2044-08,2044,8,124.44335832095851,309.22799220094345,-19.350855530899505,-335.3686913409083,-0.43974858195724653,-11.810682419119434,66.7013726490175,135.16208166491174,295.50242311597475,-37.03752417522527,-324.68498651157415,-0.464213324470985,-11.852725721887758,56.625055047728296,-10.71872334395323,13.725569084968697,17.686668644325767,-10.683704829334147,0.02446474251373848,0.0420433027683238,10.076317601289205
MIROC,MIROC-ES2L,r1i1p1f2,gn,ssp245,2044-09,2044,9,55.130620573493225,294.0537458572582,-8.114587155386644,-328.69788790425594,-4.204685805860105,-26.161235410325368,-17.994029845076614,61.876713892617204,271.0061090726583,-17.776445273780446,-310.46478726779867,-5.377540528891009,-21.999781321033964,-22.735731426228572,-6.746093319123979,23.047636784599888,9.661858118393802,-18.233100636457266,1.1728547230309037,-4.161454089291404,4.741701581151958
MIROC,MIROC-ES2L,r1i1p1f2,gn,ssp245,2044-10,2044,10,15.234890343860588,262.7842338833759,-2.4872016848996363,-309.4141556239919,-13.816476001515886,-36.658056673560374,-84.3567657567313,16.046420071477925,235.3408133578954,-5.013446595779057,-280.3624820651788,-13.7920859904137,-26.972101580576677,-74.75288280257493,-0.8115297276173372,27.44342052548052,2.526244910879421,-29.051673558813093,-0.024390011102186193,-9.685955092983697,-9.603882954156376
MIROC,MIROC-ES2L,r1i1p1f2,gn,ssp245,2044-11,2044,11,2.2783261827071817,238.23690860623407,-0.43830949088903337,-285.803574200066,-18.536630282656503,-31.42253162783207,-95.68581081250235,2.2346607690379368,206.07834229409005,-0.5505327509983511,-253.947457668769,-19.443062239311498,-26.85452686931898,-92.48257646526984,0.043665413669244924,32.15856631214402,0.11222326010931771,-31.856116531297005,0.9064319566549948,-4.568004758513087,-3.2032343472325095
MIROC,MIROC-ES2L,r1i1p1f2,gn,ssp245,2044-12,2044,12,0.383221283897372,216.10287517304243,-0.08050999016948195,-266.4939394880633,-22.7245824722345,-33.40516773907878,-106.21810323260624,0.42759843987767737,191.39597646201616,-0.1463149110530818,-238.8125066111832,-20.102744137502,-25.136428982660664,-92.3744197405051,-0.044377155980305394,24.70689871102627,0.06580492088359986,-27.68143287688008,-2.621838334732498,-8.268738756418113,-13.843683492101135
MIROC,MIROC-ES2L,r1i1p1f2,gn,ssp245,2045-01,2045,1,1.2558257785450302,196.33103466868408,-0.4465594929212157,-249.54048158576012,-24.36256934221543,-30.487652480719888,-107.25040245438755,1.312831520498936,184.4046235989899,-0.6504690083046897,-230.4431739194702,-18.324392791067698,-23.303892736152008,-87.00447333550575,-0.05700574195390584,11.926411069694183,0.20390951538347396,-19.097307666289908,-6.038176551147732,-7.18375974456788,-20.245929118881804
MIROC,MIROC-ES2L,r1i1p1f2,gn,ssp245,2045-02,2045,2,9.890105747802288,190.19003030365064,-5.027250642472665,-241.59087973650657,-20.387620708480103,-27.084349724502626,-94.00996476050902,10.134918449794124,183.00233533180176,-5.894508530509232,-227.93396157854312,-16.044463560492623,-21.711650424732266,-78.44733031268136,-0.2448127019918367,7.1876949718488845,0.8672578880365673,-13.656918157963446,-4.34315714798748,-5.37269929977036,-15.562634447827662
MIROC,MIROC-ES2L,r1i1p1f2,gn,ssp245,2045-03,2045,3,49.63433764121703,210.42951629688736,-29.7516094583058,-255.45516381579037,-13.245812112737921,-23.755150899375785,-62.1438823481055,54.092806291519665,188.06797862968583,-35.49560423649597,-233.96499959716866,-12.849913767591977,-19.59824621505587,-59.74797889510697,-4.458468650302635,22.36153766720153,5.743994778190171,-21.490164218621715,-0.3958983451459446,-4.156904684319915,-2.3959034529985317
MIROC,MIROC-ES2L,r1i1p1f2,gn,ssp245,2045-04,2045,4,142.88709823863482,226.94843760571553,-89.13472939174747,-272.0300708517955,-6.654617219121829,-18.474112230791537,-16.457993849105904,153.85297733527165,209.50018751526287,-103.91349209612389,-257.15609699210785,-7.231252400997411,-15.68121571347275,-20.62889235216735,-10.965879096636826,17.44825009045266,14.778762704376419,-14.873973859687624,0.5766351818755817,-2.7928965173187876,4.170898503061448
MIROC,MIROC-ES2L,r1i1p1f2,gn,ssp245,2045-05,2045,5,236.12993931381132,259.39232215539175,-123.40854989959178,-300.9744875367243,-3.3901701475264496,-15.503976619285792,52.2450772660747,246.70169500271564,251.0877509758891,-149.22398744547607,-294.09121110661533,-3.5740003779165477,-15.43610176618813,35.4641452824087,-10.571755688904318,8.304571179502659,25.815437545884294,-6.883276430108992,0.18383023039009805,-0.06787485309766161,16.780931983666
MIROC,MIROC-ES2L,r1i1p1f2,gn,ssp245,2045-06,2045,6,252.43796069638395,294.9680012510629,-91.29926831166584,-323.7005683616207,-0.9502889372429041,-10.835084555419499,120.62075178149787,262.85967388536494,287.5439359862113,-118.0808217040136,-319.1397551813616,-0.4218753871641016,-12.337941570683821,100.42321602835318,-10.421713188980988,7.424065264851606,26.78155339234776,-4.560813180259117,-0.5284135500788025,1.502857015264322,20.19753575314469
MIROC,MIROC-ES2L,r1i1p1f2,gn,ssp245,2045-07,2045,7,201.23630033477963,311.5024554984885,-44.891004908284856,-332.7146194004999,0.5320749389195671,-7.1884209465396545,128.4767855168633,215.66988252964234,300.5301923815116,-73.02995970405915,-325.46176212074056,0.41270860793022107,-8.39102748653027,109.73003420775422,-14.433582194862709,10.972263116976876,28.138954795774296,-7.252857279759326,0.11936633098934607,1.2026065399906152,18.746751309109072
MIROC,MIROC-ES2L,r1i1p1f2,gn,ssp245,2045-08,2045,8,125.41850290843605,306.42309649395327,-19.838208240402494,-335.7329678907712,-0.917895996475467,-13.073575468046535,62.278951806693634,135.16208166491174,295.50242311597475,-37.03752417522527,-324.68498651157415,-0.464213324470985,-11.852725721887758,56.625055047728296,-9.743578756475685,10.920673377978517,17.199315934822778,-11.04798137919704,-0.45368267200448203,-1.2208497461587768,5.653896758965338
MIROC,MIROC-ES2L,r1i1p1f2,gn,ssp245,2045-09,2045,9,56.42931522548108,288.26943789579366,-9.107605991693243,-327.754115010736,-5.757427124307256,-28.87374178944234,-26.794136794904027,61.876713892617204,271.0061090726583,-17.776445273780446,-310.46478726779867,-5.377540528891009,-21.999781321033964,-22.735731426228572,-5.44739866713612,17.26332882313534,8.668839282087204,-17.289327742937303,-0.3798865954162469,-6.873960468408377,-4.058405368675455
MIROC,MIROC-ES2L,r1i1p1f2,gn,ssp245,2045-10,2045,10,14.684643556813995,260.65388620487744,-2.5710337649497084,-307.57732089142513,-15.779970704023045,-35.75510501021365,-86.34490060892009,16.046420071477925,235.3408133578954,-5.013446595779057,-280.3624820651788,-13.7920859904137,-26.972101580576677,-74.75288280257493,-1.36177651466393,25.31307284698204,2.442412830829349,-27.214838826246307,-1.9878847136093452,-8.78300342963697,-11.592017806345154
MIROC,MIROC-ES2L,r1i1p1f2,gn,ssp245,2045-11,2045,11,2.2219145244708542,226.1804776168146,-0.4189575003173743,-278.40486034269736,-22.931821206025884,-35.386557552396134,-108.73980446015128,2.2346607690379368,206.07834229409005,-0.5505327509983511,-253.947457668769,-19.443062239311498,-26.85452686931898,-92.48257646526984,-0.01274624456708251,20.102135322724564,0.1315752506809768,-24.457402673928357,-3.4887589667143857,-8.532030683077153,-16.257227994881433
MIROC,MIROC-ES2L,r1i1p1f2,gn,ssp245,2045-12,2045,12,0.372444955492468,219.2151306624796,-0.0804189164454658,-264.30015227707423,-15.930955386809252,-24.0554642896895,-84.7794152520464,0.42759843987767737,191.39597646201616,-0.1463149110530818,-238.8125066111832,-20.102744137502,-25.136428982660664,-92.3744197405051,-0.055153484385209395,27.81915420046343,0.06589599460761601,-25.487645665891023,4.171788750692748,1.0809646929711647,7.595004488458699
MIROC,MIROC-ES2L,r1i1p1f2,gn,ssp245,2046-01,2046,1,1.109485927730843,210.4853762373533,-0.42332332914536247,-255.56283754749126,-14.777129265579669,-22.103218260793682,-81.27164623792584,1.312831520498936,184.4046235989899,-0.6504690083046897,-230.4431739194702,-18.324392791067698,-23.303892736152008,-87.00447333550575,-0.20334559276809294,26.080752638363407,0.2271456791593272,-25.119663628021044,3.547263525488029,1.2006744753583263,5.732827097579914
MIROC,MIROC-ES2L,r1i1p1f2,gn,ssp245,2046-02,2046,2,9.598631084252021,210.9342532876638,-5.174560653932793,-253.61588999535897,-10.874543737117904,-20.469591484840144,-69.60170149933398,10.134918449794124,183.00233533180176,-5.894508530509232,-227.93396157854312,-16.044463560492623,-21.711650424732266,-78.44733031268136,-0.536287365542103,27.931917955862048,0.7199478765764393,-25.68192841681585,5.16991982337472,1.2420589398921216,8.845628813347375
MIROC,MIROC-ES2L,r1i1p1f2,gn,ssp245,2046-03,2046,3,50.308732673931736,216.89012440215325,-30.560379121036522,-258.22366852147024,-7.696004527066376,-19.078882831329494,-48.360077924817645,54.092806291519665,188.06797862968583,-35.49560423649597,-233.96499959716866,-12.849913767591977,-19.59824621505587,-59.74797889510697,-3.7840736175879286,28.822145772467422,4.935225115459449,-24.25866892430159,5.153909240525601,0.5193633837263754,11.387900970289323
MIROC,MIROC-ES2L,r1i1p1f2,gn,ssp245,2046-04,2046,4,145.73238946677648,228.5020318749469,-91.38404663282677,-273.80107341003276,-5.012415940016216,-14.753593592739538,-10.716708233891858,153.85297733527165,209.50018751526287,-103.91349209612389,-257.15609699210785,-7.231252400997411,-15.68121571347275,-20.62889235216735,-8.120587868495164,19.001844359684043,12.529445463297122,-16.64497641792491,2.218836460981195,0.9276221207332114,9.912184118275494
MIROC,MIROC-ES2L,r1i1p1f2,gn,ssp245,2046-05,2046,5,228.84603135095026,267.93672128968285,-119.83034723293208,-306.2830275141045,-1.5652228336751883,-13.93726924157978,55.166885818341584,246.70169500271564,251.0877509758891,-149.22398744547607,-294.09121110661533,-3.5740003779165477,-15.43610176618813,35.4641452824087,-17.855663651765383,16.848970313793757,29.393640212543986,-12.19181640748917,2.0087775442413593,1.4988325246083498,19.702740535932882
MIROC,MIROC-ES2L,r1i1p1f2,gn,ssp245,2046-06,2046,6,242.95377883948808,297.68795929330366,-86.14833825071283,-323.8289963304661,0.6323297385399469,-9.199304961381117,122.09742832877161,262.85967388536494,287.5439359862113,-118.0808217040136,-319.1397551813616,-0.4218753871641016,-12.337941570683821,100.42321602835318,-19.90589504587686,10.144023307092368,31.932483453300776,-4.689241149104532,1.0542051257040486,3.1386366093027043,21.674212300418432
MIROC,MIROC-ES2L,r1i1p1f2,gn,ssp245,2046-07,2046,7,198.2473223602332,309.49079299691806,-44.22026630334674,-331.481311383959,0.7612526922867943,-8.357269491085102,124.44052087104723,215.66988252964234,300.5301923815116,-73.02995970405915,-325.46176212074056,0.41270860793022107,-8.39102748653027,109.73003420775422,-17.422560169409138,8.960600615406463,28.809693400712412,-6.019549263218437,0.3485440843565732,0.033757995445167666,14.710486663293011
MIROC,MIROC-ES2L,r1i1p1f2,gn,ssp245,2046-08,2046,8,122.4742940577795,309.3906676264082,-17.835440082084,-334.72254704015495,-0.7061438708017865,-12.350147398125475,66.25068329302147,135.16208166491174,295.50242311597475,-37.03752417522527,-324.68498651157415,-0.464213324470985,-11.852725721887758,56.625055047728296,-12.687787607132236,13.888244510433424,19.202084093141274,-10.037560528580798,-0.24193054633080152,-0.4974216762377175,9.625628245293171
MIROC,MIROC-ES2L,r1i1p1f2,gn,ssp245,2046-09,2046,9,55.18659924973704,292.7259268014663,-7.779882135753787,-328.91423528659726,-3.4744417215701073,-24.06073530548984,-16.316768398207614,61.876713892617204,271.0061090726583,-17.776445273780446,-310.46478726779867,-5.377540528891009,-21.999781321033964,-22.735731426228572,-6.690114642880161,21.719817728807982,9.996563138026659,-18.44944801879859,1.9030988073209016,-2.0609539844558746,6.418963028020958
MIROC,MIROC-ES2L,r1i1p1f2,gn,ssp245,2046-10,2046,10,14.347356883033159,272.3503575413944,-2.535395415715221,-313.2610187872974,-8.893629112555601,-29.633812071901776,-67.62614096304249,16.046420071477925,235.3408133578954,-5.013446595779057,-280.3624820651788,-13.7920859904137,-26.972101580576677,-74.75288280257493,-1.6990631884447662,37.009544183498974,2.478051180063836,-32.89853672211859,4.898456877858099,-2.661710491325099,7.126741839532443
MIROC,MIROC-ES2L,r1i1p1f2,gn,ssp245,2046-11,2046,11,1.9765827852892912,241.47124002008536,-0.3616572050633096,-287.59343957094853,-17.402875682116246,-31.93489932023922,-93.84504897299269,2.2346607690379368,206.07834229409005,-0.5505327509983511,-253.947457668769,-19.443062239311498,-26.85452686931898,-92.48257646526984,-0.25807798374864555,35.39289772599531,0.18887554593504147,-33.64598190217953,2.040186557195252,-5.08037245092024,-1.362472507722842
MIROC,MIROC-ES2L,r1i1p1f2,gn,ssp245,2046-12,2046,12,0.40663607977227273,215.3568631548752,-0.09390156754051092,-263.94476709881536,-21.4591998446662,-29.781844845627326,-99.51621412200191,0.42759843987767737,191.39597646201616,-0.1463149110530818,-238.8125066111832,-20.102744137502,-25.136428982660664,-92.3744197405051,-0.020962360105404643,23.96088669285905,0.05241334351257089,-25.132260487632152,-1.3564557071641978,-4.6454158629666615,-7.141794381496808
MIROC,MIROC-ES2L,r1i1p1f2,gn,ssp245,2047-01,2047,1,1.3361769435248867,213.53211138135882,-0.577670307911862,-259.43099119244056,-16.6023258124445,-28.610105437590235,-90.35280442550345,1.312831520498936,184.4046235989899,-0.6504690083046897,-230.4431739194702,-18.324392791067698,-23.303892736152008,-87.00447333550575,0.023345423025950662,29.127487782368917,0.07279870039282765,-28.987817272970346,1.7220669786231966,-5.306212701438227,-3.3483310899977
MIROC,MIROC-ES2L,r1i1p1f2,gn,ssp245,2047-02,2047,2,9.92649746689578,198.28024137199915,-5.141241751473058,-245.72778884007667,-18.959688646184823,-25.251312458505666,-86.87329285734529,10.134918449794124,183.00233533180176,-5.894508530509232,-227.93396157854312,-16.044463560492623,-21.711650424732266,-78.44733031268136,-0.20842098289834432,15.277906040197394,0.7532667790361742,-17.79382726153355,-2.9152250856921995,-3.5396620337734,-8.425962544663932
MIROC,MIROC-ES2L,r1i1p1f2,gn,ssp245,2047-03,2047,3,53.00171078460894,199.48972041571713,-32.88958431027353,-249.92459001491517,-19.42976606585872,-27.911192172596863,-77.66370136331821,54.092806291519665,188.06797862968583,-35.49560423649597,-233.96499959716866,-12.849913767591977,-19.59824621505587,-59.74797889510697,-1.091095506910726,11.421741786031305,2.6060199262224444,-15.959590417746512,-6.579852298266742,-8.312945957540993,-17.915722468211243
MIROC,MIROC-ES2L,r1i1p1f2,gn,ssp245,2047-04,2047,4,147.16613385869204,223.7701574671866,-94.51740047707484,-268.02410108207056,-5.126019800484491,-13.241220823674801,-9.972450857426038,153.85297733527165,209.50018751526287,-103.91349209612389,-257.15609699210785,-7.231252400997411,-15.68121571347275,-20.62889235216735,-6.686843476579611,14.269969951923741,9.396091619049045,-10.86800408996271,2.1052326005129203,2.4399948897979478,10.656441494741314
MIROC,MIROC-ES2L,r1i1p1f2,gn,ssp245,2047-05,2047,5,230.95269461830722,266.0191041813696,-122.82893887221594,-304.11298168642793,-1.4880279964018002,-12.171588591193233,56.370261653437886,246.70169500271564,251.0877509758891,-149.22398744547607,-294.09121110661533,-3.5740003779165477,-15.43610176618813,35.4641452824087,-15.749000384408419,14.931353205480491,26.395048573260127,-10.021770579812596,2.0859723815147477,3.2645131749948977,20.906116371029185
MIROC,MIROC-ES2L,r1i1p1f2,gn,ssp245,2047-06,2047,6,248.814184191737,297.98386144392805,-90.85859173095928,-325.2425982061943,-0.11337742272490664,-9.82608047749444,120.7573977982921,262.85967388536494,287.5439359862113,-118.0808217040136,-319.1397551813616,-0.4218753871641016,-12.337941570683821,100.42321602835318,-14.045489693627928,10.439925457716754,27.222229973054326,-6.102843024832737,0.30849796443919497,2.5118610931893812,20.334181769938922
MIROC,MIROC-ES2L,r1i1p1f2,gn,ssp245,2047-07,2047,7,196.41552345473832,310.9057403622827,-45.78715377176229,-332.31974472185607,0.374269783987643,-7.319405478747546,122.26922962864276,215.66988252964234,300.5301923815116,-73.02995970405915,-325.46176212074056,0.41270860793022107,-8.39102748653027,109.73003420775422,-19.254359074904016,10.375547980771103,27.24280593229686,-6.857982601115509,-0.03843882394257808,1.0716220077827234,12.539195420888547
MIROC,MIROC-ES2L,r1i1p1f2,gn,ssp245,2047-08,2047,8,119.48005851719866,310.85789980639754,-17.05607063234972,-335.0943325986393,-1.0960201830709282,-13.270598301470384,63.82093660806585,135.16208166491174,295.50242311597475,-37.03752417522527,-324.68498651157415,-0.464213324470985,-11.852725721887758,56.625055047728296,-15.682023147713082,15.35547669042279,19.981453542875553,-10.40934608706516,-0.6318068585999432,-1.4178725795826264,7.195881560337554
MIROC,MIROC-ES2L,r1i1p1f2,gn,ssp245,2047-09,2047,9,53.587132365873245,293.2866734893739,-7.094419960853122,-328.9135069624337,-3.4482995705602533,-24.4639474570684,-17.046368095668342,61.876713892617204,271.0061090726583,-17.776445273780446,-310.46478726779867,-5.377540528891009,-21.999781321033964,-22.735731426228572,-8.289581526743959,22.280564416715606,10.682025312927324,-18.44871969463503,1.9292409583307557,-2.464166136034436,5.68936333056023
MIROC,MIROC-ES2L,r1i1p1f2,gn,ssp245,2047-10,2047,10,14.356511664146893,265.869451278817,-2.336848127868783,-311.62827600250415,-13.787037309251161,-36.61217566354191,-84.13837416020215,16.046420071477925,235.3408133578954,-5.013446595779057,-280.3624820651788,-13.7920859904137,-26.972101580576677,-74.75288280257493,-1.689908407331032,30.528637920921597,2.6765984679102743,-31.265793937325327,0.0050486811625383154,-9.640074082965235,-9.385491357627217
MIROC,MIROC-ES2L,r1i1p1f2,gn,ssp245,2047-11,2047,11,2.1242112764800334,238.8505217736418,-0.3980668179393341,-286.29271722933737,-16.87436073913317,-29.866051752743086,-92.45646348903115,2.2346607690379368,206.07834229409005,-0.5505327509983511,-253.947457668769,-19.443062239311498,-26.85452686931898,-92.48257646526984,-0.11044949255790337,32.77217947955174,0.15246593305901696,-32.345259560568365,2.568701500178328,-3.011524883424105,0.02611297623869291
MIROC,MIROC-ES2L,r1i1p1f2,gn,ssp245,2047-12,2047,12,0.3802951011544967,212.61005978626747,-0.07481616286120821,-262.1814482853463,-19.487449804962836,-27.528622270223703,-96.28198163597204,0.42759843987767737,191.39597646201616,-0.1463149110530818,-238.8125066111832,-20.102744137502,-25.136428982660664,-92.3744197405051,-0.047303338723180655,21.214083324251305,0.0714987481918736,-23.368941674163068,0.6152943325391647,-2.392193287563039,-3.907561895466941
MIROC,MIROC-ES2L,r1i1p1f2,gn,ssp245,2048-01,2048,1,1.1501063194745231,202.75819266079415,-0.43149929045624386,-250.9305375366255,-19.927428036681484,-27.15272717097612,-94.53389305447065,1.312831520498936,184.4046235989899,-0.6504690083046897,-230.4431739194702,-18.324392791067698,-23.303892736152008,-87.00447333550575,-0.1627252010244129,18.35356906180425,0.21896971784844582,-20.487363617155296,-1.6030352456137855,-3.848834434824113,-7.529419718964903
MIROC,MIROC-ES2L,r1i1p1f2,gn,ssp245,2048-02,2048,2,9.021269622242455,201.98258024903618,-4.634028648203366,-248.22602041691525,-14.767291921308095,-22.093281419430838,-78.71677253457892,10.134918449794124,183.00233533180176,-5.894508530509232,-227.93396157854312,-16.044463560492623,-21.711650424732266,-78.44733031268136,-1.1136488275516694,18.980244917234415,1.2604798823058658,-20.292058838372128,1.2771716391845285,-0.38163099469857187,-0.26944222189756317
MIROC,MIROC-ES2L,r1i1p1f2,gn,ssp245,2048-03,2048,3,52.045024731929594,201.3473607230886,-31.683841977913406,-247.38573054679063,-9.132551147167776,-15.997171487811132,-50.80690970466473,54.092806291519665,188.06797862968583,-35.49560423649597,-233.96499959716866,-12.849913767591977,-19.59824621505587,-59.74797889510697,-2.047781559590071,13.279382093402774,3.811762258582565,-13.42073094962197,3.7173626204242005,3.601074727244738,8.941069190442235
MIROC,MIROC-ES2L,r1i1p1f2,gn,ssp245,2048-04,2048,4,147.35492879835448,222.43855059451397,-93.01691940665174,-266.86352370675036,-5.04417799416289,-12.663906451100681,-7.795048165797189,153.85297733527165,209.50018751526287,-103.91349209612389,-257.15609699210785,-7.231252400997411,-15.68121571347275,-20.62889235216735,-6.498048536917167,12.938363079251104,10.896572689472151,-9.707426714642509,2.1870744068345207,3.017309262372068,12.833844186370163
MIROC,MIROC-ES2L,r1i1p1f2,gn,ssp245,2048-05,2048,5,238.72572788661566,260.4498167683114,-126.01166994635994,-302.31326382794754,-4.189005291951799,-16.173423709803526,50.488181878864296,246.70169500271564,251.0877509758891,-149.22398744547607,-294.09121110661533,-3.5740003779165477,-15.43610176618813,35.4641452824087,-7.97596711609998,9.3620657924223,23.212317499116125,-8.222052721332204,-0.6150049140352509,-0.7373219436153953,15.024036596455595
MIROC,MIROC-ES2L,r1i1p1f2,gn,ssp245,2048-06,2048,6,258.0734465387131,293.99923695390544,-94.85347502649084,-324.46064266446064,-0.42078655067460413,-10.899874907904042,121.43790434308846,262.85967388536494,287.5439359862113,-118.0808217040136,-319.1397551813616,-0.4218753871641016,-12.337941570683821,100.42321602835318,-4.786227346651856,6.455300967694143,23.22734667752276,-5.320887483099057,0.00108883648949748,1.4380666627797787,21.01468831473528
MIROC,MIROC-ES2L,r1i1p1f2,gn,ssp245,2048-07,2048,7,201.87492966801406,311.9068800481993,-48.58160456788865,-333.50060427286473,0.23876506504033168,-7.190837379183438,124.74752856131691,215.66988252964234,300.5301923815116,-73.02995970405915,-325.46176212074056,0.41270860793022107,-8.39102748653027,109.73003420775422,-13.794952861628275,11.376687666687701,24.448355136170505,-8.038842152124175,-0.1739435428898894,1.200190107346832,15.017494353562697
MIROC,MIROC-ES2L,r1i1p1f2,gn,ssp245,2048-08,2048,8,123.94798949437804,309.3118550486531,-20.419334668751006,-336.2480111595112,-0.9272554540278419,-13.08167783256609,62.583565428175035,135.16208166491174,295.50242311597475,-37.03752417522527,-324.68498651157415,-0.464213324470985,-11.852725721887758,56.625055047728296,-11.214092170533704,13.809431932678365,16.618189506474266,-11.563024647937027,-0.4630421295568569,-1.2289521106783319,5.958510380446739
MIROC,MIROC-ES2L,r1i1p1f2,gn,ssp245,2048-09,2048,9,56.86970373084142,291.14128872592096,-9.3472975780638,-327.92419510327267,-5.070716283364101,-25.34291827809703,-19.67413478603519,61.876713892617204,271.0061090726583,-17.776445273780446,-310.46478726779867,-5.377540528891009,-21.999781321033964,-22.735731426228572,-5.007010161775781,20.13517965326264,8.429147695716646,-17.459407835473996,0.3068242455269079,-3.3431369570630665,3.0615966401933825
MIROC,MIROC-ES2L,r1i1p1f2,gn,ssp245,2048-10,2048,10,15.487872629559487,262.2295209464302,-2.8153206822015027,-308.32726689382764,-13.267476768070996,-34.88621659220667,-81.57888736031708,16.046420071477925,235.3408133578954,-5.013446595779057,-280.3624820651788,-13.7920859904137,-26.972101580576677,-74.75288280257493,-0.5585474419184386,26.888707588534828,2.1981259135775546,-27.964784828648817,0.5246092223427041,-7.914115011629995,-6.826004557742152
MIROC,MIROC-ES2L,r1i1p1f2,gn,ssp245,2048-11,2048,11,2.1647644524573413,232.69178151425828,-0.40491509467828074,-280.5492961852877,-17.098186011679672,-29.769192925971094,-92.9650442509011,2.2346607690379368,206.07834229409005,-0.5505327509983511,-253.947457668769,-19.443062239311498,-26.85452686931898,-92.48257646526984,-0.06989631658059547,26.61343922016823,0.14561765632007034,-26.601838516518683,2.3448762276318256,-2.9146660566521128,-0.4824677856312576
MIROC,MIROC-ES2L,r1i1p1f2,gn,ssp245,2048-12,2048,12,0.4131587670541077,210.21487625242435,-0.08779357605819746,-260.81666562079744,-21.28699092503729,-31.3161665335213,-102.87958163593576,0.42759843987767737,191.39597646201616,-0.1463149110530818,-238.8125066111832,-20.102744137502,-25.136428982660664,-92.3744197405051,-0.014439672823569671,18.81889979040818,0.05852133499488435,-22.004159009614227,-1.1842467875352902,-6.1797375508606365,-10.50516189543066
MIROC,MIROC-ES2L,r1i1p1f2,gn,ssp245,2049-01,2049,1,1.1923483524914966,206.46942350443902,-0.43167472252666694,-254.2063813116357,-15.892442039243726,-24.870085658477645,-87.73881187495323,1.312831520498936,184.4046235989899,-0.6504690083046897,-230.4431739194702,-18.324392791067698,-23.303892736152008,-87.00447333550575,-0.12048316800743941,22.06479990544912,0.21879428577802273,-23.763207392165498,2.4319507518239725,-1.5661929223256372,-0.734338539447478
MIROC,MIROC-ES2L,r1i1p1f2,gn,ssp245,2049-02,2049,2,9.114343050783509,199.10957563834813,-4.991179568589115,-241.95154134130345,-11.861445843914282,-17.943253236431605,-68.5235013011068,10.134918449794124,183.00233533180176,-5.894508530509232,-227.93396157854312,-16.044463560492623,-21.711650424732266,-78.44733031268136,-1.0205753990106157,16.107240306546373,0.903328961920117,-14.017579762760334,4.183017716578341,3.7683971883006606,9.923829011574554
MIROC,MIROC-ES2L,r1i1p1f2,gn,ssp245,2049-03,2049,3,50.89395146139939,206.94127762745055,-30.8861450011886,-251.22275416441195,-10.52287334683314,-20.328331181707963,-55.12487460529172,54.092806291519665,188.06797862968583,-35.49560423649597,-233.96499959716866,-12.849913767591977,-19.59824621505587,-59.74797889510697,-3.1988548301202755,18.87329899776472,4.609459235307373,-17.257754567243296,2.327040420758836,-0.7300849666520932,4.623104289815245
MIROC,MIROC-ES2L,r1i1p1f2,gn,ssp245,2049-04,2049,4,142.80482544700266,234.9931516328785,-88.50023057259126,-277.4721638918414,-3.969296708329154,-16.47852260705235,-8.62223669993298,153.85297733527165,209.50018751526287,-103.91349209612389,-257.15609699210785,-7.231252400997411,-15.68121571347275,-20.62889235216735,-11.04815188826899,25.492964117615628,15.413261523532626,-20.316066899733528,3.261955692668257,-0.7973068935796022,12.006655652234372
MIROC,MIROC-ES2L,r1i1p1f2,gn,ssp245,2049-05,2049,5,221.93457386623479,275.24916369297364,-108.4501219253283,-311.2727592108985,-2.4576085420121268,-18.01782745140414,56.985420429565366,246.70169500271564,251.0877509758891,-149.22398744547607,-294.09121110661533,-3.5740003779165477,-15.43610176618813,35.4641452824087,-24.767121136480853,24.161412717084545,40.773865520147766,-17.181548104283195,1.116391835904421,-2.5817256852160106,21.521275147156665
MIROC,MIROC-ES2L,r1i1p1f2,gn,ssp245,2049-06,2049,6,247.622778192855,297.2019881471588,-84.03797447198265,-324.558989423681,-0.4710694444079459,-10.372350037661706,125.38438296228045,262.85967388536494,287.5439359862113,-118.0808217040136,-319.1397551813616,-0.4218753871641016,-12.337941570683821,100.42321602835318,-15.236895692509933,9.658052160947477,34.04284723203095,-5.419234242319419,-0.04919405724384429,1.9655915330221152,24.961166933927274
MIROC,MIROC-ES2L,r1i1p1f2,gn,ssp245,2049-07,2049,7,203.35639870975328,309.9028339662779,-44.09114245708464,-332.8677851415988,0.21211375313316663,-7.2510680983904,129.2613507320905,215.66988252964234,300.5301923815116,-73.02995970405915,-325.46176212074056,0.41270860793022107,-8.39102748653027,109.73003420775422,-12.313483819889058,9.372641584766313,28.93881724697451,-7.4060230208582425,-0.20059485479705444,1.1399593881398697,19.53131652433629
MIROC,MIROC-ES2L,r1i1p1f2,gn,ssp245,2049-08,2049,8,130.1116804156545,306.1551208816826,-17.76376362801301,-336.1612950991373,-1.2754424481608786,-14.262997747201402,66.80330237482453,135.16208166491174,295.50242311597475,-37.03752417522527,-324.68498651157415,-0.464213324470985,-11.852725721887758,56.625055047728296,-5.0504012492572485,10.652697765707842,19.273760547212262,-11.476308587563153,-0.8112291236898936,-2.4102720253136436,10.17824732709623
MIROC,MIROC-ES2L,r1i1p1f2,gn,ssp245,2049-09,2049,9,55.513987269046495,292.0082416705456,-7.263362011957424,-330.53025795616395,-5.777866775858415,-28.560370738112457,-24.609628542500182,61.876713892617204,271.0061090726583,-17.776445273780446,-310.46478726779867,-5.377540528891009,-21.999781321033964,-22.735731426228572,-6.362726623570708,21.002132597887282,10.513083261823022,-20.06547068836528,-0.40032624696740626,-6.560589417078493,-1.8738971162716105
MIROC,MIROC-ES2L,r1i1p1f2,gn,ssp245,2049-10,2049,10,14.268872626552493,268.7696052422611,-2.293824255427652,-314.08892413076705,-11.989540000207956,-35.339969051832945,-80.67377956942201,16.046420071477925,235.3408133578954,-5.013446595779057,-280.3624820651788,-13.7920859904137,-26.972101580576677,-74.75288280257493,-1.7775474449254318,33.428791884365694,2.7196223403514055,-33.72644206558823,1.8025459902057435,-8.367867471256268,-5.920896766847079
MIROC,MIROC-ES2L,r1i1p1f2,gn,ssp245,2049-11,2049,11,2.32231142509198,236.7340528255356,-0.4388443984320069,-288.4265671919022,-23.263301810784505,-38.19042876436328,-111.26277791485441,2.2346607690379368,206.07834229409005,-0.5505327509983511,-253.947457668769,-19.443062239311498,-26.85452686931898,-92.48257646526984,0.0876506560540431,30.65571053144555,0.11168835256634418,-34.47910952313322,-3.8202395714730066,-11.335901895044302,-18.780201449584567
MIROC,MIROC-ES2L,r1i1p1f2,gn,ssp245,2049-12,2049,12,0.3889790354013709,214.43331457057275,-0.08148595160386148,-265.61103072077975,-22.342605848036076,-29.801978782880955,-103.01480769732652,0.42759843987767737,191.39597646201616,-0.1463149110530818,-238.8125066111832,-20.102744137502,-25.136428982660664,-92.3744197405051,-0.03861940447630646,23.037338108556582,0.06482895944922033,-26.798524109596542,-2.2398617105340755,-4.66554980022029,-10.640387956821414
MIROC,MIROC-ES2L,r1i1p1f2,gn,ssp245,2050-01,2050,1,1.1241678270672224,200.64153080362632,-0.3993656477882695,-253.74609654229067,-24.959144168056977,-33.63683920578143,-110.9757469332238,1.312831520498936,184.4046235989899,-0.6504690083046897,-230.4431739194702,-18.324392791067698,-23.303892736152008,-87.00447333550575,-0.18866369343171363,16.236907204636424,0.2511033605164202,-23.30292262282046,-6.6347513769892785,-10.33294646962942,-23.971273597718053
MIROC,MIROC-ES2L,r1i1p1f2,gn,ssp245,2050-02,2050,2,9.674944210401478,204.72786154991815,-4.910539943290409,-251.1749654972463,-16.818794224895285,-25.759857441655498,-84.26135134676788,10.134918449794124,183.00233533180176,-5.894508530509232,-227.93396157854312,-16.044463560492623,-21.711650424732266,-78.44733031268136,-0.4599742393926469,21.725526218116386,0.9839685872188229,-23.24100391870317,-0.7743306644026617,-4.048207016923232,-5.814021034086522
MIROC,MIROC-ES2L,r1i1p1f2,gn,ssp245,2050-03,2050,3,50.05125482778418,216.91010824847285,-29.5855757287235,-259.4963946480034,-7.070925755081918,-19.957332866263542,-49.148865921815315,54.092806291519665,188.06797862968583,-35.49560423649597,-233.96499959716866,-12.849913767591977,-19.59824621505587,-59.74797889510697,-4.0415514637354875,28.842129618787027,5.91002850777247,-25.531395050834732,5.778988012510059,-0.35908665120767225,10.599112973291653
MIROC,MIROC-ES2L,r1i1p1f2,gn,ssp245,2050-04,2050,4,141.91440230355414,229.51022476977616,-88.60337806202143,-272.92732630957283,-4.760986025804702,-14.77256243701267,-9.639625761081355,153.85297733527165,209.50018751526287,-103.91349209612389,-257.15609699210785,-7.231252400997411,-15.68121571347275,-20.62889235216735,-11.938575031717505,20.010037254513293,15.310114034102455,-15.771229317464986,2.4702663751927085,0.908653276460079,10.989266591085997
MIROC,MIROC-ES2L,r1i1p1f2,gn,ssp245,2050-05,2050,5,220.9707032715881,277.3526726401968,-106.02382188241744,-311.3243599767594,-2.00177203207466,-16.276926777825935,62.696495242707414,246.70169500271564,251.0877509758891,-149.22398744547607,-294.09121110661533,-3.5740003779165477,-15.43610176618813,35.4641452824087,-25.730991731127546,26.26492166430768,43.20016556305863,-17.233148870144078,1.5722283458418875,-0.8408250116378042,27.232349960298713
MIROC,MIROC-ES2L,r1i1p1f2,gn,ssp245,2050-06,2050,6,248.57518882399356,297.42273299393685,-80.60047918252734,-325.080978672277,-0.501936229783376,-10.317437824490566,129.49708990885213,262.85967388536494,287.5439359862113,-118.0808217040136,-319.1397551813616,-0.4218753871641016,-12.337941570683821,100.42321602835318,-14.284485061371385,9.878797007725552,37.480342521486264,-5.941223490915434,-0.08006084261927443,2.0205037461932545,29.07387388049895
MIROC,MIROC-ES2L,r1i1p1f2,gn,ssp245,2050-07,2050,7,200.26986017537345,311.19740248596884,-37.8713370002564,-334.19127393177325,-0.26242049397658884,-8.825851310446977,130.31637992488905,215.66988252964234,300.5301923815116,-73.02995970405915,-325.46176212074056,0.41270860793022107,-8.39102748653027,109.73003420775422,-15.400022354268884,10.66721010445724,35.15862270380275,-8.729511811032694,-0.67512910190681,-0.43482382391670704,20.586345717134833
MIROC,MIROC-ES2L,r1i1p1f2,gn,ssp245,2050-08,2050,8,120.14122910191013,308.92533598392987,-13.91057775010752,-336.8104291940205,-0.817734554354292,-13.205464049771075,64.32235953758662,135.16208166491174,295.50242311597475,-37.03752417522527,-324.68498651157415,-0.464213324470985,-11.852725721887758,56.625055047728296,-15.020852563001611,13.42291286795512,23.12694642511775,-12.125442682446362,-0.353521229883307,-1.3527383278833174,7.697304489858325
MIROC,MIROC-ES2L,r1i1p1f2,gn,ssp245,2050-09,2050,9,54.98946544740905,292.7330395611154,-6.807629444497154,-330.6183285623314,-5.160775434610283,-26.877229286484585,-21.74145771939897,61.876713892617204,271.0061090726583,-17.776445273780446,-310.46478726779867,-5.377540528891009,-21.999781321033964,-22.735731426228572,-6.887248445208151,21.72693048845707,10.968815829283292,-20.153541294532715,0.216765094280726,-4.877447965450621,0.9942737068296026
MIROC,MIROC-ES2L,r1i1p1f2,gn,ssp245,2050-10,2050,10,14.509573614750058,265.91516212501494,-2.3332513210756405,-314.1895108696631,-15.165886928351426,-38.19717392545446,-89.46108730477957,16.046420071477925,235.3408133578954,-5.013446595779057,-280.3624820651788,-13.7920859904137,-26.972101580576677,-74.75288280257493,-1.5368464567278668,30.574348767119545,2.680195274703417,-33.82702880448426,-1.3738009379377267,-11.22507234487778,-14.708204502204637
MIROC,MIROC-ES2L,r1i1p1f2,gn,ssp245,2050-11,2050,11,2.054976283278121,245.02047957520233,-0.37942258978736015,-292.56997386976644,-17.58449312306368,-31.85395644560057,-95.31239016973763,2.2346607690379368,206.07834229409005,-0.5505327509983511,-253.947457668769,-19.443062239311498,-26.85452686931898,-92.48257646526984,-0.17968448575981588,38.94213728111228,0.17111016121099093,-38.62251620099744,1.8585691162478177,-4.999429576281589,-2.8298137044677816
MIROC,MIROC-ES2L,r1i1p1f2,gn,ssp245,2050-12,2050,12,0.38610822277236295,216.97504529289643,-0.07601613418517009,-268.5723182325523,-24.0754799965586,-31.92239379739559,-107.28505464502287,0.42759843987767737,191.39597646201616,-0.1463149110530818,-238.8125066111832,-20.102744137502,-25.136428982660664,-92.3744197405051,-0.04149021710531442,25.57906883088026,0.07029877686791172,-29.759811621369067,-3.9727358590565984,-6.785964814734925,-14.910634904517764
MIROC,MIROC-ES2L,r1i1p1f2,gn,ssp245,2051-01,2051,1,1.2688278171671734,214.01004725840335,-0.48249844055948937,-260.92164843270865,-19.46171653579594,-29.63581388744799,-95.22280222094156,1.312831520498936,184.4046235989899,-0.6504690083046897,-230.4431739194702,-18.324392791067698,-23.303892736152008,-87.00447333550575,-0.04400370333176262,29.605423659413447,0.1679705677452003,-30.47847451323844,-1.137323744728242,-6.331921151295983,-8.21832888543581
MIROC,MIROC-ES2L,r1i1p1f2,gn,ssp245,2051-02,2051,2,9.819131962072822,201.34511672125373,-5.217619274728578,-250.01689027133608,-17.290653231922427,-27.638694799312162,-88.99960889397269,10.134918449794124,183.00233533180176,-5.894508530509232,-227.93396157854312,-16.044463560492623,-21.711650424732266,-78.44733031268136,-0.3157864877213026,18.34278138945197,0.6768892557806545,-22.08292869279296,-1.2461896714298035,-5.927044374579896,-10.552278581291333
MIROC,MIROC-ES2L,r1i1p1f2,gn,ssp245,2051-03,2051,3,50.668734325728906,211.5857425020036,-31.22545979918691,-256.11594859105963,-11.101613299248712,-22.008147645822863,-58.196692507585624,54.092806291519665,188.06797862968583,-35.49560423649597,-233.96499959716866,-12.849913767591977,-19.59824621505587,-59.74797889510697,-3.424071965790759,23.517763872317772,4.27014443730906,-22.150948993890978,1.748300468343265,-2.4099014307669933,1.551286387521344
MIROC,MIROC-ES2L,r1i1p1f2,gn,ssp245,2051-04,2051,4,140.18245378135822,237.12310916911397,-86.62642553004558,-279.542944812627,-4.217661950627329,-16.377806065904633,-9.459275408732347,153.85297733527165,209.50018751526287,-103.91349209612389,-257.15609699210785,-7.231252400997411,-15.68121571347275,-20.62889235216735,-13.670523553913426,27.622921653851108,17.28706656607831,-22.386847820519165,3.0135904503700814,-0.6965903524318833,11.169616943435004
MIROC,MIROC-ES2L,r1i1p1f2,gn,ssp245,2051-05,2051,5,229.68935837367292,266.6144003722515,-119.27046847998166,-305.68785259534866,-2.0437203590615134,-14.28367805242426,55.01803925910832,246.70169500271564,251.0877509758891,-149.22398744547607,-294.09121110661533,-3.5740003779165477,-15.43610176618813,35.4641452824087,-17.01233662904272,15.526649396362416,29.95351896549441,-11.596641488733326,1.5302800188550343,1.15242371376387,19.55389397669962
MIROC,MIROC-ES2L,r1i1p1f2,gn,ssp245,2051-06,2051,6,247.13891035003303,299.1307997668828,-82.82756975317709,-325.4949601970611,0.2201125372896261,-9.31467439996241,128.8526183040048,262.85967388536494,287.5439359862113,-118.0808217040136,-319.1397551813616,-0.4218753871641016,-12.337941570683821,100.42321602835318,-15.720763535331912,11.586863780671479,35.253251950836514,-6.355205015699539,0.6419879244537277,3.023267170721411,28.429402275651626
MIROC,MIROC-ES2L,r1i1p1f2,gn,ssp245,2051-07,2051,7,199.10545352740922,310.5883924628667,-40.959961599656715,-333.539628848442,0.3285158846416364,-9.052962465369601,126.46980896144922,215.66988252964234,300.5301923815116,-73.02995970405915,-325.46176212074056,0.41270860793022107,-8.39102748653027,109.73003420775422,-16.564429002233112,10.058200081355096,32.06999810440244,-8.077866727701462,-0.08419272328858468,-0.6619349788393318,16.739774753695002
MIROC,MIROC-ES2L,r1i1p1f2,gn,ssp245,2051-08,2051,8,119.97831764327573,311.1011893450986,-14.811657739309151,-337.64587865582865,-0.47266897541527536,-12.684419850079049,65.46488176774216,135.16208166491174,295.50242311597475,-37.03752417522527,-324.68498651157415,-0.464213324470985,-11.852725721887758,56.625055047728296,-15.183764021636009,15.59876622912384,22.22586643591612,-12.960892144254501,-0.00845565094429035,-0.8316941281912911,8.83982672001386
MIROC,MIROC-ES2L,r1i1p1f2,gn,ssp245,2051-09,2051,9,55.035121901989775,294.54145801057876,-7.0827164965888425,-331.3875384257792,-3.6633056213553936,-27.449007734077664,-20.005988365232554,61.876713892617204,271.0061090726583,-17.776445273780446,-310.46478726779867,-5.377540528891009,-21.999781321033964,-22.735731426228572,-6.841591990627428,23.535348937920446,10.693728777191604,-20.922751157980542,1.7142349075356154,-5.4492264130437,2.729743060996018
MIROC,MIROC-ES2L,r1i1p1f2,gn,ssp245,2051-10,2051,10,14.296362839675636,273.9399270875952,-2.1726518875587777,-317.8470815927157,-10.197211842307096,-33.604983660968834,-75.5856390562796,16.046420071477925,235.3408133578954,-5.013446595779057,-280.3624820651788,-13.7920859904137,-26.972101580576677,-74.75288280257493,-1.7500572318022893,38.59911372969981,2.8407947082202796,-37.484599527536886,3.5948741481066033,-6.632882080392157,-0.8327562537046731
MIROC,MIROC-ES2L,r1i1p1f2,gn,ssp245,2051-11,2051,11,2.1389917682341064,242.09735401394136,-0.38386899249142653,-293.4926802688189,-20.474444904789088,-38.34339640617492,-108.45804479009885,2.2346607690379368,206.07834229409005,-0.5505327509983511,-253.947457668769,-19.443062239311498,-26.85452686931898,-92.48257646526984,-0.09566900080383034,36.01901171985131,0.16666375850692455,-39.5452226000499,-1.0313826654775902,-11.488869536855937,-15.97546832482901
MIROC,MIROC-ES2L,r1i1p1f2,gn,ssp245,2051-12,2051,12,0.3497862188612584,228.73412029220077,-0.06498492747719153,-273.0822652809561,-15.021450286283484,-23.646579500557912,-82.73137348421267,0.42759843987767737,191.39597646201616,-0.1463149110530818,-238.8125066111832,-20.102744137502,-25.136428982660664,-92.3744197405051,-0.07781222101641899,37.338143830184606,0.08132998357589027,-34.2697586697729,5.081293851218517,1.489849482102752,9.643046256292436
MIROC,MIROC-ES2L,r1i1p1f2,gn,ssp245,2052-01,2052,1,1.0798772271872965,207.2935629847812,-0.34493134317918533,-255.83748455452863,-19.001697951329295,-25.55481412649372,-92.36548776356233,1.312831520498936,184.4046235989899,-0.6504690083046897,-230.4431739194702,-18.324392791067698,-23.303892736152008,-87.00447333550575,-0.23295429331163953,22.888939385791303,0.30553766512550434,-25.394310635058417,-0.6773051602615965,-2.2509213903417127,-5.361014428056578
MIROC,MIROC-ES2L,r1i1p1f2,gn,ssp245,2052-02,2052,2,9.37695164031028,206.43295119418318,-4.909647757546788,-250.67154852727637,-18.266103586174996,-24.360372588265435,-82.39776962477015,10.134918449794124,183.00233533180176,-5.894508530509232,-227.93396157854312,-16.044463560492623,-21.711650424732266,-78.44733031268136,-0.757966809483845,23.430615862381416,0.9848607729624446,-22.737586948733252,-2.2216400256823725,-2.6487221635331686,-3.9504393120887897
MIROC,MIROC-ES2L,r1i1p1f2,gn,ssp245,2052-03,2052,3,51.51208517759472,207.71208330528043,-30.735560790318733,-254.68705690604776,-12.627951854783584,-22.55784725152229,-61.38424831979723,54.092806291519665,188.06797862968583,-35.49560423649597,-233.96499959716866,-12.849913767591977,-19.59824621505587,-59.74797889510697,-2.5807211139249446,19.644104675594605,4.760043446177239,-20.7220573088791,0.22196191280839273,-2.9596010364664203,-1.636269424690262
MIROC,MIROC-ES2L,r1i1p1f2,gn,ssp245,2052-04,2052,4,140.51474318623164,239.1985941116453,-85.66992048530007,-280.376176935293,-3.1406027749331598,-14.786729473740355,-4.2600923713896535,153.85297733527165,209.50018751526287,-103.91349209612389,-257.15609699210785,-7.231252400997411,-15.68121571347275,-20.62889235216735,-13.338234149040005,29.698406596382426,18.24357161082382,-23.22007994318517,4.090649626064251,0.8944862397323945,16.3687999807777
MIROC,MIROC-ES2L,r1i1p1f2,gn,ssp245,2052-05,2052,5,229.75611010844506,266.48236914602603,-118.13887260183894,-305.8659669805651,-2.363372460172768,-15.879935335498754,53.99033187639553,246.70169500271564,251.0877509758891,-149.22398744547607,-294.09121110661533,-3.5740003779165477,-15.43610176618813,35.4641452824087,-16.94558489427058,15.394618170136937,31.08511484363713,-11.774755873949744,1.2106279177437798,-0.44383356931062323,18.52618659398683
MIROC,MIROC-ES2L,r1i1p1f2,gn,ssp245,2052-06,2052,6,251.19166500655467,297.53333822852875,-83.54449049663938,-325.5094698205025,-0.5842002004376717,-10.584212759509795,128.50262995799417,262.85967388536494,287.5439359862113,-118.0808217040136,-319.1397551813616,-0.4218753871641016,-12.337941570683821,100.42321602835318,-11.66800887881027,9.989402242317453,34.53633120737422,-6.369714639140909,-0.16232481327357012,1.7537288111740263,28.079413929640992
MIROC,MIROC-ES2L,r1i1p1f2,gn,ssp245,2052-07,2052,7,201.05768349157552,311.68044420200727,-39.99514739632796,-334.5280472211602,0.5106632975672165,-8.253194818237978,130.47240155542386,215.66988252964234,300.5301923815116,-73.02995970405915,-325.46176212074056,0.41270860793022107,-8.39102748653027,109.73003420775422,-14.61219903806682,11.150251820495669,33.034812307731194,-9.066285100419634,0.09795468963699544,0.13783266829229213,20.742367347669642
MIROC,MIROC-ES2L,r1i1p1f2,gn,ssp245,2052-08,2052,8,122.16099903820488,310.2247429570286,-16.460853749518012,-337.5438432041792,-0.9360742748999703,-12.443053781811873,65.00191698482436,135.16208166491174,295.50242311597475,-37.03752417522527,-324.68498651157415,-0.464213324470985,-11.852725721887758,56.625055047728296,-13.00108262670686,14.722319841053832,20.57667042570726,-12.858856692605059,-0.4718609504289853,-0.590328059924115,8.376861937096066
MIROC,MIROC-ES2L,r1i1p1f2,gn,ssp245,2052-09,2052,9,56.899989338190835,292.6221956855996,-8.072306706254432,-331.63832379020846,-5.742795053086652,-27.228814815102034,-23.160055340861156,61.876713892617204,271.0061090726583,-17.776445273780446,-310.46478726779867,-5.377540528891009,-21.999781321033964,-22.735731426228572,-4.976724554426369,21.616086612941274,9.704138567526014,-21.17353652240979,-0.36525452419564264,-5.229033494068069,-0.4243239146325841
MIROC,MIROC-ES2L,r1i1p1f2,gn,ssp245,2052-10,2052,10,15.341533250210887,266.37769607956494,-2.4182707720391576,-313.92050627776587,-13.871206208500043,-39.2155992690354,-87.70635319756462,16.046420071477925,235.3408133578954,-5.013446595779057,-280.3624820651788,-13.7920859904137,-26.972101580576677,-74.75288280257493,-0.7048868212670385,31.036882721669542,2.5951758237398996,-33.55802421258704,-0.07912021808634329,-12.243497688458724,-12.953470394989694
MIROC,MIROC-ES2L,r1i1p1f2,gn,ssp245,2052-11,2052,11,2.1789219635273205,239.57201233966592,-0.3836059859951199,-288.730973076614,-21.088216457040648,-38.728630893832715,-107.18049211028926,2.2346607690379368,206.07834229409005,-0.5505327509983511,-253.947457668769,-19.443062239311498,-26.85452686931898,-92.48257646526984,-0.055738805510616274,33.49367004557587,0.16692676500323117,-34.783515407845016,-1.64515421772915,-11.874104024513734,-14.697915645019421
MIROC,MIROC-ES2L,r1i1p1f2,gn,ssp245,2052-12,2052,12,0.3810486581767336,214.79348542002757,-0.07277417950035835,-266.0162840876498,-22.400909192991858,-30.8531960518794,-104.16862943381713,0.42759843987767737,191.39597646201616,-0.1463149110530818,-238.8125066111832,-20.102744137502,-25.136428982660664,-92.3744197405051,-0.04654978170094376,23.3975089580114,0.07354073155272346,-27.2037774764666,-2.298165055489857,-5.7167670692187365,-11.794209693312027
MIROC,MIROC-ES2L,r1i1p1f2,gn,ssp245,2053-01,2053,1,1.2164419541330516,200.5063896102526,-0.43771641811788825,-250.13877657024912,-25.386054948455428,-31.878363788842755,-106.11808016127955,1.312831520498936,184.4046235989899,-0.6504690083046897,-230.4431739194702,-18.324392791067698,-23.303892736152008,-87.00447333550575,-0.09638956636588447,16.101766011262697,0.21275259018680143,-19.69560265077891,-7.06166215738773,-8.574471052690747,-19.1136068257738
MIROC,MIROC-ES2L,r1i1p1f2,gn,ssp245,2053-02,2053,2,10.098306134289297,198.1480779549774,-5.087080732788571,-247.7256928512915,-18.47773885293385,-27.14341810232914,-90.18754645007638,10.134918449794124,183.00233533180176,-5.894508530509232,-227.93396157854312,-16.044463560492623,-21.711650424732266,-78.44733031268136,-0.036612315504827464,15.145742623175636,0.8074277977206608,-19.791731272748393,-2.433275292441227,-5.4317676775968735,-11.740216137395024
MIROC,MIROC-ES2L,r1i1p1f2,gn,ssp245,2053-03,2053,3,51.04850901188864,208.29629829687292,-30.56169440313437,-253.67997591395064,-12.888205260404826,-22.961595133829718,-60.74666340255798,54.092806291519665,188.06797862968583,-35.49560423649597,-233.96499959716866,-12.849913767591977,-19.59824621505587,-59.74797889510697,-3.0442972796310244,20.228319667187094,4.9339098333616,-19.714976316781986,-0.03829149281284927,-3.3633489187738483,-0.99868450745101
MIROC,MIROC-ES2L,r1i1p1f2,gn,ssp245,2053-04,2053,4,145.69310609258608,225.8053947011138,-90.15376824513137,-273.87274966409586,-11.580010914761102,-23.93427295357762,-28.042300983866014,153.85297733527165,209.50018751526287,-103.91349209612389,-257.15609699210785,-7.231252400997411,-15.68121571347275,-20.62889235216735,-8.159871242685568,16.305207185850946,13.759723850992515,-16.716652671988015,-4.348758513763691,-8.25305724010487,-7.413408631698662
MIROC,MIROC-ES2L,r1i1p1f2,gn,ssp245,2053-05,2053,5,227.88153456835323,270.0560971885371,-114.18021262287894,-308.0350328207229,-2.183074398461528,-14.670172805540712,58.869139109286195,246.70169500271564,251.0877509758891,-149.22398744547607,-294.09121110661533,-3.5740003779165477,-15.43610176618813,35.4641452824087,-18.820160434362407,18.968346212647987,35.04377482259713,-13.943821714107571,1.3909259794550195,0.7659289606474182,23.404993826877494
MIROC,MIROC-ES2L,r1i1p1f2,gn,ssp245,2053-06,2053,6,250.94702774174704,298.17325032263466,-83.56127441720977,-325.93226968502177,0.4602184364383259,-9.485056415305548,130.60189598328287,262.85967388536494,287.5439359862113,-118.0808217040136,-319.1397551813616,-0.4218753871641016,-12.337941570683821,100.42321602835318,-11.912646143617906,10.629314336423363,34.51954728680383,-6.792514503660186,0.8820938236024275,2.8528851553782726,30.17867995492969
MIROC,MIROC-ES2L,r1i1p1f2,gn,ssp245,2053-07,2053,7,197.6298767941698,313.3119157909662,-41.48147806628829,-334.5991091475417,0.2885315299198805,-7.108752428945043,128.04098447228085,215.66988252964234,300.5301923815116,-73.02995970405915,-325.46176212074056,0.41270860793022107,-8.39102748653027,109.73003420775422,-18.040005735472533,12.781723409454628,31.548481637770863,-9.137347026801137,-0.12417707801034056,1.2822750575852266,18.31095026452664
MIROC,MIROC-ES2L,r1i1p1f2,gn,ssp245,2053-08,2053,8,122.60937808297406,312.5650776659107,-16.260477509121227,-338.59381700727806,-0.9730367687640874,-13.77417214279967,65.57295232092166,135.16208166491174,295.50242311597475,-37.03752417522527,-324.68498651157415,-0.464213324470985,-11.852725721887758,56.625055047728296,-12.552703581937678,17.062654549935928,20.777046666104045,-13.90883049570391,-0.5088234442931023,-1.9214464209119129,8.947897273193362
MIROC,MIROC-ES2L,r1i1p1f2,gn,ssp245,2053-09,2053,9,55.60503289669126,292.68540119470964,-7.2905340017860905,-331.97028088234356,-4.977309046462178,-28.403639921744915,-24.35132976093584,61.876713892617204,271.0061090726583,-17.776445273780446,-310.46478726779867,-5.377540528891009,-21.999781321033964,-22.735731426228572,-6.271680995925941,21.679292122051322,10.485911271994356,-21.50549361454489,0.4002314824288309,-6.403858600710951,-1.6155983347072684
MIROC,MIROC-ES2L,r1i1p1f2,gn,ssp245,2053-10,2053,10,15.09061391870979,267.06585438964373,-2.532666803263177,-314.7327916611282,-16.14659220237237,-42.14150719996828,-93.39708955837852,16.046420071477925,235.3408133578954,-5.013446595779057,-280.3624820651788,-13.7920859904137,-26.972101580576677,-74.75288280257493,-0.955806152768135,31.725041031748333,2.48077979251588,-34.37030959594938,-2.3545062119586717,-15.169405619391604,-18.644206755803594
MIROC,MIROC-ES2L,r1i1p1f2,gn,ssp245,2053-11,2053,11,2.0533558515713857,240.43248706471107,-0.37154359045863455,-288.2649192709562,-19.18331868853823,-33.81135687899926,-99.1452955126699,2.2346607690379368,206.07834229409005,-0.5505327509983511,-253.947457668769,-19.443062239311498,-26.85452686931898,-92.48257646526984,-0.18130491746655109,34.35414477062102,0.17898916053971653,-34.31746160218722,0.25974355077326905,-6.9568300096802815,-6.66271904740006
MIROC,MIROC-ES2L,r1i1p1f2,gn,ssp245,2053-12,2053,12,0.411758057175943,225.3139670605574,-0.09456432197841795,-271.8614266128267,-20.517252960055604,-34.081067160703405,-100.82858593783078,0.42759843987767737,191.39597646201616,-0.1463149110530818,-238.8125066111832,-20.102744137502,-25.136428982660664,-92.3744197405051,-0.01584038270173438,33.91799059854122,0.05175058907466386,-33.04892000164347,-0.41450882255360355,-8.94463817804274,-8.454166197325677
MIROC,MIROC-ES2L,r1i1p1f2,gn,ssp245,2054-01,2054,1,1.2706981363853345,214.56446855561376,-0.5246902854942254,-261.4456733992665,-14.412605482117053,-27.261644373885332,-87.80944684876403,1.312831520498936,184.4046235989899,-0.6504690083046897,-230.4431739194702,-18.324392791067698,-23.303892736152008,-87.00447333550575,-0.04213338411360157,30.159844956623857,0.12577872281046432,-31.002499479796313,3.911787308950645,-3.957751637733324,-0.8049735132582754
MIROC,MIROC-ES2L,r1i1p1f2,gn,ssp245,2054-02,2054,2,9.614953820514286,217.43357198412195,-4.970604653184431,-260.32342470375346,-12.133036032189079,-25.482949708220534,-75.86148929271128,10.134918449794124,183.00233533180176,-5.894508530509232,-227.93396157854312,-16.044463560492623,-21.711650424732266,-78.44733031268136,-0.5199646292798388,34.431236652320194,0.9239038773248014,-32.38946312521034,3.9114275283035447,-3.7712992834882684,2.5858410199700756
MIROC,MIROC-ES2L,r1i1p1f2,gn,ssp245,2054-03,2054,3,49.97530563731668,215.5014198895949,-30.035458988463805,-258.008696905992,-5.474188818384461,-17.444884651051314,-45.48650383697998,54.092806291519665,188.06797862968583,-35.49560423649597,-233.96499959716866,-12.849913767591977,-19.59824621505587,-59.74797889510697,-4.117500654202985,27.433441259909074,5.460145248032166,-24.04369730882334,7.375724949207515,2.1533615640045554,14.26147505812699
MIROC,MIROC-ES2L,r1i1p1f2,gn,ssp245,2054-04,2054,4,147.19218769553308,227.32321490994408,-88.44294090315174,-274.34993207796214,-5.215952959192719,-16.206253266678637,-9.699676601508067,153.85297733527165,209.50018751526287,-103.91349209612389,-257.15609699210785,-7.231252400997411,-15.68121571347275,-20.62889235216735,-6.660789639738567,17.82302739468122,15.470551192972152,-17.19383508585429,2.015299441804692,-0.5250375532058875,10.929215750659285
MIROC,MIROC-ES2L,r1i1p1f2,gn,ssp245,2054-05,2054,5,223.71402439958538,271.29328555087505,-109.6011735990621,-309.33192789323306,-1.3055504672167628,-15.66289307417043,59.1057649167781,246.70169500271564,251.0877509758891,-149.22398744547607,-294.09121110661533,-3.5740003779165477,-15.43610176618813,35.4641452824087,-22.987670603130255,20.20553457498596,39.622813846413976,-15.240716786617725,2.268449910699785,-0.22679130798229963,23.6416196343694
MIROC,MIROC-ES2L,r1i1p1f2,gn,ssp245,2054-06,2054,6,246.474892581934,298.91310313691025,-76.39381965476348,-325.78737648593716,1.0487250874389786,-9.552793170905579,134.70273149467695,262.85967388536494,287.5439359862113,-118.0808217040136,-319.1397551813616,-0.4218753871641016,-12.337941570683821,100.42321602835318,-16.38478130343094,11.369167150698956,41.687002049250125,-6.64762130457558,1.4706004746030803,2.785148399778242,34.27951546632377
MIROC,MIROC-ES2L,r1i1p1f2,gn,ssp245,2054-07,2054,7,192.90439631849344,312.6746527081969,-31.663367144427056,-334.7169086504437,0.3400070329939698,-7.979843623630946,131.55893664118256,215.66988252964234,300.5301923815116,-73.02995970405915,-325.46176212074056,0.41270860793022107,-8.39102748653027,109.73003420775422,-22.765486211148897,12.144460326685305,41.366592559632096,-9.255146529703154,-0.07270157493625129,0.41118386289932385,21.82890243342834
MIROC,MIROC-ES2L,r1i1p1f2,gn,ssp245,2054-08,2054,8,120.12775490417684,309.8904457853687,-11.960391315130169,-338.36190771553197,-1.1141947092491464,-15.299323313905822,63.28238363572846,135.16208166491174,295.50242311597475,-37.03752417522527,-324.68498651157415,-0.464213324470985,-11.852725721887758,56.625055047728296,-15.0343267607349,14.388022669393933,25.077132860095105,-13.676921203957818,-0.6499813847781615,-3.4465975920180636,6.657328588000162
MIROC,MIROC-ES2L,r1i1p1f2,gn,ssp245,2054-09,2054,9,54.60334054323046,296.3721385553063,-6.325019406575066,-332.35764072748594,-3.180457242600341,-24.364966916809166,-15.252605194933736,61.876713892617204,271.0061090726583,-17.776445273780446,-310.46478726779867,-5.377540528891009,-21.999781321033964,-22.735731426228572,-7.273373349386745,25.366029482648003,11.45142586720538,-21.892853459687274,2.197083286290668,-2.365185595775202,7.483126231294836
MIROC,MIROC-ES2L,r1i1p1f2,gn,ssp245,2054-10,2054,10,14.306535996705458,276.0926810187121,-2.2107580258478348,-319.23856841913715,-9.439702851546443,-33.026844250045045,-73.51665653115893,16.046420071477925,235.3408133578954,-5.013446595779057,-280.3624820651788,-13.7920859904137,-26.972101580576677,-74.75288280257493,-1.7398840747724673,40.751867660816686,2.8026885699312225,-38.87608635395833,4.352383138867257,-6.054742669468368,1.236226271416001
MIROC,MIROC-ES2L,r1i1p1f2,gn,ssp245,2054-11,2054,11,2.1905997821730545,244.94305183064841,-0.399083201291262,-296.85291683901767,-18.781088039286328,-38.7922177012691,-107.6916541680429,2.2346607690379368,206.07834229409005,-0.5505327509983511,-253.947457668769,-19.443062239311498,-26.85452686931898,-92.48257646526984,-0.044060986864882246,38.864709536558365,0.15144954970708907,-42.90545917024866,0.6619742000251705,-11.937690831950121,-15.209077702773058
MIROC,MIROC-ES2L,r1i1p1f2,gn,ssp245,2054-12,2054,12,0.3942215492958189,218.4793611594115,-0.0787151219182617,-272.03551773064044,-23.735185134268388,-35.98087463709439,-112.95670991521416,0.42759843987767737,191.39597646201616,-0.1463149110530818,-238.8125066111832,-20.102744137502,-25.136428982660664,-92.3744197405051,-0.0333768905818585,27.08338469739533,0.0675997891348201,-33.223011119457226,-3.6324409967663875,-10.844445654433724,-20.58229017470906
MIROC,MIROC-ES2L,r1i1p1f2,gn,ssp245,2055-01,2055,1,1.243760840254824,213.7029446249936,-0.5003470169955029,-261.23774859096056,-17.947197537269485,-26.12888513395109,-90.86747281392823,1.312831520498936,184.4046235989899,-0.6504690083046897,-230.4431739194702,-18.324392791067698,-23.303892736152008,-87.00447333550575,-0.06907068024411211,29.29832102600369,0.1501219913091868,-30.794574671490352,0.37719525379821306,-2.8249923977990825,-3.8629994784224806
MIROC,MIROC-ES2L,r1i1p1f2,gn,ssp245,2055-02,2055,2,9.529561356615927,211.5227342682833,-4.90066691755504,-255.6516043017507,-10.146607247319308,-20.033943522118133,-69.68052636384397,10.134918449794124,183.00233533180176,-5.894508530509232,-227.93396157854312,-16.044463560492623,-21.711650424732266,-78.44733031268136,-0.6053570931781973,28.52039893648154,0.993841612954192,-27.717642723207575,5.897856313173316,1.6777069026141334,8.766803948837392
MIROC,MIROC-ES2L,r1i1p1f2,gn,ssp245,2055-03,2055,3,52.79979096996182,205.90099163768647,-30.770603602139712,-256.43571576579717,-17.225566366130543,-27.70924140573855,-73.44034453215767,54.092806291519665,188.06797862968583,-35.49560423649597,-233.96499959716866,-12.849913767591977,-19.59824621505587,-59.74797889510697,-1.2930153215578457,17.83301300800065,4.72500063435626,-22.470716168628513,-4.375652598538567,-8.11099519068268,-13.692365637050699
MIROC,MIROC-ES2L,r1i1p1f2,gn,ssp245,2055-04,2055,4,143.93055929833199,233.97111255133106,-85.81441554432303,-279.17802164187276,-5.570286441335737,-16.78749780402706,-9.448549581895536,153.85297733527165,209.50018751526287,-103.91349209612389,-257.15609699210785,-7.231252400997411,-15.68121571347275,-20.62889235216735,-9.92241803693966,24.470925036068195,18.099076551800863,-22.021924649764912,1.6609659596616737,-1.1062820905543091,11.180342770271816
MIROC,MIROC-ES2L,r1i1p1f2,gn,ssp245,2055-05,2055,5,229.2219582453787,267.5168764871168,-113.86110766481518,-307.30281380818246,-3.204035870864603,-17.243506921138312,55.12737046749495,246.70169500271564,251.0877509758891,-149.22398744547607,-294.09121110661533,-3.5740003779165477,-15.43610176618813,35.4641452824087,-17.47973675733695,16.42912551122771,35.36287978066089,-13.21160270156713,0.36996450705194484,-1.8074051549501817,19.663225185086247
MIROC,MIROC-ES2L,r1i1p1f2,gn,ssp245,2055-06,2055,6,256.55852812764175,294.6927159796711,-87.56712154863563,-325.1831019172945,-0.8417110030414807,-11.27725448184748,126.38205515649386,262.85967388536494,287.5439359862113,-118.0808217040136,-319.1397551813616,-0.4218753871641016,-12.337941570683821,100.42321602835318,-6.301145757723191,7.1487799934598115,30.513700155377975,-6.043346735932914,-0.4198356158773791,1.0606870888363407,25.95883912814068
MIROC,MIROC-ES2L,r1i1p1f2,gn,ssp245,2055-07,2055,7,197.70862004208794,312.6904549182403,-40.31904634333126,-334.7419309130734,0.6970770344250165,-7.494339236178513,128.54083550217004,215.66988252964234,300.5301923815116,-73.02995970405915,-325.46176212074056,0.41270860793022107,-8.39102748653027,109.73003420775422,-17.961262487554393,12.16026253672868,32.71091336072789,-9.280168792332859,0.2843684264947954,0.8966882503517564,18.810801294415825
MIROC,MIROC-ES2L,r1i1p1f2,gn,ssp245,2055-08,2055,8,118.81732454959457,313.1405722835173,-14.137792512601084,-338.09884332407745,-0.6588670222274409,-14.646342338405734,64.41605163580016,135.16208166491174,295.50242311597475,-37.03752417522527,-324.68498651157415,-0.464213324470985,-11.852725721887758,56.625055047728296,-16.344757115317165,17.638149167542565,22.899731662624188,-13.413856812503298,-0.19465369775645586,-2.7936166165179763,7.790996588071863
MIROC,MIROC-ES2L,r1i1p1f2,gn,ssp245,2055-09,2055,9,54.85946905762996,296.6537361110772,-6.52493187474667,-332.6640482619319,-3.1557283389049973,-23.336751468027565,-14.16825477490401,61.876713892617204,271.0061090726583,-17.776445273780446,-310.46478726779867,-5.377540528891009,-21.999781321033964,-22.735731426228572,-7.017244834987245,25.647627038418875,11.251513399033776,-22.199260994133226,2.2218121899860117,-1.3369701469936004,8.567476651324561
MIROC,MIROC-ES2L,r1i1p1f2,gn,ssp245,2055-10,2055,10,13.987089147245923,281.3742179329528,-2.240478083712085,-321.14449328416345,-8.531969930547858,-33.24574534420216,-69.80137956242689,16.046420071477925,235.3408133578954,-5.013446595779057,-280.3624820651788,-13.7920859904137,-26.972101580576677,-74.75288280257493,-2.059330924232002,46.033404575057375,2.7729685120669725,-40.78201121898462,5.260116059865842,-6.273643763625486,4.9515032401480426
MIROC,MIROC-ES2L,r1i1p1f2,gn,ssp245,2055-11,2055,11,2.060096276947959,251.25083459635192,-0.3661071694267908,-298.8182191614662,-18.88849209463401,-34.57256027127593,-99.33444782350304,2.2346607690379368,206.07834229409005,-0.5505327509983511,-253.947457668769,-19.443062239311498,-26.85452686931898,-92.48257646526984,-0.17456449208997782,45.17249230226187,0.1844255815715603,-44.87076149269717,0.5545701446774878,-7.718033401956951,-6.851871358233197
MIROC,MIROC-ES2L,r1i1p1f2,gn,ssp245,2055-12,2055,12,0.3633384925299128,216.11915525022062,-0.07464144628128073,-269.4492732250205,-26.208797583373208,-36.483873325032846,-115.73409183695728,0.42759843987767737,191.39597646201616,-0.1463149110530818,-238.8125066111832,-20.102744137502,-25.136428982660664,-92.3744197405051,-0.06425994734776458,24.72317878820445,0.07167346477180107,-30.636766613837267,-6.106053445871208,-11.347444342372182,-23.359672096452172
MIROC,MIROC-ES2L,r1i1p1f2,gn,ssp245,2056-01,2056,1,1.1693484482584355,207.76662343906435,-0.4580254499866285,-256.30262639090245,-21.9749185328304,-30.378321225222766,-100.17791971161945,1.312831520498936,184.4046235989899,-0.6504690083046897,-230.4431739194702,-18.324392791067698,-23.303892736152008,-87.00447333550575,-0.1434830722405005,23.361999840074446,0.1924435583180612,-25.859452471432235,-3.650525741762703,-7.074428489070758,-13.173446376113702
MIROC,MIROC-ES2L,r1i1p1f2,gn,ssp245,2056-02,2056,2,9.38841015365054,201.63452322226274,-4.8764990513367135,-250.38198612492235,-16.720711555024998,-26.373003711727502,-87.32926706709827,10.134918449794124,183.00233533180176,-5.894508530509232,-227.93396157854312,-16.044463560492623,-21.711650424732266,-78.44733031268136,-0.7465082961435847,18.632187890460983,1.0180094791725187,-22.44802454637923,-0.6762479945323747,-4.6613532869952365,-8.881936754416913
MIROC,MIROC-ES2L,r1i1p1f2,gn,ssp245,2056-03,2056,3,51.75355040322112,208.3784608589295,-30.452606065403824,-255.86705532524587,-14.802795287795547,-25.772763618532004,-66.76320903482662,54.092806291519665,188.06797862968583,-35.49560423649597,-233.96499959716866,-12.849913767591977,-19.59824621505587,-59.74797889510697,-2.3392558882985455,20.31048222924366,5.042998171092147,-21.902055728077215,-1.9528815202035705,-6.174517403476134,-7.015230139719648
MIROC,MIROC-ES2L,r1i1p1f2,gn,ssp245,2056-04,2056,4,143.77437240616797,229.16291877149104,-86.83282996367228,-275.6388285169816,-10.514024365644937,-21.589608963553935,-21.638000632193766,153.85297733527165,209.50018751526287,-103.91349209612389,-257.15609699210785,-7.231252400997411,-15.68121571347275,-20.62889235216735,-10.078604929103676,19.66273125622817,17.080662132451607,-18.48273152487377,-3.2827719646475266,-5.908393250081186,-1.009108280026414
MIROC,MIROC-ES2L,r1i1p1f2,gn,ssp245,2056-05,2056,5,228.43668630018803,269.1885768452134,-111.72236128473882,-308.138072551227,-3.153551973091368,-15.281596561975773,59.329680774368384,246.70169500271564,251.0877509758891,-149.22398744547607,-294.09121110661533,-3.5740003779165477,-15.43610176618813,35.4641452824087,-18.26500870252761,18.100825869324296,37.501626160737246,-14.046861444611693,0.42044840482517953,0.15450520421235758,23.865535491959683
MIROC,MIROC-ES2L,r1i1p1f2,gn,ssp245,2056-06,2056,6,261.2355592797367,294.74809914413953,-89.53267829458542,-325.7020351143072,-0.9941532326077777,-11.366394072960976,128.38839770941487,262.85967388536494,287.5439359862113,-118.0808217040136,-319.1397551813616,-0.4218753871641016,-12.337941570683821,100.42321602835318,-1.6241146056282219,7.204163157928235,28.548143409428178,-6.562279932945614,-0.5722778454436761,0.9715474977228453,27.965181681061694
MIROC,MIROC-ES2L,r1i1p1f2,gn,ssp245,2056-07,2056,7,202.01273983658268,312.4415457567476,-43.95325081321079,-335.3726546769899,-0.4276384637043217,-8.415098234299252,126.28564340512602,215.66988252964234,300.5301923815116,-73.02995970405915,-325.46176212074056,0.41270860793022107,-8.39102748653027,109.73003420775422,-13.657142693059654,11.91135337523599,29.07670889084836,-9.910892556249337,-0.8403470716345427,-0.02407074776898277,16.55560919737181
MIROC,MIROC-ES2L,r1i1p1f2,gn,ssp245,2056-08,2056,8,126.18297254522847,311.3246609042314,-15.759294226169924,-339.2639879249371,-0.44470515183042614,-14.113576277261735,67.92606986926066,135.16208166491174,295.50242311597475,-37.03752417522527,-324.68498651157415,-0.464213324470985,-11.852725721887758,56.625055047728296,-8.979109119683272,15.822237788256643,21.278229949055348,-14.57900141336296,0.019508172640558874,-2.2608505553739775,11.301014821532362
MIROC,MIROC-ES2L,r1i1p1f2,gn,ssp245,2056-09,2056,9,54.41691465154088,297.10342863983396,-6.269380866626441,-333.28795198198475,-6.327606219417503,-30.41754885012594,-24.78214462677977,61.876713892617204,271.0061090726583,-17.776445273780446,-310.46478726779867,-5.377540528891009,-21.999781321033964,-22.735731426228572,-7.459799241076325,26.097319567175646,11.507064407154004,-22.823164714186078,-0.9500656905264941,-8.417767529091975,-2.0464132005511964
MIROC,MIROC-ES2L,r1i1p1f2,gn,ssp245,2056-10,2056,10,14.649181593684842,274.30701764374,-2.231026007216526,-318.41085107015186,-10.97415548996742,-35.90597330436452,-78.56580663427553,16.046420071477925,235.3408133578954,-5.013446595779057,-280.3624820651788,-13.7920859904137,-26.972101580576677,-74.75288280257493,-1.397238477793083,38.96620428584458,2.7824205885625313,-38.04836900497304,2.8179305004462805,-8.933871723787846,-3.8129238317006013
MIROC,MIROC-ES2L,r1i1p1f2,gn,ssp245,2056-11,2056,11,2.259160791695467,248.1058858647435,-0.4034702267709817,-297.60854922704965,-21.25469154781215,-42.057133870372645,-110.95879821556645,2.2346607690379368,206.07834229409005,-0.5505327509983511,-253.947457668769,-19.443062239311498,-26.85452686931898,-92.48257646526984,0.024500022657530263,42.02754357065345,0.14706252422736937,-43.661091558280646,-1.8116293085006525,-15.202607001053664,-18.476221750296602
MIROC,MIROC-ES2L,r1i1p1f2,gn,ssp245,2056-12,2056,12,0.40107851714576137,221.77398781363834,-0.07806003654550692,-273.71759551866216,-21.769183703945405,-32.32405771098008,-105.71383063934906,0.42759843987767737,191.39597646201616,-0.1463149110530818,-238.8125066111832,-20.102744137502,-25.136428982660664,-92.3744197405051,-0.026519922731916,30.378011351622177,0.06825487450757489,-34.905088907478955,-1.6664395664434046,-7.187628728319414,-13.339410898843951
MIROC,MIROC-ES2L,r1i1p1f2,gn,ssp245,2057-01,2057,1,1.0093343608911793,216.55764554892764,-0.3026833981577319,-264.3464964393773,-17.768927751050654,-25.124756131203746,-89.97588380997061,1.312831520498936,184.4046235989899,-0.6504690083046897,-230.4431739194702,-18.324392791067698,-23.303892736152008,-87.00447333550575,-0.3034971596077567,32.15302194993774,0.3477856101469578,-33.90332251990708,0.5554650400170438,-1.820863395051738,-2.971410474464861
MIROC,MIROC-ES2L,r1i1p1f2,gn,ssp245,2057-02,2057,2,9.51652158008814,209.14663161615104,-4.72704581432431,-254.58240600275101,-17.04142058307943,-26.87783650760768,-84.56555571152323,10.134918449794124,183.00233533180176,-5.894508530509232,-227.93396157854312,-16.044463560492623,-21.711650424732266,-78.44733031268136,-0.6183968697059843,26.14429628434928,1.1674627161849225,-26.648444424207895,-0.9969570225868054,-5.166186082875413,-6.118225398841872
MIROC,MIROC-ES2L,r1i1p1f2,gn,ssp245,2057-03,2057,3,49.81495115427011,215.08199282542748,-28.791182922530826,-260.7044148914128,-10.189197246388488,-20.631231013085493,-55.41908209372001,54.092806291519665,188.06797862968583,-35.49560423649597,-233.96499959716866,-12.849913767591977,-19.59824621505587,-59.74797889510697,-4.277855137249553,27.01401419574165,6.704421313965145,-26.73941529424414,2.6607165212034882,-1.0329847980296236,4.328896801386961
MIROC,MIROC-ES2L,r1i1p1f2,gn,ssp245,2057-04,2057,4,137.47838526003872,238.69668980757453,-82.17170261553005,-280.1467307528853,-4.294203581439008,-16.23440388144621,-6.671965763687265,153.85297733527165,209.50018751526287,-103.91349209612389,-257.15609699210785,-7.231252400997411,-15.68121571347275,-20.62889235216735,-16.374592075232925,29.196502292311663,21.741789480593837,-22.990633760777428,2.9370488195584032,-0.5531881679734596,13.956926588480087
MIROC,MIROC-ES2L,r1i1p1f2,gn,ssp245,2057-05,2057,5,226.48257203725504,273.94346120820416,-104.19496843221265,-312.2357504242412,-2.558664970752304,-17.28804275880127,64.14860665945176,246.70169500271564,251.0877509758891,-149.22398744547607,-294.09121110661533,-3.5740003779165477,-15.43610176618813,35.4641452824087,-20.2191229654606,22.85571023231506,45.02901901326342,-18.144539317625856,1.0153354071642435,-1.851940992613141,28.684461377043057
MIROC,MIROC-ES2L,r1i1p1f2,gn,ssp245,2057-06,2057,6,243.19941250121636,299.17889974734845,-74.2886136953448,-326.15803173107025,-0.08510636399932807,-10.615515466763618,131.23104499138685,262.85967388536494,287.5439359862113,-118.0808217040136,-319.1397551813616,-0.4218753871641016,-12.337941570683821,100.42321602835318,-19.660261384148583,11.634963761137158,43.79220800866881,-7.018276549708673,0.33676902316477353,1.7224261039202027,30.80782896303367
MIROC,MIROC-ES2L,r1i1p1f2,gn,ssp245,2057-07,2057,7,196.2330608265583,312.2061056457792,-36.54674330039634,-335.9244709372733,0.26492640335893747,-9.05782224026892,127.17505639775787,215.66988252964234,300.5301923815116,-73.02995970405915,-325.46176212074056,0.41270860793022107,-8.39102748653027,109.73003420775422,-19.436821703084036,11.675913264267592,36.483216403662816,-10.462708816532768,-0.1477822045712836,-0.6667947537386496,17.445022190003655
MIROC,MIROC-ES2L,r1i1p1f2,gn,ssp245,2057-08,2057,8,119.82065746790005,312.33798593235764,-13.814931495854566,-339.46439495332703,-0.571754659294488,-13.157788554113488,65.14977373766811,135.16208166491174,295.50242311597475,-37.03752417522527,-324.68498651157415,-0.464213324470985,-11.852725721887758,56.625055047728296,-15.34142419701169,16.83556281638289,23.222592679370706,-14.779408441752878,-0.10754133482350298,-1.3050628322257296,8.524718689939817
MIROC,MIROC-ES2L,r1i1p1f2,gn,ssp245,2057-09,2057,9,52.7524559722412,299.9642023377316,-6.408143896264267,-334.19758589752104,-3.38691023214914,-23.838002752463208,-15.113984468424878,61.876713892617204,271.0061090726583,-17.776445273780446,-310.46478726779867,-5.377540528891009,-21.999781321033964,-22.735731426228572,-9.124257920376003,28.958093265073273,11.368301377516179,-23.732798629722367,1.9906302967418688,-1.8382214314292433,7.621746957803694
MIROC,MIROC-ES2L,r1i1p1f2,gn,ssp245,2057-10,2057,10,14.244809901473756,275.1516233696776,-2.1991468266456544,-320.2161046153817,-11.520156869686595,-35.801977288544826,-80.34095232910741,16.046420071477925,235.3408133578954,-5.013446595779057,-280.3624820651788,-13.7920859904137,-26.972101580576677,-74.75288280257493,-1.8016101700041691,39.81081001178222,2.814299769133403,-39.853622550202886,2.271929120727105,-8.82987570796815,-5.588069526532479
MIROC,MIROC-ES2L,r1i1p1f2,gn,ssp245,2057-11,2057,11,2.1189938352683466,255.9939784968703,-0.38603841438359704,-301.84131286188455,-16.15209756152719,-34.678771457782645,-94.94524796343933,2.2346607690379368,206.07834229409005,-0.5505327509983511,-253.947457668769,-19.443062239311498,-26.85452686931898,-92.48257646526984,-0.11566693376959014,49.91563620278026,0.16449433661475404,-47.89385519311554,3.2909646777843093,-7.824244588463664,-2.4626714981694846
MIROC,MIROC-ES2L,r1i1p1f2,gn,ssp245,2057-12,2057,12,0.3490921456487194,232.66516995219686,-0.06519253554301338,-279.1958010295101,-19.868970836418068,-30.477491517755936,-96.59319382138156,0.42759843987767737,191.39597646201616,-0.1463149110530818,-238.8125066111832,-20.102744137502,-25.136428982660664,-92.3744197405051,-0.078506294228958,41.2691934901807,0.08112237551006843,-40.3832944183269,0.23377330108393224,-5.341062535095272,-4.218774080876457
MIROC,MIROC-ES2L,r1i1p1f2,gn,ssp245,2058-01,2058,1,1.194741163886747,204.25032751112377,-0.3739526214419278,-258.562251326816,-25.118468598430095,-32.04350422983594,-110.65310810151345,1.312831520498936,184.4046235989899,-0.6504690083046897,-230.4431739194702,-18.324392791067698,-23.303892736152008,-87.00447333550575,-0.11809035661218914,19.84570391213387,0.27651638686276186,-28.1190774073458,-6.794075807362397,-8.739611493683931,-23.648634766007703
MIROC,MIROC-ES2L,r1i1p1f2,gn,ssp245,2058-02,2058,2,9.124417362235496,207.6336337853595,-4.313824353784631,-257.9074086173939,-16.855071367051725,-28.076208438658956,-90.39446162929421,10.134918449794124,183.00233533180176,-5.894508530509232,-227.93396157854312,-16.044463560492623,-21.711650424732266,-78.44733031268136,-1.0105010875586284,24.631298453557747,1.580684176724601,-29.973447038850793,-0.8106078065591014,-6.36455801392669,-11.947131316612854
MIROC,MIROC-ES2L,r1i1p1f2,gn,ssp245,2058-03,2058,3,51.12891259873306,206.95207243658896,-29.16509756711057,-256.3618410042605,-13.356057312565415,-24.603634361182284,-65.40564520979672,54.092806291519665,188.06797862968583,-35.49560423649597,-233.96499959716866,-12.849913767591977,-19.59824621505587,-59.74797889510697,-2.9638936927866055,18.884093806903138,6.3305066693854,-22.39684140709184,-0.5061435449734386,-5.005388146126414,-5.657666314689749
MIROC,MIROC-ES2L,r1i1p1f2,gn,ssp245,2058-04,2058,4,141.35745662652602,234.27064320641526,-84.02064636348527,-278.4397453452626,-4.869620218623645,-16.30186412270251,-8.003776217132774,153.85297733527165,209.50018751526287,-103.91349209612389,-257.15609699210785,-7.231252400997411,-15.68121571347275,-20.62889235216735,-12.49552070874563,24.770455691152392,19.89284573263862,-21.283648353154774,2.361632182373766,-0.6206484092297622,12.625116135034578
MIROC,MIROC-ES2L,r1i1p1f2,gn,ssp245,2058-05,2058,5,233.65345599496575,262.4622340123529,-119.37377333402054,-303.6605055665166,-1.41090147316948,-13.569860250280142,58.10064938333194,246.70169500271564,251.0877509758891,-149.22398744547607,-294.09121110661533,-3.5740003779165477,-15.43610176618813,35.4641452824087,-13.048239007749885,11.3744830364638,29.85021411145553,-9.569294459901243,2.1630989047470677,1.8662415159079888,22.63650410092324
MIROC,MIROC-ES2L,r1i1p1f2,gn,ssp245,2058-06,2058,6,242.26006650978067,300.4030632502466,-80.93839834231454,-326.2376563094965,-0.19970165207283982,-9.446397186408436,125.84097626973491,262.85967388536494,287.5439359862113,-118.0808217040136,-319.1397551813616,-0.4218753871641016,-12.337941570683821,100.42321602835318,-20.59960737558427,12.859127264035294,37.14242336169906,-7.097901128134936,0.2221737350912618,2.8915443842753845,25.41776024138173
MIROC,MIROC-ES2L,r1i1p1f2,gn,ssp245,2058-07,2058,7,189.96372615698718,314.17283808640974,-39.100307547485535,-334.68731426908477,0.5132540404512694,-7.985422335464792,122.87677413181311,215.66988252964234,300.5301923815116,-73.02995970405915,-325.46176212074056,0.41270860793022107,-8.39102748653027,109.73003420775422,-25.70615637265516,13.642645704898143,33.92965215657362,-9.225552148344207,0.10054543252104836,0.4056051510654779,13.146739924058892
MIROC,MIROC-ES2L,r1i1p1f2,gn,ssp245,2058-08,2058,8,124.68260304789194,308.84290861791163,-16.299060848348127,-337.8477866398179,-0.6019722165798761,-13.21187649228475,65.56481546877295,135.16208166491174,295.50242311597475,-37.03752417522527,-324.68498651157415,-0.464213324470985,-11.852725721887758,56.625055047728296,-10.479478617019794,13.340485501936882,20.738463326877145,-13.16280012824376,-0.13775889210889108,-1.359150770396992,8.939760421044653
MIROC,MIROC-ES2L,r1i1p1f2,gn,ssp245,2058-09,2058,9,55.64086143756151,292.6054513834604,-7.437598570542165,-331.8453991315851,-4.512813103965557,-26.861837910983795,-22.411335896054723,61.876713892617204,271.0061090726583,-17.776445273780446,-310.46478726779867,-5.377540528891009,-21.999781321033964,-22.735731426228572,-6.235852455055692,21.599342310802058,10.338846703238282,-21.38061186378644,0.8647274249254524,-4.86205658994983,0.3243955301738488
MIROC,MIROC-ES2L,r1i1p1f2,gn,ssp245,2058-10,2058,10,14.295892194567314,269.0533573356501,-2.332219065522586,-315.8499941537269,-13.730875960755261,-37.246701661818754,-85.81054131160607,16.046420071477925,235.3408133578954,-5.013446595779057,-280.3624820651788,-13.7920859904137,-26.972101580576677,-74.75288280257493,-1.7505278769106116,33.712543977754706,2.6812275302564714,-35.4875120885481,0.06121002965843836,-10.274600081242077,-11.057658509031143
MIROC,MIROC-ES2L,r1i1p1f2,gn,ssp245,2058-11,2058,11,2.010185669290406,240.2510405521937,-0.3369661628069872,-290.26853500067625,-20.358606468479366,-35.81467874876916,-104.51756015924767,2.2346607690379368,206.07834229409005,-0.5505327509983511,-253.947457668769,-19.443062239311498,-26.85452686931898,-92.48257646526984,-0.22447509974753066,34.17269825810365,0.21356658819136387,-36.32107733190725,-0.9155442291678675,-8.96015187945018,-12.034983693977821
MIROC,MIROC-ES2L,r1i1p1f2,gn,ssp245,2058-12,2058,12,0.4111400482192928,209.42367145551327,-0.0837578432720828,-265.15257164761397,-28.435535084215893,-37.96185521626898,-121.79890828763837,0.42759843987767737,191.39597646201616,-0.1463149110530818,-238.8125066111832,-20.102744137502,-25.136428982660664,-92.3744197405051,-0.016458391658384586,18.027694993497107,0.06255706778099901,-26.340065036430758,-8.332790946713892,-12.825426233608315,-29.424488547133265
MIROC,MIROC-ES2L,r1i1p1f2,gn,ssp245,2059-01,2059,1,1.0570072338909997,216.10854918967067,-0.3496055483455336,-261.8828455574377,-19.083533761767423,-28.40428309602773,-92.5547115400167,1.312831520498936,184.4046235989899,-0.6504690083046897,-230.4431739194702,-18.324392791067698,-23.303892736152008,-87.00447333550575,-0.2558242866079363,31.703925590680768,0.3008634599591561,-31.43967163796748,-0.7591409706997254,-5.100390359875721,-5.550238204510947
MIROC,MIROC-ES2L,r1i1p1f2,gn,ssp245,2059-02,2059,2,9.203612917065044,217.91515584483565,-4.496750633529432,-258.08175863075144,-13.997725640697071,-24.363784377145674,-73.82125052022293,10.134918449794124,183.00233533180176,-5.894508530509232,-227.93396157854312,-16.044463560492623,-21.711650424732266,-78.44733031268136,-0.9313055327290805,34.91282051303389,1.3977578969798001,-30.14779705220832,2.046737919795552,-2.6521339524134078,4.626079792458427
MIROC,MIROC-ES2L,r1i1p1f2,gn,ssp245,2059-03,2059,3,50.5321102108537,209.48970006267507,-29.216274281074018,-253.97431546780024,-9.39300868474018,-17.41186118364211,-49.973649343727764,54.092806291519665,188.06797862968583,-35.49560423649597,-233.96499959716866,-12.849913767591977,-19.59824621505587,-59.74797889510697,-3.560696080665963,21.421721432989244,6.279329955421954,-20.009315870631582,3.4569050828517973,2.18638503141376,9.774329551379203
MIROC,MIROC-ES2L,r1i1p1f2,gn,ssp245,2059-04,2059,4,141.83665142762948,232.62633133139892,-84.78159042810448,-276.71401608259384,-8.536420461628953,-21.305736984830922,-16.87478119812985,153.85297733527165,209.50018751526287,-103.91349209612389,-257.15609699210785,-7.231252400997411,-15.68121571347275,-20.62889235216735,-12.01632590764217,23.12614381613605,19.13190166801941,-19.557919090485996,-1.3051680606315426,-5.624521271358173,3.7541111540375027
MIROC,MIROC-ES2L,r1i1p1f2,gn,ssp245,2059-05,2059,5,215.84713459934056,280.1901084207893,-95.20666013281016,-315.0059142196129,-3.09118535499609,-19.288896078729685,63.44458723398099,246.70169500271564,251.0877509758891,-149.22398744547607,-294.09121110661533,-3.5740003779165477,-15.43610176618813,35.4641452824087,-30.854560403375075,29.10235744490018,54.01732731266591,-20.914703112997586,0.4828150229204575,-3.8527943125415547,27.98044195157229
MIROC,MIROC-ES2L,r1i1p1f2,gn,ssp245,2059-06,2059,6,250.3083974827064,298.01956803038763,-74.46451383214993,-326.72214630552037,-0.9754689052681466,-9.137460934349441,137.02837553580613,262.85967388536494,287.5439359862113,-118.0808217040136,-319.1397551813616,-0.4218753871641016,-12.337941570683821,100.42321602835318,-12.551276402658544,10.475632044176336,43.61630787186367,-7.582391124158789,-0.553593518104045,3.2004806363343796,36.60515950745295
MIROC,MIROC-ES2L,r1i1p1f2,gn,ssp245,2059-07,2059,7,189.3489418123615,315.16198468987363,-32.826674932584936,-336.24369544975616,-0.312490260457978,-8.350465363990727,126.77760049544533,215.66988252964234,300.5301923815116,-73.02995970405915,-325.46176212074056,0.41270860793022107,-8.39102748653027,109.73003420775422,-26.32094071728085,14.631792308362037,40.203284771474216,-10.781933329015601,-0.7251988683881991,0.0405621225395425,17.04756628769111
MIROC,MIROC-ES2L,r1i1p1f2,gn,ssp245,2059-08,2059,8,117.52919495396749,314.98750386793546,-11.880147029689223,-340.7811652980626,-0.24062214967535334,-11.906835762094598,67.70792858238114,135.16208166491174,295.50242311597475,-37.03752417522527,-324.68498651157415,-0.464213324470985,-11.852725721887758,56.625055047728296,-17.63288671094425,19.48508075196071,25.15737714553605,-16.09617878648845,0.22359117479563168,-0.05411004020684018,11.082873534652848
MIROC,MIROC-ES2L,r1i1p1f2,gn,ssp245,2059-09,2059,9,52.84894793555625,300.15498058435685,-5.834790777443551,-335.4975693537155,-3.7675927272189367,-26.507113933109938,-18.603138271574878,61.876713892617204,271.0061090726583,-17.776445273780446,-310.46478726779867,-5.377540528891009,-21.999781321033964,-22.735731426228572,-9.027765957060957,29.14887151169853,11.941654496336895,-25.032782085916836,1.6099478016720723,-4.507332612075974,4.132593154653694
MIROC,MIROC-ES2L,r1i1p1f2,gn,ssp245,2059-10,2059,10,13.926692295181553,280.6089128161598,-2.0633427206287096,-322.93389633832436,-11.016132865398058,-36.02271431442914,-77.50048112743895,16.046420071477925,235.3408133578954,-5.013446595779057,-280.3624820651788,-13.7920859904137,-26.972101580576677,-74.75288280257493,-2.119727776296372,45.26809945826437,2.9501038751503477,-42.571414273145535,2.7759531250156417,-9.05061273385246,-2.747598324864015
MIROC,MIROC-ES2L,r1i1p1f2,gn,ssp245,2059-11,2059,11,2.063310122944879,253.42340366640187,-0.35572671250693577,-302.98621606703324,-21.78033899107243,-41.959013749197716,-111.59458173046357,2.2346607690379368,206.07834229409005,-0.5505327509983511,-253.947457668769,-19.443062239311498,-26.85452686931898,-92.48257646526984,-0.1713506460930576,47.34506137231182,0.1948060384914153,-49.038758398264235,-2.337276751760932,-15.104486879878735,-19.11200526519373
MIROC,MIROC-ES2L,r1i1p1f2,gn,ssp245,2059-12,2059,12,0.36435959514677535,227.11465903085457,-0.06683152028663167,-279.19460739234586,-22.516737325070054,-37.33747901465094,-111.63663662635214,0.42759843987767737,191.39597646201616,-0.1463149110530818,-238.8125066111832,-20.102744137502,-25.136428982660664,-92.3744197405051,-0.06323884473090202,35.7186825688384,0.07948339076645014,-40.38210078116265,-2.413993187568053,-12.201050031990274,-19.26221688584704
MIROC,MIROC-ES2L,r1i1p1f2,gn,ssp245,2060-01,2060,1,1.104088374306386,217.2501624704932,-0.35653252950341874,-266.6510311368241,-17.613453330948015,-29.76358466547155,-96.0303508179475,1.312831520498936,184.4046235989899,-0.6504690083046897,-230.4431739194702,-18.324392791067698,-23.303892736152008,-87.00447333550575,-0.20874314619254997,32.845538871503294,0.29393647880127094,-36.207857217353876,0.7109394601196826,-6.459691929319543,-9.025877482441743
MIROC,MIROC-ES2L,r1i1p1f2,gn,ssp245,2060-02,2060,2,9.498200333408008,203.17742204615428,-4.7239408753686645,-253.44916709644113,-24.4588371164242,-34.51131846473373,-104.46764117340544,10.134918449794124,183.00233533180176,-5.894508530509232,-227.93396157854312,-16.044463560492623,-21.711650424732266,-78.44733031268136,-0.6367181163861169,20.175086714352517,1.1705676551405677,-25.51520551789801,-8.414373555931576,-12.799668040001468,-26.02031086072408
MIROC,MIROC-ES2L,r1i1p1f2,gn,ssp245,2060-03,2060,3,48.988591868153364,220.35967340630003,-27.58450748954429,-265.54875960415177,-9.71940914852399,-23.552262679707866,-57.0566736474745,54.092806291519665,188.06797862968583,-35.49560423649597,-233.96499959716866,-12.849913767591977,-19.59824621505587,-59.74797889510697,-5.104214423366301,32.29169477661421,7.9110967469516815,-31.583760006983113,3.1305046190679864,-3.954016464651996,2.691305247632471
MIROC,MIROC-ES2L,r1i1p1f2,gn,ssp245,2060-04,2060,4,148.01428209488603,228.54773214563127,-85.78712296967714,-278.7031334294335,-8.713718692096787,-20.204286726579372,-16.84624757726948,153.85297733527165,209.50018751526287,-103.91349209612389,-257.15609699210785,-7.231252400997411,-15.68121571347275,-20.62889235216735,-5.8386952403856185,19.047544630368407,18.126369126446747,-21.54703643732563,-1.4824662910993762,-4.523071013106623,3.7826447748978715
MIROC,MIROC-ES2L,r1i1p1f2,gn,ssp245,2060-05,2060,5,222.66906947710163,270.76836423885806,-111.036685146476,-307.574696318299,-1.208688327773619,-15.290593621652993,58.32677030175804,246.70169500271564,251.0877509758891,-149.22398744547607,-294.09121110661533,-3.5740003779165477,-15.43610176618813,35.4641452824087,-24.03262552561401,19.68061326296896,38.187302299000066,-13.483485211683671,2.365312050142929,0.14550814453513716,22.862625019349338
MIROC,MIROC-ES2L,r1i1p1f2,gn,ssp245,2060-06,2060,6,238.61934111012056,300.5952969787691,-78.27659559803884,-326.450834309468,0.6622289464161327,-10.377108056000473,124.7723290717984,262.85967388536494,287.5439359862113,-118.0808217040136,-319.1397551813616,-0.4218753871641016,-12.337941570683821,100.42321602835318,-24.240332775244383,13.051360992557818,39.80422610597476,-7.311079128106428,1.0841043335802343,1.9608335146833475,24.349113043445215
MIROC,MIROC-ES2L,r1i1p1f2,gn,ssp245,2060-07,2060,7,199.51432105073297,314.2430605853012,-38.5406167556899,-335.72337776356716,-0.7505797622234126,-8.617396250240349,130.1254111043133,215.66988252964234,300.5301923815116,-73.02995970405915,-325.46176212074056,0.41270860793022107,-8.39102748653027,109.73003420775422,-16.155561478909362,13.712868203789583,34.48934294836925,-10.261615642826598,-1.1632883701536336,-0.22636876371007908,20.39537689655907
MIROC,MIROC-ES2L,r1i1p1f2,gn,ssp245,2060-08,2060,8,116.09676260280669,316.50605186167695,-14.046808477614656,-339.8647983958388,0.11017173473979465,-11.562635549593777,67.23874377617616,135.16208166491174,295.50242311597475,-37.03752417522527,-324.68498651157415,-0.464213324470985,-11.852725721887758,56.625055047728296,-19.065319062105047,21.0036287457022,22.990715697610618,-15.179811884264666,0.5743850592107796,0.29009017229398104,10.613688728447869
MIROC,MIROC-ES2L,r1i1p1f2,gn,ssp245,2060-09,2060,9,54.95338380156945,300.16067163533825,-6.417081118786753,-334.49298417052506,-2.5950744219105535,-23.95349976151545,-12.344584035830156,61.876713892617204,271.0061090726583,-17.776445273780446,-310.46478726779867,-5.377540528891009,-21.999781321033964,-22.735731426228572,-6.923330091047752,29.154562562679928,11.359364154993692,-24.028196902726393,2.7824661069804555,-1.9537184404814845,10.391147390398416
MIROC,MIROC-ES2L,r1i1p1f2,gn,ssp245,2060-10,2060,10,14.95710789934375,277.16308901954494,-2.218175065456083,-321.9651443575703,-11.430675543096392,-36.95452165926243,-80.44831970649653,16.046420071477925,235.3408133578954,-5.013446595779057,-280.3624820651788,-13.7920859904137,-26.972101580576677,-74.75288280257493,-1.089312172134175,41.82227566164954,2.7952715303229745,-41.60266229239147,2.361410447317308,-9.982420078685756,-5.695436903921603
MIROC,MIROC-ES2L,r1i1p1f2,gn,ssp245,2060-11,2060,11,2.093959952216979,253.96893401323766,-0.3665136596256461,-300.53602425149484,-15.402395305335693,-33.869454550601965,-94.1114938016035,2.2346607690379368,206.07834229409005,-0.5505327509983511,-253.947457668769,-19.443062239311498,-26.85452686931898,-92.48257646526984,-0.1407008168209578,47.89059171914761,0.184019091372705,-46.58856658272583,4.040666933975805,-7.014927681282984,-1.6289173363336573
MIROC,MIROC-ES2L,r1i1p1f2,gn,ssp245,2060-12,2060,12,0.3805110639796944,230.27519260402627,-0.07260509561450372,-278.9663290400575,-17.488451443901855,-31.036179564182337,-96.9078614757502,0.42759843987767737,191.39597646201616,-0.1463149110530818,-238.8125066111832,-20.102744137502,-25.136428982660664,-92.3744197405051,-0.04708737589798295,38.87921614201011,0.07370981543857809,-40.153822428874264,2.614292693600145,-5.899750581521673,-4.533441735245091
MIROC,MIROC-ES2L,r1i1p1f2,gn,ssp245,2061-01,2061,1,1.2024006392569506,217.51649517160624,-0.39701570629544525,-265.43558515452065,-19.51059485986135,-31.666137726607413,-98.29043763642167,1.312831520498936,184.4046235989899,-0.6504690083046897,-230.4431739194702,-18.324392791067698,-23.303892736152008,-87.00447333550575,-0.11043088124198541,33.11187157261634,0.25345330200924443,-34.99241123505044,-1.1862020687936514,-8.362244990455405,-11.285964300915921
MIROC,MIROC-ES2L,r1i1p1f2,gn,ssp245,2061-02,2061,2,8.90961300218054,203.59404708966917,-4.376537807386438,-249.82258537281723,-19.896687949030483,-26.94660130789406,-88.53875234527847,10.134918449794124,183.00233533180176,-5.894508530509232,-227.93396157854312,-16.044463560492623,-21.711650424732266,-78.44733031268136,-1.225305447613584,20.591711757867415,1.5179707231227946,-21.88862379427411,-3.8522243885378593,-5.234950883161794,-10.091422032597109
MIROC,MIROC-ES2L,r1i1p1f2,gn,ssp245,2061-03,2061,3,48.33846567974082,216.70542881619508,-28.929687769472572,-259.89154429294626,-10.072842014784648,-19.3617197349855,-53.21189931625309,54.092806291519665,188.06797862968583,-35.49560423649597,-233.96499959716866,-12.849913767591977,-19.59824621505587,-59.74797889510697,-5.754340611778844,28.637450186509255,6.565916467023399,-25.926544695777608,2.7770717528073288,0.23652648007037058,6.5360795788538795
MIROC,MIROC-ES2L,r1i1p1f2,gn,ssp245,2061-04,2061,4,142.6171841989349,232.720050644307,-84.95947207407214,-278.9607788687923,-10.443783124453054,-24.06535576283271,-23.092154986908334,153.85297733527165,209.50018751526287,-103.91349209612389,-257.15609699210785,-7.231252400997411,-15.68121571347275,-20.62889235216735,-11.235793136336753,23.219863129044143,18.95402002205175,-21.80468187668447,-3.212530723455643,-8.38414004935996,-2.463262634740982
MIROC,MIROC-ES2L,r1i1p1f2,gn,ssp245,2061-05,2061,5,225.47628779743366,269.86384276130815,-106.39117733846717,-310.34707077096937,-3.091277986591674,-18.537905349127197,56.97269911358639,246.70169500271564,251.0877509758891,-149.22398744547607,-294.09121110661533,-3.5740003779165477,-15.43610176618813,35.4641452824087,-21.225407205281982,18.776091785419055,42.832810107008896,-16.255859664354034,0.4827223913248737,-3.101803582939066,21.508553831177686
MIROC,MIROC-ES2L,r1i1p1f2,gn,ssp245,2061-06,2061,6,237.43141998767473,298.52710005683815,-73.13239560980718,-325.2251095841576,-0.6332573558699064,-9.806987989080444,127.16076950559768,262.85967388536494,287.5439359862113,-118.0808217040136,-319.1397551813616,-0.4218753871641016,-12.337941570683821,100.42321602835318,-25.42825389769021,10.983164070626856,44.948426094206425,-6.0853544027960425,-0.21138196870580478,2.5309535816033772,26.737553477244504
MIROC,MIROC-ES2L,r1i1p1f2,gn,ssp245,2061-07,2061,7,191.62723533015105,314.6954949348516,-31.14224035469153,-336.0086807780545,0.4376712592045034,-8.160624060290107,131.44885633117102,215.66988252964234,300.5301923815116,-73.02995970405915,-325.46176212074056,0.41270860793022107,-8.39102748653027,109.73003420775422,-24.042647199491284,14.165302553339984,41.88771934936762,-10.546918657313938,0.02496265127428232,0.2304034262401622,21.7188221234168
MIROC,MIROC-ES2L,r1i1p1f2,gn,ssp245,2061-08,2061,8,121.31084010661378,311.64788451282567,-12.025298784851893,-339.8765860377492,-1.0935531816002637,-14.678709186126186,65.28457742911195,135.16208166491174,295.50242311597475,-37.03752417522527,-324.68498651157415,-0.464213324470985,-11.852725721887758,56.625055047728296,-13.851241558297957,16.14546139685092,25.01222539037338,-15.191599526175025,-0.6293398571292788,-2.825983464238428,8.659522381383653
MIROC,MIROC-ES2L,r1i1p1f2,gn,ssp245,2061-09,2061,9,53.81400834456685,296.4191358713649,-5.865982229376716,-334.90759534750737,-4.434846548104862,-27.507171370594836,-22.482451279652004,61.876713892617204,271.0061090726583,-17.776445273780446,-310.46478726779867,-5.377540528891009,-21.999781321033964,-22.735731426228572,-8.062705548050353,25.413026798706596,11.91046304440373,-24.442808079708698,0.9426939807861467,-5.507390049560872,0.25328014657656794
MIROC,MIROC-ES2L,r1i1p1f2,gn,ssp245,2061-10,2061,10,14.515694884696332,272.7777722626773,-2.229492553034758,-320.53497407511986,-12.58037010256954,-40.0058831457879,-88.0572527291384,16.046420071477925,235.3408133578954,-5.013446595779057,-280.3624820651788,-13.7920859904137,-26.972101580576677,-74.75288280257493,-1.5307251867815932,37.436958904781875,2.7839540427442993,-40.17249200994104,1.211715887844159,-13.033781565211221,-13.304369926563467
MIROC,MIROC-ES2L,r1i1p1f2,gn,ssp245,2061-11,2061,11,2.2090597128130285,249.16257913062927,-0.3893953683096444,-300.18772786550863,-22.116419164160302,-43.66048928417227,-114.98239283870855,2.2346607690379368,206.07834229409005,-0.5505327509983511,-253.947457668769,-19.443062239311498,-26.85452686931898,-92.48257646526984,-0.02560105622490827,43.08423683653922,0.1611373826887067,-46.24027019673963,-2.673356924848804,-16.80596241485329,-22.499816373438705
MIROC,MIROC-ES2L,r1i1p1f2,gn,ssp245,2061-12,2061,12,0.36551411102079656,218.7075314340491,-0.0724026986586477,-271.5600275053249,-20.071406516385853,-32.28476550291961,-104.91555667821913,0.42759843987767737,191.39597646201616,-0.1463149110530818,-238.8125066111832,-20.102744137502,-25.136428982660664,-92.3744197405051,-0.06208432885688081,27.311554972032923,0.07391221239443412,-32.7475208941417,0.031337621116147574,-7.1483365202589475,-12.541136937714029
MIROC,MIROC-ES2L,r1i1p1f2,gn,ssp245,2062-01,2062,1,1.2518639421865043,210.53837813843674,-0.4621323124726952,-258.9656059734374,-21.236986383206563,-29.844148923254114,-98.71863151174752,1.312831520498936,184.4046235989899,-0.6504690083046897,-230.4431739194702,-18.324392791067698,-23.303892736152008,-87.00447333550575,-0.060967578312431714,26.13375453944684,0.18833669583199447,-28.52243205396718,-2.9125935921388653,-6.540256187102106,-11.714158176241767
MIROC,MIROC-ES2L,r1i1p1f2,gn,ssp245,2062-02,2062,2,9.7507173434393,202.96692998484278,-5.052177292461158,-251.86908667522906,-17.326037524858783,-25.8565831292713,-87.38623729353822,10.134918449794124,183.00233533180176,-5.894508530509232,-227.93396157854312,-16.044463560492623,-21.711650424732266,-78.44733031268136,-0.3842011063548245,19.96459465304102,0.8423312380480743,-23.935125096685937,-1.2815739643661601,-4.144932704539034,-8.938906980856856
MIROC,MIROC-ES2L,r1i1p1f2,gn,ssp245,2062-03,2062,3,52.0321411852189,201.86389387996718,-30.826931099371667,-251.03342076439895,-14.69203990902922,-25.13722719871993,-67.7935839063337,54.092806291519665,188.06797862968583,-35.49560423649597,-233.96499959716866,-12.849913767591977,-19.59824621505587,-59.74797889510697,-2.0606651063007675,13.795915250281354,4.668673137124305,-17.068421167230298,-1.8421261414372427,-5.538980983664061,-8.045605011226726
MIROC,MIROC-ES2L,r1i1p1f2,gn,ssp245,2062-04,2062,4,144.0786335664803,224.6363775165668,-90.27907307081234,-272.4514469350059,-10.941694906579418,-20.915218668383606,-25.872422497734142,153.85297733527165,209.50018751526287,-103.91349209612389,-257.15609699210785,-7.231252400997411,-15.68121571347275,-20.62889235216735,-9.77434376879134,15.13619000130393,13.634419025311544,-15.295349942898042,-3.710442505582007,-5.234002954910856,-5.24353014556679
MIROC,MIROC-ES2L,r1i1p1f2,gn,ssp245,2062-05,2062,5,225.9722018406089,270.99550673045303,-112.84780661678056,-308.78679600111104,-1.3856269589482002,-15.241833719822706,58.70564527439949,246.70169500271564,251.0877509758891,-149.22398744547607,-294.09121110661533,-3.5740003779165477,-15.43610176618813,35.4641452824087,-20.729493162106735,19.907755754563937,36.37618082869551,-14.69558489449571,2.1883734189683475,0.1942680463654245,23.241499991990786
MIROC,MIROC-ES2L,r1i1p1f2,gn,ssp245,2062-06,2062,6,239.54401942054557,298.9298824053523,-80.7497493520251,-324.3651551212627,0.4240503398533385,-9.649712127635496,124.13333556482792,262.85967388536494,287.5439359862113,-118.0808217040136,-319.1397551813616,-0.4218753871641016,-12.337941570683821,100.42321602835318,-23.315654464819374,11.385946419141021,37.331072351988496,-5.225399939901138,0.8459257270174401,2.688229443048325,23.710119536474735
MIROC,MIROC-ES2L,r1i1p1f2,gn,ssp245,2062-07,2062,7,195.3123618295083,312.0194079159616,-37.88320644090371,-333.3926156583967,-0.1308586359692717,-8.364244075013797,127.56084493518637,215.66988252964234,300.5301923815116,-73.02995970405915,-325.46176212074056,0.41270860793022107,-8.39102748653027,109.73003420775422,-20.357520700134046,11.489215534450011,35.14675326315544,-7.930853537656162,-0.5435672438994927,0.026783411516472455,17.83081072743215
MIROC,MIROC-ES2L,r1i1p1f2,gn,ssp245,2062-08,2062,8,119.95076674831607,310.9177016121585,-14.02192042369771,-337.2167143695947,-0.898264135244685,-14.03633961726752,64.69522981466997,135.16208166491174,295.50242311597475,-37.03752417522527,-324.68498651157415,-0.464213324470985,-11.852725721887758,56.625055047728296,-15.211314916595668,15.41527849618376,23.015603751527564,-12.531727858020531,-0.43405081077369995,-2.1836138953797626,8.070174766941676
MIROC,MIROC-ES2L,r1i1p1f2,gn,ssp245,2062-09,2062,9,54.497379168173886,293.58060880788247,-6.628683522656076,-331.9476630818865,-4.514029568703472,-28.362014036010276,-23.37440223319999,61.876713892617204,271.0061090726583,-17.776445273780446,-310.46478726779867,-5.377540528891009,-21.999781321033964,-22.735731426228572,-7.379334724443318,22.57449973522415,11.14776175112437,-21.482875814087834,0.8635109601875373,-6.362232714976312,-0.6386708069714189
MIROC,MIROC-ES2L,r1i1p1f2,gn,ssp245,2062-10,2062,10,14.869729372380515,271.25706880514326,-2.2917392512893993,-317.40327208935963,-13.763622247040066,-42.29344334128609,-89.62527875145145,16.046420071477925,235.3408133578954,-5.013446595779057,-280.3624820651788,-13.7920859904137,-26.972101580576677,-74.75288280257493,-1.17669069909741,35.91625544724786,2.721707344489658,-37.04079002418081,0.02846374337363322,-15.321341760709416,-14.872395948876516
MIROC,MIROC-ES2L,r1i1p1f2,gn,ssp245,2062-11,2062,11,2.136277618878597,243.7553539036501,-0.38062426861427257,-295.87494104763533,-22.965392547188944,-42.31481457526863,-115.64414091617846,2.2346607690379368,206.07834229409005,-0.5505327509983511,-253.947457668769,-19.443062239311498,-26.85452686931898,-92.48257646526984,-0.09838315015933974,37.677011609560054,0.16990848238407852,-41.92748337886633,-3.5223303078774464,-15.460287705949646,-23.161564450908614
MIROC,MIROC-ES2L,r1i1p1f2,gn,ssp245,2062-12,2062,12,0.37352207686414135,227.33891934759342,-0.07386712945395345,-274.9245262838329,-19.382065206410314,-30.61568490060124,-97.28370209584087,0.42759843987767737,191.39597646201616,-0.1463149110530818,-238.8125066111832,-20.102744137502,-25.136428982660664,-92.3744197405051,-0.05407636301353602,35.94294288557725,0.07244778159912836,-36.112019672649694,0.7206789310916868,-5.479255917940577,-4.909282355335762
MIROC,MIROC-ES2L,r1i1p1f2,gn,ssp245,2063-01,2063,1,1.201705121307754,209.2170949253803,-0.3570719497822704,-262.33978123206924,-20.408731320152544,-30.953935596419203,-103.64072005173519,1.312831520498936,184.4046235989899,-0.6504690083046897,-230.4431739194702,-18.324392791067698,-23.303892736152008,-87.00447333550575,-0.11112639919118195,24.81247132639041,0.29339705852241926,-31.89660731259903,-2.084338529084846,-7.650042860267195,-16.636246716229437
MIROC,MIROC-ES2L,r1i1p1f2,gn,ssp245,2063-02,2063,2,8.995742637913386,201.74306739061743,-4.35138509511301,-248.502736617328,-17.726147458610164,-24.78898688422068,-84.63044602674104,10.134918449794124,183.00233533180176,-5.894508530509232,-227.93396157854312,-16.044463560492623,-21.711650424732266,-78.44733031268136,-1.1391758118807385,18.740732058815667,1.5431234353962218,-20.568775038784878,-1.6816838981175408,-3.0773364594884143,-6.1831157140596815
MIROC,MIROC-ES2L,r1i1p1f2,gn,ssp245,2063-03,2063,3,50.629378671269535,215.91216662443608,-29.521262739123642,-261.3177645966651,-10.184644642119737,-22.64328966292496,-57.125416345127775,54.092806291519665,188.06797862968583,-35.49560423649597,-233.96499959716866,-12.849913767591977,-19.59824621505587,-59.74797889510697,-3.4634276202501297,27.844187994750257,5.974341497372329,-27.35276499949643,2.665269125472239,-3.045043447869091,2.622562549979193
MIROC,MIROC-ES2L,r1i1p1f2,gn,ssp245,2063-04,2063,4,146.7965830609216,225.9102522418752,-89.88795687716687,-273.5283459056821,-7.667469467176458,-18.510960216608456,-16.887897163837096,153.85297733527165,209.50018751526287,-103.91349209612389,-257.15609699210785,-7.231252400997411,-15.68121571347275,-20.62889235216735,-7.056394274350055,16.410064726612347,14.025535218957017,-16.372248913574253,-0.4362170661790472,-2.829744503135707,3.740995188330256
MIROC,MIROC-ES2L,r1i1p1f2,gn,ssp245,2063-05,2063,5,230.17193932341303,267.5327087200773,-114.81354139381692,-307.01561139905243,-3.468102351888228,-16.29053829670174,56.11685460203101,246.70169500271564,251.0877509758891,-149.22398744547607,-294.09121110661533,-3.5740003779165477,-15.43610176618813,35.4641452824087,-16.52975567930261,16.44495774418823,34.41044605165915,-12.924400292437099,0.10589802602831977,-0.8544365305136097,20.65270931962231
MIROC,MIROC-ES2L,r1i1p1f2,gn,ssp245,2063-06,2063,6,248.16542098238867,297.10228453610137,-81.41962563118489,-324.87047895870495,-0.014115646930424835,-10.869866139032977,128.0936191426368,262.85967388536494,287.5439359862113,-118.0808217040136,-319.1397551813616,-0.4218753871641016,-12.337941570683821,100.42321602835318,-14.694252902976274,9.55834854989007,36.661196072828716,-5.730723777343371,0.4077597402336768,1.4680754316508438,27.67040311428363
MIROC,MIROC-ES2L,r1i1p1f2,gn,ssp245,2063-07,2063,7,196.0473255977269,311.0031161221964,-35.17961552755369,-332.9644472343714,0.39716055235619274,-7.054031285670977,132.24950822468338,215.66988252964234,300.5301923815116,-73.02995970405915,-325.46176212074056,0.41270860793022107,-8.39102748653027,109.73003420775422,-19.622556931915426,10.472923740684791,37.85034417650546,-7.502685113630832,-0.01554805557402833,1.3369962008592928,22.519474016929166
MIROC,MIROC-ES2L,r1i1p1f2,gn,ssp245,2063-08,2063,8,123.73138823502235,306.942269103023,-12.909660265960039,-336.64529064237445,-0.9970408706793119,-15.200208830760543,64.92145672827101,135.16208166491174,295.50242311597475,-37.03752417522527,-324.68498651157415,-0.464213324470985,-11.852725721887758,56.625055047728296,-11.430693429889388,11.439845987048272,24.127863909265233,-11.960304130800296,-0.532827546208327,-3.347483108872785,8.296401680542715
MIROC,MIROC-ES2L,r1i1p1f2,gn,ssp245,2063-09,2063,9,52.953481689002935,298.0489336755639,-5.918170559198049,-331.8419163897305,-3.3134772951544718,-22.93687404803349,-13.008022927549694,61.876713892617204,271.0061090726583,-17.776445273780446,-310.46478726779867,-5.377540528891009,-21.999781321033964,-22.735731426228572,-8.923232203614269,27.04282460290557,11.858274714582397,-21.37712912193183,2.064063233736537,-0.9370927269995271,9.727708498678878
MIROC,MIROC-ES2L,r1i1p1f2,gn,ssp245,2063-10,2063,10,13.911072344905216,277.17060135099604,-2.0210011422609355,-319.48374282415,-10.546922747121604,-33.50961509573049,-74.47960811336179,16.046420071477925,235.3408133578954,-5.013446595779057,-280.3624820651788,-13.7920859904137,-26.972101580576677,-74.75288280257493,-2.135347726572709,41.82978799310064,2.9924454535181217,-39.121260758971175,3.2451632432920956,-6.537513515153812,0.2732746892131388
MIROC,MIROC-ES2L,r1i1p1f2,gn,ssp245,2063-11,2063,11,2.0304834109265264,249.33211561768303,-0.366931961298506,-297.892569242298,-16.78729586140309,-33.82480421703057,-97.50900225342062,2.2346607690379368,206.07834229409005,-0.5505327509983511,-253.947457668769,-19.443062239311498,-26.85452686931898,-92.48257646526984,-0.20417735811141036,43.25377332359298,0.18360078969984506,-43.945111573529005,2.6557663779084066,-6.970277347711587,-5.026425788150775
MIROC,MIROC-ES2L,r1i1p1f2,gn,ssp245,2063-12,2063,12,0.414139892660116,218.60119975590342,-0.09084677537242934,-273.7616009541887,-21.44295700937452,-35.34084033792998,-111.62090542830208,0.42759843987767737,191.39597646201616,-0.1463149110530818,-238.8125066111832,-20.102744137502,-25.136428982660664,-92.3744197405051,-0.013458547217561345,27.205223293887258,0.05546813568065247,-34.94909434300547,-1.3402128718725201,-10.204411355269318,-19.246485687796977
MIROC,MIROC-ES2L,r1i1p1f2,gn,ssp245,2064-01,2064,1,1.1965366259580354,211.35664650076032,-0.4354079145853663,-260.5312826010951,-21.368814127116305,-31.175608535274193,-100.9579300513526,1.312831520498936,184.4046235989899,-0.6504690083046897,-230.4431739194702,-18.324392791067698,-23.303892736152008,-87.00447333550575,-0.11629489454090058,26.95202290177042,0.21506109371932336,-30.088108681624874,-3.0444213360486074,-7.871715799122185,-13.953456715846855
MIROC,MIROC-ES2L,r1i1p1f2,gn,ssp245,2064-02,2064,2,9.443821965318499,202.40354459403156,-4.885368248217175,-252.53488013934353,-15.289195304953676,-24.5076154646067,-85.369692597771,10.134918449794124,183.00233533180176,-5.894508530509232,-227.93396157854312,-16.044463560492623,-21.711650424732266,-78.44733031268136,-0.6910964844756258,19.4012092622298,1.0091402822920568,-24.60091856080041,0.7552682555389474,-2.795965039874435,-6.922362285089648
MIROC,MIROC-ES2L,r1i1p1f2,gn,ssp245,2064-03,2064,3,49.32409180776441,214.52232024445917,-29.302733794409637,-259.3727213746982,-11.774269570729077,-18.984239880550703,-55.58755256816404,54.092806291519665,188.06797862968583,-35.49560423649597,-233.96499959716866,-12.849913767591977,-19.59824621505587,-59.74797889510697,-4.768714483755254,26.45434161477334,6.192870442086335,-25.40772177752953,1.0756441968628998,0.6140063345051665,4.160426326942925
MIROC,MIROC-ES2L,r1i1p1f2,gn,ssp245,2064-04,2064,4,141.59810510575613,236.77950106662158,-84.53158544772495,-279.2917007414455,-4.018860533781853,-13.916643854016536,-3.381184404591167,153.85297733527165,209.50018751526287,-103.91349209612389,-257.15609699210785,-7.231252400997411,-15.68121571347275,-20.62889235216735,-12.254872229515513,27.27931355135871,19.38190664839894,-22.135603749337633,3.2123918672155582,1.764571859456213,17.247707947576185
MIROC,MIROC-ES2L,r1i1p1f2,gn,ssp245,2064-05,2064,5,227.95169754007242,269.4545377849095,-110.83130731099975,-308.3101752860126,-3.2583584868157183,-17.34557861874445,57.66081562240937,246.70169500271564,251.0877509758891,-149.22398744547607,-294.09121110661533,-3.5740003779165477,-15.43610176618813,35.4641452824087,-18.749997462643222,18.366786809020425,38.39268013447632,-14.21896417939729,0.3156418911008294,-1.9094768525563204,22.196670340000672
MIROC,MIROC-ES2L,r1i1p1f2,gn,ssp245,2064-06,2064,6,247.32401443166668,299.72012889558084,-80.37386002782047,-325.46477774998095,0.5571671187590082,-8.37346529980026,133.38920736840484,262.85967388536494,287.5439359862113,-118.0808217040136,-319.1397551813616,-0.4218753871641016,-12.337941570683821,100.42321602835318,-15.535659453698258,12.176192909369547,37.70696167619313,-6.325022568619374,0.9790425059231098,3.9644762708835604,32.96599134005166
MIROC,MIROC-ES2L,r1i1p1f2,gn,ssp245,2064-07,2064,7,195.9004778741148,314.9603010233772,-35.122025174878324,-335.717376071732,0.5875562070248396,-6.611738609048948,133.99719524885757,215.66988252964234,300.5301923815116,-73.02995970405915,-325.46176212074056,0.41270860793022107,-8.39102748653027,109.73003420775422,-19.769404655527524,14.430108641865615,37.90793452918083,-10.25561395099146,0.1748475990946185,1.7792888774813216,24.26716104110335
MIROC,MIROC-ES2L,r1i1p1f2,gn,ssp245,2064-08,2064,8,118.34447295906153,313.03479268283263,-12.465097842091323,-338.56195655418065,0.04180672292426826,-12.74885774392451,67.64516022462195,135.16208166491174,295.50242311597475,-37.03752417522527,-324.68498651157415,-0.464213324470985,-11.852725721887758,56.625055047728296,-16.817608705850205,17.53236956685788,24.572426333133947,-13.876970042606501,0.5060200473952533,-0.8961320220367526,11.02010517689365
MIROC,MIROC-ES2L,r1i1p1f2,gn,ssp245,2064-09,2064,9,54.08903559483162,298.07024133548134,-5.873136749178614,-333.7303992832745,-4.035274601728232,-25.651458764750974,-17.13099246861937,61.876713892617204,271.0061090726583,-17.776445273780446,-310.46478726779867,-5.377540528891009,-21.999781321033964,-22.735731426228572,-7.7876782977855825,27.064132262823023,11.903308524601833,-23.265612015475824,1.342265927162777,-3.651677443717009,5.6047389576092
MIROC,MIROC-ES2L,r1i1p1f2,gn,ssp245,2064-10,2064,10,14.115574824186469,275.5075048069755,-2.059360282898606,-320.01533072619026,-10.956118511986398,-35.76956152567204,-79.17729141558533,16.046420071477925,235.3408133578954,-5.013446595779057,-280.3624820651788,-13.7920859904137,-26.972101580576677,-74.75288280257493,-1.9308452472914563,40.166691449080076,2.954086312880451,-39.65284866101143,2.8359674784273015,-8.797459945095362,-4.4244086130103994
MIROC,MIROC-ES2L,r1i1p1f2,gn,ssp245,2064-11,2064,11,2.208316677060852,249.94165449546102,-0.4026882073609049,-299.81679921204983,-18.417565317629542,-36.982722011933966,-103.46980357645236,2.2346607690379368,206.07834229409005,-0.5505327509983511,-253.947457668769,-19.443062239311498,-26.85452686931898,-92.48257646526984,-0.02634409197708454,43.863312201370974,0.1478445436374462,-45.869341543280825,1.025496921681956,-10.128195142614985,-10.98722711118252
MIROC,MIROC-ES2L,r1i1p1f2,gn,ssp245,2064-12,2064,12,0.3898345724378529,222.85699398862837,-0.07655822022150194,-275.1892480600304,-27.153289448498626,-38.75195904972035,-117.92422621740468,0.42759843987767737,191.39597646201616,-0.1463149110530818,-238.8125066111832,-20.102744137502,-25.136428982660664,-92.3744197405051,-0.03776386743982446,31.46101752661221,0.06975669083157987,-36.37674144884721,-7.050545310996625,-13.615530067059684,-25.549806476899576
MIROC,MIROC-ES2L,r1i1p1f2,gn,ssp245,2065-01,2065,1,1.2074294407061084,214.70965898776245,-0.43213234831006414,-262.8474912462508,-21.885580203069665,-30.16469507691881,-99.41281044608078,1.312831520498936,184.4046235989899,-0.6504690083046897,-230.4431739194702,-18.324392791067698,-23.303892736152008,-87.00447333550575,-0.10540207979282767,30.305035388772552,0.21833665999462554,-32.404317326780586,-3.561187412001967,-6.860802340766803,-12.408337110575033
MIROC,MIROC-ES2L,r1i1p1f2,gn,ssp245,2065-02,2065,2,9.84400475822115,203.94765801944325,-5.030442694473834,-252.91935458014697,-17.136490821040763,-24.517823960024273,-85.81244927802143,10.134918449794124,183.00233533180176,-5.894508530509232,-227.93396157854312,-16.044463560492623,-21.711650424732266,-78.44733031268136,-0.29091369157297464,20.945322687641493,0.8640658360353983,-24.985393001603853,-1.0920272605481394,-2.8061735352920074,-7.3651189653400735
MIROC,MIROC-ES2L,r1i1p1f2,gn,ssp245,2065-03,2065,3,50.813537110062875,209.39856698509575,-29.907661916541347,-255.63420429185666,-9.483174502384502,-16.96608260017428,-51.77901921579816,54.092806291519665,188.06797862968583,-35.49560423649597,-233.96499959716866,-12.849913767591977,-19.59824621505587,-59.74797889510697,-3.2792691814567902,21.33058835540993,5.5879423199546245,-21.669204694688005,3.3667392652074746,2.6321636148815912,7.96895967930881
MIROC,MIROC-ES2L,r1i1p1f2,gn,ssp245,2065-04,2065,4,142.77258528797196,233.31534083440505,-86.81452011519038,-277.2977059935709,-6.281959888017603,-16.151268306119132,-10.457528180521013,153.85297733527165,209.50018751526287,-103.91349209612389,-257.15609699210785,-7.231252400997411,-15.68121571347275,-20.62889235216735,-11.080392047299682,23.815153319142183,17.098971980933513,-20.141609001463053,0.9492925129798078,-0.47005259264638255,10.171364171646339
MIROC,MIROC-ES2L,r1i1p1f2,gn,ssp245,2065-05,2065,5,231.10363651394604,269.92580225722503,-109.45332150071232,-309.2300405574604,-2.8918299504580465,-16.58639876577171,62.867847996768546,246.70169500271564,251.0877509758891,-149.22398744547607,-294.09121110661533,-3.5740003779165477,-15.43610176618813,35.4641452824087,-15.598058488769595,18.838051281335936,39.77066594476375,-15.138829450845094,0.6821704274585012,-1.1502969995835777,27.403702714359845
MIROC,MIROC-ES2L,r1i1p1f2,gn,ssp245,2065-06,2065,6,247.4192332438903,300.0585405367835,-79.1911757015137,-325.64526852168126,-0.047019240758112105,-8.582780037928426,134.0115302787922,262.85967388536494,287.5439359862113,-118.0808217040136,-319.1397551813616,-0.4218753871641016,-12.337941570683821,100.42321602835318,-15.440440641474652,12.514604550572187,38.8896460024999,-6.5055133403196805,0.3748561464059895,3.7551615327553947,33.588314250439026
MIROC,MIROC-ES2L,r1i1p1f2,gn,ssp245,2065-07,2065,7,195.58968278867675,311.85509460949214,-32.25548206524234,-334.2078532177243,-0.20295456893919783,-8.136303893409904,132.64218365285313,215.66988252964234,300.5301923815116,-73.02995970405915,-325.46176212074056,0.41270860793022107,-8.39102748653027,109.73003420775422,-20.080199740965583,11.324902227980544,40.77447763881681,-8.746091096983719,-0.615663176869419,0.2547235931203655,22.91214944509892
MIROC,MIROC-ES2L,r1i1p1f2,gn,ssp245,2065-08,2065,8,116.65991310126029,315.0862555470211,-10.68722652480881,-339.5710179244248,0.07417292305774341,-10.360343917686931,71.20175320441858,135.16208166491174,295.50242311597475,-37.03752417522527,-324.68498651157415,-0.464213324470985,-11.852725721887758,56.625055047728296,-18.502168563651452,19.583832431046346,26.35029765041646,-14.886031412850627,0.5383862475287284,1.4923818042008268,14.576698156690284
MIROC,MIROC-ES2L,r1i1p1f2,gn,ssp245,2065-09,2065,9,53.077053791570556,298.2441987677659,-5.534504252361883,-334.7497554802709,-5.285219749539051,-28.839568982171716,-23.087795905007084,61.876713892617204,271.0061090726583,-17.776445273780446,-310.46478726779867,-5.377540528891009,-21.999781321033964,-22.735731426228572,-8.799660101046648,27.23808969510759,12.241941021418564,-24.284968212472222,0.09232077935195804,-6.839787661137752,-0.3520644787785123
MIROC,MIROC-ES2L,r1i1p1f2,gn,ssp245,2065-10,2065,10,14.586834294189185,273.92410822461494,-2.0692553366129185,-322.1976762970493,-12.308341409458045,-41.0210356693354,-89.08536619365154,16.046420071477925,235.3408133578954,-5.013446595779057,-280.3624820651788,-13.7920859904137,-26.972101580576677,-74.75288280257493,-1.4595857772887406,38.58329486671954,2.9441912591661388,-41.8351942318705,1.4837445809556549,-14.04893408875872,-14.332483391076607
MIROC,MIROC-ES2L,r1i1p1f2,gn,ssp245,2065-11,2065,11,2.1742841687920063,248.02629722774,-0.3762443505713753,-301.43701942351254,-22.155080193253024,-41.25579372524015,-115.02355629604507,2.2346607690379368,206.07834229409005,-0.5505327509983511,-253.947457668769,-19.443062239311498,-26.85452686931898,-92.48257646526984,-0.0603766002459305,41.94795493364995,0.1742884004269758,-47.489561754743534,-2.712017953941526,-14.401266855921172,-22.54097983077523
MIROC,MIROC-ES2L,r1i1p1f2,gn,ssp245,2065-12,2065,12,0.3794218820894279,223.8401026934949,-0.07434437119074735,-276.95480874528215,-21.020112860371707,-32.00475339587277,-105.83449479713303,0.42759843987767737,191.39597646201616,-0.1463149110530818,-238.8125066111832,-20.102744137502,-25.136428982660664,-92.3744197405051,-0.048176557788249474,32.44412623147875,0.07197053986233445,-38.14230213409894,-0.9173687228697069,-6.868324413212104,-13.460075056627929
MIROC,MIROC-ES2L,r1i1p1f2,gn,ssp245,2066-01,2066,1,1.0698418425778025,214.11194075002922,-0.33201168959786465,-262.48421760783106,-17.2441475865205,-24.278500327245773,-89.15709461858816,1.312831520498936,184.4046235989899,-0.6504690083046897,-230.4431739194702,-18.324392791067698,-23.303892736152008,-87.00447333550575,-0.24298967792113357,29.70731715103932,0.31845731870682503,-32.041043688360844,1.0802452045471966,-0.9746075910937648,-2.1526212830824107
MIROC,MIROC-ES2L,r1i1p1f2,gn,ssp245,2066-02,2066,2,8.877690619187787,202.56600466001143,-4.329875977420654,-250.63392362846935,-18.729726875929007,-23.304726879660187,-85.55455808227998,10.134918449794124,183.00233533180176,-5.894508530509232,-227.93396157854312,-16.044463560492623,-21.711650424732266,-78.44733031268136,-1.2572278306063378,19.56366932820967,1.564632553088578,-22.699962049926228,-2.6852633154363836,-1.593076454927921,-7.107227769598623
MIROC,MIROC-ES2L,r1i1p1f2,gn,ssp245,2066-03,2066,3,50.84187864836375,211.22329221071982,-29.280878462452737,-258.6549919239809,-11.105068917392167,-22.642590188170736,-59.618358632912944,54.092806291519665,188.06797862968583,-35.49560423649597,-233.96499959716866,-12.849913767591977,-19.59824621505587,-59.74797889510697,-3.2509276431559115,23.155313581033994,6.2147257740432345,-24.689992326812245,1.7448448501998097,-3.0443439731148665,0.1296202621940239
MIROC,MIROC-ES2L,r1i1p1f2,gn,ssp245,2066-04,2066,4,137.49964115760125,238.55903704934025,-82.4982708883538,-280.14622424509014,-3.404072774927325,-14.249624035155518,-4.2395137365852325,153.85297733527165,209.50018751526287,-103.91349209612389,-257.15609699210785,-7.231252400997411,-15.68121571347275,-20.62889235216735,-16.3533361776704,29.058849534077382,21.415221207770088,-22.99012725298229,3.8271796260700857,1.4315916783172309,16.389378615582118
MIROC,MIROC-ES2L,r1i1p1f2,gn,ssp245,2066-05,2066,5,215.70294075022892,278.76985734578375,-100.40624952128827,-312.1295505293759,-0.8174552526830658,-13.192117109157543,67.92742568350789,246.70169500271564,251.0877509758891,-149.22398744547607,-294.09121110661533,-3.5740003779165477,-15.43610176618813,35.4641452824087,-30.99875425248672,27.682106369894655,48.817737924187796,-18.038339422760544,2.756545125233482,2.2439846570305875,32.46328040109919
MIROC,MIROC-ES2L,r1i1p1f2,gn,ssp245,2066-06,2066,6,243.72388553835583,298.57091760496695,-71.18135558548437,-325.50610456193067,-1.0745625568395443,-10.018571866777185,134.51420857229095,262.85967388536494,287.5439359862113,-118.0808217040136,-319.1397551813616,-0.4218753871641016,-12.337941570683821,100.42321602835318,-19.13578834700911,11.026981618755656,46.89946611852923,-6.3663493805690905,-0.6526871696754426,2.319369703906636,34.09099254393777
MIROC,MIROC-ES2L,r1i1p1f2,gn,ssp245,2066-07,2066,7,202.2190412636848,312.62025207936733,-29.702401937224202,-336.1256175636525,0.324157494169107,-9.154968364791129,140.18046297155337,215.66988252964234,300.5301923815116,-73.02995970405915,-325.46176212074056,0.41270860793022107,-8.39102748653027,109.73003420775422,-13.450841265957536,12.090059697855736,43.32755776683495,-10.663855442911938,-0.08855111376111408,-0.7639408782608594,30.450428763799152
MIROC,MIROC-ES2L,r1i1p1f2,gn,ssp245,2066-08,2066,8,120.91005555838288,311.2791143754567,-11.046035026085335,-340.68172101233654,-0.6720490802965394,-14.80786757576538,64.98149723935578,135.16208166491174,295.50242311597475,-37.03752417522527,-324.68498651157415,-0.464213324470985,-11.852725721887758,56.625055047728296,-14.25202610652886,15.776691259481936,25.991489149139937,-15.996734500762386,-0.2078357558255544,-2.955141853877622,8.35644219162748
MIROC,MIROC-ES2L,r1i1p1f2,gn,ssp245,2066-09,2066,9,53.922025187072485,300.0687160226117,-5.60544623262694,-335.72767551474413,-4.587564625634664,-27.442468788646767,-19.372413951968323,61.876713892617204,271.0061090726583,-17.776445273780446,-310.46478726779867,-5.377540528891009,-21.999781321033964,-22.735731426228572,-7.954688705544719,29.062606949953363,12.170999041153507,-25.262888246945465,0.7899759032563454,-5.442687467612803,3.363317474260249
MIROC,MIROC-ES2L,r1i1p1f2,gn,ssp245,2066-10,2066,10,14.718722728847013,274.25582600173294,-2.0692373688520522,-323.4690591360328,-12.704078375431271,-40.11365148727172,-89.38147763700788,16.046420071477925,235.3408133578954,-5.013446595779057,-280.3624820651788,-13.7920859904137,-26.972101580576677,-74.75288280257493,-1.3276973426309127,38.91501264383754,2.944209226927005,-43.10657707085397,1.0880076149824287,-13.14154990669504,-14.628594834432946
MIROC,MIROC-ES2L,r1i1p1f2,gn,ssp245,2066-11,2066,11,2.2561283039889157,250.86150784318156,-0.4050915533201058,-305.32436911308696,-21.603141647717894,-43.96583296621801,-118.18079913317251,2.2346607690379368,206.07834229409005,-0.5505327509983511,-253.947457668769,-19.443062239311498,-26.85452686931898,-92.48257646526984,0.021467534950978973,44.78316554909151,0.14544119767824526,-51.376911444317955,-2.1600794084063963,-17.11130609689903,-25.69822266790267
MIROC,MIROC-ES2L,r1i1p1f2,gn,ssp245,2066-12,2066,12,0.38801238493741486,230.9828585190131,-0.07909813350711717,-281.92542128856456,-16.730139705944552,-29.39195570654028,-96.75574393060603,0.42759843987767737,191.39597646201616,-0.1463149110530818,-238.8125066111832,-20.102744137502,-25.136428982660664,-92.3744197405051,-0.039586054940262516,39.58688205699693,0.06721677754596464,-43.112914677381355,3.3726044315574484,-4.2555267238796155,-4.381324190100926
MIROC,MIROC-ES2L,r1i1p1f2,gn,ssp245,2067-01,2067,1,1.2587298211480864,213.56359027215166,-0.4330642276041571,-263.6435979713204,-20.347468955945697,-29.932127139299567,-99.53393820087007,1.312831520498936,184.4046235989899,-0.6504690083046897,-230.4431739194702,-18.324392791067698,-23.303892736152008,-87.00447333550575,-0.05410169935084963,29.158966673161757,0.2174047807005326,-33.20042405185018,-2.023076164877999,-6.628234403147559,-12.529464865364318
MIROC,MIROC-ES2L,r1i1p1f2,gn,ssp245,2067-02,2067,2,9.530668479338631,203.87381845004035,-4.547566519343404,-255.21179690912163,-18.83424284040559,-27.014245614511516,-92.20336495400318,10.134918449794124,183.00233533180176,-5.894508530509232,-227.93396157854312,-16.044463560492623,-21.711650424732266,-78.44733031268136,-0.6042499704554931,20.871483118238586,1.3469420111658286,-27.27783533057851,-2.789779279912967,-5.30259518977925,-13.756034641321818
MIROC,MIROC-ES2L,r1i1p1f2,gn,ssp245,2067-03,2067,3,50.233776833490516,211.90403773265035,-29.124478315180873,-258.18553840224797,-11.20124384258184,-22.03864789099004,-58.41209388485984,54.092806291519665,188.06797862968583,-35.49560423649597,-233.96499959716866,-12.849913767591977,-19.59824621505587,-59.74797889510697,-3.8590294580291484,23.836059102964526,6.371125921315098,-24.220538805079315,1.648669925010136,-2.4404016759341687,1.3358850102471251
MIROC,MIROC-ES2L,r1i1p1f2,gn,ssp245,2067-04,2067,4,144.57075939358904,227.10230957892492,-88.53259839654619,-275.11002865159645,-9.754851410483324,-21.20125246428219,-22.925661950394158,153.85297733527165,209.50018751526287,-103.91349209612389,-257.15609699210785,-7.231252400997411,-15.68121571347275,-20.62889235216735,-9.282217941682603,17.60212206366205,15.380893699577697,-17.953931659488603,-2.5235990094859133,-5.520036750809442,-2.296769598226806
MIROC,MIROC-ES2L,r1i1p1f2,gn,ssp245,2067-05,2067,5,227.78709551182445,269.89162539880664,-110.84415720524963,-308.8807622696815,-3.705200695103983,-19.348572048374727,54.90002869222126,246.70169500271564,251.0877509758891,-149.22398744547607,-294.09121110661533,-3.5740003779165477,-15.43610176618813,35.4641452824087,-18.91459949089119,18.803874422917545,38.37983024022644,-14.789551163066164,-0.1312003171874352,-3.9124702821865966,19.43588340981256
MIROC,MIROC-ES2L,r1i1p1f2,gn,ssp245,2067-06,2067,6,248.17070973338625,297.5699854171442,-78.68734253926907,-325.24879806288976,-0.00799486660645112,-9.693152036740095,132.10340764502504,262.85967388536494,287.5439359862113,-118.0808217040136,-319.1397551813616,-0.4218753871641016,-12.337941570683821,100.42321602835318,-14.688964151978695,10.026049430932915,39.393479164744534,-6.1090428815281825,0.4138805205576505,2.644789533943726,31.680191616671863
MIROC,MIROC-ES2L,r1i1p1f2,gn,ssp245,2067-07,2067,7,190.7147262525853,311.8209308590964,-32.00623849180945,-333.6318809804304,-0.20398339786374228,-7.729487023125438,128.96406721845267,215.66988252964234,300.5301923815116,-73.02995970405915,-325.46176212074056,0.41270860793022107,-8.39102748653027,109.73003420775422,-24.95515627705703,11.290738477584796,41.023721212249704,-8.170118859689865,-0.6166920057939633,0.6615404634048314,19.234033010698454
MIROC,MIROC-ES2L,r1i1p1f2,gn,ssp245,2067-08,2067,8,120.3939159028025,311.32170116557677,-11.411649554349115,-337.8680603609298,-0.7064480206146594,-13.315970903783752,68.41348822870194,135.16208166491174,295.50242311597475,-37.03752417522527,-324.68498651157415,-0.464213324470985,-11.852725721887758,56.625055047728296,-14.768165762109234,15.819278049602019,25.625874620876157,-13.183073849355651,-0.24223469614367438,-1.463245181895994,11.788433180973641
MIROC,MIROC-ES2L,r1i1p1f2,gn,ssp245,2067-09,2067,9,54.93531094313273,295.5714379788066,-5.964511510642569,-333.3434407712643,-3.829633469033962,-25.286736987664888,-17.91757381666638,61.876713892617204,271.0061090726583,-17.776445273780446,-310.46478726779867,-5.377540528891009,-21.999781321033964,-22.735731426228572,-6.941402949484477,24.565328906148295,11.811933763137876,-22.878653503465614,1.5479070598570468,-3.2869556666309236,4.818157609562192
MIROC,MIROC-ES2L,r1i1p1f2,gn,ssp245,2067-10,2067,10,14.61995096998892,273.69483884586646,-2.167373195288917,-320.66827327044876,-10.161745267725438,-35.54052792114857,-80.22312983875634,16.046420071477925,235.3408133578954,-5.013446595779057,-280.3624820651788,-13.7920859904137,-26.972101580576677,-74.75288280257493,-1.4264691014890047,38.35402548797106,2.8460734004901402,-40.30579120526994,3.6303407226882616,-8.568426340571897,-5.470247036181405
MIROC,MIROC-ES2L,r1i1p1f2,gn,ssp245,2067-11,2067,11,2.0412202532596977,253.5021704098346,-0.34103658613366084,-299.99631483026974,-16.390299291949614,-32.627833935882045,-93.81209398114078,2.2346607690379368,206.07834229409005,-0.5505327509983511,-253.947457668769,-19.443062239311498,-26.85452686931898,-92.48257646526984,-0.19344051577823906,47.423828115744556,0.20949616486469025,-46.048857161500734,3.0527629473618845,-5.7733070665630635,-1.3295175158709327
MIROC,MIROC-ES2L,r1i1p1f2,gn,ssp245,2067-12,2067,12,0.3594242057642966,230.92495797685376,-0.06330513035952162,-278.8865141175623,-20.24672245716098,-34.76871747312215,-102.68087699558687,0.42759843987767737,191.39597646201616,-0.1463149110530818,-238.8125066111832,-20.102744137502,-25.136428982660664,-92.3744197405051,-0.06817423411338075,39.5289815148376,0.08300978069356019,-40.074007506379075,-0.14397831965898078,-9.632288490461487,-10.306457255081767
MIROC,MIROC-ES2L,r1i1p1f2,gn,ssp245,2068-01,2068,1,0.9930000165434928,216.70285641862932,-0.27928718020403615,-264.8983198107878,-16.57107501819114,-25.64587567151685,-89.698701245527,1.312831520498936,184.4046235989899,-0.6504690083046897,-230.4431739194702,-18.324392791067698,-23.303892736152008,-87.00447333550575,-0.31983150395544324,32.29823281963942,0.37118182810065353,-34.45514589131761,1.7533177728765565,-2.341982935364843,-2.6942279100212545
MIROC,MIROC-ES2L,r1i1p1f2,gn,ssp245,2068-02,2068,2,9.049931550974586,214.99244101703002,-4.061765626305187,-258.9003402897,-12.507834891460078,-22.362284964511954,-73.78985320397263,10.134918449794124,183.00233533180176,-5.894508530509232,-227.93396157854312,-16.044463560492623,-21.711650424732266,-78.44733031268136,-1.0849868988195386,31.990105685228258,1.8327429042040455,-30.966378711156892,3.5366286690325452,-0.6506345397796878,4.657477108708733
MIROC,MIROC-ES2L,r1i1p1f2,gn,ssp245,2068-03,2068,3,50.45859522258236,206.8474351308617,-29.31718517138886,-254.9134841433371,-14.16945651398573,-22.475650468343403,-63.569745943611046,54.092806291519665,188.06797862968583,-35.49560423649597,-233.96499959716866,-12.849913767591977,-19.59824621505587,-59.74797889510697,-3.6342110689373044,18.779456501175872,6.178419065107111,-20.94848454616843,-1.3195427463937541,-2.8774042532875335,-3.8217670485040784
MIROC,MIROC-ES2L,r1i1p1f2,gn,ssp245,2068-04,2068,4,148.16853761730644,222.42813848309441,-90.454072256086,-271.83191773316105,-7.645404423993225,-19.47504959699974,-18.80976790983915,153.85297733527165,209.50018751526287,-103.91349209612389,-257.15609699210785,-7.231252400997411,-15.68121571347275,-20.62889235216735,-5.684439717965205,12.92795096783155,13.459419840037896,-14.675820741053201,-0.4141520229958138,-3.7938338835269896,1.819124442328203
MIROC,MIROC-ES2L,r1i1p1f2,gn,ssp245,2068-05,2068,5,232.3583630287593,266.575161883492,-116.25119805496217,-307.286251373375,-2.7928947352790527,-16.96891732139258,55.63426342724247,246.70169500271564,251.0877509758891,-149.22398744547607,-294.09121110661533,-3.5740003779165477,-15.43610176618813,35.4641452824087,-14.343331973956339,15.487410907602907,32.972789390513896,-13.19504026675969,0.7811056426374949,-1.5328155552044507,20.170118144833772
MIROC,MIROC-ES2L,r1i1p1f2,gn,ssp245,2068-06,2068,6,244.352259019311,295.75294225180136,-83.85349521066478,-324.55083576010145,0.09995320845931797,-10.547312620840648,121.25351088796481,262.85967388536494,287.5439359862113,-118.0808217040136,-319.1397551813616,-0.4218753871641016,-12.337941570683821,100.42321602835318,-18.50741486605395,8.209006265590062,34.227326493348826,-5.41108057873987,0.5218285956234195,1.790628949843173,20.830294859611627
MIROC,MIROC-ES2L,r1i1p1f2,gn,ssp245,2068-07,2068,7,201.37688830724383,310.4308064720022,-41.031635129072036,-333.164292179881,0.16862173591670035,-7.573536985586561,130.20685222062318,215.66988252964234,300.5301923815116,-73.02995970405915,-325.46176212074056,0.41270860793022107,-8.39102748653027,109.73003420775422,-14.292994222398505,9.900614090490592,31.998324574987116,-7.702530059140429,-0.24408687201352072,0.817490500943709,20.47681801286896
MIROC,MIROC-ES2L,r1i1p1f2,gn,ssp245,2068-08,2068,8,120.44373840762405,311.461731506466,-13.52508735322021,-337.2425241588448,-0.3293880536161025,-12.868000854026402,67.94046949438251,135.16208166491174,295.50242311597475,-37.03752417522527,-324.68498651157415,-0.464213324470985,-11.852725721887758,56.625055047728296,-14.718343257287685,15.95930839049123,23.512436822005064,-12.557537647270635,0.1348252708548825,-1.015275132138644,11.315414446654216
MIROC,MIROC-ES2L,r1i1p1f2,gn,ssp245,2068-09,2068,9,54.26088438900615,298.9868568645646,-6.11207940963237,-332.69024558122334,-2.787336229968474,-23.025226084146635,-11.367146051400095,61.876713892617204,271.0061090726583,-17.776445273780446,-310.46478726779867,-5.377540528891009,-21.999781321033964,-22.735731426228572,-7.615829503611053,27.980747791906253,11.664365864148076,-22.225458313424667,2.590204298922535,-1.0254447631126702,11.368585374828477
MIROC,MIROC-ES2L,r1i1p1f2,gn,ssp245,2068-10,2068,10,14.727692619642704,281.20943916371425,-2.23042261345302,-320.8544264053701,-9.279753960848453,-34.01951934776874,-70.44699054408332,16.046420071477925,235.3408133578954,-5.013446595779057,-280.3624820651788,-13.7920859904137,-26.972101580576677,-74.75288280257493,-1.3187274518352208,45.86862580581885,2.7830239823260374,-40.49194434019125,4.512332029565247,-7.047417767192066,4.30589225849161
MIROC,MIROC-ES2L,r1i1p1f2,gn,ssp245,2068-11,2068,11,2.300084483221611,244.5354308777131,-0.4107518531604789,-297.39519927431115,-22.786290500692548,-40.24600936437887,-114.00273563160835,2.2346607690379368,206.07834229409005,-0.5505327509983511,-253.947457668769,-19.443062239311498,-26.85452686931898,-92.48257646526984,0.06542371418367443,38.45708858362306,0.13978089783787218,-43.44774160554215,-3.34322826138105,-13.39148249505989,-21.5201591663385
MIROC,MIROC-ES2L,r1i1p1f2,gn,ssp245,2068-12,2068,12,0.37836321315774063,220.11493289804548,-0.0719974648308594,-271.15827405400086,-21.598305923580494,-32.89278735894622,-105.22806869015523,0.42759843987767737,191.39597646201616,-0.1463149110530818,-238.8125066111832,-20.102744137502,-25.136428982660664,-92.3744197405051,-0.04923522671993674,28.718956436029316,0.0743174462222224,-32.345767442817646,-1.4955617860784933,-7.756358376285558,-12.853648949650122
MIROC,MIROC-ES2L,r1i1p1f2,gn,ssp245,2069-01,2069,1,1.1718210500781736,214.7619953833741,-0.44836683475884714,-260.013075422343,-16.721548824631984,-26.6786159067185,-87.92779055500003,1.312831520498936,184.4046235989899,-0.6504690083046897,-230.4431739194702,-18.324392791067698,-23.303892736152008,-87.00447333550575,-0.14101047042076242,30.357371784384213,0.20210217354584253,-29.569901502872767,1.6028439664357137,-3.37472317056649,-0.9233172194942796
MIROC,MIROC-ES2L,r1i1p1f2,gn,ssp245,2069-02,2069,2,9.72455098602986,204.38990020848453,-4.811498872952017,-253.23317454754533,-18.571935668753436,-27.85084521567167,-90.35300311040807,10.134918449794124,183.00233533180176,-5.894508530509232,-227.93396157854312,-16.044463560492623,-21.711650424732266,-78.44733031268136,-0.41036746376426514,21.387564876682774,1.0830096575572155,-25.299212969002213,-2.527472108260813,-6.139194790939403,-11.905672797726709
MIROC,MIROC-ES2L,r1i1p1f2,gn,ssp245,2069-03,2069,3,51.43110246715644,209.75304314851235,-30.765525726654253,-256.76694060256114,-9.426822256401433,-19.750036196347118,-55.52517916629515,54.092806291519665,188.06797862968583,-35.49560423649597,-233.96499959716866,-12.849913767591977,-19.59824621505587,-59.74797889510697,-2.6617038243632223,21.685064518826522,4.730078509841718,-22.80194100539248,3.4230915111905436,-0.1517899812912482,4.222799728811815
MIROC,MIROC-ES2L,r1i1p1f2,gn,ssp245,2069-04,2069,4,144.85171158643882,229.87181498319725,-89.75622996708266,-275.9059372750471,-6.168666992674077,-19.326502928572655,-16.433810593740436,153.85297733527165,209.50018751526287,-103.91349209612389,-257.15609699210785,-7.231252400997411,-15.68121571347275,-20.62889235216735,-9.001265748832822,20.37162746793439,14.157262129041229,-18.74984028293926,1.0625854083233337,-3.6452872150999056,4.195081758426916
MIROC,MIROC-ES2L,r1i1p1f2,gn,ssp245,2069-05,2069,5,220.49611504270922,276.86858115946933,-104.23406881570276,-311.6975101530274,-1.16080536050433,-15.007152295507195,65.26515957743688,246.70169500271564,251.0877509758891,-149.22398744547607,-294.09121110661533,-3.5740003779165477,-15.43610176618813,35.4641452824087,-26.205579960006418,25.780830183580235,44.989918629773314,-17.60629904641206,2.4131950174122174,0.42894947068093536,29.801014295028175
MIROC,MIROC-ES2L,r1i1p1f2,gn,ssp245,2069-06,2069,6,243.189220625132,299.82966916222796,-76.07712498736953,-326.20132729670416,-0.9360585531992197,-9.77686179491077,130.0275171551763,262.85967388536494,287.5439359862113,-118.0808217040136,-319.1397551813616,-0.4218753871641016,-12.337941570683821,100.42321602835318,-19.670453260232932,12.285733176016663,42.00369671664407,-7.061572115342585,-0.5141831660351182,2.5610797757730506,29.604301126823117
MIROC,MIROC-ES2L,r1i1p1f2,gn,ssp245,2069-07,2069,7,189.85027919879596,313.664268515875,-31.055814016880845,-334.87890512478015,0.003367906534294694,-7.356470485218713,130.2267259943255,215.66988252964234,300.5301923815116,-73.02995970405915,-325.46176212074056,0.41270860793022107,-8.39102748653027,109.73003420775422,-25.819603330846377,13.134076134363397,41.97414568717831,-9.417143004039588,-0.4093407013959264,1.0345570013115566,20.49669178657129
MIROC,MIROC-ES2L,r1i1p1f2,gn,ssp245,2069-08,2069,8,116.08793493247447,314.67378354112265,-11.283971139146544,-338.7443580338248,0.21386702934762006,-11.119300073796504,69.82795625617685,135.16208166491174,295.50242311597475,-37.03752417522527,-324.68498651157415,-0.464213324470985,-11.852725721887758,56.625055047728296,-19.07414673243727,19.171360425147896,25.753553036078728,-14.059371522250672,0.6780803538186051,0.733425648091254,13.202901208448552
MIROC,MIROC-ES2L,r1i1p1f2,gn,ssp245,2069-09,2069,9,52.25765941829001,300.5769665735967,-5.485699851640842,-333.9688374801656,-3.8816289272952123,-26.429615169833145,-16.931155437048083,61.876713892617204,271.0061090726583,-17.776445273780446,-310.46478726779867,-5.377540528891009,-21.999781321033964,-22.735731426228572,-9.619054474327193,29.57085750093836,12.290745422139604,-23.504050212366906,1.4959116015957967,-4.429833848799181,5.8045759891804884
MIROC,MIROC-ES2L,r1i1p1f2,gn,ssp245,2069-10,2069,10,14.619845862446061,275.7821668657719,-2.1709878564955427,-321.38989695340814,-10.632201729560887,-35.17292002024266,-78.96399383148922,16.046420071477925,235.3408133578954,-5.013446595779057,-280.3624820651788,-13.7920859904137,-26.972101580576677,-74.75288280257493,-1.4265742090318643,40.4413535078765,2.8424587392835146,-41.027414888229316,3.159884260852813,-8.20081843966598,-4.211111028914289
MIROC,MIROC-ES2L,r1i1p1f2,gn,ssp245,2069-11,2069,11,2.0873108470219184,251.412052564989,-0.36588625802386665,-300.4316980482681,-17.10115194890112,-34.426047974673466,-98.82542081785564,2.2346607690379368,206.07834229409005,-0.5505327509983511,-253.947457668769,-19.443062239311498,-26.85452686931898,-92.48257646526984,-0.14734992201601838,45.33371027089896,0.18464649297448443,-46.48424037949911,2.341910290410379,-7.571521105354485,-6.3428443525858
MIROC,MIROC-ES2L,r1i1p1f2,gn,ssp245,2069-12,2069,12,0.3869847529652718,227.79389643918074,-0.09083706193102327,-277.65956247468546,-18.786035269742005,-32.01633240926863,-100.37188602348108,0.42759843987767737,191.39597646201616,-0.1463149110530818,-238.8125066111832,-20.102744137502,-25.136428982660664,-92.3744197405051,-0.04061368691240558,36.39791997716458,0.05547784912205854,-38.84705586350225,1.3167088677599956,-6.879903426607964,-7.997466282975978
MIROC,MIROC-ES2L,r1i1p1f2,gn,ssp245,2070-01,2070,1,1.2837022055742167,207.2093133955203,-0.4778617092295967,-259.9266608265738,-22.226361395376202,-32.33032286927328,-106.46819119935836,1.312831520498936,184.4046235989899,-0.6504690083046897,-230.4431739194702,-18.324392791067698,-23.303892736152008,-87.00447333550575,-0.029129314924719374,22.804689796530397,0.17260729907509298,-29.48348690710361,-3.901968604308504,-9.026430133121274,-19.463717863852608
MIROC,MIROC-ES2L,r1i1p1f2,gn,ssp245,2070-02,2070,2,9.614217793131553,199.98056683919077,-4.7192927635978155,-249.87484058104243,-16.89131513770897,-26.868155040776568,-88.75881889080347,10.134918449794124,183.00233533180176,-5.894508530509232,-227.93396157854312,-16.044463560492623,-21.711650424732266,-78.44733031268136,-0.5207006566625711,16.97823150738901,1.1752157669114167,-21.940879002499315,-0.846851577216345,-5.156504616044302,-10.311488578122109
MIROC,MIROC-ES2L,r1i1p1f2,gn,ssp245,2070-03,2070,3,50.22451446684084,212.83011775352307,-30.556673232593653,-257.04680488878495,-10.951933247640143,-22.28781746320978,-57.788596611864634,54.092806291519665,188.06797862968583,-35.49560423649597,-233.96499959716866,-12.849913767591977,-19.59824621505587,-59.74797889510697,-3.8682918246788276,24.762139123837244,4.938931003902319,-23.08180529161629,1.8979805199518331,-2.6895712481539107,1.9593822832423342
MIROC,MIROC-ES2L,r1i1p1f2,gn,ssp245,2070-04,2070,4,148.28143928718941,227.6834516380784,-88.88013814834959,-277.44075372173967,-9.968683687830566,-21.680786718202114,-22.00547135085414,153.85297733527165,209.50018751526287,-103.91349209612389,-257.15609699210785,-7.231252400997411,-15.68121571347275,-20.62889235216735,-5.571538048082232,18.18326412281553,15.033353947774302,-20.28465672963182,-2.7374312868331554,-5.999571004729365,-1.3765789986867887
MIROC,MIROC-ES2L,r1i1p1f2,gn,ssp245,2070-05,2070,5,230.22281349188307,269.45169806279006,-115.10342111386012,-307.924882694992,-2.091699912240863,-14.195953401457354,60.358554432122794,246.70169500271564,251.0877509758891,-149.22398744547607,-294.09121110661533,-3.5740003779165477,-15.43610176618813,35.4641452824087,-16.478881510832565,18.363947086900964,34.12056633161595,-13.83367158837666,1.4823004656756846,1.2401483647307767,24.894409149714093
MIROC,MIROC-ES2L,r1i1p1f2,gn,ssp245,2070-06,2070,6,249.16464377646315,298.2777732821933,-77.29262051373716,-325.8598275645283,-0.15801415945354907,-11.68942817624162,132.44252664469582,262.85967388536494,287.5439359862113,-118.0808217040136,-319.1397551813616,-0.4218753871641016,-12.337941570683821,100.42321602835318,-13.69503010890179,10.733837295982028,40.78820119027644,-6.720072383166723,0.26386122771055254,0.648513394442201,32.019310616342636
MIROC,MIROC-ES2L,r1i1p1f2,gn,ssp245,2070-07,2070,7,204.69775532791266,313.09228019586266,-37.37449145017079,-335.7825310988926,-0.03107024331952987,-8.471715489156134,136.13022724223617,215.66988252964234,300.5301923815116,-73.02995970405915,-325.46176212074056,0.41270860793022107,-8.39102748653027,109.73003420775422,-10.972127201729677,12.56208781435106,35.655468253888365,-10.320768978152046,-0.4437788512497509,-0.08068800262586429,26.40019303448196
MIROC,MIROC-ES2L,r1i1p1f2,gn,ssp245,2070-08,2070,8,123.00360825769982,311.5628996077716,-12.643143459110005,-340.1192720447551,-0.22367861640861395,-13.141112583055373,68.43930116214231,135.16208166491174,295.50242311597475,-37.03752417522527,-324.68498651157415,-0.464213324470985,-11.852725721887758,56.625055047728296,-12.158473407211915,16.060476491796862,24.394380716115265,-15.434285533180969,0.24053470806237107,-1.2883868611676146,11.814246114414019
MIROC,MIROC-ES2L,r1i1p1f2,gn,ssp245,2070-09,2070,9,51.69619063159045,301.28639573882907,-5.487687598557115,-334.6990247341912,-2.567674600124314,-23.66534515393612,-13.437145716389193,61.876713892617204,271.0061090726583,-17.776445273780446,-310.46478726779867,-5.377540528891009,-21.999781321033964,-22.735731426228572,-10.180523261026757,30.280286666170753,12.28875767522333,-24.23423746639253,2.809865928766695,-1.665563832902155,9.29858570983938
MIROC,MIROC-ES2L,r1i1p1f2,gn,ssp245,2070-10,2070,10,14.684008226821915,272.84549495811984,-2.186622294697857,-320.9376664536908,-11.725377547549865,-38.74342572623401,-86.0635888372308,16.046420071477925,235.3408133578954,-5.013446595779057,-280.3624820651788,-13.7920859904137,-26.972101580576677,-74.75288280257493,-1.3624118446560107,37.504681600224444,2.8268243010812,-40.57518438851196,2.0667084428638347,-11.771324145657331,-11.310706034655865
MIROC,MIROC-ES2L,r1i1p1f2,gn,ssp245,2070-11,2070,11,2.2030530999566684,249.89639293499746,-0.39292098011618887,-299.77503243142104,-19.387939662430213,-38.72313081517203,-106.17957785418535,2.2346607690379368,206.07834229409005,-0.5505327509983511,-253.947457668769,-19.443062239311498,-26.85452686931898,-92.48257646526984,-0.03160766908126833,43.818050640907416,0.15761177088216222,-45.827574762652034,0.05512257688128486,-11.868603945853046,-13.69700138891551
MIROC,MIROC-ES2L,r1i1p1f2,gn,ssp245,2070-12,2070,12,0.37517521371943563,226.38971482738535,-0.07387240626908505,-273.94483799291453,-16.366127288649427,-26.293489496629938,-89.91343714335818,0.42759843987767737,191.39597646201616,-0.1463149110530818,-238.8125066111832,-20.102744137502,-25.136428982660664,-92.3744197405051,-0.05242322615824174,34.99373836536918,0.07244250478399676,-35.13233138173132,3.7366168488525737,-1.1570605139692738,2.4609825971469235
MIROC,MIROC-ES2L,r1i1p1f2,gn,ssp245,2071-01,2071,1,1.0883850028790822,211.33935278431667,-0.36626554691165863,-259.75037885980913,-18.95654404817917,-25.82233471153269,-92.46778537923689,1.312831520498936,184.4046235989899,-0.6504690083046897,-230.4431739194702,-18.324392791067698,-23.303892736152008,-87.00447333550575,-0.2244465176198538,26.934729185326773,0.28420346139303104,-29.30720494033892,-0.6321512571114702,-2.518441975380682,-5.463312043731136
MIROC,MIROC-ES2L,r1i1p1f2,gn,ssp245,2071-02,2071,2,8.966984576712614,210.01260270535855,-4.428490818672912,-253.9386143085072,-10.305923147617056,-19.12304416565864,-68.81648515838467,10.134918449794124,183.00233533180176,-5.894508530509232,-227.93396157854312,-16.044463560492623,-21.711650424732266,-78.44733031268136,-1.1679338730815108,27.010267373556786,1.4660177118363205,-26.00465272996408,5.738540412875567,2.588606259073625,9.630845154296694
MIROC,MIROC-ES2L,r1i1p1f2,gn,ssp245,2071-03,2071,3,50.17150644506173,212.60925382805829,-30.305440376369674,-257.21996201029145,-10.29730008261111,-21.08731935163848,-56.12926154779073,54.092806291519665,188.06797862968583,-35.49560423649597,-233.96499959716866,-12.849913767591977,-19.59824621505587,-59.74797889510697,-3.9212998464579343,24.54127519837246,5.190163860126297,-23.254962413122797,2.552613684980866,-1.4890731365826113,3.6187173473162346
MIROC,MIROC-ES2L,r1i1p1f2,gn,ssp245,2071-04,2071,4,142.11505748893353,232.00311538441392,-87.51599928687196,-276.52671422828183,-3.9768046098221013,-16.37335498604489,-10.274700237673338,153.85297733527165,209.50018751526287,-103.91349209612389,-257.15609699210785,-7.231252400997411,-15.68121571347275,-20.62889235216735,-11.737919846338116,22.50292786915105,16.39749280925193,-19.370617236173985,3.2544477911753096,-0.6921392725721418,10.354192114494014
MIROC,MIROC-ES2L,r1i1p1f2,gn,ssp245,2071-05,2071,5,223.75250830684044,272.4420008500238,-111.59767496815451,-309.30233425780364,-1.4211984791258827,-15.06763240883431,58.80566904294592,246.70169500271564,251.0877509758891,-149.22398744547607,-294.09121110661533,-3.5740003779165477,-15.43610176618813,35.4641452824087,-22.9491866958752,21.354249874134723,37.62631247732156,-15.211123151188303,2.152801898790665,0.36846935735382047,23.34152376053722
MIROC,MIROC-ES2L,r1i1p1f2,gn,ssp245,2071-06,2071,6,238.80812515116227,299.07520930357214,-78.66120372175648,-325.2888467182163,0.19684929536124343,-10.503931151597124,123.62620215852573,262.85967388536494,287.5439359862113,-118.0808217040136,-319.1397551813616,-0.4218753871641016,-12.337941570683821,100.42321602835318,-24.05154873420267,11.531273317360842,39.41961798225712,-6.149091536854712,0.6187246825253451,1.834010419086697,23.202986130172548
MIROC,MIROC-ES2L,r1i1p1f2,gn,ssp245,2071-07,2071,7,200.10691265761392,310.7164197471004,-39.795762230453406,-333.6212207266185,-0.4136584788765943,-7.8904016107388495,129.10228935802698,215.66988252964234,300.5301923815116,-73.02995970405915,-325.46176212074056,0.41270860793022107,-8.39102748653027,109.73003420775422,-15.562969872028418,10.18622736558882,33.23419747360575,-8.159458605877944,-0.8263670868068154,0.5006258757914201,19.372255150272764
MIROC,MIROC-ES2L,r1i1p1f2,gn,ssp245,2071-08,2071,8,121.22223812146706,310.8631851821135,-14.763451911900713,-338.28708552933375,-0.2901327080735244,-12.767762978132149,65.97699017614045,135.16208166491174,295.50242311597475,-37.03752417522527,-324.68498651157415,-0.464213324470985,-11.852725721887758,56.625055047728296,-13.939843543444681,15.360762066138761,22.27407226332456,-13.602099017759599,0.17408061639746059,-0.9150372562443909,9.351935128412151
MIROC,MIROC-ES2L,r1i1p1f2,gn,ssp245,2071-09,2071,9,54.733164265540715,294.23508179911937,-6.811617136814494,-332.73604249475727,-4.380532470842338,-27.567414554717537,-22.52736059247156,61.876713892617204,271.0061090726583,-17.776445273780446,-310.46478726779867,-5.377540528891009,-21.999781321033964,-22.735731426228572,-7.143549627076489,23.228972726461052,10.964828136965952,-22.2712552269586,0.9970080580486709,-5.567633233683573,0.20837083375701226
MIROC,MIROC-ES2L,r1i1p1f2,gn,ssp245,2071-10,2071,10,14.864493082596939,265.6654157677156,-2.6233386913700665,-316.5774966760708,-15.385177096948617,-43.04888216813066,-97.10498578220756,16.046420071477925,235.3408133578954,-5.013446595779057,-280.3624820651788,-13.7920859904137,-26.972101580576677,-74.75288280257493,-1.1819269888809867,30.324602409820216,2.390107904408991,-36.215014610891956,-1.5930911065349171,-16.076780587553984,-22.352102979632633
MIROC,MIROC-ES2L,r1i1p1f2,gn,ssp245,2071-11,2071,11,2.0791353736943643,237.00101424531059,-0.3738215329651505,-289.0857614068736,-20.717193713336737,-37.135827812056746,-108.23245484622727,2.2346607690379368,206.07834229409005,-0.5505327509983511,-253.947457668769,-19.443062239311498,-26.85452686931898,-92.48257646526984,-0.15552539534357246,30.922671951220536,0.17671121803320056,-35.13830373810458,-1.2741314740252392,-10.281300942737765,-15.749878380957426
MIROC,MIROC-ES2L,r1i1p1f2,gn,ssp245,2071-12,2071,12,0.3795353061635296,222.3354954101424,-0.08060336953714818,-271.38982849612336,-18.21597383068927,-29.801491976099157,-96.772866956143,0.42759843987767737,191.39597646201616,-0.1463149110530818,-238.8125066111832,-20.102744137502,-25.136428982660664,-92.3744197405051,-0.04806313371414778,30.93951894812625,0.06571154151593363,-32.57732188494015,1.886770306812732,-4.665062993438493,-4.398447215637901
MIROC,MIROC-ES2L,r1i1p1f2,gn,ssp245,2072-01,2072,1,1.032276756955958,215.4054943987447,-0.34400361389225437,-261.4625881520683,-15.959170573730106,-24.873152529277593,-86.20114371326758,1.312831520498936,184.4046235989899,-0.6504690083046897,-230.4431739194702,-18.324392791067698,-23.303892736152008,-87.00447333550575,-0.2805547635429779,31.000870799754807,0.3064653944124353,-31.01941423259808,2.3652222173375925,-1.5692597931255854,0.8033296222381665
MIROC,MIROC-ES2L,r1i1p1f2,gn,ssp245,2072-02,2072,2,9.219766558441133,205.53328854201396,-4.593410336611404,-253.0224002764381,-22.158157167254135,-33.25418784503735,-98.2751005248859,10.134918449794124,183.00233533180176,-5.894508530509232,-227.93396157854312,-16.044463560492623,-21.711650424732266,-78.44733031268136,-0.9151518913529912,22.530953210212203,1.301098193897828,-25.088438697894986,-6.113693606761512,-11.542537420305084,-19.82777021220454
MIROC,MIROC-ES2L,r1i1p1f2,gn,ssp245,2072-03,2072,3,48.99974644746544,220.90736392267777,-28.306461158089427,-262.2645869188739,-3.7425254428356025,-16.602745000714336,-41.00920815037006,54.092806291519665,188.06797862968583,-35.49560423649597,-233.96499959716866,-12.849913767591977,-19.59824621505587,-59.74797889510697,-5.093059844054224,32.83938529299195,7.189143078406545,-28.299587321705218,9.107388324756375,2.995501214341534,18.73877074473691
MIROC,MIROC-ES2L,r1i1p1f2,gn,ssp245,2072-04,2072,4,142.49852575137243,231.5557474217791,-86.12057282988191,-275.9268065291863,-5.829979294329716,-15.904145676400354,-9.727231156646772,153.85297733527165,209.50018751526287,-103.91349209612389,-257.15609699210785,-7.231252400997411,-15.68121571347275,-20.62889235216735,-11.35445158389922,22.055559906516237,17.79291926624198,-18.77070953707846,1.401273106667695,-0.22292996292760492,10.90166119552058
MIROC,MIROC-ES2L,r1i1p1f2,gn,ssp245,2072-05,2072,5,223.68822160336273,271.4779260797466,-109.58144947011009,-308.9655385499384,-3.0099263868494526,-17.665184007786948,55.94404926842442,246.70169500271564,251.0877509758891,-149.22398744547607,-294.09121110661533,-3.5740003779165477,-15.43610176618813,35.4641452824087,-23.013473399352904,20.39017510385753,39.64253797536598,-14.874327443323068,0.5640739910670951,-2.2290822415988174,20.47990398601572
MIROC,MIROC-ES2L,r1i1p1f2,gn,ssp245,2072-06,2072,6,247.28011356332274,300.96275794828006,-77.87098413404495,-327.1408547607959,0.26179388988726565,-9.070160197695818,134.42266630895335,262.85967388536494,287.5439359862113,-118.0808217040136,-319.1397551813616,-0.4218753871641016,-12.337941570683821,100.42321602835318,-15.579560322042198,13.418821962068762,40.209837569968656,-8.00109957943431,0.6836692770513673,3.2677813729880025,33.99945028060017
MIROC,MIROC-ES2L,r1i1p1f2,gn,ssp245,2072-07,2072,7,196.30578596944562,314.98466622186794,-35.382857933157645,-336.8071865012315,0.12611861131976784,-8.859419308346837,130.36710705989728,215.66988252964234,300.5301923815116,-73.02995970405915,-325.46176212074056,0.41270860793022107,-8.39102748653027,109.73003420775422,-19.364096560196714,14.454473840356343,37.64710177090151,-11.345424380490954,-0.28658999661045326,-0.46839182181656724,20.637072852143064
MIROC,MIROC-ES2L,r1i1p1f2,gn,ssp245,2072-08,2072,8,114.78406865117655,316.56083137613,-11.292486974693611,-340.59917675697346,0.3466509743838189,-12.682862772137835,67.11702449788548,135.16208166491174,295.50242311597475,-37.03752417522527,-324.68498651157415,-0.464213324470985,-11.852725721887758,56.625055047728296,-20.378013013735185,21.05840826015526,25.745037200531662,-15.914190245399311,0.8108642988548039,-0.8301370502500767,10.491969450157185
MIROC,MIROC-ES2L,r1i1p1f2,gn,ssp245,2072-09,2072,9,54.56716692282224,299.7413348101602,-6.113960771816812,-335.27656815382505,-3.2166885485487624,-23.849184050588406,-14.147899791796608,61.876713892617204,271.0061090726583,-17.776445273780446,-310.46478726779867,-5.377540528891009,-21.999781321033964,-22.735731426228572,-7.309546969794965,28.735225737501878,11.662484501963634,-24.811780886026384,2.1608519803422466,-1.8494027295544413,8.587831634431964
MIROC,MIROC-ES2L,r1i1p1f2,gn,ssp245,2072-10,2072,10,14.735309683606397,272.6601592145515,-2.2530520865321053,-320.3879501694026,-14.355849154524549,-43.370731757888905,-92.97211427019022,16.046420071477925,235.3408133578954,-5.013446595779057,-280.3624820651788,-13.7920859904137,-26.972101580576677,-74.75288280257493,-1.311110387871528,37.31934585665613,2.760394509246952,-40.02546810422376,-0.5637631641108491,-16.398630177312228,-18.219231467615288
MIROC,MIROC-ES2L,r1i1p1f2,gn,ssp245,2072-11,2072,11,2.1959948581985524,248.81316802650224,-0.3971139204665001,-299.0109480444378,-22.90050441207366,-41.99493646228895,-113.29433995456608,2.2346607690379368,206.07834229409005,-0.5505327509983511,-253.947457668769,-19.443062239311498,-26.85452686931898,-92.48257646526984,-0.03866591083938431,42.73482573241219,0.15341883053185096,-45.06349037566878,-3.4574421727621605,-15.140409592969966,-20.81176348929624
MIROC,MIROC-ES2L,r1i1p1f2,gn,ssp245,2072-12,2072,12,0.36784093668069473,226.53799073222729,-0.06993747210134126,-275.99303453732983,-18.38435423010991,-30.18266159016065,-97.72415616079375,0.42759843987767737,191.39597646201616,-0.1463149110530818,-238.8125066111832,-20.102744137502,-25.136428982660664,-92.3744197405051,-0.05975750319698264,35.14201427021112,0.07637743895174055,-37.180527926146624,1.7183899073920905,-5.046232607499984,-5.34973642028865
MIROC,MIROC-ES2L,r1i1p1f2,gn,ssp245,2073-01,2073,1,1.1946653730647112,214.61807189218615,-0.37831755623305874,-264.38530442004503,-19.044437539949612,-30.026478917914236,-98.02180116889109,1.312831520498936,184.4046235989899,-0.6504690083046897,-230.4431739194702,-18.324392791067698,-23.303892736152008,-87.00447333550575,-0.11816614743422482,30.21344829319625,0.27215145207163094,-33.94213050057482,-0.7200447488819144,-6.722586181762228,-11.017327833385337
MIROC,MIROC-ES2L,r1i1p1f2,gn,ssp245,2073-02,2073,2,9.66275015135273,200.11633443732848,-4.938074943194213,-250.66870662705972,-20.32111166225897,-28.48938281591857,-94.63819145975027,10.134918449794124,183.00233533180176,-5.894508530509232,-227.93396157854312,-16.044463560492623,-21.711650424732266,-78.44733031268136,-0.4721682984413942,17.113999105526716,0.9564335873150194,-22.7347450485166,-4.276648101766348,-6.777732391186305,-16.190861147068915
MIROC,MIROC-ES2L,r1i1p1f2,gn,ssp245,2073-03,2073,3,52.118789158486784,205.055526021332,-30.91325194308766,-252.29993682499648,-11.339409531966128,-20.238990240517065,-57.61727336074854,54.092806291519665,188.06797862968583,-35.49560423649597,-233.96499959716866,-12.849913767591977,-19.59824621505587,-59.74797889510697,-1.9740171330328806,16.98754739164619,4.582352293408313,-18.334937227827822,1.5105042356258487,-0.6407440254611956,2.1307055343584267
MIROC,MIROC-ES2L,r1i1p1f2,gn,ssp245,2073-04,2073,4,144.94467595652907,230.55309068141418,-86.3537394799678,-278.607225841802,-8.66674529993889,-21.865908613434076,-19.99585259719956,153.85297733527165,209.50018751526287,-103.91349209612389,-257.15609699210785,-7.231252400997411,-15.68121571347275,-20.62889235216735,-8.908301378742578,21.05290316615131,17.55975261615609,-21.451128849694157,-1.4354928989414795,-6.184692899961327,0.6330397549677933
MIROC,MIROC-ES2L,r1i1p1f2,gn,ssp245,2073-05,2073,5,227.46180161995704,269.4568968722764,-113.4585232109593,-307.3825154773292,-2.6816433172535605,-14.240727149955116,59.155289336736246,246.70169500271564,251.0877509758891,-149.22398744547607,-294.09121110661533,-3.5740003779165477,-15.43610176618813,35.4641452824087,-19.239893382758595,18.369145896387295,35.76546423451677,-13.291304370713874,0.8923570606629871,1.195374616233014,23.691144054327545
MIROC,MIROC-ES2L,r1i1p1f2,gn,ssp245,2073-06,2073,6,252.9718402003493,299.7263828564564,-81.06731992297664,-327.3533365245167,0.13568063460269844,-9.234205053840995,135.17904219007403,262.85967388536494,287.5439359862113,-118.0808217040136,-319.1397551813616,-0.4218753871641016,-12.337941570683821,100.42321602835318,-9.887833685015636,12.182446870245087,37.013501781036965,-8.213581343155113,0.5575560217668001,3.103736516842826,34.75582616172085
MIROC,MIROC-ES2L,r1i1p1f2,gn,ssp245,2073-07,2073,7,198.64904726907784,316.18168120887077,-38.371972081618274,-337.8031290133335,0.0476730688967509,-9.471234305123872,129.23206614676974,215.66988252964234,300.5301923815116,-73.02995970405915,-325.46176212074056,0.41270860793022107,-8.39102748653027,109.73003420775422,-17.020835260564496,15.651488827359174,34.65798762244088,-12.34136689259293,-0.3650355390334702,-1.0802068185936022,19.502031939015524
MIROC,MIROC-ES2L,r1i1p1f2,gn,ssp245,2073-08,2073,8,124.508956332467,316.1912706851702,-13.6014733498247,-342.28970417935375,-0.3819692302728385,-13.887104682735849,70.53997557545006,135.16208166491174,295.50242311597475,-37.03752417522527,-324.68498651157415,-0.464213324470985,-11.852725721887758,56.625055047728296,-10.653125332444745,20.688847569195445,23.43605082540057,-17.604717667779596,0.08224409419814649,-2.034378960848091,13.914920527721762
MIROC,MIROC-ES2L,r1i1p1f2,gn,ssp245,2073-09,2073,9,53.602644045400694,299.5256140210562,-5.810463138211221,-336.25601359001644,-3.485852616369074,-28.286155105324095,-20.710226383463976,61.876713892617204,271.0061090726583,-17.776445273780446,-310.46478726779867,-5.377540528891009,-21.999781321033964,-22.735731426228572,-8.27406984721651,28.519504948397866,11.965982135569226,-25.791226322217767,1.891687912521935,-6.286373784290131,2.025505042764596
MIROC,MIROC-ES2L,r1i1p1f2,gn,ssp245,2073-10,2073,10,14.2213792439524,274.33207816503574,-2.100363329012448,-321.07857827917525,-11.780095358418912,-37.6210138043381,-84.02659336195656,16.046420071477925,235.3408133578954,-5.013446595779057,-280.3624820651788,-13.7920859904137,-26.972101580576677,-74.75288280257493,-1.825040827525525,38.99126480714034,2.913083266766609,-40.71609621399642,2.011990631994788,-10.648912223761421,-9.273710559381627
MIROC,MIROC-ES2L,r1i1p1f2,gn,ssp245,2073-11,2073,11,1.9376912279927943,259.1618208237403,-0.3263321308600209,-302.8586817585039,-15.148717758432705,-34.66418661164833,-91.89840620771187,2.2346607690379368,206.07834229409005,-0.5505327509983511,-253.947457668769,-19.443062239311498,-26.85452686931898,-92.48257646526984,-0.2969695410451425,53.08347852965025,0.2242006201383302,-48.9112240897349,4.294344480878793,-7.809659742329352,0.5841702575579717
MIROC,MIROC-ES2L,r1i1p1f2,gn,ssp245,2073-12,2073,12,0.3906938918983641,220.3712136876328,-0.075959722594255,-273.3325610751721,-22.30495276880705,-32.68970281046273,-107.641268797505,0.42759843987767737,191.39597646201616,-0.1463149110530818,-238.8125066111832,-20.102744137502,-25.136428982660664,-92.3744197405051,-0.03690454797931325,28.975237225616638,0.07035518845882681,-34.52005446398891,-2.202208631305048,-7.553273827802062,-15.266849056999902
MIROC,MIROC-ES2L,r1i1p1f2,gn,ssp245,2074-01,2074,1,1.205279693102053,204.34602876512804,-0.34329956876309387,-258.1994065779776,-26.728029627782256,-34.39730512927829,-114.11673244557113,1.312831520498936,184.4046235989899,-0.6504690083046897,-230.4431739194702,-18.324392791067698,-23.303892736152008,-87.00447333550575,-0.10755182739688296,19.94140516613814,0.3071694395415958,-27.756232658507372,-8.403636836714558,-11.093412393126279,-27.11225911006538
MIROC,MIROC-ES2L,r1i1p1f2,gn,ssp245,2074-02,2074,2,9.10288526761553,202.2058283146186,-4.294886358186118,-251.61836459445288,-19.489983140047,-28.070259528947098,-92.16478003939898,10.134918449794124,183.00233533180176,-5.894508530509232,-227.93396157854312,-16.044463560492623,-21.711650424732266,-78.44733031268136,-1.0320331821785942,19.20349298281684,1.599622172323114,-23.684403015909766,-3.445519579554375,-6.358609104214832,-13.717449726717618
MIROC,MIROC-ES2L,r1i1p1f2,gn,ssp245,2074-03,2074,3,49.547811790132094,214.63163767086698,-29.158656972756383,-257.488069719574,-6.633658355354263,-16.247258179018107,-45.348193765703684,54.092806291519665,188.06797862968583,-35.49560423649597,-233.96499959716866,-12.849913767591977,-19.59824621505587,-59.74797889510697,-4.5449945013875706,26.563659041181154,6.336947263739589,-23.523070122405358,6.216255412237714,3.350988036037762,14.399785129403284
MIROC,MIROC-ES2L,r1i1p1f2,gn,ssp245,2074-04,2074,4,139.07473562325754,237.95790122316623,-82.77663923928374,-281.4661328654922,-9.669010746477747,-22.039153989854746,-18.918299994684673,153.85297733527165,209.50018751526287,-103.91349209612389,-257.15609699210785,-7.231252400997411,-15.68121571347275,-20.62889235216735,-14.778241712014108,28.457713707903366,21.13685285684015,-24.31003587338438,-2.4377583454803364,-6.357938276381997,1.7105923574826782
MIROC,MIROC-ES2L,r1i1p1f2,gn,ssp245,2074-05,2074,5,222.88108668784878,274.9741222457521,-108.01184656612516,-310.3730869702729,-2.2805832105416384,-14.264388147003745,62.92530403965746,246.70169500271564,251.0877509758891,-149.22398744547607,-294.09121110661533,-3.5740003779165477,-15.43610176618813,35.4641452824087,-23.82060831486686,23.88637126986299,41.21214087935091,-16.281875863657547,1.2934171673749093,1.171713619184386,27.46115875724876
MIROC,MIROC-ES2L,r1i1p1f2,gn,ssp245,2074-06,2074,6,247.44362281319064,299.09933143345086,-75.73699838298164,-326.563612361635,-0.42964945302431523,-10.96088722436439,132.85180682463616,262.85967388536494,287.5439359862113,-118.0808217040136,-319.1397551813616,-0.4218753871641016,-12.337941570683821,100.42321602835318,-15.416051072174298,11.555395447239562,42.34382332103196,-7.423857180273444,-0.007774065860213619,1.3770543463194311,32.428590796282975
MIROC,MIROC-ES2L,r1i1p1f2,gn,ssp245,2074-07,2074,7,195.17054908057779,312.699421366758,-35.296894617092,-336.4984554373734,-0.44386832186185377,-8.783427179167541,126.84732489184091,215.66988252964234,300.5301923815116,-73.02995970405915,-325.46176212074056,0.41270860793022107,-8.39102748653027,109.73003420775422,-20.49933344906455,12.169228985246377,37.73306508696715,-11.036693316632864,-0.8565769297920749,-0.39239969263727126,17.117290684086697
MIROC,MIROC-ES2L,r1i1p1f2,gn,ssp245,2074-08,2074,8,122.96223253268766,312.5666718045098,-12.920792091233851,-339.73460537009584,-0.6609621415641781,-13.656966401440934,68.55557833286262,135.16208166491174,295.50242311597475,-37.03752417522527,-324.68498651157415,-0.464213324470985,-11.852725721887758,56.625055047728296,-12.199849132224074,17.06424868853503,24.116732083991423,-15.049618858521683,-0.19674881709319308,-1.8042406795531765,11.930523285134328
MIROC,MIROC-ES2L,r1i1p1f2,gn,ssp245,2074-09,2074,9,51.15192540924299,305.05927765080395,-5.345786334369339,-335.3094516112805,-2.86063597114348,-23.040903069883612,-10.345573926629982,61.876713892617204,271.0061090726583,-17.776445273780446,-310.46478726779867,-5.377540528891009,-21.999781321033964,-22.735731426228572,-10.724788483374212,34.05316857814563,12.430658939411106,-24.84466434348184,2.516904557747529,-1.0411217488496476,12.39015749959859
MIROC,MIROC-ES2L,r1i1p1f2,gn,ssp245,2074-10,2074,10,14.79590383295506,274.4257491200476,-2.1936086277444216,-321.96966207338676,-12.25777104516425,-41.847982913935176,-89.04737170722794,16.046420071477925,235.3408133578954,-5.013446595779057,-280.3624820651788,-13.7920859904137,-26.972101580576677,-74.75288280257493,-1.2505162385228648,39.08493576215221,2.8198379680346357,-41.60718000820793,1.5343149452494504,-14.8758813333585,-14.294488904653008
MIROC,MIROC-ES2L,r1i1p1f2,gn,ssp245,2074-11,2074,11,2.0576761402571546,259.35618835150916,-0.3647306304971684,-305.37956955851627,-15.706248712241075,-37.79603226550077,-97.83271667498893,2.2346607690379368,206.07834229409005,-0.5505327509983511,-253.947457668769,-19.443062239311498,-26.85452686931898,-92.48257646526984,-0.17698462878078214,53.27784605741911,0.18580212050118267,-51.43211188974726,3.7368135270704226,-10.941505396181789,-5.350140209719086
MIROC,MIROC-ES2L,r1i1p1f2,gn,ssp245,2074-12,2074,12,0.38502040886379874,231.17400180733932,-0.07212851905969342,-281.606191829395,-18.48334306083358,-30.328051909433448,-98.93069310251863,0.42759843987767737,191.39597646201616,-0.1463149110530818,-238.8125066111832,-20.102744137502,-25.136428982660664,-92.3744197405051,-0.04257803101387864,39.77802534532316,0.07418639199338839,-42.793685218211806,1.6194010766684208,-5.191622926772784,-6.556273362013528
MIROC,MIROC-ES2L,r1i1p1f2,gn,ssp245,2075-01,2075,1,1.0585796374801681,208.23486437686464,-0.2844459562263882,-259.56160270171665,-21.674119593219856,-30.585902969626805,-102.8126272064449,1.312831520498936,184.4046235989899,-0.6504690083046897,-230.4431739194702,-18.324392791067698,-23.303892736152008,-87.00447333550575,-0.2542518830187679,23.830240777874735,0.3660230520783015,-29.11842878224644,-3.3497268021521585,-7.2820102334747965,-15.808153870939151
MIROC,MIROC-ES2L,r1i1p1f2,gn,ssp245,2075-02,2075,2,9.253735638722954,206.41945134579154,-4.2615465704958195,-253.77257674137266,-15.774311559967021,-24.682322969420284,-82.81757085674128,10.134918449794124,183.00233533180176,-5.894508530509232,-227.93396157854312,-16.044463560492623,-21.711650424732266,-78.44733031268136,-0.8811828110711701,23.417116013989784,1.6329619600134127,-25.83861516282954,0.2701520005256022,-2.970672544688018,-4.370240544059925
MIROC,MIROC-ES2L,r1i1p1f2,gn,ssp245,2075-03,2075,3,51.59046697188279,211.0049823558023,-29.9814624958993,-257.1938055539338,-8.870979153962683,-17.96022695057118,-51.41102482668194,54.092806291519665,188.06797862968583,-35.49560423649597,-233.96499959716866,-12.849913767591977,-19.59824621505587,-59.74797889510697,-2.5023393196368744,22.937003726116473,5.514141740596671,-23.22880595676517,3.978934613629294,1.63801926448469,8.33695406842503
MIROC,MIROC-ES2L,r1i1p1f2,gn,ssp245,2075-04,2075,4,145.1046294528209,230.96156949599526,-88.60978697311144,-277.2016062649972,-6.281090180508177,-17.432720631291314,-13.459005101092046,153.85297733527165,209.50018751526287,-103.91349209612389,-257.15609699210785,-7.231252400997411,-15.68121571347275,-20.62889235216735,-8.748347882450759,21.461381980732398,15.303705123012449,-20.045509272889376,0.9501622204892337,-1.7515049178185649,7.169887251075306
MIROC,MIROC-ES2L,r1i1p1f2,gn,ssp245,2075-05,2075,5,226.2803364143582,269.97474476100615,-114.69652921221349,-307.25205179851014,-1.9959447622894095,-15.39316861551462,56.91738678683671,246.70169500271564,251.0877509758891,-149.22398744547607,-294.09121110661533,-3.5740003779165477,-15.43610176618813,35.4641452824087,-20.421358588357435,18.886993785117056,34.52745823326258,-13.160840691894805,1.5780556156271381,0.04293315067351067,21.453241504428007
MIROC,MIROC-ES2L,r1i1p1f2,gn,ssp245,2075-06,2075,6,237.50682101976446,300.5626150139942,-75.54887453530006,-325.6858264009913,0.20870654725964455,-9.690602400307096,127.35283924441983,262.85967388536494,287.5439359862113,-118.0808217040136,-319.1397551813616,-0.4218753871641016,-12.337941570683821,100.42321602835318,-25.352852865600482,13.018679027782923,42.53194716871354,-6.5460712196297095,0.6305819344237462,2.647339170376725,26.929623216066645
MIROC,MIROC-ES2L,r1i1p1f2,gn,ssp245,2075-07,2075,7,197.5598973852744,312.94723094052586,-38.468763579371966,-334.28109094718656,-0.517640957546362,-9.323065791682419,127.916567050013,215.66988252964234,300.5301923815116,-73.02995970405915,-325.46176212074056,0.41270860793022107,-8.39102748653027,109.73003420775422,-18.109985144367926,12.417038559014259,34.561196124687186,-8.819328826445997,-0.930349565476583,-0.9320383051521492,18.186532842258785
MIROC,MIROC-ES2L,r1i1p1f2,gn,ssp245,2075-08,2075,8,119.2690803673223,312.802591834942,-12.495710853784338,-338.72444103495013,-0.4649178707399817,-11.68847302977151,68.69812941301838,135.16208166491174,295.50242311597475,-37.03752417522527,-324.68498651157415,-0.464213324470985,-11.852725721887758,56.625055047728296,-15.893001297589436,17.300168718967257,24.541813321440934,-14.03945452337598,-0.0007045462689966864,0.16425269211624816,12.073074365290083
MIROC,MIROC-ES2L,r1i1p1f2,gn,ssp245,2075-09,2075,9,56.366567062338426,296.0899118454414,-6.143680245173253,-334.15844977380254,-4.603070001568436,-29.596097164410402,-22.044818277174773,61.876713892617204,271.0061090726583,-17.776445273780446,-310.46478726779867,-5.377540528891009,-21.999781321033964,-22.735731426228572,-5.510146830278778,25.083802772783088,11.632765028607192,-23.693662506003875,0.7744705273225732,-7.596315843376438,0.6909131490537987
MIROC,MIROC-ES2L,r1i1p1f2,gn,ssp245,2075-10,2075,10,13.921455504893679,279.9272477564997,-2.108789501407658,-322.62996999259707,-8.444182119148973,-34.070242505026265,-73.40448085678659,16.046420071477925,235.3408133578954,-5.013446595779057,-280.3624820651788,-13.7920859904137,-26.972101580576677,-74.75288280257493,-2.1249645665842465,44.5864343986043,2.9046570943713994,-42.267487927418244,5.347903871264727,-7.098140924449588,1.3484019457883392
MIROC,MIROC-ES2L,r1i1p1f2,gn,ssp245,2075-11,2075,11,2.14711872062561,253.8337791062936,-0.38180212219197,-303.5177570308237,-19.771457968218975,-41.71208772870239,-109.40220702301784,2.2346607690379368,206.07834229409005,-0.5505327509983511,-253.947457668769,-19.443062239311498,-26.85452686931898,-92.48257646526984,-0.0875420484123266,47.755436812203556,0.16873062880638107,-49.5702993620547,-0.32839572890747704,-14.857560859383412,-16.919630557747993
MIROC,MIROC-ES2L,r1i1p1f2,gn,ssp245,2075-12,2075,12,0.3638191287113331,223.72960575575792,-0.07054380263646491,-273.7582838763528,-20.165184683481126,-28.816320825590356,-98.7169083035915,0.42759843987767737,191.39597646201616,-0.1463149110530818,-238.8125066111832,-20.102744137502,-25.136428982660664,-92.3744197405051,-0.06377931116634428,32.33362929374175,0.0757711084166169,-34.94577726516957,-0.06244054597912552,-3.679891842929692,-6.342488563086391
MIROC,MIROC-ES2L,r1i1p1f2,gn,ssp245,2076-01,2076,1,1.1225795421072517,216.63320534324595,-0.36587528252441526,-265.7938803267151,-19.087448868393558,-29.21546393173348,-96.70688352401338,1.312831520498936,184.4046235989899,-0.6504690083046897,-230.4431739194702,-18.324392791067698,-23.303892736152008,-87.00447333550575,-0.19025197839168428,32.22858174425605,0.2845937257802744,-35.3507064072449,-0.7630560773258601,-5.911571195581473,-9.702410188507628
MIROC,MIROC-ES2L,r1i1p1f2,gn,ssp245,2076-02,2076,2,8.953668024070373,207.37688141642047,-4.332093718257112,-253.8675713227957,-14.175111752579385,-21.61330228987261,-77.65752964301396,10.134918449794124,183.00233533180176,-5.894508530509232,-227.93396157854312,-16.044463560492623,-21.711650424732266,-78.44733031268136,-1.1812504257237517,24.374546084618714,1.5624148122521202,-25.93360974425258,1.8693518079132385,0.09834813485965554,0.7898006696674003
MIROC,MIROC-ES2L,r1i1p1f2,gn,ssp245,2076-03,2076,3,52.052111145541126,210.61932056473418,-30.38964868762173,-258.13238705647535,-8.00558211059365,-20.543420958715252,-54.399607103130656,54.092806291519665,188.06797862968583,-35.49560423649597,-233.96499959716866,-12.849913767591977,-19.59824621505587,-59.74797889510697,-2.040695145978539,22.551341935048356,5.105955548874242,-24.167387459306696,4.844331656998326,-0.9451747436593827,5.348371791976312
MIROC,MIROC-ES2L,r1i1p1f2,gn,ssp245,2076-04,2076,4,142.3028173811819,234.54668068766338,-85.271875363044,-278.1828612012609,-5.508748725664415,-18.89189371575532,-11.00588093687935,153.85297733527165,209.50018751526287,-103.91349209612389,-257.15609699210785,-7.231252400997411,-15.68121571347275,-20.62889235216735,-11.550159954089736,25.046493172400517,18.641616733079886,-21.026764209153043,1.7225036753329954,-3.2106780022825703,9.623011415288001
MIROC,MIROC-ES2L,r1i1p1f2,gn,ssp245,2076-05,2076,5,222.89086063306516,274.37883130989803,-109.5847440324704,-310.095419537602,-1.95168325234341,-13.597694226471386,62.04015089407595,246.70169500271564,251.0877509758891,-149.22398744547607,-294.09121110661533,-3.5740003779165477,-15.43610176618813,35.4641452824087,-23.81083436965048,23.29108033400894,39.63924341300567,-16.004208430986694,1.6223171255731377,1.8384075397167443,26.57600561166725
MIROC,MIROC-ES2L,r1i1p1f2,gn,ssp245,2076-06,2076,6,254.38245503302215,296.6784993363295,-79.53944123766067,-325.96068725923755,-0.3463045672806496,-10.386274673270176,134.82824663190263,262.85967388536494,287.5439359862113,-118.0808217040136,-319.1397551813616,-0.4218753871641016,-12.337941570683821,100.42321602835318,-8.477218852342787,9.134563350118185,38.54138046635293,-6.820932077875966,0.07557081988345199,1.951666897413645,34.40503060354945
MIROC,MIROC-ES2L,r1i1p1f2,gn,ssp245,2076-07,2076,7,195.4046163849463,317.1973479577866,-31.98632978379725,-337.6261860432671,0.4529266393309078,-7.132681540600596,136.30969361439884,215.66988252964234,300.5301923815116,-73.02995970405915,-325.46176212074056,0.41270860793022107,-8.39102748653027,109.73003420775422,-20.265266144696028,16.66715557627498,41.04362992026191,-12.164423922526566,0.04021803140068675,1.2583459459296735,26.579659406644623
MIROC,MIROC-ES2L,r1i1p1f2,gn,ssp245,2076-08,2076,8,124.08901265870499,313.750754849346,-12.522116134568224,-341.55099803494363,-0.8552982831996129,-15.239615171353568,67.6717398839859,135.16208166491174,295.50242311597475,-37.03752417522527,-324.68498651157415,-0.464213324470985,-11.852725721887758,56.625055047728296,-11.073069006206751,18.24833173337123,24.51540804065705,-16.86601152336948,-0.39108495872862786,-3.3868894494658104,11.046684836257597
MIROC,MIROC-ES2L,r1i1p1f2,gn,ssp245,2076-09,2076,9,55.3911396183827,298.03152691811323,-6.032686725239189,-336.3777611491453,-4.709935881105033,-30.323688481975477,-24.021405700969087,61.876713892617204,271.0061090726583,-17.776445273780446,-310.46478726779867,-5.377540528891009,-21.999781321033964,-22.735731426228572,-6.4855742742345015,27.02541784545491,11.743758548541258,-25.912973881346602,0.6676046477859758,-8.323907160941513,-1.285674274740515
MIROC,MIROC-ES2L,r1i1p1f2,gn,ssp245,2076-10,2076,10,15.8210635100507,274.1462852612409,-2.3722279727025337,-322.4312877646157,-14.325928393479419,-42.084268835205286,-91.24636419471136,16.046420071477925,235.3408133578954,-5.013446595779057,-280.3624820651788,-13.7920859904137,-26.972101580576677,-74.75288280257493,-0.22535656142722438,38.805471903345506,2.6412186230765236,-42.06880569943689,-0.5338424030657194,-15.11216725462861,-16.49348139213643
MIROC,MIROC-ES2L,r1i1p1f2,gn,ssp245,2076-11,2076,11,2.1815520915873035,252.82737078589236,-0.38275815500038396,-303.69955907804643,-18.099106674273663,-38.25648326442313,-105.42898429426396,2.2346607690379368,206.07834229409005,-0.5505327509983511,-253.947457668769,-19.443062239311498,-26.85452686931898,-92.48257646526984,-0.0531086774506333,46.74902849180231,0.16777459599796712,-49.75210140927743,1.3439555650378345,-11.40195639510415,-12.946407828994111
MIROC,MIROC-ES2L,r1i1p1f2,gn,ssp245,2076-12,2076,12,0.41324601163986885,229.02953478465437,-0.08459530653919287,-281.3422197474769,-20.453137939242023,-33.75234783146184,-106.18952002842573,0.42759843987767737,191.39597646201616,-0.1463149110530818,-238.8125066111832,-20.102744137502,-25.136428982660664,-92.3744197405051,-0.014352428237808523,37.63355832263821,0.06171960451388894,-42.52971313629371,-0.3503938017400223,-8.615918848801176,-13.815100287920629
MIROC,MIROC-ES2L,r1i1p1f2,gn,ssp245,2077-01,2077,1,1.1643419985441061,209.04721547679438,-0.38710787136538166,-261.02052967925647,-24.236771628757197,-30.958792037178927,-106.39164374121948,1.312831520498936,184.4046235989899,-0.6504690083046897,-230.4431739194702,-18.324392791067698,-23.303892736152008,-87.00447333550575,-0.1484895219548299,24.642591877804477,0.263361136939308,-30.577355759786258,-5.912378837689499,-7.654899301026919,-19.387170405713732
MIROC,MIROC-ES2L,r1i1p1f2,gn,ssp245,2077-02,2077,2,9.286584349096824,204.78282419685547,-4.278737372074659,-252.3260268153797,-18.633810353193446,-25.494156036419945,-86.66332203111546,10.134918449794124,183.00233533180176,-5.894508530509232,-227.93396157854312,-16.044463560492623,-21.711650424732266,-78.44733031268136,-0.8483341006973006,21.780488865053712,1.6157711584345735,-24.392065236836572,-2.589346792700823,-3.7825056116876787,-8.215991718434097
MIROC,MIROC-ES2L,r1i1p1f2,gn,ssp245,2077-03,2077,3,50.34668360647494,211.03513417555627,-28.69073533816674,-259.05639920495366,-14.784192622788572,-25.06944688763493,-66.21895627151272,54.092806291519665,188.06797862968583,-35.49560423649597,-233.96499959716866,-12.849913767591977,-19.59824621505587,-59.74797889510697,-3.7461226850447247,22.96715554587044,6.804868898329232,-25.091399607785007,-1.9342788551965953,-5.471200672579059,-6.470977376405756
MIROC,MIROC-ES2L,r1i1p1f2,gn,ssp245,2077-04,2077,4,140.42137711789465,238.22263485791652,-81.32523504183109,-282.4169383036363,-8.384799799339016,-20.752092352561405,-14.235053521556646,153.85297733527165,209.50018751526287,-103.91349209612389,-257.15609699210785,-7.231252400997411,-15.68121571347275,-20.62889235216735,-13.431600217376996,28.722447342653652,22.588257054292797,-25.260841311528452,-1.1535473983416047,-5.070876639088656,6.393838830610706
MIROC,MIROC-ES2L,r1i1p1f2,gn,ssp245,2077-05,2077,5,225.0841688276738,273.8146604394203,-104.45622184593614,-311.1260971963549,-1.9826884004741316,-14.3591750650626,66.9746467592663,246.70169500271564,251.0877509758891,-149.22398744547607,-294.09121110661533,-3.5740003779165477,-15.43610176618813,35.4641452824087,-21.61752617504183,22.72690946353123,44.76776559953993,-17.034886089739587,1.591311977442416,1.0769267011255312,31.510501476857605
MIROC,MIROC-ES2L,r1i1p1f2,gn,ssp245,2077-06,2077,6,249.52838852924654,299.105879564075,-77.81581936177209,-326.9239131987784,-0.6256628217868612,-10.437183263249855,132.83168944773436,262.85967388536494,287.5439359862113,-118.0808217040136,-319.1397551813616,-0.4218753871641016,-12.337941570683821,100.42321602835318,-13.3312853561184,11.561943577863701,40.265002342241516,-7.784158017416814,-0.20378743462275956,1.900758307433966,32.40847341938118
MIROC,MIROC-ES2L,r1i1p1f2,gn,ssp245,2077-07,2077,7,196.02656226070906,316.58024253774676,-33.098957834407976,-337.7891272432116,0.16184554982053007,-7.341735491367075,134.5388297792897,215.66988252964234,300.5301923815116,-73.02995970405915,-325.46176212074056,0.41270860793022107,-8.39102748653027,109.73003420775422,-19.64332026893328,16.05005015623516,39.931001869651176,-12.327365122471065,-0.250863058109691,1.0492919951631947,24.808795571535484
MIROC,MIROC-ES2L,r1i1p1f2,gn,ssp245,2077-08,2077,8,120.06546591511007,313.81340910508686,-11.766041474094267,-340.9705041657809,-0.37189860800722613,-13.113992304639718,67.65643846767482,135.16208166491174,295.50242311597475,-37.03752417522527,-324.68498651157415,-0.464213324470985,-11.852725721887758,56.625055047728296,-15.096615749801671,18.310985989112112,25.271482701131006,-16.28551765420673,0.09231471646375888,-1.2612665827519596,11.031383419946522
MIROC,MIROC-ES2L,r1i1p1f2,gn,ssp245,2077-09,2077,9,53.14853378738409,300.9934246126129,-5.5011386793252655,-336.3400088724522,-5.527474404237136,-31.175454809367736,-24.402118365385316,61.876713892617204,271.0061090726583,-17.776445273780446,-310.46478726779867,-5.377540528891009,-21.999781321033964,-22.735731426228572,-8.728180105233115,29.98731553995458,12.27530659445518,-25.875221604653518,-0.149933875346127,-9.175673488333771,-1.6663869391567445
MIROC,MIROC-ES2L,r1i1p1f2,gn,ssp245,2077-10,2077,10,14.299464048920997,276.745350778561,-2.080636319515349,-322.87752268307963,-12.049577352365205,-40.36281669336128,-86.32573822083951,16.046420071477925,235.3408133578954,-5.013446595779057,-280.3624820651788,-13.7920859904137,-26.972101580576677,-74.75288280257493,-1.7469560225569278,41.40453742066558,2.9328102762637083,-42.51504061790081,1.7425086380484949,-13.390715112784605,-11.57285541826458
MIROC,MIROC-ES2L,r1i1p1f2,gn,ssp245,2077-11,2077,11,2.223423604280614,258.20725545620587,-0.41940519624841716,-305.78005295407786,-17.669930574409594,-40.484510017263744,-103.9232196815131,2.2346607690379368,206.07834229409005,-0.5505327509983511,-253.947457668769,-19.443062239311498,-26.85452686931898,-92.48257646526984,-0.011237164757322837,52.12891316211582,0.13112755474993393,-51.832595285308855,1.7731316649019035,-13.629983147944763,-11.44064321624326
MIROC,MIROC-ES2L,r1i1p1f2,gn,ssp245,2077-12,2077,12,0.37168278006374883,224.66062470401067,-0.07315349653101304,-277.770771344662,-24.342593097406947,-35.079276421534786,-112.23348687606035,0.42759843987767737,191.39597646201616,-0.1463149110530818,-238.8125066111832,-20.102744137502,-25.136428982660664,-92.3744197405051,-0.05591565981392854,33.26464824199451,0.07316141452206877,-38.95826473347881,-4.239848959904947,-9.942847438874121,-19.85906713555525
MIROC,MIROC-ES2L,r1i1p1f2,gn,ssp245,2078-01,2078,1,1.102127211775692,223.51635406737137,-0.3557063946833369,-267.7143786648245,-17.470633492930983,-27.79729780357257,-88.7195350768643,1.312831520498936,184.4046235989899,-0.6504690083046897,-230.4431739194702,-18.324392791067698,-23.303892736152008,-87.00447333550575,-0.21070430872324408,39.11173046838147,0.29476261362135275,-37.27120474535428,0.8537592981367155,-4.493405067420561,-1.7150617413585536
MIROC,MIROC-ES2L,r1i1p1f2,gn,ssp245,2078-02,2078,2,9.394537124698058,214.77415846330462,-4.544899125579334,-261.7744461493046,-18.226200781546645,-30.111826076636838,-90.48867654506473,10.134918449794124,183.00233533180176,-5.894508530509232,-227.93396157854312,-16.044463560492623,-21.711650424732266,-78.44733031268136,-0.7403813250960667,31.771823131502856,1.3496094049298986,-33.840484570761475,-2.1817372210540213,-8.400175651904572,-12.041346232383376
MIROC,MIROC-ES2L,r1i1p1f2,gn,ssp245,2078-03,2078,3,52.20959917793702,205.10261798620897,-30.93416178153634,-256.33938357672355,-14.767839815068156,-24.817437337592406,-69.54660534677448,54.092806291519665,188.06797862968583,-35.49560423649597,-233.96499959716866,-12.849913767591977,-19.59824621505587,-59.74797889510697,-1.8832071135826425,17.034639356523144,4.561442454959632,-22.374383979554892,-1.917926047476179,-5.219191122536536,-9.798626451667516
MIROC,MIROC-ES2L,r1i1p1f2,gn,ssp245,2078-04,2078,4,139.2807491356812,239.02752707449207,-83.83741770686123,-282.30796581094245,-4.975312022876451,-17.208164475226233,-10.020583805733075,153.85297733527165,209.50018751526287,-103.91349209612389,-257.15609699210785,-7.231252400997411,-15.68121571347275,-20.62889235216735,-14.572228199590455,29.527339559229205,20.076074389262658,-25.1518688188346,2.25594037812096,-1.5269487617534843,10.608308546434277
MIROC,MIROC-ES2L,r1i1p1f2,gn,ssp245,2078-05,2078,5,224.90014894922072,271.8415922643227,-107.81485570234,-309.77381503565,-3.157882045520843,-18.653069325796267,57.34211910423632,246.70169500271564,251.0877509758891,-149.22398744547607,-294.09121110661533,-3.5740003779165477,-15.43610176618813,35.4641452824087,-21.801546053494917,20.75384128843359,41.40913174313607,-15.682603929034656,0.4161183323957047,-3.216967559608136,21.877973821827617
MIROC,MIROC-ES2L,r1i1p1f2,gn,ssp245,2078-06,2078,6,246.62220209121,299.7105831667667,-73.52183341150746,-326.5416807095753,-0.6005227728382363,-10.796764553723447,134.87198381033215,262.85967388536494,287.5439359862113,-118.0808217040136,-319.1397551813616,-0.4218753871641016,-12.337941570683821,100.42321602835318,-16.237471794154942,12.166647180555401,44.55898829250614,-7.401925528213724,-0.17864738567413468,1.5411770169603738,34.44876778197897
MIROC,MIROC-ES2L,r1i1p1f2,gn,ssp245,2078-07,2078,7,191.79801693647104,316.980123588933,-27.560601965325148,-337.1550452541341,-0.29533113104804054,-9.83848852172199,133.9286736531748,215.66988252964234,300.5301923815116,-73.02995970405915,-325.46176212074056,0.41270860793022107,-8.39102748653027,109.73003420775422,-23.871865593171293,16.4499312074214,45.469357738734004,-11.69328313339355,-0.7080397389782616,-1.4474610351917203,24.198639445420582
MIROC,MIROC-ES2L,r1i1p1f2,gn,ssp245,2078-08,2078,8,117.65516613384357,317.1018571184366,-10.27652380352974,-342.1006866476302,-0.24013085806884915,-12.74044270156565,69.39923924148573,135.16208166491174,295.50242311597475,-37.03752417522527,-324.68498651157415,-0.464213324470985,-11.852725721887758,56.625055047728296,-17.506915531068174,21.599434002461862,26.76100037169553,-17.415700136056046,0.22408246640213586,-0.8877169796778919,12.774184193757435
MIROC,MIROC-ES2L,r1i1p1f2,gn,ssp245,2078-09,2078,9,53.45689665853079,301.37825588856015,-5.54894448696214,-336.50037522000815,-4.393739004362847,-26.051009707533954,-17.65891587177611,61.876713892617204,271.0061090726583,-17.776445273780446,-310.46478726779867,-5.377540528891009,-21.999781321033964,-22.735731426228572,-8.419817234086416,30.37214681590183,12.227500786818307,-26.035587952209482,0.9838015245281619,-4.051228386499989,5.0768155544524625
MIROC,MIROC-ES2L,r1i1p1f2,gn,ssp245,2078-10,2078,10,14.26507050122828,281.2876789643349,-2.093013146266557,-324.5616944946418,-9.491739193203719,-35.22833149185834,-75.82202886040733,16.046420071477925,235.3408133578954,-5.013446595779057,-280.3624820651788,-13.7920859904137,-26.972101580576677,-74.75288280257493,-1.7813495702496454,45.946865606439474,2.9204334495125,-44.19921242946299,4.300346797209981,-8.256229911281665,-1.0691460578323984
MIROC,MIROC-ES2L,r1i1p1f2,gn,ssp245,2078-11,2078,11,2.192656348304539,257.3929525050328,-0.4097995275022504,-306.7485701601356,-20.70916032347992,-43.305413915520305,-111.58733507330076,2.2346607690379368,206.07834229409005,-0.5505327509983511,-253.947457668769,-19.443062239311498,-26.85452686931898,-92.48257646526984,-0.04200442073339783,51.31461021094273,0.14073322349610068,-52.80111249136661,-1.2660980841684228,-16.450887046201323,-19.10475860803092
MIROC,MIROC-ES2L,r1i1p1f2,gn,ssp245,2078-12,2078,12,0.361620979409086,234.37311286145263,-0.0690565792937218,-282.49888741009835,-18.26454980464923,-28.667424876895527,-94.76518483007511,0.42759843987767737,191.39597646201616,-0.1463149110530818,-238.8125066111832,-20.102744137502,-25.136428982660664,-92.3744197405051,-0.06597746046859138,42.97713639943646,0.07725833175936,-43.68638079891514,1.838194332852769,-3.530995894234863,-2.39076508957001
MIROC,MIROC-ES2L,r1i1p1f2,gn,ssp245,2079-01,2079,1,1.1666092068740517,227.56686612261836,-0.4078789366010989,-270.188689840476,-12.760797071652263,-24.261596812080274,-78.88548733131721,1.312831520498936,184.4046235989899,-0.6504690083046897,-230.4431739194702,-18.324392791067698,-23.303892736152008,-87.00447333550575,-0.14622231362488436,43.162242523628464,0.24259007170359076,-39.74551592100579,5.563595719415435,-0.957704075928266,8.118986004188542
MIROC,MIROC-ES2L,r1i1p1f2,gn,ssp245,2079-02,2079,2,9.329649317140166,209.87887920745646,-4.795862005423013,-256.9329540986109,-12.468219247915897,-22.93941417035774,-77.92792099771088,10.134918449794124,183.00233533180176,-5.894508530509232,-227.93396157854312,-16.044463560492623,-21.711650424732266,-78.44733031268136,-0.805269132653958,26.876543875654704,1.0986465250862194,-28.99899252006776,3.5762443125767263,-1.2277637456254737,0.5194093149704742
MIROC,MIROC-ES2L,r1i1p1f2,gn,ssp245,2079-03,2079,3,49.71161257701168,214.0068888496193,-29.796275577023827,-260.15657529815036,-13.009790637442443,-21.879285544782725,-61.12342563076841,54.092806291519665,188.06797862968583,-35.49560423649597,-233.96499959716866,-12.849913767591977,-19.59824621505587,-59.74797889510697,-4.381193714507987,25.93891021993346,5.699328659472144,-26.1915757009817,-0.159876869850466,-2.2810393297268554,-1.3754467356614413
MIROC,MIROC-ES2L,r1i1p1f2,gn,ssp245,2079-04,2079,4,141.47469174180924,236.27153242163166,-83.4168764826267,-280.71256485841633,-5.95852103143685,-18.17581007086755,-10.517548279906546,153.85297733527165,209.50018751526287,-103.91349209612389,-257.15609699210785,-7.231252400997411,-15.68121571347275,-20.62889235216735,-12.378285593462408,26.771344906368796,20.496615613497184,-23.55646786630848,1.272731369560561,-2.4945943573947993,10.111344072260806
MIROC,MIROC-ES2L,r1i1p1f2,gn,ssp245,2079-05,2079,5,226.01873455293313,271.46965219495877,-108.61134793665916,-310.9466403161984,-2.586702527580126,-16.561080058868217,58.78261590858601,246.70169500271564,251.0877509758891,-149.22398744547607,-294.09121110661533,-3.5740003779165477,-15.43610176618813,35.4641452824087,-20.682960449782513,20.381901219069675,40.61263950881691,-16.855429209583065,0.9872978503364216,-1.1249782926800869,23.31847062617731
MIROC,MIROC-ES2L,r1i1p1f2,gn,ssp245,2079-06,2079,6,242.94585121100727,300.1979281075137,-72.09599280860304,-327.01988368319275,0.36301754705794204,-9.770268998122283,134.62065137566083,262.85967388536494,287.5439359862113,-118.0808217040136,-319.1397551813616,-0.4218753871641016,-12.337941570683821,100.42321602835318,-19.913822674357675,12.653992121302394,45.98482889541056,-7.880128501831166,0.7848929342220436,2.5676725725615377,34.197435347307646
MIROC,MIROC-ES2L,r1i1p1f2,gn,ssp245,2079-07,2079,7,197.2327058704761,314.5562708808917,-29.15059576288498,-337.45855547481824,-0.2617286490971285,-7.476182234200529,137.44191463036697,215.66988252964234,300.5301923815116,-73.02995970405915,-325.46176212074056,0.41270860793022107,-8.39102748653027,109.73003420775422,-18.437176659166227,14.026078499380105,43.87936394117418,-11.996793354077681,-0.6744372570273496,0.9148452523297408,27.71188042261275
MIROC,MIROC-ES2L,r1i1p1f2,gn,ssp245,2079-08,2079,8,122.89309247680826,313.75465153772785,-11.947174802479358,-343.2093201456632,-0.7249379681237649,-14.688573847407556,66.07773725086223,135.16208166491174,295.50242311597475,-37.03752417522527,-324.68498651157415,-0.464213324470985,-11.852725721887758,56.625055047728296,-12.268989188103475,18.252228421753102,25.090349372745912,-18.524333634089032,-0.26072464365277986,-2.8358481255197976,9.452682203133932
MIROC,MIROC-ES2L,r1i1p1f2,gn,ssp245,2079-09,2079,9,55.93212001062077,297.5779753734937,-6.1005870386465375,-336.9215931304248,-4.618971457935163,-31.57304807172853,-25.70410431462056,61.876713892617204,271.0061090726583,-17.776445273780446,-310.46478726779867,-5.377540528891009,-21.999781321033964,-22.735731426228572,-5.944593881996433,26.57186630083538,11.675858235133909,-26.45680586262614,0.7585690709558461,-9.573266750694565,-2.9683728883919898
MIROC,MIROC-ES2L,r1i1p1f2,gn,ssp245,2079-10,2079,10,14.24148603453005,278.31223252976685,-2.0968435595374295,-323.87005433347815,-9.279716430005852,-35.6492705956992,-78.34216635442374,16.046420071477925,235.3408133578954,-5.013446595779057,-280.3624820651788,-13.7920859904137,-26.972101580576677,-74.75288280257493,-1.8049340369478752,42.971419171871446,2.9166030362416278,-43.50757226829933,4.512369560407848,-8.677169015122523,-3.5892835518488084
MIROC,MIROC-ES2L,r1i1p1f2,gn,ssp245,2079-11,2079,11,2.090892659984507,255.3398473443593,-0.38145600681874925,-304.8974865955485,-15.718590351681916,-34.2030111791484,-97.76980412885374,2.2346607690379368,206.07834229409005,-0.5505327509983511,-253.947457668769,-19.443062239311498,-26.85452686931898,-92.48257646526984,-0.14376810905342996,49.26150505026925,0.16907674417960183,-50.95002892677951,3.7244718876295817,-7.348484309829416,-5.2872276635838915
MIROC,MIROC-ES2L,r1i1p1f2,gn,ssp245,2079-12,2079,12,0.37400410858217864,230.6948626500775,-0.06843389627135367,-281.54246890477407,-23.834738568437377,-34.70607433637967,-109.08284894720279,0.42759843987767737,191.39597646201616,-0.1463149110530818,-238.8125066111832,-20.102744137502,-25.136428982660664,-92.3744197405051,-0.05359433129549873,39.298886188061346,0.07788101478172814,-42.72996229359086,-3.7319944309353765,-9.569645353719007,-16.708429206697687
MIROC,MIROC-ES2L,r1i1p1f2,gn,ssp245,2080-01,2080,1,1.0577006176697212,219.28968354198776,-0.3419959137586549,-269.50521407697255,-19.807867330911236,-32.18033963919277,-101.48803280117775,1.312831520498936,184.4046235989899,-0.6504690083046897,-230.4431739194702,-18.324392791067698,-23.303892736152008,-87.00447333550575,-0.2551309028292148,34.885059942997856,0.3084730945460348,-39.06204015750234,-1.483474539843538,-8.876446903040765,-14.483559465672002
MIROC,MIROC-ES2L,r1i1p1f2,gn,ssp245,2080-02,2080,2,9.302678158708753,216.9262655187444,-4.368326684533493,-263.969359389709,-16.424556087381134,-26.97122801991723,-85.50452650408769,10.134918449794124,183.00233533180176,-5.894508530509232,-227.93396157854312,-16.044463560492623,-21.711650424732266,-78.44733031268136,-0.8322402910853715,33.92393018694264,1.5261818459757395,-36.035397811165865,-0.3800925268885109,-5.259577595184965,-7.057196191406334
MIROC,MIROC-ES2L,r1i1p1f2,gn,ssp245,2080-03,2080,3,48.94357508409519,223.77743670841377,-27.88969429629314,-267.26146106236126,-10.832040908741797,-26.159917686270482,-59.42210216115768,54.092806291519665,188.06797862968583,-35.49560423649597,-233.96499959716866,-12.849913767591977,-19.59824621505587,-59.74797889510697,-5.149231207424478,35.70945807872795,7.605909940202832,-33.29646146519261,2.017872858850179,-6.561671471214613,0.3258767339492863
MIROC,MIROC-ES2L,r1i1p1f2,gn,ssp245,2080-04,2080,4,145.24494415292884,232.14542538603823,-84.75097464131119,-280.14268949461956,-6.229815829359145,-17.828416183304725,-11.561526609627526,153.85297733527165,209.50018751526287,-103.91349209612389,-257.15609699210785,-7.231252400997411,-15.68121571347275,-20.62889235216735,-8.608033182342808,22.64523787077536,19.1625174548127,-22.986592502511712,1.0014365716382656,-2.1472004698319758,9.067365742539826
MIROC,MIROC-ES2L,r1i1p1f2,gn,ssp245,2080-05,2080,5,228.38102817405715,271.54150779598996,-105.0215282211602,-311.44922336427686,-2.3472745476189703,-17.398505254725006,63.70600458226602,246.70169500271564,251.0877509758891,-149.22398744547607,-294.09121110661533,-3.5740003779165477,-15.43610176618813,35.4641452824087,-18.32066682865849,20.453756820100864,44.202459224315874,-17.358012257661528,1.2267258302975774,-1.962403488536875,28.241859299857317
MIROC,MIROC-ES2L,r1i1p1f2,gn,ssp245,2080-06,2080,6,242.08317556485892,299.54785645638435,-67.74281238616666,-327.2944913796679,-0.48523579988829246,-9.799333258843644,136.30915919667686,262.85967388536494,287.5439359862113,-118.0808217040136,-319.1397551813616,-0.4218753871641016,-12.337941570683821,100.42321602835318,-20.776498320506022,12.003920470173057,50.33800931784694,-8.154736198306296,-0.06336041272419085,2.5386083118401768,35.88594316832368
MIROC,MIROC-ES2L,r1i1p1f2,gn,ssp245,2080-07,2080,7,194.97155899916606,314.51111786687204,-27.908429218660594,-337.83178966895906,-0.1147888067039591,-7.437083780538375,136.19058539117609,215.66988252964234,300.5301923815116,-73.02995970405915,-325.46176212074056,0.41270860793022107,-8.39102748653027,109.73003420775422,-20.698323530476273,13.980925485360444,45.12153048539856,-12.370027548218502,-0.5274974146341802,0.9539437059918949,26.46055118342187
MIROC,MIROC-ES2L,r1i1p1f2,gn,ssp245,2080-08,2080,8,115.37347989758689,320.8963526841229,-11.257291241465884,-343.7765504585408,-0.34675743981930546,-12.510364941233263,68.37886850065055,135.16208166491174,295.50242311597475,-37.03752417522527,-324.68498651157415,-0.464213324470985,-11.852725721887758,56.625055047728296,-19.78860176732485,25.393929568148167,25.780232933759386,-19.09156394696663,0.11745588465167955,-0.657639219345505,11.753813452922259
MIROC,MIROC-ES2L,r1i1p1f2,gn,ssp245,2080-09,2080,9,51.37552466107904,307.0264747124724,-5.33855886918213,-338.43713147758496,-3.6657530318853992,-25.15723857164714,-14.196682576748158,61.876713892617204,271.0061090726583,-17.776445273780446,-310.46478726779867,-5.377540528891009,-21.999781321033964,-22.735731426228572,-10.501189231538163,36.02036563981409,12.437886404598316,-27.972344209786286,1.7117874970056097,-3.1574572506131773,8.539048849480414
MIROC,MIROC-ES2L,r1i1p1f2,gn,ssp245,2080-10,2080,10,14.251841830659524,280.47185731523416,-2.063655382042583,-326.01478401777644,-10.653226377627636,-38.71047761561511,-82.71844424716804,16.046420071477925,235.3408133578954,-5.013446595779057,-280.3624820651788,-13.7920859904137,-26.972101580576677,-74.75288280257493,-1.7945782408184012,45.13104395733876,2.949791213736474,-45.65230195259761,3.1388596127860637,-11.738376035038435,-7.965561444593106
MIROC,MIROC-ES2L,r1i1p1f2,gn,ssp245,2080-11,2080,11,2.246282688570003,258.2313948565271,-0.3875843819099627,-310.0575098917468,-19.339268184904032,-41.25408762709464,-110.56077254055833,2.2346607690379368,206.07834229409005,-0.5505327509983511,-253.947457668769,-19.443062239311498,-26.85452686931898,-92.48257646526984,0.011621919532066372,52.15305256243707,0.1629483690883884,-56.1100522229778,0.10379405440746581,-14.39956075777566,-18.07819607528849
MIROC,MIROC-ES2L,r1i1p1f2,gn,ssp245,2080-12,2080,12,0.3593817833755453,247.36319566195485,-0.06362616560246849,-292.0755519232567,-18.738371692815534,-33.44210889741526,-96.59708123375955,0.42759843987767737,191.39597646201616,-0.1463149110530818,-238.8125066111832,-20.102744137502,-25.136428982660664,-92.3744197405051,-0.06821665650213204,55.96721919993868,0.08268874545061332,-53.26304531207347,1.3643724446864667,-8.305679914754595,-4.222661493254449
MIROC,MIROC-ES2L,r1i1p1f2,gn,ssp245,2081-01,2081,1,1.1566218605735306,221.70815984559653,-0.3450882243322776,-271.3182336218906,-22.07363847257625,-33.81511576082894,-104.68729437345803,1.312831520498936,184.4046235989899,-0.6504690083046897,-230.4431739194702,-18.324392791067698,-23.303892736152008,-87.00447333550575,-0.15620965992540548,37.303536246606626,0.3053807839724121,-40.8750597024204,-3.749245681508551,-10.51122302467693,-17.68282103795228
MIROC,MIROC-ES2L,r1i1p1f2,gn,ssp245,2081-02,2081,2,9.879329980723911,209.53897835411405,-4.632777133826258,-261.13236765666625,-18.24760388251998,-29.882744004438464,-94.47718434261299,10.134918449794124,183.00233533180176,-5.894508530509232,-227.93396157854312,-16.044463560492623,-21.711650424732266,-78.44733031268136,-0.25558846907021326,26.53664302231229,1.2617313966829737,-33.19840607812313,-2.2031403220273553,-8.171093579706199,-16.029854029931627
MIROC,MIROC-ES2L,r1i1p1f2,gn,ssp245,2081-03,2081,3,50.03172637162832,215.06865284898242,-28.582627908514308,-263.5810111004927,-13.834797191579803,-26.8666210935512,-67.76467807352721,54.092806291519665,188.06797862968583,-35.49560423649597,-233.96499959716866,-12.849913767591977,-19.59824621505587,-59.74797889510697,-4.061079919891348,27.0006742192966,6.912976327981664,-29.616011503324017,-0.9848834239878261,-7.2683748784953295,-8.01669917842024
MIROC,MIROC-ES2L,r1i1p1f2,gn,ssp245,2081-04,2081,4,143.30897953842597,236.48920016138,-83.55874775923164,-281.65498010977126,-7.233539857667119,-17.450173992400142,-10.099262019264142,153.85297733527165,209.50018751526287,-103.91349209612389,-257.15609699210785,-7.231252400997411,-15.68121571347275,-20.62889235216735,-10.543997796845673,26.989012646117146,20.354744336892253,-24.49888311766341,-0.002287456669708199,-1.7689582789273928,10.52963033290321
MIROC,MIROC-ES2L,r1i1p1f2,gn,ssp245,2081-05,2081,5,217.4050699296195,281.2352739490743,-100.07703482853557,-314.673452484922,-0.05171653390801417,-13.494843476342513,70.34329655498566,246.70169500271564,251.0877509758891,-149.22398744547607,-294.09121110661533,-3.5740003779165477,-15.43610176618813,35.4641452824087,-29.296625073096152,30.147522973185232,49.146952616940496,-20.582241378306662,3.5222838440085336,1.9412582898456172,34.879151272576955
MIROC,MIROC-ES2L,r1i1p1f2,gn,ssp245,2081-06,2081,6,227.9670459548078,303.8360692311954,-66.69995549150916,-327.12557288376047,0.5031754494501122,-9.010776894184382,129.4699853659993,262.85967388536494,287.5439359862113,-118.0808217040136,-319.1397551813616,-0.4218753871641016,-12.337941570683821,100.42321602835318,-34.892627930557154,16.292133244984086,51.38086621250444,-7.98581770239889,0.9250508366142138,3.3271646764994394,29.04676933764611
MIROC,MIROC-ES2L,r1i1p1f2,gn,ssp245,2081-07,2081,7,190.50733278865772,315.9265962117503,-23.930279829987466,-336.35313806732546,0.5435699466811538,-9.168668659861611,137.5254123899146,215.66988252964234,300.5301923815116,-73.02995970405915,-325.46176212074056,0.41270860793022107,-8.39102748653027,109.73003420775422,-25.162549740984616,15.396403830238683,49.09967987407168,-10.891375946584901,0.1308613387509327,-0.7776411733313413,27.79537818216039
MIROC,MIROC-ES2L,r1i1p1f2,gn,ssp245,2081-08,2081,8,112.23318912330583,317.9568747067394,-9.47126165159004,-341.8669143259162,-0.6775253737315219,-13.22542006862297,64.9489424101845,135.16208166491174,295.50242311597475,-37.03752417522527,-324.68498651157415,-0.464213324470985,-11.852725721887758,56.625055047728296,-22.928892541605904,22.454451590764677,27.56626252363523,-17.181927814342032,-0.21331204926053687,-1.3726943467352122,8.323887362456205
MIROC,MIROC-ES2L,r1i1p1f2,gn,ssp245,2081-09,2081,9,52.740485563452744,304.209205131552,-5.489008376753098,-337.61050618156736,-2.0739807828088397,-23.09127456480935,-11.315079210933892,61.876713892617204,271.0061090726583,-17.776445273780446,-310.46478726779867,-5.377540528891009,-21.999781321033964,-22.735731426228572,-9.13622832916446,33.203096058893664,12.287436897027348,-27.14571891376869,3.3035597460821693,-1.0914932437753855,11.42065221529468
MIROC,MIROC-ES2L,r1i1p1f2,gn,ssp245,2081-10,2081,10,13.335815902788475,285.37608257322916,-1.7915170669157967,-327.48516411541743,-9.780875064656245,-36.13432785162649,-76.47998562259835,16.046420071477925,235.3408133578954,-5.013446595779057,-280.3624820651788,-13.7920859904137,-26.972101580576677,-74.75288280257493,-2.71060416868945,50.035269215333756,3.2219295288632606,-47.12268205023861,4.011210925757455,-9.16222627104981,-1.7271028200234184
MIROC,MIROC-ES2L,r1i1p1f2,gn,ssp245,2081-11,2081,11,2.1961190455199238,260.3842005229912,-0.3836500304435766,-312.79056855600294,-19.33840905483529,-45.8481059080835,-115.78041398085416,2.2346607690379368,206.07834229409005,-0.5505327509983511,-253.947457668769,-19.443062239311498,-26.85452686931898,-92.48257646526984,-0.038541723518012994,54.305858228901144,0.1668827205547745,-58.843110887233934,0.1046531844762093,-18.993579038764516,-23.29783751558432
MIROC,MIROC-ES2L,r1i1p1f2,gn,ssp245,2081-12,2081,12,0.3611242422755706,245.10320520716178,-0.0687817086489349,-291.3653970625546,-16.940145387719383,-30.394123432783417,-93.30411814226902,0.42759843987767737,191.39597646201616,-0.1463149110530818,-238.8125066111832,-20.102744137502,-25.136428982660664,-92.3744197405051,-0.06647419760210677,53.70722874514561,0.0775332024041469,-52.55289045137141,3.1625987497826173,-5.257694450122752,-0.9296984017639147
MIROC,MIROC-ES2L,r1i1p1f2,gn,ssp245,2082-01,2082,1,1.1085021823768662,224.813610984976,-0.3058128991482345,-274.68337547521094,-17.62407181280678,-28.480672794920707,-95.17181981473378,1.312831520498936,184.4046235989899,-0.6504690083046897,-230.4431739194702,-18.324392791067698,-23.303892736152008,-87.00447333550575,-0.20432933812206988,40.40898738598611,0.34465610915645517,-44.240201555740725,0.700320978260919,-5.176780058768699,-8.16734647922803
MIROC,MIROC-ES2L,r1i1p1f2,gn,ssp245,2082-02,2082,2,9.207338297746151,214.86260154729814,-4.018717412308774,-265.71137349938334,-18.34967911834515,-29.725114695940032,-93.734944880933,10.134918449794124,183.00233533180176,-5.894508530509232,-227.93396157854312,-16.044463560492623,-21.711650424732266,-78.44733031268136,-0.9275801520479732,31.86026621549638,1.8757911182004579,-37.77741192084022,-2.3052155578525273,-8.013464271207766,-15.287614568251641
MIROC,MIROC-ES2L,r1i1p1f2,gn,ssp245,2082-03,2082,3,50.06525954569759,224.01283311190903,-28.539480253037173,-267.449175057224,-9.427455370722283,-21.417757740607048,-52.75577576398386,54.092806291519665,188.06797862968583,-35.49560423649597,-233.96499959716866,-12.849913767591977,-19.59824621505587,-59.74797889510697,-4.027546745822072,35.94485448222321,6.956123983458799,-33.484175460055354,3.4224583968696933,-1.819511525551178,6.992203131123105
MIROC,MIROC-ES2L,r1i1p1f2,gn,ssp245,2082-04,2082,4,144.81212963659968,231.15188562082642,-85.70241732947622,-280.1987395056171,-8.645785927807296,-22.567904870423085,-21.150832375897586,153.85297733527165,209.50018751526287,-103.91349209612389,-257.15609699210785,-7.231252400997411,-15.68121571347275,-20.62889235216735,-9.040847698671968,21.651698105563554,18.21107476664767,-23.042642513509236,-1.414533526809885,-6.886689156950336,-0.5219400237302345
MIROC,MIROC-ES2L,r1i1p1f2,gn,ssp245,2082-05,2082,5,217.25099701036447,275.28134886138423,-100.73953550664112,-312.3150379607503,-1.6882214841030694,-17.064622424583238,60.724928495670966,246.70169500271564,251.0877509758891,-149.22398744547607,-294.09121110661533,-3.5740003779165477,-15.43610176618813,35.4641452824087,-29.450697992351166,24.193597885495137,48.48445193883495,-18.223826854134984,1.8857788938134783,-1.6285206583951073,25.260783213262265
MIROC,MIROC-ES2L,r1i1p1f2,gn,ssp245,2082-06,2082,6,250.8465179272505,297.3644664091986,-71.68800367338,-326.6186314648773,-0.43365196052341093,-10.546956443011448,138.92374079465696,262.85967388536494,287.5439359862113,-118.0808217040136,-319.1397551813616,-0.4218753871641016,-12.337941570683821,100.42321602835318,-12.013155958114453,9.820530422987304,46.392818030633606,-7.478876283515717,-0.011776573359309317,1.7909851276723732,38.50052476630378
MIROC,MIROC-ES2L,r1i1p1f2,gn,ssp245,2082-07,2082,7,200.2643557716996,313.2311896131895,-28.456251485077342,-338.4078808601481,-0.09060578307549438,-7.84028236169806,138.70052489489004,215.66988252964234,300.5301923815116,-73.02995970405915,-325.46176212074056,0.41270860793022107,-8.39102748653027,109.73003420775422,-15.405526757942738,12.700997231677889,44.57370821898181,-12.946118739407552,-0.5033143910057154,0.5507451248322095,28.970490687135822
MIROC,MIROC-ES2L,r1i1p1f2,gn,ssp245,2082-08,2082,8,118.94735186389812,316.67728881194654,-10.47773530777591,-343.68381976117695,-0.6621162073668524,-12.723988692027273,68.07698070749768,135.16208166491174,295.50242311597475,-37.03752417522527,-324.68498651157415,-0.464213324470985,-11.852725721887758,56.625055047728296,-16.21472980101362,21.17486569597179,26.559788867449363,-18.998833249602797,-0.19790288289586738,-0.8712629701395151,11.451925659769387
MIROC,MIROC-ES2L,r1i1p1f2,gn,ssp245,2082-09,2082,9,54.10773138360952,300.17441961748335,-5.709849120369899,-337.96575984241406,-4.693098487166541,-31.89978005730219,-25.9863365061598,61.876713892617204,271.0061090726583,-17.776445273780446,-310.46478726779867,-5.377540528891009,-21.999781321033964,-22.735731426228572,-7.768982509007685,29.168310544825033,12.066596153410547,-27.50097257461539,0.6844420417244681,-9.899998736268227,-3.25060507993123
MIROC,MIROC-ES2L,r1i1p1f2,gn,ssp245,2082-10,2082,10,15.021603845923535,273.79733645934033,-2.1606769855304093,-324.70653249715866,-11.37771195155162,-41.61097690388078,-91.0369580328576,16.046420071477925,235.3408133578954,-5.013446595779057,-280.3624820651788,-13.7920859904137,-26.972101580576677,-74.75288280257493,-1.0248162255543907,38.45652310144493,2.852769610248648,-44.34405043197984,2.4143740388620802,-14.638875323304106,-16.284075230282667
MIROC,MIROC-ES2L,r1i1p1f2,gn,ssp245,2082-11,2082,11,1.9959232879163333,258.4834516476775,-0.34343169619111374,-307.8657833450121,-17.094482932333435,-37.28946694824747,-102.11378998619026,2.2346607690379368,206.07834229409005,-0.5505327509983511,-253.947457668769,-19.443062239311498,-26.85452686931898,-92.48257646526984,-0.23873748112160342,52.40510935358745,0.20710105480723734,-53.918325676243114,2.3485793069780634,-10.434940078928491,-9.631213520920411
MIROC,MIROC-ES2L,r1i1p1f2,gn,ssp245,2082-12,2082,12,0.3660108114456408,236.3627567800741,-0.07282801404618611,-285.2679888571917,-21.332413850032733,-32.48939475499063,-102.43385788474151,0.42759843987767737,191.39597646201616,-0.1463149110530818,-238.8125066111832,-20.102744137502,-25.136428982660664,-92.3744197405051,-0.06158762843203658,44.96678031805794,0.0734868970068957,-46.4554822460085,-1.2296697125307325,-7.352965772329963,-10.05943814423641
MIROC,MIROC-ES2L,r1i1p1f2,gn,ssp245,2083-01,2083,1,1.046499545576991,220.79931038488266,-0.306532414008634,-268.2104272016805,-22.613112673676927,-31.344448371220327,-100.62871073012674,1.312831520498936,184.4046235989899,-0.6504690083046897,-230.4431739194702,-18.324392791067698,-23.303892736152008,-87.00447333550575,-0.26633197492194505,36.39468678589276,0.34393659429605566,-37.76725328221028,-4.288719882609229,-8.04055563506832,-13.624237394620991
MIROC,MIROC-ES2L,r1i1p1f2,gn,ssp245,2083-02,2083,2,9.322495311266248,209.70411781625114,-4.270086399590981,-258.84838019987694,-16.052314005403446,-26.390550300999237,-86.53471777835323,10.134918449794124,183.00233533180176,-5.894508530509232,-227.93396157854312,-16.044463560492623,-21.711650424732266,-78.44733031268136,-0.8124231385278762,26.70178248444938,1.6244221309182514,-30.914418621333823,-0.007850444910822318,-4.678899876266971,-8.087387465671867
MIROC,MIROC-ES2L,r1i1p1f2,gn,ssp245,2083-03,2083,3,49.30513192421803,214.21085731856303,-27.996567372706025,-262.6600278262133,-12.489502318682694,-23.763464286062185,-63.39357256088313,54.092806291519665,188.06797862968583,-35.49560423649597,-233.96499959716866,-12.849913767591977,-19.59824621505587,-59.74797889510697,-4.7876743673016335,26.142878688877204,7.4990368637899465,-28.695028229044652,0.36041144890928223,-4.165218071006315,-3.645593665776161
MIROC,MIROC-ES2L,r1i1p1f2,gn,ssp245,2083-04,2083,4,142.56946014894766,234.66183421281957,-84.80116428563136,-279.4872971418905,-6.132021289663075,-17.404040899762837,-10.593229255180496,153.85297733527165,209.50018751526287,-103.91349209612389,-257.15609699210785,-7.231252400997411,-15.68121571347275,-20.62889235216735,-11.28351718632399,25.161646697556705,19.11232781049253,-22.33120014978266,1.099231111334336,-1.7228251862900876,10.035663096986855
MIROC,MIROC-ES2L,r1i1p1f2,gn,ssp245,2083-05,2083,5,229.4748628542993,268.65132132551446,-115.13900014376121,-306.69313311786954,-1.2488996916910373,-11.945192030958372,63.09995919553361,246.70169500271564,251.0877509758891,-149.22398744547607,-294.09121110661533,-3.5740003779165477,-15.43610176618813,35.4641452824087,-17.22683214841635,17.563570349625365,34.08498730171486,-12.601922011254203,2.32510068622551,3.4909097352297582,27.635813913124906
MIROC,MIROC-ES2L,r1i1p1f2,gn,ssp245,2083-06,2083,6,249.83804433411967,298.70851228033587,-77.88854019834693,-326.8371467412302,-0.823514497387533,-13.067053246746518,129.93030193074435,262.85967388536494,287.5439359862113,-118.0808217040136,-319.1397551813616,-0.4218753871641016,-12.337941570683821,100.42321602835318,-13.021629551245269,11.164576294124572,40.19228150566667,-7.697391559868606,-0.4016391102234314,-0.729111676062697,29.507085902391168
MIROC,MIROC-ES2L,r1i1p1f2,gn,ssp245,2083-07,2083,7,189.0349980194724,317.09233324359803,-29.75265909651652,-337.1463861014111,0.6575844819603979,-7.214416506082521,132.67145404102067,215.66988252964234,300.5301923815116,-73.02995970405915,-325.46176212074056,0.41270860793022107,-8.39102748653027,109.73003420775422,-26.63488451016994,16.562140862086437,43.27730060754263,-11.684623980670551,0.2448758740301768,1.176610980447749,22.94141983326645
MIROC,MIROC-ES2L,r1i1p1f2,gn,ssp245,2083-08,2083,8,116.09631805459128,314.7925632183853,-10.845592931359052,-341.3524516373686,-0.16107906480297188,-14.625786115928953,63.90397152351698,135.16208166491174,295.50242311597475,-37.03752417522527,-324.68498651157415,-0.464213324470985,-11.852725721887758,56.625055047728296,-19.06576361032046,19.290140102410533,26.19193124386622,-16.667465125794422,0.3031342596680131,-2.7730603940411953,7.278916475788684
MIROC,MIROC-ES2L,r1i1p1f2,gn,ssp245,2083-09,2083,9,55.941245941211704,297.86642095374333,-5.957307413015467,-336.2465088057758,-4.169595398641846,-25.6786117320837,-18.2443564545618,61.876713892617204,271.0061090726583,-17.776445273780446,-310.46478726779867,-5.377540528891009,-21.999781321033964,-22.735731426228572,-5.935467951405499,26.86031188108501,11.819137860764979,-25.78172153797715,1.207945130249163,-3.6788304110497343,4.491374971666772
MIROC,MIROC-ES2L,r1i1p1f2,gn,ssp245,2083-10,2083,10,14.835545996694314,272.635020670458,-2.1736806460581435,-322.07006549003705,-13.929772941368494,-41.993022205865906,-92.6959746161773,16.046420071477925,235.3408133578954,-5.013446595779057,-280.3624820651788,-13.7920859904137,-26.972101580576677,-74.75288280257493,-1.2108740747836109,37.294207312562605,2.839765949720914,-41.70758342485823,-0.13768695095479444,-15.020920625289229,-17.943091813602365
MIROC,MIROC-ES2L,r1i1p1f2,gn,ssp245,2083-11,2083,11,2.2046554678335766,255.48590847758447,-0.3810842784708602,-305.24225377224667,-21.10302970767613,-42.33528726769005,-111.37109108066565,2.2346607690379368,206.07834229409005,-0.5505327509983511,-253.947457668769,-19.443062239311498,-26.85452686931898,-92.48257646526984,-0.03000530120436018,49.407566183494424,0.1694484725274909,-51.294796103477665,-1.6599674683646306,-15.480760398371068,-18.888514615395806
MIROC,MIROC-ES2L,r1i1p1f2,gn,ssp245,2083-12,2083,12,0.3592995803530233,236.39772320029655,-0.06301090000451831,-283.9914625359676,-16.3843977883559,-29.58264258698778,-93.26449103066625,0.42759843987767737,191.39597646201616,-0.1463149110530818,-238.8125066111832,-20.102744137502,-25.136428982660664,-92.3744197405051,-0.06829885952465409,45.00174673828039,0.0833040110485635,-45.17895592478442,3.718346349146099,-4.4462136043271165,-0.8900712901611456
MIROC,MIROC-ES2L,r1i1p1f2,gn,ssp245,2084-01,2084,1,1.0389744162221624,213.57622454220615,-0.3008311207984492,-265.32107934725167,-23.26127840642079,-32.22438977306316,-106.49237968910575,1.312831520498936,184.4046235989899,-0.6504690083046897,-230.4431739194702,-18.324392791067698,-23.303892736152008,-87.00447333550575,-0.2738571042767737,29.171600943216248,0.3496378875062405,-34.87790542778146,-4.936885615353091,-8.92049703691115,-19.487906353599996
MIROC,MIROC-ES2L,r1i1p1f2,gn,ssp245,2084-02,2084,2,8.585374888563008,215.70796336052797,-4.118000495462705,-257.82832945264397,-10.20152879688121,-17.15211671271413,-65.00663720861104,10.134918449794124,183.00233533180176,-5.894508530509232,-227.93396157854312,-16.044463560492623,-21.711650424732266,-78.44733031268136,-1.5495435612311166,32.70562802872621,1.7765080350465272,-29.89436787410085,5.842934763611414,4.559533712018137,13.44069310407032
MIROC,MIROC-ES2L,r1i1p1f2,gn,ssp245,2084-03,2084,3,50.69290019818738,211.29971812226086,-29.381013583238524,-258.91121046060664,-10.668701355244119,-21.93505776626173,-58.90336484490277,54.092806291519665,188.06797862968583,-35.49560423649597,-233.96499959716866,-12.849913767591977,-19.59824621505587,-59.74797889510697,-3.3999060933322838,23.23173949257503,6.114590653257448,-24.946210863437983,2.1812124123478576,-2.3368115512058587,0.8446140502041999
MIROC,MIROC-ES2L,r1i1p1f2,gn,ssp245,2084-04,2084,4,144.4986373320271,231.21463889665847,-84.17598635284624,-278.4400973638645,-9.026954863506512,-21.44174606513689,-17.371508416668533,153.85297733527165,209.50018751526287,-103.91349209612389,-257.15609699210785,-7.231252400997411,-15.68121571347275,-20.62889235216735,-9.354340003244545,21.714451381395605,19.73750574327765,-21.284000371756633,-1.7957024625091016,-5.760530351664141,3.2573839354988188
MIROC,MIROC-ES2L,r1i1p1f2,gn,ssp245,2084-05,2084,5,224.39251555585022,273.6420672308961,-103.93647322147382,-310.7248536245045,-2.035592080015254,-15.48761834530674,65.85004551544606,246.70169500271564,251.0877509758891,-149.22398744547607,-294.09121110661533,-3.5740003779165477,-15.43610176618813,35.4641452824087,-22.309179446865414,22.554316255006995,45.28751422400225,-16.633642517889143,1.5384082979012939,-0.051516579118610295,30.385900233037354
MIROC,MIROC-ES2L,r1i1p1f2,gn,ssp245,2084-06,2084,6,239.60478069217888,301.7907830710279,-71.68161258410385,-327.47159117157497,0.2721414012603902,-8.547866625582829,133.96663478320548,262.85967388536494,287.5439359862113,-118.0808217040136,-319.1397551813616,-0.4218753871641016,-12.337941570683821,100.42321602835318,-23.254893193186064,14.24684708481658,46.399209119909756,-8.331835990213392,0.6940167884244919,3.790074945100992,33.5434187548523
MIROC,MIROC-ES2L,r1i1p1f2,gn,ssp245,2084-07,2084,7,197.58003417422995,316.7715542542749,-32.5485513203349,-337.8556865890966,0.4359414727902927,-7.527259399154076,136.8560325927096,215.66988252964234,300.5301923815116,-73.02995970405915,-325.46176212074056,0.41270860793022107,-8.39102748653027,109.73003420775422,-18.089848355412386,16.24136187276332,40.48140838372425,-12.393924468356033,0.023232864860071645,0.8637680873761937,27.12599838495538
MIROC,MIROC-ES2L,r1i1p1f2,gn,ssp245,2084-08,2084,8,122.21172098134242,313.9931739462297,-11.65947323286819,-341.46595045586326,-1.2402607404873092,-15.770907604498591,66.06830289385475,135.16208166491174,295.50242311597475,-37.03752417522527,-324.68498651157415,-0.464213324470985,-11.852725721887758,56.625055047728296,-12.950360683569315,18.490750830254967,25.37805094235708,-16.780963944289113,-0.7760474160163242,-3.918181882610833,9.443247846126454
MIROC,MIROC-ES2L,r1i1p1f2,gn,ssp245,2084-09,2084,9,55.567607954556394,298.78350770314046,-6.02031534639706,-336.2227565077563,-3.480504923570052,-27.921842187274788,-19.294303307301373,61.876713892617204,271.0061090726583,-17.776445273780446,-310.46478726779867,-5.377540528891009,-21.999781321033964,-22.735731426228572,-6.30910593806081,27.77739863048214,11.756129927383387,-25.757969239957617,1.8970356053209572,-5.922060866240823,3.441428118927199
MIROC,MIROC-ES2L,r1i1p1f2,gn,ssp245,2084-10,2084,10,14.337561464191836,281.08543255414526,-2.2252001957035663,-324.057068098643,-9.601442500535946,-35.776339692134165,-76.23705646867961,16.046420071477925,235.3408133578954,-5.013446595779057,-280.3624820651788,-13.7920859904137,-26.972101580576677,-74.75288280257493,-1.7088586072860892,45.74461919624986,2.788246400075491,-43.69458603346419,4.190643489877754,-8.804238111557488,-1.484173666104681
MIROC,MIROC-ES2L,r1i1p1f2,gn,ssp245,2084-11,2084,11,2.092347689342198,256.29976190456165,-0.37319516375143075,-305.62455257161855,-18.428166866292656,-37.739873547956265,-103.77367855571502,2.2346607690379368,206.07834229409005,-0.5505327509983511,-253.947457668769,-19.443062239311498,-26.85452686931898,-92.48257646526984,-0.1423130796957386,50.2214196104716,0.17733758724692034,-51.67709490284955,1.0148953730188417,-10.885346678637283,-11.291102090445179
MIROC,MIROC-ES2L,r1i1p1f2,gn,ssp245,2084-12,2084,12,0.3916719658093773,227.92066794267848,-0.07912620609107834,-280.06070168802097,-20.733789468253313,-34.49527948566336,-107.05655693954088,0.42759843987767737,191.39597646201616,-0.1463149110530818,-238.8125066111832,-20.102744137502,-25.136428982660664,-92.3744197405051,-0.035926474068300074,36.52469148066231,0.06718870496200346,-41.24819507683776,-0.6310453307513129,-9.358850503002696,-14.682137199035779
MIROC,MIROC-ES2L,r1i1p1f2,gn,ssp245,2085-01,2085,1,1.192318465252033,215.25967731394402,-0.3482181297445127,-266.2850502967739,-21.19870055298198,-29.801747006388062,-101.18172020669235,1.312831520498936,184.4046235989899,-0.6504690083046897,-230.4431739194702,-18.324392791067698,-23.303892736152008,-87.00447333550575,-0.12051305524690292,30.855053714954124,0.30225087856017696,-35.84187637730366,-2.874307761914281,-6.497854270236054,-14.177246871186597
MIROC,MIROC-ES2L,r1i1p1f2,gn,ssp245,2085-02,2085,2,9.709056903061608,203.80415313221346,-4.5843090633901395,-256.16132782121,-17.936097317844045,-26.559977339777394,-91.72850150694656,10.134918449794124,183.00233533180176,-5.894508530509232,-227.93396157854312,-16.044463560492623,-21.711650424732266,-78.44733031268136,-0.4258615467325164,20.801817800411698,1.3101994671190926,-28.227366242666903,-1.8916337573514213,-4.848326915045128,-13.281171194265198
MIROC,MIROC-ES2L,r1i1p1f2,gn,ssp245,2085-03,2085,3,49.98563819934263,215.72602871100372,-28.796457343885027,-260.7577597011126,-8.428458043194441,-17.742086767886363,-50.01309494573208,54.092806291519665,188.06797862968583,-35.49560423649597,-233.96499959716866,-12.849913767591977,-19.59824621505587,-59.74797889510697,-4.107168092177034,27.658050081317896,6.699146892610944,-26.792760103943948,4.421455724397536,1.8561594471695066,9.73488394937489
MIROC,MIROC-ES2L,r1i1p1f2,gn,ssp245,2085-04,2085,4,147.38992529063057,229.19455425519925,-85.60636742871371,-279.5383683348282,-7.2931181964457865,-21.5350685952953,-17.38844300945318,153.85297733527165,209.50018751526287,-103.91349209612389,-257.15609699210785,-7.231252400997411,-15.68121571347275,-20.62889235216735,-6.463052044641074,19.694366739936385,18.30712466741018,-22.382271342720344,-0.06186579544837567,-5.853852881822551,3.2404493427141716
MIROC,MIROC-ES2L,r1i1p1f2,gn,ssp245,2085-05,2085,5,225.83647222008904,270.5291360971152,-108.05266890682147,-308.4781494495576,-2.887766821756794,-15.739294652632239,61.20772848643618,246.70169500271564,251.0877509758891,-149.22398744547607,-294.09121110661533,-3.5740003779165477,-15.43610176618813,35.4641452824087,-20.865222782626603,19.44138512122612,41.1713185386546,-14.386938342942244,0.6862335561597539,-0.30319288644410847,25.74358320402748
MIROC,MIROC-ES2L,r1i1p1f2,gn,ssp245,2085-06,2085,6,241.9016015850214,301.21781700201103,-75.30175113243808,-327.09051176918825,-0.7144914125331943,-10.053567003040888,129.95909726983203,262.85967388536494,287.5439359862113,-118.0808217040136,-319.1397551813616,-0.4218753871641016,-12.337941570683821,100.42321602835318,-20.95807230034353,13.673881015799736,42.77907057157552,-7.950756587826675,-0.29261602536909265,2.2843745676429332,29.535881241478847
MIROC,MIROC-ES2L,r1i1p1f2,gn,ssp245,2085-07,2085,7,194.05803995937993,317.24508671421535,-33.92466458736033,-337.680332109331,-0.13305478779664653,-7.009689940607492,132.5553852484998,215.66988252964234,300.5301923815116,-73.02995970405915,-325.46176212074056,0.41270860793022107,-8.39102748653027,109.73003420775422,-21.61184257026241,16.71489433270375,39.10529511669882,-12.218569988590446,-0.5457633957268676,1.3813375459227775,22.825351040745574
MIROC,MIROC-ES2L,r1i1p1f2,gn,ssp245,2085-08,2085,8,117.89859338590665,315.9471967998561,-11.820525037214018,-341.8280190424587,-1.1221770400552067,-15.14712075930051,63.92794830673435,135.16208166491174,295.50242311597475,-37.03752417522527,-324.68498651157415,-0.464213324470985,-11.852725721887758,56.625055047728296,-17.263488279005088,20.44477368388135,25.216999138011253,-17.143032530884568,-0.6579637155842217,-3.2943950374127517,7.302893259006055
MIROC,MIROC-ES2L,r1i1p1f2,gn,ssp245,2085-09,2085,9,52.61660231615484,301.79799228824146,-5.54795047802774,-336.3608671536989,-3.6730442796265628,-26.13412639728113,-17.30139370423804,61.876713892617204,271.0061090726583,-17.776445273780446,-310.46478726779867,-5.377540528891009,-21.999781321033964,-22.735731426228572,-9.260111576462364,30.79188321558314,12.228494795752706,-25.896079885900235,1.7044962492644462,-4.134345076247165,5.434337721990531
MIROC,MIROC-ES2L,r1i1p1f2,gn,ssp245,2085-10,2085,10,15.313902920028509,276.5083136944068,-2.381402108281096,-323.1360480375785,-10.471408488959925,-39.50489999306892,-83.67154201345316,16.046420071477925,235.3408133578954,-5.013446595779057,-280.3624820651788,-13.7920859904137,-26.972101580576677,-74.75288280257493,-0.7325171514494162,41.16750033651141,2.632044487497961,-42.773565972399695,3.3206775014537744,-12.532798412492241,-8.918659210878232
MIROC,MIROC-ES2L,r1i1p1f2,gn,ssp245,2085-11,2085,11,2.1575990501011773,256.3121995333392,-0.382274757583574,-306.36539018738534,-19.2437912848381,-40.4341090064703,-107.95576665283693,2.2346607690379368,206.07834229409005,-0.5505327509983511,-253.947457668769,-19.443062239311498,-26.85452686931898,-92.48257646526984,-0.0770617189367595,50.23385723924915,0.1682579934147771,-52.41793251861634,0.19927095447339838,-13.57958213715132,-15.473190187567084
MIROC,MIROC-ES2L,r1i1p1f2,gn,ssp245,2085-12,2085,12,0.40072336592823876,226.38715517908582,-0.08337360479908534,-278.46436107166795,-19.69487686771783,-33.56524736070613,-105.01998035987694,0.42759843987767737,191.39597646201616,-0.1463149110530818,-238.8125066111832,-20.102744137502,-25.136428982660664,-92.3744197405051,-0.02687507394943861,34.99117871706966,0.06294130625399647,-39.65185446048474,0.40786726978416965,-8.428818378045467,-12.645560619371835
MIROC,MIROC-ES2L,r1i1p1f2,gn,ssp245,2086-01,2086,1,1.1498755663006182,211.42390167892793,-0.3451263563977505,-263.49531076301554,-23.106028228452253,-33.409798768909994,-107.782486871547,1.312831520498936,184.4046235989899,-0.6504690083046897,-230.4431739194702,-18.324392791067698,-23.303892736152008,-87.00447333550575,-0.16295595419831788,27.019278079938033,0.30534265190693916,-33.05213684354533,-4.781635437384555,-10.105906032757986,-20.778013536041243
MIROC,MIROC-ES2L,r1i1p1f2,gn,ssp245,2086-02,2086,2,9.494121149968581,206.6469317939138,-4.656099156840649,-255.66110559531037,-17.136806151150154,-26.201218938226205,-87.51417689764499,10.134918449794124,183.00233533180176,-5.894508530509232,-227.93396157854312,-16.044463560492623,-21.711650424732266,-78.44733031268136,-0.6407972998255431,23.644596462112048,1.238409373668583,-27.727144016767255,-1.0923425906575304,-4.489568513493939,-9.066846584963628
MIROC,MIROC-ES2L,r1i1p1f2,gn,ssp245,2086-03,2086,3,50.99990512306873,213.19361536991883,-29.220093162819712,-260.9927931602344,-14.16882107861476,-26.812607025537652,-67.00079393421898,54.092806291519665,188.06797862968583,-35.49560423649597,-233.96499959716866,-12.849913767591977,-19.59824621505587,-59.74797889510697,-3.092901168450936,25.125636740233006,6.27551107367626,-27.027793563065728,-1.3189073110227838,-7.214360810481782,-7.252815039112008
MIROC,MIROC-ES2L,r1i1p1f2,gn,ssp245,2086-04,2086,4,139.7186981298294,242.8107218727922,-80.52446565474678,-284.4996915241578,-1.616635089298056,-12.418950332036982,3.4696774023819383,153.85297733527165,209.50018751526287,-103.91349209612389,-257.15609699210785,-7.231252400997411,-15.68121571347275,-20.62889235216735,-14.134279205442255,33.31053435752932,23.389026441377112,-27.343594532049963,5.614617311699355,3.2622653814357676,24.09856975454929
MIROC,MIROC-ES2L,r1i1p1f2,gn,ssp245,2086-05,2086,5,222.64610758019685,277.3425736652234,-98.22785705676918,-314.04238594632096,-1.7033853387835742,-16.94174131122759,69.07331159231897,246.70169500271564,251.0877509758891,-149.22398744547607,-294.09121110661533,-3.5740003779165477,-15.43610176618813,35.4641452824087,-24.055587422518784,26.254822689334333,50.99613038870689,-19.95117483970563,1.8706150391329734,-1.505639545039461,33.60916630991027
MIROC,MIROC-ES2L,r1i1p1f2,gn,ssp245,2086-06,2086,6,245.55715776771657,300.85659749988156,-68.87100486032267,-328.870040156798,-0.51635452083956,-9.99180349430528,138.16455223533265,262.85967388536494,287.5439359862113,-118.0808217040136,-319.1397551813616,-0.4218753871641016,-12.337941570683821,100.42321602835318,-17.302516117648366,13.312661513670264,49.20981684369093,-9.730284975436405,-0.0944791336754584,2.3461380763785407,37.74133620697947
MIROC,MIROC-ES2L,r1i1p1f2,gn,ssp245,2086-07,2086,7,193.15743862857843,317.0331101776783,-28.900244415702158,-338.74918138275035,-0.3364610635357802,-8.186884036369923,134.01777790789853,215.66988252964234,300.5301923815116,-73.02995970405915,-325.46176212074056,0.41270860793022107,-8.39102748653027,109.73003420775422,-22.512443901063904,16.502917796166685,44.12971528835699,-13.287419262009792,-0.7491696714660012,0.20414345016034652,24.28774370014432
MIROC,MIROC-ES2L,r1i1p1f2,gn,ssp245,2086-08,2086,8,120.48583173489816,316.7468751117237,-11.356474928942466,-344.0764807832911,-1.3315457210337511,-14.579198045452914,65.8890073679016,135.16208166491174,295.50242311597475,-37.03752417522527,-324.68498651157415,-0.464213324470985,-11.852725721887758,56.625055047728296,-14.676249930013583,21.244451995748932,25.681049246282804,-19.391494271716965,-0.8673323965627662,-2.7264723235651562,9.263952320173303
MIROC,MIROC-ES2L,r1i1p1f2,gn,ssp245,2086-09,2086,9,52.715299015672876,303.1326543306525,-5.476667297543036,-338.2546889441049,-4.155760444023043,-29.759730995979076,-21.79889433532467,61.876713892617204,271.0061090726583,-17.776445273780446,-310.46478726779867,-5.377540528891009,-21.999781321033964,-22.735731426228572,-9.161414876944328,32.12654525799417,12.29977797623741,-27.789901676306215,1.2217800848679659,-7.759949674945112,0.9368370909039037
MIROC,MIROC-ES2L,r1i1p1f2,gn,ssp245,2086-10,2086,10,14.603711871628896,276.2721479315186,-2.1593716258652456,-324.36341911052904,-12.568092601976518,-41.88103338917518,-90.09605692439848,16.046420071477925,235.3408133578954,-5.013446595779057,-280.3624820651788,-13.7920859904137,-26.972101580576677,-74.75288280257493,-1.4427081998490294,40.93133457362319,2.8540749699138117,-44.00093704535021,1.2239933884371812,-14.908931808598503,-15.343174121823552
MIROC,MIROC-ES2L,r1i1p1f2,gn,ssp245,2086-11,2086,11,2.178058332465148,248.35919007918594,-0.4006136366501624,-303.752265803816,-23.9752491913141,-47.77809020711293,-125.36897042724209,2.2346607690379368,206.07834229409005,-0.5505327509983511,-253.947457668769,-19.443062239311498,-26.85452686931898,-92.48257646526984,-0.05660243657278885,42.28084778509589,0.14991911434818866,-49.80480813504698,-4.532186952002601,-20.92356333779395,-32.886393961972246
MIROC,MIROC-ES2L,r1i1p1f2,gn,ssp245,2086-12,2086,12,0.430603363602858,226.47412413747645,-0.08523190761888676,-281.0046401678131,-26.677684897626943,-38.29344125738457,-119.15627072936417,0.42759843987767737,191.39597646201616,-0.1463149110530818,-238.8125066111832,-20.102744137502,-25.136428982660664,-92.3744197405051,0.0030049237251806304,35.078147675460286,0.06108300343419505,-42.19213355662987,-6.574940760124942,-13.157012274723908,-26.781850988859063
MIROC,MIROC-ES2L,r1i1p1f2,gn,ssp245,2087-01,2087,1,1.0579584729525935,215.60482377309094,-0.29645854908858266,-262.9203909753159,-19.69302708031538,-27.17202493364364,-93.41911929231996,1.312831520498936,184.4046235989899,-0.6504690083046897,-230.4431739194702,-18.324392791067698,-23.303892736152008,-87.00447333550575,-0.25487304754634255,31.20020017410104,0.354010459216107,-32.4772170558457,-1.3686342892476837,-3.868132197491633,-6.414645956814212
MIROC,MIROC-ES2L,r1i1p1f2,gn,ssp245,2087-02,2087,2,8.655210454026893,215.04492460912945,-4.133991875310364,-259.64129863555837,-14.73499363124543,-22.3021355222123,-77.1122846011701,10.134918449794124,183.00233533180176,-5.894508530509232,-227.93396157854312,-16.044463560492623,-21.711650424732266,-78.44733031268136,-1.4797079957672317,32.04258927732769,1.7605166551988685,-31.707337057015252,1.309469929247193,-0.590485097480034,1.3350457115112562
MIROC,MIROC-ES2L,r1i1p1f2,gn,ssp245,2087-03,2087,3,50.53994759149539,215.3576953967066,-29.19273358059811,-262.79863954703035,-10.129617018584277,-20.85376221732384,-57.07710937533459,54.092806291519665,188.06797862968583,-35.49560423649597,-233.96499959716866,-12.849913767591977,-19.59824621505587,-59.74797889510697,-3.5528587000242737,27.289716767020764,6.302870655897863,-28.83363994986169,2.7202967490076997,-1.2555160022679708,2.6708695197723813
MIROC,MIROC-ES2L,r1i1p1f2,gn,ssp245,2087-04,2087,4,143.45719599282313,232.98442599606332,-85.11617775045453,-279.87967221142804,-5.268666059333607,-16.868983943043247,-10.691877975372957,153.85297733527165,209.50018751526287,-103.91349209612389,-257.15609699210785,-7.231252400997411,-15.68121571347275,-20.62889235216735,-10.395781342448515,23.484238480800457,18.797314345669363,-22.723575219320196,1.9625863416638039,-1.1877682295704979,9.937014376794394
MIROC,MIROC-ES2L,r1i1p1f2,gn,ssp245,2087-05,2087,5,222.76204704162578,272.7837810096601,-106.83476985885082,-309.6693740568886,-1.365355451138793,-13.80203352951338,63.874295154894284,246.70169500271564,251.0877509758891,-149.22398744547607,-294.09121110661533,-3.5740003779165477,-15.43610176618813,35.4641452824087,-23.93964796108986,21.696030033771024,42.38921758662525,-15.578162950273281,2.2086449267777546,1.63406823667475,28.410149872485583
MIROC,MIROC-ES2L,r1i1p1f2,gn,ssp245,2087-06,2087,6,238.275785725016,300.86703750333464,-72.60367720318719,-326.8302295250904,0.138911468727691,-10.140877570106278,129.70695039869443,262.85967388536494,287.5439359862113,-118.0808217040136,-319.1397551813616,-0.4218753871641016,-12.337941570683821,100.42321602835318,-24.58388816034895,13.323101517123348,45.47714450082641,-7.690474343728795,0.5607868558917926,2.1970640005775426,29.28373437034125
MIROC,MIROC-ES2L,r1i1p1f2,gn,ssp245,2087-07,2087,7,188.73837199608408,315.90308113414216,-33.184100068477214,-336.39424764141637,0.8265439838250702,-7.6757512797126966,128.21389812444502,215.66988252964234,300.5301923815116,-73.02995970405915,-325.46176212074056,0.41270860793022107,-8.39102748653027,109.73003420775422,-26.931510533558253,15.372888752630558,39.84585963558194,-10.932485520675812,0.41383537589484914,0.7152762068175731,18.483863916690808
MIROC,MIROC-ES2L,r1i1p1f2,gn,ssp245,2087-08,2087,8,117.41650910846298,316.39131464402743,-12.295991783084341,-340.5531141107633,-0.49219977017483985,-12.587402687239582,67.87911540122838,135.16208166491174,295.50242311597475,-37.03752417522527,-324.68498651157415,-0.464213324470985,-11.852725721887758,56.625055047728296,-17.745572556448764,20.88889152805268,24.741532392140932,-15.868127599189165,-0.027986445703854834,-0.7346769653518237,11.25406035350008
MIROC,MIROC-ES2L,r1i1p1f2,gn,ssp245,2087-09,2087,9,51.17268534135932,304.5278373204419,-5.312686147284603,-336.41828130797643,-4.320994209869556,-26.55018371732561,-16.90162272065493,61.876713892617204,271.0061090726583,-17.776445273780446,-310.46478726779867,-5.377540528891009,-21.999781321033964,-22.735731426228572,-10.704028551257885,33.521728247783585,12.463759126495843,-25.95349404017776,1.0565463190214528,-4.550402396291645,5.834108705573641
MIROC,MIROC-ES2L,r1i1p1f2,gn,ssp245,2087-10,2087,10,14.526897782693066,277.85969817865674,-2.1405460480737557,-322.9016059712684,-11.184683374021406,-38.74364383272997,-82.5838832647437,16.046420071477925,235.3408133578954,-5.013446595779057,-280.3624820651788,-13.7920859904137,-26.972101580576677,-74.75288280257493,-1.5195222887848594,42.51888482076134,2.8729005477053016,-42.53912390608957,2.607402616392294,-11.771542252153296,-7.831000462168774
MIROC,MIROC-ES2L,r1i1p1f2,gn,ssp245,2087-11,2087,11,2.0475904018382765,256.4828536025288,-0.3569834267522692,-305.3172397799382,-19.74594738546847,-40.00814863047092,-106.89787521826278,2.2346607690379368,206.07834229409005,-0.5505327509983511,-253.947457668769,-19.443062239311498,-26.85452686931898,-92.48257646526984,-0.1870703671996603,50.40451130843874,0.1935493242460819,-51.36978211116917,-0.3028851461569708,-13.153621761151939,-14.415298752992939
MIROC,MIROC-ES2L,r1i1p1f2,gn,ssp245,2087-12,2087,12,0.37018040831719395,235.4857537300749,-0.0702822261368415,-283.34311503278576,-16.884900951635615,-29.59241825502972,-94.03478232719584,0.42759843987767737,191.39597646201616,-0.1463149110530818,-238.8125066111832,-20.102744137502,-25.136428982660664,-92.3744197405051,-0.05741803156048342,44.089777268058725,0.07603268491624031,-44.53060842160255,3.2178431858663856,-4.455989272369056,-1.6603625866907379
MIROC,MIROC-ES2L,r1i1p1f2,gn,ssp245,2088-01,2088,1,1.040859761908504,216.23907979664355,-0.31767736301157024,-261.5109817096802,-16.243191218524498,-25.25324834796386,-86.04515908062808,1.312831520498936,184.4046235989899,-0.6504690083046897,-230.4431739194702,-18.324392791067698,-23.303892736152008,-87.00447333550575,-0.271971758590432,31.83445619765365,0.33279164529311944,-31.067807790209997,2.0812015725432005,-1.9493556118118534,0.9593142548776683
MIROC,MIROC-ES2L,r1i1p1f2,gn,ssp245,2088-02,2088,2,9.645751918448198,213.43763675671494,-4.653137928171169,-261.36536196579635,-16.483651152769248,-26.37036682788014,-85.78912919945378,10.134918449794124,183.00233533180176,-5.894508530509232,-227.93396157854312,-16.044463560492623,-21.711650424732266,-78.44733031268136,-0.48916653134592636,30.435301424913177,1.2413706023380628,-33.431400387253234,-0.4391875922766246,-4.658716403147874,-7.341798886772423
MIROC,MIROC-ES2L,r1i1p1f2,gn,ssp245,2088-03,2088,3,52.05020995532355,203.74275843642184,-30.448530808451174,-254.25237631967178,-14.782974686958152,-24.70599028047432,-68.39690370381007,54.092806291519665,188.06797862968583,-35.49560423649597,-233.96499959716866,-12.849913767591977,-19.59824621505587,-59.74797889510697,-2.0425963361961124,15.674779806736012,5.047073428044797,-20.287376722503126,-1.9330609193661754,-5.107744065418451,-8.6489248087031
MIROC,MIROC-ES2L,r1i1p1f2,gn,ssp245,2088-04,2088,4,141.01140997605165,229.8308511543934,-86.32044288055206,-273.3843291228432,-2.6970410490360552,-12.013725552726944,-3.5732774747131675,153.85297733527165,209.50018751526287,-103.91349209612389,-257.15609699210785,-7.231252400997411,-15.68121571347275,-20.62889235216735,-12.841567359219994,20.330663639130535,17.593049215571824,-16.228232130735364,4.534211351961355,3.667490160745805,17.055614877454182
MIROC,MIROC-ES2L,r1i1p1f2,gn,ssp245,2088-05,2088,5,228.42252325607248,267.8790955826065,-114.68752473721894,-306.94846622384017,-2.6809481465725695,-15.360072491269536,56.62460723977779,246.70169500271564,251.0877509758891,-149.22398744547607,-294.09121110661533,-3.5740003779165477,-15.43610176618813,35.4641452824087,-18.279171746643158,16.791344606717416,34.53646270825713,-12.857255117224838,0.8930522313439782,0.07602927491859468,21.160461957369087
MIROC,MIROC-ES2L,r1i1p1f2,gn,ssp245,2088-06,2088,6,237.0398619705498,301.0818757931025,-78.05129735382648,-326.28977887735505,-0.2180331912835284,-9.812424996925586,123.75020334426162,262.85967388536494,287.5439359862113,-118.0808217040136,-319.1397551813616,-0.4218753871641016,-12.337941570683821,100.42321602835318,-25.819811914815148,13.537939806891188,40.02952435018712,-7.150023695993468,0.2038421958805732,2.5255165737582352,23.32698731590844
MIROC,MIROC-ES2L,r1i1p1f2,gn,ssp245,2088-07,2088,7,202.05109440839502,315.3572642436542,-38.67068979876545,-337.614058282394,0.3287024518169444,-10.126808271186642,131.32550475152001,215.66988252964234,300.5301923815116,-73.02995970405915,-325.46176212074056,0.41270860793022107,-8.39102748653027,109.73003420775422,-13.61878812124732,14.827071862142589,34.3592699052937,-12.152296161653453,-0.08400615611327666,-1.735780784656372,21.5954705437658
MIROC,MIROC-ES2L,r1i1p1f2,gn,ssp245,2088-08,2088,8,121.04290151002104,315.07475852890053,-13.518055897788525,-341.13641550119087,0.06350350449821952,-13.388715332057133,68.13797681238327,135.16208166491174,295.50242311597475,-37.03752417522527,-324.68498651157415,-0.464213324470985,-11.852725721887758,56.625055047728296,-14.1191801548907,19.57233541292578,23.519468277436747,-16.451428989616716,0.5277168289692046,-1.5359896101693753,11.512921764654976
MIROC,MIROC-ES2L,r1i1p1f2,gn,ssp245,2088-09,2088,9,57.31274423097386,295.55843028066755,-6.688475210333342,-334.9326206660484,-3.8533038784389393,-29.5952038728582,-22.198429116037513,61.876713892617204,271.0061090726583,-17.776445273780446,-310.46478726779867,-5.377540528891009,-21.999781321033964,-22.735731426228572,-4.563969661643341,24.552321208009232,11.087970063447104,-24.467833398249752,1.5242366504520697,-7.595422551824235,0.537302310191059
MIROC,MIROC-ES2L,r1i1p1f2,gn,ssp245,2088-10,2088,10,15.663942295948166,268.1588331048205,-2.3681642044903506,-319.19185813741575,-15.440987894155388,-44.30290362368364,-97.48113845897649,16.046420071477925,235.3408133578954,-5.013446595779057,-280.3624820651788,-13.7920859904137,-26.972101580576677,-74.75288280257493,-0.38247777552975926,32.818019746925074,2.6452823912887067,-38.829376072236926,-1.648901903741688,-17.330802043106964,-22.728255656401558
MIROC,MIROC-ES2L,r1i1p1f2,gn,ssp245,2088-11,2088,11,2.295334633462881,249.75416209981597,-0.4163256310176257,-299.9642703011353,-21.50027492793604,-43.418294161996435,-113.24966828880653,2.2346607690379368,206.07834229409005,-0.5505327509983511,-253.947457668769,-19.443062239311498,-26.85452686931898,-92.48257646526984,0.060673864424944046,43.67581980572592,0.13420711998072538,-46.01681263236628,-2.057212688624542,-16.563767292677454,-20.76709182353669
MIROC,MIROC-ES2L,r1i1p1f2,gn,ssp245,2088-12,2088,12,0.3614458172748846,235.03281912543778,-0.06564738351095752,-280.4124144595993,-10.876401374950394,-23.89584663160465,-79.8560449069526,0.42759843987767737,191.39597646201616,-0.1463149110530818,-238.8125066111832,-20.102744137502,-25.136428982660664,-92.3744197405051,-0.06615262260279275,43.63684266342162,0.08066752754212429,-41.59990784841608,9.226342762551607,1.240582351056016,12.5183748335525
MIROC,MIROC-ES2L,r1i1p1f2,gn,ssp245,2089-01,2089,1,1.129458506480771,214.83754275158316,-0.3267331448565142,-265.5011184509599,-16.041524820637825,-27.160257037285398,-93.06263219567569,1.312831520498936,184.4046235989899,-0.6504690083046897,-230.4431739194702,-18.324392791067698,-23.303892736152008,-87.00447333550575,-0.18337301401816508,30.432919152593257,0.32373586344817545,-35.05794453148968,2.282867970429873,-3.8563643011333895,-6.058158860169939
MIROC,MIROC-ES2L,r1i1p1f2,gn,ssp245,2089-02,2089,2,8.86666028767604,212.4870003532294,-3.735898461263098,-261.5273406952225,-15.710876371026224,-28.389296014565996,-88.00975090117238,10.134918449794124,183.00233533180176,-5.894508530509232,-227.93396157854312,-16.044463560492623,-21.711650424732266,-78.44733031268136,-1.2682581621180837,29.484665021427645,2.158610069246134,-33.59337911667939,0.33358718946639954,-6.67764558983373,-9.562420588491022
MIROC,MIROC-ES2L,r1i1p1f2,gn,ssp245,2089-03,2089,3,51.507940474212766,211.01651393631263,-27.22892468501846,-263.37293016485575,-19.48250376279077,-32.4212190414568,-79.98112324359639,54.092806291519665,188.06797862968583,-35.49560423649597,-233.96499959716866,-12.849913767591977,-19.59824621505587,-59.74797889510697,-2.5848658173068984,22.94853530662681,8.266679551477512,-29.40793056768709,-6.632589995198794,-12.822972826400932,-20.233144348489418
MIROC,MIROC-ES2L,r1i1p1f2,gn,ssp245,2089-04,2089,4,142.02600454471298,233.7609496934868,-77.85205342750906,-282.653730069118,-8.599780930092022,-22.200010995274813,-15.518621183794155,153.85297733527165,209.50018751526287,-103.91349209612389,-257.15609699210785,-7.231252400997411,-15.68121571347275,-20.62889235216735,-11.82697279055867,24.260762178223928,26.061438668614826,-25.497633077010164,-1.3685285290946112,-6.518795281802063,5.110271168373197
MIROC,MIROC-ES2L,r1i1p1f2,gn,ssp245,2089-05,2089,5,224.85052072191232,274.691902138464,-98.19498918026068,-313.079983584022,-1.9723091151975638,-17.265192759859847,69.02994822103622,246.70169500271564,251.0877509758891,-149.22398744547607,-294.09121110661533,-3.5740003779165477,-15.43610176618813,35.4641452824087,-21.85117428080332,23.604151162574908,51.02899826521539,-18.988772477406656,1.6016912627189839,-1.8290909936717163,33.56580293862752
MIROC,MIROC-ES2L,r1i1p1f2,gn,ssp245,2089-06,2089,6,240.37159372490117,301.5525893009452,-68.36584284920394,-328.0212570694018,-0.2408242381012925,-8.892732069870762,136.40352679926852,262.85967388536494,287.5439359862113,-118.0808217040136,-319.1397551813616,-0.4218753871641016,-12.337941570683821,100.42321602835318,-22.488080160463767,14.00865331473392,49.71497885480966,-8.881501888040248,0.1810511490628091,3.4452095008130588,35.98031077091534
MIROC,MIROC-ES2L,r1i1p1f2,gn,ssp245,2089-07,2089,7,194.72061212567607,314.5203948635626,-30.24157881204448,-338.57879643103627,-0.7362631556355521,-7.900183323020642,131.78418526750173,215.66988252964234,300.5301923815116,-73.02995970405915,-325.46176212074056,0.41270860793022107,-8.39102748653027,109.73003420775422,-20.949270403966267,13.990202482051018,42.78838089201467,-13.117034310295708,-1.1489717635657732,0.49084416350962723,22.05415105974751
MIROC,MIROC-ES2L,r1i1p1f2,gn,ssp245,2089-08,2089,8,122.7822871511492,313.8595221288823,-12.308013136195418,-343.74193501119163,-1.5790039382839125,-16.55893139965111,62.45392579470942,135.16208166491174,295.50242311597475,-37.03752417522527,-324.68498651157415,-0.464213324470985,-11.852725721887758,56.625055047728296,-12.379794513762533,18.357099012907554,24.729511039029852,-19.056948499617477,-1.1147906138129275,-4.706205677763354,5.828870746981124
MIROC,MIROC-ES2L,r1i1p1f2,gn,ssp245,2089-09,2089,9,55.17226940432725,298.94232009470824,-5.795466004011582,-336.9430783029206,-4.914238891847583,-30.0421314764064,-23.580325176150648,61.876713892617204,271.0061090726583,-17.776445273780446,-310.46478726779867,-5.377540528891009,-21.999781321033964,-22.735731426228572,-6.704444488289951,27.936211022049918,11.980979269768863,-26.478291035121913,0.4633016370434264,-8.042350155372436,-0.8445937499220761
MIROC,MIROC-ES2L,r1i1p1f2,gn,ssp245,2089-10,2089,10,15.299042978698202,273.3759523399083,-2.250318033230967,-323.83086267865536,-13.061107082759007,-43.54604251655606,-94.01333499259489,16.046420071477925,235.3408133578954,-5.013446595779057,-280.3624820651788,-13.7920859904137,-26.972101580576677,-74.75288280257493,-0.7473770927797236,38.03513898201288,2.7631285625480904,-43.46838061347654,0.7309789076546931,-16.57394093597938,-19.26045219001996
MIROC,MIROC-ES2L,r1i1p1f2,gn,ssp245,2089-11,2089,11,2.211420596039343,250.30273757232507,-0.3907300452646011,-304.20513964297123,-23.33035572907479,-44.64321231230426,-120.05527956125047,2.2346607690379368,206.07834229409005,-0.5505327509983511,-253.947457668769,-19.443062239311498,-26.85452686931898,-92.48257646526984,-0.0232401729985936,44.22439527823502,0.15980270573375,-50.25768197420223,-3.887293489763291,-17.788685442985276,-27.57270309598063
MIROC,MIROC-ES2L,r1i1p1f2,gn,ssp245,2089-12,2089,12,0.33506966790906517,233.3653568629719,-0.05593319590272957,-281.24061972462925,-15.073728095417056,-26.755825262522677,-89.42567974759073,0.42759843987767737,191.39597646201616,-0.1463149110530818,-238.8125066111832,-20.102744137502,-25.136428982660664,-92.3744197405051,-0.0925287719686122,41.96938040095574,0.09038171515035223,-42.428113113446045,5.029016042084944,-1.6193962798620127,2.948739992914369
MIROC,MIROC-ES2L,r1i1p1f2,gn,ssp245,2090-01,2090,1,1.1289415707352815,220.7306596640445,-0.28487913533627346,-270.530613836656,-21.758810999239028,-31.936343482603405,-102.65104621905492,1.312831520498936,184.4046235989899,-0.6504690083046897,-230.4431739194702,-18.324392791067698,-23.303892736152008,-87.00447333550575,-0.18388994976365458,36.32603606505461,0.3655898729684162,-40.087439917185804,-3.43441820817133,-8.632450746451397,-15.646572883549169
MIROC,MIROC-ES2L,r1i1p1f2,gn,ssp245,2090-02,2090,2,9.070336016030483,211.07147738627125,-4.058481632231255,-259.6345959458402,-18.027597115267803,-26.32754804211946,-87.90640933315697,10.134918449794124,183.00233533180176,-5.894508530509232,-227.93396157854312,-16.044463560492623,-21.711650424732266,-78.44733031268136,-1.0645824337636416,28.069142054469495,1.8360268982779768,-31.700634367297084,-1.9831335547751792,-4.615897617387194,-9.459079020475613
MIROC,MIROC-ES2L,r1i1p1f2,gn,ssp245,2090-03,2090,3,50.931450146613415,211.83555848889915,-28.219412241708515,-262.4109227164842,-19.06576033468453,-30.37404929359799,-77.30313595096266,54.092806291519665,188.06797862968583,-35.49560423649597,-233.96499959716866,-12.849913767591977,-19.59824621505587,-59.74797889510697,-3.16135614490625,23.767579859213328,7.276191994787457,-28.44592311931555,-6.215846567092553,-10.775803078542122,-17.555157055855688
MIROC,MIROC-ES2L,r1i1p1f2,gn,ssp245,2090-04,2090,4,138.4816186054957,239.12395526984835,-79.37415487083658,-283.35162313210276,-4.669431162910378,-17.952205317740034,-7.741840608245756,153.85297733527165,209.50018751526287,-103.91349209612389,-257.15609699210785,-7.231252400997411,-15.68121571347275,-20.62889235216735,-15.371358729775949,29.623767754585487,24.539337225287312,-26.19552613999491,2.561821238087033,-2.2709896042672852,12.887051743921596
MIROC,MIROC-ES2L,r1i1p1f2,gn,ssp245,2090-05,2090,5,217.65756798266807,276.18768809955134,-98.7987499705607,-311.8549436508496,-1.2391801341940374,-15.930781233713176,66.02160109290189,246.70169500271564,251.0877509758891,-149.22398744547607,-294.09121110661533,-3.5740003779165477,-15.43610176618813,35.4641452824087,-29.04412702004757,25.099937123662244,50.42523747491536,-17.763732544234244,2.3348202437225103,-0.4946794675250459,30.557455810493188
MIROC,MIROC-ES2L,r1i1p1f2,gn,ssp245,2090-06,2090,6,248.19386654265344,297.6950245285663,-68.6434597283822,-326.88313768864407,-1.4235886693157709,-10.634481263271061,138.30422372160666,262.85967388536494,287.5439359862113,-118.0808217040136,-319.1397551813616,-0.4218753871641016,-12.337941570683821,100.42321602835318,-14.665807342711503,10.151088542355012,49.437361975631404,-7.74338250728249,-1.0017132821516692,1.7034603074127599,37.88100769325348
MIROC,MIROC-ES2L,r1i1p1f2,gn,ssp245,2090-07,2090,7,192.71752088660148,312.68413100729674,-28.497413634820564,-336.06473127471935,0.6724191108439541,-8.719664009652165,132.79226208555008,215.66988252964234,300.5301923815116,-73.02995970405915,-325.46176212074056,0.41270860793022107,-8.39102748653027,109.73003420775422,-22.95236164304086,12.153938625785145,44.53254606923859,-10.60296915397879,0.25971050291373304,-0.3286365231218955,23.062227877795863
MIROC,MIROC-ES2L,r1i1p1f2,gn,ssp245,2090-08,2090,8,114.85594893047146,317.64096923081365,-10.072896879061165,-341.4040134690649,-0.21332561070988998,-12.317021626547156,68.48966057590201,135.16208166491174,295.50242311597475,-37.03752417522527,-324.68498651157415,-0.464213324470985,-11.852725721887758,56.625055047728296,-20.306132734440283,22.138546114838903,26.964627296164107,-16.71902695749077,0.25088771376109503,-0.46429590465939796,11.864605528173712
MIROC,MIROC-ES2L,r1i1p1f2,gn,ssp245,2090-09,2090,9,53.854510985344575,298.60893905565445,-5.710245968256635,-336.5299263260076,-4.3821353812787756,-26.897163080896743,-21.056020715440752,61.876713892617204,271.0061090726583,-17.776445273780446,-310.46478726779867,-5.377540528891009,-21.999781321033964,-22.735731426228572,-8.022202907272629,27.602829982996127,12.06619930552381,-26.065139058208956,0.9954051476122334,-4.897381759862778,1.6797107107878197
MIROC,MIROC-ES2L,r1i1p1f2,gn,ssp245,2090-10,2090,10,14.23193726675713,273.2850418251241,-2.1355670700169394,-323.3041998391645,-12.562360283148681,-38.948570208305696,-89.43371830875454,16.046420071477925,235.3408133578954,-5.013446595779057,-280.3624820651788,-13.7920859904137,-26.972101580576677,-74.75288280257493,-1.8144828047207948,37.9442284672287,2.877879525762118,-42.94171777398566,1.2297257072650183,-11.97646862772902,-14.680835506179605
MIROC,MIROC-ES2L,r1i1p1f2,gn,ssp245,2090-11,2090,11,2.1843730031549162,248.12062707278383,-0.37664876242652134,-304.12887890493295,-23.350718094429418,-45.8040030831506,-123.35524876900075,2.2346607690379368,206.07834229409005,-0.5505327509983511,-253.947457668769,-19.443062239311498,-26.85452686931898,-92.48257646526984,-0.05028776588302053,42.042284778693784,0.17388398857182974,-50.18142123616394,-3.9076558551179197,-18.949476213831616,-30.87267230373091
MIROC,MIROC-ES2L,r1i1p1f2,gn,ssp245,2090-12,2090,12,0.3749493997406339,237.01889887061392,-0.07011054579832159,-285.89514038167056,-21.870465825015753,-36.52600450593251,-106.96787298806257,0.42759843987767737,191.39597646201616,-0.1463149110530818,-238.8125066111832,-20.102744137502,-25.136428982660664,-92.3744197405051,-0.05264904013704347,45.62292240859776,0.07620436525476022,-47.08263377048735,-1.7677216875137525,-11.389575523271848,-14.593453247557463
MIROC,MIROC-ES2L,r1i1p1f2,gn,ssp245,2091-01,2091,1,1.118451874749201,236.72093478802438,-0.32765588071132534,-279.7265498278771,-13.854032318002867,-26.296789712936906,-82.36564107675457,1.312831520498936,184.4046235989899,-0.6504690083046897,-230.4431739194702,-18.324392791067698,-23.303892736152008,-87.00447333550575,-0.1943796457497351,52.31631118903448,0.32281312759336434,-49.28337590840687,4.470360473064831,-2.9928969767848983,4.638832258751179
MIROC,MIROC-ES2L,r1i1p1f2,gn,ssp245,2091-02,2091,2,8.929393648962266,219.29362117706333,-4.208745067887966,-264.56810242369295,-16.014807678200494,-25.240434186980288,-81.8090745307361,10.134918449794124,183.00233533180176,-5.894508530509232,-227.93396157854312,-16.044463560492623,-21.711650424732266,-78.44733031268136,-1.2055248008318582,36.29128584526157,1.6857634626212663,-36.63414084514983,0.02965588229212912,-3.528783762248022,-3.3617442180547386
MIROC,MIROC-ES2L,r1i1p1f2,gn,ssp245,2091-03,2091,3,50.28968428853557,213.07433628927322,-29.23177771794315,-260.30566557829997,-13.855229109405633,-23.228088713417094,-63.25674054125705,54.092806291519665,188.06797862968583,-35.49560423649597,-233.96499959716866,-12.849913767591977,-19.59824621505587,-59.74797889510697,-3.8031220029840966,25.006357659587394,6.263826518552822,-26.34066598113131,-1.005315341813656,-3.6298424983612243,-3.5087616461500843
MIROC,MIROC-ES2L,r1i1p1f2,gn,ssp245,2091-04,2091,4,144.0085233089496,233.3836425348631,-83.95459572781964,-281.7119709923439,-7.879565273933795,-21.801860111642405,-17.955826261927054,153.85297733527165,209.50018751526287,-103.91349209612389,-257.15609699210785,-7.231252400997411,-15.68121571347275,-20.62889235216735,-9.84445402632204,23.883455019600234,19.958896368304252,-24.55587400023603,-0.6483128729363843,-6.120644398169656,2.6730660902402974
MIROC,MIROC-ES2L,r1i1p1f2,gn,ssp245,2091-05,2091,5,221.25846193038268,276.28696697028886,-95.69742317774347,-313.4782286542334,-2.9959124620357875,-17.44452133892739,67.92934326773147,246.70169500271564,251.0877509758891,-149.22398744547607,-294.09121110661533,-3.5740003779165477,-15.43610176618813,35.4641452824087,-25.44323307233296,25.199215994399765,53.526564267732596,-19.387017547618086,0.5780879158807601,-2.0084195727392604,32.46519798532277
MIROC,MIROC-ES2L,r1i1p1f2,gn,ssp245,2091-06,2091,6,248.2012849615547,297.91969498379376,-63.79444353276521,-326.91251680959334,-1.0074800338702592,-11.576987718372122,142.82955185074755,262.85967388536494,287.5439359862113,-118.0808217040136,-319.1397551813616,-0.4218753871641016,-12.337941570683821,100.42321602835318,-14.658388923810236,10.375758997582466,54.286378171248394,-7.772761628231763,-0.5856046467061575,0.7609538523116992,42.40633582239437
MIROC,MIROC-ES2L,r1i1p1f2,gn,ssp245,2091-07,2091,7,197.8142169994737,318.07087308504777,-22.14651476969936,-340.1853971594633,-0.1517624666251469,-6.598604589826628,146.80281109890703,215.66988252964234,300.5301923815116,-73.02995970405915,-325.46176212074056,0.41270860793022107,-8.39102748653027,109.73003420775422,-17.855665530168636,17.540680703536168,50.883444934359794,-14.723635038722762,-0.5644710745553679,1.7924228967036413,37.07277689115281
MIROC,MIROC-ES2L,r1i1p1f2,gn,ssp245,2091-08,2091,8,115.65067337232135,319.0940687649858,-9.827993031650156,-345.3357231977277,-0.8877195211180884,-14.547710128533112,64.1455962582781,135.16208166491174,295.50242311597475,-37.03752417522527,-324.68498651157415,-0.464213324470985,-11.852725721887758,56.625055047728296,-19.51140829259039,23.59164564901107,27.209531143575116,-20.65073668615355,-0.4235061966471034,-2.6949844066453537,7.520541210549808
MIROC,MIROC-ES2L,r1i1p1f2,gn,ssp245,2091-09,2091,9,53.664983828652936,302.99867723113744,-5.5355199450058885,-339.3374677219508,-3.5626766258684666,-26.87102245066689,-18.643025683701715,61.876713892617204,271.0061090726583,-17.776445273780446,-310.46478726779867,-5.377540528891009,-21.999781321033964,-22.735731426228572,-8.211730063964268,31.992568158479116,12.240925328774559,-28.872680454152146,1.8148639030225424,-4.871241129632924,4.0927057425268565
MIROC,MIROC-ES2L,r1i1p1f2,gn,ssp245,2091-10,2091,10,14.535608125064055,279.8465459584216,-2.009113840783699,-326.9718077847906,-11.900741660705904,-41.26834194269416,-87.76785114548869,16.046420071477925,235.3408133578954,-5.013446595779057,-280.3624820651788,-13.7920859904137,-26.972101580576677,-74.75288280257493,-1.5108119464138703,44.50573260052619,3.0043327549953585,-46.609325719611775,1.8913443297077954,-14.29624036211748,-13.014968342913761
MIROC,MIROC-ES2L,r1i1p1f2,gn,ssp245,2091-11,2091,11,1.9495858276155362,258.08786674148956,-0.335666398197972,-310.51658146121855,-21.287688679523423,-44.09180817206217,-116.19429214189705,2.2346607690379368,206.07834229409005,-0.5505327509983511,-253.947457668769,-19.443062239311498,-26.85452686931898,-92.48257646526984,-0.28507494142240053,52.009524447399514,0.21486635280037908,-56.569123792449545,-1.8446264402119255,-17.23728130274319,-23.711715676627207
MIROC,MIROC-ES2L,r1i1p1f2,gn,ssp245,2091-12,2091,12,0.3937535825634271,234.2123900936959,-0.07644980216811918,-288.80576485034715,-25.104875043720032,-40.94416086327059,-120.32510688324658,0.42759843987767737,191.39597646201616,-0.1463149110530818,-238.8125066111832,-20.102744137502,-25.136428982660664,-92.3744197405051,-0.0338448573142503,42.81641363167972,0.06986510888496263,-49.993258239163936,-5.0021309062180315,-15.807731880609925,-27.950687142741472
MIROC,MIROC-ES2L,r1i1p1f2,gn,ssp245,2092-01,2092,1,1.0863636175486107,216.2731621609559,-0.2960661341716251,-266.61114583812923,-17.941854736553566,-27.867505247596434,-95.35704617794636,1.312831520498936,184.4046235989899,-0.6504690083046897,-230.4431739194702,-18.324392791067698,-23.303892736152008,-87.00447333550575,-0.22646790295032537,31.868538561966005,0.3544028741330646,-36.16797191865902,0.38253805451413214,-4.5636125114444255,-8.352572842440608
MIROC,MIROC-ES2L,r1i1p1f2,gn,ssp245,2092-02,2092,2,8.815993383591291,217.9831817409518,-3.8769971219424955,-263.49612386528946,-14.2445420972299,-24.56292394937475,-79.38141190929352,10.134918449794124,183.00233533180176,-5.894508530509232,-227.93396157854312,-16.044463560492623,-21.711650424732266,-78.44733031268136,-1.3189250662028336,34.98084640915005,2.0175114085667367,-35.56216228674634,1.7999214632627236,-2.851273524642483,-0.9340815966121596
MIROC,MIROC-ES2L,r1i1p1f2,gn,ssp245,2092-03,2092,3,51.86211001427853,210.89969662245701,-29.09211867336709,-259.6333765289593,-10.534830601446306,-21.899638097283553,-58.3981572643207,54.092806291519665,188.06797862968583,-35.49560423649597,-233.96499959716866,-12.849913767591977,-19.59824621505587,-59.74797889510697,-2.2306962772411367,22.83171799277119,6.403485563128882,-25.66837693179062,2.315083166145671,-2.3013918822276835,1.3498216307862663
MIROC,MIROC-ES2L,r1i1p1f2,gn,ssp245,2092-04,2092,4,139.38648495322968,236.59966692084993,-82.93142589930403,-280.0336938267564,-6.211904425812756,-17.09640344273169,-10.287275720525274,153.85297733527165,209.50018751526287,-103.91349209612389,-257.15609699210785,-7.231252400997411,-15.68121571347275,-20.62889235216735,-14.466492382041963,27.09947940558706,20.982066196819858,-22.877596834648557,1.0193479751846546,-1.4151877292589425,10.341616631642077
MIROC,MIROC-ES2L,r1i1p1f2,gn,ssp245,2092-05,2092,5,226.94762671016187,272.0123277273635,-104.20232770734592,-311.04447092642937,-3.0415580235212936,-18.20202167570892,62.4695761045199,246.70169500271564,251.0877509758891,-149.22398744547607,-294.09121110661533,-3.5740003779165477,-15.43610176618813,35.4641452824087,-19.754068292553768,20.924576751474433,45.021659738130154,-16.953259819814036,0.5324423543952541,-2.7659199095207896,27.0054308221112
MIROC,MIROC-ES2L,r1i1p1f2,gn,ssp245,2092-06,2092,6,234.72954399278046,303.4800554225145,-64.66915285727589,-327.8686352081328,0.7430313398397651,-7.918938850659891,138.4959038390662,262.85967388536494,287.5439359862113,-118.0808217040136,-319.1397551813616,-0.4218753871641016,-12.337941570683821,100.42321602835318,-28.130129892584478,15.936119436303215,53.41166884673771,-8.728880026771208,1.1649067270038667,4.41900272002393,38.072687810713006
MIROC,MIROC-ES2L,r1i1p1f2,gn,ssp245,2092-07,2092,7,191.13621826300138,316.7168668846802,-29.73137227596991,-338.0808651271388,0.034078190907068706,-7.752494040655376,132.32243189482455,215.66988252964234,300.5301923815116,-73.02995970405915,-325.46176212074056,0.41270860793022107,-8.39102748653027,109.73003420775422,-24.533664266640955,16.186674503168604,43.29858742808924,-12.619103006398234,-0.37863041702315237,0.6385334458748932,22.59239768707033
MIROC,MIROC-ES2L,r1i1p1f2,gn,ssp245,2092-08,2092,8,117.193711415905,316.62893462885853,-10.801400880240088,-342.4490477774051,-0.2965701294424678,-13.551962746188563,66.72366451148733,135.16208166491174,295.50242311597475,-37.03752417522527,-324.68498651157415,-0.464213324470985,-11.852725721887758,56.625055047728296,-17.96837024900674,21.12651151288378,26.236123294985184,-17.764061265830946,0.1676431950285172,-1.699237024300805,10.098609463759033
MIROC,MIROC-ES2L,r1i1p1f2,gn,ssp245,2092-09,2092,9,52.56790873731819,303.1638676292221,-5.4834042254135875,-337.63822342299716,-4.103170490577415,-28.02139713920678,-19.514418911654644,61.876713892617204,271.0061090726583,-17.776445273780446,-310.46478726779867,-5.377540528891009,-21.999781321033964,-22.735731426228572,-9.308805155299012,32.157758556563806,12.29304104836686,-27.173436155198488,1.2743700383135943,-6.021615818172815,3.2213125145739276
MIROC,MIROC-ES2L,r1i1p1f2,gn,ssp245,2092-10,2092,10,15.303078184083049,277.38668752106895,-2.2311128222692815,-324.50307250428165,-11.947318192747124,-40.11899105709335,-86.11072887123939,16.046420071477925,235.3408133578954,-5.013446595779057,-280.3624820651788,-13.7920859904137,-26.972101580576677,-74.75288280257493,-0.7433418873948767,42.04587416317355,2.7823337735097757,-44.14059043910282,1.8447677976665755,-13.146889476516677,-11.357846068664458
MIROC,MIROC-ES2L,r1i1p1f2,gn,ssp245,2092-11,2092,11,2.041380541807453,255.070292343179,-0.3434428972346402,-303.7850474052271,-20.395212001181758,-39.098027383117426,-106.51005680177448,2.2346607690379368,206.07834229409005,-0.5505327509983511,-253.947457668769,-19.443062239311498,-26.85452686931898,-92.48257646526984,-0.19328022723048388,48.991950049088956,0.20708985376371086,-49.837589736458085,-0.9521497618702597,-12.243500513798445,-14.027480336504638
MIROC,MIROC-ES2L,r1i1p1f2,gn,ssp245,2092-12,2092,12,0.38820483644385867,231.90159147313094,-0.07355611293126632,-280.58290281265937,-19.38774682799305,-32.27328963155701,-100.02769907556592,0.42759843987767737,191.39597646201616,-0.1463149110530818,-238.8125066111832,-20.102744137502,-25.136428982660664,-92.3744197405051,-0.0393936034338187,40.50561501111477,0.07275879812181549,-41.77039620147616,0.7149973095089521,-7.136860648896349,-7.653279335060816
MIROC,MIROC-ES2L,r1i1p1f2,gn,ssp245,2093-01,2093,1,1.22524341867672,212.54809779575632,-0.41362757109629295,-262.8012607206193,-20.587484025459275,-30.048248786382604,-100.07727988912447,1.312831520498936,184.4046235989899,-0.6504690083046897,-230.4431739194702,-18.324392791067698,-23.303892736152008,-87.00447333550575,-0.08758810182221599,28.14347419676642,0.23684143720839673,-32.35808680114911,-2.2630912343915774,-6.744356050230596,-13.072806553618719
MIROC,MIROC-ES2L,r1i1p1f2,gn,ssp245,2093-02,2093,2,9.0389483138022,223.1435267134715,-4.58946543230617,-263.21136330297355,-9.39109680743458,-21.26122170728535,-66.27067222272598,10.134918449794124,183.00233533180176,-5.894508530509232,-227.93396157854312,-16.044463560492623,-21.711650424732266,-78.44733031268136,-1.0959701359919247,40.14119138166973,1.305043098203062,-35.27740172443043,6.653366753058043,0.4504287174469148,12.176658089955382
MIROC,MIROC-ES2L,r1i1p1f2,gn,ssp245,2093-03,2093,3,48.32030087534467,231.90892887272852,-27.35631763949481,-272.09924980045366,-7.957098612866386,-23.393927090015627,-50.57736339475731,54.092806291519665,188.06797862968583,-35.49560423649597,-233.96499959716866,-12.849913767591977,-19.59824621505587,-59.74797889510697,-5.772505416174994,43.8409502430427,8.13928659700116,-38.134250203285006,4.89281515472559,-3.795680874959757,9.170615500349655
MIROC,MIROC-ES2L,r1i1p1f2,gn,ssp245,2093-04,2093,4,134.34770202373295,243.45002216994376,-78.03949866637501,-283.6429483530178,-3.9885776460103464,-17.464148583558973,-5.337449055285473,153.85297733527165,209.50018751526287,-103.91349209612389,-257.15609699210785,-7.231252400997411,-15.68121571347275,-20.62889235216735,-19.505275311538696,33.9498346546809,25.87399342974888,-26.486851360909952,3.2426747549870645,-1.7829328700862241,15.291443296881878
MIROC,MIROC-ES2L,r1i1p1f2,gn,ssp245,2093-05,2093,5,219.1544469186331,278.95109508197265,-94.2185917463716,-315.15310367514473,-2.199029970579553,-17.473987426987083,69.06082918152276,246.70169500271564,251.0877509758891,-149.22398744547607,-294.09121110661533,-3.5740003779165477,-15.43610176618813,35.4641452824087,-27.547248084082526,27.86334410608356,55.00539569910447,-21.0618925685294,1.3749704073369946,-2.0378856607989526,33.59668389911406
MIROC,MIROC-ES2L,r1i1p1f2,gn,ssp245,2093-06,2093,6,242.76669496774323,299.8016077055141,-65.47114985253515,-328.47417936366264,-0.6881589037716209,-11.515213535022967,136.41960101826493,262.85967388536494,287.5439359862113,-118.0808217040136,-319.1397551813616,-0.4218753871641016,-12.337941570683821,100.42321602835318,-20.092978917621707,12.257671719302778,52.60967185147845,-9.334424182301063,-0.2662835166075193,0.8227280356608535,35.996384989911746
MIROC,MIROC-ES2L,r1i1p1f2,gn,ssp245,2093-07,2093,7,198.4011454068763,316.321471626742,-26.20890844744266,-340.11346902259845,-0.4320340978406168,-8.828013391817414,139.1401920739191,215.66988252964234,300.5301923815116,-73.02995970405915,-325.46176212074056,0.41270860793022107,-8.39102748653027,109.73003420775422,-17.268737122766026,15.791279245230385,46.82105125661649,-14.651706901857892,-0.8447427057708379,-0.43698590528714476,29.410157866164894
MIROC,MIROC-ES2L,r1i1p1f2,gn,ssp245,2093-08,2093,8,117.03333869595079,318.78062530191875,-10.192077423235164,-344.8770760431585,-0.48462947318329314,-13.662390182514663,66.59779087577792,135.16208166491174,295.50242311597475,-37.03752417522527,-324.68498651157415,-0.464213324470985,-11.852725721887758,56.625055047728296,-18.12874296896095,23.278202185943996,26.84544675199011,-20.192089531584372,-0.020416148712308124,-1.8096644606269052,9.972735828049622
MIROC,MIROC-ES2L,r1i1p1f2,gn,ssp245,2093-09,2093,9,51.32130745380758,305.85070091967674,-5.258011383453231,-339.9138952901476,-3.277624206620525,-27.295809823692633,-18.573332330429615,61.876713892617204,271.0061090726583,-17.776445273780446,-310.46478726779867,-5.377540528891009,-21.999781321033964,-22.735731426228572,-10.555406438809626,34.84459184701842,12.518433890327216,-29.449108022348923,2.099916322270484,-5.296028502658668,4.162399095798957
MIROC,MIROC-ES2L,r1i1p1f2,gn,ssp245,2093-10,2093,10,14.558903414027768,280.6340112477825,-2.0236598194776794,-327.4511613057742,-10.947226319147669,-40.88243818307808,-86.11157096566734,16.046420071477925,235.3408133578954,-5.013446595779057,-280.3624820651788,-13.7920859904137,-26.972101580576677,-74.75288280257493,-1.4875166574501577,45.2931978898871,2.989786776301378,-47.088679240595354,2.844859671266031,-13.910336602501403,-11.35868816309241
MIROC,MIROC-ES2L,r1i1p1f2,gn,ssp245,2093-11,2093,11,2.2523886406354547,256.81401393204004,-0.41344721908520354,-310.05338680973495,-22.311784334531964,-49.127025521404825,-122.83924131208144,2.2346607690379368,206.07834229409005,-0.5505327509983511,-253.947457668769,-19.443062239311498,-26.85452686931898,-92.48257646526984,0.017727871597517986,50.73567163794999,0.13708553191314754,-56.10592914096594,-2.868722095220466,-22.272498652085844,-30.356664846811597
MIROC,MIROC-ES2L,r1i1p1f2,gn,ssp245,2093-12,2093,12,0.3893079354518184,232.00750179406148,-0.07528047864983443,-287.6627501342097,-25.143244292113227,-40.319771214906574,-120.80423639036604,0.42759843987767737,191.39597646201616,-0.1463149110530818,-238.8125066111832,-20.102744137502,-25.136428982660664,-92.3744197405051,-0.03829050442585896,40.61152533204532,0.07103443240324737,-48.850243523026506,-5.040500154611227,-15.18334223224591,-28.42981664986094
MIROC,MIROC-ES2L,r1i1p1f2,gn,ssp245,2094-01,2094,1,1.138822239726054,221.73169333068154,-0.3243772724208909,-272.2409912135988,-20.225624036989338,-31.889793100291154,-101.81027005289259,1.312831520498936,184.4046235989899,-0.6504690083046897,-230.4431739194702,-18.324392791067698,-23.303892736152008,-87.00447333550575,-0.17400928077288214,37.32706973169164,0.32609173588379875,-41.797817294128606,-1.9012312459216396,-8.585900364139146,-14.80579671738684
MIROC,MIROC-ES2L,r1i1p1f2,gn,ssp245,2094-02,2094,2,9.64805922184952,216.17194476917305,-4.101894993982519,-266.32890635145844,-16.892533428752007,-30.301681918387754,-91.80501270155816,10.134918449794124,183.00233533180176,-5.894508530509232,-227.93396157854312,-16.044463560492623,-21.711650424732266,-78.44733031268136,-0.48685922794460446,33.16960943737129,1.792613536526713,-38.39494477291532,-0.8480698682593832,-8.590031493655488,-13.357682388876796
MIROC,MIROC-ES2L,r1i1p1f2,gn,ssp245,2094-03,2094,3,49.5711828612299,216.25536574352282,-28.14629371582694,-264.4583248340072,-14.500226047864704,-26.970377882562833,-68.24867387550898,54.092806291519665,188.06797862968583,-35.49560423649597,-233.96499959716866,-12.849913767591977,-19.59824621505587,-59.74797889510697,-4.521623430289765,28.18738711383699,7.349310520669032,-30.493325236838558,-1.6503122802727273,-7.372131667506963,-8.500694980402017
MIROC,MIROC-ES2L,r1i1p1f2,gn,ssp245,2094-04,2094,4,140.06282340339024,240.73901351202565,-79.65961227532289,-284.96885014118925,-5.30984170008006,-16.99165231669544,-6.12811951787176,153.85297733527165,209.50018751526287,-103.91349209612389,-257.15609699210785,-7.231252400997411,-15.68121571347275,-20.62889235216735,-13.790153931881406,31.238825996762785,24.253879820801004,-27.812753149081402,1.9214107009173507,-1.3104366032226906,14.500772834295592
MIROC,MIROC-ES2L,r1i1p1f2,gn,ssp245,2094-05,2094,5,219.67889226136506,274.7795544909232,-100.53294729061993,-310.90540236331304,-2.242193941180482,-15.328072003462653,65.4498311537122,246.70169500271564,251.0877509758891,-149.22398744547607,-294.09121110661533,-3.5740003779165477,-15.43610176618813,35.4641452824087,-27.022802741350574,23.69180351503411,48.69104015485614,-16.81419125669771,1.3318064367360658,0.1080297627254776,29.985685871303495
MIROC,MIROC-ES2L,r1i1p1f2,gn,ssp245,2094-06,2094,6,234.84503979251207,304.6103666006743,-67.22255103981406,-329.2633709158167,-0.7501705625161499,-11.306223447126941,130.91309042791255,262.85967388536494,287.5439359862113,-118.0808217040136,-319.1397551813616,-0.4218753871641016,-12.337941570683821,100.42321602835318,-28.014634092852873,17.066430614463002,50.85827066419954,-10.123615734455143,-0.3282951753520483,1.03171812355688,30.48987439955937
MIROC,MIROC-ES2L,r1i1p1f2,gn,ssp245,2094-07,2094,7,198.56469992452836,315.77982255940185,-31.76448141376791,-338.31518759759484,-0.25738860416275305,-7.917195664300088,136.0902692041046,215.66988252964234,300.5301923815116,-73.02995970405915,-325.46176212074056,0.41270860793022107,-8.39102748653027,109.73003420775422,-17.10518260511398,15.249630177890253,41.26547829029124,-12.853425476854284,-0.6700972120929741,0.4738318222301814,26.360234996350385
MIROC,MIROC-ES2L,r1i1p1f2,gn,ssp245,2094-08,2094,8,117.36617675879323,318.07585024552634,-10.588083249933145,-343.6858249547558,-0.06966973349928529,-11.809232104064753,69.2892169620666,135.16208166491174,295.50242311597475,-37.03752417522527,-324.68498651157415,-0.464213324470985,-11.852725721887758,56.625055047728296,-17.79590490611851,22.57342712955159,26.449440925292127,-19.000838443181635,0.3945435909716997,0.04349361782300498,12.664161914338308
MIROC,MIROC-ES2L,r1i1p1f2,gn,ssp245,2094-09,2094,9,53.00833407140184,303.42798366280346,-5.47796314728046,-339.0007545271611,-4.4259614216344385,-29.042038372650136,-21.51039973452081,61.876713892617204,271.0061090726583,-17.776445273780446,-310.46478726779867,-5.377540528891009,-21.999781321033964,-22.735731426228572,-8.868379821215363,32.42187459014514,12.298482126499987,-28.53596725936245,0.9515791072565705,-7.042257051616172,1.225331691707762
MIROC,MIROC-ES2L,r1i1p1f2,gn,ssp245,2094-10,2094,10,14.123876583784911,282.68838001052245,-2.061817988236325,-326.96103239852823,-11.589618096416462,-39.22864188355336,-83.028853772427,16.046420071477925,235.3408133578954,-5.013446595779057,-280.3624820651788,-13.7920859904137,-26.972101580576677,-74.75288280257493,-1.922543487693014,47.34756665262705,2.9516286075427325,-46.59855033334941,2.2024678939972375,-12.256540302976681,-8.275970969852068
MIROC,MIROC-ES2L,r1i1p1f2,gn,ssp245,2094-11,2094,11,2.0951160212820623,258.4688175115523,-0.36900741105862256,-309.68409376512335,-19.49273062292849,-44.290387235629254,-113.27228550190537,2.2346607690379368,206.07834229409005,-0.5505327509983511,-253.947457668769,-19.443062239311498,-26.85452686931898,-92.48257646526984,-0.13954474775587444,52.39047521746224,0.18152533993972852,-55.736636096354346,-0.049668383616992884,-17.435860366310273,-20.78970903663553
MIROC,MIROC-ES2L,r1i1p1f2,gn,ssp245,2094-12,2094,12,0.38652785251548816,235.12051865249413,-0.07339451137089793,-285.6217117864913,-20.865322308534278,-35.446399120261944,-106.4997812216488,0.42759843987767737,191.39597646201616,-0.1463149110530818,-238.8125066111832,-20.102744137502,-25.136428982660664,-92.3744197405051,-0.041070587362189215,43.72454219047796,0.07292039968218388,-46.80920517530808,-0.7625781710322777,-10.30997013760128,-14.125361481143699
MIROC,MIROC-ES2L,r1i1p1f2,gn,ssp245,2095-01,2095,1,1.2039299058422666,223.9831728291441,-0.4114981602078042,-271.30258338176105,-16.861173560341012,-28.801248775122588,-92.18940114244607,1.312831520498936,184.4046235989899,-0.6504690083046897,-230.4431739194702,-18.324392791067698,-23.303892736152008,-87.00447333550575,-0.10890161465666948,39.57854923015421,0.23897084809688546,-40.85940946229084,1.4632192307266862,-5.49735603897058,-5.184927806940323
MIROC,MIROC-ES2L,r1i1p1f2,gn,ssp245,2095-02,2095,2,9.620370864576152,210.9224023800485,-4.563763843766113,-258.95991309171546,-19.897925196794134,-30.366293910303334,-93.24512279795437,10.134918449794124,183.00233533180176,-5.894508530509232,-227.93396157854312,-16.044463560492623,-21.711650424732266,-78.44733031268136,-0.5145475852179722,27.92006704824675,1.3307446867431194,-31.025951513172345,-3.8534616363015104,-8.654643485571068,-14.797792485273007
MIROC,MIROC-ES2L,r1i1p1f2,gn,ssp245,2095-03,2095,3,49.9134460272271,217.1551489057942,-29.25332556233325,-264.33186086604445,-12.980571933015637,-24.77024145898635,-64.2674048873584,54.092806291519665,188.06797862968583,-35.49560423649597,-233.96499959716866,-12.849913767591977,-19.59824621505587,-59.74797889510697,-4.179360264292562,29.087170276108367,6.242278674162723,-30.366861268875795,-0.13065816542366093,-5.171995243930482,-4.519425992251428
MIROC,MIROC-ES2L,r1i1p1f2,gn,ssp245,2095-04,2095,4,142.2400762209274,236.6305683907941,-84.45712006133533,-281.3961673608825,-5.03237404264619,-18.846181294444452,-10.861198147586958,153.85297733527165,209.50018751526287,-103.91349209612389,-257.15609699210785,-7.231252400997411,-15.68121571347275,-20.62889235216735,-11.612901114344254,27.130380875531245,19.456372034788558,-24.24007036877464,2.1988783583512213,-3.164965580971703,9.767694204580394
MIROC,MIROC-ES2L,r1i1p1f2,gn,ssp245,2095-05,2095,5,224.76904536763598,272.8177232125797,-105.41543874355479,-310.28922562235573,-2.511735236047223,-14.802631568216793,64.56773741004115,246.70169500271564,251.0877509758891,-149.22398744547607,-294.09121110661533,-3.5740003779165477,-15.43610176618813,35.4641452824087,-21.932649635079656,21.729972236690628,43.80854870192128,-16.198014515740397,1.0622651418693247,0.633470197971338,29.103592127632446
MIROC,MIROC-ES2L,r1i1p1f2,gn,ssp245,2095-06,2095,6,236.4827235487359,304.73576983613185,-70.21364845711332,-328.4045020371621,0.05646044315756271,-8.457344072073358,134.19945926167654,262.85967388536494,287.5439359862113,-118.0808217040136,-319.1397551813616,-0.4218753871641016,-12.337941570683821,100.42321602835318,-26.37695033662905,17.191833849920556,47.86717324690028,-9.264746855800524,0.4783358303216643,3.880597498610463,33.776243233323356
MIROC,MIROC-ES2L,r1i1p1f2,gn,ssp245,2095-07,2095,7,193.4976993256124,316.8704813092297,-31.076348600651205,-338.4584567863233,-0.5189601761399972,-7.769782438584547,132.54463263314307,215.66988252964234,300.5301923815116,-73.02995970405915,-325.46176212074056,0.41270860793022107,-8.39102748653027,109.73003420775422,-22.17218320402995,16.34028892771812,41.95361110340795,-12.996694665582766,-0.9316687840702182,0.621245047945723,22.81459842538885
MIROC,MIROC-ES2L,r1i1p1f2,gn,ssp245,2095-08,2095,8,117.40695245958862,317.2124346307947,-11.109760025255513,-343.2573129559185,-0.8508415283815832,-13.078980230871316,66.3224923499564,135.16208166491174,295.50242311597475,-37.03752417522527,-324.68498651157415,-0.464213324470985,-11.852725721887758,56.625055047728296,-17.755129205323115,21.71001151481994,25.92776414996976,-18.572326444344355,-0.3866282039105982,-1.2262545089835584,9.69743730222811
MIROC,MIROC-ES2L,r1i1p1f2,gn,ssp245,2095-09,2095,9,53.12074199368024,304.1006453708369,-5.4984399776665995,-338.199883212341,-3.4965470279399935,-27.40116219221456,-17.374645045644996,61.876713892617204,271.0061090726583,-17.776445273780446,-310.46478726779867,-5.377540528891009,-21.999781321033964,-22.735731426228572,-8.755971898936963,33.09453629817858,12.278005296113847,-27.73509594454231,1.8809935009510155,-5.401380871180596,5.361086380583576
MIROC,MIROC-ES2L,r1i1p1f2,gn,ssp245,2095-10,2095,10,14.587585382344516,277.57880087710356,-2.173449780075918,-324.9967339090736,-11.290734958703323,-41.09291365071952,-87.38744603912431,16.046420071477925,235.3408133578954,-5.013446595779057,-280.3624820651788,-13.7920859904137,-26.972101580576677,-74.75288280257493,-1.4588346891334094,42.23798751920816,2.8399968157031394,-44.63425184389479,2.501351031710376,-14.12081207014284,-12.634563236549383
MIROC,MIROC-ES2L,r1i1p1f2,gn,ssp245,2095-11,2095,11,1.8499025665065636,260.45463120429196,-0.29551084009430634,-308.1505765361932,-16.531837281301915,-37.501190927948485,-100.17458181473944,2.2346607690379368,206.07834229409005,-0.5505327509983511,-253.947457668769,-19.443062239311498,-26.85452686931898,-92.48257646526984,-0.38475820253137316,54.37628891020191,0.25502191090404475,-54.20311886742422,2.9112249580095835,-10.646664058629504,-7.692005349469596
MIROC,MIROC-ES2L,r1i1p1f2,gn,ssp245,2095-12,2095,12,0.3568521364855975,233.62804450699184,-0.06558777235962125,-284.2994808648581,-22.069957340436616,-35.347832428204455,-107.79796176238135,0.42759843987767737,191.39597646201616,-0.1463149110530818,-238.8125066111832,-20.102744137502,-25.136428982660664,-92.3744197405051,-0.07074630339207988,42.23206804497568,0.08072713869346056,-45.48697425367487,-1.9672132029346159,-10.211403445543791,-15.423542021876244
MIROC,MIROC-ES2L,r1i1p1f2,gn,ssp245,2096-01,2096,1,1.0759508445199424,222.36869253561676,-0.31537164318386823,-270.19843739727503,-19.68598317817014,-31.7115816862261,-98.46673052471844,1.312831520498936,184.4046235989899,-0.6504690083046897,-230.4431739194702,-18.324392791067698,-23.303892736152008,-87.00447333550575,-0.23688067597899365,37.96406893662686,0.33509736512082144,-39.75526347780482,-1.3615903871024422,-8.407688950074093,-11.462257189212693
MIROC,MIROC-ES2L,r1i1p1f2,gn,ssp245,2096-02,2096,2,8.9569260575413,211.0737107217251,-4.595414435350193,-258.10500340623594,-17.618842801772878,-29.876253123709866,-90.16487698780249,10.134918449794124,183.00233533180176,-5.894508530509232,-227.93396157854312,-16.044463560492623,-21.711650424732266,-78.44733031268136,-1.1779923922528237,28.071375389923332,1.299094095159039,-30.171041827692818,-1.5743792412802549,-8.1646026989776,-11.717546675121127
MIROC,MIROC-ES2L,r1i1p1f2,gn,ssp245,2096-03,2096,3,50.97200139624286,216.19271058417615,-30.149007785990467,-263.00870018593474,-11.141778772907402,-26.001028727840307,-63.135803492253885,54.092806291519665,188.06797862968583,-35.49560423649597,-233.96499959716866,-12.849913767591977,-19.59824621505587,-59.74797889510697,-3.1208048952768053,28.12473195449033,5.346596450505505,-29.043700588766086,1.708134994684574,-6.402782512784437,-3.387824597146917
MIROC,MIROC-ES2L,r1i1p1f2,gn,ssp245,2096-04,2096,4,137.69331684387322,240.0082749383653,-81.96223131503109,-281.8493032939277,-4.9649385531754024,-18.741014836396634,-9.81589621629225,153.85297733527165,209.50018751526287,-103.91349209612389,-257.15609699210785,-7.231252400997411,-15.68121571347275,-20.62889235216735,-16.159660491398427,30.508087423102438,21.9512607810928,-24.693206301819828,2.2663138478220084,-3.0597991229238843,10.812996135875101
MIROC,MIROC-ES2L,r1i1p1f2,gn,ssp245,2096-05,2096,5,214.23189677752737,277.4122277100336,-100.14907046147381,-312.0214205669913,-1.3365528142292222,-16.172709052467614,61.96437159239905,246.70169500271564,251.0877509758891,-149.22398744547607,-294.09121110661533,-3.5740003779165477,-15.43610176618813,35.4641452824087,-32.46979822518827,26.324476734144525,49.07491698400226,-17.930209460375977,2.2374475636873257,-0.736607286279483,26.500226309990346
MIROC,MIROC-ES2L,r1i1p1f2,gn,ssp245,2096-06,2096,6,236.01070616037728,302.1090488324127,-67.94619258788701,-327.4021044034861,0.045124319424242935,-9.204328028154361,133.61225429268683,262.85967388536494,287.5439359862113,-118.0808217040136,-319.1397551813616,-0.4218753871641016,-12.337941570683821,100.42321602835318,-26.84896772498766,14.56511284620143,50.13462911612659,-8.262349222124499,0.46699970658834455,3.13361354252946,33.18903826433365
MIROC,MIROC-ES2L,r1i1p1f2,gn,ssp245,2096-07,2096,7,194.1208628446712,315.03735990869245,-27.721834891468202,-337.1275777924835,-0.07752483387622583,-8.45737949340914,135.77390574212657,215.66988252964234,300.5301923815116,-73.02995970405915,-325.46176212074056,0.41270860793022107,-8.39102748653027,109.73003420775422,-21.549019684971142,14.507167527180854,45.30812481259095,-11.665815671742962,-0.4902334418064469,-0.066352006878871,26.043871534372357
MIROC,MIROC-ES2L,r1i1p1f2,gn,ssp245,2096-08,2096,8,121.68202679108087,316.83567457102635,-11.212958523728268,-343.2267171291178,-0.6338850094661336,-12.255893473668102,71.18824722612695,135.16208166491174,295.50242311597475,-37.03752417522527,-324.68498651157415,-0.464213324470985,-11.852725721887758,56.625055047728296,-13.480054873830866,21.333251455051595,25.824565651497004,-18.541730617543635,-0.16967168499514856,-0.4031677517803445,14.563192178398651
MIROC,MIROC-ES2L,r1i1p1f2,gn,ssp245,2096-09,2096,9,53.34173120698384,303.26320973172403,-5.631096403133933,-338.0612718443664,-3.608254384472792,-25.740160506182715,-16.43584219944799,61.876713892617204,271.0061090726583,-17.776445273780446,-310.46478726779867,-5.377540528891009,-21.999781321033964,-22.735731426228572,-8.534982685633366,32.25710065906571,12.145348870646513,-27.59648457656772,1.769286144418217,-3.7403791851487505,6.299889226780582
MIROC,MIROC-ES2L,r1i1p1f2,gn,ssp245,2096-10,2096,10,14.732236344430556,280.2840466206278,-2.1045387958012194,-326.04286025158564,-10.667720274343857,-39.30153837073774,-83.1003747274101,16.046420071477925,235.3408133578954,-5.013446595779057,-280.3624820651788,-13.7920859904137,-26.972101580576677,-74.75288280257493,-1.3141837270473697,44.943233262732406,2.908907799977838,-45.68037818640681,3.1243657160698426,-12.329436790161061,-8.347491924835168
MIROC,MIROC-ES2L,r1i1p1f2,gn,ssp245,2096-11,2096,11,2.3142014782939686,257.8752708156742,-0.429103703165263,-308.83366401318693,-17.391647003260235,-38.0553827147476,-104.52032514039186,2.2346607690379368,206.07834229409005,-0.5505327509983511,-253.947457668769,-19.443062239311498,-26.85452686931898,-92.48257646526984,0.07954070925603185,51.796928521584135,0.12142904783308811,-54.88620634441793,2.0514152360512625,-11.20085584542862,-12.037748675122018
MIROC,MIROC-ES2L,r1i1p1f2,gn,ssp245,2096-12,2096,12,0.3650373370606681,236.35856960300944,-0.06782033235644593,-287.2445405522322,-20.603572779847497,-35.65768029805682,-106.85000702242283,0.42759843987767737,191.39597646201616,-0.1463149110530818,-238.8125066111832,-20.102744137502,-25.136428982660664,-92.3744197405051,-0.06256110281700927,44.96259314099328,0.07849457869663588,-48.432033941048985,-0.5008286423454962,-10.521251315396153,-14.475587281917726
MIROC,MIROC-ES2L,r1i1p1f2,gn,ssp245,2097-01,2097,1,1.0843294551237392,220.81503320757957,-0.37716761267067955,-270.7556500568332,-22.44795149268431,-35.85630492178475,-107.53771142126962,1.312831520498936,184.4046235989899,-0.6504690083046897,-230.4431739194702,-18.324392791067698,-23.303892736152008,-87.00447333550575,-0.2285020653751968,36.410409608589674,0.2733013956340101,-40.31247613736298,-4.123558701616613,-12.55241218563274,-20.53323808576387
MIROC,MIROC-ES2L,r1i1p1f2,gn,ssp245,2097-02,2097,2,9.421473257398947,214.16164539598617,-4.409676435010451,-265.65340368149464,-20.233327424793824,-33.047758129569324,-99.76104701748312,10.134918449794124,183.00233533180176,-5.894508530509232,-227.93396157854312,-16.044463560492623,-21.711650424732266,-78.44733031268136,-0.7134451923951772,31.15931006418441,1.4848320954987813,-37.71944210295152,-4.188863864301201,-11.336107704837058,-21.313716704801763
MIROC,MIROC-ES2L,r1i1p1f2,gn,ssp245,2097-03,2097,3,49.91761894904976,222.1539518292113,-27.433334268556347,-270.0962104383957,-10.938960069486424,-23.990285482304618,-60.38721948048203,54.092806291519665,188.06797862968583,-35.49560423649597,-233.96499959716866,-12.849913767591977,-19.59824621505587,-59.74797889510697,-4.175187342469904,34.08597319952548,8.062269967939624,-36.131210841227045,1.910953698105553,-4.392039267248748,-0.6392405853750631
MIROC,MIROC-ES2L,r1i1p1f2,gn,ssp245,2097-04,2097,4,137.1831599209895,240.88427195880584,-79.85155419141574,-283.54011220868006,-3.82667459461527,-15.004771072810012,-4.1556801877257605,153.85297733527165,209.50018751526287,-103.91349209612389,-257.15609699210785,-7.231252400997411,-15.68121571347275,-20.62889235216735,-16.669817414282136,31.384084443542974,24.061937904708145,-26.38401521657221,3.404577806382141,0.6764446406627371,16.47321216444159
MIROC,MIROC-ES2L,r1i1p1f2,gn,ssp245,2097-05,2097,5,217.485656041809,276.2447051254816,-97.69152132923239,-312.2153343964734,-1.092286616626014,-15.019022208032958,67.71219661692578,246.70169500271564,251.0877509758891,-149.22398744547607,-294.09121110661533,-3.5740003779165477,-15.43610176618813,35.4641452824087,-29.216038960906644,25.15695414959248,51.53246611624368,-18.124123289858062,2.481713761290534,0.41707955815517295,32.24805133451708
MIROC,MIROC-ES2L,r1i1p1f2,gn,ssp245,2097-06,2097,6,241.51108114228884,300.0702801345619,-66.68059085092553,-327.550512619723,-0.008221937210060443,-9.649873568353605,137.69216230063859,262.85967388536494,287.5439359862113,-118.0808217040136,-319.1397551813616,-0.4218753871641016,-12.337941570683821,100.42321602835318,-21.348592743076097,12.526344148350631,51.400230853088075,-8.41075743836143,0.4136534499540412,2.6880680023302155,37.268946272285405
MIROC,MIROC-ES2L,r1i1p1f2,gn,ssp245,2097-07,2097,7,187.80731066882532,315.29590950177305,-26.10078040137871,-338.0522224557929,0.7073293876338453,-7.609255953364519,132.04829074769611,215.66988252964234,300.5301923815116,-73.02995970405915,-325.46176212074056,0.41270860793022107,-8.39102748653027,109.73003420775422,-27.862571860817013,14.765717120261456,46.92917930268044,-12.590460335052342,0.29462077970362427,0.7817715331657507,22.3182565399419
MIROC,MIROC-ES2L,r1i1p1f2,gn,ssp245,2097-08,2097,8,122.93995685739448,314.6046415113161,-11.763031457054515,-342.74539267215096,-0.6622587502706411,-13.82919159778749,68.54472389144698,135.16208166491174,295.50242311597475,-37.03752417522527,-324.68498651157415,-0.464213324470985,-11.852725721887758,56.625055047728296,-12.222124807517261,19.102218395341367,25.274492718170755,-18.060406160576804,-0.19804542579965606,-1.9764658758997324,11.919668843718682
MIROC,MIROC-ES2L,r1i1p1f2,gn,ssp245,2097-09,2097,9,54.98221221438948,299.85636646996085,-6.027542369305231,-337.6359738858065,-4.17898081900771,-28.636167391778585,-21.640085781547743,61.876713892617204,271.0061090726583,-17.776445273780446,-310.46478726779867,-5.377540528891009,-21.999781321033964,-22.735731426228572,-6.894501678227726,28.850257397302528,11.748902904475216,-27.171186618007823,1.1985597098832992,-6.636386070744621,1.095645644680829
MIROC,MIROC-ES2L,r1i1p1f2,gn,ssp245,2097-10,2097,10,14.318799663585771,278.4759646626656,-2.2194063722222057,-324.27822985116575,-10.694043853603429,-38.026045301315655,-82.42296105205565,16.046420071477925,235.3408133578954,-5.013446595779057,-280.3624820651788,-13.7920859904137,-26.972101580576677,-74.75288280257493,-1.7276204078921538,43.135151304770204,2.7940402235568516,-43.91574778598692,3.098042136810271,-11.053943720738978,-7.670078249480724
MIROC,MIROC-ES2L,r1i1p1f2,gn,ssp245,2097-11,2097,11,2.221915003521955,255.49963310637085,-0.4062802233601856,-307.0228989641512,-20.179149345506058,-41.63626209572555,-111.52304251885016,2.2346607690379368,206.07834229409005,-0.5505327509983511,-253.947457668769,-19.443062239311498,-26.85452686931898,-92.48257646526984,-0.012745765515981944,49.4212908122808,0.14425252763816548,-53.07544129538218,-0.7360871061945602,-14.781735226406568,-19.040466053580317
MIROC,MIROC-ES2L,r1i1p1f2,gn,ssp245,2097-12,2097,12,0.3769554399746497,233.58826401074916,-0.0716846532166059,-285.74397017643923,-20.947006787677193,-36.88448631026792,-109.68192847687716,0.42759843987767737,191.39597646201616,-0.1463149110530818,-238.8125066111832,-20.102744137502,-25.136428982660664,-92.3744197405051,-0.050642999903027675,42.19228754873299,0.07463025783647591,-46.931463565256024,-0.8442626501751924,-11.748057327607253,-17.307508736372057
MIROC,MIROC-ES2L,r1i1p1f2,gn,ssp245,2098-01,2098,1,1.1537775862604103,218.20230021157911,-0.3628440031700568,-269.44901918623947,-18.124761209072823,-28.825899644086324,-97.40644624472915,1.312831520498936,184.4046235989899,-0.6504690083046897,-230.4431739194702,-18.324392791067698,-23.303892736152008,-87.00447333550575,-0.15905393423852576,33.797676612589214,0.2876250051346329,-39.005845266769256,0.19963158199487552,-5.5220069079343155,-10.401972909223403
MIROC,MIROC-ES2L,r1i1p1f2,gn,ssp245,2098-02,2098,2,9.854548560046988,211.4751305826671,-4.2275171791545105,-265.49255920822367,-22.901459733168654,-34.870066478124265,-106.16192345595701,10.134918449794124,183.00233533180176,-5.894508530509232,-227.93396157854312,-16.044463560492623,-21.711650424732266,-78.44733031268136,-0.2803698897471367,28.472795250865346,1.6669913513547217,-37.55859762968055,-6.8569961726760305,-13.158416053392,-27.71459314327565
MIROC,MIROC-ES2L,r1i1p1f2,gn,ssp245,2098-03,2098,3,48.51602560352896,219.80115145637896,-26.112349803047913,-266.22273020676954,-12.097365473192012,-21.960035014194453,-58.07530343729601,54.092806291519665,188.06797862968583,-35.49560423649597,-233.96499959716866,-12.849913767591977,-19.59824621505587,-59.74797889510697,-5.576780687990706,31.733172826693135,9.383254433448059,-32.257730609600884,0.7525482943999648,-2.3617887991385835,1.6726754578109606
MIROC,MIROC-ES2L,r1i1p1f2,gn,ssp245,2098-04,2098,4,137.7065621825712,245.7172728312809,-75.85181372500409,-287.3814614715385,-3.013215797546838,-14.633331872523652,2.5440121472390302,153.85297733527165,209.50018751526287,-103.91349209612389,-257.15609699210785,-7.231252400997411,-15.68121571347275,-20.62889235216735,-16.146415152700456,36.21708531601803,28.061678371119797,-30.225364479430652,4.218036603450573,1.0478838409490976,23.172904499406382
MIROC,MIROC-ES2L,r1i1p1f2,gn,ssp245,2098-05,2098,5,217.02165030906326,279.57340228561856,-90.12763458828418,-314.5411891276969,-1.034133045735577,-14.478227148638787,76.41386868432636,246.70169500271564,251.0877509758891,-149.22398744547607,-294.09121110661533,-3.5740003779165477,-15.43610176618813,35.4641452824087,-29.680044693652377,28.485651309729462,59.09635285719189,-20.449978021081563,2.539867332180971,0.9578746175493436,40.94972340191766
MIROC,MIROC-ES2L,r1i1p1f2,gn,ssp245,2098-06,2098,6,241.24361246191125,300.68355150590054,-62.243722497419114,-327.98075932694195,-1.4824075774591012,-9.973632815271008,140.2466417507206,262.85967388536494,287.5439359862113,-118.0808217040136,-319.1397551813616,-0.4218753871641016,-12.337941570683821,100.42321602835318,-21.616061423453687,13.139615519689244,55.83709920659449,-8.84100414558037,-1.0605321902949996,2.3643087554128126,39.82342572236743
MIROC,MIROC-ES2L,r1i1p1f2,gn,ssp245,2098-07,2098,7,190.6469715766118,319.22262198252133,-25.891232982328436,-339.39972933743604,-0.3094385211563415,-8.428913641983854,135.84027907622843,215.66988252964234,300.5301923815116,-73.02995970405915,-325.46176212074056,0.41270860793022107,-8.39102748653027,109.73003420775422,-25.022910953030532,18.692429601009735,47.13872672173072,-13.937967216695483,-0.7221471290865626,-0.037886155453584536,26.11024486847421
MIROC,MIROC-ES2L,r1i1p1f2,gn,ssp245,2098-08,2098,8,116.65852325105318,317.5799483068308,-10.280861498723437,-343.86486424951914,-0.9343732963243769,-15.33405952890278,63.82431298441421,135.16208166491174,295.50242311597475,-37.03752417522527,-324.68498651157415,-0.464213324470985,-11.852725721887758,56.625055047728296,-18.503558413858556,22.077525190856022,26.756662676501833,-19.17987773794499,-0.4701599718533919,-3.4813338070150213,7.1992579366859175
MIROC,MIROC-ES2L,r1i1p1f2,gn,ssp245,2098-09,2098,9,52.03836944749309,303.72121695357066,-5.434336702028562,-339.4273589969893,-3.046160598997585,-24.403820451695708,-16.552090348647436,61.876713892617204,271.0061090726583,-17.776445273780446,-310.46478726779867,-5.377540528891009,-21.999781321033964,-22.735731426228572,-9.838344445124115,32.71510788091234,12.342108571751885,-28.962571729190643,2.331379929893424,-2.4040391306617437,6.183641077581136
MIROC,MIROC-ES2L,r1i1p1f2,gn,ssp245,2098-10,2098,10,14.077733177191101,283.10338086265057,-1.971065077067763,-327.27094917625686,-9.514801534033376,-36.664958075309116,-78.24065982282545,16.046420071477925,235.3408133578954,-5.013446595779057,-280.3624820651788,-13.7920859904137,-26.972101580576677,-74.75288280257493,-1.968686894286824,47.76256750475517,3.042381518711294,-46.90846711107804,4.277284456380324,-9.692856494732439,-3.487777020250519
MIROC,MIROC-ES2L,r1i1p1f2,gn,ssp245,2098-11,2098,11,2.0597371042567807,264.43645579426095,-0.3628624049620996,-311.65714082210377,-15.023054701387059,-37.703549108090314,-98.25041413802549,2.2346607690379368,206.07834229409005,-0.5505327509983511,-253.947457668769,-19.443062239311498,-26.85452686931898,-92.48257646526984,-0.17492366478115606,58.3581135001709,0.1876703460362515,-57.709683153334765,4.420007537924439,-10.849022238771333,-5.767837672755647
MIROC,MIROC-ES2L,r1i1p1f2,gn,ssp245,2098-12,2098,12,0.35234143562120246,246.9436152811592,-0.068446615684659,-293.025040473525,-15.133974500670886,-30.774033889752612,-91.70553876285274,0.42759843987767737,191.39597646201616,-0.1463149110530818,-238.8125066111832,-20.102744137502,-25.136428982660664,-92.3744197405051,-0.07525700425647491,55.54763881914303,0.07786829536842281,-54.212533862341786,4.968769636831114,-5.637604907091948,0.6688809776523641
MIROC,MIROC-ES2L,r1i1p1f2,gn,ssp245,2099-01,2099,1,1.156985852832537,222.39157496780615,-0.3526994655613747,-274.1216800590989,-21.19889828121194,-33.18823652267801,-105.31295350791152,1.312831520498936,184.4046235989899,-0.6504690083046897,-230.4431739194702,-18.324392791067698,-23.303892736152008,-87.00447333550575,-0.15584566766639907,37.98695136881625,0.29776954274331496,-43.67850613962867,-2.874505490144241,-9.884343786526003,-18.308480172405766
MIROC,MIROC-ES2L,r1i1p1f2,gn,ssp245,2099-02,2099,2,9.58291696778002,214.41189108552993,-4.560801422851117,-264.39018302002466,-15.767909271300901,-26.820084135145624,-87.54416979601235,10.134918449794124,183.00233533180176,-5.894508530509232,-227.93396157854312,-16.044463560492623,-21.711650424732266,-78.44733031268136,-0.5520014820141039,31.40955575372817,1.3337071076581148,-36.456221441481546,0.2765542891917221,-5.108433710413358,-9.096839483330996
MIROC,MIROC-ES2L,r1i1p1f2,gn,ssp245,2099-03,2099,3,50.08736786434619,213.80488032174483,-29.360361339753112,-261.62155553286675,-11.531541190494316,-19.21036524674154,-57.83157512376471,54.092806291519665,188.06797862968583,-35.49560423649597,-233.96499959716866,-12.849913767591977,-19.59824621505587,-59.74797889510697,-4.005438427173473,25.736901692059007,6.135242896742859,-27.656555935698094,1.3183725770976604,0.38788096831433094,1.9164037713422601
MIROC,MIROC-ES2L,r1i1p1f2,gn,ssp245,2099-04,2099,4,139.96720998457326,238.4312297613718,-82.65805259714315,-281.69896855457745,-4.621376894954491,-16.029102244311318,-6.609060545041341,153.85297733527165,209.50018751526287,-103.91349209612389,-257.15609699210785,-7.231252400997411,-15.68121571347275,-20.62889235216735,-13.885767350698387,28.931042246108944,21.255439498980735,-24.5428715624696,2.60987550604292,-0.3478865308385686,14.01983180712601
MIROC,MIROC-ES2L,r1i1p1f2,gn,ssp245,2099-05,2099,5,223.75284384442216,274.26738958526477,-96.92674711192048,-312.46000792269007,-2.8920212220440487,-17.250970337851662,68.49048683518069,246.70169500271564,251.0877509758891,-149.22398744547607,-294.09121110661533,-3.5740003779165477,-15.43610176618813,35.4641452824087,-22.94885115829348,23.179638609375672,52.29724033355559,-18.368796816074735,0.681979155872499,-1.8148685716635313,33.02634155277199
MIROC,MIROC-ES2L,r1i1p1f2,gn,ssp245,2099-06,2099,6,235.92192861636863,303.1024023474855,-64.68375360710714,-328.8788640279722,-0.5045468390266301,-9.257851349654793,135.69931514009338,262.85967388536494,287.5439359862113,-118.0808217040136,-319.1397551813616,-0.4218753871641016,-12.337941570683821,100.42321602835318,-26.93774526899631,15.558466361274213,53.397068096906466,-9.739108846610634,-0.0826714518625285,3.080090221029028,35.276099111740194
MIROC,MIROC-ES2L,r1i1p1f2,gn,ssp245,2099-07,2099,7,189.80408251458115,321.6681151675542,-26.51959923488684,-341.2149194494455,0.1535685343958703,-7.362027284614156,136.52922024758473,215.66988252964234,300.5301923815116,-73.02995970405915,-325.46176212074056,0.41270860793022107,-8.39102748653027,109.73003420775422,-25.865800015061183,21.137922786042623,46.51036046917231,-15.753157328704958,-0.25914007353435076,1.029000201916114,26.799186039830516
MIROC,MIROC-ES2L,r1i1p1f2,gn,ssp245,2099-08,2099,8,113.76584061971366,323.2532176010643,-10.332909183154001,-346.95023800303284,-0.4154156972327807,-14.329488078436148,64.99100725892222,135.16208166491174,295.50242311597475,-37.03752417522527,-324.68498651157415,-0.464213324470985,-11.852725721887758,56.625055047728296,-21.39624104519808,27.750794485089557,26.70461499207127,-22.265251491458685,0.0487976272382043,-2.47676235654839,8.365952211193928
MIROC,MIROC-ES2L,r1i1p1f2,gn,ssp245,2099-09,2099,9,53.667482636384946,305.6704784315364,-5.565898676376227,-340.45477961296774,-3.5334097405853875,-27.313367118257585,-17.529494080265565,61.876713892617204,271.0061090726583,-17.776445273780446,-310.46478726779867,-5.377540528891009,-21.999781321033964,-22.735731426228572,-8.209231256232258,34.664369358878105,12.21054659740422,-29.98999234516907,1.8441307883056215,-5.31358579722362,5.206237345963007
MIROC,MIROC-ES2L,r1i1p1f2,gn,ssp245,2099-10,2099,10,14.341771046126217,283.8309141513049,-2.040282523739813,-327.7637982654713,-9.511790297387744,-37.246194407522104,-78.38938029668981,16.046420071477925,235.3408133578954,-5.013446595779057,-280.3624820651788,-13.7920859904137,-26.972101580576677,-74.75288280257493,-1.7046490253517081,48.49010079340951,2.9731640720392445,-47.401316200292456,4.2802956930259555,-10.274092826945427,-3.6364974941148773
MIROC,MIROC-ES2L,r1i1p1f2,gn,ssp245,2099-11,2099,11,2.0333846212878566,256.9879242485627,-0.3413620386573,-311.2734485188992,-22.75479133139946,-47.677523617147074,-123.02581663625249,2.2346607690379368,206.07834229409005,-0.5505327509983511,-253.947457668769,-19.443062239311498,-26.85452686931898,-92.48257646526984,-0.20127614775008018,50.90958195447266,0.20917071234105106,-57.32599085013021,-3.311729092087962,-20.822996747828093,-30.543240170982642
MIROC,MIROC-ES2L,r1i1p1f2,gn,ssp245,2099-12,2099,12,0.38787128571402496,236.51388652696903,-0.07026595747753811,-287.74283456397745,-22.055217540492947,-36.97355396963248,-109.94011421889738,0.42759843987767737,191.39597646201616,-0.1463149110530818,-238.8125066111832,-20.102744137502,-25.136428982660664,-92.3744197405051,-0.03972715416365241,45.117910064952866,0.0760489535755437,-48.930327952794244,-1.9524734029909467,-11.83712498697182,-17.565694478392274
MIROC,MIROC-ES2L,r1i1p1f2,gn,ssp245,2100-01,2100,1,1.1084298786552975,224.53640718637513,-0.2690381725649578,-274.24804777954427,-20.461950837855397,-32.83554813324009,-102.16974785817428,1.312831520498936,184.4046235989899,-0.6504690083046897,-230.4431739194702,-18.324392791067698,-23.303892736152008,-87.00447333550575,-0.20440164184363852,40.13178358738523,0.38143083573973185,-43.80487386007405,-2.1375580467876993,-9.53165539708808,-15.165274522668525
MIROC,MIROC-ES2L,r1i1p1f2,gn,ssp245,2100-02,2100,2,9.64445560900316,214.2364829004655,-3.954494837553076,-266.01911287335156,-20.998423815992137,-31.53605473664849,-98.62714775407663,10.134918449794124,183.00233533180176,-5.894508530509232,-227.93396157854312,-16.044463560492623,-21.711650424732266,-78.44733031268136,-0.4904628407909648,31.23414756866373,1.940013692956156,-38.08515129480844,-4.9539602554995135,-9.824404311916226,-20.179817441395272
MIROC,MIROC-ES2L,r1i1p1f2,gn,ssp245,2100-03,2100,3,47.97584518740226,225.78975934503737,-26.493351604328875,-269.83758038142247,-11.79522149542118,-24.26483768372668,-58.625386632459566,54.092806291519665,188.06797862968583,-35.49560423649597,-233.96499959716866,-12.849913767591977,-19.59824621505587,-59.74797889510697,-6.116961104117408,37.72178071535154,9.002252632167096,-35.87258078425381,1.0546922721707972,-4.666591468670809,1.1225922626474016
MIROC,MIROC-ES2L,r1i1p1f2,gn,ssp245,2100-04,2100,4,139.15444497377433,240.74138220336428,-80.28345348441837,-284.5404874965158,-3.4766298020455935,-15.464590743815572,-3.8693343496567767,153.85297733527165,209.50018751526287,-103.91349209612389,-257.15609699210785,-7.231252400997411,-15.68121571347275,-20.62889235216735,-14.698532361497314,31.241194688101416,23.630038611705515,-27.384390504407975,3.7546225989518174,0.21662496965717715,16.759558002510573
MIROC,MIROC-ES2L,r1i1p1f2,gn,ssp245,2100-05,2100,5,219.04924625887418,276.90935865999836,-98.8141886209454,-312.6014647973113,-0.6990993009772721,-14.411822076634834,69.43203012300376,246.70169500271564,251.0877509758891,-149.22398744547607,-294.09121110661533,-3.5740003779165477,-15.43610176618813,35.4641452824087,-27.65244874384146,25.821607684109267,50.40979882453067,-18.510253690695947,2.8749010769392758,1.0242796895532962,33.967884840595055
MIROC,MIROC-ES2L,r1i1p1f2,gn,ssp245,2100-06,2100,6,235.3577619465462,304.430118958543,-63.47795537056681,-328.4688789208539,0.5723565810175304,-9.249055194988587,139.16434799969744,262.85967388536494,287.5439359862113,-118.0808217040136,-319.1397551813616,-0.4218753871641016,-12.337941570683821,100.42321602835318,-27.50191193881875,16.88618297233171,54.60286633344679,-9.329123739492331,0.9942319681816321,3.0888863756952336,38.74113197134426
MIROC,MIROC-ES2L,r1i1p1f2,gn,ssp245,2100-07,2100,7,195.10339217969138,316.2425063505426,-25.500672423740387,-339.0215245433935,-0.5862921180142033,-6.871449884195359,139.36595956089047,215.66988252964234,300.5301923815116,-73.02995970405915,-325.46176212074056,0.41270860793022107,-8.39102748653027,109.73003420775422,-20.566490349950953,15.712313969031015,47.52928728031877,-13.559762422652966,-0.9990007259444245,1.5195776023349108,29.63592535313626
MIROC,MIROC-ES2L,r1i1p1f2,gn,ssp245,2100-08,2100,8,118.91300409870883,317.2298063936448,-10.385150581082872,-344.2361101476268,-0.6866570905578311,-15.11724117380603,65.71765149928011,135.16208166491174,295.50242311597475,-37.03752417522527,-324.68498651157415,-0.464213324470985,-11.852725721887758,56.625055047728296,-16.249077566202914,21.72738327767007,26.6523735941424,-19.551123636052637,-0.22244376608684607,-3.264515451918273,9.092596451551813
MIROC,MIROC-ES2L,r1i1p1f2,gn,ssp245,2100-09,2100,9,53.464111106634356,302.6997006126887,-5.519629448549766,-338.72034261795756,-4.232546022789618,-28.8860423961277,-21.194748766101647,61.876713892617204,271.0061090726583,-17.776445273780446,-310.46478726779867,-5.377540528891009,-21.999781321033964,-22.735731426228572,-8.412602785982848,31.693591540030354,12.25681582523068,-28.255555350158886,1.1449945061013906,-6.886261075093735,1.5409826601269252
MIROC,MIROC-ES2L,r1i1p1f2,gn,ssp245,2100-10,2100,10,14.511005362023337,282.2011378131998,-2.0246546190827943,-326.9534113557705,-9.54749645648803,-35.815970228156026,-77.62938948427424,16.046420071477925,235.3408133578954,-5.013446595779057,-280.3624820651788,-13.7920859904137,-26.972101580576677,-74.75288280257493,-1.5354147094545887,46.86032445530441,2.988791976696263,-46.5909292905917,4.244589533925669,-8.843868647579349,-2.8765066816993112
MIROC,MIROC-ES2L,r1i1p1f2,gn,ssp245,2100-11,2100,11,2.0572118570544236,265.2554816831717,-0.3559787469494272,-310.6436910789491,-15.720294704139341,-38.41256998726357,-97.81984097707527,2.2346607690379368,206.07834229409005,-0.5505327509983511,-253.947457668769,-19.443062239311498,-26.85452686931898,-92.48257646526984,-0.1774489119835132,59.177139389081646,0.19455400404892387,-56.69623341018007,3.7227675351721565,-11.558043117944592,-5.337264511805429
MIROC,MIROC-ES2L,r1i1p1f2,gn,ssp245,2100-12,2100,12,0.3895726763953203,239.03782015177921,-0.07291328743496761,-289.9001698877616,-18.58903341145999,-34.65943636892319,-103.7941601274052,0.42759843987767737,191.39597646201616,-0.1463149110530818,-238.8125066111832,-20.102744137502,-25.136428982660664,-92.3744197405051,-0.03802576348235709,47.64184368976305,0.0734016236181142,-51.08766327657838,1.5137107260420102,-9.523007386262524,-11.419740386900102
