institution,source,member,siconc_grid,experiment,time,year,month,sia_Mkm2,pi_clim_sia_Mkm2,sia_anom_Mkm2
NCAR,CESM2-FV2,r1i1p1f1,gn,historical,1850-01,1850,1,12.379200828635176,12.70496826938363,-0.32576744074845365
NCAR,CESM2-FV2,r1i1p1f1,gn,historical,1850-02,1850,2,12.51006786722282,12.93605048971176,-0.4259826224889416
NCAR,CESM2-FV2,r1i1p1f1,gn,historical,1850-03,1850,3,12.796172755865188,12.975141814700955,-0.17896905883576686
NCAR,CESM2-FV2,r1i1p1f1,gn,historical,1850-04,1850,4,12.71939492951441,12.786552317116914,-0.06715738760250467
NCAR,CESM2-FV2,r1i1p1f1,gn,historical,1850-05,1850,5,11.714770087224736,11.856978087457001,-0.14220800023226587
NCAR,CESM2-FV2,r1i1p1f1,gn,historical,1850-06,1850,6,10.361033068366213,10.385082098663743,-0.024049030297529583
NCAR,CESM2-FV2,r1i1p1f1,gn,historical,1850-07,1850,7,8.468926407960023,8.431066340762834,0.037860067197188485
NCAR,CESM2-FV2,r1i1p1f1,gn,historical,1850-08,1850,8,6.9041444829479826,6.576964334348024,0.32718014859995836
NCAR,CESM2-FV2,r1i1p1f1,gn,historical,1850-09,1850,9,6.599225211947612,6.165581662342112,0.4336435496054998
NCAR,CESM2-FV2,r1i1p1f1,gn,historical,1850-10,1850,10,8.638919313258246,8.155874857603987,0.4830444556542588
NCAR,CESM2-FV2,r1i1p1f1,gn,historical,1850-11,1850,11,10.54986346931554,10.44197687393882,0.10788659537671919
NCAR,CESM2-FV2,r1i1p1f1,gn,historical,1850-12,1850,12,12.161493761543287,11.995661520923939,0.16583224061934843
NCAR,CESM2-FV2,r1i1p1f1,gn,historical,1851-01,1851,1,12.783142019024062,12.70496826938363,0.07817374964043289
NCAR,CESM2-FV2,r1i1p1f1,gn,historical,1851-02,1851,2,12.990783414655093,12.93605048971176,0.05473292494333215
NCAR,CESM2-FV2,r1i1p1f1,gn,historical,1851-03,1851,3,13.065395107917219,12.975141814700955,0.0902532932162643
NCAR,CESM2-FV2,r1i1p1f1,gn,historical,1851-04,1851,4,12.925007300774231,12.786552317116914,0.1384549836573168
NCAR,CESM2-FV2,r1i1p1f1,gn,historical,1851-05,1851,5,12.1437574436984,11.856978087457001,0.2867793562413983
NCAR,CESM2-FV2,r1i1p1f1,gn,historical,1851-06,1851,6,10.5901477055213,10.385082098663743,0.20506560685755737
NCAR,CESM2-FV2,r1i1p1f1,gn,historical,1851-07,1851,7,8.824683560835421,8.431066340762834,0.3936172200725867
NCAR,CESM2-FV2,r1i1p1f1,gn,historical,1851-08,1851,8,7.254093162718908,6.576964334348024,0.6771288283708836
NCAR,CESM2-FV2,r1i1p1f1,gn,historical,1851-09,1851,9,6.940339557267203,6.165581662342112,0.7747578949250906
NCAR,CESM2-FV2,r1i1p1f1,gn,historical,1851-10,1851,10,8.316423298774986,8.155874857603987,0.16054844117099876
NCAR,CESM2-FV2,r1i1p1f1,gn,historical,1851-11,1851,11,10.380988422200117,10.44197687393882,-0.060988451738703375
NCAR,CESM2-FV2,r1i1p1f1,gn,historical,1851-12,1851,12,12.233006227256203,11.995661520923939,0.237344706332264
NCAR,CESM2-FV2,r1i1p1f1,gn,historical,1852-01,1852,1,13.063992432938482,12.70496826938363,0.359024163554853
NCAR,CESM2-FV2,r1i1p1f1,gn,historical,1852-02,1852,2,13.272263611651,12.93605048971176,0.3362131219392399
NCAR,CESM2-FV2,r1i1p1f1,gn,historical,1852-03,1852,3,13.22014436647294,12.975141814700955,0.24500255177198582
NCAR,CESM2-FV2,r1i1p1f1,gn,historical,1852-04,1852,4,12.997952162530646,12.786552317116914,0.21139984541373202
NCAR,CESM2-FV2,r1i1p1f1,gn,historical,1852-05,1852,5,12.153435814482082,11.856978087457001,0.29645772702508033
NCAR,CESM2-FV2,r1i1p1f1,gn,historical,1852-06,1852,6,10.581484961509362,10.385082098663743,0.1964028628456198
NCAR,CESM2-FV2,r1i1p1f1,gn,historical,1852-07,1852,7,8.77183052084842,8.431066340762834,0.3407641800855856
NCAR,CESM2-FV2,r1i1p1f1,gn,historical,1852-08,1852,8,7.0388968127095515,6.576964334348024,0.4619324783615273
NCAR,CESM2-FV2,r1i1p1f1,gn,historical,1852-09,1852,9,6.747031322419276,6.165581662342112,0.5814496600771637
NCAR,CESM2-FV2,r1i1p1f1,gn,historical,1852-10,1852,10,8.337689996565844,8.155874857603987,0.18181513896185741
NCAR,CESM2-FV2,r1i1p1f1,gn,historical,1852-11,1852,11,10.563095520598699,10.44197687393882,0.12111864665987859
NCAR,CESM2-FV2,r1i1p1f1,gn,historical,1852-12,1852,12,12.071536330310423,11.995661520923939,0.07587480938648383
NCAR,CESM2-FV2,r1i1p1f1,gn,historical,1853-01,1853,1,12.744058628943083,12.70496826938363,0.03909035955945406
NCAR,CESM2-FV2,r1i1p1f1,gn,historical,1853-02,1853,2,12.734667734331566,12.93605048971176,-0.20138275538019457
NCAR,CESM2-FV2,r1i1p1f1,gn,historical,1853-03,1853,3,12.96554397490666,12.975141814700955,-0.00959783979429396
NCAR,CESM2-FV2,r1i1p1f1,gn,historical,1853-04,1853,4,12.952103490982035,12.786552317116914,0.1655511738651203
NCAR,CESM2-FV2,r1i1p1f1,gn,historical,1853-05,1853,5,11.936613326567194,11.856978087457001,0.07963523911019266
NCAR,CESM2-FV2,r1i1p1f1,gn,historical,1853-06,1853,6,10.45384708599038,10.385082098663743,0.06876498732663805
NCAR,CESM2-FV2,r1i1p1f1,gn,historical,1853-07,1853,7,8.48463950731879,8.431066340762834,0.0535731665559549
NCAR,CESM2-FV2,r1i1p1f1,gn,historical,1853-08,1853,8,6.854252169049861,6.576964334348024,0.2772878347018368
NCAR,CESM2-FV2,r1i1p1f1,gn,historical,1853-09,1853,9,6.518047082137064,6.165581662342112,0.35246541979495216
NCAR,CESM2-FV2,r1i1p1f1,gn,historical,1853-10,1853,10,8.313041626648717,8.155874857603987,0.15716676904473026
NCAR,CESM2-FV2,r1i1p1f1,gn,historical,1853-11,1853,11,10.606531152659475,10.44197687393882,0.16455427872065442
NCAR,CESM2-FV2,r1i1p1f1,gn,historical,1853-12,1853,12,12.008951589588538,11.995661520923939,0.01329006866459892
NCAR,CESM2-FV2,r1i1p1f1,gn,historical,1854-01,1854,1,12.814150351347614,12.70496826938363,0.1091820819639846
NCAR,CESM2-FV2,r1i1p1f1,gn,historical,1854-02,1854,2,13.062782469942302,12.93605048971176,0.12673198023054155
NCAR,CESM2-FV2,r1i1p1f1,gn,historical,1854-03,1854,3,13.03256191671673,12.975141814700955,0.057420102015775853
NCAR,CESM2-FV2,r1i1p1f1,gn,historical,1854-04,1854,4,12.734055452285224,12.786552317116914,-0.05249686483169036
NCAR,CESM2-FV2,r1i1p1f1,gn,historical,1854-05,1854,5,11.76294824759232,11.856978087457001,-0.09402983986468172
NCAR,CESM2-FV2,r1i1p1f1,gn,historical,1854-06,1854,6,10.383373985468015,10.385082098663743,-0.0017081131957272788
NCAR,CESM2-FV2,r1i1p1f1,gn,historical,1854-07,1854,7,8.542410460237539,8.431066340762834,0.11134411947470468
NCAR,CESM2-FV2,r1i1p1f1,gn,historical,1854-08,1854,8,7.043180971406156,6.576964334348024,0.46621663705813177
NCAR,CESM2-FV2,r1i1p1f1,gn,historical,1854-09,1854,9,6.7395253936828645,6.165581662342112,0.5739437313407523
NCAR,CESM2-FV2,r1i1p1f1,gn,historical,1854-10,1854,10,8.510362682066754,8.155874857603987,0.35448782446276716
NCAR,CESM2-FV2,r1i1p1f1,gn,historical,1854-11,1854,11,10.887669450981292,10.44197687393882,0.4456925770424718
NCAR,CESM2-FV2,r1i1p1f1,gn,historical,1854-12,1854,12,12.50065764386795,11.995661520923939,0.5049961229440108
NCAR,CESM2-FV2,r1i1p1f1,gn,historical,1855-01,1855,1,12.89489632543616,12.70496826938363,0.1899280560525316
NCAR,CESM2-FV2,r1i1p1f1,gn,historical,1855-02,1855,2,13.00429058233654,12.93605048971176,0.06824009262477837
NCAR,CESM2-FV2,r1i1p1f1,gn,historical,1855-03,1855,3,12.995115385562578,12.975141814700955,0.019973570861623102
NCAR,CESM2-FV2,r1i1p1f1,gn,historical,1855-04,1855,4,12.827574024234174,12.786552317116914,0.04102170711725961
NCAR,CESM2-FV2,r1i1p1f1,gn,historical,1855-05,1855,5,11.829729099124474,11.856978087457001,-0.02724898833252709
NCAR,CESM2-FV2,r1i1p1f1,gn,historical,1855-06,1855,6,10.539948749614766,10.385082098663743,0.15486665095102303
NCAR,CESM2-FV2,r1i1p1f1,gn,historical,1855-07,1855,7,8.731987159635096,8.431066340762834,0.3009208188722621
NCAR,CESM2-FV2,r1i1p1f1,gn,historical,1855-08,1855,8,6.8518117932580545,6.576964334348024,0.27484745891003026
NCAR,CESM2-FV2,r1i1p1f1,gn,historical,1855-09,1855,9,6.5731833253470136,6.165581662342112,0.4076016630049013
NCAR,CESM2-FV2,r1i1p1f1,gn,historical,1855-10,1855,10,9.042052285946246,8.155874857603987,0.8861774283422594
NCAR,CESM2-FV2,r1i1p1f1,gn,historical,1855-11,1855,11,10.851247684606452,10.44197687393882,0.40927081066763193
NCAR,CESM2-FV2,r1i1p1f1,gn,historical,1855-12,1855,12,12.338102607591356,11.995661520923939,0.34244108666741724
NCAR,CESM2-FV2,r1i1p1f1,gn,historical,1856-01,1856,1,12.986586016740974,12.70496826938363,0.2816177473573447
NCAR,CESM2-FV2,r1i1p1f1,gn,historical,1856-02,1856,2,13.079923965326444,12.93605048971176,0.1438734756146829
NCAR,CESM2-FV2,r1i1p1f1,gn,historical,1856-03,1856,3,13.142984743877307,12.975141814700955,0.16784292917635213
NCAR,CESM2-FV2,r1i1p1f1,gn,historical,1856-04,1856,4,13.148957255216612,12.786552317116914,0.3624049380996972
NCAR,CESM2-FV2,r1i1p1f1,gn,historical,1856-05,1856,5,12.174759186251938,11.856978087457001,0.31778109879493677
NCAR,CESM2-FV2,r1i1p1f1,gn,historical,1856-06,1856,6,10.667420944499998,10.385082098663743,0.28233884583625546
NCAR,CESM2-FV2,r1i1p1f1,gn,historical,1856-07,1856,7,8.701994309878646,8.431066340762834,0.27092796911581196
NCAR,CESM2-FV2,r1i1p1f1,gn,historical,1856-08,1856,8,6.716831564523606,6.576964334348024,0.13986723017558145
NCAR,CESM2-FV2,r1i1p1f1,gn,historical,1856-09,1856,9,6.1029428006266855,6.165581662342112,-0.06263886171542676
NCAR,CESM2-FV2,r1i1p1f1,gn,historical,1856-10,1856,10,8.411358558606635,8.155874857603987,0.25548370100264783
NCAR,CESM2-FV2,r1i1p1f1,gn,historical,1856-11,1856,11,10.589366678815525,10.44197687393882,0.1473898048767044
NCAR,CESM2-FV2,r1i1p1f1,gn,historical,1856-12,1856,12,12.215400142401803,11.995661520923939,0.21973862147786427
NCAR,CESM2-FV2,r1i1p1f1,gn,historical,1857-01,1857,1,12.796482229301178,12.70496826938363,0.09151395991754896
NCAR,CESM2-FV2,r1i1p1f1,gn,historical,1857-02,1857,2,13.076680224368355,12.93605048971176,0.1406297346565939
NCAR,CESM2-FV2,r1i1p1f1,gn,historical,1857-03,1857,3,13.036236684364775,12.975141814700955,0.06109486966382072
NCAR,CESM2-FV2,r1i1p1f1,gn,historical,1857-04,1857,4,12.968272392650512,12.786552317116914,0.18172007553359748
NCAR,CESM2-FV2,r1i1p1f1,gn,historical,1857-05,1857,5,11.859492026442824,11.856978087457001,0.002513938985822861
NCAR,CESM2-FV2,r1i1p1f1,gn,historical,1857-06,1857,6,10.09628087692667,10.385082098663743,-0.28880122173707257
NCAR,CESM2-FV2,r1i1p1f1,gn,historical,1857-07,1857,7,7.887478570072961,8.431066340762834,-0.5435877706898733
NCAR,CESM2-FV2,r1i1p1f1,gn,historical,1857-08,1857,8,6.193505158711934,6.576964334348024,-0.3834591756360899
NCAR,CESM2-FV2,r1i1p1f1,gn,historical,1857-09,1857,9,6.039651179786914,6.165581662342112,-0.1259304825551979
NCAR,CESM2-FV2,r1i1p1f1,gn,historical,1857-10,1857,10,8.38478043804953,8.155874857603987,0.22890558044554332
NCAR,CESM2-FV2,r1i1p1f1,gn,historical,1857-11,1857,11,10.157443356056046,10.44197687393882,-0.2845335178827746
NCAR,CESM2-FV2,r1i1p1f1,gn,historical,1857-12,1857,12,11.784814542126131,11.995661520923939,-0.21084697879780734
NCAR,CESM2-FV2,r1i1p1f1,gn,historical,1858-01,1858,1,12.682995338037149,12.70496826938363,-0.021972931346480706
NCAR,CESM2-FV2,r1i1p1f1,gn,historical,1858-02,1858,2,12.971967156248446,12.93605048971176,0.03591666653668568
NCAR,CESM2-FV2,r1i1p1f1,gn,historical,1858-03,1858,3,13.03059277992562,12.975141814700955,0.05545096522466508
NCAR,CESM2-FV2,r1i1p1f1,gn,historical,1858-04,1858,4,12.844824729574304,12.786552317116914,0.05827241245738968
NCAR,CESM2-FV2,r1i1p1f1,gn,historical,1858-05,1858,5,12.097390481237694,11.856978087457001,0.24041239378069257
NCAR,CESM2-FV2,r1i1p1f1,gn,historical,1858-06,1858,6,10.54986599160356,10.385082098663743,0.164783892939818
NCAR,CESM2-FV2,r1i1p1f1,gn,historical,1858-07,1858,7,8.646758719691798,8.431066340762834,0.21569237892896354
NCAR,CESM2-FV2,r1i1p1f1,gn,historical,1858-08,1858,8,7.016747228732031,6.576964334348024,0.439782894384007
NCAR,CESM2-FV2,r1i1p1f1,gn,historical,1858-09,1858,9,6.63799548211969,6.165581662342112,0.4724138197775778
NCAR,CESM2-FV2,r1i1p1f1,gn,historical,1858-10,1858,10,8.192072399822846,8.155874857603987,0.036197542218859624
NCAR,CESM2-FV2,r1i1p1f1,gn,historical,1858-11,1858,11,10.371974082433333,10.44197687393882,-0.0700027915054875
NCAR,CESM2-FV2,r1i1p1f1,gn,historical,1858-12,1858,12,11.998639824341648,11.995661520923939,0.002978303417709327
NCAR,CESM2-FV2,r1i1p1f1,gn,historical,1859-01,1859,1,12.566606747148489,12.70496826938363,-0.1383615222351402
NCAR,CESM2-FV2,r1i1p1f1,gn,historical,1859-02,1859,2,12.856329516753672,12.93605048971176,-0.07972097295808922
NCAR,CESM2-FV2,r1i1p1f1,gn,historical,1859-03,1859,3,13.0641938978111,12.975141814700955,0.08905208311014512
NCAR,CESM2-FV2,r1i1p1f1,gn,historical,1859-04,1859,4,12.848376846109606,12.786552317116914,0.061824528992691086
NCAR,CESM2-FV2,r1i1p1f1,gn,historical,1859-05,1859,5,11.898000734954278,11.856978087457001,0.04102264749727702
NCAR,CESM2-FV2,r1i1p1f1,gn,historical,1859-06,1859,6,10.160379183296286,10.385082098663743,-0.22470291536745712
NCAR,CESM2-FV2,r1i1p1f1,gn,historical,1859-07,1859,7,8.070347487322337,8.431066340762834,-0.36071885344049726
NCAR,CESM2-FV2,r1i1p1f1,gn,historical,1859-08,1859,8,6.405733831890153,6.576964334348024,-0.1712305024578713
NCAR,CESM2-FV2,r1i1p1f1,gn,historical,1859-09,1859,9,6.120175487235998,6.165581662342112,-0.04540617510611433
NCAR,CESM2-FV2,r1i1p1f1,gn,historical,1859-10,1859,10,8.393315239226933,8.155874857603987,0.237440381622946
NCAR,CESM2-FV2,r1i1p1f1,gn,historical,1859-11,1859,11,10.26161081495165,10.44197687393882,-0.18036605898717006
NCAR,CESM2-FV2,r1i1p1f1,gn,historical,1859-12,1859,12,11.617372389467855,11.995661520923939,-0.3782891314560839
NCAR,CESM2-FV2,r1i1p1f1,gn,historical,1860-01,1860,1,12.30256147227567,12.70496826938363,-0.40240679710795924
NCAR,CESM2-FV2,r1i1p1f1,gn,historical,1860-02,1860,2,12.73136753820619,12.93605048971176,-0.20468295150557125
NCAR,CESM2-FV2,r1i1p1f1,gn,historical,1860-03,1860,3,12.719405610152174,12.975141814700955,-0.2557362045487803
NCAR,CESM2-FV2,r1i1p1f1,gn,historical,1860-04,1860,4,12.518143136034082,12.786552317116914,-0.2684091810828324
NCAR,CESM2-FV2,r1i1p1f1,gn,historical,1860-05,1860,5,11.576595055923113,11.856978087457001,-0.2803830315338889
NCAR,CESM2-FV2,r1i1p1f1,gn,historical,1860-06,1860,6,10.319550575032613,10.385082098663743,-0.06553152363112957
NCAR,CESM2-FV2,r1i1p1f1,gn,historical,1860-07,1860,7,8.503782056353996,8.431066340762834,0.07271571559116197
NCAR,CESM2-FV2,r1i1p1f1,gn,historical,1860-08,1860,8,6.613255938243709,6.576964334348024,0.036291603895684865
NCAR,CESM2-FV2,r1i1p1f1,gn,historical,1860-09,1860,9,6.1716475671651825,6.165581662342112,0.006065904823070234
NCAR,CESM2-FV2,r1i1p1f1,gn,historical,1860-10,1860,10,8.000821741404586,8.155874857603987,-0.15505311619940088
NCAR,CESM2-FV2,r1i1p1f1,gn,historical,1860-11,1860,11,10.279298085468707,10.44197687393882,-0.16267878847011374
NCAR,CESM2-FV2,r1i1p1f1,gn,historical,1860-12,1860,12,11.76838598190123,11.995661520923939,-0.22727553902270792
NCAR,CESM2-FV2,r1i1p1f1,gn,historical,1861-01,1861,1,12.350993171762875,12.70496826938363,-0.3539750976207543
NCAR,CESM2-FV2,r1i1p1f1,gn,historical,1861-02,1861,2,12.636709826443893,12.93605048971176,-0.2993406632678681
NCAR,CESM2-FV2,r1i1p1f1,gn,historical,1861-03,1861,3,12.682157399471945,12.975141814700955,-0.2929844152290091
NCAR,CESM2-FV2,r1i1p1f1,gn,historical,1861-04,1861,4,12.53832506492742,12.786552317116914,-0.24822725218949415
NCAR,CESM2-FV2,r1i1p1f1,gn,historical,1861-05,1861,5,11.63855450032012,11.856978087457001,-0.21842358713688093
NCAR,CESM2-FV2,r1i1p1f1,gn,historical,1861-06,1861,6,10.048294519699377,10.385082098663743,-0.3367875789643655
NCAR,CESM2-FV2,r1i1p1f1,gn,historical,1861-07,1861,7,8.00086929819101,8.431066340762834,-0.4301970425718249
NCAR,CESM2-FV2,r1i1p1f1,gn,historical,1861-08,1861,8,6.089080230937043,6.576964334348024,-0.4878841034109813
NCAR,CESM2-FV2,r1i1p1f1,gn,historical,1861-09,1861,9,5.688369418076124,6.165581662342112,-0.4772122442659885
NCAR,CESM2-FV2,r1i1p1f1,gn,historical,1861-10,1861,10,7.722661919826271,8.155874857603987,-0.4332129377777161
NCAR,CESM2-FV2,r1i1p1f1,gn,historical,1861-11,1861,11,10.763662115616684,10.44197687393882,0.32168524167786394
NCAR,CESM2-FV2,r1i1p1f1,gn,historical,1861-12,1861,12,11.879699248786293,11.995661520923939,-0.11596227213764543
NCAR,CESM2-FV2,r1i1p1f1,gn,historical,1862-01,1862,1,12.510217529185423,12.70496826938363,-0.19475074019820582
NCAR,CESM2-FV2,r1i1p1f1,gn,historical,1862-02,1862,2,12.679345327106178,12.93605048971176,-0.2567051626055825
NCAR,CESM2-FV2,r1i1p1f1,gn,historical,1862-03,1862,3,12.7078748883808,12.975141814700955,-0.26726692632015414
NCAR,CESM2-FV2,r1i1p1f1,gn,historical,1862-04,1862,4,12.326780219361058,12.786552317116914,-0.4597720977558559
NCAR,CESM2-FV2,r1i1p1f1,gn,historical,1862-05,1862,5,11.554815535012954,11.856978087457001,-0.302162552444047
NCAR,CESM2-FV2,r1i1p1f1,gn,historical,1862-06,1862,6,10.178322715766821,10.385082098663743,-0.2067593828969212
NCAR,CESM2-FV2,r1i1p1f1,gn,historical,1862-07,1862,7,8.295278262578915,8.431066340762834,-0.13578807818391958
NCAR,CESM2-FV2,r1i1p1f1,gn,historical,1862-08,1862,8,6.552816792202129,6.576964334348024,-0.02414754214589543
NCAR,CESM2-FV2,r1i1p1f1,gn,historical,1862-09,1862,9,6.585333896180953,6.165581662342112,0.41975223383884064
NCAR,CESM2-FV2,r1i1p1f1,gn,historical,1862-10,1862,10,8.110397966604339,8.155874857603987,-0.045476890999648134
NCAR,CESM2-FV2,r1i1p1f1,gn,historical,1862-11,1862,11,9.938026255091208,10.44197687393882,-0.5039506188476128
NCAR,CESM2-FV2,r1i1p1f1,gn,historical,1862-12,1862,12,11.37608569948916,11.995661520923939,-0.6195758214347791
NCAR,CESM2-FV2,r1i1p1f1,gn,historical,1863-01,1863,1,12.180335074737105,12.70496826938363,-0.5246331946465244
NCAR,CESM2-FV2,r1i1p1f1,gn,historical,1863-02,1863,2,12.548151065343879,12.93605048971176,-0.38789942436788216
NCAR,CESM2-FV2,r1i1p1f1,gn,historical,1863-03,1863,3,12.690105093516351,12.975141814700955,-0.28503672118460344
NCAR,CESM2-FV2,r1i1p1f1,gn,historical,1863-04,1863,4,12.403879126655418,12.786552317116914,-0.38267319046149595
NCAR,CESM2-FV2,r1i1p1f1,gn,historical,1863-05,1863,5,11.475794908543023,11.856978087457001,-0.3811831789139788
NCAR,CESM2-FV2,r1i1p1f1,gn,historical,1863-06,1863,6,9.958455370369226,10.385082098663743,-0.42662672829451687
NCAR,CESM2-FV2,r1i1p1f1,gn,historical,1863-07,1863,7,8.085509530862318,8.431066340762834,-0.3455568099005166
NCAR,CESM2-FV2,r1i1p1f1,gn,historical,1863-08,1863,8,6.4570222252732705,6.576964334348024,-0.11994210907475367
NCAR,CESM2-FV2,r1i1p1f1,gn,historical,1863-09,1863,9,5.806824211395297,6.165581662342112,-0.35875745094681566
NCAR,CESM2-FV2,r1i1p1f1,gn,historical,1863-10,1863,10,7.67483412474533,8.155874857603987,-0.48104073285865656
NCAR,CESM2-FV2,r1i1p1f1,gn,historical,1863-11,1863,11,10.24234932484359,10.44197687393882,-0.19962754909523106
NCAR,CESM2-FV2,r1i1p1f1,gn,historical,1863-12,1863,12,11.530182546894535,11.995661520923939,-0.46547897402940386
NCAR,CESM2-FV2,r1i1p1f1,gn,historical,1864-01,1864,1,12.206312051782842,12.70496826938363,-0.4986562176007876
NCAR,CESM2-FV2,r1i1p1f1,gn,historical,1864-02,1864,2,12.620830699861672,12.93605048971176,-0.31521978985008836
NCAR,CESM2-FV2,r1i1p1f1,gn,historical,1864-03,1864,3,12.618512968428426,12.975141814700955,-0.3566288462725282
NCAR,CESM2-FV2,r1i1p1f1,gn,historical,1864-04,1864,4,12.43766734196437,12.786552317116914,-0.3488849751525436
NCAR,CESM2-FV2,r1i1p1f1,gn,historical,1864-05,1864,5,11.500794697717234,11.856978087457001,-0.35618338973976726
NCAR,CESM2-FV2,r1i1p1f1,gn,historical,1864-06,1864,6,10.11693037622675,10.385082098663743,-0.26815172243699337
NCAR,CESM2-FV2,r1i1p1f1,gn,historical,1864-07,1864,7,8.012308448678755,8.431066340762834,-0.4187578920840789
NCAR,CESM2-FV2,r1i1p1f1,gn,historical,1864-08,1864,8,5.753507597286898,6.576964334348024,-0.8234567370611261
NCAR,CESM2-FV2,r1i1p1f1,gn,historical,1864-09,1864,9,5.324782980739754,6.165581662342112,-0.840798681602358
NCAR,CESM2-FV2,r1i1p1f1,gn,historical,1864-10,1864,10,7.282713527394486,8.155874857603987,-0.8731613302095012
NCAR,CESM2-FV2,r1i1p1f1,gn,historical,1864-11,1864,11,10.14509434566163,10.44197687393882,-0.29688252827719097
NCAR,CESM2-FV2,r1i1p1f1,gn,historical,1864-12,1864,12,11.775762555502219,11.995661520923939,-0.21989896542172005
NCAR,CESM2-FV2,r1i1p1f1,gn,historical,1865-01,1865,1,12.70247312687778,12.70496826938363,-0.002495142505848591
NCAR,CESM2-FV2,r1i1p1f1,gn,historical,1865-02,1865,2,12.902573040041204,12.93605048971176,-0.033477449670556325
NCAR,CESM2-FV2,r1i1p1f1,gn,historical,1865-03,1865,3,12.910969702335208,12.975141814700955,-0.06417211236574616
NCAR,CESM2-FV2,r1i1p1f1,gn,historical,1865-04,1865,4,12.66568518243864,12.786552317116914,-0.12086713467827437
NCAR,CESM2-FV2,r1i1p1f1,gn,historical,1865-05,1865,5,11.811884895765738,11.856978087457001,-0.04509319169126336
NCAR,CESM2-FV2,r1i1p1f1,gn,historical,1865-06,1865,6,10.208502217815543,10.385082098663743,-0.17657988084819998
NCAR,CESM2-FV2,r1i1p1f1,gn,historical,1865-07,1865,7,7.9608023265151076,8.431066340762834,-0.4702640142477268
NCAR,CESM2-FV2,r1i1p1f1,gn,historical,1865-08,1865,8,6.004522289799751,6.576964334348024,-0.5724420445482732
NCAR,CESM2-FV2,r1i1p1f1,gn,historical,1865-09,1865,9,5.4445033775845015,6.165581662342112,-0.7210782847576107
NCAR,CESM2-FV2,r1i1p1f1,gn,historical,1865-10,1865,10,7.079517160126822,8.155874857603987,-1.0763576974771647
NCAR,CESM2-FV2,r1i1p1f1,gn,historical,1865-11,1865,11,9.551412209352423,10.44197687393882,-0.8905646645863978
NCAR,CESM2-FV2,r1i1p1f1,gn,historical,1865-12,1865,12,11.5620150088445,11.995661520923939,-0.43364651207943794
NCAR,CESM2-FV2,r1i1p1f1,gn,historical,1866-01,1866,1,12.601955528186593,12.70496826938363,-0.10301274119703585
NCAR,CESM2-FV2,r1i1p1f1,gn,historical,1866-02,1866,2,12.89750750962563,12.93605048971176,-0.038542980086130996
NCAR,CESM2-FV2,r1i1p1f1,gn,historical,1866-03,1866,3,12.956406444584454,12.975141814700955,-0.018735370116500505
NCAR,CESM2-FV2,r1i1p1f1,gn,historical,1866-04,1866,4,12.742306244112305,12.786552317116914,-0.0442460730046097
NCAR,CESM2-FV2,r1i1p1f1,gn,historical,1866-05,1866,5,11.728269224377115,11.856978087457001,-0.12870886307988627
NCAR,CESM2-FV2,r1i1p1f1,gn,historical,1866-06,1866,6,10.160855196568656,10.385082098663743,-0.22422690209508644
NCAR,CESM2-FV2,r1i1p1f1,gn,historical,1866-07,1866,7,8.030376268037294,8.431066340762834,-0.40069007272554025
NCAR,CESM2-FV2,r1i1p1f1,gn,historical,1866-08,1866,8,6.0606449389337,6.576964334348024,-0.5163193954143246
NCAR,CESM2-FV2,r1i1p1f1,gn,historical,1866-09,1866,9,5.661167711269256,6.165581662342112,-0.5044139510728565
NCAR,CESM2-FV2,r1i1p1f1,gn,historical,1866-10,1866,10,7.423893519047055,8.155874857603987,-0.731981338556932
NCAR,CESM2-FV2,r1i1p1f1,gn,historical,1866-11,1866,11,10.0018931772138,10.44197687393882,-0.44008369672502035
NCAR,CESM2-FV2,r1i1p1f1,gn,historical,1866-12,1866,12,11.861597681308286,11.995661520923939,-0.13406383961565282
NCAR,CESM2-FV2,r1i1p1f1,gn,historical,1867-01,1867,1,12.707310429392532,12.70496826938363,0.0023421600089026384
NCAR,CESM2-FV2,r1i1p1f1,gn,historical,1867-02,1867,2,12.878896019986223,12.93605048971176,-0.05715446972553728
NCAR,CESM2-FV2,r1i1p1f1,gn,historical,1867-03,1867,3,12.97700673154677,12.975141814700955,0.0018649168458146903
NCAR,CESM2-FV2,r1i1p1f1,gn,historical,1867-04,1867,4,12.750447139071408,12.786552317116914,-0.03610517804550639
NCAR,CESM2-FV2,r1i1p1f1,gn,historical,1867-05,1867,5,11.839250608563598,11.856978087457001,-0.01772747889340387
NCAR,CESM2-FV2,r1i1p1f1,gn,historical,1867-06,1867,6,10.310464093472845,10.385082098663743,-0.07461800519089756
NCAR,CESM2-FV2,r1i1p1f1,gn,historical,1867-07,1867,7,7.887971108602702,8.431066340762834,-0.5430952321601321
NCAR,CESM2-FV2,r1i1p1f1,gn,historical,1867-08,1867,8,5.534034096481253,6.576964334348024,-1.0429302378667709
NCAR,CESM2-FV2,r1i1p1f1,gn,historical,1867-09,1867,9,4.98240299223839,6.165581662342112,-1.1831786701037226
NCAR,CESM2-FV2,r1i1p1f1,gn,historical,1867-10,1867,10,7.773301954335508,8.155874857603987,-0.38257290326847837
NCAR,CESM2-FV2,r1i1p1f1,gn,historical,1867-11,1867,11,10.412623451329214,10.44197687393882,-0.029353422609606383
NCAR,CESM2-FV2,r1i1p1f1,gn,historical,1867-12,1867,12,12.01756819792986,11.995661520923939,0.021906677005921082
NCAR,CESM2-FV2,r1i1p1f1,gn,historical,1868-01,1868,1,12.805587653229438,12.70496826938363,0.10061938384580849
NCAR,CESM2-FV2,r1i1p1f1,gn,historical,1868-02,1868,2,13.002574445800851,12.93605048971176,0.06652395608909067
NCAR,CESM2-FV2,r1i1p1f1,gn,historical,1868-03,1868,3,13.043350126940371,12.975141814700955,0.06820831223941681
NCAR,CESM2-FV2,r1i1p1f1,gn,historical,1868-04,1868,4,12.818642984886779,12.786552317116914,0.03209066776986447
NCAR,CESM2-FV2,r1i1p1f1,gn,historical,1868-05,1868,5,11.806928013626624,11.856978087457001,-0.05005007383037707
NCAR,CESM2-FV2,r1i1p1f1,gn,historical,1868-06,1868,6,10.182351363804017,10.385082098663743,-0.20273073485972581
NCAR,CESM2-FV2,r1i1p1f1,gn,historical,1868-07,1868,7,8.177314575040901,8.431066340762834,-0.25375176572193325
NCAR,CESM2-FV2,r1i1p1f1,gn,historical,1868-08,1868,8,5.83132503125693,6.576964334348024,-0.7456393030910942
NCAR,CESM2-FV2,r1i1p1f1,gn,historical,1868-09,1868,9,5.309877330313583,6.165581662342112,-0.8557043320285294
NCAR,CESM2-FV2,r1i1p1f1,gn,historical,1868-10,1868,10,8.458452155204139,8.155874857603987,0.30257729760015195
NCAR,CESM2-FV2,r1i1p1f1,gn,historical,1868-11,1868,11,10.327593498804012,10.44197687393882,-0.11438337513480867
NCAR,CESM2-FV2,r1i1p1f1,gn,historical,1868-12,1868,12,11.460498472350528,11.995661520923939,-0.5351630485734109
NCAR,CESM2-FV2,r1i1p1f1,gn,historical,1869-01,1869,1,12.448930121399473,12.70496826938363,-0.2560381479841567
NCAR,CESM2-FV2,r1i1p1f1,gn,historical,1869-02,1869,2,12.636716887112293,12.93605048971176,-0.29933360259946795
NCAR,CESM2-FV2,r1i1p1f1,gn,historical,1869-03,1869,3,12.891795151577616,12.975141814700955,-0.08334666312333816
NCAR,CESM2-FV2,r1i1p1f1,gn,historical,1869-04,1869,4,12.504805584807446,12.786552317116914,-0.28174673230946823
NCAR,CESM2-FV2,r1i1p1f1,gn,historical,1869-05,1869,5,11.532805515768066,11.856978087457001,-0.3241725716889352
NCAR,CESM2-FV2,r1i1p1f1,gn,historical,1869-06,1869,6,10.099696005114964,10.385082098663743,-0.2853860935487784
NCAR,CESM2-FV2,r1i1p1f1,gn,historical,1869-07,1869,7,8.293997261355825,8.431066340762834,-0.1370690794070093
NCAR,CESM2-FV2,r1i1p1f1,gn,historical,1869-08,1869,8,6.0620186043509365,6.576964334348024,-0.5149457299970877
NCAR,CESM2-FV2,r1i1p1f1,gn,historical,1869-09,1869,9,5.515496122931103,6.165581662342112,-0.650085539411009
NCAR,CESM2-FV2,r1i1p1f1,gn,historical,1869-10,1869,10,7.580254167500312,8.155874857603987,-0.5756206901036744
NCAR,CESM2-FV2,r1i1p1f1,gn,historical,1869-11,1869,11,10.192212157892703,10.44197687393882,-0.24976471604611739
NCAR,CESM2-FV2,r1i1p1f1,gn,historical,1869-12,1869,12,11.708351003254554,11.995661520923939,-0.2873105176693844
NCAR,CESM2-FV2,r1i1p1f1,gn,historical,1870-01,1870,1,12.635001212831739,12.70496826938363,-0.0699670565518904
NCAR,CESM2-FV2,r1i1p1f1,gn,historical,1870-02,1870,2,12.81603680690486,12.93605048971176,-0.12001368280690095
NCAR,CESM2-FV2,r1i1p1f1,gn,historical,1870-03,1870,3,12.7573213876997,12.975141814700955,-0.21782042700125537
NCAR,CESM2-FV2,r1i1p1f1,gn,historical,1870-04,1870,4,12.621664841106005,12.786552317116914,-0.16488747601090914
NCAR,CESM2-FV2,r1i1p1f1,gn,historical,1870-05,1870,5,11.572290854285871,11.856978087457001,-0.2846872331711303
NCAR,CESM2-FV2,r1i1p1f1,gn,historical,1870-06,1870,6,10.089756040285081,10.385082098663743,-0.2953260583786612
NCAR,CESM2-FV2,r1i1p1f1,gn,historical,1870-07,1870,7,7.977572049707206,8.431066340762834,-0.45349429105562855
NCAR,CESM2-FV2,r1i1p1f1,gn,historical,1870-08,1870,8,5.812578504498275,6.576964334348024,-0.7643858298497488
NCAR,CESM2-FV2,r1i1p1f1,gn,historical,1870-09,1870,9,5.463265674610158,6.165581662342112,-0.7023159877319545
NCAR,CESM2-FV2,r1i1p1f1,gn,historical,1870-10,1870,10,7.5291588743631035,8.155874857603987,-0.6267159832408833
NCAR,CESM2-FV2,r1i1p1f1,gn,historical,1870-11,1870,11,10.102489253158852,10.44197687393882,-0.33948762077996797
NCAR,CESM2-FV2,r1i1p1f1,gn,historical,1870-12,1870,12,11.703182461747794,11.995661520923939,-0.29247905917614503
NCAR,CESM2-FV2,r1i1p1f1,gn,historical,1871-01,1871,1,12.53371713982357,12.70496826938363,-0.1712511295600585
NCAR,CESM2-FV2,r1i1p1f1,gn,historical,1871-02,1871,2,12.790585350829645,12.93605048971176,-0.1454651388821162
NCAR,CESM2-FV2,r1i1p1f1,gn,historical,1871-03,1871,3,12.875451308561066,12.975141814700955,-0.09969050613988806
NCAR,CESM2-FV2,r1i1p1f1,gn,historical,1871-04,1871,4,12.609050030825214,12.786552317116914,-0.17750228629170017
NCAR,CESM2-FV2,r1i1p1f1,gn,historical,1871-05,1871,5,12.001877459104003,11.856978087457001,0.14489937164700173
NCAR,CESM2-FV2,r1i1p1f1,gn,historical,1871-06,1871,6,10.430195091758344,10.385082098663743,0.045112993094601705
NCAR,CESM2-FV2,r1i1p1f1,gn,historical,1871-07,1871,7,8.566451532523143,8.431066340762834,0.1353851917603084
NCAR,CESM2-FV2,r1i1p1f1,gn,historical,1871-08,1871,8,6.9279892341040945,6.576964334348024,0.3510248997560703
NCAR,CESM2-FV2,r1i1p1f1,gn,historical,1871-09,1871,9,6.6208741106070645,6.165581662342112,0.4552924482649523
NCAR,CESM2-FV2,r1i1p1f1,gn,historical,1871-10,1871,10,8.133844724430546,8.155874857603987,-0.022030133173441158
NCAR,CESM2-FV2,r1i1p1f1,gn,historical,1871-11,1871,11,10.305409120532582,10.44197687393882,-0.13656775340623817
NCAR,CESM2-FV2,r1i1p1f1,gn,historical,1871-12,1871,12,12.139512467784208,11.995661520923939,0.1438509468602689
NCAR,CESM2-FV2,r1i1p1f1,gn,historical,1872-01,1872,1,12.495434787061129,12.70496826938363,-0.20953348232250057
NCAR,CESM2-FV2,r1i1p1f1,gn,historical,1872-02,1872,2,12.644594423574096,12.93605048971176,-0.2914560661376644
NCAR,CESM2-FV2,r1i1p1f1,gn,historical,1872-03,1872,3,12.619962808987284,12.975141814700955,-0.355179005713671
NCAR,CESM2-FV2,r1i1p1f1,gn,historical,1872-04,1872,4,12.47415739507686,12.786552317116914,-0.31239492204005437
NCAR,CESM2-FV2,r1i1p1f1,gn,historical,1872-05,1872,5,11.667699502754344,11.856978087457001,-0.18927858470265768
NCAR,CESM2-FV2,r1i1p1f1,gn,historical,1872-06,1872,6,10.32574892126316,10.385082098663743,-0.05933317740058186
NCAR,CESM2-FV2,r1i1p1f1,gn,historical,1872-07,1872,7,8.237679489208125,8.431066340762834,-0.1933868515547097
NCAR,CESM2-FV2,r1i1p1f1,gn,historical,1872-08,1872,8,6.265767421522221,6.576964334348024,-0.3111969128258032
NCAR,CESM2-FV2,r1i1p1f1,gn,historical,1872-09,1872,9,5.955318823377666,6.165581662342112,-0.21026283896444653
NCAR,CESM2-FV2,r1i1p1f1,gn,historical,1872-10,1872,10,7.853141725065492,8.155874857603987,-0.30273313253849476
NCAR,CESM2-FV2,r1i1p1f1,gn,historical,1872-11,1872,11,10.372533297034735,10.44197687393882,-0.06944357690408509
NCAR,CESM2-FV2,r1i1p1f1,gn,historical,1872-12,1872,12,11.942260598477445,11.995661520923939,-0.05340092244649419
NCAR,CESM2-FV2,r1i1p1f1,gn,historical,1873-01,1873,1,12.69832744816904,12.70496826938363,-0.006640821214588755
NCAR,CESM2-FV2,r1i1p1f1,gn,historical,1873-02,1873,2,12.868917195354559,12.93605048971176,-0.06713329435720183
NCAR,CESM2-FV2,r1i1p1f1,gn,historical,1873-03,1873,3,12.900811904016027,12.975141814700955,-0.07432991068492711
NCAR,CESM2-FV2,r1i1p1f1,gn,historical,1873-04,1873,4,12.522702499300102,12.786552317116914,-0.26384981781681205
NCAR,CESM2-FV2,r1i1p1f1,gn,historical,1873-05,1873,5,11.618793087443033,11.856978087457001,-0.23818500001396892
NCAR,CESM2-FV2,r1i1p1f1,gn,historical,1873-06,1873,6,10.15125006908313,10.385082098663743,-0.2338320295806131
NCAR,CESM2-FV2,r1i1p1f1,gn,historical,1873-07,1873,7,8.182179186853363,8.431066340762834,-0.2488871539094717
NCAR,CESM2-FV2,r1i1p1f1,gn,historical,1873-08,1873,8,6.406599377282496,6.576964334348024,-0.17036495706552834
NCAR,CESM2-FV2,r1i1p1f1,gn,historical,1873-09,1873,9,6.1471626556843715,6.165581662342112,-0.018419006657740766
NCAR,CESM2-FV2,r1i1p1f1,gn,historical,1873-10,1873,10,8.034239493420255,8.155874857603987,-0.12163536418373155
NCAR,CESM2-FV2,r1i1p1f1,gn,historical,1873-11,1873,11,10.29667278187342,10.44197687393882,-0.14530409206540007
NCAR,CESM2-FV2,r1i1p1f1,gn,historical,1873-12,1873,12,12.012621556923772,11.995661520923939,0.016960035999833423
NCAR,CESM2-FV2,r1i1p1f1,gn,historical,1874-01,1874,1,12.573515849311324,12.70496826938363,-0.1314524200723053
NCAR,CESM2-FV2,r1i1p1f1,gn,historical,1874-02,1874,2,12.719770114442781,12.93605048971176,-0.2162803752689797
NCAR,CESM2-FV2,r1i1p1f1,gn,historical,1874-03,1874,3,12.685046230638454,12.975141814700955,-0.2900955840625006
NCAR,CESM2-FV2,r1i1p1f1,gn,historical,1874-04,1874,4,12.588586915049566,12.786552317116914,-0.19796540206734825
NCAR,CESM2-FV2,r1i1p1f1,gn,historical,1874-05,1874,5,11.64004802853339,11.856978087457001,-0.21693005892361228
NCAR,CESM2-FV2,r1i1p1f1,gn,historical,1874-06,1874,6,10.263007377365927,10.385082098663743,-0.12207472129781571
NCAR,CESM2-FV2,r1i1p1f1,gn,historical,1874-07,1874,7,8.34532541040628,8.431066340762834,-0.08574093035655395
NCAR,CESM2-FV2,r1i1p1f1,gn,historical,1874-08,1874,8,6.359957038715338,6.576964334348024,-0.21700729563268606
NCAR,CESM2-FV2,r1i1p1f1,gn,historical,1874-09,1874,9,5.639884593883739,6.165581662342112,-0.5256970684583733
NCAR,CESM2-FV2,r1i1p1f1,gn,historical,1874-10,1874,10,7.058791237630139,8.155874857603987,-1.0970836199738478
NCAR,CESM2-FV2,r1i1p1f1,gn,historical,1874-11,1874,11,9.981525143932998,10.44197687393882,-0.46045173000582196
NCAR,CESM2-FV2,r1i1p1f1,gn,historical,1874-12,1874,12,11.592820859451448,11.995661520923939,-0.4028406614724904
NCAR,CESM2-FV2,r1i1p1f1,gn,historical,1875-01,1875,1,12.35423244536832,12.70496826938363,-0.35073582401530956
NCAR,CESM2-FV2,r1i1p1f1,gn,historical,1875-02,1875,2,12.625455014703004,12.93605048971176,-0.31059547500875695
NCAR,CESM2-FV2,r1i1p1f1,gn,historical,1875-03,1875,3,12.492982036609703,12.975141814700955,-0.4821597780912512
NCAR,CESM2-FV2,r1i1p1f1,gn,historical,1875-04,1875,4,12.119520757503972,12.786552317116914,-0.6670315596129424
NCAR,CESM2-FV2,r1i1p1f1,gn,historical,1875-05,1875,5,11.209108737716596,11.856978087457001,-0.6478693497404056
NCAR,CESM2-FV2,r1i1p1f1,gn,historical,1875-06,1875,6,9.817607010101563,10.385082098663743,-0.5674750885621798
NCAR,CESM2-FV2,r1i1p1f1,gn,historical,1875-07,1875,7,7.674921710298696,8.431066340762834,-0.7561446304641386
NCAR,CESM2-FV2,r1i1p1f1,gn,historical,1875-08,1875,8,5.4114425934557095,6.576964334348024,-1.1655217408923146
NCAR,CESM2-FV2,r1i1p1f1,gn,historical,1875-09,1875,9,4.716408125638241,6.165581662342112,-1.4491735367038716
NCAR,CESM2-FV2,r1i1p1f1,gn,historical,1875-10,1875,10,7.39769400064728,8.155874857603987,-0.7581808569567068
NCAR,CESM2-FV2,r1i1p1f1,gn,historical,1875-11,1875,11,9.532184305026792,10.44197687393882,-0.9097925689120281
NCAR,CESM2-FV2,r1i1p1f1,gn,historical,1875-12,1875,12,11.35658600014105,11.995661520923939,-0.6390755207828889
NCAR,CESM2-FV2,r1i1p1f1,gn,historical,1876-01,1876,1,12.064246803853898,12.70496826938363,-0.6407214655297313
NCAR,CESM2-FV2,r1i1p1f1,gn,historical,1876-02,1876,2,12.21881187915523,12.93605048971176,-0.7172386105565316
NCAR,CESM2-FV2,r1i1p1f1,gn,historical,1876-03,1876,3,12.338425224088425,12.975141814700955,-0.6367165906125294
NCAR,CESM2-FV2,r1i1p1f1,gn,historical,1876-04,1876,4,12.269494331302376,12.786552317116914,-0.5170579858145388
NCAR,CESM2-FV2,r1i1p1f1,gn,historical,1876-05,1876,5,11.003985322743029,11.856978087457001,-0.8529927647139726
NCAR,CESM2-FV2,r1i1p1f1,gn,historical,1876-06,1876,6,9.549389674489486,10.385082098663743,-0.8356924241742565
NCAR,CESM2-FV2,r1i1p1f1,gn,historical,1876-07,1876,7,7.457660011110922,8.431066340762834,-0.9734063296519126
NCAR,CESM2-FV2,r1i1p1f1,gn,historical,1876-08,1876,8,5.637912409731598,6.576964334348024,-0.9390519246164262
NCAR,CESM2-FV2,r1i1p1f1,gn,historical,1876-09,1876,9,5.393378508044611,6.165581662342112,-0.7722031542975012
NCAR,CESM2-FV2,r1i1p1f1,gn,historical,1876-10,1876,10,7.373420080229619,8.155874857603987,-0.782454777374368
NCAR,CESM2-FV2,r1i1p1f1,gn,historical,1876-11,1876,11,9.42333400885838,10.44197687393882,-1.0186428650804409
NCAR,CESM2-FV2,r1i1p1f1,gn,historical,1876-12,1876,12,10.995623174068308,11.995661520923939,-1.0000383468556304
NCAR,CESM2-FV2,r1i1p1f1,gn,historical,1877-01,1877,1,11.919580441672714,12.70496826938363,-0.785387827710915
NCAR,CESM2-FV2,r1i1p1f1,gn,historical,1877-02,1877,2,12.432324084699214,12.93605048971176,-0.5037264050125465
NCAR,CESM2-FV2,r1i1p1f1,gn,historical,1877-03,1877,3,12.694225863697453,12.975141814700955,-0.280915951003502
NCAR,CESM2-FV2,r1i1p1f1,gn,historical,1877-04,1877,4,12.518945585735121,12.786552317116914,-0.26760673138179314
NCAR,CESM2-FV2,r1i1p1f1,gn,historical,1877-05,1877,5,11.430121452509118,11.856978087457001,-0.4268566349478835
NCAR,CESM2-FV2,r1i1p1f1,gn,historical,1877-06,1877,6,9.891450844364488,10.385082098663743,-0.49363125429925425
NCAR,CESM2-FV2,r1i1p1f1,gn,historical,1877-07,1877,7,7.8396131950695915,8.431066340762834,-0.5914531456932428
NCAR,CESM2-FV2,r1i1p1f1,gn,historical,1877-08,1877,8,5.670185606802399,6.576964334348024,-0.9067787275456256
NCAR,CESM2-FV2,r1i1p1f1,gn,historical,1877-09,1877,9,5.201778954828841,6.165581662342112,-0.9638027075132714
NCAR,CESM2-FV2,r1i1p1f1,gn,historical,1877-10,1877,10,7.569413973409615,8.155874857603987,-0.5864608841943717
NCAR,CESM2-FV2,r1i1p1f1,gn,historical,1877-11,1877,11,10.036869316309675,10.44197687393882,-0.40510755762914563
NCAR,CESM2-FV2,r1i1p1f1,gn,historical,1877-12,1877,12,11.517498102043076,11.995661520923939,-0.4781634188808628
NCAR,CESM2-FV2,r1i1p1f1,gn,historical,1878-01,1878,1,12.375013653445649,12.70496826938363,-0.3299546159379805
NCAR,CESM2-FV2,r1i1p1f1,gn,historical,1878-02,1878,2,12.630329129157653,12.93605048971176,-0.3057213605541076
NCAR,CESM2-FV2,r1i1p1f1,gn,historical,1878-03,1878,3,12.743530992084043,12.975141814700955,-0.23161082261691135
NCAR,CESM2-FV2,r1i1p1f1,gn,historical,1878-04,1878,4,12.51688488513649,12.786552317116914,-0.26966743198042487
NCAR,CESM2-FV2,r1i1p1f1,gn,historical,1878-05,1878,5,11.652633065541847,11.856978087457001,-0.20434502191515413
NCAR,CESM2-FV2,r1i1p1f1,gn,historical,1878-06,1878,6,10.232326804465242,10.385082098663743,-0.1527552941985011
NCAR,CESM2-FV2,r1i1p1f1,gn,historical,1878-07,1878,7,8.277657024004112,8.431066340762834,-0.15340931675872227
NCAR,CESM2-FV2,r1i1p1f1,gn,historical,1878-08,1878,8,6.4659002599079365,6.576964334348024,-0.1110640744400877
NCAR,CESM2-FV2,r1i1p1f1,gn,historical,1878-09,1878,9,5.960237822911537,6.165581662342112,-0.20534383943057488
NCAR,CESM2-FV2,r1i1p1f1,gn,historical,1878-10,1878,10,8.15490510103205,8.155874857603987,-0.0009697565719370971
NCAR,CESM2-FV2,r1i1p1f1,gn,historical,1878-11,1878,11,10.106926997216043,10.44197687393882,-0.33504987672277764
NCAR,CESM2-FV2,r1i1p1f1,gn,historical,1878-12,1878,12,11.756955230784762,11.995661520923939,-0.2387062901391772
NCAR,CESM2-FV2,r1i1p1f1,gn,historical,1879-01,1879,1,12.493033420994664,12.70496826938363,-0.2119348483889656
NCAR,CESM2-FV2,r1i1p1f1,gn,historical,1879-02,1879,2,12.79585432024942,12.93605048971176,-0.1401961694623406
NCAR,CESM2-FV2,r1i1p1f1,gn,historical,1879-03,1879,3,12.832884745983485,12.975141814700955,-0.1422570687174698
NCAR,CESM2-FV2,r1i1p1f1,gn,historical,1879-04,1879,4,12.656979110348285,12.786552317116914,-0.1295732067686295
NCAR,CESM2-FV2,r1i1p1f1,gn,historical,1879-05,1879,5,11.739831540511727,11.856978087457001,-0.11714654694527482
NCAR,CESM2-FV2,r1i1p1f1,gn,historical,1879-06,1879,6,10.423532454570482,10.385082098663743,0.03845035590673973
NCAR,CESM2-FV2,r1i1p1f1,gn,historical,1879-07,1879,7,8.426837764910228,8.431066340762834,-0.0042285758526059425
NCAR,CESM2-FV2,r1i1p1f1,gn,historical,1879-08,1879,8,6.559099782140605,6.576964334348024,-0.017864552207418782
NCAR,CESM2-FV2,r1i1p1f1,gn,historical,1879-09,1879,9,6.020409335893815,6.165581662342112,-0.14517232644829736
NCAR,CESM2-FV2,r1i1p1f1,gn,historical,1879-10,1879,10,7.870879469083494,8.155874857603987,-0.28499538852049255
NCAR,CESM2-FV2,r1i1p1f1,gn,historical,1879-11,1879,11,10.122685197732551,10.44197687393882,-0.3192916762062694
NCAR,CESM2-FV2,r1i1p1f1,gn,historical,1879-12,1879,12,12.026530405518855,11.995661520923939,0.030868884594916324
NCAR,CESM2-FV2,r1i1p1f1,gn,historical,1880-01,1880,1,12.67450171306396,12.70496826938363,-0.03046655631966999
NCAR,CESM2-FV2,r1i1p1f1,gn,historical,1880-02,1880,2,12.783451635685985,12.93605048971176,-0.15259885402577567
NCAR,CESM2-FV2,r1i1p1f1,gn,historical,1880-03,1880,3,12.940113158073162,12.975141814700955,-0.03502865662779264
NCAR,CESM2-FV2,r1i1p1f1,gn,historical,1880-04,1880,4,12.838591243566945,12.786552317116914,0.05203892645003094
NCAR,CESM2-FV2,r1i1p1f1,gn,historical,1880-05,1880,5,11.799483774034746,11.856978087457001,-0.057494313422255416
NCAR,CESM2-FV2,r1i1p1f1,gn,historical,1880-06,1880,6,10.259227494758559,10.385082098663743,-0.125854603905184
NCAR,CESM2-FV2,r1i1p1f1,gn,historical,1880-07,1880,7,8.263996962723999,8.431066340762834,-0.16706937803883548
NCAR,CESM2-FV2,r1i1p1f1,gn,historical,1880-08,1880,8,6.660205098549766,6.576964334348024,0.08324076420174187
NCAR,CESM2-FV2,r1i1p1f1,gn,historical,1880-09,1880,9,5.950786314330849,6.165581662342112,-0.214795348011263
NCAR,CESM2-FV2,r1i1p1f1,gn,historical,1880-10,1880,10,7.886847123650793,8.155874857603987,-0.2690277339531937
NCAR,CESM2-FV2,r1i1p1f1,gn,historical,1880-11,1880,11,10.315849671229254,10.44197687393882,-0.1261272027095668
NCAR,CESM2-FV2,r1i1p1f1,gn,historical,1880-12,1880,12,12.018761024305372,11.995661520923939,0.02309950338143274
NCAR,CESM2-FV2,r1i1p1f1,gn,historical,1881-01,1881,1,12.764259444250921,12.70496826938363,0.059291174867292185
NCAR,CESM2-FV2,r1i1p1f1,gn,historical,1881-02,1881,2,12.91810763805709,12.93605048971176,-0.017942851654670022
NCAR,CESM2-FV2,r1i1p1f1,gn,historical,1881-03,1881,3,12.819986305904106,12.975141814700955,-0.1551555087968488
NCAR,CESM2-FV2,r1i1p1f1,gn,historical,1881-04,1881,4,12.708819518391511,12.786552317116914,-0.07773279872540328
NCAR,CESM2-FV2,r1i1p1f1,gn,historical,1881-05,1881,5,11.697904418520695,11.856978087457001,-0.1590736689363066
NCAR,CESM2-FV2,r1i1p1f1,gn,historical,1881-06,1881,6,10.193995756888581,10.385082098663743,-0.19108634177516137
NCAR,CESM2-FV2,r1i1p1f1,gn,historical,1881-07,1881,7,8.115436000924538,8.431066340762834,-0.3156303398382967
NCAR,CESM2-FV2,r1i1p1f1,gn,historical,1881-08,1881,8,6.172512916827017,6.576964334348024,-0.404451417521007
NCAR,CESM2-FV2,r1i1p1f1,gn,historical,1881-09,1881,9,5.560598653295984,6.165581662342112,-0.6049830090461281
NCAR,CESM2-FV2,r1i1p1f1,gn,historical,1881-10,1881,10,7.696268627450654,8.155874857603987,-0.4596062301533328
NCAR,CESM2-FV2,r1i1p1f1,gn,historical,1881-11,1881,11,10.087878342894438,10.44197687393882,-0.35409853104438227
NCAR,CESM2-FV2,r1i1p1f1,gn,historical,1881-12,1881,12,11.589692526141745,11.995661520923939,-0.40596899478219406
NCAR,CESM2-FV2,r1i1p1f1,gn,historical,1882-01,1882,1,12.614601503970187,12.70496826938363,-0.09036676541344235
NCAR,CESM2-FV2,r1i1p1f1,gn,historical,1882-02,1882,2,12.818996907161932,12.93605048971176,-0.11705358254982912
NCAR,CESM2-FV2,r1i1p1f1,gn,historical,1882-03,1882,3,12.915996298160872,12.975141814700955,-0.05914551654008271
NCAR,CESM2-FV2,r1i1p1f1,gn,historical,1882-04,1882,4,12.851593081630403,12.786552317116914,0.06504076451348872
NCAR,CESM2-FV2,r1i1p1f1,gn,historical,1882-05,1882,5,11.99241529517632,11.856978087457001,0.13543720771931866
NCAR,CESM2-FV2,r1i1p1f1,gn,historical,1882-06,1882,6,10.589353866133695,10.385082098663743,0.2042717674699528
NCAR,CESM2-FV2,r1i1p1f1,gn,historical,1882-07,1882,7,8.536079148852545,8.431066340762834,0.10501280808971103
NCAR,CESM2-FV2,r1i1p1f1,gn,historical,1882-08,1882,8,6.597671821123484,6.576964334348024,0.02070748677545975
NCAR,CESM2-FV2,r1i1p1f1,gn,historical,1882-09,1882,9,6.163170727460877,6.165581662342112,-0.002410934881234894
NCAR,CESM2-FV2,r1i1p1f1,gn,historical,1882-10,1882,10,7.985678714381259,8.155874857603987,-0.1701961432227277
NCAR,CESM2-FV2,r1i1p1f1,gn,historical,1882-11,1882,11,10.403030696342116,10.44197687393882,-0.0389461775967046
NCAR,CESM2-FV2,r1i1p1f1,gn,historical,1882-12,1882,12,11.858524732711219,11.995661520923939,-0.1371367882127199
NCAR,CESM2-FV2,r1i1p1f1,gn,historical,1883-01,1883,1,12.45986520869899,12.70496826938363,-0.24510306068463983
NCAR,CESM2-FV2,r1i1p1f1,gn,historical,1883-02,1883,2,12.820898676109612,12.93605048971176,-0.11515181360214832
NCAR,CESM2-FV2,r1i1p1f1,gn,historical,1883-03,1883,3,12.809780890688037,12.975141814700955,-0.16536092401291747
NCAR,CESM2-FV2,r1i1p1f1,gn,historical,1883-04,1883,4,12.582586193122932,12.786552317116914,-0.2039661239939825
NCAR,CESM2-FV2,r1i1p1f1,gn,historical,1883-05,1883,5,11.69940678330313,11.856978087457001,-0.15757130415387088
NCAR,CESM2-FV2,r1i1p1f1,gn,historical,1883-06,1883,6,10.377218675363183,10.385082098663743,-0.007863423300559447
NCAR,CESM2-FV2,r1i1p1f1,gn,historical,1883-07,1883,7,8.439586630767108,8.431066340762834,0.00852029000427379
NCAR,CESM2-FV2,r1i1p1f1,gn,historical,1883-08,1883,8,6.7908538436737205,6.576964334348024,0.21388950932569628
NCAR,CESM2-FV2,r1i1p1f1,gn,historical,1883-09,1883,9,6.420696727406927,6.165581662342112,0.25511506506481485
NCAR,CESM2-FV2,r1i1p1f1,gn,historical,1883-10,1883,10,8.12324264102868,8.155874857603987,-0.03263221657530657
NCAR,CESM2-FV2,r1i1p1f1,gn,historical,1883-11,1883,11,10.045788488171752,10.44197687393882,-0.3961883857670685
NCAR,CESM2-FV2,r1i1p1f1,gn,historical,1883-12,1883,12,11.604209469057407,11.995661520923939,-0.39145205186653165
NCAR,CESM2-FV2,r1i1p1f1,gn,historical,1884-01,1884,1,12.452840124299625,12.70496826938363,-0.2521281450840043
NCAR,CESM2-FV2,r1i1p1f1,gn,historical,1884-02,1884,2,12.691530297316268,12.93605048971176,-0.24452019239549294
NCAR,CESM2-FV2,r1i1p1f1,gn,historical,1884-03,1884,3,12.735703450843047,12.975141814700955,-0.23943836385790718
NCAR,CESM2-FV2,r1i1p1f1,gn,historical,1884-04,1884,4,12.41899179765745,12.786552317116914,-0.3675605194594649
NCAR,CESM2-FV2,r1i1p1f1,gn,historical,1884-05,1884,5,11.3912956203638,11.856978087457001,-0.4656824670932007
NCAR,CESM2-FV2,r1i1p1f1,gn,historical,1884-06,1884,6,9.986974817737117,10.385082098663743,-0.3981072809266255
NCAR,CESM2-FV2,r1i1p1f1,gn,historical,1884-07,1884,7,8.338203010277988,8.431066340762834,-0.09286333048484607
NCAR,CESM2-FV2,r1i1p1f1,gn,historical,1884-08,1884,8,6.643904243292849,6.576964334348024,0.06693990894482482
NCAR,CESM2-FV2,r1i1p1f1,gn,historical,1884-09,1884,9,6.212246583699382,6.165581662342112,0.04666492135726941
NCAR,CESM2-FV2,r1i1p1f1,gn,historical,1884-10,1884,10,8.066037345121565,8.155874857603987,-0.089837512482422
NCAR,CESM2-FV2,r1i1p1f1,gn,historical,1884-11,1884,11,10.239757107903609,10.44197687393882,-0.20221976603521163
NCAR,CESM2-FV2,r1i1p1f1,gn,historical,1884-12,1884,12,11.860584728704023,11.995661520923939,-0.1350767922199161
NCAR,CESM2-FV2,r1i1p1f1,gn,historical,1885-01,1885,1,12.510400941763368,12.70496826938363,-0.19456732762026085
NCAR,CESM2-FV2,r1i1p1f1,gn,historical,1885-02,1885,2,12.629667677566125,12.93605048971176,-0.30638281214563534
NCAR,CESM2-FV2,r1i1p1f1,gn,historical,1885-03,1885,3,12.704959445454008,12.975141814700955,-0.27018236924694605
NCAR,CESM2-FV2,r1i1p1f1,gn,historical,1885-04,1885,4,12.414537641454446,12.786552317116914,-0.37201467566246826
NCAR,CESM2-FV2,r1i1p1f1,gn,historical,1885-05,1885,5,11.481016636120067,11.856978087457001,-0.37596145133693426
NCAR,CESM2-FV2,r1i1p1f1,gn,historical,1885-06,1885,6,9.973047169238203,10.385082098663743,-0.41203492942553943
NCAR,CESM2-FV2,r1i1p1f1,gn,historical,1885-07,1885,7,8.178040785108596,8.431066340762834,-0.25302555565423823
NCAR,CESM2-FV2,r1i1p1f1,gn,historical,1885-08,1885,8,6.463318001069332,6.576964334348024,-0.11364633327869189
NCAR,CESM2-FV2,r1i1p1f1,gn,historical,1885-09,1885,9,6.206877429697808,6.165581662342112,0.04129576735569618
NCAR,CESM2-FV2,r1i1p1f1,gn,historical,1885-10,1885,10,7.955826512338193,8.155874857603987,-0.20004834526579351
NCAR,CESM2-FV2,r1i1p1f1,gn,historical,1885-11,1885,11,10.200078800034856,10.44197687393882,-0.24189807390396467
NCAR,CESM2-FV2,r1i1p1f1,gn,historical,1885-12,1885,12,11.425137059094558,11.995661520923939,-0.5705244618293808
NCAR,CESM2-FV2,r1i1p1f1,gn,historical,1886-01,1886,1,12.41101938463004,12.70496826938363,-0.2939488847535898
NCAR,CESM2-FV2,r1i1p1f1,gn,historical,1886-02,1886,2,12.768839903602872,12.93605048971176,-0.1672105861088884
NCAR,CESM2-FV2,r1i1p1f1,gn,historical,1886-03,1886,3,12.98447728369866,12.975141814700955,0.009335468997704766
NCAR,CESM2-FV2,r1i1p1f1,gn,historical,1886-04,1886,4,12.691280336081801,12.786552317116914,-0.09527198103511303
NCAR,CESM2-FV2,r1i1p1f1,gn,historical,1886-05,1886,5,11.64778505655054,11.856978087457001,-0.20919303090646224
NCAR,CESM2-FV2,r1i1p1f1,gn,historical,1886-06,1886,6,10.033710727173593,10.385082098663743,-0.3513713714901492
NCAR,CESM2-FV2,r1i1p1f1,gn,historical,1886-07,1886,7,8.259569869380027,8.431066340762834,-0.17149647138280777
NCAR,CESM2-FV2,r1i1p1f1,gn,historical,1886-08,1886,8,6.664374512958723,6.576964334348024,0.08741017861069889
NCAR,CESM2-FV2,r1i1p1f1,gn,historical,1886-09,1886,9,6.148349144254114,6.165581662342112,-0.017232518087998194
NCAR,CESM2-FV2,r1i1p1f1,gn,historical,1886-10,1886,10,8.048808222121878,8.155874857603987,-0.10706663548210926
NCAR,CESM2-FV2,r1i1p1f1,gn,historical,1886-11,1886,11,10.35576108670996,10.44197687393882,-0.08621578722886092
NCAR,CESM2-FV2,r1i1p1f1,gn,historical,1886-12,1886,12,11.962339606796888,11.995661520923939,-0.033321914127050434
NCAR,CESM2-FV2,r1i1p1f1,gn,historical,1887-01,1887,1,12.608089190038523,12.70496826938363,-0.09687907934510598
NCAR,CESM2-FV2,r1i1p1f1,gn,historical,1887-02,1887,2,12.775911649614649,12.93605048971176,-0.16013884009711177
NCAR,CESM2-FV2,r1i1p1f1,gn,historical,1887-03,1887,3,12.788689483180228,12.975141814700955,-0.1864523315207265
NCAR,CESM2-FV2,r1i1p1f1,gn,historical,1887-04,1887,4,12.644446708405159,12.786552317116914,-0.1421056087117556
NCAR,CESM2-FV2,r1i1p1f1,gn,historical,1887-05,1887,5,11.81020647529012,11.856978087457001,-0.04677161216688219
NCAR,CESM2-FV2,r1i1p1f1,gn,historical,1887-06,1887,6,10.266977109821692,10.385082098663743,-0.11810498884205067
NCAR,CESM2-FV2,r1i1p1f1,gn,historical,1887-07,1887,7,8.370904978300576,8.431066340762834,-0.06016136246225834
NCAR,CESM2-FV2,r1i1p1f1,gn,historical,1887-08,1887,8,6.469984336477967,6.576964334348024,-0.10697999787005763
NCAR,CESM2-FV2,r1i1p1f1,gn,historical,1887-09,1887,9,6.114128677851679,6.165581662342112,-0.05145298449043345
NCAR,CESM2-FV2,r1i1p1f1,gn,historical,1887-10,1887,10,8.338641776122467,8.155874857603987,0.18276691851847993
NCAR,CESM2-FV2,r1i1p1f1,gn,historical,1887-11,1887,11,10.501132958082136,10.44197687393882,0.05915608414331608
NCAR,CESM2-FV2,r1i1p1f1,gn,historical,1887-12,1887,12,11.88275039837693,11.995661520923939,-0.11291112254700941
NCAR,CESM2-FV2,r1i1p1f1,gn,historical,1888-01,1888,1,12.497772031081043,12.70496826938363,-0.20719623830258627
NCAR,CESM2-FV2,r1i1p1f1,gn,historical,1888-02,1888,2,12.556538287136485,12.93605048971176,-0.37951220257527574
NCAR,CESM2-FV2,r1i1p1f1,gn,historical,1888-03,1888,3,12.707082140407948,12.975141814700955,-0.26805967429300637
NCAR,CESM2-FV2,r1i1p1f1,gn,historical,1888-04,1888,4,12.511175378566621,12.786552317116914,-0.2753769385502931
NCAR,CESM2-FV2,r1i1p1f1,gn,historical,1888-05,1888,5,11.552628519446934,11.856978087457001,-0.30434956801006763
NCAR,CESM2-FV2,r1i1p1f1,gn,historical,1888-06,1888,6,10.120264027614226,10.385082098663743,-0.2648180710495165
NCAR,CESM2-FV2,r1i1p1f1,gn,historical,1888-07,1888,7,8.140749737048028,8.431066340762834,-0.29031660371480683
NCAR,CESM2-FV2,r1i1p1f1,gn,historical,1888-08,1888,8,6.3333398482277286,6.576964334348024,-0.24362448612029564
NCAR,CESM2-FV2,r1i1p1f1,gn,historical,1888-09,1888,9,6.211961956130543,6.165581662342112,0.046380293788431004
NCAR,CESM2-FV2,r1i1p1f1,gn,historical,1888-10,1888,10,8.323205453202936,8.155874857603987,0.16733059559894947
NCAR,CESM2-FV2,r1i1p1f1,gn,historical,1888-11,1888,11,10.14233782600506,10.44197687393882,-0.29963904793376095
NCAR,CESM2-FV2,r1i1p1f1,gn,historical,1888-12,1888,12,11.932062653010863,11.995661520923939,-0.06359886791307545
NCAR,CESM2-FV2,r1i1p1f1,gn,historical,1889-01,1889,1,12.714915596592967,12.70496826938363,0.009947327209337331
NCAR,CESM2-FV2,r1i1p1f1,gn,historical,1889-02,1889,2,12.825012921494885,12.93605048971176,-0.11103756821687583
NCAR,CESM2-FV2,r1i1p1f1,gn,historical,1889-03,1889,3,12.734526809364734,12.975141814700955,-0.24061500533622038
NCAR,CESM2-FV2,r1i1p1f1,gn,historical,1889-04,1889,4,12.571397180628608,12.786552317116914,-0.2151551364883062
NCAR,CESM2-FV2,r1i1p1f1,gn,historical,1889-05,1889,5,11.554460426469195,11.856978087457001,-0.30251766098780664
NCAR,CESM2-FV2,r1i1p1f1,gn,historical,1889-06,1889,6,10.057761008887503,10.385082098663743,-0.3273210897762393
NCAR,CESM2-FV2,r1i1p1f1,gn,historical,1889-07,1889,7,8.317265914879222,8.431066340762834,-0.11380042588361228
NCAR,CESM2-FV2,r1i1p1f1,gn,historical,1889-08,1889,8,6.485747543231104,6.576964334348024,-0.0912167911169206
NCAR,CESM2-FV2,r1i1p1f1,gn,historical,1889-09,1889,9,5.969659380020584,6.165581662342112,-0.1959222823215283
NCAR,CESM2-FV2,r1i1p1f1,gn,historical,1889-10,1889,10,8.16028043425163,8.155874857603987,0.0044055766476436276
NCAR,CESM2-FV2,r1i1p1f1,gn,historical,1889-11,1889,11,10.485155469435957,10.44197687393882,0.043178595497137096
NCAR,CESM2-FV2,r1i1p1f1,gn,historical,1889-12,1889,12,11.932469157170152,11.995661520923939,-0.063192363753787
NCAR,CESM2-FV2,r1i1p1f1,gn,historical,1890-01,1890,1,12.709190150386652,12.70496826938363,0.004221881003022787
NCAR,CESM2-FV2,r1i1p1f1,gn,historical,1890-02,1890,2,12.977186313229659,12.93605048971176,0.04113582351789802
NCAR,CESM2-FV2,r1i1p1f1,gn,historical,1890-03,1890,3,13.02642244125975,12.975141814700955,0.05128062655879617
NCAR,CESM2-FV2,r1i1p1f1,gn,historical,1890-04,1890,4,13.002188960549585,12.786552317116914,0.21563664343267064
NCAR,CESM2-FV2,r1i1p1f1,gn,historical,1890-05,1890,5,12.001344180754012,11.856978087457001,0.14436609329701078
NCAR,CESM2-FV2,r1i1p1f1,gn,historical,1890-06,1890,6,10.349882450836555,10.385082098663743,-0.035199647827187874
NCAR,CESM2-FV2,r1i1p1f1,gn,historical,1890-07,1890,7,8.495600451412303,8.431066340762834,0.06453411064946835
NCAR,CESM2-FV2,r1i1p1f1,gn,historical,1890-08,1890,8,6.836929605262311,6.576964334348024,0.2599652709142868
NCAR,CESM2-FV2,r1i1p1f1,gn,historical,1890-09,1890,9,6.261228386923583,6.165581662342112,0.09564672458147072
NCAR,CESM2-FV2,r1i1p1f1,gn,historical,1890-10,1890,10,8.140088662652254,8.155874857603987,-0.01578619495173328
NCAR,CESM2-FV2,r1i1p1f1,gn,historical,1890-11,1890,11,10.555229617686026,10.44197687393882,0.11325274374720529
NCAR,CESM2-FV2,r1i1p1f1,gn,historical,1890-12,1890,12,12.142770136115642,11.995661520923939,0.14710861519170315
NCAR,CESM2-FV2,r1i1p1f1,gn,historical,1891-01,1891,1,12.51724831047911,12.70496826938363,-0.18771995890451976
NCAR,CESM2-FV2,r1i1p1f1,gn,historical,1891-02,1891,2,12.790000403688481,12.93605048971176,-0.14605008602327985
NCAR,CESM2-FV2,r1i1p1f1,gn,historical,1891-03,1891,3,12.91396877661806,12.975141814700955,-0.061173038082895204
NCAR,CESM2-FV2,r1i1p1f1,gn,historical,1891-04,1891,4,12.8181114300115,12.786552317116914,0.031559112894585795
NCAR,CESM2-FV2,r1i1p1f1,gn,historical,1891-05,1891,5,11.832205630709067,11.856978087457001,-0.024772456747934157
NCAR,CESM2-FV2,r1i1p1f1,gn,historical,1891-06,1891,6,10.484894386201582,10.385082098663743,0.09981228753783888
NCAR,CESM2-FV2,r1i1p1f1,gn,historical,1891-07,1891,7,8.649121748605678,8.431066340762834,0.2180554078428436
NCAR,CESM2-FV2,r1i1p1f1,gn,historical,1891-08,1891,8,6.985336069181863,6.576964334348024,0.40837173483383893
NCAR,CESM2-FV2,r1i1p1f1,gn,historical,1891-09,1891,9,6.641184461253539,6.165581662342112,0.4756027989114271
NCAR,CESM2-FV2,r1i1p1f1,gn,historical,1891-10,1891,10,8.369956026084015,8.155874857603987,0.21408116848002834
NCAR,CESM2-FV2,r1i1p1f1,gn,historical,1891-11,1891,11,10.10649971323398,10.44197687393882,-0.33547716070484057
NCAR,CESM2-FV2,r1i1p1f1,gn,historical,1891-12,1891,12,11.741700932836372,11.995661520923939,-0.2539605880875673
NCAR,CESM2-FV2,r1i1p1f1,gn,historical,1892-01,1892,1,12.436113178297939,12.70496826938363,-0.2688550910856904
NCAR,CESM2-FV2,r1i1p1f1,gn,historical,1892-02,1892,2,12.855274255022659,12.93605048971176,-0.08077623468910211
NCAR,CESM2-FV2,r1i1p1f1,gn,historical,1892-03,1892,3,12.803028085492567,12.975141814700955,-0.1721137292083874
NCAR,CESM2-FV2,r1i1p1f1,gn,historical,1892-04,1892,4,12.610784360523434,12.786552317116914,-0.17576795659348043
NCAR,CESM2-FV2,r1i1p1f1,gn,historical,1892-05,1892,5,11.755601415689606,11.856978087457001,-0.10137667176739562
NCAR,CESM2-FV2,r1i1p1f1,gn,historical,1892-06,1892,6,10.313397417675553,10.385082098663743,-0.0716846809881897
NCAR,CESM2-FV2,r1i1p1f1,gn,historical,1892-07,1892,7,8.255774238206072,8.431066340762834,-0.17529210255676198
NCAR,CESM2-FV2,r1i1p1f1,gn,historical,1892-08,1892,8,6.677807416952505,6.576964334348024,0.10084308260448083
NCAR,CESM2-FV2,r1i1p1f1,gn,historical,1892-09,1892,9,6.349904684523643,6.165581662342112,0.1843230221815304
NCAR,CESM2-FV2,r1i1p1f1,gn,historical,1892-10,1892,10,8.23487279898709,8.155874857603987,0.07899794138310234
NCAR,CESM2-FV2,r1i1p1f1,gn,historical,1892-11,1892,11,10.298247931025106,10.44197687393882,-0.14372894291371452
NCAR,CESM2-FV2,r1i1p1f1,gn,historical,1892-12,1892,12,12.012654173080632,11.995661520923939,0.01699265215669321
NCAR,CESM2-FV2,r1i1p1f1,gn,historical,1893-01,1893,1,12.971388819835266,12.70496826938363,0.2664205504516364
NCAR,CESM2-FV2,r1i1p1f1,gn,historical,1893-02,1893,2,13.244470027417425,12.93605048971176,0.30841953770566377
NCAR,CESM2-FV2,r1i1p1f1,gn,historical,1893-03,1893,3,13.228925081827926,12.975141814700955,0.2537832671269715
NCAR,CESM2-FV2,r1i1p1f1,gn,historical,1893-04,1893,4,12.9160456263846,12.786552317116914,0.12949330926768532
NCAR,CESM2-FV2,r1i1p1f1,gn,historical,1893-05,1893,5,11.872206130422136,11.856978087457001,0.015228042965134136
NCAR,CESM2-FV2,r1i1p1f1,gn,historical,1893-06,1893,6,10.447852258404657,10.385082098663743,0.06277015974091427
NCAR,CESM2-FV2,r1i1p1f1,gn,historical,1893-07,1893,7,8.250914156664457,8.431066340762834,-0.18015218409837708
NCAR,CESM2-FV2,r1i1p1f1,gn,historical,1893-08,1893,8,6.293905203546508,6.576964334348024,-0.283059130801516
NCAR,CESM2-FV2,r1i1p1f1,gn,historical,1893-09,1893,9,5.8645347698070855,6.165581662342112,-0.3010468925350267
NCAR,CESM2-FV2,r1i1p1f1,gn,historical,1893-10,1893,10,7.577598234412772,8.155874857603987,-0.5782766231912149
NCAR,CESM2-FV2,r1i1p1f1,gn,historical,1893-11,1893,11,10.302167690967464,10.44197687393882,-0.1398091829713568
NCAR,CESM2-FV2,r1i1p1f1,gn,historical,1893-12,1893,12,12.135283070086754,11.995661520923939,0.13962154916281477
NCAR,CESM2-FV2,r1i1p1f1,gn,historical,1894-01,1894,1,12.67245136709571,12.70496826938363,-0.03251690228791837
NCAR,CESM2-FV2,r1i1p1f1,gn,historical,1894-02,1894,2,13.11492331490462,12.93605048971176,0.17887282519285996
NCAR,CESM2-FV2,r1i1p1f1,gn,historical,1894-03,1894,3,13.099751123152553,12.975141814700955,0.12460930845159801
NCAR,CESM2-FV2,r1i1p1f1,gn,historical,1894-04,1894,4,12.541890172595565,12.786552317116914,-0.2446621445213495
NCAR,CESM2-FV2,r1i1p1f1,gn,historical,1894-05,1894,5,11.198157379995957,11.856978087457001,-0.6588207074610448
NCAR,CESM2-FV2,r1i1p1f1,gn,historical,1894-06,1894,6,9.711449300605949,10.385082098663743,-0.6736327980577936
NCAR,CESM2-FV2,r1i1p1f1,gn,historical,1894-07,1894,7,7.473016139071379,8.431066340762834,-0.9580502016914556
NCAR,CESM2-FV2,r1i1p1f1,gn,historical,1894-08,1894,8,5.545537636141248,6.576964334348024,-1.0314266982067766
NCAR,CESM2-FV2,r1i1p1f1,gn,historical,1894-09,1894,9,5.008007014232522,6.165581662342112,-1.1575746481095903
NCAR,CESM2-FV2,r1i1p1f1,gn,historical,1894-10,1894,10,6.559987195562913,8.155874857603987,-1.5958876620410738
NCAR,CESM2-FV2,r1i1p1f1,gn,historical,1894-11,1894,11,9.518276644001485,10.44197687393882,-0.9237002299373351
NCAR,CESM2-FV2,r1i1p1f1,gn,historical,1894-12,1894,12,11.493103356520251,11.995661520923939,-0.5025581644036876
NCAR,CESM2-FV2,r1i1p1f1,gn,historical,1895-01,1895,1,12.636189129398513,12.70496826938363,-0.06877913998511609
NCAR,CESM2-FV2,r1i1p1f1,gn,historical,1895-02,1895,2,12.767317976030244,12.93605048971176,-0.1687325136815172
NCAR,CESM2-FV2,r1i1p1f1,gn,historical,1895-03,1895,3,12.956618178987508,12.975141814700955,-0.018523635713446396
NCAR,CESM2-FV2,r1i1p1f1,gn,historical,1895-04,1895,4,12.624559965766622,12.786552317116914,-0.16199235135029255
NCAR,CESM2-FV2,r1i1p1f1,gn,historical,1895-05,1895,5,11.593389476026731,11.856978087457001,-0.26358861143027035
NCAR,CESM2-FV2,r1i1p1f1,gn,historical,1895-06,1895,6,10.324882756211293,10.385082098663743,-0.0601993424524494
NCAR,CESM2-FV2,r1i1p1f1,gn,historical,1895-07,1895,7,8.102155641266048,8.431066340762834,-0.3289106994967863
NCAR,CESM2-FV2,r1i1p1f1,gn,historical,1895-08,1895,8,5.978740944131914,6.576964334348024,-0.59822339021611
NCAR,CESM2-FV2,r1i1p1f1,gn,historical,1895-09,1895,9,5.364902539956744,6.165581662342112,-0.8006791223853682
NCAR,CESM2-FV2,r1i1p1f1,gn,historical,1895-10,1895,10,7.3560549627647,8.155874857603987,-0.7998198948392865
NCAR,CESM2-FV2,r1i1p1f1,gn,historical,1895-11,1895,11,9.527842789788485,10.44197687393882,-0.9141340841503354
NCAR,CESM2-FV2,r1i1p1f1,gn,historical,1895-12,1895,12,11.345777177356338,11.995661520923939,-0.6498843435676012
NCAR,CESM2-FV2,r1i1p1f1,gn,historical,1896-01,1896,1,12.171072436513539,12.70496826938363,-0.5338958328700905
NCAR,CESM2-FV2,r1i1p1f1,gn,historical,1896-02,1896,2,12.54595609742662,12.93605048971176,-0.39009439228514076
NCAR,CESM2-FV2,r1i1p1f1,gn,historical,1896-03,1896,3,12.67000368654784,12.975141814700955,-0.30513812815311425
NCAR,CESM2-FV2,r1i1p1f1,gn,historical,1896-04,1896,4,12.337986327583817,12.786552317116914,-0.44856598953309756
NCAR,CESM2-FV2,r1i1p1f1,gn,historical,1896-05,1896,5,11.401692422630546,11.856978087457001,-0.45528566482645516
NCAR,CESM2-FV2,r1i1p1f1,gn,historical,1896-06,1896,6,9.954290012432851,10.385082098663743,-0.43079208623089116
NCAR,CESM2-FV2,r1i1p1f1,gn,historical,1896-07,1896,7,8.09678421430555,8.431066340762834,-0.3342821264572837
NCAR,CESM2-FV2,r1i1p1f1,gn,historical,1896-08,1896,8,6.004458332696256,6.576964334348024,-0.5725060016517682
NCAR,CESM2-FV2,r1i1p1f1,gn,historical,1896-09,1896,9,5.58209721144314,6.165581662342112,-0.5834844508989718
NCAR,CESM2-FV2,r1i1p1f1,gn,historical,1896-10,1896,10,7.800631368945686,8.155874857603987,-0.35524348865830113
NCAR,CESM2-FV2,r1i1p1f1,gn,historical,1896-11,1896,11,10.087387466974763,10.44197687393882,-0.35458940696405783
NCAR,CESM2-FV2,r1i1p1f1,gn,historical,1896-12,1896,12,11.933381214366038,11.995661520923939,-0.06228030655790029
NCAR,CESM2-FV2,r1i1p1f1,gn,historical,1897-01,1897,1,12.29118851225531,12.70496826938363,-0.41377975712831905
NCAR,CESM2-FV2,r1i1p1f1,gn,historical,1897-02,1897,2,12.670311894884016,12.93605048971176,-0.2657385948277451
NCAR,CESM2-FV2,r1i1p1f1,gn,historical,1897-03,1897,3,12.776488378000764,12.975141814700955,-0.19865343670019087
NCAR,CESM2-FV2,r1i1p1f1,gn,historical,1897-04,1897,4,12.482976782973843,12.786552317116914,-0.3035755341430715
NCAR,CESM2-FV2,r1i1p1f1,gn,historical,1897-05,1897,5,11.595973563453336,11.856978087457001,-0.26100452400366514
NCAR,CESM2-FV2,r1i1p1f1,gn,historical,1897-06,1897,6,10.187436105717637,10.385082098663743,-0.1976459929461054
NCAR,CESM2-FV2,r1i1p1f1,gn,historical,1897-07,1897,7,8.259200176289152,8.431066340762834,-0.1718661644736823
NCAR,CESM2-FV2,r1i1p1f1,gn,historical,1897-08,1897,8,6.449856663956281,6.576964334348024,-0.12710767039174353
NCAR,CESM2-FV2,r1i1p1f1,gn,historical,1897-09,1897,9,5.852854943971577,6.165581662342112,-0.3127267183705351
NCAR,CESM2-FV2,r1i1p1f1,gn,historical,1897-10,1897,10,7.875756118158148,8.155874857603987,-0.28011873944583865
NCAR,CESM2-FV2,r1i1p1f1,gn,historical,1897-11,1897,11,10.187503668583055,10.44197687393882,-0.25447320535576523
NCAR,CESM2-FV2,r1i1p1f1,gn,historical,1897-12,1897,12,12.001901409348458,11.995661520923939,0.006239888424518725
NCAR,CESM2-FV2,r1i1p1f1,gn,historical,1898-01,1898,1,12.704416447073562,12.70496826938363,-0.0005518223100668962
NCAR,CESM2-FV2,r1i1p1f1,gn,historical,1898-02,1898,2,13.020481803546431,12.93605048971176,0.08443131383467062
NCAR,CESM2-FV2,r1i1p1f1,gn,historical,1898-03,1898,3,13.016517459989206,12.975141814700955,0.04137564528825166
NCAR,CESM2-FV2,r1i1p1f1,gn,historical,1898-04,1898,4,12.797724969971231,12.786552317116914,0.011172652854316567
NCAR,CESM2-FV2,r1i1p1f1,gn,historical,1898-05,1898,5,11.689530585598055,11.856978087457001,-0.16744750185894652
NCAR,CESM2-FV2,r1i1p1f1,gn,historical,1898-06,1898,6,10.254901923620341,10.385082098663743,-0.1301801750434013
NCAR,CESM2-FV2,r1i1p1f1,gn,historical,1898-07,1898,7,8.381703984443211,8.431066340762834,-0.049362356319623046
NCAR,CESM2-FV2,r1i1p1f1,gn,historical,1898-08,1898,8,6.343813177691178,6.576964334348024,-0.23315115665684605
NCAR,CESM2-FV2,r1i1p1f1,gn,historical,1898-09,1898,9,5.829097789817057,6.165581662342112,-0.3364838725250552
NCAR,CESM2-FV2,r1i1p1f1,gn,historical,1898-10,1898,10,7.965472352398402,8.155874857603987,-0.19040250520558466
NCAR,CESM2-FV2,r1i1p1f1,gn,historical,1898-11,1898,11,10.524414860758514,10.44197687393882,0.08243798681969317
NCAR,CESM2-FV2,r1i1p1f1,gn,historical,1898-12,1898,12,12.31124432594327,11.995661520923939,0.31558280501933034
NCAR,CESM2-FV2,r1i1p1f1,gn,historical,1899-01,1899,1,13.148378549556043,12.70496826938363,0.44341028017241335
NCAR,CESM2-FV2,r1i1p1f1,gn,historical,1899-02,1899,2,13.158717857011206,12.93605048971176,0.22266736729944547
NCAR,CESM2-FV2,r1i1p1f1,gn,historical,1899-03,1899,3,13.291562724882716,12.975141814700955,0.3164209101817619
NCAR,CESM2-FV2,r1i1p1f1,gn,historical,1899-04,1899,4,13.08249402411198,12.786552317116914,0.29594170699506606
NCAR,CESM2-FV2,r1i1p1f1,gn,historical,1899-05,1899,5,12.093324156566275,11.856978087457001,0.23634606910927403
NCAR,CESM2-FV2,r1i1p1f1,gn,historical,1899-06,1899,6,10.529515504717093,10.385082098663743,0.1444334060533503
NCAR,CESM2-FV2,r1i1p1f1,gn,historical,1899-07,1899,7,8.539651170531037,8.431066340762834,0.10858482976820305
NCAR,CESM2-FV2,r1i1p1f1,gn,historical,1899-08,1899,8,6.53796237508555,6.576964334348024,-0.03900195926247463
NCAR,CESM2-FV2,r1i1p1f1,gn,historical,1899-09,1899,9,5.808996823783378,6.165581662342112,-0.35658483855873424
NCAR,CESM2-FV2,r1i1p1f1,gn,historical,1899-10,1899,10,7.9815703083278615,8.155874857603987,-0.17430454927612526
NCAR,CESM2-FV2,r1i1p1f1,gn,historical,1899-11,1899,11,10.206342925318879,10.44197687393882,-0.2356339486199417
NCAR,CESM2-FV2,r1i1p1f1,gn,historical,1899-12,1899,12,11.890950662716275,11.995661520923939,-0.1047108582076639
NCAR,CESM2-FV2,r1i1p1f1,gn,historical,1900-01,1900,1,12.735677919042184,12.70496826938363,0.030709649658554383
NCAR,CESM2-FV2,r1i1p1f1,gn,historical,1900-02,1900,2,13.110879789340531,12.93605048971176,0.17482929962877058
NCAR,CESM2-FV2,r1i1p1f1,gn,historical,1900-03,1900,3,13.097597123795387,12.975141814700955,0.12245530909443225
NCAR,CESM2-FV2,r1i1p1f1,gn,historical,1900-04,1900,4,12.913702407229302,12.786552317116914,0.1271500901123872
NCAR,CESM2-FV2,r1i1p1f1,gn,historical,1900-05,1900,5,11.83313767907975,11.856978087457001,-0.023840408377251876
NCAR,CESM2-FV2,r1i1p1f1,gn,historical,1900-06,1900,6,10.189431292009676,10.385082098663743,-0.19565080665406676
NCAR,CESM2-FV2,r1i1p1f1,gn,historical,1900-07,1900,7,8.077016791810355,8.431066340762834,-0.35404954895247975
NCAR,CESM2-FV2,r1i1p1f1,gn,historical,1900-08,1900,8,6.192376636141712,6.576964334348024,-0.3845876982063121
NCAR,CESM2-FV2,r1i1p1f1,gn,historical,1900-09,1900,9,5.557806389216348,6.165581662342112,-0.607775273125764
NCAR,CESM2-FV2,r1i1p1f1,gn,historical,1900-10,1900,10,7.3285936763214545,8.155874857603987,-0.8272811812825323
NCAR,CESM2-FV2,r1i1p1f1,gn,historical,1900-11,1900,11,9.844826773589679,10.44197687393882,-0.5971501003491415
NCAR,CESM2-FV2,r1i1p1f1,gn,historical,1900-12,1900,12,11.607286714365,11.995661520923939,-0.3883748065589394
NCAR,CESM2-FV2,r1i1p1f1,gn,historical,1901-01,1901,1,12.655674727003783,12.70496826938363,-0.0492935423798464
NCAR,CESM2-FV2,r1i1p1f1,gn,historical,1901-02,1901,2,12.980075833271984,12.93605048971176,0.04402534356022336
NCAR,CESM2-FV2,r1i1p1f1,gn,historical,1901-03,1901,3,12.987623049861183,12.975141814700955,0.012481235160228366
NCAR,CESM2-FV2,r1i1p1f1,gn,historical,1901-04,1901,4,12.671616259983027,12.786552317116914,-0.1149360571338871
NCAR,CESM2-FV2,r1i1p1f1,gn,historical,1901-05,1901,5,11.589308892247166,11.856978087457001,-0.26766919520983556
NCAR,CESM2-FV2,r1i1p1f1,gn,historical,1901-06,1901,6,9.954890153781058,10.385082098663743,-0.43019194488268475
NCAR,CESM2-FV2,r1i1p1f1,gn,historical,1901-07,1901,7,8.035499362012303,8.431066340762834,-0.3955669787505318
NCAR,CESM2-FV2,r1i1p1f1,gn,historical,1901-08,1901,8,6.167576253316154,6.576964334348024,-0.40938808103186997
NCAR,CESM2-FV2,r1i1p1f1,gn,historical,1901-09,1901,9,5.739530642270402,6.165581662342112,-0.4260510200717098
NCAR,CESM2-FV2,r1i1p1f1,gn,historical,1901-10,1901,10,7.531750501309533,8.155874857603987,-0.6241243562944536
NCAR,CESM2-FV2,r1i1p1f1,gn,historical,1901-11,1901,11,9.633892244286725,10.44197687393882,-0.8080846296520949
NCAR,CESM2-FV2,r1i1p1f1,gn,historical,1901-12,1901,12,11.133759000782765,11.995661520923939,-0.8619025201411734
NCAR,CESM2-FV2,r1i1p1f1,gn,historical,1902-01,1902,1,12.294873121707283,12.70496826938363,-0.4100951476763459
NCAR,CESM2-FV2,r1i1p1f1,gn,historical,1902-02,1902,2,12.61567895337716,12.93605048971176,-0.32037153633460136
NCAR,CESM2-FV2,r1i1p1f1,gn,historical,1902-03,1902,3,12.657322967303575,12.975141814700955,-0.31781884739737976
NCAR,CESM2-FV2,r1i1p1f1,gn,historical,1902-04,1902,4,12.321237402752446,12.786552317116914,-0.4653149143644679
NCAR,CESM2-FV2,r1i1p1f1,gn,historical,1902-05,1902,5,11.174846068956022,11.856978087457001,-0.6821320185009796
NCAR,CESM2-FV2,r1i1p1f1,gn,historical,1902-06,1902,6,9.64386350816955,10.385082098663743,-0.7412185904941921
NCAR,CESM2-FV2,r1i1p1f1,gn,historical,1902-07,1902,7,7.421342825851347,8.431066340762834,-1.009723514911487
NCAR,CESM2-FV2,r1i1p1f1,gn,historical,1902-08,1902,8,5.218679194359029,6.576964334348024,-1.358285139988995
NCAR,CESM2-FV2,r1i1p1f1,gn,historical,1902-09,1902,9,4.811947398861315,6.165581662342112,-1.3536342634807976
NCAR,CESM2-FV2,r1i1p1f1,gn,historical,1902-10,1902,10,6.765076861729795,8.155874857603987,-1.390797995874192
NCAR,CESM2-FV2,r1i1p1f1,gn,historical,1902-11,1902,11,9.822288625289572,10.44197687393882,-0.6196882486492488
NCAR,CESM2-FV2,r1i1p1f1,gn,historical,1902-12,1902,12,11.784342868818237,11.995661520923939,-0.21131865210570133
NCAR,CESM2-FV2,r1i1p1f1,gn,historical,1903-01,1903,1,12.708786333824877,12.70496826938363,0.0038180644412477704
NCAR,CESM2-FV2,r1i1p1f1,gn,historical,1903-02,1903,2,13.035343204436648,12.93605048971176,0.09929271472488743
NCAR,CESM2-FV2,r1i1p1f1,gn,historical,1903-03,1903,3,13.08024891936658,12.975141814700955,0.10510710466562578
NCAR,CESM2-FV2,r1i1p1f1,gn,historical,1903-04,1903,4,12.684024948437614,12.786552317116914,-0.10252736867930068
NCAR,CESM2-FV2,r1i1p1f1,gn,historical,1903-05,1903,5,11.656216834686768,11.856978087457001,-0.20076125277023316
NCAR,CESM2-FV2,r1i1p1f1,gn,historical,1903-06,1903,6,10.129246654813324,10.385082098663743,-0.2558354438504189
NCAR,CESM2-FV2,r1i1p1f1,gn,historical,1903-07,1903,7,8.045168347717974,8.431066340762834,-0.3858979930448605
NCAR,CESM2-FV2,r1i1p1f1,gn,historical,1903-08,1903,8,5.932810930005345,6.576964334348024,-0.6441534043426795
NCAR,CESM2-FV2,r1i1p1f1,gn,historical,1903-09,1903,9,5.504657574723307,6.165581662342112,-0.6609240876188052
NCAR,CESM2-FV2,r1i1p1f1,gn,historical,1903-10,1903,10,7.368762863329738,8.155874857603987,-0.787111994274249
NCAR,CESM2-FV2,r1i1p1f1,gn,historical,1903-11,1903,11,10.113068929297903,10.44197687393882,-0.32890794464091755
NCAR,CESM2-FV2,r1i1p1f1,gn,historical,1903-12,1903,12,11.698913502560105,11.995661520923939,-0.296748018363834
NCAR,CESM2-FV2,r1i1p1f1,gn,historical,1904-01,1904,1,12.42428883330425,12.70496826938363,-0.28067943607937984
NCAR,CESM2-FV2,r1i1p1f1,gn,historical,1904-02,1904,2,12.567760700754201,12.93605048971176,-0.3682897889575596
NCAR,CESM2-FV2,r1i1p1f1,gn,historical,1904-03,1904,3,12.533901598576945,12.975141814700955,-0.4412402161240099
NCAR,CESM2-FV2,r1i1p1f1,gn,historical,1904-04,1904,4,12.443785014367657,12.786552317116914,-0.34276730274925704
NCAR,CESM2-FV2,r1i1p1f1,gn,historical,1904-05,1904,5,11.548058411397031,11.856978087457001,-0.30891967605997017
NCAR,CESM2-FV2,r1i1p1f1,gn,historical,1904-06,1904,6,10.022129090546796,10.385082098663743,-0.3629530081169463
NCAR,CESM2-FV2,r1i1p1f1,gn,historical,1904-07,1904,7,8.170267419066732,8.431066340762834,-0.26079892169610197
NCAR,CESM2-FV2,r1i1p1f1,gn,historical,1904-08,1904,8,6.494613206538012,6.576964334348024,-0.08235112781001241
NCAR,CESM2-FV2,r1i1p1f1,gn,historical,1904-09,1904,9,5.9949503239848285,6.165581662342112,-0.17063133835728372
NCAR,CESM2-FV2,r1i1p1f1,gn,historical,1904-10,1904,10,7.7067521951051265,8.155874857603987,-0.44912266249886024
NCAR,CESM2-FV2,r1i1p1f1,gn,historical,1904-11,1904,11,10.101499842414219,10.44197687393882,-0.3404770315246015
NCAR,CESM2-FV2,r1i1p1f1,gn,historical,1904-12,1904,12,11.525619656274147,11.995661520923939,-0.4700418646497919
NCAR,CESM2-FV2,r1i1p1f1,gn,historical,1905-01,1905,1,12.358830335071392,12.70496826938363,-0.34613793431223705
NCAR,CESM2-FV2,r1i1p1f1,gn,historical,1905-02,1905,2,12.74075832487743,12.93605048971176,-0.19529216483433132
NCAR,CESM2-FV2,r1i1p1f1,gn,historical,1905-03,1905,3,12.742216871923743,12.975141814700955,-0.23292494277721154
NCAR,CESM2-FV2,r1i1p1f1,gn,historical,1905-04,1905,4,12.557011995880801,12.786552317116914,-0.22954032123611334
NCAR,CESM2-FV2,r1i1p1f1,gn,historical,1905-05,1905,5,11.499198527700633,11.856978087457001,-0.3577795597563682
NCAR,CESM2-FV2,r1i1p1f1,gn,historical,1905-06,1905,6,9.962797017824082,10.385082098663743,-0.42228508083966076
NCAR,CESM2-FV2,r1i1p1f1,gn,historical,1905-07,1905,7,8.137286054702493,8.431066340762834,-0.29378028606034157
NCAR,CESM2-FV2,r1i1p1f1,gn,historical,1905-08,1905,8,6.055168525525909,6.576964334348024,-0.5217958088221151
NCAR,CESM2-FV2,r1i1p1f1,gn,historical,1905-09,1905,9,5.447059575464376,6.165581662342112,-0.7185220868777362
NCAR,CESM2-FV2,r1i1p1f1,gn,historical,1905-10,1905,10,7.156532477382492,8.155874857603987,-0.9993423802214947
NCAR,CESM2-FV2,r1i1p1f1,gn,historical,1905-11,1905,11,9.616350610882607,10.44197687393882,-0.825626263056213
NCAR,CESM2-FV2,r1i1p1f1,gn,historical,1905-12,1905,12,11.484265615266608,11.995661520923939,-0.5113959056573307
NCAR,CESM2-FV2,r1i1p1f1,gn,historical,1906-01,1906,1,12.365142940967875,12.70496826938363,-0.3398253284157544
NCAR,CESM2-FV2,r1i1p1f1,gn,historical,1906-02,1906,2,12.72480636092525,12.93605048971176,-0.211244128786511
NCAR,CESM2-FV2,r1i1p1f1,gn,historical,1906-03,1906,3,13.052698514854184,12.975141814700955,0.07755670015322913
NCAR,CESM2-FV2,r1i1p1f1,gn,historical,1906-04,1906,4,12.897565588624614,12.786552317116914,0.11101327150769968
NCAR,CESM2-FV2,r1i1p1f1,gn,historical,1906-05,1906,5,11.709533361987146,11.856978087457001,-0.147444725469855
NCAR,CESM2-FV2,r1i1p1f1,gn,historical,1906-06,1906,6,10.075815012332692,10.385082098663743,-0.30926708633105093
NCAR,CESM2-FV2,r1i1p1f1,gn,historical,1906-07,1906,7,7.989484468044082,8.431066340762834,-0.4415818727187526
NCAR,CESM2-FV2,r1i1p1f1,gn,historical,1906-08,1906,8,6.022361694026079,6.576964334348024,-0.5546026403219448
NCAR,CESM2-FV2,r1i1p1f1,gn,historical,1906-09,1906,9,5.258936888254354,6.165581662342112,-0.9066447740877583
NCAR,CESM2-FV2,r1i1p1f1,gn,historical,1906-10,1906,10,6.963522781655124,8.155874857603987,-1.1923520759488628
NCAR,CESM2-FV2,r1i1p1f1,gn,historical,1906-11,1906,11,9.822205892701003,10.44197687393882,-0.6197709812378172
NCAR,CESM2-FV2,r1i1p1f1,gn,historical,1906-12,1906,12,11.988753930893992,11.995661520923939,-0.006907590029946675
NCAR,CESM2-FV2,r1i1p1f1,gn,historical,1907-01,1907,1,12.749731407042727,12.70496826938363,0.04476313765909801
NCAR,CESM2-FV2,r1i1p1f1,gn,historical,1907-02,1907,2,12.968067391100456,12.93605048971176,0.03201690138869573
NCAR,CESM2-FV2,r1i1p1f1,gn,historical,1907-03,1907,3,13.076593985623091,12.975141814700955,0.10145217092213699
NCAR,CESM2-FV2,r1i1p1f1,gn,historical,1907-04,1907,4,12.961612772280786,12.786552317116914,0.17506045516387125
NCAR,CESM2-FV2,r1i1p1f1,gn,historical,1907-05,1907,5,11.808686496323796,11.856978087457001,-0.04829159113320536
NCAR,CESM2-FV2,r1i1p1f1,gn,historical,1907-06,1907,6,10.214822535870605,10.385082098663743,-0.17025956279313803
NCAR,CESM2-FV2,r1i1p1f1,gn,historical,1907-07,1907,7,8.441175700793888,8.431066340762834,0.010109360031053782
NCAR,CESM2-FV2,r1i1p1f1,gn,historical,1907-08,1907,8,6.373961264905651,6.576964334348024,-0.20300306944237345
NCAR,CESM2-FV2,r1i1p1f1,gn,historical,1907-09,1907,9,5.791801679084276,6.165581662342112,-0.3737799832578359
NCAR,CESM2-FV2,r1i1p1f1,gn,historical,1907-10,1907,10,8.038324575332505,8.155874857603987,-0.11755028227148223
NCAR,CESM2-FV2,r1i1p1f1,gn,historical,1907-11,1907,11,10.591900773795002,10.44197687393882,0.14992389985618182
NCAR,CESM2-FV2,r1i1p1f1,gn,historical,1907-12,1907,12,12.147105664303309,11.995661520923939,0.1514441433793703
NCAR,CESM2-FV2,r1i1p1f1,gn,historical,1908-01,1908,1,12.414408322949516,12.70496826938363,-0.2905599464341133
NCAR,CESM2-FV2,r1i1p1f1,gn,historical,1908-02,1908,2,12.750375920188375,12.93605048971176,-0.18567456952338546
NCAR,CESM2-FV2,r1i1p1f1,gn,historical,1908-03,1908,3,12.818808345999095,12.975141814700955,-0.1563334687018596
NCAR,CESM2-FV2,r1i1p1f1,gn,historical,1908-04,1908,4,12.362571683221388,12.786552317116914,-0.42398063389552654
NCAR,CESM2-FV2,r1i1p1f1,gn,historical,1908-05,1908,5,11.337926664423415,11.856978087457001,-0.5190514230335861
NCAR,CESM2-FV2,r1i1p1f1,gn,historical,1908-06,1908,6,9.931536938395789,10.385082098663743,-0.45354516026795366
NCAR,CESM2-FV2,r1i1p1f1,gn,historical,1908-07,1908,7,7.870194084168016,8.431066340762834,-0.5608722565948181
NCAR,CESM2-FV2,r1i1p1f1,gn,historical,1908-08,1908,8,6.00459642066751,6.576964334348024,-0.5723679136805142
NCAR,CESM2-FV2,r1i1p1f1,gn,historical,1908-09,1908,9,5.581565725750648,6.165581662342112,-0.5840159365914639
NCAR,CESM2-FV2,r1i1p1f1,gn,historical,1908-10,1908,10,7.750164755644854,8.155874857603987,-0.4057101019591327
NCAR,CESM2-FV2,r1i1p1f1,gn,historical,1908-11,1908,11,9.827007135770835,10.44197687393882,-0.6149697381679857
NCAR,CESM2-FV2,r1i1p1f1,gn,historical,1908-12,1908,12,11.77800852664219,11.995661520923939,-0.21765299428174956
NCAR,CESM2-FV2,r1i1p1f1,gn,historical,1909-01,1909,1,12.46974167962308,12.70496826938363,-0.23522658976054878
NCAR,CESM2-FV2,r1i1p1f1,gn,historical,1909-02,1909,2,12.755449539506937,12.93605048971176,-0.18060095020482336
NCAR,CESM2-FV2,r1i1p1f1,gn,historical,1909-03,1909,3,13.003819180138379,12.975141814700955,0.028677365437424385
NCAR,CESM2-FV2,r1i1p1f1,gn,historical,1909-04,1909,4,12.844972202129432,12.786552317116914,0.05841988501251727
NCAR,CESM2-FV2,r1i1p1f1,gn,historical,1909-05,1909,5,11.804712964204965,11.856978087457001,-0.05226512325203636
NCAR,CESM2-FV2,r1i1p1f1,gn,historical,1909-06,1909,6,10.193096395373937,10.385082098663743,-0.1919857032898058
NCAR,CESM2-FV2,r1i1p1f1,gn,historical,1909-07,1909,7,8.135240742515233,8.431066340762834,-0.29582559824760146
NCAR,CESM2-FV2,r1i1p1f1,gn,historical,1909-08,1909,8,6.2470396716449885,6.576964334348024,-0.32992466270303566
NCAR,CESM2-FV2,r1i1p1f1,gn,historical,1909-09,1909,9,5.940827399726978,6.165581662342112,-0.22475426261513398
NCAR,CESM2-FV2,r1i1p1f1,gn,historical,1909-10,1909,10,8.075981882579367,8.155874857603987,-0.07989297502462023
NCAR,CESM2-FV2,r1i1p1f1,gn,historical,1909-11,1909,11,10.45257941565768,10.44197687393882,0.010602541718860437
NCAR,CESM2-FV2,r1i1p1f1,gn,historical,1909-12,1909,12,12.04380854083618,11.995661520923939,0.04814701991224091
NCAR,CESM2-FV2,r1i1p1f1,gn,historical,1910-01,1910,1,12.615136364625453,12.70496826938363,-0.08983190475817615
NCAR,CESM2-FV2,r1i1p1f1,gn,historical,1910-02,1910,2,12.807472713021543,12.93605048971176,-0.12857777669021786
NCAR,CESM2-FV2,r1i1p1f1,gn,historical,1910-03,1910,3,12.928570573749104,12.975141814700955,-0.04657124095185061
NCAR,CESM2-FV2,r1i1p1f1,gn,historical,1910-04,1910,4,12.522757299966027,12.786552317116914,-0.26379501715088693
NCAR,CESM2-FV2,r1i1p1f1,gn,historical,1910-05,1910,5,11.497329569032196,11.856978087457001,-0.3596485184248053
NCAR,CESM2-FV2,r1i1p1f1,gn,historical,1910-06,1910,6,10.119123755126582,10.385082098663743,-0.26595834353716086
NCAR,CESM2-FV2,r1i1p1f1,gn,historical,1910-07,1910,7,8.307140206221677,8.431066340762834,-0.12392613454115775
NCAR,CESM2-FV2,r1i1p1f1,gn,historical,1910-08,1910,8,6.633981442065158,6.576964334348024,0.057017107717133975
NCAR,CESM2-FV2,r1i1p1f1,gn,historical,1910-09,1910,9,6.086608552740083,6.165581662342112,-0.07897310960202919
NCAR,CESM2-FV2,r1i1p1f1,gn,historical,1910-10,1910,10,8.66276131275343,8.155874857603987,0.5068864551494432
NCAR,CESM2-FV2,r1i1p1f1,gn,historical,1910-11,1910,11,10.812421889971843,10.44197687393882,0.37044501603302216
NCAR,CESM2-FV2,r1i1p1f1,gn,historical,1910-12,1910,12,12.218376273355652,11.995661520923939,0.22271475243171324
NCAR,CESM2-FV2,r1i1p1f1,gn,historical,1911-01,1911,1,12.871250004404898,12.70496826938363,0.16628173502126842
NCAR,CESM2-FV2,r1i1p1f1,gn,historical,1911-02,1911,2,12.983477173483262,12.93605048971176,0.04742668377150139
NCAR,CESM2-FV2,r1i1p1f1,gn,historical,1911-03,1911,3,13.132041108352238,12.975141814700955,0.15689929365128386
NCAR,CESM2-FV2,r1i1p1f1,gn,historical,1911-04,1911,4,12.802905301073004,12.786552317116914,0.016352983956089417
NCAR,CESM2-FV2,r1i1p1f1,gn,historical,1911-05,1911,5,11.78985103464451,11.856978087457001,-0.06712705281249143
NCAR,CESM2-FV2,r1i1p1f1,gn,historical,1911-06,1911,6,10.47284963094254,10.385082098663743,0.08776753227879652
NCAR,CESM2-FV2,r1i1p1f1,gn,historical,1911-07,1911,7,8.603291759866156,8.431066340762834,0.1722254191033219
NCAR,CESM2-FV2,r1i1p1f1,gn,historical,1911-08,1911,8,7.052076252869303,6.576964334348024,0.47511191852127865
NCAR,CESM2-FV2,r1i1p1f1,gn,historical,1911-09,1911,9,6.841590395082245,6.165581662342112,0.676008732740133
NCAR,CESM2-FV2,r1i1p1f1,gn,historical,1911-10,1911,10,8.246612424201707,8.155874857603987,0.09073756659772059
NCAR,CESM2-FV2,r1i1p1f1,gn,historical,1911-11,1911,11,10.462151500720607,10.44197687393882,0.020174626781786387
NCAR,CESM2-FV2,r1i1p1f1,gn,historical,1911-12,1911,12,12.189377987222162,11.995661520923939,0.19371646629822337
NCAR,CESM2-FV2,r1i1p1f1,gn,historical,1912-01,1912,1,12.648425661790009,12.70496826938363,-0.056542607593620176
NCAR,CESM2-FV2,r1i1p1f1,gn,historical,1912-02,1912,2,12.99934302981689,12.93605048971176,0.06329254010512919
NCAR,CESM2-FV2,r1i1p1f1,gn,historical,1912-03,1912,3,13.047219021736257,12.975141814700955,0.07207720703530285
NCAR,CESM2-FV2,r1i1p1f1,gn,historical,1912-04,1912,4,12.949120353663309,12.786552317116914,0.16256803654639462
NCAR,CESM2-FV2,r1i1p1f1,gn,historical,1912-05,1912,5,12.024423153632192,11.856978087457001,0.1674450661751905
NCAR,CESM2-FV2,r1i1p1f1,gn,historical,1912-06,1912,6,10.680147536934996,10.385082098663743,0.2950654382712532
NCAR,CESM2-FV2,r1i1p1f1,gn,historical,1912-07,1912,7,8.768026726045772,8.431066340762834,0.3369603852829375
NCAR,CESM2-FV2,r1i1p1f1,gn,historical,1912-08,1912,8,6.953548076316012,6.576964334348024,0.3765837419679876
NCAR,CESM2-FV2,r1i1p1f1,gn,historical,1912-09,1912,9,6.560673189037461,6.165581662342112,0.3950915266953485
NCAR,CESM2-FV2,r1i1p1f1,gn,historical,1912-10,1912,10,8.725037362237176,8.155874857603987,0.569162504633189
NCAR,CESM2-FV2,r1i1p1f1,gn,historical,1912-11,1912,11,10.998765395536985,10.44197687393882,0.5567885215981647
NCAR,CESM2-FV2,r1i1p1f1,gn,historical,1912-12,1912,12,12.493431862363765,11.995661520923939,0.4977703414398267
NCAR,CESM2-FV2,r1i1p1f1,gn,historical,1913-01,1913,1,13.009593491049696,12.70496826938363,0.30462522166606654
NCAR,CESM2-FV2,r1i1p1f1,gn,historical,1913-02,1913,2,13.23432663511639,12.93605048971176,0.2982761454046301
NCAR,CESM2-FV2,r1i1p1f1,gn,historical,1913-03,1913,3,13.220914012250887,12.975141814700955,0.24577219754993251
NCAR,CESM2-FV2,r1i1p1f1,gn,historical,1913-04,1913,4,12.997134897600091,12.786552317116914,0.21058258048317668
NCAR,CESM2-FV2,r1i1p1f1,gn,historical,1913-05,1913,5,12.058036247853657,11.856978087457001,0.2010581603966557
NCAR,CESM2-FV2,r1i1p1f1,gn,historical,1913-06,1913,6,10.604382376709406,10.385082098663743,0.21930027804566343
NCAR,CESM2-FV2,r1i1p1f1,gn,historical,1913-07,1913,7,8.631268506959277,8.431066340762834,0.20020216619644238
NCAR,CESM2-FV2,r1i1p1f1,gn,historical,1913-08,1913,8,6.925522025448896,6.576964334348024,0.3485576911008721
NCAR,CESM2-FV2,r1i1p1f1,gn,historical,1913-09,1913,9,6.695201804359801,6.165581662342112,0.5296201420176887
NCAR,CESM2-FV2,r1i1p1f1,gn,historical,1913-10,1913,10,9.010090946525352,8.155874857603987,0.8542160889213655
NCAR,CESM2-FV2,r1i1p1f1,gn,historical,1913-11,1913,11,11.10890281406925,10.44197687393882,0.6669259401304295
NCAR,CESM2-FV2,r1i1p1f1,gn,historical,1913-12,1913,12,12.518136424761904,11.995661520923939,0.5224749038379652
NCAR,CESM2-FV2,r1i1p1f1,gn,historical,1914-01,1914,1,13.167320203983765,12.70496826938363,0.4623519346001359
NCAR,CESM2-FV2,r1i1p1f1,gn,historical,1914-02,1914,2,13.349724832047922,12.93605048971176,0.4136743423361615
NCAR,CESM2-FV2,r1i1p1f1,gn,historical,1914-03,1914,3,13.482823480309808,12.975141814700955,0.5076816656088532
NCAR,CESM2-FV2,r1i1p1f1,gn,historical,1914-04,1914,4,13.172155289762054,12.786552317116914,0.38560297264514
NCAR,CESM2-FV2,r1i1p1f1,gn,historical,1914-05,1914,5,12.029828382259266,11.856978087457001,0.17285029480226477
NCAR,CESM2-FV2,r1i1p1f1,gn,historical,1914-06,1914,6,10.540521116239319,10.385082098663743,0.155439017575576
NCAR,CESM2-FV2,r1i1p1f1,gn,historical,1914-07,1914,7,8.274976153420113,8.431066340762834,-0.15609018734272162
NCAR,CESM2-FV2,r1i1p1f1,gn,historical,1914-08,1914,8,6.163804708656623,6.576964334348024,-0.4131596256914012
NCAR,CESM2-FV2,r1i1p1f1,gn,historical,1914-09,1914,9,5.727758105333832,6.165581662342112,-0.43782355700828024
NCAR,CESM2-FV2,r1i1p1f1,gn,historical,1914-10,1914,10,8.13545771856291,8.155874857603987,-0.020417139041077448
NCAR,CESM2-FV2,r1i1p1f1,gn,historical,1914-11,1914,11,11.031509611528694,10.44197687393882,0.5895327375898738
NCAR,CESM2-FV2,r1i1p1f1,gn,historical,1914-12,1914,12,12.572906575080195,11.995661520923939,0.5772450541562559
NCAR,CESM2-FV2,r1i1p1f1,gn,historical,1915-01,1915,1,13.203192926419067,12.70496826938363,0.49822465703543806
NCAR,CESM2-FV2,r1i1p1f1,gn,historical,1915-02,1915,2,13.564312065025048,12.93605048971176,0.628261575313287
NCAR,CESM2-FV2,r1i1p1f1,gn,historical,1915-03,1915,3,13.49376084723693,12.975141814700955,0.518619032535975
NCAR,CESM2-FV2,r1i1p1f1,gn,historical,1915-04,1915,4,13.03921151791827,12.786552317116914,0.2526592008013555
NCAR,CESM2-FV2,r1i1p1f1,gn,historical,1915-05,1915,5,12.154400311939062,11.856978087457001,0.29742222448206057
NCAR,CESM2-FV2,r1i1p1f1,gn,historical,1915-06,1915,6,10.650066317692191,10.385082098663743,0.2649842190284488
NCAR,CESM2-FV2,r1i1p1f1,gn,historical,1915-07,1915,7,8.670634135440743,8.431066340762834,0.23956779467790845
NCAR,CESM2-FV2,r1i1p1f1,gn,historical,1915-08,1915,8,6.731368562450642,6.576964334348024,0.1544042281026181
NCAR,CESM2-FV2,r1i1p1f1,gn,historical,1915-09,1915,9,6.072230046233785,6.165581662342112,-0.0933516161083272
NCAR,CESM2-FV2,r1i1p1f1,gn,historical,1915-10,1915,10,7.979667617405284,8.155874857603987,-0.17620724019870249
NCAR,CESM2-FV2,r1i1p1f1,gn,historical,1915-11,1915,11,10.744777501777012,10.44197687393882,0.3028006278381916
NCAR,CESM2-FV2,r1i1p1f1,gn,historical,1915-12,1915,12,12.243211489267262,11.995661520923939,0.2475499683433231
NCAR,CESM2-FV2,r1i1p1f1,gn,historical,1916-01,1916,1,12.766445785192762,12.70496826938363,0.0614775158091323
NCAR,CESM2-FV2,r1i1p1f1,gn,historical,1916-02,1916,2,12.915536645177086,12.93605048971176,-0.02051384453467442
NCAR,CESM2-FV2,r1i1p1f1,gn,historical,1916-03,1916,3,13.077476462684483,12.975141814700955,0.10233464798352898
NCAR,CESM2-FV2,r1i1p1f1,gn,historical,1916-04,1916,4,12.733509876567476,12.786552317116914,-0.0530424405494383
NCAR,CESM2-FV2,r1i1p1f1,gn,historical,1916-05,1916,5,11.78687084633995,11.856978087457001,-0.0701072411170518
NCAR,CESM2-FV2,r1i1p1f1,gn,historical,1916-06,1916,6,10.215795287122885,10.385082098663743,-0.16928681154085723
NCAR,CESM2-FV2,r1i1p1f1,gn,historical,1916-07,1916,7,8.085614568834327,8.431066340762834,-0.3454517719285075
NCAR,CESM2-FV2,r1i1p1f1,gn,historical,1916-08,1916,8,5.956675995659683,6.576964334348024,-0.6202883386883409
NCAR,CESM2-FV2,r1i1p1f1,gn,historical,1916-09,1916,9,5.6930822066587075,6.165581662342112,-0.4724994556834048
NCAR,CESM2-FV2,r1i1p1f1,gn,historical,1916-10,1916,10,8.04342764686488,8.155874857603987,-0.11244721073910746
NCAR,CESM2-FV2,r1i1p1f1,gn,historical,1916-11,1916,11,10.234417384711719,10.44197687393882,-0.20755948922710132
NCAR,CESM2-FV2,r1i1p1f1,gn,historical,1916-12,1916,12,12.077236265825626,11.995661520923939,0.08157474490168681
NCAR,CESM2-FV2,r1i1p1f1,gn,historical,1917-01,1917,1,12.65828129704985,12.70496826938363,-0.04668697233377905
NCAR,CESM2-FV2,r1i1p1f1,gn,historical,1917-02,1917,2,12.61454506607354,12.93605048971176,-0.32150542363822154
NCAR,CESM2-FV2,r1i1p1f1,gn,historical,1917-03,1917,3,12.820081915876044,12.975141814700955,-0.155059898824911
NCAR,CESM2-FV2,r1i1p1f1,gn,historical,1917-04,1917,4,12.657968317101055,12.786552317116914,-0.12858400001585935
NCAR,CESM2-FV2,r1i1p1f1,gn,historical,1917-05,1917,5,11.410315334221076,11.856978087457001,-0.4466627532359251
NCAR,CESM2-FV2,r1i1p1f1,gn,historical,1917-06,1917,6,9.7045709636102,10.385082098663743,-0.6805111350535427
NCAR,CESM2-FV2,r1i1p1f1,gn,historical,1917-07,1917,7,7.778530344089487,8.431066340762834,-0.6525359966733477
NCAR,CESM2-FV2,r1i1p1f1,gn,historical,1917-08,1917,8,5.9242160844675045,6.576964334348024,-0.6527482498805197
NCAR,CESM2-FV2,r1i1p1f1,gn,historical,1917-09,1917,9,5.408586634030599,6.165581662342112,-0.756995028311513
NCAR,CESM2-FV2,r1i1p1f1,gn,historical,1917-10,1917,10,6.965522123934784,8.155874857603987,-1.1903527336692026
NCAR,CESM2-FV2,r1i1p1f1,gn,historical,1917-11,1917,11,10.236203369633019,10.44197687393882,-0.20577350430580132
NCAR,CESM2-FV2,r1i1p1f1,gn,historical,1917-12,1917,12,11.626934931939555,11.995661520923939,-0.3687265889843836
NCAR,CESM2-FV2,r1i1p1f1,gn,historical,1918-01,1918,1,12.174986600112527,12.70496826938363,-0.5299816692711019
NCAR,CESM2-FV2,r1i1p1f1,gn,historical,1918-02,1918,2,12.649266333302672,12.93605048971176,-0.28678415640908916
NCAR,CESM2-FV2,r1i1p1f1,gn,historical,1918-03,1918,3,12.78843460488441,12.975141814700955,-0.18670720981654476
NCAR,CESM2-FV2,r1i1p1f1,gn,historical,1918-04,1918,4,12.557209857785853,12.786552317116914,-0.22934245933106112
NCAR,CESM2-FV2,r1i1p1f1,gn,historical,1918-05,1918,5,11.53095122511135,11.856978087457001,-0.3260268623456515
NCAR,CESM2-FV2,r1i1p1f1,gn,historical,1918-06,1918,6,10.042638539163196,10.385082098663743,-0.3424435595005466
NCAR,CESM2-FV2,r1i1p1f1,gn,historical,1918-07,1918,7,8.1385488859079,8.431066340762834,-0.2925174548549343
NCAR,CESM2-FV2,r1i1p1f1,gn,historical,1918-08,1918,8,6.1982647484236795,6.576964334348024,-0.3786995859243447
NCAR,CESM2-FV2,r1i1p1f1,gn,historical,1918-09,1918,9,5.494108890791934,6.165581662342112,-0.671472771550178
NCAR,CESM2-FV2,r1i1p1f1,gn,historical,1918-10,1918,10,7.474660245041051,8.155874857603987,-0.6812146125629361
NCAR,CESM2-FV2,r1i1p1f1,gn,historical,1918-11,1918,11,9.920916479439887,10.44197687393882,-0.5210603944989334
NCAR,CESM2-FV2,r1i1p1f1,gn,historical,1918-12,1918,12,11.681667998041156,11.995661520923939,-0.31399352288278237
NCAR,CESM2-FV2,r1i1p1f1,gn,historical,1919-01,1919,1,12.629282979321511,12.70496826938363,-0.07568529006211833
NCAR,CESM2-FV2,r1i1p1f1,gn,historical,1919-02,1919,2,12.917628136583613,12.93605048971176,-0.018422353128148217
NCAR,CESM2-FV2,r1i1p1f1,gn,historical,1919-03,1919,3,12.983066009091914,12.975141814700955,0.007924194390959372
NCAR,CESM2-FV2,r1i1p1f1,gn,historical,1919-04,1919,4,12.67885775425363,12.786552317116914,-0.10769456286328527
NCAR,CESM2-FV2,r1i1p1f1,gn,historical,1919-05,1919,5,11.515435966126915,11.856978087457001,-0.341542121330086
NCAR,CESM2-FV2,r1i1p1f1,gn,historical,1919-06,1919,6,10.010576348470606,10.385082098663743,-0.37450575019313703
NCAR,CESM2-FV2,r1i1p1f1,gn,historical,1919-07,1919,7,7.934311435790342,8.431066340762834,-0.49675490497249264
NCAR,CESM2-FV2,r1i1p1f1,gn,historical,1919-08,1919,8,6.233735665595872,6.576964334348024,-0.3432286687521522
NCAR,CESM2-FV2,r1i1p1f1,gn,historical,1919-09,1919,9,5.828352723556024,6.165581662342112,-0.3372289387860885
NCAR,CESM2-FV2,r1i1p1f1,gn,historical,1919-10,1919,10,7.566688933641269,8.155874857603987,-0.5891859239627175
NCAR,CESM2-FV2,r1i1p1f1,gn,historical,1919-11,1919,11,9.595880022358175,10.44197687393882,-0.8460968515806453
NCAR,CESM2-FV2,r1i1p1f1,gn,historical,1919-12,1919,12,11.861959636438511,11.995661520923939,-0.1337018844854274
NCAR,CESM2-FV2,r1i1p1f1,gn,historical,1920-01,1920,1,12.796116506726557,12.70496826938363,0.09114823734292798
NCAR,CESM2-FV2,r1i1p1f1,gn,historical,1920-02,1920,2,12.958600438336909,12.93605048971176,0.02254994862514792
NCAR,CESM2-FV2,r1i1p1f1,gn,historical,1920-03,1920,3,13.003330065467123,12.975141814700955,0.02818825076616882
NCAR,CESM2-FV2,r1i1p1f1,gn,historical,1920-04,1920,4,12.79834688882982,12.786552317116914,0.011794571712906432
NCAR,CESM2-FV2,r1i1p1f1,gn,historical,1920-05,1920,5,11.711109451316812,11.856978087457001,-0.14586863614018952
NCAR,CESM2-FV2,r1i1p1f1,gn,historical,1920-06,1920,6,10.221565780422786,10.385082098663743,-0.1635163182409567
NCAR,CESM2-FV2,r1i1p1f1,gn,historical,1920-07,1920,7,8.088221330621593,8.431066340762834,-0.34284501014124125
NCAR,CESM2-FV2,r1i1p1f1,gn,historical,1920-08,1920,8,5.832663691648613,6.576964334348024,-0.744300642699411
NCAR,CESM2-FV2,r1i1p1f1,gn,historical,1920-09,1920,9,5.327051677327998,6.165581662342112,-0.8385299850141141
NCAR,CESM2-FV2,r1i1p1f1,gn,historical,1920-10,1920,10,7.802423005475877,8.155874857603987,-0.35345185212811003
NCAR,CESM2-FV2,r1i1p1f1,gn,historical,1920-11,1920,11,10.448713892717024,10.44197687393882,0.006737018778203208
NCAR,CESM2-FV2,r1i1p1f1,gn,historical,1920-12,1920,12,12.06026212056139,11.995661520923939,0.06460059963745124
NCAR,CESM2-FV2,r1i1p1f1,gn,historical,1921-01,1921,1,12.70000706168527,12.70496826938363,-0.004961207698359615
NCAR,CESM2-FV2,r1i1p1f1,gn,historical,1921-02,1921,2,12.615068997636772,12.93605048971176,-0.3209814920749885
NCAR,CESM2-FV2,r1i1p1f1,gn,historical,1921-03,1921,3,12.84670439928925,12.975141814700955,-0.12843741541170495
NCAR,CESM2-FV2,r1i1p1f1,gn,historical,1921-04,1921,4,12.776406175845956,12.786552317116914,-0.010146141270958253
NCAR,CESM2-FV2,r1i1p1f1,gn,historical,1921-05,1921,5,11.761050238275297,11.856978087457001,-0.09592784918170416
NCAR,CESM2-FV2,r1i1p1f1,gn,historical,1921-06,1921,6,10.280801572694587,10.385082098663743,-0.10428052596915549
NCAR,CESM2-FV2,r1i1p1f1,gn,historical,1921-07,1921,7,8.220970752956084,8.431066340762834,-0.21009558780674986
NCAR,CESM2-FV2,r1i1p1f1,gn,historical,1921-08,1921,8,5.892679054390623,6.576964334348024,-0.6842852799574013
NCAR,CESM2-FV2,r1i1p1f1,gn,historical,1921-09,1921,9,5.2974797315355255,6.165581662342112,-0.8681019308065867
NCAR,CESM2-FV2,r1i1p1f1,gn,historical,1921-10,1921,10,7.911467651421485,8.155874857603987,-0.244407206182502
NCAR,CESM2-FV2,r1i1p1f1,gn,historical,1921-11,1921,11,10.169124562965575,10.44197687393882,-0.2728523109732457
NCAR,CESM2-FV2,r1i1p1f1,gn,historical,1921-12,1921,12,11.48301966376075,11.995661520923939,-0.5126418571631888
NCAR,CESM2-FV2,r1i1p1f1,gn,historical,1922-01,1922,1,12.375203235345634,12.70496826938363,-0.3297650340379956
NCAR,CESM2-FV2,r1i1p1f1,gn,historical,1922-02,1922,2,12.794420020531843,12.93605048971176,-0.14163046917991728
NCAR,CESM2-FV2,r1i1p1f1,gn,historical,1922-03,1922,3,12.851343265462598,12.975141814700955,-0.12379854923835687
NCAR,CESM2-FV2,r1i1p1f1,gn,historical,1922-04,1922,4,12.62992950126716,12.786552317116914,-0.15662281584975446
NCAR,CESM2-FV2,r1i1p1f1,gn,historical,1922-05,1922,5,11.43513547982716,11.856978087457001,-0.4218426076298414
NCAR,CESM2-FV2,r1i1p1f1,gn,historical,1922-06,1922,6,9.769227247213726,10.385082098663743,-0.6158548514500168
NCAR,CESM2-FV2,r1i1p1f1,gn,historical,1922-07,1922,7,7.426621997284652,8.431066340762834,-1.0044443434781822
NCAR,CESM2-FV2,r1i1p1f1,gn,historical,1922-08,1922,8,5.402852271970504,6.576964334348024,-1.17411206237752
NCAR,CESM2-FV2,r1i1p1f1,gn,historical,1922-09,1922,9,4.968228035957435,6.165581662342112,-1.1973536263846771
NCAR,CESM2-FV2,r1i1p1f1,gn,historical,1922-10,1922,10,6.932453025688356,8.155874857603987,-1.2234218319156307
NCAR,CESM2-FV2,r1i1p1f1,gn,historical,1922-11,1922,11,9.591235114447734,10.44197687393882,-0.8507417594910862
NCAR,CESM2-FV2,r1i1p1f1,gn,historical,1922-12,1922,12,11.529741861081387,11.995661520923939,-0.4659196598425517
NCAR,CESM2-FV2,r1i1p1f1,gn,historical,1923-01,1923,1,12.739342095395184,12.70496826938363,0.0343738260115547
NCAR,CESM2-FV2,r1i1p1f1,gn,historical,1923-02,1923,2,12.725792264584136,12.93605048971176,-0.2102582251276246
NCAR,CESM2-FV2,r1i1p1f1,gn,historical,1923-03,1923,3,12.733571408936617,12.975141814700955,-0.24157040576433708
NCAR,CESM2-FV2,r1i1p1f1,gn,historical,1923-04,1923,4,12.589997037122583,12.786552317116914,-0.19655527999433176
NCAR,CESM2-FV2,r1i1p1f1,gn,historical,1923-05,1923,5,11.661815879845621,11.856978087457001,-0.19516220761138037
NCAR,CESM2-FV2,r1i1p1f1,gn,historical,1923-06,1923,6,9.994166578469839,10.385082098663743,-0.39091552019390363
NCAR,CESM2-FV2,r1i1p1f1,gn,historical,1923-07,1923,7,7.815220280128611,8.431066340762834,-0.6158460606342233
NCAR,CESM2-FV2,r1i1p1f1,gn,historical,1923-08,1923,8,5.768365084766295,6.576964334348024,-0.8085992495817296
NCAR,CESM2-FV2,r1i1p1f1,gn,historical,1923-09,1923,9,5.082600466192615,6.165581662342112,-1.0829811961494968
NCAR,CESM2-FV2,r1i1p1f1,gn,historical,1923-10,1923,10,7.020650876549354,8.155874857603987,-1.135223981054633
NCAR,CESM2-FV2,r1i1p1f1,gn,historical,1923-11,1923,11,10.05588129259444,10.44197687393882,-0.3860955813443798
NCAR,CESM2-FV2,r1i1p1f1,gn,historical,1923-12,1923,12,11.646728463454217,11.995661520923939,-0.34893305746972203
NCAR,CESM2-FV2,r1i1p1f1,gn,historical,1924-01,1924,1,12.547069855629227,12.70496826938363,-0.1578984137544026
NCAR,CESM2-FV2,r1i1p1f1,gn,historical,1924-02,1924,2,12.73309665275328,12.93605048971176,-0.20295383695848024
NCAR,CESM2-FV2,r1i1p1f1,gn,historical,1924-03,1924,3,12.903847675601524,12.975141814700955,-0.07129413909943061
NCAR,CESM2-FV2,r1i1p1f1,gn,historical,1924-04,1924,4,12.484125855827301,12.786552317116914,-0.30242646128961326
NCAR,CESM2-FV2,r1i1p1f1,gn,historical,1924-05,1924,5,11.506286621119557,11.856978087457001,-0.3506914663374445
NCAR,CESM2-FV2,r1i1p1f1,gn,historical,1924-06,1924,6,9.892907248859004,10.385082098663743,-0.4921748498047389
NCAR,CESM2-FV2,r1i1p1f1,gn,historical,1924-07,1924,7,8.007123683474314,8.431066340762834,-0.42394265728852076
NCAR,CESM2-FV2,r1i1p1f1,gn,historical,1924-08,1924,8,6.282073577998931,6.576964334348024,-0.29489075634909323
NCAR,CESM2-FV2,r1i1p1f1,gn,historical,1924-09,1924,9,5.584558105114537,6.165581662342112,-0.5810235572275753
NCAR,CESM2-FV2,r1i1p1f1,gn,historical,1924-10,1924,10,7.27188856899658,8.155874857603987,-0.8839862886074066
NCAR,CESM2-FV2,r1i1p1f1,gn,historical,1924-11,1924,11,9.812108564874954,10.44197687393882,-0.6298683090638661
NCAR,CESM2-FV2,r1i1p1f1,gn,historical,1924-12,1924,12,11.47392022985014,11.995661520923939,-0.5217412910737984
NCAR,CESM2-FV2,r1i1p1f1,gn,historical,1925-01,1925,1,12.152210179388206,12.70496826938363,-0.5527580899954234
NCAR,CESM2-FV2,r1i1p1f1,gn,historical,1925-02,1925,2,12.55707621162944,12.93605048971176,-0.3789742780823211
NCAR,CESM2-FV2,r1i1p1f1,gn,historical,1925-03,1925,3,12.667106692023165,12.975141814700955,-0.30803512267779
NCAR,CESM2-FV2,r1i1p1f1,gn,historical,1925-04,1925,4,12.542078842220322,12.786552317116914,-0.24447347489659244
NCAR,CESM2-FV2,r1i1p1f1,gn,historical,1925-05,1925,5,11.425171108021829,11.856978087457001,-0.4318069794351729
NCAR,CESM2-FV2,r1i1p1f1,gn,historical,1925-06,1925,6,10.004002820082667,10.385082098663743,-0.38107927858107615
NCAR,CESM2-FV2,r1i1p1f1,gn,historical,1925-07,1925,7,8.105225325983579,8.431066340762834,-0.32584101477925564
NCAR,CESM2-FV2,r1i1p1f1,gn,historical,1925-08,1925,8,6.154350509051664,6.576964334348024,-0.42261382529636027
NCAR,CESM2-FV2,r1i1p1f1,gn,historical,1925-09,1925,9,5.510841202532777,6.165581662342112,-0.6547404598093349
NCAR,CESM2-FV2,r1i1p1f1,gn,historical,1925-10,1925,10,7.707000318021771,8.155874857603987,-0.44887453958221535
NCAR,CESM2-FV2,r1i1p1f1,gn,historical,1925-11,1925,11,10.275387276539494,10.44197687393882,-0.16658959739932655
NCAR,CESM2-FV2,r1i1p1f1,gn,historical,1925-12,1925,12,11.605271764360008,11.995661520923939,-0.3903897565639305
NCAR,CESM2-FV2,r1i1p1f1,gn,historical,1926-01,1926,1,12.278462237661657,12.70496826938363,-0.42650603172197243
NCAR,CESM2-FV2,r1i1p1f1,gn,historical,1926-02,1926,2,12.55853189362959,12.93605048971176,-0.37751859608217053
NCAR,CESM2-FV2,r1i1p1f1,gn,historical,1926-03,1926,3,12.576993278135053,12.975141814700955,-0.3981485365659019
NCAR,CESM2-FV2,r1i1p1f1,gn,historical,1926-04,1926,4,12.403594888438445,12.786552317116914,-0.3829574286784698
NCAR,CESM2-FV2,r1i1p1f1,gn,historical,1926-05,1926,5,11.393165785702939,11.856978087457001,-0.4638123017540625
NCAR,CESM2-FV2,r1i1p1f1,gn,historical,1926-06,1926,6,9.910424192523415,10.385082098663743,-0.47465790614032777
NCAR,CESM2-FV2,r1i1p1f1,gn,historical,1926-07,1926,7,7.611869603846266,8.431066340762834,-0.8191967369165685
NCAR,CESM2-FV2,r1i1p1f1,gn,historical,1926-08,1926,8,5.542088966766642,6.576964334348024,-1.0348753675813818
NCAR,CESM2-FV2,r1i1p1f1,gn,historical,1926-09,1926,9,4.984061206473994,6.165581662342112,-1.1815204558681183
NCAR,CESM2-FV2,r1i1p1f1,gn,historical,1926-10,1926,10,7.06188361177327,8.155874857603987,-1.0939912458307166
NCAR,CESM2-FV2,r1i1p1f1,gn,historical,1926-11,1926,11,10.276168377171016,10.44197687393882,-0.16580849676780396
NCAR,CESM2-FV2,r1i1p1f1,gn,historical,1926-12,1926,12,11.765688067815404,11.995661520923939,-0.2299734531085349
NCAR,CESM2-FV2,r1i1p1f1,gn,historical,1927-01,1927,1,12.431381245326964,12.70496826938363,-0.27358702405666513
NCAR,CESM2-FV2,r1i1p1f1,gn,historical,1927-02,1927,2,12.67706787947293,12.93605048971176,-0.2589826102388315
NCAR,CESM2-FV2,r1i1p1f1,gn,historical,1927-03,1927,3,12.717793353371977,12.975141814700955,-0.25734846132897715
NCAR,CESM2-FV2,r1i1p1f1,gn,historical,1927-04,1927,4,12.543477736297032,12.786552317116914,-0.24307458081988287
NCAR,CESM2-FV2,r1i1p1f1,gn,historical,1927-05,1927,5,11.656206220141456,11.856978087457001,-0.2007718673155452
NCAR,CESM2-FV2,r1i1p1f1,gn,historical,1927-06,1927,6,10.101832650637082,10.385082098663743,-0.28324944802666074
NCAR,CESM2-FV2,r1i1p1f1,gn,historical,1927-07,1927,7,7.819356477684361,8.431066340762834,-0.611709863078473
NCAR,CESM2-FV2,r1i1p1f1,gn,historical,1927-08,1927,8,5.491830580771449,6.576964334348024,-1.0851337535765753
NCAR,CESM2-FV2,r1i1p1f1,gn,historical,1927-09,1927,9,4.985151718297273,6.165581662342112,-1.180429944044839
NCAR,CESM2-FV2,r1i1p1f1,gn,historical,1927-10,1927,10,7.265468315476756,8.155874857603987,-0.8904065421272307
NCAR,CESM2-FV2,r1i1p1f1,gn,historical,1927-11,1927,11,9.810985542603824,10.44197687393882,-0.6309913313349966
NCAR,CESM2-FV2,r1i1p1f1,gn,historical,1927-12,1927,12,11.573378800250905,11.995661520923939,-0.4222827206730333
NCAR,CESM2-FV2,r1i1p1f1,gn,historical,1928-01,1928,1,12.508263950501968,12.70496826938363,-0.19670431888166107
NCAR,CESM2-FV2,r1i1p1f1,gn,historical,1928-02,1928,2,12.71491247693253,12.93605048971176,-0.22113801277922995
NCAR,CESM2-FV2,r1i1p1f1,gn,historical,1928-03,1928,3,12.776626155625603,12.975141814700955,-0.19851565907535118
NCAR,CESM2-FV2,r1i1p1f1,gn,historical,1928-04,1928,4,12.455685670882566,12.786552317116914,-0.33086664623434814
NCAR,CESM2-FV2,r1i1p1f1,gn,historical,1928-05,1928,5,11.413522270633008,11.856978087457001,-0.4434558168239935
NCAR,CESM2-FV2,r1i1p1f1,gn,historical,1928-06,1928,6,9.599591567141005,10.385082098663743,-0.7854905315227381
NCAR,CESM2-FV2,r1i1p1f1,gn,historical,1928-07,1928,7,7.354382749785302,8.431066340762834,-1.0766835909775327
NCAR,CESM2-FV2,r1i1p1f1,gn,historical,1928-08,1928,8,5.436631072010644,6.576964334348024,-1.1403332623373803
NCAR,CESM2-FV2,r1i1p1f1,gn,historical,1928-09,1928,9,4.895049650910457,6.165581662342112,-1.270532011431655
NCAR,CESM2-FV2,r1i1p1f1,gn,historical,1928-10,1928,10,7.033646162134047,8.155874857603987,-1.12222869546994
NCAR,CESM2-FV2,r1i1p1f1,gn,historical,1928-11,1928,11,9.150290843856304,10.44197687393882,-1.2916860300825164
NCAR,CESM2-FV2,r1i1p1f1,gn,historical,1928-12,1928,12,11.405197185699386,11.995661520923939,-0.5904643352245529
NCAR,CESM2-FV2,r1i1p1f1,gn,historical,1929-01,1929,1,12.182480984280748,12.70496826938363,-0.5224872851028817
NCAR,CESM2-FV2,r1i1p1f1,gn,historical,1929-02,1929,2,12.594708702020501,12.93605048971176,-0.34134178769125967
NCAR,CESM2-FV2,r1i1p1f1,gn,historical,1929-03,1929,3,12.701830159005672,12.975141814700955,-0.2733116556952826
NCAR,CESM2-FV2,r1i1p1f1,gn,historical,1929-04,1929,4,12.640052608186496,12.786552317116914,-0.14649970893041875
NCAR,CESM2-FV2,r1i1p1f1,gn,historical,1929-05,1929,5,11.618688556988774,11.856978087457001,-0.23828953046822754
NCAR,CESM2-FV2,r1i1p1f1,gn,historical,1929-06,1929,6,10.104708844586847,10.385082098663743,-0.2803732540768955
NCAR,CESM2-FV2,r1i1p1f1,gn,historical,1929-07,1929,7,8.291335812304728,8.431066340762834,-0.13973052845810585
NCAR,CESM2-FV2,r1i1p1f1,gn,historical,1929-08,1929,8,6.6578541532171345,6.576964334348024,0.08088981886911029
NCAR,CESM2-FV2,r1i1p1f1,gn,historical,1929-09,1929,9,6.129748954108301,6.165581662342112,-0.03583270823381124
NCAR,CESM2-FV2,r1i1p1f1,gn,historical,1929-10,1929,10,7.847062551448418,8.155874857603987,-0.308812306155569
NCAR,CESM2-FV2,r1i1p1f1,gn,historical,1929-11,1929,11,10.04162818664238,10.44197687393882,-0.40034868729643946
NCAR,CESM2-FV2,r1i1p1f1,gn,historical,1929-12,1929,12,11.56902969213377,11.995661520923939,-0.42663182879016937
NCAR,CESM2-FV2,r1i1p1f1,gn,historical,1930-01,1930,1,12.07778813908945,12.70496826938363,-0.62718013029418
NCAR,CESM2-FV2,r1i1p1f1,gn,historical,1930-02,1930,2,12.151396284982878,12.93605048971176,-0.7846542047288825
NCAR,CESM2-FV2,r1i1p1f1,gn,historical,1930-03,1930,3,12.457068594547984,12.975141814700955,-0.5180732201529707
NCAR,CESM2-FV2,r1i1p1f1,gn,historical,1930-04,1930,4,12.255225124301488,12.786552317116914,-0.5313271928154268
NCAR,CESM2-FV2,r1i1p1f1,gn,historical,1930-05,1930,5,11.371045023207765,11.856978087457001,-0.4859330642492363
NCAR,CESM2-FV2,r1i1p1f1,gn,historical,1930-06,1930,6,9.68406611495522,10.385082098663743,-0.7010159837085226
NCAR,CESM2-FV2,r1i1p1f1,gn,historical,1930-07,1930,7,7.681120290428977,8.431066340762834,-0.7499460503338575
NCAR,CESM2-FV2,r1i1p1f1,gn,historical,1930-08,1930,8,5.9750192552898245,6.576964334348024,-0.6019450790581997
NCAR,CESM2-FV2,r1i1p1f1,gn,historical,1930-09,1930,9,5.58875067611987,6.165581662342112,-0.5768309862222418
NCAR,CESM2-FV2,r1i1p1f1,gn,historical,1930-10,1930,10,7.458148665244111,8.155874857603987,-0.6977261923598759
NCAR,CESM2-FV2,r1i1p1f1,gn,historical,1930-11,1930,11,9.877867433386225,10.44197687393882,-0.5641094405525955
NCAR,CESM2-FV2,r1i1p1f1,gn,historical,1930-12,1930,12,11.441164732811531,11.995661520923939,-0.5544967881124077
NCAR,CESM2-FV2,r1i1p1f1,gn,historical,1931-01,1931,1,12.325449512401528,12.70496826938363,-0.379518756982101
NCAR,CESM2-FV2,r1i1p1f1,gn,historical,1931-02,1931,2,12.60135131659739,12.93605048971176,-0.33469917311437136
NCAR,CESM2-FV2,r1i1p1f1,gn,historical,1931-03,1931,3,12.737652250533547,12.975141814700955,-0.23748956416740796
NCAR,CESM2-FV2,r1i1p1f1,gn,historical,1931-04,1931,4,12.557186155804343,12.786552317116914,-0.22936616131257104
NCAR,CESM2-FV2,r1i1p1f1,gn,historical,1931-05,1931,5,11.618118120088422,11.856978087457001,-0.23885996736857962
NCAR,CESM2-FV2,r1i1p1f1,gn,historical,1931-06,1931,6,9.971028212869188,10.385082098663743,-0.41405388579455504
NCAR,CESM2-FV2,r1i1p1f1,gn,historical,1931-07,1931,7,7.91543008532231,8.431066340762834,-0.5156362554405245
NCAR,CESM2-FV2,r1i1p1f1,gn,historical,1931-08,1931,8,6.334202693442901,6.576964334348024,-0.24276164090512342
NCAR,CESM2-FV2,r1i1p1f1,gn,historical,1931-09,1931,9,6.133609451040777,6.165581662342112,-0.03197221130133521
NCAR,CESM2-FV2,r1i1p1f1,gn,historical,1931-10,1931,10,7.848782407815217,8.155874857603987,-0.3070924497887697
NCAR,CESM2-FV2,r1i1p1f1,gn,historical,1931-11,1931,11,9.577642217265087,10.44197687393882,-0.8643346566737335
NCAR,CESM2-FV2,r1i1p1f1,gn,historical,1931-12,1931,12,11.599606276126798,11.995661520923939,-0.39605524479714127
NCAR,CESM2-FV2,r1i1p1f1,gn,historical,1932-01,1932,1,12.492990174408554,12.70496826938363,-0.21197809497507514
NCAR,CESM2-FV2,r1i1p1f1,gn,historical,1932-02,1932,2,12.554829146716676,12.93605048971176,-0.3812213429950848
NCAR,CESM2-FV2,r1i1p1f1,gn,historical,1932-03,1932,3,12.570375213500654,12.975141814700955,-0.4047666012003006
NCAR,CESM2-FV2,r1i1p1f1,gn,historical,1932-04,1932,4,12.462993577791773,12.786552317116914,-0.3235587393251418
NCAR,CESM2-FV2,r1i1p1f1,gn,historical,1932-05,1932,5,11.555624411050207,11.856978087457001,-0.30135367640679434
NCAR,CESM2-FV2,r1i1p1f1,gn,historical,1932-06,1932,6,9.906008227938637,10.385082098663743,-0.4790738707251059
NCAR,CESM2-FV2,r1i1p1f1,gn,historical,1932-07,1932,7,8.25792279821239,8.431066340762834,-0.17314354255044506
NCAR,CESM2-FV2,r1i1p1f1,gn,historical,1932-08,1932,8,6.757636584638953,6.576964334348024,0.18067225029092882
NCAR,CESM2-FV2,r1i1p1f1,gn,historical,1932-09,1932,9,6.270333220857702,6.165581662342112,0.1047515585155896
NCAR,CESM2-FV2,r1i1p1f1,gn,historical,1932-10,1932,10,8.55450894749265,8.155874857603987,0.3986340898886631
NCAR,CESM2-FV2,r1i1p1f1,gn,historical,1932-11,1932,11,10.750771646483265,10.44197687393882,0.3087947725444451
NCAR,CESM2-FV2,r1i1p1f1,gn,historical,1932-12,1932,12,12.066800838727234,11.995661520923939,0.0711393178032953
NCAR,CESM2-FV2,r1i1p1f1,gn,historical,1933-01,1933,1,12.630255243572773,12.70496826938363,-0.07471302581085659
NCAR,CESM2-FV2,r1i1p1f1,gn,historical,1933-02,1933,2,12.809595994395782,12.93605048971176,-0.1264544953159792
NCAR,CESM2-FV2,r1i1p1f1,gn,historical,1933-03,1933,3,12.833408005512094,12.975141814700955,-0.14173380918886025
NCAR,CESM2-FV2,r1i1p1f1,gn,historical,1933-04,1933,4,12.6680792185764,12.786552317116914,-0.11847309854051424
NCAR,CESM2-FV2,r1i1p1f1,gn,historical,1933-05,1933,5,11.619995989212288,11.856978087457001,-0.23698209824471306
NCAR,CESM2-FV2,r1i1p1f1,gn,historical,1933-06,1933,6,10.339732597060507,10.385082098663743,-0.045349501603235254
NCAR,CESM2-FV2,r1i1p1f1,gn,historical,1933-07,1933,7,8.519085597325088,8.431066340762834,0.08801925656225329
NCAR,CESM2-FV2,r1i1p1f1,gn,historical,1933-08,1933,8,6.725927484889861,6.576964334348024,0.14896315054183695
NCAR,CESM2-FV2,r1i1p1f1,gn,historical,1933-09,1933,9,6.164029252218528,6.165581662342112,-0.0015524101235842025
NCAR,CESM2-FV2,r1i1p1f1,gn,historical,1933-10,1933,10,7.788155524749738,8.155874857603987,-0.3677193328542492
NCAR,CESM2-FV2,r1i1p1f1,gn,historical,1933-11,1933,11,9.995167282472723,10.44197687393882,-0.44680959146609744
NCAR,CESM2-FV2,r1i1p1f1,gn,historical,1933-12,1933,12,11.49985262383484,11.995661520923939,-0.49580889708909837
NCAR,CESM2-FV2,r1i1p1f1,gn,historical,1934-01,1934,1,12.695220323743841,12.70496826938363,-0.009747945639787758
NCAR,CESM2-FV2,r1i1p1f1,gn,historical,1934-02,1934,2,13.028914934883817,12.93605048971176,0.09286444517205616
NCAR,CESM2-FV2,r1i1p1f1,gn,historical,1934-03,1934,3,13.012930058311637,12.975141814700955,0.03778824361068267
NCAR,CESM2-FV2,r1i1p1f1,gn,historical,1934-04,1934,4,12.736943761877624,12.786552317116914,-0.0496085552392902
NCAR,CESM2-FV2,r1i1p1f1,gn,historical,1934-05,1934,5,11.612117979702669,11.856978087457001,-0.24486010775433265
NCAR,CESM2-FV2,r1i1p1f1,gn,historical,1934-06,1934,6,10.141078324799805,10.385082098663743,-0.24400377386393757
NCAR,CESM2-FV2,r1i1p1f1,gn,historical,1934-07,1934,7,8.192702848254617,8.431066340762834,-0.23836349250821698
NCAR,CESM2-FV2,r1i1p1f1,gn,historical,1934-08,1934,8,6.4796708739042375,6.576964334348024,-0.09729346044378673
NCAR,CESM2-FV2,r1i1p1f1,gn,historical,1934-09,1934,9,6.0085586633521935,6.165581662342112,-0.15702299898991878
NCAR,CESM2-FV2,r1i1p1f1,gn,historical,1934-10,1934,10,7.930476117215728,8.155874857603987,-0.22539874038825847
NCAR,CESM2-FV2,r1i1p1f1,gn,historical,1934-11,1934,11,9.959398324295964,10.44197687393882,-0.48257854964285585
NCAR,CESM2-FV2,r1i1p1f1,gn,historical,1934-12,1934,12,11.721507334424677,11.995661520923939,-0.2741541864992616
NCAR,CESM2-FV2,r1i1p1f1,gn,historical,1935-01,1935,1,12.676703009517844,12.70496826938363,-0.028265259865785097
NCAR,CESM2-FV2,r1i1p1f1,gn,historical,1935-02,1935,2,12.765832303817898,12.93605048971176,-0.17021818589386228
NCAR,CESM2-FV2,r1i1p1f1,gn,historical,1935-03,1935,3,12.767235618619821,12.975141814700955,-0.20790619608113303
NCAR,CESM2-FV2,r1i1p1f1,gn,historical,1935-04,1935,4,12.417970624321766,12.786552317116914,-0.3685816927951482
NCAR,CESM2-FV2,r1i1p1f1,gn,historical,1935-05,1935,5,11.567426444028433,11.856978087457001,-0.28955164342856854
NCAR,CESM2-FV2,r1i1p1f1,gn,historical,1935-06,1935,6,10.167573074067144,10.385082098663743,-0.21750902459659827
NCAR,CESM2-FV2,r1i1p1f1,gn,historical,1935-07,1935,7,8.277775820882551,8.431066340762834,-0.15329051988028297
NCAR,CESM2-FV2,r1i1p1f1,gn,historical,1935-08,1935,8,6.083752088649222,6.576964334348024,-0.4932122456988024
NCAR,CESM2-FV2,r1i1p1f1,gn,historical,1935-09,1935,9,5.5504553269580565,6.165581662342112,-0.6151263353840557
NCAR,CESM2-FV2,r1i1p1f1,gn,historical,1935-10,1935,10,8.027857669821941,8.155874857603987,-0.12801718778204574
NCAR,CESM2-FV2,r1i1p1f1,gn,historical,1935-11,1935,11,10.558322344518349,10.44197687393882,0.11634547057952815
NCAR,CESM2-FV2,r1i1p1f1,gn,historical,1935-12,1935,12,11.945110797049983,11.995661520923939,-0.05055072387395576
NCAR,CESM2-FV2,r1i1p1f1,gn,historical,1936-01,1936,1,12.531706690334918,12.70496826938363,-0.1732615790487113
NCAR,CESM2-FV2,r1i1p1f1,gn,historical,1936-02,1936,2,12.864659150899543,12.93605048971176,-0.0713913388122176
NCAR,CESM2-FV2,r1i1p1f1,gn,historical,1936-03,1936,3,12.87017413568129,12.975141814700955,-0.10496767901966386
NCAR,CESM2-FV2,r1i1p1f1,gn,historical,1936-04,1936,4,12.705281998681773,12.786552317116914,-0.08127031843514132
NCAR,CESM2-FV2,r1i1p1f1,gn,historical,1936-05,1936,5,11.65364777224393,11.856978087457001,-0.203330315213071
NCAR,CESM2-FV2,r1i1p1f1,gn,historical,1936-06,1936,6,10.13713275187882,10.385082098663743,-0.24794934678492275
NCAR,CESM2-FV2,r1i1p1f1,gn,historical,1936-07,1936,7,8.265747317177304,8.431066340762834,-0.1653190235855302
NCAR,CESM2-FV2,r1i1p1f1,gn,historical,1936-08,1936,8,6.204915445686231,6.576964334348024,-0.3720488886617934
NCAR,CESM2-FV2,r1i1p1f1,gn,historical,1936-09,1936,9,5.580500281240143,6.165581662342112,-0.5850813811019693
NCAR,CESM2-FV2,r1i1p1f1,gn,historical,1936-10,1936,10,7.673637050618687,8.155874857603987,-0.4822378069852995
NCAR,CESM2-FV2,r1i1p1f1,gn,historical,1936-11,1936,11,10.096945823447145,10.44197687393882,-0.3450310504916754
NCAR,CESM2-FV2,r1i1p1f1,gn,historical,1936-12,1936,12,11.802112388342199,11.995661520923939,-0.19354913258174022
NCAR,CESM2-FV2,r1i1p1f1,gn,historical,1937-01,1937,1,12.682129771055308,12.70496826938363,-0.022838498328320966
NCAR,CESM2-FV2,r1i1p1f1,gn,historical,1937-02,1937,2,12.874375883247165,12.93605048971176,-0.06167460646459588
NCAR,CESM2-FV2,r1i1p1f1,gn,historical,1937-03,1937,3,12.873928332657467,12.975141814700955,-0.10121348204348735
NCAR,CESM2-FV2,r1i1p1f1,gn,historical,1937-04,1937,4,12.756120959690085,12.786552317116914,-0.030431357426829564
NCAR,CESM2-FV2,r1i1p1f1,gn,historical,1937-05,1937,5,11.805340898287652,11.856978087457001,-0.051637189169349895
NCAR,CESM2-FV2,r1i1p1f1,gn,historical,1937-06,1937,6,10.171429995090453,10.385082098663743,-0.21365210357329012
NCAR,CESM2-FV2,r1i1p1f1,gn,historical,1937-07,1937,7,8.015665421289185,8.431066340762834,-0.4154009194736492
NCAR,CESM2-FV2,r1i1p1f1,gn,historical,1937-08,1937,8,6.216969426715282,6.576964334348024,-0.3599949076327418
NCAR,CESM2-FV2,r1i1p1f1,gn,historical,1937-09,1937,9,5.646942323371468,6.165581662342112,-0.5186393389706438
NCAR,CESM2-FV2,r1i1p1f1,gn,historical,1937-10,1937,10,7.368676111216343,8.155874857603987,-0.7871987463876442
NCAR,CESM2-FV2,r1i1p1f1,gn,historical,1937-11,1937,11,9.946474074073036,10.44197687393882,-0.4955027998657844
NCAR,CESM2-FV2,r1i1p1f1,gn,historical,1937-12,1937,12,11.911330675964159,11.995661520923939,-0.08433084495977994
NCAR,CESM2-FV2,r1i1p1f1,gn,historical,1938-01,1938,1,12.696157123387813,12.70496826938363,-0.008811145995816005
NCAR,CESM2-FV2,r1i1p1f1,gn,historical,1938-02,1938,2,12.976638133322162,12.93605048971176,0.0405876436104009
NCAR,CESM2-FV2,r1i1p1f1,gn,historical,1938-03,1938,3,12.949257510687586,12.975141814700955,-0.02588430401336872
NCAR,CESM2-FV2,r1i1p1f1,gn,historical,1938-04,1938,4,12.769563269816723,12.786552317116914,-0.016989047300191018
NCAR,CESM2-FV2,r1i1p1f1,gn,historical,1938-05,1938,5,11.792120669983639,11.856978087457001,-0.06485741747336249
NCAR,CESM2-FV2,r1i1p1f1,gn,historical,1938-06,1938,6,10.369073507127007,10.385082098663743,-0.016008591536735395
NCAR,CESM2-FV2,r1i1p1f1,gn,historical,1938-07,1938,7,8.21031082435751,8.431066340762834,-0.22075551640532431
NCAR,CESM2-FV2,r1i1p1f1,gn,historical,1938-08,1938,8,6.157901128672252,6.576964334348024,-0.41906320567577193
NCAR,CESM2-FV2,r1i1p1f1,gn,historical,1938-09,1938,9,5.762810615900973,6.165581662342112,-0.40277104644113937
NCAR,CESM2-FV2,r1i1p1f1,gn,historical,1938-10,1938,10,8.118681025617452,8.155874857603987,-0.03719383198653503
NCAR,CESM2-FV2,r1i1p1f1,gn,historical,1938-11,1938,11,10.215337832678594,10.44197687393882,-0.22663904126022594
NCAR,CESM2-FV2,r1i1p1f1,gn,historical,1938-12,1938,12,11.712406556672665,11.995661520923939,-0.28325496425127383
NCAR,CESM2-FV2,r1i1p1f1,gn,historical,1939-01,1939,1,12.628423538558687,12.70496826938363,-0.07654473082494206
NCAR,CESM2-FV2,r1i1p1f1,gn,historical,1939-02,1939,2,12.979240718855126,12.93605048971176,0.04319022914336479
NCAR,CESM2-FV2,r1i1p1f1,gn,historical,1939-03,1939,3,13.066362201019405,12.975141814700955,0.09122038631845086
NCAR,CESM2-FV2,r1i1p1f1,gn,historical,1939-04,1939,4,12.869468743379953,12.786552317116914,0.08291642626303819
NCAR,CESM2-FV2,r1i1p1f1,gn,historical,1939-05,1939,5,11.839893794917273,11.856978087457001,-0.017084292539728096
NCAR,CESM2-FV2,r1i1p1f1,gn,historical,1939-06,1939,6,10.305586199365312,10.385082098663743,-0.07949589929843093
NCAR,CESM2-FV2,r1i1p1f1,gn,historical,1939-07,1939,7,8.382426900582544,8.431066340762834,-0.048639440180290094
NCAR,CESM2-FV2,r1i1p1f1,gn,historical,1939-08,1939,8,6.337177295613335,6.576964334348024,-0.23978703873468898
NCAR,CESM2-FV2,r1i1p1f1,gn,historical,1939-09,1939,9,5.792947298509328,6.165581662342112,-0.37263436383278403
NCAR,CESM2-FV2,r1i1p1f1,gn,historical,1939-10,1939,10,7.911977982630692,8.155874857603987,-0.24389687497329504
NCAR,CESM2-FV2,r1i1p1f1,gn,historical,1939-11,1939,11,10.059107203022972,10.44197687393882,-0.38286967091584856
NCAR,CESM2-FV2,r1i1p1f1,gn,historical,1939-12,1939,12,11.674953558772891,11.995661520923939,-0.32070796215104735
NCAR,CESM2-FV2,r1i1p1f1,gn,historical,1940-01,1940,1,12.633823913268051,12.70496826938363,-0.07114435611557823
NCAR,CESM2-FV2,r1i1p1f1,gn,historical,1940-02,1940,2,12.933495108848481,12.93605048971176,-0.002555380863279666
NCAR,CESM2-FV2,r1i1p1f1,gn,historical,1940-03,1940,3,12.801116484440776,12.975141814700955,-0.17402533026017863
NCAR,CESM2-FV2,r1i1p1f1,gn,historical,1940-04,1940,4,12.523466395723004,12.786552317116914,-0.26308592139391074
NCAR,CESM2-FV2,r1i1p1f1,gn,historical,1940-05,1940,5,11.301019959601618,11.856978087457001,-0.5559581278553836
NCAR,CESM2-FV2,r1i1p1f1,gn,historical,1940-06,1940,6,9.671537313234785,10.385082098663743,-0.713544785428958
NCAR,CESM2-FV2,r1i1p1f1,gn,historical,1940-07,1940,7,7.537360113196835,8.431066340762834,-0.8937062275659997
NCAR,CESM2-FV2,r1i1p1f1,gn,historical,1940-08,1940,8,5.599233489828683,6.576964334348024,-0.9777308445193409
NCAR,CESM2-FV2,r1i1p1f1,gn,historical,1940-09,1940,9,5.482626952102998,6.165581662342112,-0.6829547102391142
NCAR,CESM2-FV2,r1i1p1f1,gn,historical,1940-10,1940,10,7.971155114577008,8.155874857603987,-0.1847197430269789
NCAR,CESM2-FV2,r1i1p1f1,gn,historical,1940-11,1940,11,9.995830913671703,10.44197687393882,-0.44614596026711695
NCAR,CESM2-FV2,r1i1p1f1,gn,historical,1940-12,1940,12,11.71456598245513,11.995661520923939,-0.28109553846880964
NCAR,CESM2-FV2,r1i1p1f1,gn,historical,1941-01,1941,1,12.539515310545347,12.70496826938363,-0.16545295883828182
NCAR,CESM2-FV2,r1i1p1f1,gn,historical,1941-02,1941,2,12.755259598576192,12.93605048971176,-0.1807908911355689
NCAR,CESM2-FV2,r1i1p1f1,gn,historical,1941-03,1941,3,12.713609303885141,12.975141814700955,-0.2615325108158135
NCAR,CESM2-FV2,r1i1p1f1,gn,historical,1941-04,1941,4,12.313651794209793,12.786552317116914,-0.47290052290712126
NCAR,CESM2-FV2,r1i1p1f1,gn,historical,1941-05,1941,5,11.302750959230385,11.856978087457001,-0.554227128226616
NCAR,CESM2-FV2,r1i1p1f1,gn,historical,1941-06,1941,6,9.88092211714752,10.385082098663743,-0.5041599815162225
NCAR,CESM2-FV2,r1i1p1f1,gn,historical,1941-07,1941,7,8.119318570917327,8.431066340762834,-0.3117477698455069
NCAR,CESM2-FV2,r1i1p1f1,gn,historical,1941-08,1941,8,6.404571520133561,6.576964334348024,-0.17239281421446329
NCAR,CESM2-FV2,r1i1p1f1,gn,historical,1941-09,1941,9,5.82543951597115,6.165581662342112,-0.34014214637096263
NCAR,CESM2-FV2,r1i1p1f1,gn,historical,1941-10,1941,10,7.850894304987798,8.155874857603987,-0.30498055261618884
NCAR,CESM2-FV2,r1i1p1f1,gn,historical,1941-11,1941,11,10.306684124560952,10.44197687393882,-0.13529274937786795
NCAR,CESM2-FV2,r1i1p1f1,gn,historical,1941-12,1941,12,11.82656297674381,11.995661520923939,-0.16909854418012848
NCAR,CESM2-FV2,r1i1p1f1,gn,historical,1942-01,1942,1,12.316058728465924,12.70496826938363,-0.38890954091770524
NCAR,CESM2-FV2,r1i1p1f1,gn,historical,1942-02,1942,2,12.494261407640515,12.93605048971176,-0.4417890820712458
NCAR,CESM2-FV2,r1i1p1f1,gn,historical,1942-03,1942,3,12.677503174448184,12.975141814700955,-0.29763864025277087
NCAR,CESM2-FV2,r1i1p1f1,gn,historical,1942-04,1942,4,12.474586445758813,12.786552317116914,-0.31196587135810105
NCAR,CESM2-FV2,r1i1p1f1,gn,historical,1942-05,1942,5,11.48887470906611,11.856978087457001,-0.3681033783908916
NCAR,CESM2-FV2,r1i1p1f1,gn,historical,1942-06,1942,6,9.96397956735291,10.385082098663743,-0.421102531310833
NCAR,CESM2-FV2,r1i1p1f1,gn,historical,1942-07,1942,7,8.205833961900375,8.431066340762834,-0.22523237886245973
NCAR,CESM2-FV2,r1i1p1f1,gn,historical,1942-08,1942,8,6.371012398489955,6.576964334348024,-0.20595193585806904
NCAR,CESM2-FV2,r1i1p1f1,gn,historical,1942-09,1942,9,5.76085590873415,6.165581662342112,-0.4047257536079618
NCAR,CESM2-FV2,r1i1p1f1,gn,historical,1942-10,1942,10,7.709812166097582,8.155874857603987,-0.44606269150640454
NCAR,CESM2-FV2,r1i1p1f1,gn,historical,1942-11,1942,11,10.02108281491775,10.44197687393882,-0.42089405902106947
NCAR,CESM2-FV2,r1i1p1f1,gn,historical,1942-12,1942,12,11.344498286576117,11.995661520923939,-0.6511632343478215
NCAR,CESM2-FV2,r1i1p1f1,gn,historical,1943-01,1943,1,11.981936881617816,12.70496826938363,-0.723031387765813
NCAR,CESM2-FV2,r1i1p1f1,gn,historical,1943-02,1943,2,12.331443886503898,12.93605048971176,-0.6046066032078627
NCAR,CESM2-FV2,r1i1p1f1,gn,historical,1943-03,1943,3,12.388756598410383,12.975141814700955,-0.5863852162905712
NCAR,CESM2-FV2,r1i1p1f1,gn,historical,1943-04,1943,4,12.198451773381045,12.786552317116914,-0.5881005437358695
NCAR,CESM2-FV2,r1i1p1f1,gn,historical,1943-05,1943,5,11.232588971157645,11.856978087457001,-0.6243891162993567
NCAR,CESM2-FV2,r1i1p1f1,gn,historical,1943-06,1943,6,9.627604985702312,10.385082098663743,-0.7574771129614302
NCAR,CESM2-FV2,r1i1p1f1,gn,historical,1943-07,1943,7,7.788187349020387,8.431066340762834,-0.6428789917424478
NCAR,CESM2-FV2,r1i1p1f1,gn,historical,1943-08,1943,8,6.1985215658293535,6.576964334348024,-0.37844276851867065
NCAR,CESM2-FV2,r1i1p1f1,gn,historical,1943-09,1943,9,5.9275504437564965,6.165581662342112,-0.2380312185856157
NCAR,CESM2-FV2,r1i1p1f1,gn,historical,1943-10,1943,10,7.510355363401244,8.155874857603987,-0.6455194942027429
NCAR,CESM2-FV2,r1i1p1f1,gn,historical,1943-11,1943,11,9.713871678461835,10.44197687393882,-0.728105195476985
NCAR,CESM2-FV2,r1i1p1f1,gn,historical,1943-12,1943,12,11.182318348504735,11.995661520923939,-0.813343172419204
NCAR,CESM2-FV2,r1i1p1f1,gn,historical,1944-01,1944,1,12.039659813623393,12.70496826938363,-0.6653084557602362
NCAR,CESM2-FV2,r1i1p1f1,gn,historical,1944-02,1944,2,12.36908508239341,12.93605048971176,-0.5669654073183512
NCAR,CESM2-FV2,r1i1p1f1,gn,historical,1944-03,1944,3,12.453707313644165,12.975141814700955,-0.52143450105679
NCAR,CESM2-FV2,r1i1p1f1,gn,historical,1944-04,1944,4,12.370716495720837,12.786552317116914,-0.4158358213960778
NCAR,CESM2-FV2,r1i1p1f1,gn,historical,1944-05,1944,5,11.382567313387804,11.856978087457001,-0.47441077406919696
NCAR,CESM2-FV2,r1i1p1f1,gn,historical,1944-06,1944,6,9.963481476433412,10.385082098663743,-0.421600622230331
NCAR,CESM2-FV2,r1i1p1f1,gn,historical,1944-07,1944,7,8.446525059752092,8.431066340762834,0.015458718989258102
NCAR,CESM2-FV2,r1i1p1f1,gn,historical,1944-08,1944,8,6.6894419645932395,6.576964334348024,0.11247763024521529
NCAR,CESM2-FV2,r1i1p1f1,gn,historical,1944-09,1944,9,6.419788611224093,6.165581662342112,0.2542069488819809
NCAR,CESM2-FV2,r1i1p1f1,gn,historical,1944-10,1944,10,8.43699089533241,8.155874857603987,0.28111603772842386
NCAR,CESM2-FV2,r1i1p1f1,gn,historical,1944-11,1944,11,10.281038516783855,10.44197687393882,-0.16093835715496496
NCAR,CESM2-FV2,r1i1p1f1,gn,historical,1944-12,1944,12,11.589499912428304,11.995661520923939,-0.4061616084956352
NCAR,CESM2-FV2,r1i1p1f1,gn,historical,1945-01,1945,1,12.252094000999458,12.70496826938363,-0.45287426838417133
NCAR,CESM2-FV2,r1i1p1f1,gn,historical,1945-02,1945,2,12.46585031742853,12.93605048971176,-0.4702001722832314
NCAR,CESM2-FV2,r1i1p1f1,gn,historical,1945-03,1945,3,12.496794018311489,12.975141814700955,-0.4783477963894658
NCAR,CESM2-FV2,r1i1p1f1,gn,historical,1945-04,1945,4,12.349984047416442,12.786552317116914,-0.4365682697004729
NCAR,CESM2-FV2,r1i1p1f1,gn,historical,1945-05,1945,5,11.514029356551543,11.856978087457001,-0.34294873090545863
NCAR,CESM2-FV2,r1i1p1f1,gn,historical,1945-06,1945,6,10.021009370844535,10.385082098663743,-0.36407272781920774
NCAR,CESM2-FV2,r1i1p1f1,gn,historical,1945-07,1945,7,7.735541297774077,8.431066340762834,-0.6955250429887574
NCAR,CESM2-FV2,r1i1p1f1,gn,historical,1945-08,1945,8,5.758235328002801,6.576964334348024,-0.8187290063452233
NCAR,CESM2-FV2,r1i1p1f1,gn,historical,1945-09,1945,9,5.378231204961098,6.165581662342112,-0.787350457381014
NCAR,CESM2-FV2,r1i1p1f1,gn,historical,1945-10,1945,10,7.4696897545473675,8.155874857603987,-0.6861851030566193
NCAR,CESM2-FV2,r1i1p1f1,gn,historical,1945-11,1945,11,10.071403094446325,10.44197687393882,-0.3705737794924957
NCAR,CESM2-FV2,r1i1p1f1,gn,historical,1945-12,1945,12,11.677189274148136,11.995661520923939,-0.3184722467758032
NCAR,CESM2-FV2,r1i1p1f1,gn,historical,1946-01,1946,1,12.346318284410993,12.70496826938363,-0.35864998497263656
NCAR,CESM2-FV2,r1i1p1f1,gn,historical,1946-02,1946,2,12.611133702286766,12.93605048971176,-0.3249167874249945
NCAR,CESM2-FV2,r1i1p1f1,gn,historical,1946-03,1946,3,12.702612306518438,12.975141814700955,-0.272529508182517
NCAR,CESM2-FV2,r1i1p1f1,gn,historical,1946-04,1946,4,12.490437681388258,12.786552317116914,-0.2961146357286566
NCAR,CESM2-FV2,r1i1p1f1,gn,historical,1946-05,1946,5,11.285878013089992,11.856978087457001,-0.5711000743670098
NCAR,CESM2-FV2,r1i1p1f1,gn,historical,1946-06,1946,6,9.458122894832675,10.385082098663743,-0.9269592038310677
NCAR,CESM2-FV2,r1i1p1f1,gn,historical,1946-07,1946,7,7.070178286264193,8.431066340762834,-1.3608880544986413
NCAR,CESM2-FV2,r1i1p1f1,gn,historical,1946-08,1946,8,5.3815841364537595,6.576964334348024,-1.1953801978942646
NCAR,CESM2-FV2,r1i1p1f1,gn,historical,1946-09,1946,9,4.813056156566041,6.165581662342112,-1.3525255057760717
NCAR,CESM2-FV2,r1i1p1f1,gn,historical,1946-10,1946,10,6.6840049292737715,8.155874857603987,-1.4718699283302152
NCAR,CESM2-FV2,r1i1p1f1,gn,historical,1946-11,1946,11,9.304587085753122,10.44197687393882,-1.1373897881856987
NCAR,CESM2-FV2,r1i1p1f1,gn,historical,1946-12,1946,12,11.626286185162462,11.995661520923939,-0.3693753357614771
NCAR,CESM2-FV2,r1i1p1f1,gn,historical,1947-01,1947,1,12.3409642316903,12.70496826938363,-0.3640040376933289
NCAR,CESM2-FV2,r1i1p1f1,gn,historical,1947-02,1947,2,12.47024423671973,12.93605048971176,-0.4658062529920315
NCAR,CESM2-FV2,r1i1p1f1,gn,historical,1947-03,1947,3,12.575555652998911,12.975141814700955,-0.3995861617020431
NCAR,CESM2-FV2,r1i1p1f1,gn,historical,1947-04,1947,4,12.43406948481516,12.786552317116914,-0.3524828323017548
NCAR,CESM2-FV2,r1i1p1f1,gn,historical,1947-05,1947,5,11.442488753927947,11.856978087457001,-0.4144893335290547
NCAR,CESM2-FV2,r1i1p1f1,gn,historical,1947-06,1947,6,10.084719066118467,10.385082098663743,-0.30036303254527574
NCAR,CESM2-FV2,r1i1p1f1,gn,historical,1947-07,1947,7,8.24147863753742,8.431066340762834,-0.18958770322541518
NCAR,CESM2-FV2,r1i1p1f1,gn,historical,1947-08,1947,8,6.1310864164059105,6.576964334348024,-0.44587791794211373
NCAR,CESM2-FV2,r1i1p1f1,gn,historical,1947-09,1947,9,5.479740991650607,6.165581662342112,-0.6858406706915057
NCAR,CESM2-FV2,r1i1p1f1,gn,historical,1947-10,1947,10,7.354677974403125,8.155874857603987,-0.8011968832008618
NCAR,CESM2-FV2,r1i1p1f1,gn,historical,1947-11,1947,11,9.988050786793856,10.44197687393882,-0.4539260871449642
NCAR,CESM2-FV2,r1i1p1f1,gn,historical,1947-12,1947,12,11.968884811716595,11.995661520923939,-0.02677670920734343
NCAR,CESM2-FV2,r1i1p1f1,gn,historical,1948-01,1948,1,12.724811640480812,12.70496826938363,0.019843371097183038
NCAR,CESM2-FV2,r1i1p1f1,gn,historical,1948-02,1948,2,13.002359430969218,12.93605048971176,0.06630894125745712
NCAR,CESM2-FV2,r1i1p1f1,gn,historical,1948-03,1948,3,13.034215588026505,12.975141814700955,0.05907377332555086
NCAR,CESM2-FV2,r1i1p1f1,gn,historical,1948-04,1948,4,12.764244844282675,12.786552317116914,-0.02230747283423895
NCAR,CESM2-FV2,r1i1p1f1,gn,historical,1948-05,1948,5,11.670062901639058,11.856978087457001,-0.1869151858179432
NCAR,CESM2-FV2,r1i1p1f1,gn,historical,1948-06,1948,6,10.113016919501638,10.385082098663743,-0.27206517916210515
NCAR,CESM2-FV2,r1i1p1f1,gn,historical,1948-07,1948,7,8.210834649155288,8.431066340762834,-0.2202316916075464
NCAR,CESM2-FV2,r1i1p1f1,gn,historical,1948-08,1948,8,6.056060568781912,6.576964334348024,-0.5209037655661124
NCAR,CESM2-FV2,r1i1p1f1,gn,historical,1948-09,1948,9,5.153671509494069,6.165581662342112,-1.011910152848043
NCAR,CESM2-FV2,r1i1p1f1,gn,historical,1948-10,1948,10,7.659965729878012,8.155874857603987,-0.49590912772597484
NCAR,CESM2-FV2,r1i1p1f1,gn,historical,1948-11,1948,11,10.495464278170061,10.44197687393882,0.05348740423124099
NCAR,CESM2-FV2,r1i1p1f1,gn,historical,1948-12,1948,12,12.01167469751401,11.995661520923939,0.01601317659007151
NCAR,CESM2-FV2,r1i1p1f1,gn,historical,1949-01,1949,1,12.856892087596616,12.70496826938363,0.15192381821298717
NCAR,CESM2-FV2,r1i1p1f1,gn,historical,1949-02,1949,2,12.894551887184281,12.93605048971176,-0.04149860252747928
NCAR,CESM2-FV2,r1i1p1f1,gn,historical,1949-03,1949,3,12.868885382672813,12.975141814700955,-0.10625643202814139
NCAR,CESM2-FV2,r1i1p1f1,gn,historical,1949-04,1949,4,12.812949719435395,12.786552317116914,0.02639740231848009
NCAR,CESM2-FV2,r1i1p1f1,gn,historical,1949-05,1949,5,11.856887519433256,11.856978087457001,-9.056802374551864e-05
NCAR,CESM2-FV2,r1i1p1f1,gn,historical,1949-06,1949,6,10.107330484661647,10.385082098663743,-0.2777516140020957
NCAR,CESM2-FV2,r1i1p1f1,gn,historical,1949-07,1949,7,7.966862785473355,8.431066340762834,-0.46420355528947965
NCAR,CESM2-FV2,r1i1p1f1,gn,historical,1949-08,1949,8,6.246313729996495,6.576964334348024,-0.33065060435152915
NCAR,CESM2-FV2,r1i1p1f1,gn,historical,1949-09,1949,9,5.835178983136394,6.165581662342112,-0.33040267920571864
NCAR,CESM2-FV2,r1i1p1f1,gn,historical,1949-10,1949,10,7.972398642852842,8.155874857603987,-0.18347621475114462
NCAR,CESM2-FV2,r1i1p1f1,gn,historical,1949-11,1949,11,10.428964861379615,10.44197687393882,-0.013012012559205033
NCAR,CESM2-FV2,r1i1p1f1,gn,historical,1949-12,1949,12,11.962802804675594,11.995661520923939,-0.03285871624834513
NCAR,CESM2-FV2,r1i1p1f1,gn,historical,1950-01,1950,1,12.732542828543416,12.70496826938363,0.02757455915978646
NCAR,CESM2-FV2,r1i1p1f1,gn,historical,1950-02,1950,2,13.089608561681398,12.93605048971176,0.15355807196963767
NCAR,CESM2-FV2,r1i1p1f1,gn,historical,1950-03,1950,3,13.088290393538157,12.975141814700955,0.11314857883720286
NCAR,CESM2-FV2,r1i1p1f1,gn,historical,1950-04,1950,4,12.92417360051268,12.786552317116914,0.13762128339576485
NCAR,CESM2-FV2,r1i1p1f1,gn,historical,1950-05,1950,5,12.073989787979935,11.856978087457001,0.21701170052293328
NCAR,CESM2-FV2,r1i1p1f1,gn,historical,1950-06,1950,6,10.54281384287075,10.385082098663743,0.1577317442070072
NCAR,CESM2-FV2,r1i1p1f1,gn,historical,1950-07,1950,7,8.395319321715888,8.431066340762834,-0.035747019046945994
NCAR,CESM2-FV2,r1i1p1f1,gn,historical,1950-08,1950,8,6.448536566918614,6.576964334348024,-0.1284277674294101
NCAR,CESM2-FV2,r1i1p1f1,gn,historical,1950-09,1950,9,6.3862269303443275,6.165581662342112,0.2206452680022153
NCAR,CESM2-FV2,r1i1p1f1,gn,historical,1950-10,1950,10,8.539291278846989,8.155874857603987,0.3834164212430018
NCAR,CESM2-FV2,r1i1p1f1,gn,historical,1950-11,1950,11,10.8556495706818,10.44197687393882,0.4136726967429798
NCAR,CESM2-FV2,r1i1p1f1,gn,historical,1950-12,1950,12,12.201231300940306,11.995661520923939,0.20556978001636672
NCAR,CESM2-FV2,r1i1p1f1,gn,historical,1951-01,1951,1,12.682957881578695,12.70496826938363,-0.022010387804934695
NCAR,CESM2-FV2,r1i1p1f1,gn,historical,1951-02,1951,2,12.80633601799512,12.93605048971176,-0.12971447171664074
NCAR,CESM2-FV2,r1i1p1f1,gn,historical,1951-03,1951,3,12.744095134836035,12.975141814700955,-0.2310466798649191
NCAR,CESM2-FV2,r1i1p1f1,gn,historical,1951-04,1951,4,12.507670400382262,12.786552317116914,-0.2788819167346528
NCAR,CESM2-FV2,r1i1p1f1,gn,historical,1951-05,1951,5,11.56498645516068,11.856978087457001,-0.2919916322963214
NCAR,CESM2-FV2,r1i1p1f1,gn,historical,1951-06,1951,6,10.014778188415255,10.385082098663743,-0.37030391024848797
NCAR,CESM2-FV2,r1i1p1f1,gn,historical,1951-07,1951,7,8.214500123642564,8.431066340762834,-0.21656621712027047
NCAR,CESM2-FV2,r1i1p1f1,gn,historical,1951-08,1951,8,6.281333231592793,6.576964334348024,-0.2956311027552312
NCAR,CESM2-FV2,r1i1p1f1,gn,historical,1951-09,1951,9,5.5815544784854705,6.165581662342112,-0.5840271838566418
NCAR,CESM2-FV2,r1i1p1f1,gn,historical,1951-10,1951,10,7.362469383725587,8.155874857603987,-0.7934054738783995
NCAR,CESM2-FV2,r1i1p1f1,gn,historical,1951-11,1951,11,9.962746752985355,10.44197687393882,-0.4792301209534653
NCAR,CESM2-FV2,r1i1p1f1,gn,historical,1951-12,1951,12,11.693545973430371,11.995661520923939,-0.3021155474935675
NCAR,CESM2-FV2,r1i1p1f1,gn,historical,1952-01,1952,1,12.628716924592329,12.70496826938363,-0.07625134479130047
NCAR,CESM2-FV2,r1i1p1f1,gn,historical,1952-02,1952,2,13.001079683369019,12.93605048971176,0.06502919365725823
NCAR,CESM2-FV2,r1i1p1f1,gn,historical,1952-03,1952,3,12.983184836495324,12.975141814700955,0.008043021794369665
NCAR,CESM2-FV2,r1i1p1f1,gn,historical,1952-04,1952,4,12.459652597648098,12.786552317116914,-0.32689971946881613
NCAR,CESM2-FV2,r1i1p1f1,gn,historical,1952-05,1952,5,11.481417590886549,11.856978087457001,-0.37556049657045243
NCAR,CESM2-FV2,r1i1p1f1,gn,historical,1952-06,1952,6,9.825255990104695,10.385082098663743,-0.5598261085590472
NCAR,CESM2-FV2,r1i1p1f1,gn,historical,1952-07,1952,7,7.629201659500027,8.431066340762834,-0.8018646812628072
NCAR,CESM2-FV2,r1i1p1f1,gn,historical,1952-08,1952,8,5.808315092921895,6.576964334348024,-0.7686492414261288
NCAR,CESM2-FV2,r1i1p1f1,gn,historical,1952-09,1952,9,5.3243066091286995,6.165581662342112,-0.8412750532134128
NCAR,CESM2-FV2,r1i1p1f1,gn,historical,1952-10,1952,10,7.020944499474922,8.155874857603987,-1.1349303581290648
NCAR,CESM2-FV2,r1i1p1f1,gn,historical,1952-11,1952,11,9.580803746814292,10.44197687393882,-0.8611731271245286
NCAR,CESM2-FV2,r1i1p1f1,gn,historical,1952-12,1952,12,11.781284833342589,11.995661520923939,-0.21437668758134976
NCAR,CESM2-FV2,r1i1p1f1,gn,historical,1953-01,1953,1,12.627955436317324,12.70496826938363,-0.07701283306630557
NCAR,CESM2-FV2,r1i1p1f1,gn,historical,1953-02,1953,2,12.821469357238035,12.93605048971176,-0.11458113247372559
NCAR,CESM2-FV2,r1i1p1f1,gn,historical,1953-03,1953,3,12.881058923222547,12.975141814700955,-0.09408289147840776
NCAR,CESM2-FV2,r1i1p1f1,gn,historical,1953-04,1953,4,12.77073258745779,12.786552317116914,-0.015819729659124704
NCAR,CESM2-FV2,r1i1p1f1,gn,historical,1953-05,1953,5,11.844206930819027,11.856978087457001,-0.012771156637974457
NCAR,CESM2-FV2,r1i1p1f1,gn,historical,1953-06,1953,6,10.42606129956604,10.385082098663743,0.04097920090229756
NCAR,CESM2-FV2,r1i1p1f1,gn,historical,1953-07,1953,7,8.753008921481797,8.431066340762834,0.32194258071896265
NCAR,CESM2-FV2,r1i1p1f1,gn,historical,1953-08,1953,8,6.531200375742395,6.576964334348024,-0.04576395860562954
NCAR,CESM2-FV2,r1i1p1f1,gn,historical,1953-09,1953,9,5.700173240855225,6.165581662342112,-0.4654084214868872
NCAR,CESM2-FV2,r1i1p1f1,gn,historical,1953-10,1953,10,8.039664426364249,8.155874857603987,-0.11621043123973784
NCAR,CESM2-FV2,r1i1p1f1,gn,historical,1953-11,1953,11,10.446107498842883,10.44197687393882,0.004130624904062685
NCAR,CESM2-FV2,r1i1p1f1,gn,historical,1953-12,1953,12,12.090467136369057,11.995661520923939,0.09480561544511801
NCAR,CESM2-FV2,r1i1p1f1,gn,historical,1954-01,1954,1,12.665180847596043,12.70496826938363,-0.03978742178758665
NCAR,CESM2-FV2,r1i1p1f1,gn,historical,1954-02,1954,2,12.98688158670331,12.93605048971176,0.05083109699154953
NCAR,CESM2-FV2,r1i1p1f1,gn,historical,1954-03,1954,3,12.953679768087477,12.975141814700955,-0.02146204661347717
NCAR,CESM2-FV2,r1i1p1f1,gn,historical,1954-04,1954,4,12.811574284852759,12.786552317116914,0.025021967735844086
NCAR,CESM2-FV2,r1i1p1f1,gn,historical,1954-05,1954,5,11.997494727769691,11.856978087457001,0.14051664031268984
NCAR,CESM2-FV2,r1i1p1f1,gn,historical,1954-06,1954,6,10.338509608979878,10.385082098663743,-0.046572489683864404
NCAR,CESM2-FV2,r1i1p1f1,gn,historical,1954-07,1954,7,8.324831928563498,8.431066340762834,-0.1062344121993366
NCAR,CESM2-FV2,r1i1p1f1,gn,historical,1954-08,1954,8,6.068951769155002,6.576964334348024,-0.5080125651930221
NCAR,CESM2-FV2,r1i1p1f1,gn,historical,1954-09,1954,9,5.603703950451051,6.165581662342112,-0.5618777118910616
NCAR,CESM2-FV2,r1i1p1f1,gn,historical,1954-10,1954,10,8.197254286361245,8.155874857603987,0.041379428757258196
NCAR,CESM2-FV2,r1i1p1f1,gn,historical,1954-11,1954,11,10.426329805476259,10.44197687393882,-0.015647068462561364
NCAR,CESM2-FV2,r1i1p1f1,gn,historical,1954-12,1954,12,12.036679057130035,11.995661520923939,0.041017536206096494
NCAR,CESM2-FV2,r1i1p1f1,gn,historical,1955-01,1955,1,12.615825355618753,12.70496826938363,-0.08914291376487604
NCAR,CESM2-FV2,r1i1p1f1,gn,historical,1955-02,1955,2,12.722446197278197,12.93605048971176,-0.2136042924335637
NCAR,CESM2-FV2,r1i1p1f1,gn,historical,1955-03,1955,3,12.814253634775355,12.975141814700955,-0.16088817992559967
NCAR,CESM2-FV2,r1i1p1f1,gn,historical,1955-04,1955,4,12.45696562781816,12.786552317116914,-0.329586689298754
NCAR,CESM2-FV2,r1i1p1f1,gn,historical,1955-05,1955,5,11.277972751885034,11.856978087457001,-0.5790053355719671
NCAR,CESM2-FV2,r1i1p1f1,gn,historical,1955-06,1955,6,9.732607027495373,10.385082098663743,-0.6524750711683698
NCAR,CESM2-FV2,r1i1p1f1,gn,historical,1955-07,1955,7,8.049768972710101,8.431066340762834,-0.3812973680527332
NCAR,CESM2-FV2,r1i1p1f1,gn,historical,1955-08,1955,8,6.355495646136081,6.576964334348024,-0.2214686882119432
NCAR,CESM2-FV2,r1i1p1f1,gn,historical,1955-09,1955,9,5.943362535642078,6.165581662342112,-0.2222191267000344
NCAR,CESM2-FV2,r1i1p1f1,gn,historical,1955-10,1955,10,7.86626177803556,8.155874857603987,-0.28961307956842663
NCAR,CESM2-FV2,r1i1p1f1,gn,historical,1955-11,1955,11,9.830853434313532,10.44197687393882,-0.6111234396252883
NCAR,CESM2-FV2,r1i1p1f1,gn,historical,1955-12,1955,12,11.33825373661725,11.995661520923939,-0.6574077843066881
NCAR,CESM2-FV2,r1i1p1f1,gn,historical,1956-01,1956,1,12.07807956655938,12.70496826938363,-0.6268887028242496
NCAR,CESM2-FV2,r1i1p1f1,gn,historical,1956-02,1956,2,12.36926329997381,12.93605048971176,-0.5667871897379513
NCAR,CESM2-FV2,r1i1p1f1,gn,historical,1956-03,1956,3,12.449895956513261,12.975141814700955,-0.5252458581876933
NCAR,CESM2-FV2,r1i1p1f1,gn,historical,1956-04,1956,4,12.334335271432865,12.786552317116914,-0.4522170456840495
NCAR,CESM2-FV2,r1i1p1f1,gn,historical,1956-05,1956,5,11.360368551747891,11.856978087457001,-0.49660953570911026
NCAR,CESM2-FV2,r1i1p1f1,gn,historical,1956-06,1956,6,9.734915676512015,10.385082098663743,-0.6501664221517274
NCAR,CESM2-FV2,r1i1p1f1,gn,historical,1956-07,1956,7,7.610415551843779,8.431066340762834,-0.8206507889190551
NCAR,CESM2-FV2,r1i1p1f1,gn,historical,1956-08,1956,8,5.841052679558311,6.576964334348024,-0.7359116547897129
NCAR,CESM2-FV2,r1i1p1f1,gn,historical,1956-09,1956,9,5.26449460659744,6.165581662342112,-0.9010870557446724
NCAR,CESM2-FV2,r1i1p1f1,gn,historical,1956-10,1956,10,7.313430837479593,8.155874857603987,-0.8424440201243941
NCAR,CESM2-FV2,r1i1p1f1,gn,historical,1956-11,1956,11,9.692851113279964,10.44197687393882,-0.7491257606588562
NCAR,CESM2-FV2,r1i1p1f1,gn,historical,1956-12,1956,12,11.488212299799903,11.995661520923939,-0.5074492211240358
NCAR,CESM2-FV2,r1i1p1f1,gn,historical,1957-01,1957,1,12.192861322116277,12.70496826938363,-0.5121069472673518
NCAR,CESM2-FV2,r1i1p1f1,gn,historical,1957-02,1957,2,12.611139251784552,12.93605048971176,-0.3249112379272088
NCAR,CESM2-FV2,r1i1p1f1,gn,historical,1957-03,1957,3,12.902402705922006,12.975141814700955,-0.07273910877894885
NCAR,CESM2-FV2,r1i1p1f1,gn,historical,1957-04,1957,4,12.580989147175762,12.786552317116914,-0.20556316994115242
NCAR,CESM2-FV2,r1i1p1f1,gn,historical,1957-05,1957,5,11.424502909106977,11.856978087457001,-0.4324751783500247
NCAR,CESM2-FV2,r1i1p1f1,gn,historical,1957-06,1957,6,9.781104609916886,10.385082098663743,-0.6039774887468567
NCAR,CESM2-FV2,r1i1p1f1,gn,historical,1957-07,1957,7,7.536767742559367,8.431066340762834,-0.8942985982034672
NCAR,CESM2-FV2,r1i1p1f1,gn,historical,1957-08,1957,8,5.681055860142841,6.576964334348024,-0.895908474205183
NCAR,CESM2-FV2,r1i1p1f1,gn,historical,1957-09,1957,9,5.206011454152201,6.165581662342112,-0.9595702081899109
NCAR,CESM2-FV2,r1i1p1f1,gn,historical,1957-10,1957,10,7.522382828845025,8.155874857603987,-0.6334920287589618
NCAR,CESM2-FV2,r1i1p1f1,gn,historical,1957-11,1957,11,9.876165046112254,10.44197687393882,-0.5658118278265665
NCAR,CESM2-FV2,r1i1p1f1,gn,historical,1957-12,1957,12,11.963060241948158,11.995661520923939,-0.0326012789757808
NCAR,CESM2-FV2,r1i1p1f1,gn,historical,1958-01,1958,1,12.76482678492558,12.70496826938363,0.05985851554195065
NCAR,CESM2-FV2,r1i1p1f1,gn,historical,1958-02,1958,2,12.93949665458393,12.93605048971176,0.0034461648721695326
NCAR,CESM2-FV2,r1i1p1f1,gn,historical,1958-03,1958,3,12.990631278501287,12.975141814700955,0.015489463800332004
NCAR,CESM2-FV2,r1i1p1f1,gn,historical,1958-04,1958,4,12.82179143441907,12.786552317116914,0.03523911730215623
NCAR,CESM2-FV2,r1i1p1f1,gn,historical,1958-05,1958,5,11.849898110653918,11.856978087457001,-0.0070799768030838095
NCAR,CESM2-FV2,r1i1p1f1,gn,historical,1958-06,1958,6,10.278130397851013,10.385082098663743,-0.1069517008127292
NCAR,CESM2-FV2,r1i1p1f1,gn,historical,1958-07,1958,7,7.993116107287473,8.431066340762834,-0.43795023347536155
NCAR,CESM2-FV2,r1i1p1f1,gn,historical,1958-08,1958,8,5.619230371431682,6.576964334348024,-0.9577339629163424
NCAR,CESM2-FV2,r1i1p1f1,gn,historical,1958-09,1958,9,5.276294628475258,6.165581662342112,-0.8892870338668546
NCAR,CESM2-FV2,r1i1p1f1,gn,historical,1958-10,1958,10,8.377513709298237,8.155874857603987,0.2216388516942498
NCAR,CESM2-FV2,r1i1p1f1,gn,historical,1958-11,1958,11,10.785522445486476,10.44197687393882,0.3435455715476561
NCAR,CESM2-FV2,r1i1p1f1,gn,historical,1958-12,1958,12,12.142620085864777,11.995661520923939,0.1469585649408387
NCAR,CESM2-FV2,r1i1p1f1,gn,historical,1959-01,1959,1,12.700053252382055,12.70496826938363,-0.004915017001573929
NCAR,CESM2-FV2,r1i1p1f1,gn,historical,1959-02,1959,2,13.034653064270207,12.93605048971176,0.09860257455844668
NCAR,CESM2-FV2,r1i1p1f1,gn,historical,1959-03,1959,3,13.078668326055196,12.975141814700955,0.10352651135424118
NCAR,CESM2-FV2,r1i1p1f1,gn,historical,1959-04,1959,4,13.006121130604944,12.786552317116914,0.2195688134880296
NCAR,CESM2-FV2,r1i1p1f1,gn,historical,1959-05,1959,5,12.072401133430493,11.856978087457001,0.21542304597349116
NCAR,CESM2-FV2,r1i1p1f1,gn,historical,1959-06,1959,6,10.472289345621736,10.385082098663743,0.08720724695799298
NCAR,CESM2-FV2,r1i1p1f1,gn,historical,1959-07,1959,7,8.499392721889377,8.431066340762834,0.06832638112654266
NCAR,CESM2-FV2,r1i1p1f1,gn,historical,1959-08,1959,8,6.305753357531871,6.576964334348024,-0.27121097681615325
NCAR,CESM2-FV2,r1i1p1f1,gn,historical,1959-09,1959,9,5.775215635536715,6.165581662342112,-0.3903660268053972
NCAR,CESM2-FV2,r1i1p1f1,gn,historical,1959-10,1959,10,8.68738580022117,8.155874857603987,0.5315109426171833
NCAR,CESM2-FV2,r1i1p1f1,gn,historical,1959-11,1959,11,10.976300002882848,10.44197687393882,0.5343231289440276
NCAR,CESM2-FV2,r1i1p1f1,gn,historical,1959-12,1959,12,12.386828035856832,11.995661520923939,0.3911665149328929
NCAR,CESM2-FV2,r1i1p1f1,gn,historical,1960-01,1960,1,12.598493524351086,12.70496826938363,-0.10647474503254273
NCAR,CESM2-FV2,r1i1p1f1,gn,historical,1960-02,1960,2,12.876353001481874,12.93605048971176,-0.05969748822988663
NCAR,CESM2-FV2,r1i1p1f1,gn,historical,1960-03,1960,3,13.010501222182597,12.975141814700955,0.03535940748164279
NCAR,CESM2-FV2,r1i1p1f1,gn,historical,1960-04,1960,4,12.819115926392492,12.786552317116914,0.03256360927557722
NCAR,CESM2-FV2,r1i1p1f1,gn,historical,1960-05,1960,5,11.771153899483192,11.856978087457001,-0.08582418797380953
NCAR,CESM2-FV2,r1i1p1f1,gn,historical,1960-06,1960,6,10.218171362838175,10.385082098663743,-0.16691073582556726
NCAR,CESM2-FV2,r1i1p1f1,gn,historical,1960-07,1960,7,8.204433709446693,8.431066340762834,-0.2266326313161411
NCAR,CESM2-FV2,r1i1p1f1,gn,historical,1960-08,1960,8,6.435317955599668,6.576964334348024,-0.14164637874835595
NCAR,CESM2-FV2,r1i1p1f1,gn,historical,1960-09,1960,9,6.098165337892668,6.165581662342112,-0.0674163244494439
NCAR,CESM2-FV2,r1i1p1f1,gn,historical,1960-10,1960,10,8.238260943749019,8.155874857603987,0.08238608614503207
NCAR,CESM2-FV2,r1i1p1f1,gn,historical,1960-11,1960,11,10.49082040295793,10.44197687393882,0.048843529019109155
NCAR,CESM2-FV2,r1i1p1f1,gn,historical,1960-12,1960,12,12.057159960877547,11.995661520923939,0.06149843995360804
NCAR,CESM2-FV2,r1i1p1f1,gn,historical,1961-01,1961,1,12.578685100914253,12.70496826938363,-0.12628316846937615
NCAR,CESM2-FV2,r1i1p1f1,gn,historical,1961-02,1961,2,12.903481606975241,12.93605048971176,-0.03256888273651981
NCAR,CESM2-FV2,r1i1p1f1,gn,historical,1961-03,1961,3,12.950741997315637,12.975141814700955,-0.02439981738531749
NCAR,CESM2-FV2,r1i1p1f1,gn,historical,1961-04,1961,4,12.901970656609572,12.786552317116914,0.115418339492658
NCAR,CESM2-FV2,r1i1p1f1,gn,historical,1961-05,1961,5,11.890362358630673,11.856978087457001,0.03338427117367182
NCAR,CESM2-FV2,r1i1p1f1,gn,historical,1961-06,1961,6,10.503633585150753,10.385082098663743,0.11855148648701075
NCAR,CESM2-FV2,r1i1p1f1,gn,historical,1961-07,1961,7,8.70184307578371,8.431066340762834,0.27077673502087585
NCAR,CESM2-FV2,r1i1p1f1,gn,historical,1961-08,1961,8,6.75498654893698,6.576964334348024,0.17802221458895584
NCAR,CESM2-FV2,r1i1p1f1,gn,historical,1961-09,1961,9,6.3089230790693875,6.165581662342112,0.1433414167272753
NCAR,CESM2-FV2,r1i1p1f1,gn,historical,1961-10,1961,10,8.544039416273524,8.155874857603987,0.38816455866953703
NCAR,CESM2-FV2,r1i1p1f1,gn,historical,1961-11,1961,11,11.039684370232957,10.44197687393882,0.5977074962941362
NCAR,CESM2-FV2,r1i1p1f1,gn,historical,1961-12,1961,12,12.3370700743726,11.995661520923939,0.3414085534486606
NCAR,CESM2-FV2,r1i1p1f1,gn,historical,1962-01,1962,1,13.051880780345694,12.70496826938363,0.3469125109620652
NCAR,CESM2-FV2,r1i1p1f1,gn,historical,1962-02,1962,2,13.08707450787663,12.93605048971176,0.1510240181648701
NCAR,CESM2-FV2,r1i1p1f1,gn,historical,1962-03,1962,3,13.10120731818416,12.975141814700955,0.1260655034832059
NCAR,CESM2-FV2,r1i1p1f1,gn,historical,1962-04,1962,4,12.799857740437163,12.786552317116914,0.013305423320248977
NCAR,CESM2-FV2,r1i1p1f1,gn,historical,1962-05,1962,5,11.789400943848229,11.856978087457001,-0.06757714360877287
NCAR,CESM2-FV2,r1i1p1f1,gn,historical,1962-06,1962,6,10.317815712163002,10.385082098663743,-0.0672663865007408
NCAR,CESM2-FV2,r1i1p1f1,gn,historical,1962-07,1962,7,8.615660646367882,8.431066340762834,0.18459430560504764
NCAR,CESM2-FV2,r1i1p1f1,gn,historical,1962-08,1962,8,6.699440051963324,6.576964334348024,0.12247571761530018
NCAR,CESM2-FV2,r1i1p1f1,gn,historical,1962-09,1962,9,6.342921541707933,6.165581662342112,0.17733987936582096
NCAR,CESM2-FV2,r1i1p1f1,gn,historical,1962-10,1962,10,8.75327992523821,8.155874857603987,0.5974050676342237
NCAR,CESM2-FV2,r1i1p1f1,gn,historical,1962-11,1962,11,10.595301446532346,10.44197687393882,0.15332457259352594
NCAR,CESM2-FV2,r1i1p1f1,gn,historical,1962-12,1962,12,12.210240314520668,11.995661520923939,0.21457879359672916
NCAR,CESM2-FV2,r1i1p1f1,gn,historical,1963-01,1963,1,12.998085148792976,12.70496826938363,0.2931168794093466
NCAR,CESM2-FV2,r1i1p1f1,gn,historical,1963-02,1963,2,13.212838409576296,12.93605048971176,0.2767879198645353
NCAR,CESM2-FV2,r1i1p1f1,gn,historical,1963-03,1963,3,13.206531565188508,12.975141814700955,0.23138975048755306
NCAR,CESM2-FV2,r1i1p1f1,gn,historical,1963-04,1963,4,12.960610299859177,12.786552317116914,0.17405798274226214
NCAR,CESM2-FV2,r1i1p1f1,gn,historical,1963-05,1963,5,11.854622979124294,11.856978087457001,-0.0023551083327078004
NCAR,CESM2-FV2,r1i1p1f1,gn,historical,1963-06,1963,6,10.17144556897042,10.385082098663743,-0.21363652969332314
NCAR,CESM2-FV2,r1i1p1f1,gn,historical,1963-07,1963,7,8.247203611837177,8.431066340762834,-0.18386272892565714
NCAR,CESM2-FV2,r1i1p1f1,gn,historical,1963-08,1963,8,6.661826790740192,6.576964334348024,0.08486245639216783
NCAR,CESM2-FV2,r1i1p1f1,gn,historical,1963-09,1963,9,6.256956064286788,6.165581662342112,0.09137440194467583
NCAR,CESM2-FV2,r1i1p1f1,gn,historical,1963-10,1963,10,8.526324780329183,8.155874857603987,0.3704499227251965
NCAR,CESM2-FV2,r1i1p1f1,gn,historical,1963-11,1963,11,10.363701132741149,10.44197687393882,-0.07827574119767178
NCAR,CESM2-FV2,r1i1p1f1,gn,historical,1963-12,1963,12,12.251947965182028,11.995661520923939,0.2562864442580892
NCAR,CESM2-FV2,r1i1p1f1,gn,historical,1964-01,1964,1,13.03924248426327,12.70496826938363,0.33427421487964004
NCAR,CESM2-FV2,r1i1p1f1,gn,historical,1964-02,1964,2,13.108745724635734,12.93605048971176,0.17269523492397276
NCAR,CESM2-FV2,r1i1p1f1,gn,historical,1964-03,1964,3,13.01452756781543,12.975141814700955,0.03938575311447501
NCAR,CESM2-FV2,r1i1p1f1,gn,historical,1964-04,1964,4,12.996055094846325,12.786552317116914,0.20950277772941028
NCAR,CESM2-FV2,r1i1p1f1,gn,historical,1964-05,1964,5,11.954052522146991,11.856978087457001,0.09707443468998989
NCAR,CESM2-FV2,r1i1p1f1,gn,historical,1964-06,1964,6,10.353657711192326,10.385082098663743,-0.03142438747141618
NCAR,CESM2-FV2,r1i1p1f1,gn,historical,1964-07,1964,7,8.497294840717604,8.431066340762834,0.06622849995476976
NCAR,CESM2-FV2,r1i1p1f1,gn,historical,1964-08,1964,8,6.7218129152471775,6.576964334348024,0.1448485808991533
NCAR,CESM2-FV2,r1i1p1f1,gn,historical,1964-09,1964,9,6.69162339058432,6.165581662342112,0.5260417282422081
NCAR,CESM2-FV2,r1i1p1f1,gn,historical,1964-10,1964,10,8.837486121136784,8.155874857603987,0.6816112635327976
NCAR,CESM2-FV2,r1i1p1f1,gn,historical,1964-11,1964,11,10.861222592629977,10.44197687393882,0.41924571869115645
NCAR,CESM2-FV2,r1i1p1f1,gn,historical,1964-12,1964,12,12.530859244283114,11.995661520923939,0.5351977233591754
NCAR,CESM2-FV2,r1i1p1f1,gn,historical,1965-01,1965,1,13.035563937760836,12.70496826938363,0.33059566837720666
NCAR,CESM2-FV2,r1i1p1f1,gn,historical,1965-02,1965,2,13.103317555392726,12.93605048971176,0.1672670656809654
NCAR,CESM2-FV2,r1i1p1f1,gn,historical,1965-03,1965,3,13.122014539844663,12.975141814700955,0.14687272514370875
NCAR,CESM2-FV2,r1i1p1f1,gn,historical,1965-04,1965,4,12.985711047125742,12.786552317116914,0.19915873000882733
NCAR,CESM2-FV2,r1i1p1f1,gn,historical,1965-05,1965,5,12.03310761623129,11.856978087457001,0.1761295287742879
NCAR,CESM2-FV2,r1i1p1f1,gn,historical,1965-06,1965,6,10.651123771038684,10.385082098663743,0.26604167237494103
NCAR,CESM2-FV2,r1i1p1f1,gn,historical,1965-07,1965,7,8.705085470047106,8.431066340762834,0.2740191292842713
NCAR,CESM2-FV2,r1i1p1f1,gn,historical,1965-08,1965,8,7.083319512377412,6.576964334348024,0.5063551780293878
NCAR,CESM2-FV2,r1i1p1f1,gn,historical,1965-09,1965,9,7.134558899720694,6.165581662342112,0.9689772373785814
NCAR,CESM2-FV2,r1i1p1f1,gn,historical,1965-10,1965,10,9.168346313609781,8.155874857603987,1.0124714560057946
NCAR,CESM2-FV2,r1i1p1f1,gn,historical,1965-11,1965,11,11.286266351587578,10.44197687393882,0.8442894776487577
NCAR,CESM2-FV2,r1i1p1f1,gn,historical,1965-12,1965,12,12.595873186060949,11.995661520923939,0.6002116651370102
NCAR,CESM2-FV2,r1i1p1f1,gn,historical,1966-01,1966,1,12.888745539828488,12.70496826938363,0.1837772704448586
NCAR,CESM2-FV2,r1i1p1f1,gn,historical,1966-02,1966,2,13.181035837605338,12.93605048971176,0.24498534789357684
NCAR,CESM2-FV2,r1i1p1f1,gn,historical,1966-03,1966,3,13.155209019244483,12.975141814700955,0.1800672045435281
NCAR,CESM2-FV2,r1i1p1f1,gn,historical,1966-04,1966,4,12.730706027091372,12.786552317116914,-0.05584629002554209
NCAR,CESM2-FV2,r1i1p1f1,gn,historical,1966-05,1966,5,11.786530724570984,11.856978087457001,-0.07044736288601783
NCAR,CESM2-FV2,r1i1p1f1,gn,historical,1966-06,1966,6,10.425129778221734,10.385082098663743,0.0400476795579916
NCAR,CESM2-FV2,r1i1p1f1,gn,historical,1966-07,1966,7,8.739018718767486,8.431066340762834,0.3079523780046518
NCAR,CESM2-FV2,r1i1p1f1,gn,historical,1966-08,1966,8,7.147834045543446,6.576964334348024,0.5708697111954217
NCAR,CESM2-FV2,r1i1p1f1,gn,historical,1966-09,1966,9,6.842842733131597,6.165581662342112,0.677261070789485
NCAR,CESM2-FV2,r1i1p1f1,gn,historical,1966-10,1966,10,8.509254773293835,8.155874857603987,0.35337991568984783
NCAR,CESM2-FV2,r1i1p1f1,gn,historical,1966-11,1966,11,11.000597220870018,10.44197687393882,0.5586203469311979
NCAR,CESM2-FV2,r1i1p1f1,gn,historical,1966-12,1966,12,12.304060128330796,11.995661520923939,0.30839860740685765
NCAR,CESM2-FV2,r1i1p1f1,gn,historical,1967-01,1967,1,12.480539849363309,12.70496826938363,-0.22442842002032037
NCAR,CESM2-FV2,r1i1p1f1,gn,historical,1967-02,1967,2,12.763115953292969,12.93605048971176,-0.17293453641879175
NCAR,CESM2-FV2,r1i1p1f1,gn,historical,1967-03,1967,3,13.047354449902762,12.975141814700955,0.07221263520180798
NCAR,CESM2-FV2,r1i1p1f1,gn,historical,1967-04,1967,4,13.050172962746704,12.786552317116914,0.26362064562978915
NCAR,CESM2-FV2,r1i1p1f1,gn,historical,1967-05,1967,5,12.179260526994911,11.856978087457001,0.3222824395379096
NCAR,CESM2-FV2,r1i1p1f1,gn,historical,1967-06,1967,6,10.536018000745718,10.385082098663743,0.15093590208197583
NCAR,CESM2-FV2,r1i1p1f1,gn,historical,1967-07,1967,7,8.728804757068751,8.431066340762834,0.2977384163059167
NCAR,CESM2-FV2,r1i1p1f1,gn,historical,1967-08,1967,8,7.135021654731808,6.576964334348024,0.5580573203837842
NCAR,CESM2-FV2,r1i1p1f1,gn,historical,1967-09,1967,9,6.735717363245198,6.165581662342112,0.5701357009030854
NCAR,CESM2-FV2,r1i1p1f1,gn,historical,1967-10,1967,10,8.887893987549798,8.155874857603987,0.7320191299458116
NCAR,CESM2-FV2,r1i1p1f1,gn,historical,1967-11,1967,11,10.842107222607586,10.44197687393882,0.40013034866876573
NCAR,CESM2-FV2,r1i1p1f1,gn,historical,1967-12,1967,12,11.966190558759866,11.995661520923939,-0.029470962164072745
NCAR,CESM2-FV2,r1i1p1f1,gn,historical,1968-01,1968,1,12.695020540356062,12.70496826938363,-0.009947729027567576
NCAR,CESM2-FV2,r1i1p1f1,gn,historical,1968-02,1968,2,12.87984760924248,12.93605048971176,-0.05620288046928046
NCAR,CESM2-FV2,r1i1p1f1,gn,historical,1968-03,1968,3,12.821599667109412,12.975141814700955,-0.1535421475915424
NCAR,CESM2-FV2,r1i1p1f1,gn,historical,1968-04,1968,4,12.56205742984984,12.786552317116914,-0.224494887267074
NCAR,CESM2-FV2,r1i1p1f1,gn,historical,1968-05,1968,5,11.570023367980712,11.856978087457001,-0.2869547194762898
NCAR,CESM2-FV2,r1i1p1f1,gn,historical,1968-06,1968,6,10.184876132538966,10.385082098663743,-0.20020596612477704
NCAR,CESM2-FV2,r1i1p1f1,gn,historical,1968-07,1968,7,8.55984386655656,8.431066340762834,0.12877752579372626
NCAR,CESM2-FV2,r1i1p1f1,gn,historical,1968-08,1968,8,7.10323634030127,6.576964334348024,0.5262720059532455
NCAR,CESM2-FV2,r1i1p1f1,gn,historical,1968-09,1968,9,6.886422962472744,6.165581662342112,0.7208413001306315
NCAR,CESM2-FV2,r1i1p1f1,gn,historical,1968-10,1968,10,9.05426512949835,8.155874857603987,0.8983902718943639
NCAR,CESM2-FV2,r1i1p1f1,gn,historical,1968-11,1968,11,10.707597599551988,10.44197687393882,0.26562072561316796
NCAR,CESM2-FV2,r1i1p1f1,gn,historical,1968-12,1968,12,11.808093949208246,11.995661520923939,-0.18756757171569305
NCAR,CESM2-FV2,r1i1p1f1,gn,historical,1969-01,1969,1,12.276202365358508,12.70496826938363,-0.4287659040251217
NCAR,CESM2-FV2,r1i1p1f1,gn,historical,1969-02,1969,2,12.708590453817418,12.93605048971176,-0.22746003589434238
NCAR,CESM2-FV2,r1i1p1f1,gn,historical,1969-03,1969,3,12.844430893881349,12.975141814700955,-0.130710920819606
NCAR,CESM2-FV2,r1i1p1f1,gn,historical,1969-04,1969,4,12.461522489677195,12.786552317116914,-0.3250298274397192
NCAR,CESM2-FV2,r1i1p1f1,gn,historical,1969-05,1969,5,11.478710392469555,11.856978087457001,-0.3782676949874464
NCAR,CESM2-FV2,r1i1p1f1,gn,historical,1969-06,1969,6,10.087592955224977,10.385082098663743,-0.2974891434387654
NCAR,CESM2-FV2,r1i1p1f1,gn,historical,1969-07,1969,7,8.502259452976416,8.431066340762834,0.0711931122135816
NCAR,CESM2-FV2,r1i1p1f1,gn,historical,1969-08,1969,8,7.1368368029411755,6.576964334348024,0.5598724685931513
NCAR,CESM2-FV2,r1i1p1f1,gn,historical,1969-09,1969,9,6.67405276218306,6.165581662342112,0.5084710998409481
NCAR,CESM2-FV2,r1i1p1f1,gn,historical,1969-10,1969,10,8.147360588607498,8.155874857603987,-0.008514268996488994
NCAR,CESM2-FV2,r1i1p1f1,gn,historical,1969-11,1969,11,10.572406439809543,10.44197687393882,0.13042956587072219
NCAR,CESM2-FV2,r1i1p1f1,gn,historical,1969-12,1969,12,11.912164798785872,11.995661520923939,-0.08349672213806691
NCAR,CESM2-FV2,r1i1p1f1,gn,historical,1970-01,1970,1,12.2187261535875,12.70496826938363,-0.48624211579612897
NCAR,CESM2-FV2,r1i1p1f1,gn,historical,1970-02,1970,2,12.678773193581977,12.93605048971176,-0.257277296129784
NCAR,CESM2-FV2,r1i1p1f1,gn,historical,1970-03,1970,3,12.60034777628123,12.975141814700955,-0.3747940384197239
NCAR,CESM2-FV2,r1i1p1f1,gn,historical,1970-04,1970,4,12.397128983614468,12.786552317116914,-0.38942333350244596
NCAR,CESM2-FV2,r1i1p1f1,gn,historical,1970-05,1970,5,11.47395973874259,11.856978087457001,-0.38301834871441187
NCAR,CESM2-FV2,r1i1p1f1,gn,historical,1970-06,1970,6,9.975561740659677,10.385082098663743,-0.40952035800406605
NCAR,CESM2-FV2,r1i1p1f1,gn,historical,1970-07,1970,7,8.068046723397288,8.431066340762834,-0.36301961736554667
NCAR,CESM2-FV2,r1i1p1f1,gn,historical,1970-08,1970,8,6.400613284001299,6.576964334348024,-0.17635105034672538
NCAR,CESM2-FV2,r1i1p1f1,gn,historical,1970-09,1970,9,5.945744732834885,6.165581662342112,-0.21983692950722755
NCAR,CESM2-FV2,r1i1p1f1,gn,historical,1970-10,1970,10,8.022719555888296,8.155874857603987,-0.133155301715691
NCAR,CESM2-FV2,r1i1p1f1,gn,historical,1970-11,1970,11,10.141750119372672,10.44197687393882,-0.30022675456614856
NCAR,CESM2-FV2,r1i1p1f1,gn,historical,1970-12,1970,12,11.422120957477818,11.995661520923939,-0.5735405634461213
NCAR,CESM2-FV2,r1i1p1f1,gn,historical,1971-01,1971,1,12.256663541025173,12.70496826938363,-0.4483047283584565
NCAR,CESM2-FV2,r1i1p1f1,gn,historical,1971-02,1971,2,12.646869419817126,12.93605048971176,-0.2891810698946351
NCAR,CESM2-FV2,r1i1p1f1,gn,historical,1971-03,1971,3,12.769011124008076,12.975141814700955,-0.20613069069287882
NCAR,CESM2-FV2,r1i1p1f1,gn,historical,1971-04,1971,4,12.522419348715784,12.786552317116914,-0.26413296840113
NCAR,CESM2-FV2,r1i1p1f1,gn,historical,1971-05,1971,5,11.497164546189886,11.856978087457001,-0.3598135412671155
NCAR,CESM2-FV2,r1i1p1f1,gn,historical,1971-06,1971,6,10.020516246841524,10.385082098663743,-0.3645658518222188
NCAR,CESM2-FV2,r1i1p1f1,gn,historical,1971-07,1971,7,7.984796383317203,8.431066340762834,-0.44626995744563125
NCAR,CESM2-FV2,r1i1p1f1,gn,historical,1971-08,1971,8,6.546157305595306,6.576964334348024,-0.03080702875271779
NCAR,CESM2-FV2,r1i1p1f1,gn,historical,1971-09,1971,9,6.0993470831880705,6.165581662342112,-0.06623457915404174
NCAR,CESM2-FV2,r1i1p1f1,gn,historical,1971-10,1971,10,7.927677694311103,8.155874857603987,-0.22819716329288386
NCAR,CESM2-FV2,r1i1p1f1,gn,historical,1971-11,1971,11,10.7602355100773,10.44197687393882,0.31825863613847893
NCAR,CESM2-FV2,r1i1p1f1,gn,historical,1971-12,1971,12,12.063018503775593,11.995661520923939,0.06735698285165448
NCAR,CESM2-FV2,r1i1p1f1,gn,historical,1972-01,1972,1,12.795222997980613,12.70496826938363,0.09025472859698347
NCAR,CESM2-FV2,r1i1p1f1,gn,historical,1972-02,1972,2,12.847967266736918,12.93605048971176,-0.08808322297484317
NCAR,CESM2-FV2,r1i1p1f1,gn,historical,1972-03,1972,3,12.842163754207851,12.975141814700955,-0.13297806049310346
NCAR,CESM2-FV2,r1i1p1f1,gn,historical,1972-04,1972,4,12.67923838225403,12.786552317116914,-0.10731393486288354
NCAR,CESM2-FV2,r1i1p1f1,gn,historical,1972-05,1972,5,11.761520650579394,11.856978087457001,-0.09545743687760755
NCAR,CESM2-FV2,r1i1p1f1,gn,historical,1972-06,1972,6,10.24190021647362,10.385082098663743,-0.14318188219012207
NCAR,CESM2-FV2,r1i1p1f1,gn,historical,1972-07,1972,7,8.588881065568579,8.431066340762834,0.15781472480574443
NCAR,CESM2-FV2,r1i1p1f1,gn,historical,1972-08,1972,8,6.966424581017922,6.576964334348024,0.38946024666989754
NCAR,CESM2-FV2,r1i1p1f1,gn,historical,1972-09,1972,9,6.494705709526595,6.165581662342112,0.3291240471844832
NCAR,CESM2-FV2,r1i1p1f1,gn,historical,1972-10,1972,10,8.174661835574547,8.155874857603987,0.01878697797056006
NCAR,CESM2-FV2,r1i1p1f1,gn,historical,1972-11,1972,11,10.58792787204328,10.44197687393882,0.14595099810446044
NCAR,CESM2-FV2,r1i1p1f1,gn,historical,1972-12,1972,12,12.141953852513211,11.995661520923939,0.14629233158927235
NCAR,CESM2-FV2,r1i1p1f1,gn,historical,1973-01,1973,1,12.790000668601754,12.70496826938363,0.08503239921812522
NCAR,CESM2-FV2,r1i1p1f1,gn,historical,1973-02,1973,2,12.885073568194352,12.93605048971176,-0.05097692151740851
NCAR,CESM2-FV2,r1i1p1f1,gn,historical,1973-03,1973,3,12.84437315079373,12.975141814700955,-0.13076866390722408
NCAR,CESM2-FV2,r1i1p1f1,gn,historical,1973-04,1973,4,12.83600798705196,12.786552317116914,0.04945566993504613
NCAR,CESM2-FV2,r1i1p1f1,gn,historical,1973-05,1973,5,11.882584395329127,11.856978087457001,0.02560630787212581
NCAR,CESM2-FV2,r1i1p1f1,gn,historical,1973-06,1973,6,10.61331865631773,10.385082098663743,0.22823655765398776
NCAR,CESM2-FV2,r1i1p1f1,gn,historical,1973-07,1973,7,8.861036022567442,8.431066340762834,0.42996968180460726
NCAR,CESM2-FV2,r1i1p1f1,gn,historical,1973-08,1973,8,7.061767884290443,6.576964334348024,0.48480354994241903
NCAR,CESM2-FV2,r1i1p1f1,gn,historical,1973-09,1973,9,6.528831892518291,6.165581662342112,0.3632502301761784
NCAR,CESM2-FV2,r1i1p1f1,gn,historical,1973-10,1973,10,7.877152574368394,8.155874857603987,-0.27872228323559245
NCAR,CESM2-FV2,r1i1p1f1,gn,historical,1973-11,1973,11,10.935746117116723,10.44197687393882,0.49376924317790305
NCAR,CESM2-FV2,r1i1p1f1,gn,historical,1973-12,1973,12,12.146765120975656,11.995661520923939,0.15110360005171763
NCAR,CESM2-FV2,r1i1p1f1,gn,historical,1974-01,1974,1,12.65760839388164,12.70496826938363,-0.04735987550198928
NCAR,CESM2-FV2,r1i1p1f1,gn,historical,1974-02,1974,2,12.808876924870464,12.93605048971176,-0.12717356484129638
NCAR,CESM2-FV2,r1i1p1f1,gn,historical,1974-03,1974,3,12.831826814834342,12.975141814700955,-0.14331499986661278
NCAR,CESM2-FV2,r1i1p1f1,gn,historical,1974-04,1974,4,12.627603707112021,12.786552317116914,-0.15894861000489335
NCAR,CESM2-FV2,r1i1p1f1,gn,historical,1974-05,1974,5,11.754495018575728,11.856978087457001,-0.10248306888127345
NCAR,CESM2-FV2,r1i1p1f1,gn,historical,1974-06,1974,6,9.994929805256424,10.385082098663743,-0.3901522934073185
NCAR,CESM2-FV2,r1i1p1f1,gn,historical,1974-07,1974,7,7.921017391941623,8.431066340762834,-0.5100489488212112
NCAR,CESM2-FV2,r1i1p1f1,gn,historical,1974-08,1974,8,6.436328722439098,6.576964334348024,-0.14063561190892582
NCAR,CESM2-FV2,r1i1p1f1,gn,historical,1974-09,1974,9,6.224501646582602,6.165581662342112,0.0589199842404895
NCAR,CESM2-FV2,r1i1p1f1,gn,historical,1974-10,1974,10,7.202513755441246,8.155874857603987,-0.9533611021627406
NCAR,CESM2-FV2,r1i1p1f1,gn,historical,1974-11,1974,11,9.575543789986309,10.44197687393882,-0.8664330839525114
NCAR,CESM2-FV2,r1i1p1f1,gn,historical,1974-12,1974,12,12.129940378253488,11.995661520923939,0.1342788573295497
NCAR,CESM2-FV2,r1i1p1f1,gn,historical,1975-01,1975,1,12.963571679843044,12.70496826938363,0.2586034104594148
NCAR,CESM2-FV2,r1i1p1f1,gn,historical,1975-02,1975,2,13.292571328110606,12.93605048971176,0.3565208383988452
NCAR,CESM2-FV2,r1i1p1f1,gn,historical,1975-03,1975,3,13.119015969877228,12.975141814700955,0.1438741551762739
NCAR,CESM2-FV2,r1i1p1f1,gn,historical,1975-04,1975,4,13.05871650096274,12.786552317116914,0.27216418384582575
NCAR,CESM2-FV2,r1i1p1f1,gn,historical,1975-05,1975,5,12.008755366642264,11.856978087457001,0.15177727918526251
NCAR,CESM2-FV2,r1i1p1f1,gn,historical,1975-06,1975,6,10.408861524610566,10.385082098663743,0.023779425946823807
NCAR,CESM2-FV2,r1i1p1f1,gn,historical,1975-07,1975,7,8.278218990753624,8.431066340762834,-0.15284735000921046
NCAR,CESM2-FV2,r1i1p1f1,gn,historical,1975-08,1975,8,6.629133622106598,6.576964334348024,0.052169287758573546
NCAR,CESM2-FV2,r1i1p1f1,gn,historical,1975-09,1975,9,6.413057423591658,6.165581662342112,0.24747576124954573
NCAR,CESM2-FV2,r1i1p1f1,gn,historical,1975-10,1975,10,8.504840125400479,8.155874857603987,0.3489652677964923
NCAR,CESM2-FV2,r1i1p1f1,gn,historical,1975-11,1975,11,10.839299409577475,10.44197687393882,0.3973225356386543
NCAR,CESM2-FV2,r1i1p1f1,gn,historical,1975-12,1975,12,12.234667621544805,11.995661520923939,0.23900610062086614
NCAR,CESM2-FV2,r1i1p1f1,gn,historical,1976-01,1976,1,12.76802758308723,12.70496826938363,0.06305931370360085
NCAR,CESM2-FV2,r1i1p1f1,gn,historical,1976-02,1976,2,13.086298715552038,12.93605048971176,0.15024822584027753
NCAR,CESM2-FV2,r1i1p1f1,gn,historical,1976-03,1976,3,12.786145821456897,12.975141814700955,-0.1889959932440579
NCAR,CESM2-FV2,r1i1p1f1,gn,historical,1976-04,1976,4,12.687620653781938,12.786552317116914,-0.0989316633349766
NCAR,CESM2-FV2,r1i1p1f1,gn,historical,1976-05,1976,5,11.864556616881659,11.856978087457001,0.007578529424657532
NCAR,CESM2-FV2,r1i1p1f1,gn,historical,1976-06,1976,6,10.48548718519041,10.385082098663743,0.10040508652666702
NCAR,CESM2-FV2,r1i1p1f1,gn,historical,1976-07,1976,7,8.766687149230998,8.431066340762834,0.335620808468164
NCAR,CESM2-FV2,r1i1p1f1,gn,historical,1976-08,1976,8,7.227393116139977,6.576964334348024,0.6504287817919527
NCAR,CESM2-FV2,r1i1p1f1,gn,historical,1976-09,1976,9,6.899147433656168,6.165581662342112,0.7335657713140558
NCAR,CESM2-FV2,r1i1p1f1,gn,historical,1976-10,1976,10,8.708143123499687,8.155874857603987,0.5522682658956999
NCAR,CESM2-FV2,r1i1p1f1,gn,historical,1976-11,1976,11,10.774236755946909,10.44197687393882,0.3322598820080884
NCAR,CESM2-FV2,r1i1p1f1,gn,historical,1976-12,1976,12,12.35177753040429,11.995661520923939,0.3561160094803508
NCAR,CESM2-FV2,r1i1p1f1,gn,historical,1977-01,1977,1,12.951215231199868,12.70496826938363,0.2462469618162384
NCAR,CESM2-FV2,r1i1p1f1,gn,historical,1977-02,1977,2,13.039874161099432,12.93605048971176,0.10382367138767101
NCAR,CESM2-FV2,r1i1p1f1,gn,historical,1977-03,1977,3,13.210363583486444,12.975141814700955,0.23522176878548962
NCAR,CESM2-FV2,r1i1p1f1,gn,historical,1977-04,1977,4,12.84327643353389,12.786552317116914,0.056724116416974724
NCAR,CESM2-FV2,r1i1p1f1,gn,historical,1977-05,1977,5,11.935568809860293,11.856978087457001,0.07859072240329112
NCAR,CESM2-FV2,r1i1p1f1,gn,historical,1977-06,1977,6,10.46594828114334,10.385082098663743,0.08086618247959798
NCAR,CESM2-FV2,r1i1p1f1,gn,historical,1977-07,1977,7,8.400546704748667,8.431066340762834,-0.030519636014167517
NCAR,CESM2-FV2,r1i1p1f1,gn,historical,1977-08,1977,8,6.820540286049135,6.576964334348024,0.24357595170111068
NCAR,CESM2-FV2,r1i1p1f1,gn,historical,1977-09,1977,9,6.4392994042240215,6.165581662342112,0.2737177418819092
NCAR,CESM2-FV2,r1i1p1f1,gn,historical,1977-10,1977,10,8.200338344053213,8.155874857603987,0.04446348644922615
NCAR,CESM2-FV2,r1i1p1f1,gn,historical,1977-11,1977,11,10.450572377296604,10.44197687393882,0.008595503357783585
NCAR,CESM2-FV2,r1i1p1f1,gn,historical,1977-12,1977,12,12.057748786602355,11.995661520923939,0.06208726567841616
NCAR,CESM2-FV2,r1i1p1f1,gn,historical,1978-01,1978,1,12.791069415369156,12.70496826938363,0.08610114598552698
NCAR,CESM2-FV2,r1i1p1f1,gn,historical,1978-02,1978,2,13.060662675087753,12.93605048971176,0.12461218537599272
NCAR,CESM2-FV2,r1i1p1f1,gn,historical,1978-03,1978,3,13.120635241697903,12.975141814700955,0.14549342699694812
NCAR,CESM2-FV2,r1i1p1f1,gn,historical,1978-04,1978,4,13.084188139163896,12.786552317116914,0.29763582204698125
NCAR,CESM2-FV2,r1i1p1f1,gn,historical,1978-05,1978,5,12.112875412895809,11.856978087457001,0.2558973254388075
NCAR,CESM2-FV2,r1i1p1f1,gn,historical,1978-06,1978,6,10.505457551772636,10.385082098663743,0.12037545310889364
NCAR,CESM2-FV2,r1i1p1f1,gn,historical,1978-07,1978,7,8.629393284398965,8.431066340762834,0.1983269436361308
NCAR,CESM2-FV2,r1i1p1f1,gn,historical,1978-08,1978,8,7.144192588148723,6.576964334348024,0.5672282538006987
NCAR,CESM2-FV2,r1i1p1f1,gn,historical,1978-09,1978,9,6.86964748955463,6.165581662342112,0.704065827212518
NCAR,CESM2-FV2,r1i1p1f1,gn,historical,1978-10,1978,10,8.461213470065356,8.155874857603987,0.3053386124613695
NCAR,CESM2-FV2,r1i1p1f1,gn,historical,1978-11,1978,11,10.828061695894526,10.44197687393882,0.3860848219557056
NCAR,CESM2-FV2,r1i1p1f1,gn,historical,1978-12,1978,12,12.586223060696637,11.995661520923939,0.5905615397726987
NCAR,CESM2-FV2,r1i1p1f1,gn,historical,1979-01,1979,1,12.904415829349402,12.70496826938363,0.19944755996577257
NCAR,CESM2-FV2,r1i1p1f1,gn,historical,1979-02,1979,2,13.170141872058366,12.93605048971176,0.23409138234660531
NCAR,CESM2-FV2,r1i1p1f1,gn,historical,1979-03,1979,3,13.251244037276892,12.975141814700955,0.27610222257593797
NCAR,CESM2-FV2,r1i1p1f1,gn,historical,1979-04,1979,4,13.205976304879135,12.786552317116914,0.41942398776222056
NCAR,CESM2-FV2,r1i1p1f1,gn,historical,1979-05,1979,5,12.382441578016916,11.856978087457001,0.5254634905599147
NCAR,CESM2-FV2,r1i1p1f1,gn,historical,1979-06,1979,6,10.739257050255752,10.385082098663743,0.3541749515920092
NCAR,CESM2-FV2,r1i1p1f1,gn,historical,1979-07,1979,7,8.919286329347473,8.431066340762834,0.488219988584639
NCAR,CESM2-FV2,r1i1p1f1,gn,historical,1979-08,1979,8,7.316858975860531,6.576964334348024,0.7398946415125067
NCAR,CESM2-FV2,r1i1p1f1,gn,historical,1979-09,1979,9,6.90266613917564,6.165581662342112,0.7370844768335276
NCAR,CESM2-FV2,r1i1p1f1,gn,historical,1979-10,1979,10,9.065579520961887,8.155874857603987,0.9097046633578998
NCAR,CESM2-FV2,r1i1p1f1,gn,historical,1979-11,1979,11,11.335986269036962,10.44197687393882,0.8940093950981414
NCAR,CESM2-FV2,r1i1p1f1,gn,historical,1979-12,1979,12,12.466278519815457,11.995661520923939,0.47061699889151853
NCAR,CESM2-FV2,r1i1p1f1,gn,historical,1980-01,1980,1,12.991415191086697,12.70496826938363,0.2864469217030674
NCAR,CESM2-FV2,r1i1p1f1,gn,historical,1980-02,1980,2,13.181522454207222,12.93605048971176,0.2454719644954615
NCAR,CESM2-FV2,r1i1p1f1,gn,historical,1980-03,1980,3,13.198000296941617,12.975141814700955,0.22285848224066207
NCAR,CESM2-FV2,r1i1p1f1,gn,historical,1980-04,1980,4,13.055476339868914,12.786552317116914,0.26892402275199956
NCAR,CESM2-FV2,r1i1p1f1,gn,historical,1980-05,1980,5,12.334320807897493,11.856978087457001,0.4773427204404914
NCAR,CESM2-FV2,r1i1p1f1,gn,historical,1980-06,1980,6,10.85235536795561,10.385082098663743,0.4672732692918675
NCAR,CESM2-FV2,r1i1p1f1,gn,historical,1980-07,1980,7,8.773883620824593,8.431066340762834,0.3428172800617588
NCAR,CESM2-FV2,r1i1p1f1,gn,historical,1980-08,1980,8,6.919447708819207,6.576964334348024,0.3424833744711826
NCAR,CESM2-FV2,r1i1p1f1,gn,historical,1980-09,1980,9,6.491457377042233,6.165581662342112,0.32587571470012033
NCAR,CESM2-FV2,r1i1p1f1,gn,historical,1980-10,1980,10,8.844724640326605,8.155874857603987,0.6888497827226185
NCAR,CESM2-FV2,r1i1p1f1,gn,historical,1980-11,1980,11,11.187501842479648,10.44197687393882,0.7455249685408276
NCAR,CESM2-FV2,r1i1p1f1,gn,historical,1980-12,1980,12,12.70625197329544,11.995661520923939,0.7105904523715019
NCAR,CESM2-FV2,r1i1p1f1,gn,historical,1981-01,1981,1,13.164560693733547,12.70496826938363,0.45959242434991765
NCAR,CESM2-FV2,r1i1p1f1,gn,historical,1981-02,1981,2,13.299368433349942,12.93605048971176,0.36331794363818126
NCAR,CESM2-FV2,r1i1p1f1,gn,historical,1981-03,1981,3,13.353891832815437,12.975141814700955,0.3787500181144825
NCAR,CESM2-FV2,r1i1p1f1,gn,historical,1981-04,1981,4,12.80174426485482,12.786552317116914,0.015191947737905664
NCAR,CESM2-FV2,r1i1p1f1,gn,historical,1981-05,1981,5,11.643086546125184,11.856978087457001,-0.21389154133181698
NCAR,CESM2-FV2,r1i1p1f1,gn,historical,1981-06,1981,6,10.148829042790789,10.385082098663743,-0.23625305587295387
NCAR,CESM2-FV2,r1i1p1f1,gn,historical,1981-07,1981,7,8.150939115720975,8.431066340762834,-0.28012722504185916
NCAR,CESM2-FV2,r1i1p1f1,gn,historical,1981-08,1981,8,6.634115343935477,6.576964334348024,0.057151009587452783
NCAR,CESM2-FV2,r1i1p1f1,gn,historical,1981-09,1981,9,6.186668031346132,6.165581662342112,0.021086369004019723
NCAR,CESM2-FV2,r1i1p1f1,gn,historical,1981-10,1981,10,8.093905865087352,8.155874857603987,-0.06196899251663446
NCAR,CESM2-FV2,r1i1p1f1,gn,historical,1981-11,1981,11,10.585648048532825,10.44197687393882,0.14367117459400447
NCAR,CESM2-FV2,r1i1p1f1,gn,historical,1981-12,1981,12,12.17908259415989,11.995661520923939,0.18342107323595158
NCAR,CESM2-FV2,r1i1p1f1,gn,historical,1982-01,1982,1,12.825808559829547,12.70496826938363,0.12084029044591738
NCAR,CESM2-FV2,r1i1p1f1,gn,historical,1982-02,1982,2,12.781762949514233,12.93605048971176,-0.15428754019752766
NCAR,CESM2-FV2,r1i1p1f1,gn,historical,1982-03,1982,3,13.022997382337648,12.975141814700955,0.04785556763669341
NCAR,CESM2-FV2,r1i1p1f1,gn,historical,1982-04,1982,4,12.791966202940323,12.786552317116914,0.005413885823408293
NCAR,CESM2-FV2,r1i1p1f1,gn,historical,1982-05,1982,5,11.890474297990348,11.856978087457001,0.033496210533346726
NCAR,CESM2-FV2,r1i1p1f1,gn,historical,1982-06,1982,6,10.247464684993702,10.385082098663743,-0.137617413670041
NCAR,CESM2-FV2,r1i1p1f1,gn,historical,1982-07,1982,7,8.261951290166461,8.431066340762834,-0.169115050596373
NCAR,CESM2-FV2,r1i1p1f1,gn,historical,1982-08,1982,8,6.610947331627225,6.576964334348024,0.03398299727920051
NCAR,CESM2-FV2,r1i1p1f1,gn,historical,1982-09,1982,9,6.283065761264684,6.165581662342112,0.11748409892257161
NCAR,CESM2-FV2,r1i1p1f1,gn,historical,1982-10,1982,10,8.2003573617598,8.155874857603987,0.04448250415581256
NCAR,CESM2-FV2,r1i1p1f1,gn,historical,1982-11,1982,11,10.48209651530995,10.44197687393882,0.04011964137112933
NCAR,CESM2-FV2,r1i1p1f1,gn,historical,1982-12,1982,12,12.094603905270066,11.995661520923939,0.09894238434612745
NCAR,CESM2-FV2,r1i1p1f1,gn,historical,1983-01,1983,1,12.65370167560699,12.70496826938363,-0.05126659377663856
NCAR,CESM2-FV2,r1i1p1f1,gn,historical,1983-02,1983,2,12.776771781069984,12.93605048971176,-0.15927870864177684
NCAR,CESM2-FV2,r1i1p1f1,gn,historical,1983-03,1983,3,12.745701738223461,12.975141814700955,-0.2294400764774931
NCAR,CESM2-FV2,r1i1p1f1,gn,historical,1983-04,1983,4,12.47019296492579,12.786552317116914,-0.31635935219112454
NCAR,CESM2-FV2,r1i1p1f1,gn,historical,1983-05,1983,5,11.408307355594776,11.856978087457001,-0.44867073186222584
NCAR,CESM2-FV2,r1i1p1f1,gn,historical,1983-06,1983,6,9.768770457944356,10.385082098663743,-0.6163116407193865
NCAR,CESM2-FV2,r1i1p1f1,gn,historical,1983-07,1983,7,7.804465402898209,8.431066340762834,-0.6266009378646258
NCAR,CESM2-FV2,r1i1p1f1,gn,historical,1983-08,1983,8,6.135723376571664,6.576964334348024,-0.4412409577763601
NCAR,CESM2-FV2,r1i1p1f1,gn,historical,1983-09,1983,9,5.815331243825269,6.165581662342112,-0.35025041851684335
NCAR,CESM2-FV2,r1i1p1f1,gn,historical,1983-10,1983,10,7.739152909223153,8.155874857603987,-0.4167219483808342
NCAR,CESM2-FV2,r1i1p1f1,gn,historical,1983-11,1983,11,10.118274636328476,10.44197687393882,-0.32370223761034467
NCAR,CESM2-FV2,r1i1p1f1,gn,historical,1983-12,1983,12,11.930722011270163,11.995661520923939,-0.06493950965377593
NCAR,CESM2-FV2,r1i1p1f1,gn,historical,1984-01,1984,1,12.685760212996838,12.70496826938363,-0.019208056386791128
NCAR,CESM2-FV2,r1i1p1f1,gn,historical,1984-02,1984,2,12.94580332424745,12.93605048971176,0.009752834535689203
NCAR,CESM2-FV2,r1i1p1f1,gn,historical,1984-03,1984,3,12.933721848833539,12.975141814700955,-0.0414199658674157
NCAR,CESM2-FV2,r1i1p1f1,gn,historical,1984-04,1984,4,12.766618819774253,12.786552317116914,-0.019933497342661255
NCAR,CESM2-FV2,r1i1p1f1,gn,historical,1984-05,1984,5,11.759125918850573,11.856978087457001,-0.09785216860642798
NCAR,CESM2-FV2,r1i1p1f1,gn,historical,1984-06,1984,6,10.144682398171796,10.385082098663743,-0.24039970049194714
NCAR,CESM2-FV2,r1i1p1f1,gn,historical,1984-07,1984,7,7.567870844690096,8.431066340762834,-0.8631954960727386
NCAR,CESM2-FV2,r1i1p1f1,gn,historical,1984-08,1984,8,5.749396980373911,6.576964334348024,-0.8275673539741133
NCAR,CESM2-FV2,r1i1p1f1,gn,historical,1984-09,1984,9,5.287286764335775,6.165581662342112,-0.8782948980063372
NCAR,CESM2-FV2,r1i1p1f1,gn,historical,1984-10,1984,10,7.322217751664735,8.155874857603987,-0.8336571059392517
NCAR,CESM2-FV2,r1i1p1f1,gn,historical,1984-11,1984,11,9.434129409669113,10.44197687393882,-1.007847464269707
NCAR,CESM2-FV2,r1i1p1f1,gn,historical,1984-12,1984,12,11.69282083861839,11.995661520923939,-0.3028406823055487
NCAR,CESM2-FV2,r1i1p1f1,gn,historical,1985-01,1985,1,12.899096921669203,12.70496826938363,0.19412865228557408
NCAR,CESM2-FV2,r1i1p1f1,gn,historical,1985-02,1985,2,13.021228215243443,12.93605048971176,0.08517772553168257
NCAR,CESM2-FV2,r1i1p1f1,gn,historical,1985-03,1985,3,13.020376082879707,12.975141814700955,0.04523426817875276
NCAR,CESM2-FV2,r1i1p1f1,gn,historical,1985-04,1985,4,12.874031143823222,12.786552317116914,0.0874788267063078
NCAR,CESM2-FV2,r1i1p1f1,gn,historical,1985-05,1985,5,11.751692171551348,11.856978087457001,-0.10528591590565384
NCAR,CESM2-FV2,r1i1p1f1,gn,historical,1985-06,1985,6,9.997764123521241,10.385082098663743,-0.3873179751425013
NCAR,CESM2-FV2,r1i1p1f1,gn,historical,1985-07,1985,7,7.932438641430531,8.431066340762834,-0.4986276993323031
NCAR,CESM2-FV2,r1i1p1f1,gn,historical,1985-08,1985,8,5.74061414267917,6.576964334348024,-0.8363501916688545
NCAR,CESM2-FV2,r1i1p1f1,gn,historical,1985-09,1985,9,5.063386442787688,6.165581662342112,-1.1021952195544245
NCAR,CESM2-FV2,r1i1p1f1,gn,historical,1985-10,1985,10,7.588723983362825,8.155874857603987,-0.567150874241162
NCAR,CESM2-FV2,r1i1p1f1,gn,historical,1985-11,1985,11,10.447228248554243,10.44197687393882,0.005251374615422577
NCAR,CESM2-FV2,r1i1p1f1,gn,historical,1985-12,1985,12,11.86428355387225,11.995661520923939,-0.13137796705168903
NCAR,CESM2-FV2,r1i1p1f1,gn,historical,1986-01,1986,1,12.717246257594974,12.70496826938363,0.012277988211344848
NCAR,CESM2-FV2,r1i1p1f1,gn,historical,1986-02,1986,2,13.017921170191245,12.93605048971176,0.08187068047948465
NCAR,CESM2-FV2,r1i1p1f1,gn,historical,1986-03,1986,3,13.019790652764279,12.975141814700955,0.04464883806332409
NCAR,CESM2-FV2,r1i1p1f1,gn,historical,1986-04,1986,4,12.564821794996172,12.786552317116914,-0.22173052212074218
NCAR,CESM2-FV2,r1i1p1f1,gn,historical,1986-05,1986,5,11.476686465693488,11.856978087457001,-0.3802916217635133
NCAR,CESM2-FV2,r1i1p1f1,gn,historical,1986-06,1986,6,9.849016457714551,10.385082098663743,-0.5360656409491913
NCAR,CESM2-FV2,r1i1p1f1,gn,historical,1986-07,1986,7,7.516131722120365,8.431066340762834,-0.9149346186424694
NCAR,CESM2-FV2,r1i1p1f1,gn,historical,1986-08,1986,8,5.145544258262525,6.576964334348024,-1.431420076085499
NCAR,CESM2-FV2,r1i1p1f1,gn,historical,1986-09,1986,9,4.597048788140049,6.165581662342112,-1.568532874202063
NCAR,CESM2-FV2,r1i1p1f1,gn,historical,1986-10,1986,10,7.091325332370543,8.155874857603987,-1.0645495252334438
NCAR,CESM2-FV2,r1i1p1f1,gn,historical,1986-11,1986,11,10.317001781043656,10.44197687393882,-0.12497509289516451
NCAR,CESM2-FV2,r1i1p1f1,gn,historical,1986-12,1986,12,11.922564636190172,11.995661520923939,-0.07309688473376674
NCAR,CESM2-FV2,r1i1p1f1,gn,historical,1987-01,1987,1,12.740722689171134,12.70496826938363,0.03575441978750504
NCAR,CESM2-FV2,r1i1p1f1,gn,historical,1987-02,1987,2,12.972509026178969,12.93605048971176,0.03645853646720809
NCAR,CESM2-FV2,r1i1p1f1,gn,historical,1987-03,1987,3,13.08617558315733,12.975141814700955,0.11103376845637491
NCAR,CESM2-FV2,r1i1p1f1,gn,historical,1987-04,1987,4,13.010836552489351,12.786552317116914,0.22428423537243702
NCAR,CESM2-FV2,r1i1p1f1,gn,historical,1987-05,1987,5,11.847047213104483,11.856978087457001,-0.00993087435251816
NCAR,CESM2-FV2,r1i1p1f1,gn,historical,1987-06,1987,6,10.218703685455692,10.385082098663743,-0.1663784132080508
NCAR,CESM2-FV2,r1i1p1f1,gn,historical,1987-07,1987,7,8.045920017731177,8.431066340762834,-0.3851463230316572
NCAR,CESM2-FV2,r1i1p1f1,gn,historical,1987-08,1987,8,6.0662432026702735,6.576964334348024,-0.5107211316777507
NCAR,CESM2-FV2,r1i1p1f1,gn,historical,1987-09,1987,9,5.262509036828111,6.165581662342112,-0.9030726255140014
NCAR,CESM2-FV2,r1i1p1f1,gn,historical,1987-10,1987,10,7.064637494337539,8.155874857603987,-1.0912373632664476
NCAR,CESM2-FV2,r1i1p1f1,gn,historical,1987-11,1987,11,10.159098216157524,10.44197687393882,-0.2828786577812963
NCAR,CESM2-FV2,r1i1p1f1,gn,historical,1987-12,1987,12,11.689480838883876,11.995661520923939,-0.306180682040063
NCAR,CESM2-FV2,r1i1p1f1,gn,historical,1988-01,1988,1,12.381405502968445,12.70496826938363,-0.32356276641518456
NCAR,CESM2-FV2,r1i1p1f1,gn,historical,1988-02,1988,2,12.863713496184948,12.93605048971176,-0.07233699352681278
NCAR,CESM2-FV2,r1i1p1f1,gn,historical,1988-03,1988,3,12.883262162323032,12.975141814700955,-0.09187965237792284
NCAR,CESM2-FV2,r1i1p1f1,gn,historical,1988-04,1988,4,12.439270184619172,12.786552317116914,-0.3472821324977424
NCAR,CESM2-FV2,r1i1p1f1,gn,historical,1988-05,1988,5,11.318350928040456,11.856978087457001,-0.5386271594165457
NCAR,CESM2-FV2,r1i1p1f1,gn,historical,1988-06,1988,6,9.689087366454938,10.385082098663743,-0.6959947322088045
NCAR,CESM2-FV2,r1i1p1f1,gn,historical,1988-07,1988,7,7.3469057180243595,8.431066340762834,-1.0841606227384748
NCAR,CESM2-FV2,r1i1p1f1,gn,historical,1988-08,1988,8,5.138050862640697,6.576964334348024,-1.4389134717073269
NCAR,CESM2-FV2,r1i1p1f1,gn,historical,1988-09,1988,9,4.4653680237880105,6.165581662342112,-1.7002136385541018
NCAR,CESM2-FV2,r1i1p1f1,gn,historical,1988-10,1988,10,6.866946205685628,8.155874857603987,-1.2889286519183587
NCAR,CESM2-FV2,r1i1p1f1,gn,historical,1988-11,1988,11,10.174529368701599,10.44197687393882,-0.2674475052372216
NCAR,CESM2-FV2,r1i1p1f1,gn,historical,1988-12,1988,12,11.932151097550754,11.995661520923939,-0.06351042337318447
NCAR,CESM2-FV2,r1i1p1f1,gn,historical,1989-01,1989,1,12.797811354359986,12.70496826938363,0.09284308497635685
NCAR,CESM2-FV2,r1i1p1f1,gn,historical,1989-02,1989,2,13.030227567124097,12.93605048971176,0.09417707741233627
NCAR,CESM2-FV2,r1i1p1f1,gn,historical,1989-03,1989,3,12.996540819259316,12.975141814700955,0.021399004558361412
NCAR,CESM2-FV2,r1i1p1f1,gn,historical,1989-04,1989,4,12.775347347636433,12.786552317116914,-0.011204969480480997
NCAR,CESM2-FV2,r1i1p1f1,gn,historical,1989-05,1989,5,11.618192203835193,11.856978087457001,-0.23878588362180864
NCAR,CESM2-FV2,r1i1p1f1,gn,historical,1989-06,1989,6,9.948631257543234,10.385082098663743,-0.436450841120509
NCAR,CESM2-FV2,r1i1p1f1,gn,historical,1989-07,1989,7,7.6475414964604225,8.431066340762834,-0.7835248443024119
NCAR,CESM2-FV2,r1i1p1f1,gn,historical,1989-08,1989,8,5.553613430378581,6.576964334348024,-1.023350903969443
NCAR,CESM2-FV2,r1i1p1f1,gn,historical,1989-09,1989,9,5.0296917715269105,6.165581662342112,-1.1358898908152018
NCAR,CESM2-FV2,r1i1p1f1,gn,historical,1989-10,1989,10,7.056168201306392,8.155874857603987,-1.0997066562975943
NCAR,CESM2-FV2,r1i1p1f1,gn,historical,1989-11,1989,11,9.569765950980507,10.44197687393882,-0.8722109229583133
NCAR,CESM2-FV2,r1i1p1f1,gn,historical,1989-12,1989,12,11.653944360172359,11.995661520923939,-0.3417171607515801
NCAR,CESM2-FV2,r1i1p1f1,gn,historical,1990-01,1990,1,12.67775689443125,12.70496826938363,-0.027211374952379686
NCAR,CESM2-FV2,r1i1p1f1,gn,historical,1990-02,1990,2,12.867133130461863,12.93605048971176,-0.06891735924989817
NCAR,CESM2-FV2,r1i1p1f1,gn,historical,1990-03,1990,3,12.810941250364642,12.975141814700955,-0.16420056433631203
NCAR,CESM2-FV2,r1i1p1f1,gn,historical,1990-04,1990,4,12.743919594565961,12.786552317116914,-0.04263272255095352
NCAR,CESM2-FV2,r1i1p1f1,gn,historical,1990-05,1990,5,11.555963405927491,11.856978087457001,-0.3010146815295105
NCAR,CESM2-FV2,r1i1p1f1,gn,historical,1990-06,1990,6,9.993386132696285,10.385082098663743,-0.3916959659674575
NCAR,CESM2-FV2,r1i1p1f1,gn,historical,1990-07,1990,7,8.058360835411268,8.431066340762834,-0.37270550535156666
NCAR,CESM2-FV2,r1i1p1f1,gn,historical,1990-08,1990,8,6.194978050446489,6.576964334348024,-0.38198628390153555
NCAR,CESM2-FV2,r1i1p1f1,gn,historical,1990-09,1990,9,5.442066422494598,6.165581662342112,-0.7235152398475142
NCAR,CESM2-FV2,r1i1p1f1,gn,historical,1990-10,1990,10,7.916382694801334,8.155874857603987,-0.2394921628026525
NCAR,CESM2-FV2,r1i1p1f1,gn,historical,1990-11,1990,11,10.32252792462874,10.44197687393882,-0.11944894931007966
NCAR,CESM2-FV2,r1i1p1f1,gn,historical,1990-12,1990,12,12.142185146958301,11.995661520923939,0.1465236260343623
NCAR,CESM2-FV2,r1i1p1f1,gn,historical,1991-01,1991,1,12.77984053355863,12.70496826938363,0.07487226417500104
NCAR,CESM2-FV2,r1i1p1f1,gn,historical,1991-02,1991,2,12.811101973639637,12.93605048971176,-0.12494851607212354
NCAR,CESM2-FV2,r1i1p1f1,gn,historical,1991-03,1991,3,13.025372976750042,12.975141814700955,0.050231162049087175
NCAR,CESM2-FV2,r1i1p1f1,gn,historical,1991-04,1991,4,12.779250604163396,12.786552317116914,-0.007301712953518447
NCAR,CESM2-FV2,r1i1p1f1,gn,historical,1991-05,1991,5,11.732189751843961,11.856978087457001,-0.12478833561304015
NCAR,CESM2-FV2,r1i1p1f1,gn,historical,1991-06,1991,6,10.057820907423292,10.385082098663743,-0.32726119124045105
NCAR,CESM2-FV2,r1i1p1f1,gn,historical,1991-07,1991,7,7.311071756096601,8.431066340762834,-1.119994584666233
NCAR,CESM2-FV2,r1i1p1f1,gn,historical,1991-08,1991,8,4.986387932009088,6.576964334348024,-1.590576402338936
NCAR,CESM2-FV2,r1i1p1f1,gn,historical,1991-09,1991,9,4.5553875053819315,6.165581662342112,-1.6101941569601808
NCAR,CESM2-FV2,r1i1p1f1,gn,historical,1991-10,1991,10,7.213970938933797,8.155874857603987,-0.9419039186701896
NCAR,CESM2-FV2,r1i1p1f1,gn,historical,1991-11,1991,11,10.198747692181662,10.44197687393882,-0.24322918175715813
NCAR,CESM2-FV2,r1i1p1f1,gn,historical,1991-12,1991,12,12.140076218561042,11.995661520923939,0.14441469763710302
NCAR,CESM2-FV2,r1i1p1f1,gn,historical,1992-01,1992,1,12.91369593058169,12.70496826938363,0.2087276611980613
NCAR,CESM2-FV2,r1i1p1f1,gn,historical,1992-02,1992,2,12.944860201675429,12.93605048971176,0.008809711963667866
NCAR,CESM2-FV2,r1i1p1f1,gn,historical,1992-03,1992,3,12.968834301417823,12.975141814700955,-0.006307513283131172
NCAR,CESM2-FV2,r1i1p1f1,gn,historical,1992-04,1992,4,12.965772657522757,12.786552317116914,0.179220340405843
NCAR,CESM2-FV2,r1i1p1f1,gn,historical,1992-05,1992,5,12.043232794772127,11.856978087457001,0.1862547073151255
NCAR,CESM2-FV2,r1i1p1f1,gn,historical,1992-06,1992,6,10.217101557516166,10.385082098663743,-0.16798054114757655
NCAR,CESM2-FV2,r1i1p1f1,gn,historical,1992-07,1992,7,8.041240632023872,8.431066340762834,-0.3898257087389627
NCAR,CESM2-FV2,r1i1p1f1,gn,historical,1992-08,1992,8,5.944672645427317,6.576964334348024,-0.6322916889207075
NCAR,CESM2-FV2,r1i1p1f1,gn,historical,1992-09,1992,9,5.649992590345041,6.165581662342112,-0.5155890719970708
NCAR,CESM2-FV2,r1i1p1f1,gn,historical,1992-10,1992,10,8.188051971149221,8.155874857603987,0.03217711354523445
NCAR,CESM2-FV2,r1i1p1f1,gn,historical,1992-11,1992,11,10.547567036349992,10.44197687393882,0.10559016241117192
NCAR,CESM2-FV2,r1i1p1f1,gn,historical,1992-12,1992,12,11.968759108655942,11.995661520923939,-0.026902412267997278
NCAR,CESM2-FV2,r1i1p1f1,gn,historical,1993-01,1993,1,12.710623258673856,12.70496826938363,0.005654989290226453
NCAR,CESM2-FV2,r1i1p1f1,gn,historical,1993-02,1993,2,13.082732482702674,12.93605048971176,0.14668199299091356
NCAR,CESM2-FV2,r1i1p1f1,gn,historical,1993-03,1993,3,13.116641644803277,12.975141814700955,0.14149983010232248
NCAR,CESM2-FV2,r1i1p1f1,gn,historical,1993-04,1993,4,12.893320154810793,12.786552317116914,0.10676783769387832
NCAR,CESM2-FV2,r1i1p1f1,gn,historical,1993-05,1993,5,11.753746621596164,11.856978087457001,-0.10323146586083709
NCAR,CESM2-FV2,r1i1p1f1,gn,historical,1993-06,1993,6,9.958670878101588,10.385082098663743,-0.4264112205621551
NCAR,CESM2-FV2,r1i1p1f1,gn,historical,1993-07,1993,7,7.3482926642584285,8.431066340762834,-1.0827736765044058
NCAR,CESM2-FV2,r1i1p1f1,gn,historical,1993-08,1993,8,5.188221401945071,6.576964334348024,-1.3887429324029528
NCAR,CESM2-FV2,r1i1p1f1,gn,historical,1993-09,1993,9,4.704114693186496,6.165581662342112,-1.461466969155616
NCAR,CESM2-FV2,r1i1p1f1,gn,historical,1993-10,1993,10,6.793246797488267,8.155874857603987,-1.3626280601157195
NCAR,CESM2-FV2,r1i1p1f1,gn,historical,1993-11,1993,11,9.990687493908512,10.44197687393882,-0.4512893800303086
NCAR,CESM2-FV2,r1i1p1f1,gn,historical,1993-12,1993,12,12.116787040437867,11.995661520923939,0.12112551951392803
NCAR,CESM2-FV2,r1i1p1f1,gn,historical,1994-01,1994,1,13.080190004761254,12.70496826938363,0.37522173537762527
NCAR,CESM2-FV2,r1i1p1f1,gn,historical,1994-02,1994,2,13.379577802746246,12.93605048971176,0.443527313034485
NCAR,CESM2-FV2,r1i1p1f1,gn,historical,1994-03,1994,3,13.312487955083796,12.975141814700955,0.3373461403828415
NCAR,CESM2-FV2,r1i1p1f1,gn,historical,1994-04,1994,4,13.194541980451564,12.786552317116914,0.40798966333465003
NCAR,CESM2-FV2,r1i1p1f1,gn,historical,1994-05,1994,5,12.136654202757914,11.856978087457001,0.2796761153009122
NCAR,CESM2-FV2,r1i1p1f1,gn,historical,1994-06,1994,6,10.37600388626355,10.385082098663743,-0.009078212400192243
NCAR,CESM2-FV2,r1i1p1f1,gn,historical,1994-07,1994,7,8.151309125051075,8.431066340762834,-0.2797572157117596
NCAR,CESM2-FV2,r1i1p1f1,gn,historical,1994-08,1994,8,6.244772022552166,6.576964334348024,-0.3321923117958585
NCAR,CESM2-FV2,r1i1p1f1,gn,historical,1994-09,1994,9,5.598869456563732,6.165581662342112,-0.56671220577838
NCAR,CESM2-FV2,r1i1p1f1,gn,historical,1994-10,1994,10,7.939156954544877,8.155874857603987,-0.2167179030591102
NCAR,CESM2-FV2,r1i1p1f1,gn,historical,1994-11,1994,11,10.41245331253361,10.44197687393882,-0.02952356140520962
NCAR,CESM2-FV2,r1i1p1f1,gn,historical,1994-12,1994,12,12.050640976656574,11.995661520923939,0.054979455732635074
NCAR,CESM2-FV2,r1i1p1f1,gn,historical,1995-01,1995,1,12.912818860927871,12.70496826938363,0.20785059154424168
NCAR,CESM2-FV2,r1i1p1f1,gn,historical,1995-02,1995,2,13.138206667387273,12.93605048971176,0.20215617767551208
NCAR,CESM2-FV2,r1i1p1f1,gn,historical,1995-03,1995,3,13.178126136559005,12.975141814700955,0.20298432185805027
NCAR,CESM2-FV2,r1i1p1f1,gn,historical,1995-04,1995,4,13.02511730610678,12.786552317116914,0.23856498898986622
NCAR,CESM2-FV2,r1i1p1f1,gn,historical,1995-05,1995,5,11.976009008009392,11.856978087457001,0.11903092055239028
NCAR,CESM2-FV2,r1i1p1f1,gn,historical,1995-06,1995,6,10.555783420844758,10.385082098663743,0.1707013221810154
NCAR,CESM2-FV2,r1i1p1f1,gn,historical,1995-07,1995,7,8.353057332658429,8.431066340762834,-0.07800900810440581
NCAR,CESM2-FV2,r1i1p1f1,gn,historical,1995-08,1995,8,6.193882284318801,6.576964334348024,-0.38308205002922335
NCAR,CESM2-FV2,r1i1p1f1,gn,historical,1995-09,1995,9,5.691086696884333,6.165581662342112,-0.47449496545777947
NCAR,CESM2-FV2,r1i1p1f1,gn,historical,1995-10,1995,10,8.016351378523822,8.155874857603987,-0.1395234790801645
NCAR,CESM2-FV2,r1i1p1f1,gn,historical,1995-11,1995,11,10.452182799027433,10.44197687393882,0.010205925088612844
NCAR,CESM2-FV2,r1i1p1f1,gn,historical,1995-12,1995,12,12.383250978170556,11.995661520923939,0.38758945724661764
NCAR,CESM2-FV2,r1i1p1f1,gn,historical,1996-01,1996,1,12.990110203045495,12.70496826938363,0.28514193366186547
NCAR,CESM2-FV2,r1i1p1f1,gn,historical,1996-02,1996,2,13.174252286967281,12.93605048971176,0.23820179725552038
NCAR,CESM2-FV2,r1i1p1f1,gn,historical,1996-03,1996,3,13.296254599270277,12.975141814700955,0.3211127845693227
NCAR,CESM2-FV2,r1i1p1f1,gn,historical,1996-04,1996,4,13.197209503176405,12.786552317116914,0.4106571860594901
NCAR,CESM2-FV2,r1i1p1f1,gn,historical,1996-05,1996,5,12.14303296130691,11.856978087457001,0.286054873849908
NCAR,CESM2-FV2,r1i1p1f1,gn,historical,1996-06,1996,6,10.351571060870254,10.385082098663743,-0.033511037793488185
NCAR,CESM2-FV2,r1i1p1f1,gn,historical,1996-07,1996,7,7.870560735769373,8.431066340762834,-0.5605056049934616
NCAR,CESM2-FV2,r1i1p1f1,gn,historical,1996-08,1996,8,5.520921784335167,6.576964334348024,-1.0560425500128572
NCAR,CESM2-FV2,r1i1p1f1,gn,historical,1996-09,1996,9,4.9304085322696345,6.165581662342112,-1.2351731300724778
NCAR,CESM2-FV2,r1i1p1f1,gn,historical,1996-10,1996,10,7.289642876934736,8.155874857603987,-0.8662319806692507
NCAR,CESM2-FV2,r1i1p1f1,gn,historical,1996-11,1996,11,9.98789011516564,10.44197687393882,-0.4540867587731796
NCAR,CESM2-FV2,r1i1p1f1,gn,historical,1996-12,1996,12,11.993394073372341,11.995661520923939,-0.002267447551597357
NCAR,CESM2-FV2,r1i1p1f1,gn,historical,1997-01,1997,1,12.689129427365417,12.70496826938363,-0.015838842018212063
NCAR,CESM2-FV2,r1i1p1f1,gn,historical,1997-02,1997,2,12.925312620295157,12.93605048971176,-0.010737869416603374
NCAR,CESM2-FV2,r1i1p1f1,gn,historical,1997-03,1997,3,12.93125859386088,12.975141814700955,-0.043883220840074344
NCAR,CESM2-FV2,r1i1p1f1,gn,historical,1997-04,1997,4,12.813974906097792,12.786552317116914,0.027422588980877904
NCAR,CESM2-FV2,r1i1p1f1,gn,historical,1997-05,1997,5,11.704955341303133,11.856978087457001,-0.15202274615386813
NCAR,CESM2-FV2,r1i1p1f1,gn,historical,1997-06,1997,6,9.94217165078293,10.385082098663743,-0.4429104478808128
NCAR,CESM2-FV2,r1i1p1f1,gn,historical,1997-07,1997,7,7.659837106898141,8.431066340762834,-0.7712292338646938
NCAR,CESM2-FV2,r1i1p1f1,gn,historical,1997-08,1997,8,5.064302624130564,6.576964334348024,-1.5126617102174604
NCAR,CESM2-FV2,r1i1p1f1,gn,historical,1997-09,1997,9,4.136427409202888,6.165581662342112,-2.0291542531392244
NCAR,CESM2-FV2,r1i1p1f1,gn,historical,1997-10,1997,10,7.093529287664644,8.155874857603987,-1.0623455699393425
NCAR,CESM2-FV2,r1i1p1f1,gn,historical,1997-11,1997,11,9.842063319251382,10.44197687393882,-0.5999135546874381
NCAR,CESM2-FV2,r1i1p1f1,gn,historical,1997-12,1997,12,11.603421046997596,11.995661520923939,-0.39224047392634276
NCAR,CESM2-FV2,r1i1p1f1,gn,historical,1998-01,1998,1,12.470679314984997,12.70496826938363,-0.2342889543986324
NCAR,CESM2-FV2,r1i1p1f1,gn,historical,1998-02,1998,2,12.717624328816894,12.93605048971176,-0.21842616089486633
NCAR,CESM2-FV2,r1i1p1f1,gn,historical,1998-03,1998,3,12.85461822622542,12.975141814700955,-0.12052358847553535
NCAR,CESM2-FV2,r1i1p1f1,gn,historical,1998-04,1998,4,12.5043922883773,12.786552317116914,-0.28216002873961443
NCAR,CESM2-FV2,r1i1p1f1,gn,historical,1998-05,1998,5,11.522588952186078,11.856978087457001,-0.3343891352709232
NCAR,CESM2-FV2,r1i1p1f1,gn,historical,1998-06,1998,6,9.913156539669865,10.385082098663743,-0.47192555899387756
NCAR,CESM2-FV2,r1i1p1f1,gn,historical,1998-07,1998,7,7.995251138298622,8.431066340762834,-0.43581520246421235
NCAR,CESM2-FV2,r1i1p1f1,gn,historical,1998-08,1998,8,6.188556940463444,6.576964334348024,-0.38840739388458
NCAR,CESM2-FV2,r1i1p1f1,gn,historical,1998-09,1998,9,5.768756614258656,6.165581662342112,-0.3968250480834561
NCAR,CESM2-FV2,r1i1p1f1,gn,historical,1998-10,1998,10,7.869937433277588,8.155874857603987,-0.28593742432639857
NCAR,CESM2-FV2,r1i1p1f1,gn,historical,1998-11,1998,11,10.269126329003903,10.44197687393882,-0.17285054493491714
NCAR,CESM2-FV2,r1i1p1f1,gn,historical,1998-12,1998,12,11.747321746166781,11.995661520923939,-0.24833977475715763
NCAR,CESM2-FV2,r1i1p1f1,gn,historical,1999-01,1999,1,12.559155988699537,12.70496826938363,-0.14581228068409224
NCAR,CESM2-FV2,r1i1p1f1,gn,historical,1999-02,1999,2,12.830626433993723,12.93605048971176,-0.10542405571803748
NCAR,CESM2-FV2,r1i1p1f1,gn,historical,1999-03,1999,3,12.863420231731642,12.975141814700955,-0.111721582969313
NCAR,CESM2-FV2,r1i1p1f1,gn,historical,1999-04,1999,4,12.689845690303718,12.786552317116914,-0.0967066268131962
NCAR,CESM2-FV2,r1i1p1f1,gn,historical,1999-05,1999,5,11.672293992531197,11.856978087457001,-0.18468409492580484
NCAR,CESM2-FV2,r1i1p1f1,gn,historical,1999-06,1999,6,10.011993425594223,10.385082098663743,-0.3730886730695193
NCAR,CESM2-FV2,r1i1p1f1,gn,historical,1999-07,1999,7,7.662361780057518,8.431066340762834,-0.7687045607053165
NCAR,CESM2-FV2,r1i1p1f1,gn,historical,1999-08,1999,8,5.495316208338303,6.576964334348024,-1.0816481260097213
NCAR,CESM2-FV2,r1i1p1f1,gn,historical,1999-09,1999,9,4.806431196564043,6.165581662342112,-1.359150465778069
NCAR,CESM2-FV2,r1i1p1f1,gn,historical,1999-10,1999,10,7.443189564803725,8.155874857603987,-0.7126852928002618
NCAR,CESM2-FV2,r1i1p1f1,gn,historical,1999-11,1999,11,9.825075294371391,10.44197687393882,-0.6169015795674291
NCAR,CESM2-FV2,r1i1p1f1,gn,historical,1999-12,1999,12,11.362334686549563,11.995661520923939,-0.6333268343743761
NCAR,CESM2-FV2,r1i1p1f1,gn,historical,2000-01,2000,1,12.320742815336374,12.70496826938363,-0.3842254540472556
NCAR,CESM2-FV2,r1i1p1f1,gn,historical,2000-02,2000,2,12.649691419715976,12.93605048971176,-0.2863590699957843
NCAR,CESM2-FV2,r1i1p1f1,gn,historical,2000-03,2000,3,12.613789912535216,12.975141814700955,-0.36135190216573854
NCAR,CESM2-FV2,r1i1p1f1,gn,historical,2000-04,2000,4,12.476587212426788,12.786552317116914,-0.30996510469012684
NCAR,CESM2-FV2,r1i1p1f1,gn,historical,2000-05,2000,5,11.108313317227417,11.856978087457001,-0.7486647702295848
NCAR,CESM2-FV2,r1i1p1f1,gn,historical,2000-06,2000,6,9.297999934481496,10.385082098663743,-1.087082164182247
NCAR,CESM2-FV2,r1i1p1f1,gn,historical,2000-07,2000,7,7.272534542272098,8.431066340762834,-1.1585317984907366
NCAR,CESM2-FV2,r1i1p1f1,gn,historical,2000-08,2000,8,5.266693266883313,6.576964334348024,-1.3102710674647113
NCAR,CESM2-FV2,r1i1p1f1,gn,historical,2000-09,2000,9,4.509391846737793,6.165581662342112,-1.6561898156043195
NCAR,CESM2-FV2,r1i1p1f1,gn,historical,2000-10,2000,10,6.516330121922568,8.155874857603987,-1.6395447356814188
NCAR,CESM2-FV2,r1i1p1f1,gn,historical,2000-11,2000,11,9.111555446450275,10.44197687393882,-1.3304214274885453
NCAR,CESM2-FV2,r1i1p1f1,gn,historical,2000-12,2000,12,10.787388832660485,11.995661520923939,-1.2082726882634542
NCAR,CESM2-FV2,r1i1p1f1,gn,historical,2001-01,2001,1,11.789339458125868,12.70496826938363,-0.9156288112577613
NCAR,CESM2-FV2,r1i1p1f1,gn,historical,2001-02,2001,2,12.221432289849492,12.93605048971176,-0.7146181998622687
NCAR,CESM2-FV2,r1i1p1f1,gn,historical,2001-03,2001,3,12.291034953085457,12.975141814700955,-0.684106861615497
NCAR,CESM2-FV2,r1i1p1f1,gn,historical,2001-04,2001,4,12.141618025818886,12.786552317116914,-0.6449342912980285
NCAR,CESM2-FV2,r1i1p1f1,gn,historical,2001-05,2001,5,11.117294049162597,11.856978087457001,-0.7396840382944045
NCAR,CESM2-FV2,r1i1p1f1,gn,historical,2001-06,2001,6,9.366243114059047,10.385082098663743,-1.0188389846046952
NCAR,CESM2-FV2,r1i1p1f1,gn,historical,2001-07,2001,7,6.747107695413654,8.431066340762834,-1.68395864534918
NCAR,CESM2-FV2,r1i1p1f1,gn,historical,2001-08,2001,8,4.575145389206674,6.576964334348024,-2.00181894514135
NCAR,CESM2-FV2,r1i1p1f1,gn,historical,2001-09,2001,9,4.079903447657874,6.165581662342112,-2.085678214684238
NCAR,CESM2-FV2,r1i1p1f1,gn,historical,2001-10,2001,10,5.9120953040125075,8.155874857603987,-2.2437795535914793
NCAR,CESM2-FV2,r1i1p1f1,gn,historical,2001-11,2001,11,8.681331416275222,10.44197687393882,-1.760645457663598
NCAR,CESM2-FV2,r1i1p1f1,gn,historical,2001-12,2001,12,10.702205219830548,11.995661520923939,-1.293456301093391
NCAR,CESM2-FV2,r1i1p1f1,gn,historical,2002-01,2002,1,11.792919638758367,12.70496826938363,-0.9120486306252626
NCAR,CESM2-FV2,r1i1p1f1,gn,historical,2002-02,2002,2,12.53772878245009,12.93605048971176,-0.3983217072616707
NCAR,CESM2-FV2,r1i1p1f1,gn,historical,2002-03,2002,3,12.612484963137618,12.975141814700955,-0.3626568515633366
NCAR,CESM2-FV2,r1i1p1f1,gn,historical,2002-04,2002,4,12.411548154327209,12.786552317116914,-0.37500416278970583
NCAR,CESM2-FV2,r1i1p1f1,gn,historical,2002-05,2002,5,11.273532827596563,11.856978087457001,-0.5834452598604383
NCAR,CESM2-FV2,r1i1p1f1,gn,historical,2002-06,2002,6,9.47913857333155,10.385082098663743,-0.9059435253321926
NCAR,CESM2-FV2,r1i1p1f1,gn,historical,2002-07,2002,7,6.651085921847893,8.431066340762834,-1.779980418914941
NCAR,CESM2-FV2,r1i1p1f1,gn,historical,2002-08,2002,8,3.7602145208367688,6.576964334348024,-2.8167498135112554
NCAR,CESM2-FV2,r1i1p1f1,gn,historical,2002-09,2002,9,3.25910682745345,6.165581662342112,-2.9064748348886624
NCAR,CESM2-FV2,r1i1p1f1,gn,historical,2002-10,2002,10,5.9137398710432985,8.155874857603987,-2.2421349865606883
NCAR,CESM2-FV2,r1i1p1f1,gn,historical,2002-11,2002,11,9.22864906537352,10.44197687393882,-1.2133278085652996
NCAR,CESM2-FV2,r1i1p1f1,gn,historical,2002-12,2002,12,10.89070438243872,11.995661520923939,-1.1049571384852186
NCAR,CESM2-FV2,r1i1p1f1,gn,historical,2003-01,2003,1,12.2233282683117,12.70496826938363,-0.48164000107192884
NCAR,CESM2-FV2,r1i1p1f1,gn,historical,2003-02,2003,2,12.591068946319043,12.93605048971176,-0.34498154339271814
NCAR,CESM2-FV2,r1i1p1f1,gn,historical,2003-03,2003,3,12.635443884116821,12.975141814700955,-0.33969793058413345
NCAR,CESM2-FV2,r1i1p1f1,gn,historical,2003-04,2003,4,12.393563245600602,12.786552317116914,-0.3929890715163129
NCAR,CESM2-FV2,r1i1p1f1,gn,historical,2003-05,2003,5,11.274499274338105,11.856978087457001,-0.5824788131188967
NCAR,CESM2-FV2,r1i1p1f1,gn,historical,2003-06,2003,6,9.46838695917313,10.385082098663743,-0.9166951394906135
NCAR,CESM2-FV2,r1i1p1f1,gn,historical,2003-07,2003,7,7.101569010981039,8.431066340762834,-1.3294973297817956
NCAR,CESM2-FV2,r1i1p1f1,gn,historical,2003-08,2003,8,4.480266954714943,6.576964334348024,-2.0966973796330812
NCAR,CESM2-FV2,r1i1p1f1,gn,historical,2003-09,2003,9,3.683249418368425,6.165581662342112,-2.4823322439736875
NCAR,CESM2-FV2,r1i1p1f1,gn,historical,2003-10,2003,10,6.303039161882354,8.155874857603987,-1.852835695721633
NCAR,CESM2-FV2,r1i1p1f1,gn,historical,2003-11,2003,11,8.971763215820589,10.44197687393882,-1.4702136581182312
NCAR,CESM2-FV2,r1i1p1f1,gn,historical,2003-12,2003,12,11.061792973546481,11.995661520923939,-0.9338685473774575
NCAR,CESM2-FV2,r1i1p1f1,gn,historical,2004-01,2004,1,11.989638216971592,12.70496826938363,-0.7153300524120372
NCAR,CESM2-FV2,r1i1p1f1,gn,historical,2004-02,2004,2,12.504072350963618,12.93605048971176,-0.4319781387481427
NCAR,CESM2-FV2,r1i1p1f1,gn,historical,2004-03,2004,3,12.505616592877477,12.975141814700955,-0.4695252218234778
NCAR,CESM2-FV2,r1i1p1f1,gn,historical,2004-04,2004,4,12.325235909916051,12.786552317116914,-0.4613164072008633
NCAR,CESM2-FV2,r1i1p1f1,gn,historical,2004-05,2004,5,11.218709449373769,11.856978087457001,-0.6382686380832325
NCAR,CESM2-FV2,r1i1p1f1,gn,historical,2004-06,2004,6,9.488819223433001,10.385082098663743,-0.8962628752307413
NCAR,CESM2-FV2,r1i1p1f1,gn,historical,2004-07,2004,7,7.068775163627895,8.431066340762834,-1.3622911771349395
NCAR,CESM2-FV2,r1i1p1f1,gn,historical,2004-08,2004,8,4.335495262214624,6.576964334348024,-2.2414690721334
NCAR,CESM2-FV2,r1i1p1f1,gn,historical,2004-09,2004,9,3.7238993272780685,6.165581662342112,-2.4416823350640438
NCAR,CESM2-FV2,r1i1p1f1,gn,historical,2004-10,2004,10,6.434643925305568,8.155874857603987,-1.7212309322984192
NCAR,CESM2-FV2,r1i1p1f1,gn,historical,2004-11,2004,11,9.22613716373177,10.44197687393882,-1.2158397102070495
NCAR,CESM2-FV2,r1i1p1f1,gn,historical,2004-12,2004,12,11.372895904948532,11.995661520923939,-0.6227656159754069
NCAR,CESM2-FV2,r1i1p1f1,gn,historical,2005-01,2005,1,12.214960399751414,12.70496826938363,-0.49000786963221543
NCAR,CESM2-FV2,r1i1p1f1,gn,historical,2005-02,2005,2,12.405918962116258,12.93605048971176,-0.5301315275955023
NCAR,CESM2-FV2,r1i1p1f1,gn,historical,2005-03,2005,3,12.502786500273027,12.975141814700955,-0.47235531442792755
NCAR,CESM2-FV2,r1i1p1f1,gn,historical,2005-04,2005,4,12.384557268443961,12.786552317116914,-0.4019950486729531
NCAR,CESM2-FV2,r1i1p1f1,gn,historical,2005-05,2005,5,11.52997502360465,11.856978087457001,-0.3270030638523522
NCAR,CESM2-FV2,r1i1p1f1,gn,historical,2005-06,2005,6,9.7623362663308,10.385082098663743,-0.6227458323329422
NCAR,CESM2-FV2,r1i1p1f1,gn,historical,2005-07,2005,7,7.568688148890556,8.431066340762834,-0.8623781918722786
NCAR,CESM2-FV2,r1i1p1f1,gn,historical,2005-08,2005,8,5.073194868661823,6.576964334348024,-1.5037694656862008
NCAR,CESM2-FV2,r1i1p1f1,gn,historical,2005-09,2005,9,4.049359893460951,6.165581662342112,-2.116221768881161
NCAR,CESM2-FV2,r1i1p1f1,gn,historical,2005-10,2005,10,6.629502199529448,8.155874857603987,-1.5263726580745391
NCAR,CESM2-FV2,r1i1p1f1,gn,historical,2005-11,2005,11,9.922063642687833,10.44197687393882,-0.5199132312509871
NCAR,CESM2-FV2,r1i1p1f1,gn,historical,2005-12,2005,12,11.149851630041239,11.995661520923939,-0.8458098908827001
NCAR,CESM2-FV2,r1i1p1f1,gn,historical,2006-01,2006,1,11.696816677044165,12.70496826938363,-1.0081515923394644
NCAR,CESM2-FV2,r1i1p1f1,gn,historical,2006-02,2006,2,12.403738186487944,12.93605048971176,-0.5323123032238168
NCAR,CESM2-FV2,r1i1p1f1,gn,historical,2006-03,2006,3,12.552573266411962,12.975141814700955,-0.42256854828899293
NCAR,CESM2-FV2,r1i1p1f1,gn,historical,2006-04,2006,4,12.319933141942458,12.786552317116914,-0.46661917517445595
NCAR,CESM2-FV2,r1i1p1f1,gn,historical,2006-05,2006,5,11.04455023105218,11.856978087457001,-0.8124278564048222
NCAR,CESM2-FV2,r1i1p1f1,gn,historical,2006-06,2006,6,9.156443184704129,10.385082098663743,-1.2286389139596139
NCAR,CESM2-FV2,r1i1p1f1,gn,historical,2006-07,2006,7,5.935665534410445,8.431066340762834,-2.4954008063523894
NCAR,CESM2-FV2,r1i1p1f1,gn,historical,2006-08,2006,8,3.3091660026323457,6.576964334348024,-3.2677983317156785
NCAR,CESM2-FV2,r1i1p1f1,gn,historical,2006-09,2006,9,2.865061215346129,6.165581662342112,-3.3005204469959835
NCAR,CESM2-FV2,r1i1p1f1,gn,historical,2006-10,2006,10,5.1435674488698035,8.155874857603987,-3.0123074087341832
NCAR,CESM2-FV2,r1i1p1f1,gn,historical,2006-11,2006,11,8.676070823983748,10.44197687393882,-1.7659060499550723
NCAR,CESM2-FV2,r1i1p1f1,gn,historical,2006-12,2006,12,11.018555179704348,11.995661520923939,-0.9771063412195904
NCAR,CESM2-FV2,r1i1p1f1,gn,historical,2007-01,2007,1,12.221614557352172,12.70496826938363,-0.48335371203145705
NCAR,CESM2-FV2,r1i1p1f1,gn,historical,2007-02,2007,2,12.481118180597266,12.93605048971176,-0.4549323091144952
NCAR,CESM2-FV2,r1i1p1f1,gn,historical,2007-03,2007,3,12.55688372506524,12.975141814700955,-0.41825808963571376
NCAR,CESM2-FV2,r1i1p1f1,gn,historical,2007-04,2007,4,12.057196976547282,12.786552317116914,-0.7293553405696329
NCAR,CESM2-FV2,r1i1p1f1,gn,historical,2007-05,2007,5,10.771108504579866,11.856978087457001,-1.0858695828771356
NCAR,CESM2-FV2,r1i1p1f1,gn,historical,2007-06,2007,6,9.171307852686668,10.385082098663743,-1.2137742459770742
NCAR,CESM2-FV2,r1i1p1f1,gn,historical,2007-07,2007,7,6.199650641894014,8.431066340762834,-2.2314156988688207
NCAR,CESM2-FV2,r1i1p1f1,gn,historical,2007-08,2007,8,3.0536874695023077,6.576964334348024,-3.5232768648457164
NCAR,CESM2-FV2,r1i1p1f1,gn,historical,2007-09,2007,9,2.733957937419736,6.165581662342112,-3.4316237249223764
NCAR,CESM2-FV2,r1i1p1f1,gn,historical,2007-10,2007,10,5.268757049925694,8.155874857603987,-2.887117807678293
NCAR,CESM2-FV2,r1i1p1f1,gn,historical,2007-11,2007,11,8.573005660318236,10.44197687393882,-1.8689712136205845
NCAR,CESM2-FV2,r1i1p1f1,gn,historical,2007-12,2007,12,10.881662132440082,11.995661520923939,-1.1139993884838564
NCAR,CESM2-FV2,r1i1p1f1,gn,historical,2008-01,2008,1,11.920242423764016,12.70496826938363,-0.7847258456196133
NCAR,CESM2-FV2,r1i1p1f1,gn,historical,2008-02,2008,2,12.189230055731961,12.93605048971176,-0.7468204339797992
NCAR,CESM2-FV2,r1i1p1f1,gn,historical,2008-03,2008,3,12.223425365214524,12.975141814700955,-0.7517164494864303
NCAR,CESM2-FV2,r1i1p1f1,gn,historical,2008-04,2008,4,12.150848660214358,12.786552317116914,-0.6357036569025567
NCAR,CESM2-FV2,r1i1p1f1,gn,historical,2008-05,2008,5,11.03377692648074,11.856978087457001,-0.8232011609762608
NCAR,CESM2-FV2,r1i1p1f1,gn,historical,2008-06,2008,6,9.15372606955034,10.385082098663743,-1.2313560291134031
NCAR,CESM2-FV2,r1i1p1f1,gn,historical,2008-07,2008,7,6.726394039358899,8.431066340762834,-1.704672301403935
NCAR,CESM2-FV2,r1i1p1f1,gn,historical,2008-08,2008,8,3.7230556952687346,6.576964334348024,-2.8539086390792896
NCAR,CESM2-FV2,r1i1p1f1,gn,historical,2008-09,2008,9,2.728810176592322,6.165581662342112,-3.4367714857497904
NCAR,CESM2-FV2,r1i1p1f1,gn,historical,2008-10,2008,10,4.976258843551878,8.155874857603987,-3.179616014052109
NCAR,CESM2-FV2,r1i1p1f1,gn,historical,2008-11,2008,11,8.650732834573333,10.44197687393882,-1.7912440393654876
NCAR,CESM2-FV2,r1i1p1f1,gn,historical,2008-12,2008,12,10.935512409756594,11.995661520923939,-1.0601491111673447
NCAR,CESM2-FV2,r1i1p1f1,gn,historical,2009-01,2009,1,11.94474814471595,12.70496826938363,-0.7602201246676792
NCAR,CESM2-FV2,r1i1p1f1,gn,historical,2009-02,2009,2,12.325933294742935,12.93605048971176,-0.6101171949688258
NCAR,CESM2-FV2,r1i1p1f1,gn,historical,2009-03,2009,3,12.367862324123028,12.975141814700955,-0.6072794905779269
NCAR,CESM2-FV2,r1i1p1f1,gn,historical,2009-04,2009,4,12.132717960592219,12.786552317116914,-0.6538343565246958
NCAR,CESM2-FV2,r1i1p1f1,gn,historical,2009-05,2009,5,10.889771365248988,11.856978087457001,-0.9672067222080134
NCAR,CESM2-FV2,r1i1p1f1,gn,historical,2009-06,2009,6,8.970171725774993,10.385082098663743,-1.41491037288875
NCAR,CESM2-FV2,r1i1p1f1,gn,historical,2009-07,2009,7,5.719884526322553,8.431066340762834,-2.7111818144402813
NCAR,CESM2-FV2,r1i1p1f1,gn,historical,2009-08,2009,8,2.0941715445189995,6.576964334348024,-4.482792789829025
NCAR,CESM2-FV2,r1i1p1f1,gn,historical,2009-09,2009,9,1.20276657825885,6.165581662342112,-4.962815084083262
NCAR,CESM2-FV2,r1i1p1f1,gn,historical,2009-10,2009,10,4.206320988975523,8.155874857603987,-3.949553868628464
NCAR,CESM2-FV2,r1i1p1f1,gn,historical,2009-11,2009,11,7.757059619253736,10.44197687393882,-2.684917254685084
NCAR,CESM2-FV2,r1i1p1f1,gn,historical,2009-12,2009,12,10.23881891216914,11.995661520923939,-1.7568426087547984
NCAR,CESM2-FV2,r1i1p1f1,gn,historical,2010-01,2010,1,11.760035524853226,12.70496826938363,-0.9449327445304032
NCAR,CESM2-FV2,r1i1p1f1,gn,historical,2010-02,2010,2,12.076122399475274,12.93605048971176,-0.8599280902364868
NCAR,CESM2-FV2,r1i1p1f1,gn,historical,2010-03,2010,3,12.237744396616398,12.975141814700955,-0.7373974180845568
NCAR,CESM2-FV2,r1i1p1f1,gn,historical,2010-04,2010,4,12.085961868894335,12.786552317116914,-0.7005904482225791
NCAR,CESM2-FV2,r1i1p1f1,gn,historical,2010-05,2010,5,11.240952017973953,11.856978087457001,-0.6160260694830484
NCAR,CESM2-FV2,r1i1p1f1,gn,historical,2010-06,2010,6,9.510638059816676,10.385082098663743,-0.8744440388470665
NCAR,CESM2-FV2,r1i1p1f1,gn,historical,2010-07,2010,7,6.684999002191864,8.431066340762834,-1.7460673385709704
NCAR,CESM2-FV2,r1i1p1f1,gn,historical,2010-08,2010,8,3.81310478714804,6.576964334348024,-2.763859547199984
NCAR,CESM2-FV2,r1i1p1f1,gn,historical,2010-09,2010,9,3.0296190854597227,6.165581662342112,-3.1359625768823896
NCAR,CESM2-FV2,r1i1p1f1,gn,historical,2010-10,2010,10,6.145968935398046,8.155874857603987,-2.0099059222059408
NCAR,CESM2-FV2,r1i1p1f1,gn,historical,2010-11,2010,11,8.82813787896598,10.44197687393882,-1.6138389949728396
NCAR,CESM2-FV2,r1i1p1f1,gn,historical,2010-12,2010,12,10.628977490158231,11.995661520923939,-1.3666840307657075
NCAR,CESM2-FV2,r1i1p1f1,gn,historical,2011-01,2011,1,11.475585244006611,12.70496826938363,-1.2293830253770182
NCAR,CESM2-FV2,r1i1p1f1,gn,historical,2011-02,2011,2,12.010368979631602,12.93605048971176,-0.9256815100801585
NCAR,CESM2-FV2,r1i1p1f1,gn,historical,2011-03,2011,3,12.23613176978286,12.975141814700955,-0.7390100449180945
NCAR,CESM2-FV2,r1i1p1f1,gn,historical,2011-04,2011,4,12.01942258631998,12.786552317116914,-0.7671297307969347
NCAR,CESM2-FV2,r1i1p1f1,gn,historical,2011-05,2011,5,10.91931148390969,11.856978087457001,-0.9376666035473118
NCAR,CESM2-FV2,r1i1p1f1,gn,historical,2011-06,2011,6,9.235007865026828,10.385082098663743,-1.1500742336369143
NCAR,CESM2-FV2,r1i1p1f1,gn,historical,2011-07,2011,7,6.847718657114649,8.431066340762834,-1.583347683648185
NCAR,CESM2-FV2,r1i1p1f1,gn,historical,2011-08,2011,8,4.027034239640416,6.576964334348024,-2.549930094707608
NCAR,CESM2-FV2,r1i1p1f1,gn,historical,2011-09,2011,9,3.1238270091381004,6.165581662342112,-3.041754653204012
NCAR,CESM2-FV2,r1i1p1f1,gn,historical,2011-10,2011,10,5.480685079210657,8.155874857603987,-2.67518977839333
NCAR,CESM2-FV2,r1i1p1f1,gn,historical,2011-11,2011,11,8.574709806433983,10.44197687393882,-1.8672670675048373
NCAR,CESM2-FV2,r1i1p1f1,gn,historical,2011-12,2011,12,11.087406637975688,11.995661520923939,-0.9082548829482509
NCAR,CESM2-FV2,r1i1p1f1,gn,historical,2012-01,2012,1,12.125763159910987,12.70496826938363,-0.5792051094726425
NCAR,CESM2-FV2,r1i1p1f1,gn,historical,2012-02,2012,2,12.322047679441585,12.93605048971176,-0.6140028102701756
NCAR,CESM2-FV2,r1i1p1f1,gn,historical,2012-03,2012,3,12.472077095080286,12.975141814700955,-0.503064719620669
NCAR,CESM2-FV2,r1i1p1f1,gn,historical,2012-04,2012,4,12.035041569051188,12.786552317116914,-0.7515107480657264
NCAR,CESM2-FV2,r1i1p1f1,gn,historical,2012-05,2012,5,10.840278264828559,11.856978087457001,-1.0166998226284427
NCAR,CESM2-FV2,r1i1p1f1,gn,historical,2012-06,2012,6,9.249544500341505,10.385082098663743,-1.1355375983222373
NCAR,CESM2-FV2,r1i1p1f1,gn,historical,2012-07,2012,7,6.4760084574705585,8.431066340762834,-1.9550578832922758
NCAR,CESM2-FV2,r1i1p1f1,gn,historical,2012-08,2012,8,3.2490207146094168,6.576964334348024,-3.3279436197386074
NCAR,CESM2-FV2,r1i1p1f1,gn,historical,2012-09,2012,9,2.6567964753567654,6.165581662342112,-3.508785186985347
NCAR,CESM2-FV2,r1i1p1f1,gn,historical,2012-10,2012,10,5.560316893237324,8.155874857603987,-2.5955579643666624
NCAR,CESM2-FV2,r1i1p1f1,gn,historical,2012-11,2012,11,8.48268163090882,10.44197687393882,-1.9592952430300006
NCAR,CESM2-FV2,r1i1p1f1,gn,historical,2012-12,2012,12,10.940552468649203,11.995661520923939,-1.0551090522747355
NCAR,CESM2-FV2,r1i1p1f1,gn,historical,2013-01,2013,1,12.298986323071265,12.70496826938363,-0.4059819463123642
NCAR,CESM2-FV2,r1i1p1f1,gn,historical,2013-02,2013,2,12.705710688728686,12.93605048971176,-0.23033980098307438
NCAR,CESM2-FV2,r1i1p1f1,gn,historical,2013-03,2013,3,12.763035832262629,12.975141814700955,-0.21210598243832557
NCAR,CESM2-FV2,r1i1p1f1,gn,historical,2013-04,2013,4,12.562122928704051,12.786552317116914,-0.22442938841286342
NCAR,CESM2-FV2,r1i1p1f1,gn,historical,2013-05,2013,5,11.329247834861397,11.856978087457001,-0.5277302525956049
NCAR,CESM2-FV2,r1i1p1f1,gn,historical,2013-06,2013,6,9.533939640453161,10.385082098663743,-0.8511424582105818
NCAR,CESM2-FV2,r1i1p1f1,gn,historical,2013-07,2013,7,7.199712322623869,8.431066340762834,-1.2313540181389655
NCAR,CESM2-FV2,r1i1p1f1,gn,historical,2013-08,2013,8,3.9146577830528155,6.576964334348024,-2.6623065512952087
NCAR,CESM2-FV2,r1i1p1f1,gn,historical,2013-09,2013,9,2.795621224942847,6.165581662342112,-3.369960437399265
NCAR,CESM2-FV2,r1i1p1f1,gn,historical,2013-10,2013,10,5.8403503284372675,8.155874857603987,-2.3155245291667192
NCAR,CESM2-FV2,r1i1p1f1,gn,historical,2013-11,2013,11,8.939909110426854,10.44197687393882,-1.5020677635119668
NCAR,CESM2-FV2,r1i1p1f1,gn,historical,2013-12,2013,12,11.402946817605658,11.995661520923939,-0.5927147033182809
NCAR,CESM2-FV2,r1i1p1f1,gn,historical,2014-01,2014,1,12.433787515999098,12.70496826938363,-0.27118075338453096
NCAR,CESM2-FV2,r1i1p1f1,gn,historical,2014-02,2014,2,12.825785174982304,12.93605048971176,-0.11026531472945678
NCAR,CESM2-FV2,r1i1p1f1,gn,historical,2014-03,2014,3,12.885817747421102,12.975141814700955,-0.08932406727985231
NCAR,CESM2-FV2,r1i1p1f1,gn,historical,2014-04,2014,4,12.562907188946285,12.786552317116914,-0.2236451281706291
NCAR,CESM2-FV2,r1i1p1f1,gn,historical,2014-05,2014,5,11.283165200975535,11.856978087457001,-0.5738128864814662
NCAR,CESM2-FV2,r1i1p1f1,gn,historical,2014-06,2014,6,9.347639384390938,10.385082098663743,-1.0374427142728049
NCAR,CESM2-FV2,r1i1p1f1,gn,historical,2014-07,2014,7,6.898859938955231,8.431066340762834,-1.5322064018076036
NCAR,CESM2-FV2,r1i1p1f1,gn,historical,2014-08,2014,8,4.336453222136329,6.576964334348024,-2.2405111122116947
NCAR,CESM2-FV2,r1i1p1f1,gn,historical,2014-09,2014,9,3.367021813224464,6.165581662342112,-2.798559849117648
NCAR,CESM2-FV2,r1i1p1f1,gn,historical,2014-10,2014,10,5.21382153931389,8.155874857603987,-2.942053318290097
NCAR,CESM2-FV2,r1i1p1f1,gn,historical,2014-11,2014,11,8.558484616224671,10.44197687393882,-1.883492257714149
NCAR,CESM2-FV2,r1i1p1f1,gn,historical,2014-12,2014,12,10.952115336417622,11.995661520923939,-1.043546184506317
