institution,source,member,siconc_grid,experiment,time,year,month,sia_Mkm2,pi_clim_sia_Mkm2,sia_anom_Mkm2
E3SM-Project,E3SM-1-1-ECA,r1i1p1f1,gr,historical,1850-01,1850,1,12.866804545156269,12.71073050495603,0.15607404020023807
E3SM-Project,E3SM-1-1-ECA,r1i1p1f1,gr,historical,1850-02,1850,2,12.927170285863935,13.080339320867374,-0.15316903500343848
E3SM-Project,E3SM-1-1-ECA,r1i1p1f1,gr,historical,1850-03,1850,3,12.859427089859254,13.194749281081773,-0.3353221912225184
E3SM-Project,E3SM-1-1-ECA,r1i1p1f1,gr,historical,1850-04,1850,4,12.811857209629057,12.935942411086883,-0.12408520145782553
E3SM-Project,E3SM-1-1-ECA,r1i1p1f1,gr,historical,1850-05,1850,5,11.377090840549965,11.649231664066448,-0.2721408235164837
E3SM-Project,E3SM-1-1-ECA,r1i1p1f1,gr,historical,1850-06,1850,6,9.484103535822145,9.959573801413983,-0.4754702655918379
E3SM-Project,E3SM-1-1-ECA,r1i1p1f1,gr,historical,1850-07,1850,7,7.917863126348247,8.3000876816458,-0.3822245552975536
E3SM-Project,E3SM-1-1-ECA,r1i1p1f1,gr,historical,1850-08,1850,8,6.435632723760974,6.692120761098942,-0.2564880373379683
E3SM-Project,E3SM-1-1-ECA,r1i1p1f1,gr,historical,1850-09,1850,9,5.829659880112828,6.03406357736994,-0.20440369725711172
E3SM-Project,E3SM-1-1-ECA,r1i1p1f1,gr,historical,1850-10,1850,10,7.8544235905814315,7.886854726076276,-0.032431135494844554
E3SM-Project,E3SM-1-1-ECA,r1i1p1f1,gr,historical,1850-11,1850,11,10.076489345607284,10.153988238532676,-0.07749889292539258
E3SM-Project,E3SM-1-1-ECA,r1i1p1f1,gr,historical,1850-12,1850,12,11.865143107441412,11.811870982691465,0.053272124749947025
E3SM-Project,E3SM-1-1-ECA,r1i1p1f1,gr,historical,1851-01,1851,1,12.74589620755079,12.71073050495603,0.035165702594758486
E3SM-Project,E3SM-1-1-ECA,r1i1p1f1,gr,historical,1851-02,1851,2,12.968660076837523,13.080339320867374,-0.11167924402985108
E3SM-Project,E3SM-1-1-ECA,r1i1p1f1,gr,historical,1851-03,1851,3,13.056208436185154,13.194749281081773,-0.13854084489661922
E3SM-Project,E3SM-1-1-ECA,r1i1p1f1,gr,historical,1851-04,1851,4,12.992644010562422,12.935942411086883,0.056701599475539766
E3SM-Project,E3SM-1-1-ECA,r1i1p1f1,gr,historical,1851-05,1851,5,11.707129086531049,11.649231664066448,0.05789742246460072
E3SM-Project,E3SM-1-1-ECA,r1i1p1f1,gr,historical,1851-06,1851,6,10.078368595517805,9.959573801413983,0.1187947941038221
E3SM-Project,E3SM-1-1-ECA,r1i1p1f1,gr,historical,1851-07,1851,7,8.317843831939102,8.3000876816458,0.017756150293301687
E3SM-Project,E3SM-1-1-ECA,r1i1p1f1,gr,historical,1851-08,1851,8,6.590657545436361,6.692120761098942,-0.10146321566258099
E3SM-Project,E3SM-1-1-ECA,r1i1p1f1,gr,historical,1851-09,1851,9,5.8603346763236015,6.03406357736994,-0.17372890104633854
E3SM-Project,E3SM-1-1-ECA,r1i1p1f1,gr,historical,1851-10,1851,10,7.768611168405344,7.886854726076276,-0.1182435576709322
E3SM-Project,E3SM-1-1-ECA,r1i1p1f1,gr,historical,1851-11,1851,11,10.03138780544606,10.153988238532676,-0.12260043308661572
E3SM-Project,E3SM-1-1-ECA,r1i1p1f1,gr,historical,1851-12,1851,12,11.687506818884579,11.811870982691465,-0.1243641638068862
E3SM-Project,E3SM-1-1-ECA,r1i1p1f1,gr,historical,1852-01,1852,1,12.528857986878966,12.71073050495603,-0.18187251807706417
E3SM-Project,E3SM-1-1-ECA,r1i1p1f1,gr,historical,1852-02,1852,2,12.944229378110084,13.080339320867374,-0.13610994275729027
E3SM-Project,E3SM-1-1-ECA,r1i1p1f1,gr,historical,1852-03,1852,3,13.126286355722312,13.194749281081773,-0.06846292535946041
E3SM-Project,E3SM-1-1-ECA,r1i1p1f1,gr,historical,1852-04,1852,4,12.846368655890172,12.935942411086883,-0.08957375519671018
E3SM-Project,E3SM-1-1-ECA,r1i1p1f1,gr,historical,1852-05,1852,5,11.312939753201261,11.649231664066448,-0.33629191086518695
E3SM-Project,E3SM-1-1-ECA,r1i1p1f1,gr,historical,1852-06,1852,6,9.700071482673852,9.959573801413983,-0.25950231874013063
E3SM-Project,E3SM-1-1-ECA,r1i1p1f1,gr,historical,1852-07,1852,7,8.139318207101061,8.3000876816458,-0.16076947454473967
E3SM-Project,E3SM-1-1-ECA,r1i1p1f1,gr,historical,1852-08,1852,8,6.527325427821486,6.692120761098942,-0.1647953332774561
E3SM-Project,E3SM-1-1-ECA,r1i1p1f1,gr,historical,1852-09,1852,9,6.1334471186385855,6.03406357736994,0.09938354126864546
E3SM-Project,E3SM-1-1-ECA,r1i1p1f1,gr,historical,1852-10,1852,10,7.895181605055585,7.886854726076276,0.008326878979309171
E3SM-Project,E3SM-1-1-ECA,r1i1p1f1,gr,historical,1852-11,1852,11,10.043685092279757,10.153988238532676,-0.11030314625291915
E3SM-Project,E3SM-1-1-ECA,r1i1p1f1,gr,historical,1852-12,1852,12,11.854614563313637,11.811870982691465,0.04274358062217232
E3SM-Project,E3SM-1-1-ECA,r1i1p1f1,gr,historical,1853-01,1853,1,12.635086387948602,12.71073050495603,-0.07564411700742824
E3SM-Project,E3SM-1-1-ECA,r1i1p1f1,gr,historical,1853-02,1853,2,12.967460766960743,13.080339320867374,-0.11287855390663104
E3SM-Project,E3SM-1-1-ECA,r1i1p1f1,gr,historical,1853-03,1853,3,13.133461595746969,13.194749281081773,-0.06128768533480411
E3SM-Project,E3SM-1-1-ECA,r1i1p1f1,gr,historical,1853-04,1853,4,13.070477436970691,12.935942411086883,0.1345350258838085
E3SM-Project,E3SM-1-1-ECA,r1i1p1f1,gr,historical,1853-05,1853,5,11.810032415768788,11.649231664066448,0.16080075170233954
E3SM-Project,E3SM-1-1-ECA,r1i1p1f1,gr,historical,1853-06,1853,6,10.45383099080839,9.959573801413983,0.494257189394407
E3SM-Project,E3SM-1-1-ECA,r1i1p1f1,gr,historical,1853-07,1853,7,8.765059204639542,8.3000876816458,0.464971522993741
E3SM-Project,E3SM-1-1-ECA,r1i1p1f1,gr,historical,1853-08,1853,8,7.028516186426456,6.692120761098942,0.3363954253275141
E3SM-Project,E3SM-1-1-ECA,r1i1p1f1,gr,historical,1853-09,1853,9,6.137628540358799,6.03406357736994,0.10356496298885887
E3SM-Project,E3SM-1-1-ECA,r1i1p1f1,gr,historical,1853-10,1853,10,7.825970834503344,7.886854726076276,-0.06088389157293239
E3SM-Project,E3SM-1-1-ECA,r1i1p1f1,gr,historical,1853-11,1853,11,9.970397728687967,10.153988238532676,-0.18359050984470926
E3SM-Project,E3SM-1-1-ECA,r1i1p1f1,gr,historical,1853-12,1853,12,11.665217735673178,11.811870982691465,-0.1466532470182873
E3SM-Project,E3SM-1-1-ECA,r1i1p1f1,gr,historical,1854-01,1854,1,12.638370546240436,12.71073050495603,-0.07235995871559453
E3SM-Project,E3SM-1-1-ECA,r1i1p1f1,gr,historical,1854-02,1854,2,12.989774997500092,13.080339320867374,-0.09056432336728193
E3SM-Project,E3SM-1-1-ECA,r1i1p1f1,gr,historical,1854-03,1854,3,13.22116845516916,13.194749281081773,0.02641917408738692
E3SM-Project,E3SM-1-1-ECA,r1i1p1f1,gr,historical,1854-04,1854,4,12.80892642266142,12.935942411086883,-0.12701598842546247
E3SM-Project,E3SM-1-1-ECA,r1i1p1f1,gr,historical,1854-05,1854,5,11.502027985547729,11.649231664066448,-0.14720367851871963
E3SM-Project,E3SM-1-1-ECA,r1i1p1f1,gr,historical,1854-06,1854,6,9.727910174490043,9.959573801413983,-0.2316636269239396
E3SM-Project,E3SM-1-1-ECA,r1i1p1f1,gr,historical,1854-07,1854,7,7.8554707296902455,8.3000876816458,-0.4446169519555552
E3SM-Project,E3SM-1-1-ECA,r1i1p1f1,gr,historical,1854-08,1854,8,6.14389880881994,6.692120761098942,-0.5482219522790022
E3SM-Project,E3SM-1-1-ECA,r1i1p1f1,gr,historical,1854-09,1854,9,5.5014167041446305,6.03406357736994,-0.5326468732253096
E3SM-Project,E3SM-1-1-ECA,r1i1p1f1,gr,historical,1854-10,1854,10,7.49969025696881,7.886854726076276,-0.38716446910746605
E3SM-Project,E3SM-1-1-ECA,r1i1p1f1,gr,historical,1854-11,1854,11,10.181527812645621,10.153988238532676,0.02753957411294472
E3SM-Project,E3SM-1-1-ECA,r1i1p1f1,gr,historical,1854-12,1854,12,11.718729807272805,11.811870982691465,-0.09314117541866018
E3SM-Project,E3SM-1-1-ECA,r1i1p1f1,gr,historical,1855-01,1855,1,12.496580333163964,12.71073050495603,-0.21415017179206686
E3SM-Project,E3SM-1-1-ECA,r1i1p1f1,gr,historical,1855-02,1855,2,12.933318824713552,13.080339320867374,-0.1470204961538215
E3SM-Project,E3SM-1-1-ECA,r1i1p1f1,gr,historical,1855-03,1855,3,13.09187599415779,13.194749281081773,-0.10287328692398212
E3SM-Project,E3SM-1-1-ECA,r1i1p1f1,gr,historical,1855-04,1855,4,12.692585772383289,12.935942411086883,-0.24335663870359348
E3SM-Project,E3SM-1-1-ECA,r1i1p1f1,gr,historical,1855-05,1855,5,11.361134577569162,11.649231664066448,-0.28809708649728627
E3SM-Project,E3SM-1-1-ECA,r1i1p1f1,gr,historical,1855-06,1855,6,9.770536950603498,9.959573801413983,-0.18903685081048494
E3SM-Project,E3SM-1-1-ECA,r1i1p1f1,gr,historical,1855-07,1855,7,8.287890925759681,8.3000876816458,-0.012196755886119348
E3SM-Project,E3SM-1-1-ECA,r1i1p1f1,gr,historical,1855-08,1855,8,6.720197896929599,6.692120761098942,0.02807713583065663
E3SM-Project,E3SM-1-1-ECA,r1i1p1f1,gr,historical,1855-09,1855,9,5.828658263214131,6.03406357736994,-0.20540531415580876
E3SM-Project,E3SM-1-1-ECA,r1i1p1f1,gr,historical,1855-10,1855,10,7.191193537081414,7.886854726076276,-0.6956611889948618
E3SM-Project,E3SM-1-1-ECA,r1i1p1f1,gr,historical,1855-11,1855,11,9.956564009394642,10.153988238532676,-0.1974242291380346
E3SM-Project,E3SM-1-1-ECA,r1i1p1f1,gr,historical,1855-12,1855,12,11.414980798451818,11.811870982691465,-0.3968901842396466
E3SM-Project,E3SM-1-1-ECA,r1i1p1f1,gr,historical,1856-01,1856,1,12.12790994521712,12.71073050495603,-0.5828205597389111
E3SM-Project,E3SM-1-1-ECA,r1i1p1f1,gr,historical,1856-02,1856,2,12.557440422531645,13.080339320867374,-0.522898898335729
E3SM-Project,E3SM-1-1-ECA,r1i1p1f1,gr,historical,1856-03,1856,3,12.750975969410069,13.194749281081773,-0.44377331167170375
E3SM-Project,E3SM-1-1-ECA,r1i1p1f1,gr,historical,1856-04,1856,4,12.567350632552767,12.935942411086883,-0.36859177853411573
E3SM-Project,E3SM-1-1-ECA,r1i1p1f1,gr,historical,1856-05,1856,5,11.280307725731692,11.649231664066448,-0.36892393833475623
E3SM-Project,E3SM-1-1-ECA,r1i1p1f1,gr,historical,1856-06,1856,6,9.767720967196844,9.959573801413983,-0.19185283421713883
E3SM-Project,E3SM-1-1-ECA,r1i1p1f1,gr,historical,1856-07,1856,7,7.996793261661386,8.3000876816458,-0.30329441998441453
E3SM-Project,E3SM-1-1-ECA,r1i1p1f1,gr,historical,1856-08,1856,8,6.2047125266064835,6.692120761098942,-0.4874082344924586
E3SM-Project,E3SM-1-1-ECA,r1i1p1f1,gr,historical,1856-09,1856,9,5.6956862751401,6.03406357736994,-0.33837730222983975
E3SM-Project,E3SM-1-1-ECA,r1i1p1f1,gr,historical,1856-10,1856,10,7.697303787604643,7.886854726076276,-0.1895509384716334
E3SM-Project,E3SM-1-1-ECA,r1i1p1f1,gr,historical,1856-11,1856,11,9.816957650559775,10.153988238532676,-0.337030587972901
E3SM-Project,E3SM-1-1-ECA,r1i1p1f1,gr,historical,1856-12,1856,12,11.634868683202185,11.811870982691465,-0.17700229948927948
E3SM-Project,E3SM-1-1-ECA,r1i1p1f1,gr,historical,1857-01,1857,1,12.787850297236636,12.71073050495603,0.07711979228060528
E3SM-Project,E3SM-1-1-ECA,r1i1p1f1,gr,historical,1857-02,1857,2,13.318209756870154,13.080339320867374,0.23787043600277968
E3SM-Project,E3SM-1-1-ECA,r1i1p1f1,gr,historical,1857-03,1857,3,13.137440850186277,13.194749281081773,-0.05730843089549609
E3SM-Project,E3SM-1-1-ECA,r1i1p1f1,gr,historical,1857-04,1857,4,12.847987417897127,12.935942411086883,-0.08795499318975608
E3SM-Project,E3SM-1-1-ECA,r1i1p1f1,gr,historical,1857-05,1857,5,11.633459976314105,11.649231664066448,-0.015771687752343055
E3SM-Project,E3SM-1-1-ECA,r1i1p1f1,gr,historical,1857-06,1857,6,10.06276022787069,9.959573801413983,0.10318642645670728
E3SM-Project,E3SM-1-1-ECA,r1i1p1f1,gr,historical,1857-07,1857,7,8.325945957732293,8.3000876816458,0.025858276086491827
E3SM-Project,E3SM-1-1-ECA,r1i1p1f1,gr,historical,1857-08,1857,8,6.57605455595066,6.692120761098942,-0.11606620514828236
E3SM-Project,E3SM-1-1-ECA,r1i1p1f1,gr,historical,1857-09,1857,9,5.78875282070729,6.03406357736994,-0.2453107566626498
E3SM-Project,E3SM-1-1-ECA,r1i1p1f1,gr,historical,1857-10,1857,10,7.9408005521013205,7.886854726076276,0.0539458260250445
E3SM-Project,E3SM-1-1-ECA,r1i1p1f1,gr,historical,1857-11,1857,11,10.024487992501761,10.153988238532676,-0.12950024603091492
E3SM-Project,E3SM-1-1-ECA,r1i1p1f1,gr,historical,1857-12,1857,12,12.16830409371294,11.811870982691465,0.35643311102147557
E3SM-Project,E3SM-1-1-ECA,r1i1p1f1,gr,historical,1858-01,1858,1,13.020776801094824,12.71073050495603,0.3100462961387933
E3SM-Project,E3SM-1-1-ECA,r1i1p1f1,gr,historical,1858-02,1858,2,13.318875474957505,13.080339320867374,0.23853615409013074
E3SM-Project,E3SM-1-1-ECA,r1i1p1f1,gr,historical,1858-03,1858,3,13.43126493783543,13.194749281081773,0.2365156567536566
E3SM-Project,E3SM-1-1-ECA,r1i1p1f1,gr,historical,1858-04,1858,4,13.188383179694604,12.935942411086883,0.25244076860772147
E3SM-Project,E3SM-1-1-ECA,r1i1p1f1,gr,historical,1858-05,1858,5,11.839903449583133,11.649231664066448,0.19067178551668462
E3SM-Project,E3SM-1-1-ECA,r1i1p1f1,gr,historical,1858-06,1858,6,10.231305330754585,9.959573801413983,0.2717315293406024
E3SM-Project,E3SM-1-1-ECA,r1i1p1f1,gr,historical,1858-07,1858,7,8.736408431241298,8.3000876816458,0.43632074959549705
E3SM-Project,E3SM-1-1-ECA,r1i1p1f1,gr,historical,1858-08,1858,8,7.1277694221365255,6.692120761098942,0.4356486610375834
E3SM-Project,E3SM-1-1-ECA,r1i1p1f1,gr,historical,1858-09,1858,9,6.486913465675691,6.03406357736994,0.45284988830575124
E3SM-Project,E3SM-1-1-ECA,r1i1p1f1,gr,historical,1858-10,1858,10,8.257851108513181,7.886854726076276,0.37099638243690514
E3SM-Project,E3SM-1-1-ECA,r1i1p1f1,gr,historical,1858-11,1858,11,10.491485392244748,10.153988238532676,0.33749715371207145
E3SM-Project,E3SM-1-1-ECA,r1i1p1f1,gr,historical,1858-12,1858,12,12.204162521814794,11.811870982691465,0.39229153912332926
E3SM-Project,E3SM-1-1-ECA,r1i1p1f1,gr,historical,1859-01,1859,1,13.187235572624775,12.71073050495603,0.4765050676687448
E3SM-Project,E3SM-1-1-ECA,r1i1p1f1,gr,historical,1859-02,1859,2,13.813849060873004,13.080339320867374,0.7335097400056299
E3SM-Project,E3SM-1-1-ECA,r1i1p1f1,gr,historical,1859-03,1859,3,14.066822243929172,13.194749281081773,0.8720729628473993
E3SM-Project,E3SM-1-1-ECA,r1i1p1f1,gr,historical,1859-04,1859,4,13.687804102687632,12.935942411086883,0.7518616916007499
E3SM-Project,E3SM-1-1-ECA,r1i1p1f1,gr,historical,1859-05,1859,5,12.11300987626901,11.649231664066448,0.4637782122025609
E3SM-Project,E3SM-1-1-ECA,r1i1p1f1,gr,historical,1859-06,1859,6,10.130882879604362,9.959573801413983,0.17130907819037944
E3SM-Project,E3SM-1-1-ECA,r1i1p1f1,gr,historical,1859-07,1859,7,8.431115879759142,8.3000876816458,0.13102819811334143
E3SM-Project,E3SM-1-1-ECA,r1i1p1f1,gr,historical,1859-08,1859,8,6.851453358368063,6.692120761098942,0.1593325972691204
E3SM-Project,E3SM-1-1-ECA,r1i1p1f1,gr,historical,1859-09,1859,9,6.097617611348795,6.03406357736994,0.06355403397885517
E3SM-Project,E3SM-1-1-ECA,r1i1p1f1,gr,historical,1859-10,1859,10,7.7830458259340665,7.886854726076276,-0.10380890014220956
E3SM-Project,E3SM-1-1-ECA,r1i1p1f1,gr,historical,1859-11,1859,11,10.431388603331882,10.153988238532676,0.27740036479920605
E3SM-Project,E3SM-1-1-ECA,r1i1p1f1,gr,historical,1859-12,1859,12,12.179880769260192,11.811870982691465,0.3680097865687273
E3SM-Project,E3SM-1-1-ECA,r1i1p1f1,gr,historical,1860-01,1860,1,13.11766649859115,12.71073050495603,0.4069359936351198
E3SM-Project,E3SM-1-1-ECA,r1i1p1f1,gr,historical,1860-02,1860,2,13.723716348403808,13.080339320867374,0.6433770275364346
E3SM-Project,E3SM-1-1-ECA,r1i1p1f1,gr,historical,1860-03,1860,3,14.001366147291495,13.194749281081773,0.8066168662097226
E3SM-Project,E3SM-1-1-ECA,r1i1p1f1,gr,historical,1860-04,1860,4,13.835430726656869,12.935942411086883,0.899488315569986
E3SM-Project,E3SM-1-1-ECA,r1i1p1f1,gr,historical,1860-05,1860,5,12.452506518877277,11.649231664066448,0.8032748548108284
E3SM-Project,E3SM-1-1-ECA,r1i1p1f1,gr,historical,1860-06,1860,6,10.399707942657736,9.959573801413983,0.44013414124375316
E3SM-Project,E3SM-1-1-ECA,r1i1p1f1,gr,historical,1860-07,1860,7,8.6245645836409,8.3000876816458,0.3244769019950997
E3SM-Project,E3SM-1-1-ECA,r1i1p1f1,gr,historical,1860-08,1860,8,7.006397204955602,6.692120761098942,0.3142764438566594
E3SM-Project,E3SM-1-1-ECA,r1i1p1f1,gr,historical,1860-09,1860,9,6.540191610114119,6.03406357736994,0.5061280327441793
E3SM-Project,E3SM-1-1-ECA,r1i1p1f1,gr,historical,1860-10,1860,10,8.259499003059654,7.886854726076276,0.37264427698337776
E3SM-Project,E3SM-1-1-ECA,r1i1p1f1,gr,historical,1860-11,1860,11,10.332807795698416,10.153988238532676,0.17881955716574005
E3SM-Project,E3SM-1-1-ECA,r1i1p1f1,gr,historical,1860-12,1860,12,11.997384664977583,11.811870982691465,0.18551368228611764
E3SM-Project,E3SM-1-1-ECA,r1i1p1f1,gr,historical,1861-01,1861,1,12.899189061675933,12.71073050495603,0.18845855671990286
E3SM-Project,E3SM-1-1-ECA,r1i1p1f1,gr,historical,1861-02,1861,2,13.316344521085892,13.080339320867374,0.23600520021851779
E3SM-Project,E3SM-1-1-ECA,r1i1p1f1,gr,historical,1861-03,1861,3,13.092554785224413,13.194749281081773,-0.10219449585735951
E3SM-Project,E3SM-1-1-ECA,r1i1p1f1,gr,historical,1861-04,1861,4,12.877176717885082,12.935942411086883,-0.05876569320180103
E3SM-Project,E3SM-1-1-ECA,r1i1p1f1,gr,historical,1861-05,1861,5,11.510941605283419,11.649231664066448,-0.13829005878302958
E3SM-Project,E3SM-1-1-ECA,r1i1p1f1,gr,historical,1861-06,1861,6,9.85462604858793,9.959573801413983,-0.10494775282605318
E3SM-Project,E3SM-1-1-ECA,r1i1p1f1,gr,historical,1861-07,1861,7,8.161284287111227,8.3000876816458,-0.13880339453457324
E3SM-Project,E3SM-1-1-ECA,r1i1p1f1,gr,historical,1861-08,1861,8,6.550518640389836,6.692120761098942,-0.1416021207091065
E3SM-Project,E3SM-1-1-ECA,r1i1p1f1,gr,historical,1861-09,1861,9,5.96784155755523,6.03406357736994,-0.06622201981470965
E3SM-Project,E3SM-1-1-ECA,r1i1p1f1,gr,historical,1861-10,1861,10,7.40950069458814,7.886854726076276,-0.4773540314881357
E3SM-Project,E3SM-1-1-ECA,r1i1p1f1,gr,historical,1861-11,1861,11,9.986355051993494,10.153988238532676,-0.1676331865391827
E3SM-Project,E3SM-1-1-ECA,r1i1p1f1,gr,historical,1861-12,1861,12,11.644586703682252,11.811870982691465,-0.1672842790092126
E3SM-Project,E3SM-1-1-ECA,r1i1p1f1,gr,historical,1862-01,1862,1,12.612615822826793,12.71073050495603,-0.09811468212923735
E3SM-Project,E3SM-1-1-ECA,r1i1p1f1,gr,historical,1862-02,1862,2,13.122842276982055,13.080339320867374,0.04250295611468147
E3SM-Project,E3SM-1-1-ECA,r1i1p1f1,gr,historical,1862-03,1862,3,12.958886445882264,13.194749281081773,-0.23586283519950868
E3SM-Project,E3SM-1-1-ECA,r1i1p1f1,gr,historical,1862-04,1862,4,12.594185860117914,12.935942411086883,-0.3417565509689684
E3SM-Project,E3SM-1-1-ECA,r1i1p1f1,gr,historical,1862-05,1862,5,11.51601544803759,11.649231664066448,-0.13321621602885791
E3SM-Project,E3SM-1-1-ECA,r1i1p1f1,gr,historical,1862-06,1862,6,9.832149902257303,9.959573801413983,-0.12742389915668006
E3SM-Project,E3SM-1-1-ECA,r1i1p1f1,gr,historical,1862-07,1862,7,8.296486732518487,8.3000876816458,-0.0036009491273141236
E3SM-Project,E3SM-1-1-ECA,r1i1p1f1,gr,historical,1862-08,1862,8,6.641929916540254,6.692120761098942,-0.0501908445586885
E3SM-Project,E3SM-1-1-ECA,r1i1p1f1,gr,historical,1862-09,1862,9,6.152286181935899,6.03406357736994,0.11822260456595934
E3SM-Project,E3SM-1-1-ECA,r1i1p1f1,gr,historical,1862-10,1862,10,8.410702691747272,7.886854726076276,0.5238479656709956
E3SM-Project,E3SM-1-1-ECA,r1i1p1f1,gr,historical,1862-11,1862,11,10.503679930457139,10.153988238532676,0.3496916919244626
E3SM-Project,E3SM-1-1-ECA,r1i1p1f1,gr,historical,1862-12,1862,12,12.029950228011156,11.811870982691465,0.21807924531969114
E3SM-Project,E3SM-1-1-ECA,r1i1p1f1,gr,historical,1863-01,1863,1,12.928535507133597,12.71073050495603,0.21780500217756682
E3SM-Project,E3SM-1-1-ECA,r1i1p1f1,gr,historical,1863-02,1863,2,13.276215091387435,13.080339320867374,0.1958757705200611
E3SM-Project,E3SM-1-1-ECA,r1i1p1f1,gr,historical,1863-03,1863,3,13.372919852220445,13.194749281081773,0.17817057113867207
E3SM-Project,E3SM-1-1-ECA,r1i1p1f1,gr,historical,1863-04,1863,4,13.085504220289309,12.935942411086883,0.14956180920242623
E3SM-Project,E3SM-1-1-ECA,r1i1p1f1,gr,historical,1863-05,1863,5,11.92718767714115,11.649231664066448,0.27795601307470186
E3SM-Project,E3SM-1-1-ECA,r1i1p1f1,gr,historical,1863-06,1863,6,10.203330667005842,9.959573801413983,0.24375686559185894
E3SM-Project,E3SM-1-1-ECA,r1i1p1f1,gr,historical,1863-07,1863,7,8.750841545830996,8.3000876816458,0.45075386418519514
E3SM-Project,E3SM-1-1-ECA,r1i1p1f1,gr,historical,1863-08,1863,8,7.283181873056887,6.692120761098942,0.591061111957945
E3SM-Project,E3SM-1-1-ECA,r1i1p1f1,gr,historical,1863-09,1863,9,6.651769879012839,6.03406357736994,0.6177063016428992
E3SM-Project,E3SM-1-1-ECA,r1i1p1f1,gr,historical,1863-10,1863,10,8.363691746994869,7.886854726076276,0.4768370209185928
E3SM-Project,E3SM-1-1-ECA,r1i1p1f1,gr,historical,1863-11,1863,11,10.399256983967936,10.153988238532676,0.24526874543525956
E3SM-Project,E3SM-1-1-ECA,r1i1p1f1,gr,historical,1863-12,1863,12,12.206749161978852,11.811870982691465,0.394878179287387
E3SM-Project,E3SM-1-1-ECA,r1i1p1f1,gr,historical,1864-01,1864,1,13.013920691499592,12.71073050495603,0.3031901865435618
E3SM-Project,E3SM-1-1-ECA,r1i1p1f1,gr,historical,1864-02,1864,2,13.252154571250918,13.080339320867374,0.17181525038354373
E3SM-Project,E3SM-1-1-ECA,r1i1p1f1,gr,historical,1864-03,1864,3,13.499734332218237,13.194749281081773,0.30498505113646424
E3SM-Project,E3SM-1-1-ECA,r1i1p1f1,gr,historical,1864-04,1864,4,13.337083762010147,12.935942411086883,0.40114135092326464
E3SM-Project,E3SM-1-1-ECA,r1i1p1f1,gr,historical,1864-05,1864,5,12.101838016592817,11.649231664066448,0.4526063525263684
E3SM-Project,E3SM-1-1-ECA,r1i1p1f1,gr,historical,1864-06,1864,6,10.601021007468391,9.959573801413983,0.6414472060544085
E3SM-Project,E3SM-1-1-ECA,r1i1p1f1,gr,historical,1864-07,1864,7,9.052387204526116,8.3000876816458,0.7522995228803158
E3SM-Project,E3SM-1-1-ECA,r1i1p1f1,gr,historical,1864-08,1864,8,7.384847042756687,6.692120761098942,0.6927262816577446
E3SM-Project,E3SM-1-1-ECA,r1i1p1f1,gr,historical,1864-09,1864,9,6.481143613695224,6.03406357736994,0.4470800363252838
E3SM-Project,E3SM-1-1-ECA,r1i1p1f1,gr,historical,1864-10,1864,10,8.111717511364409,7.886854726076276,0.22486278528813308
E3SM-Project,E3SM-1-1-ECA,r1i1p1f1,gr,historical,1864-11,1864,11,10.529795837814582,10.153988238532676,0.3758075992819059
E3SM-Project,E3SM-1-1-ECA,r1i1p1f1,gr,historical,1864-12,1864,12,11.996300892086856,11.811870982691465,0.18442990939539072
E3SM-Project,E3SM-1-1-ECA,r1i1p1f1,gr,historical,1865-01,1865,1,12.986827834285991,12.71073050495603,0.2760973293299607
E3SM-Project,E3SM-1-1-ECA,r1i1p1f1,gr,historical,1865-02,1865,2,13.414860971653363,13.080339320867374,0.33452165078598917
E3SM-Project,E3SM-1-1-ECA,r1i1p1f1,gr,historical,1865-03,1865,3,13.422783081690367,13.194749281081773,0.22803380060859446
E3SM-Project,E3SM-1-1-ECA,r1i1p1f1,gr,historical,1865-04,1865,4,13.129123158301907,12.935942411086883,0.19318074721502398
E3SM-Project,E3SM-1-1-ECA,r1i1p1f1,gr,historical,1865-05,1865,5,11.712609755886827,11.649231664066448,0.06337809182037901
E3SM-Project,E3SM-1-1-ECA,r1i1p1f1,gr,historical,1865-06,1865,6,9.927465554108219,9.959573801413983,-0.03210824730576434
E3SM-Project,E3SM-1-1-ECA,r1i1p1f1,gr,historical,1865-07,1865,7,8.384313675860776,8.3000876816458,0.08422599421497523
E3SM-Project,E3SM-1-1-ECA,r1i1p1f1,gr,historical,1865-08,1865,8,6.8044411842404,6.692120761098942,0.1123204231414574
E3SM-Project,E3SM-1-1-ECA,r1i1p1f1,gr,historical,1865-09,1865,9,6.082971952448238,6.03406357736994,0.04890837507829815
E3SM-Project,E3SM-1-1-ECA,r1i1p1f1,gr,historical,1865-10,1865,10,7.445130463776057,7.886854726076276,-0.44172426230021866
E3SM-Project,E3SM-1-1-ECA,r1i1p1f1,gr,historical,1865-11,1865,11,9.96197456902868,10.153988238532676,-0.19201366950399645
E3SM-Project,E3SM-1-1-ECA,r1i1p1f1,gr,historical,1865-12,1865,12,11.839688404263924,11.811870982691465,0.027817421572459367
E3SM-Project,E3SM-1-1-ECA,r1i1p1f1,gr,historical,1866-01,1866,1,12.725995013629403,12.71073050495603,0.015264508673372035
E3SM-Project,E3SM-1-1-ECA,r1i1p1f1,gr,historical,1866-02,1866,2,13.002900811411111,13.080339320867374,-0.07743850945626285
E3SM-Project,E3SM-1-1-ECA,r1i1p1f1,gr,historical,1866-03,1866,3,13.119316393525015,13.194749281081773,-0.07543288755675803
E3SM-Project,E3SM-1-1-ECA,r1i1p1f1,gr,historical,1866-04,1866,4,12.770426303010721,12.935942411086883,-0.16551610807616157
E3SM-Project,E3SM-1-1-ECA,r1i1p1f1,gr,historical,1866-05,1866,5,11.380951480692001,11.649231664066448,-0.26828018337444703
E3SM-Project,E3SM-1-1-ECA,r1i1p1f1,gr,historical,1866-06,1866,6,9.786752093459096,9.959573801413983,-0.1728217079548866
E3SM-Project,E3SM-1-1-ECA,r1i1p1f1,gr,historical,1866-07,1866,7,8.20125244150357,8.3000876816458,-0.09883524014223077
E3SM-Project,E3SM-1-1-ECA,r1i1p1f1,gr,historical,1866-08,1866,8,6.629041408904691,6.692120761098942,-0.06307935219425076
E3SM-Project,E3SM-1-1-ECA,r1i1p1f1,gr,historical,1866-09,1866,9,6.045055745995691,6.03406357736994,0.010992168625750587
E3SM-Project,E3SM-1-1-ECA,r1i1p1f1,gr,historical,1866-10,1866,10,7.764911717034675,7.886854726076276,-0.12194300904160116
E3SM-Project,E3SM-1-1-ECA,r1i1p1f1,gr,historical,1866-11,1866,11,9.818835279692733,10.153988238532676,-0.33515295883994334
E3SM-Project,E3SM-1-1-ECA,r1i1p1f1,gr,historical,1866-12,1866,12,11.246781410768866,11.811870982691465,-0.5650895719225986
E3SM-Project,E3SM-1-1-ECA,r1i1p1f1,gr,historical,1867-01,1867,1,12.563266062666047,12.71073050495603,-0.14746444228998357
E3SM-Project,E3SM-1-1-ECA,r1i1p1f1,gr,historical,1867-02,1867,2,13.0794388374242,13.080339320867374,-0.0009004834431731723
E3SM-Project,E3SM-1-1-ECA,r1i1p1f1,gr,historical,1867-03,1867,3,12.982354853383676,13.194749281081773,-0.21239442769809713
E3SM-Project,E3SM-1-1-ECA,r1i1p1f1,gr,historical,1867-04,1867,4,12.681903547001399,12.935942411086883,-0.2540388640854836
E3SM-Project,E3SM-1-1-ECA,r1i1p1f1,gr,historical,1867-05,1867,5,11.426111362789241,11.649231664066448,-0.2231203012772074
E3SM-Project,E3SM-1-1-ECA,r1i1p1f1,gr,historical,1867-06,1867,6,9.85232984898045,9.959573801413983,-0.10724395243353335
E3SM-Project,E3SM-1-1-ECA,r1i1p1f1,gr,historical,1867-07,1867,7,8.262910196960808,8.3000876816458,-0.03717748468499238
E3SM-Project,E3SM-1-1-ECA,r1i1p1f1,gr,historical,1867-08,1867,8,6.665912209251426,6.692120761098942,-0.02620855184751658
E3SM-Project,E3SM-1-1-ECA,r1i1p1f1,gr,historical,1867-09,1867,9,6.06741852683566,6.03406357736994,0.033354949465720374
E3SM-Project,E3SM-1-1-ECA,r1i1p1f1,gr,historical,1867-10,1867,10,8.130927946400636,7.886854726076276,0.24407322032435985
E3SM-Project,E3SM-1-1-ECA,r1i1p1f1,gr,historical,1867-11,1867,11,10.509943516866027,10.153988238532676,0.35595527833335083
E3SM-Project,E3SM-1-1-ECA,r1i1p1f1,gr,historical,1867-12,1867,12,12.0109890856975,11.811870982691465,0.19911810300603427
E3SM-Project,E3SM-1-1-ECA,r1i1p1f1,gr,historical,1868-01,1868,1,12.684107979879721,12.71073050495603,-0.026622525076309245
E3SM-Project,E3SM-1-1-ECA,r1i1p1f1,gr,historical,1868-02,1868,2,12.805062509236613,13.080339320867374,-0.2752768116307607
E3SM-Project,E3SM-1-1-ECA,r1i1p1f1,gr,historical,1868-03,1868,3,12.82850191550333,13.194749281081773,-0.3662473655784435
E3SM-Project,E3SM-1-1-ECA,r1i1p1f1,gr,historical,1868-04,1868,4,12.705581222626318,12.935942411086883,-0.23036118846056475
E3SM-Project,E3SM-1-1-ECA,r1i1p1f1,gr,historical,1868-05,1868,5,11.510157790969382,11.649231664066448,-0.13907387309706642
E3SM-Project,E3SM-1-1-ECA,r1i1p1f1,gr,historical,1868-06,1868,6,10.108940124708798,9.959573801413983,0.14936632329481547
E3SM-Project,E3SM-1-1-ECA,r1i1p1f1,gr,historical,1868-07,1868,7,8.511342302042156,8.3000876816458,0.211254620396355
E3SM-Project,E3SM-1-1-ECA,r1i1p1f1,gr,historical,1868-08,1868,8,6.866542943262991,6.692120761098942,0.17442218216404903
E3SM-Project,E3SM-1-1-ECA,r1i1p1f1,gr,historical,1868-09,1868,9,6.190601861949915,6.03406357736994,0.15653828457997498
E3SM-Project,E3SM-1-1-ECA,r1i1p1f1,gr,historical,1868-10,1868,10,8.396985699721577,7.886854726076276,0.5101309736453015
E3SM-Project,E3SM-1-1-ECA,r1i1p1f1,gr,historical,1868-11,1868,11,10.846285185169029,10.153988238532676,0.6922969466363522
E3SM-Project,E3SM-1-1-ECA,r1i1p1f1,gr,historical,1868-12,1868,12,12.409988703255753,11.811870982691465,0.5981177205642876
E3SM-Project,E3SM-1-1-ECA,r1i1p1f1,gr,historical,1869-01,1869,1,13.03552132918401,12.71073050495603,0.3247908242279802
E3SM-Project,E3SM-1-1-ECA,r1i1p1f1,gr,historical,1869-02,1869,2,13.237842280973256,13.080339320867374,0.15750296010588194
E3SM-Project,E3SM-1-1-ECA,r1i1p1f1,gr,historical,1869-03,1869,3,13.383990185105063,13.194749281081773,0.18924090402328986
E3SM-Project,E3SM-1-1-ECA,r1i1p1f1,gr,historical,1869-04,1869,4,13.123957318076343,12.935942411086883,0.18801490698946033
E3SM-Project,E3SM-1-1-ECA,r1i1p1f1,gr,historical,1869-05,1869,5,11.814785153080495,11.649231664066448,0.1655534890140462
E3SM-Project,E3SM-1-1-ECA,r1i1p1f1,gr,historical,1869-06,1869,6,10.196453495912944,9.959573801413983,0.2368796944989615
E3SM-Project,E3SM-1-1-ECA,r1i1p1f1,gr,historical,1869-07,1869,7,8.694834046450158,8.3000876816458,0.394746364804357
E3SM-Project,E3SM-1-1-ECA,r1i1p1f1,gr,historical,1869-08,1869,8,7.0267825731520235,6.692120761098942,0.3346618120530813
E3SM-Project,E3SM-1-1-ECA,r1i1p1f1,gr,historical,1869-09,1869,9,6.3072013356458605,6.03406357736994,0.27313775827592046
E3SM-Project,E3SM-1-1-ECA,r1i1p1f1,gr,historical,1869-10,1869,10,7.911809244185556,7.886854726076276,0.024954518109280066
E3SM-Project,E3SM-1-1-ECA,r1i1p1f1,gr,historical,1869-11,1869,11,10.552811614581648,10.153988238532676,0.39882337604897167
E3SM-Project,E3SM-1-1-ECA,r1i1p1f1,gr,historical,1869-12,1869,12,11.974068176756939,11.811870982691465,0.16219719406547384
E3SM-Project,E3SM-1-1-ECA,r1i1p1f1,gr,historical,1870-01,1870,1,12.712218386597566,12.71073050495603,0.0014878816415357932
E3SM-Project,E3SM-1-1-ECA,r1i1p1f1,gr,historical,1870-02,1870,2,13.160939950787473,13.080339320867374,0.08060062992009875
E3SM-Project,E3SM-1-1-ECA,r1i1p1f1,gr,historical,1870-03,1870,3,13.372758332312438,13.194749281081773,0.17800905123066535
E3SM-Project,E3SM-1-1-ECA,r1i1p1f1,gr,historical,1870-04,1870,4,13.079835586220476,12.935942411086883,0.14389317513359323
E3SM-Project,E3SM-1-1-ECA,r1i1p1f1,gr,historical,1870-05,1870,5,11.842266750478547,11.649231664066448,0.19303508641209888
E3SM-Project,E3SM-1-1-ECA,r1i1p1f1,gr,historical,1870-06,1870,6,10.229892333465886,9.959573801413983,0.2703185320519026
E3SM-Project,E3SM-1-1-ECA,r1i1p1f1,gr,historical,1870-07,1870,7,8.640412953663175,8.3000876816458,0.34032527201737395
E3SM-Project,E3SM-1-1-ECA,r1i1p1f1,gr,historical,1870-08,1870,8,6.955718587024959,6.692120761098942,0.2635978259260172
E3SM-Project,E3SM-1-1-ECA,r1i1p1f1,gr,historical,1870-09,1870,9,6.207416328021061,6.03406357736994,0.1733527506511212
E3SM-Project,E3SM-1-1-ECA,r1i1p1f1,gr,historical,1870-10,1870,10,8.149166500823386,7.886854726076276,0.26231177474710954
E3SM-Project,E3SM-1-1-ECA,r1i1p1f1,gr,historical,1870-11,1870,11,10.138581927829078,10.153988238532676,-0.015406310703598436
E3SM-Project,E3SM-1-1-ECA,r1i1p1f1,gr,historical,1870-12,1870,12,11.88006455560939,11.811870982691465,0.0681935729179255
E3SM-Project,E3SM-1-1-ECA,r1i1p1f1,gr,historical,1871-01,1871,1,12.666183604554604,12.71073050495603,-0.044546900401426726
E3SM-Project,E3SM-1-1-ECA,r1i1p1f1,gr,historical,1871-02,1871,2,13.170722236748025,13.080339320867374,0.09038291588065128
E3SM-Project,E3SM-1-1-ECA,r1i1p1f1,gr,historical,1871-03,1871,3,13.428251185318311,13.194749281081773,0.2335019042365385
E3SM-Project,E3SM-1-1-ECA,r1i1p1f1,gr,historical,1871-04,1871,4,13.21539982634262,12.935942411086883,0.2794574152557381
E3SM-Project,E3SM-1-1-ECA,r1i1p1f1,gr,historical,1871-05,1871,5,12.004163775332913,11.649231664066448,0.3549321112664643
E3SM-Project,E3SM-1-1-ECA,r1i1p1f1,gr,historical,1871-06,1871,6,10.237705008945156,9.959573801413983,0.2781312075311728
E3SM-Project,E3SM-1-1-ECA,r1i1p1f1,gr,historical,1871-07,1871,7,8.4040300556217,8.3000876816458,0.10394237397589912
E3SM-Project,E3SM-1-1-ECA,r1i1p1f1,gr,historical,1871-08,1871,8,6.888466469353018,6.692120761098942,0.19634570825407582
E3SM-Project,E3SM-1-1-ECA,r1i1p1f1,gr,historical,1871-09,1871,9,6.210854873059353,6.03406357736994,0.1767912956894131
E3SM-Project,E3SM-1-1-ECA,r1i1p1f1,gr,historical,1871-10,1871,10,7.883926037350966,7.886854726076276,-0.00292868872531038
E3SM-Project,E3SM-1-1-ECA,r1i1p1f1,gr,historical,1871-11,1871,11,10.051724042667098,10.153988238532676,-0.10226419586557789
E3SM-Project,E3SM-1-1-ECA,r1i1p1f1,gr,historical,1871-12,1871,12,11.77822580101334,11.811870982691465,-0.033645181678124914
E3SM-Project,E3SM-1-1-ECA,r1i1p1f1,gr,historical,1872-01,1872,1,12.694332163302152,12.71073050495603,-0.0163983416538791
E3SM-Project,E3SM-1-1-ECA,r1i1p1f1,gr,historical,1872-02,1872,2,12.940927895680353,13.080339320867374,-0.13941142518702065
E3SM-Project,E3SM-1-1-ECA,r1i1p1f1,gr,historical,1872-03,1872,3,13.434731791457917,13.194749281081773,0.23998251037614438
E3SM-Project,E3SM-1-1-ECA,r1i1p1f1,gr,historical,1872-04,1872,4,13.365384438827986,12.935942411086883,0.4294420277411035
E3SM-Project,E3SM-1-1-ECA,r1i1p1f1,gr,historical,1872-05,1872,5,12.394561748585735,11.649231664066448,0.7453300845192867
E3SM-Project,E3SM-1-1-ECA,r1i1p1f1,gr,historical,1872-06,1872,6,10.712326250148612,9.959573801413983,0.7527524487346291
E3SM-Project,E3SM-1-1-ECA,r1i1p1f1,gr,historical,1872-07,1872,7,8.817740343414243,8.3000876816458,0.5176526617684427
E3SM-Project,E3SM-1-1-ECA,r1i1p1f1,gr,historical,1872-08,1872,8,7.010122146430618,6.692120761098942,0.31800138533167566
E3SM-Project,E3SM-1-1-ECA,r1i1p1f1,gr,historical,1872-09,1872,9,6.4220466326582235,6.03406357736994,0.3879830552882835
E3SM-Project,E3SM-1-1-ECA,r1i1p1f1,gr,historical,1872-10,1872,10,8.475843356024296,7.886854726076276,0.5889886299480196
E3SM-Project,E3SM-1-1-ECA,r1i1p1f1,gr,historical,1872-11,1872,11,10.657217111700811,10.153988238532676,0.5032288731681351
E3SM-Project,E3SM-1-1-ECA,r1i1p1f1,gr,historical,1872-12,1872,12,12.037547963709985,11.811870982691465,0.22567698101851974
E3SM-Project,E3SM-1-1-ECA,r1i1p1f1,gr,historical,1873-01,1873,1,12.862333764551918,12.71073050495603,0.1516032595958876
E3SM-Project,E3SM-1-1-ECA,r1i1p1f1,gr,historical,1873-02,1873,2,13.157002932106789,13.080339320867374,0.07666361123941456
E3SM-Project,E3SM-1-1-ECA,r1i1p1f1,gr,historical,1873-03,1873,3,13.21690087659298,13.194749281081773,0.02215159551120749
E3SM-Project,E3SM-1-1-ECA,r1i1p1f1,gr,historical,1873-04,1873,4,12.7273108104097,12.935942411086883,-0.20863160067718312
E3SM-Project,E3SM-1-1-ECA,r1i1p1f1,gr,historical,1873-05,1873,5,11.46297490507856,11.649231664066448,-0.18625675898788785
E3SM-Project,E3SM-1-1-ECA,r1i1p1f1,gr,historical,1873-06,1873,6,9.831031376572888,9.959573801413983,-0.12854242484109513
E3SM-Project,E3SM-1-1-ECA,r1i1p1f1,gr,historical,1873-07,1873,7,8.213191936833256,8.3000876816458,-0.08689574481254425
E3SM-Project,E3SM-1-1-ECA,r1i1p1f1,gr,historical,1873-08,1873,8,6.746699552081627,6.692120761098942,0.05457879098268492
E3SM-Project,E3SM-1-1-ECA,r1i1p1f1,gr,historical,1873-09,1873,9,6.145552690853479,6.03406357736994,0.11148911348353874
E3SM-Project,E3SM-1-1-ECA,r1i1p1f1,gr,historical,1873-10,1873,10,7.313561301891348,7.886854726076276,-0.5732934241849277
E3SM-Project,E3SM-1-1-ECA,r1i1p1f1,gr,historical,1873-11,1873,11,9.469685116692968,10.153988238532676,-0.684303121839708
E3SM-Project,E3SM-1-1-ECA,r1i1p1f1,gr,historical,1873-12,1873,12,11.07684014537806,11.811870982691465,-0.7350308373134045
E3SM-Project,E3SM-1-1-ECA,r1i1p1f1,gr,historical,1874-01,1874,1,12.30515748970096,12.71073050495603,-0.4055730152550705
E3SM-Project,E3SM-1-1-ECA,r1i1p1f1,gr,historical,1874-02,1874,2,12.877590299514578,13.080339320867374,-0.20274902135279582
E3SM-Project,E3SM-1-1-ECA,r1i1p1f1,gr,historical,1874-03,1874,3,12.789105457058833,13.194749281081773,-0.4056438240229401
E3SM-Project,E3SM-1-1-ECA,r1i1p1f1,gr,historical,1874-04,1874,4,12.282719374647261,12.935942411086883,-0.6532230364396217
E3SM-Project,E3SM-1-1-ECA,r1i1p1f1,gr,historical,1874-05,1874,5,11.159828884486851,11.649231664066448,-0.48940277957959744
E3SM-Project,E3SM-1-1-ECA,r1i1p1f1,gr,historical,1874-06,1874,6,9.476183248386487,9.959573801413983,-0.4833905530274958
E3SM-Project,E3SM-1-1-ECA,r1i1p1f1,gr,historical,1874-07,1874,7,7.878165555030098,8.3000876816458,-0.4219221266157023
E3SM-Project,E3SM-1-1-ECA,r1i1p1f1,gr,historical,1874-08,1874,8,6.4266720542394475,6.692120761098942,-0.2654487068594946
E3SM-Project,E3SM-1-1-ECA,r1i1p1f1,gr,historical,1874-09,1874,9,5.687785124253419,6.03406357736994,-0.34627845311652106
E3SM-Project,E3SM-1-1-ECA,r1i1p1f1,gr,historical,1874-10,1874,10,7.298583271114771,7.886854726076276,-0.5882714549615047
E3SM-Project,E3SM-1-1-ECA,r1i1p1f1,gr,historical,1874-11,1874,11,9.895313160984065,10.153988238532676,-0.2586750775486113
E3SM-Project,E3SM-1-1-ECA,r1i1p1f1,gr,historical,1874-12,1874,12,11.612312050203617,11.811870982691465,-0.1995589324878484
E3SM-Project,E3SM-1-1-ECA,r1i1p1f1,gr,historical,1875-01,1875,1,12.434136229289088,12.71073050495603,-0.27659427566694283
E3SM-Project,E3SM-1-1-ECA,r1i1p1f1,gr,historical,1875-02,1875,2,12.825687549873415,13.080339320867374,-0.2546517709939593
E3SM-Project,E3SM-1-1-ECA,r1i1p1f1,gr,historical,1875-03,1875,3,13.18433783453499,13.194749281081773,-0.010411446546783054
E3SM-Project,E3SM-1-1-ECA,r1i1p1f1,gr,historical,1875-04,1875,4,12.798385218814863,12.935942411086883,-0.1375571922720198
E3SM-Project,E3SM-1-1-ECA,r1i1p1f1,gr,historical,1875-05,1875,5,11.379433688175553,11.649231664066448,-0.2697979758908957
E3SM-Project,E3SM-1-1-ECA,r1i1p1f1,gr,historical,1875-06,1875,6,9.441710062739086,9.959573801413983,-0.5178637386748974
E3SM-Project,E3SM-1-1-ECA,r1i1p1f1,gr,historical,1875-07,1875,7,7.76211549439935,8.3000876816458,-0.5379721872464511
E3SM-Project,E3SM-1-1-ECA,r1i1p1f1,gr,historical,1875-08,1875,8,6.382283932488352,6.692120761098942,-0.3098368286105906
E3SM-Project,E3SM-1-1-ECA,r1i1p1f1,gr,historical,1875-09,1875,9,5.8054388022645,6.03406357736994,-0.22862477510544021
E3SM-Project,E3SM-1-1-ECA,r1i1p1f1,gr,historical,1875-10,1875,10,7.416537603638119,7.886854726076276,-0.47031712243815704
E3SM-Project,E3SM-1-1-ECA,r1i1p1f1,gr,historical,1875-11,1875,11,9.486184205825571,10.153988238532676,-0.6678040327071049
E3SM-Project,E3SM-1-1-ECA,r1i1p1f1,gr,historical,1875-12,1875,12,11.12449226668195,11.811870982691465,-0.6873787160095155
E3SM-Project,E3SM-1-1-ECA,r1i1p1f1,gr,historical,1876-01,1876,1,12.383818170375763,12.71073050495603,-0.3269123345802676
E3SM-Project,E3SM-1-1-ECA,r1i1p1f1,gr,historical,1876-02,1876,2,13.061859998425714,13.080339320867374,-0.018479322441660173
E3SM-Project,E3SM-1-1-ECA,r1i1p1f1,gr,historical,1876-03,1876,3,13.101609686727308,13.194749281081773,-0.09313959435446506
E3SM-Project,E3SM-1-1-ECA,r1i1p1f1,gr,historical,1876-04,1876,4,12.711156837260612,12.935942411086883,-0.22478557382627073
E3SM-Project,E3SM-1-1-ECA,r1i1p1f1,gr,historical,1876-05,1876,5,11.34460838711744,11.649231664066448,-0.3046232769490089
E3SM-Project,E3SM-1-1-ECA,r1i1p1f1,gr,historical,1876-06,1876,6,9.655396841549322,9.959573801413983,-0.30417695986466065
E3SM-Project,E3SM-1-1-ECA,r1i1p1f1,gr,historical,1876-07,1876,7,7.712682361049215,8.3000876816458,-0.5874053205965861
E3SM-Project,E3SM-1-1-ECA,r1i1p1f1,gr,historical,1876-08,1876,8,6.027185327743535,6.692120761098942,-0.6649354333554074
E3SM-Project,E3SM-1-1-ECA,r1i1p1f1,gr,historical,1876-09,1876,9,5.416255952628083,6.03406357736994,-0.6178076247418574
E3SM-Project,E3SM-1-1-ECA,r1i1p1f1,gr,historical,1876-10,1876,10,7.237895418802518,7.886854726076276,-0.6489593072737581
E3SM-Project,E3SM-1-1-ECA,r1i1p1f1,gr,historical,1876-11,1876,11,9.766398131737152,10.153988238532676,-0.38759010679552475
E3SM-Project,E3SM-1-1-ECA,r1i1p1f1,gr,historical,1876-12,1876,12,11.618059388308799,11.811870982691465,-0.19381159438266593
E3SM-Project,E3SM-1-1-ECA,r1i1p1f1,gr,historical,1877-01,1877,1,12.62894056293891,12.71073050495603,-0.08178994201712086
E3SM-Project,E3SM-1-1-ECA,r1i1p1f1,gr,historical,1877-02,1877,2,12.955239349873777,13.080339320867374,-0.12509997099359715
E3SM-Project,E3SM-1-1-ECA,r1i1p1f1,gr,historical,1877-03,1877,3,13.088935405465785,13.194749281081773,-0.1058138756159881
E3SM-Project,E3SM-1-1-ECA,r1i1p1f1,gr,historical,1877-04,1877,4,12.690716664482137,12.935942411086883,-0.2452257466047456
E3SM-Project,E3SM-1-1-ECA,r1i1p1f1,gr,historical,1877-05,1877,5,11.36707564478381,11.649231664066448,-0.2821560192826382
E3SM-Project,E3SM-1-1-ECA,r1i1p1f1,gr,historical,1877-06,1877,6,9.647701209071187,9.959573801413983,-0.3118725923427963
E3SM-Project,E3SM-1-1-ECA,r1i1p1f1,gr,historical,1877-07,1877,7,8.204757320482614,8.3000876816458,-0.09533036116318705
E3SM-Project,E3SM-1-1-ECA,r1i1p1f1,gr,historical,1877-08,1877,8,6.740097027111205,6.692120761098942,0.047976266012263125
E3SM-Project,E3SM-1-1-ECA,r1i1p1f1,gr,historical,1877-09,1877,9,5.865529693596967,6.03406357736994,-0.16853388377297307
E3SM-Project,E3SM-1-1-ECA,r1i1p1f1,gr,historical,1877-10,1877,10,7.456498135125763,7.886854726076276,-0.43035659095051315
E3SM-Project,E3SM-1-1-ECA,r1i1p1f1,gr,historical,1877-11,1877,11,9.436844140993124,10.153988238532676,-0.7171440975395527
E3SM-Project,E3SM-1-1-ECA,r1i1p1f1,gr,historical,1877-12,1877,12,11.627214627730769,11.811870982691465,-0.18465635496069588
E3SM-Project,E3SM-1-1-ECA,r1i1p1f1,gr,historical,1878-01,1878,1,12.666591052715033,12.71073050495603,-0.04413945224099791
E3SM-Project,E3SM-1-1-ECA,r1i1p1f1,gr,historical,1878-02,1878,2,13.207124614814107,13.080339320867374,0.12678529394673355
E3SM-Project,E3SM-1-1-ECA,r1i1p1f1,gr,historical,1878-03,1878,3,13.572341834503666,13.194749281081773,0.37759255342189313
E3SM-Project,E3SM-1-1-ECA,r1i1p1f1,gr,historical,1878-04,1878,4,13.3947001705623,12.935942411086883,0.45875775947541797
E3SM-Project,E3SM-1-1-ECA,r1i1p1f1,gr,historical,1878-05,1878,5,11.948078027052711,11.649231664066448,0.29884636298626255
E3SM-Project,E3SM-1-1-ECA,r1i1p1f1,gr,historical,1878-06,1878,6,10.189619372571011,9.959573801413983,0.23004557115702795
E3SM-Project,E3SM-1-1-ECA,r1i1p1f1,gr,historical,1878-07,1878,7,8.24143020609783,8.3000876816458,-0.05865747554797096
E3SM-Project,E3SM-1-1-ECA,r1i1p1f1,gr,historical,1878-08,1878,8,6.328511851222388,6.692120761098942,-0.3636089098765538
E3SM-Project,E3SM-1-1-ECA,r1i1p1f1,gr,historical,1878-09,1878,9,5.519163084107061,6.03406357736994,-0.5149004932628793
E3SM-Project,E3SM-1-1-ECA,r1i1p1f1,gr,historical,1878-10,1878,10,7.796529906213291,7.886854726076276,-0.09032481986298535
E3SM-Project,E3SM-1-1-ECA,r1i1p1f1,gr,historical,1878-11,1878,11,10.806001827642628,10.153988238532676,0.6520135891099521
E3SM-Project,E3SM-1-1-ECA,r1i1p1f1,gr,historical,1878-12,1878,12,12.404080867853823,11.811870982691465,0.5922098851623581
E3SM-Project,E3SM-1-1-ECA,r1i1p1f1,gr,historical,1879-01,1879,1,13.179784178602077,12.71073050495603,0.4690536736460462
E3SM-Project,E3SM-1-1-ECA,r1i1p1f1,gr,historical,1879-02,1879,2,13.337568388496704,13.080339320867374,0.2572290676293303
E3SM-Project,E3SM-1-1-ECA,r1i1p1f1,gr,historical,1879-03,1879,3,13.212581406203107,13.194749281081773,0.01783212512133403
E3SM-Project,E3SM-1-1-ECA,r1i1p1f1,gr,historical,1879-04,1879,4,12.964266720898113,12.935942411086883,0.028324309811230464
E3SM-Project,E3SM-1-1-ECA,r1i1p1f1,gr,historical,1879-05,1879,5,11.49586248148541,11.649231664066448,-0.15336918258103793
E3SM-Project,E3SM-1-1-ECA,r1i1p1f1,gr,historical,1879-06,1879,6,9.819543923064327,9.959573801413983,-0.1400298783496563
E3SM-Project,E3SM-1-1-ECA,r1i1p1f1,gr,historical,1879-07,1879,7,8.203824466877037,8.3000876816458,-0.0962632147687632
E3SM-Project,E3SM-1-1-ECA,r1i1p1f1,gr,historical,1879-08,1879,8,6.444469492042344,6.692120761098942,-0.24765126905659773
E3SM-Project,E3SM-1-1-ECA,r1i1p1f1,gr,historical,1879-09,1879,9,5.7414408369213925,6.03406357736994,-0.2926227404485475
E3SM-Project,E3SM-1-1-ECA,r1i1p1f1,gr,historical,1879-10,1879,10,7.65412938162621,7.886854726076276,-0.2327253444500661
E3SM-Project,E3SM-1-1-ECA,r1i1p1f1,gr,historical,1879-11,1879,11,10.132390164762382,10.153988238532676,-0.02159807377029388
E3SM-Project,E3SM-1-1-ECA,r1i1p1f1,gr,historical,1879-12,1879,12,11.612305693455793,11.811870982691465,-0.19956528923567163
E3SM-Project,E3SM-1-1-ECA,r1i1p1f1,gr,historical,1880-01,1880,1,12.591742387098147,12.71073050495603,-0.11898811785788332
E3SM-Project,E3SM-1-1-ECA,r1i1p1f1,gr,historical,1880-02,1880,2,12.998249698726609,13.080339320867374,-0.08208962214076543
E3SM-Project,E3SM-1-1-ECA,r1i1p1f1,gr,historical,1880-03,1880,3,13.054867570260718,13.194749281081773,-0.13988171082105438
E3SM-Project,E3SM-1-1-ECA,r1i1p1f1,gr,historical,1880-04,1880,4,13.002674554305873,12.935942411086883,0.06673214321899046
E3SM-Project,E3SM-1-1-ECA,r1i1p1f1,gr,historical,1880-05,1880,5,11.623878994335762,11.649231664066448,-0.025352669730686728
E3SM-Project,E3SM-1-1-ECA,r1i1p1f1,gr,historical,1880-06,1880,6,9.73562566136485,9.959573801413983,-0.22394814004913322
E3SM-Project,E3SM-1-1-ECA,r1i1p1f1,gr,historical,1880-07,1880,7,8.028232504376764,8.3000876816458,-0.2718551772690372
E3SM-Project,E3SM-1-1-ECA,r1i1p1f1,gr,historical,1880-08,1880,8,6.412206601879594,6.692120761098942,-0.2799141592193486
E3SM-Project,E3SM-1-1-ECA,r1i1p1f1,gr,historical,1880-09,1880,9,5.7019443385216055,6.03406357736994,-0.3321192388483345
E3SM-Project,E3SM-1-1-ECA,r1i1p1f1,gr,historical,1880-10,1880,10,7.471552567770081,7.886854726076276,-0.4153021583061953
E3SM-Project,E3SM-1-1-ECA,r1i1p1f1,gr,historical,1880-11,1880,11,9.598909465016249,10.153988238532676,-0.5550787735164278
E3SM-Project,E3SM-1-1-ECA,r1i1p1f1,gr,historical,1880-12,1880,12,11.566857040375266,11.811870982691465,-0.24501394231619855
E3SM-Project,E3SM-1-1-ECA,r1i1p1f1,gr,historical,1881-01,1881,1,12.543779121638652,12.71073050495603,-0.1669513833173788
E3SM-Project,E3SM-1-1-ECA,r1i1p1f1,gr,historical,1881-02,1881,2,13.11588888019477,13.080339320867374,0.03554955932739645
E3SM-Project,E3SM-1-1-ECA,r1i1p1f1,gr,historical,1881-03,1881,3,13.385958703195442,13.194749281081773,0.1912094221136691
E3SM-Project,E3SM-1-1-ECA,r1i1p1f1,gr,historical,1881-04,1881,4,12.917825828619698,12.935942411086883,-0.018116582467184728
E3SM-Project,E3SM-1-1-ECA,r1i1p1f1,gr,historical,1881-05,1881,5,11.33035690207146,11.649231664066448,-0.318874761994989
E3SM-Project,E3SM-1-1-ECA,r1i1p1f1,gr,historical,1881-06,1881,6,9.476641871510406,9.959573801413983,-0.48293192990357703
E3SM-Project,E3SM-1-1-ECA,r1i1p1f1,gr,historical,1881-07,1881,7,7.772690874449947,8.3000876816458,-0.5273968071958537
E3SM-Project,E3SM-1-1-ECA,r1i1p1f1,gr,historical,1881-08,1881,8,6.276174586136866,6.692120761098942,-0.41594617496207587
E3SM-Project,E3SM-1-1-ECA,r1i1p1f1,gr,historical,1881-09,1881,9,5.634222416969244,6.03406357736994,-0.3998411604006957
E3SM-Project,E3SM-1-1-ECA,r1i1p1f1,gr,historical,1881-10,1881,10,7.434001131160465,7.886854726076276,-0.452853594915811
E3SM-Project,E3SM-1-1-ECA,r1i1p1f1,gr,historical,1881-11,1881,11,10.054187633344375,10.153988238532676,-0.09980060518830136
E3SM-Project,E3SM-1-1-ECA,r1i1p1f1,gr,historical,1881-12,1881,12,11.869387718111133,11.811870982691465,0.05751673541966795
E3SM-Project,E3SM-1-1-ECA,r1i1p1f1,gr,historical,1882-01,1882,1,12.897021832809418,12.71073050495603,0.18629132785338776
E3SM-Project,E3SM-1-1-ECA,r1i1p1f1,gr,historical,1882-02,1882,2,13.381896021468512,13.080339320867374,0.3015567006011377
E3SM-Project,E3SM-1-1-ECA,r1i1p1f1,gr,historical,1882-03,1882,3,13.620976781334075,13.194749281081773,0.4262275002523026
E3SM-Project,E3SM-1-1-ECA,r1i1p1f1,gr,historical,1882-04,1882,4,13.461857053325703,12.935942411086883,0.5259146422388206
E3SM-Project,E3SM-1-1-ECA,r1i1p1f1,gr,historical,1882-05,1882,5,12.189309946228535,11.649231664066448,0.5400782821620869
E3SM-Project,E3SM-1-1-ECA,r1i1p1f1,gr,historical,1882-06,1882,6,10.53917203847639,9.959573801413983,0.5795982370624078
E3SM-Project,E3SM-1-1-ECA,r1i1p1f1,gr,historical,1882-07,1882,7,8.802703763791703,8.3000876816458,0.5026160821459023
E3SM-Project,E3SM-1-1-ECA,r1i1p1f1,gr,historical,1882-08,1882,8,7.190792111566245,6.692120761098942,0.49867135046730304
E3SM-Project,E3SM-1-1-ECA,r1i1p1f1,gr,historical,1882-09,1882,9,6.519357048542885,6.03406357736994,0.48529347117294463
E3SM-Project,E3SM-1-1-ECA,r1i1p1f1,gr,historical,1882-10,1882,10,8.543052589381217,7.886854726076276,0.656197863304941
E3SM-Project,E3SM-1-1-ECA,r1i1p1f1,gr,historical,1882-11,1882,11,10.67382542001121,10.153988238532676,0.5198371814785343
E3SM-Project,E3SM-1-1-ECA,r1i1p1f1,gr,historical,1882-12,1882,12,11.860360979896887,11.811870982691465,0.04848999720542224
E3SM-Project,E3SM-1-1-ECA,r1i1p1f1,gr,historical,1883-01,1883,1,12.638958936261423,12.71073050495603,-0.07177156869460788
E3SM-Project,E3SM-1-1-ECA,r1i1p1f1,gr,historical,1883-02,1883,2,13.078503600904503,13.080339320867374,-0.0018357199628713516
E3SM-Project,E3SM-1-1-ECA,r1i1p1f1,gr,historical,1883-03,1883,3,13.13959190406832,13.194749281081773,-0.0551573770134528
E3SM-Project,E3SM-1-1-ECA,r1i1p1f1,gr,historical,1883-04,1883,4,13.116345192984035,12.935942411086883,0.1804027818971523
E3SM-Project,E3SM-1-1-ECA,r1i1p1f1,gr,historical,1883-05,1883,5,11.64534239621482,11.649231664066448,-0.00388926785162802
E3SM-Project,E3SM-1-1-ECA,r1i1p1f1,gr,historical,1883-06,1883,6,9.791491537216498,9.959573801413983,-0.1680822641974853
E3SM-Project,E3SM-1-1-ECA,r1i1p1f1,gr,historical,1883-07,1883,7,8.204074871864503,8.3000876816458,-0.096012809781298
E3SM-Project,E3SM-1-1-ECA,r1i1p1f1,gr,historical,1883-08,1883,8,6.706461698081053,6.692120761098942,0.014340936982111252
E3SM-Project,E3SM-1-1-ECA,r1i1p1f1,gr,historical,1883-09,1883,9,6.150538544230956,6.03406357736994,0.11647496686101633
E3SM-Project,E3SM-1-1-ECA,r1i1p1f1,gr,historical,1883-10,1883,10,7.748892861850148,7.886854726076276,-0.13796186422612777
E3SM-Project,E3SM-1-1-ECA,r1i1p1f1,gr,historical,1883-11,1883,11,9.853856144308365,10.153988238532676,-0.30013209422431153
E3SM-Project,E3SM-1-1-ECA,r1i1p1f1,gr,historical,1883-12,1883,12,11.587115445893687,11.811870982691465,-0.22475553679777782
E3SM-Project,E3SM-1-1-ECA,r1i1p1f1,gr,historical,1884-01,1884,1,12.392084036539373,12.71073050495603,-0.31864646841665767
E3SM-Project,E3SM-1-1-ECA,r1i1p1f1,gr,historical,1884-02,1884,2,12.687706604027598,13.080339320867374,-0.39263271683977585
E3SM-Project,E3SM-1-1-ECA,r1i1p1f1,gr,historical,1884-03,1884,3,12.894812866967774,13.194749281081773,-0.29993641411399885
E3SM-Project,E3SM-1-1-ECA,r1i1p1f1,gr,historical,1884-04,1884,4,12.621842216931555,12.935942411086883,-0.3141001941553281
E3SM-Project,E3SM-1-1-ECA,r1i1p1f1,gr,historical,1884-05,1884,5,11.320383118964127,11.649231664066448,-0.3288485451023213
E3SM-Project,E3SM-1-1-ECA,r1i1p1f1,gr,historical,1884-06,1884,6,9.608779951522898,9.959573801413983,-0.350793849891085
E3SM-Project,E3SM-1-1-ECA,r1i1p1f1,gr,historical,1884-07,1884,7,7.945619956446607,8.3000876816458,-0.3544677251991937
E3SM-Project,E3SM-1-1-ECA,r1i1p1f1,gr,historical,1884-08,1884,8,6.332364380589325,6.692120761098942,-0.35975638050961756
E3SM-Project,E3SM-1-1-ECA,r1i1p1f1,gr,historical,1884-09,1884,9,5.947966059194245,6.03406357736994,-0.08609751817569489
E3SM-Project,E3SM-1-1-ECA,r1i1p1f1,gr,historical,1884-10,1884,10,7.796351144064731,7.886854726076276,-0.09050358201154474
E3SM-Project,E3SM-1-1-ECA,r1i1p1f1,gr,historical,1884-11,1884,11,9.935251776006083,10.153988238532676,-0.21873646252659285
E3SM-Project,E3SM-1-1-ECA,r1i1p1f1,gr,historical,1884-12,1884,12,11.567335718390492,11.811870982691465,-0.24453526430097305
E3SM-Project,E3SM-1-1-ECA,r1i1p1f1,gr,historical,1885-01,1885,1,12.338381465905286,12.71073050495603,-0.3723490390507447
E3SM-Project,E3SM-1-1-ECA,r1i1p1f1,gr,historical,1885-02,1885,2,13.067746964528828,13.080339320867374,-0.01259235633854594
E3SM-Project,E3SM-1-1-ECA,r1i1p1f1,gr,historical,1885-03,1885,3,13.166150773337977,13.194749281081773,-0.02859850774379602
E3SM-Project,E3SM-1-1-ECA,r1i1p1f1,gr,historical,1885-04,1885,4,13.18537366614567,12.935942411086883,0.24943125505878783
E3SM-Project,E3SM-1-1-ECA,r1i1p1f1,gr,historical,1885-05,1885,5,12.132878724097441,11.649231664066448,0.483647060030993
E3SM-Project,E3SM-1-1-ECA,r1i1p1f1,gr,historical,1885-06,1885,6,10.43723035590264,9.959573801413983,0.4776565544886573
E3SM-Project,E3SM-1-1-ECA,r1i1p1f1,gr,historical,1885-07,1885,7,8.673661048153951,8.3000876816458,0.37357336650815043
E3SM-Project,E3SM-1-1-ECA,r1i1p1f1,gr,historical,1885-08,1885,8,6.888218491951274,6.692120761098942,0.1960977308523315
E3SM-Project,E3SM-1-1-ECA,r1i1p1f1,gr,historical,1885-09,1885,9,6.2298770206828555,6.03406357736994,0.1958134433129155
E3SM-Project,E3SM-1-1-ECA,r1i1p1f1,gr,historical,1885-10,1885,10,7.8933420237282945,7.886854726076276,0.006487297652018498
E3SM-Project,E3SM-1-1-ECA,r1i1p1f1,gr,historical,1885-11,1885,11,10.4297130783139,10.153988238532676,0.2757248397812244
E3SM-Project,E3SM-1-1-ECA,r1i1p1f1,gr,historical,1885-12,1885,12,11.960788021204797,11.811870982691465,0.14891703851333205
E3SM-Project,E3SM-1-1-ECA,r1i1p1f1,gr,historical,1886-01,1886,1,12.876897017165957,12.71073050495603,0.1661665122099265
E3SM-Project,E3SM-1-1-ECA,r1i1p1f1,gr,historical,1886-02,1886,2,13.373510746280871,13.080339320867374,0.2931714254134974
E3SM-Project,E3SM-1-1-ECA,r1i1p1f1,gr,historical,1886-03,1886,3,13.447802759641005,13.194749281081773,0.25305347855923266
E3SM-Project,E3SM-1-1-ECA,r1i1p1f1,gr,historical,1886-04,1886,4,13.161412404883265,12.935942411086883,0.22546999379638244
E3SM-Project,E3SM-1-1-ECA,r1i1p1f1,gr,historical,1886-05,1886,5,12.017027768214922,11.649231664066448,0.3677961041484732
E3SM-Project,E3SM-1-1-ECA,r1i1p1f1,gr,historical,1886-06,1886,6,10.276040532129088,9.959573801413983,0.31646673071510456
E3SM-Project,E3SM-1-1-ECA,r1i1p1f1,gr,historical,1886-07,1886,7,8.620785200508006,8.3000876816458,0.32069751886220565
E3SM-Project,E3SM-1-1-ECA,r1i1p1f1,gr,historical,1886-08,1886,8,6.969225234844467,6.692120761098942,0.27710447374552505
E3SM-Project,E3SM-1-1-ECA,r1i1p1f1,gr,historical,1886-09,1886,9,6.214517583207043,6.03406357736994,0.18045400583710336
E3SM-Project,E3SM-1-1-ECA,r1i1p1f1,gr,historical,1886-10,1886,10,8.02378793904918,7.886854726076276,0.13693321297290417
E3SM-Project,E3SM-1-1-ECA,r1i1p1f1,gr,historical,1886-11,1886,11,10.43969542555621,10.153988238532676,0.28570718702353304
E3SM-Project,E3SM-1-1-ECA,r1i1p1f1,gr,historical,1886-12,1886,12,12.099588085242305,11.811870982691465,0.2877171025508396
E3SM-Project,E3SM-1-1-ECA,r1i1p1f1,gr,historical,1887-01,1887,1,12.745044932853077,12.71073050495603,0.034314427897045974
E3SM-Project,E3SM-1-1-ECA,r1i1p1f1,gr,historical,1887-02,1887,2,12.8579790105424,13.080339320867374,-0.22236031032497472
E3SM-Project,E3SM-1-1-ECA,r1i1p1f1,gr,historical,1887-03,1887,3,12.935264037292786,13.194749281081773,-0.25948524378898696
E3SM-Project,E3SM-1-1-ECA,r1i1p1f1,gr,historical,1887-04,1887,4,12.835066039771966,12.935942411086883,-0.10087637131491611
E3SM-Project,E3SM-1-1-ECA,r1i1p1f1,gr,historical,1887-05,1887,5,11.656424245881212,11.649231664066448,0.007192581814763344
E3SM-Project,E3SM-1-1-ECA,r1i1p1f1,gr,historical,1887-06,1887,6,9.931026197446277,9.959573801413983,-0.028547603967705726
E3SM-Project,E3SM-1-1-ECA,r1i1p1f1,gr,historical,1887-07,1887,7,8.274747445488533,8.3000876816458,-0.02534023615726788
E3SM-Project,E3SM-1-1-ECA,r1i1p1f1,gr,historical,1887-08,1887,8,6.633901359922165,6.692120761098942,-0.058219401176777374
E3SM-Project,E3SM-1-1-ECA,r1i1p1f1,gr,historical,1887-09,1887,9,6.014427909448091,6.03406357736994,-0.019635667921849453
E3SM-Project,E3SM-1-1-ECA,r1i1p1f1,gr,historical,1887-10,1887,10,7.758551457387858,7.886854726076276,-0.12830326868841802
E3SM-Project,E3SM-1-1-ECA,r1i1p1f1,gr,historical,1887-11,1887,11,10.180963487737111,10.153988238532676,0.02697524920443506
E3SM-Project,E3SM-1-1-ECA,r1i1p1f1,gr,historical,1887-12,1887,12,12.159439205603533,11.811870982691465,0.34756822291206824
E3SM-Project,E3SM-1-1-ECA,r1i1p1f1,gr,historical,1888-01,1888,1,12.798990914270032,12.71073050495603,0.08826040931400136
E3SM-Project,E3SM-1-1-ECA,r1i1p1f1,gr,historical,1888-02,1888,2,13.046748767443235,13.080339320867374,-0.03359055342413875
E3SM-Project,E3SM-1-1-ECA,r1i1p1f1,gr,historical,1888-03,1888,3,13.179139531766072,13.194749281081773,-0.015609749315700583
E3SM-Project,E3SM-1-1-ECA,r1i1p1f1,gr,historical,1888-04,1888,4,12.691698444546718,12.935942411086883,-0.24424396654016434
E3SM-Project,E3SM-1-1-ECA,r1i1p1f1,gr,historical,1888-05,1888,5,11.455390985853324,11.649231664066448,-0.19384067821312456
E3SM-Project,E3SM-1-1-ECA,r1i1p1f1,gr,historical,1888-06,1888,6,9.805555509630723,9.959573801413983,-0.15401829178325954
E3SM-Project,E3SM-1-1-ECA,r1i1p1f1,gr,historical,1888-07,1888,7,8.302480499171926,8.3000876816458,0.0023928175261254125
E3SM-Project,E3SM-1-1-ECA,r1i1p1f1,gr,historical,1888-08,1888,8,6.592507992038417,6.692120761098942,-0.09961276906052507
E3SM-Project,E3SM-1-1-ECA,r1i1p1f1,gr,historical,1888-09,1888,9,5.832970242304508,6.03406357736994,-0.20109333506543248
E3SM-Project,E3SM-1-1-ECA,r1i1p1f1,gr,historical,1888-10,1888,10,7.429132497817955,7.886854726076276,-0.4577222282583211
E3SM-Project,E3SM-1-1-ECA,r1i1p1f1,gr,historical,1888-11,1888,11,9.899930385188846,10.153988238532676,-0.2540578533438307
E3SM-Project,E3SM-1-1-ECA,r1i1p1f1,gr,historical,1888-12,1888,12,11.963167154420857,11.811870982691465,0.15129617172939192
E3SM-Project,E3SM-1-1-ECA,r1i1p1f1,gr,historical,1889-01,1889,1,12.94650480779361,12.71073050495603,0.23577430283758005
E3SM-Project,E3SM-1-1-ECA,r1i1p1f1,gr,historical,1889-02,1889,2,13.3255810411165,13.080339320867374,0.24524172024912616
E3SM-Project,E3SM-1-1-ECA,r1i1p1f1,gr,historical,1889-03,1889,3,13.54715450564958,13.194749281081773,0.3524052245678071
E3SM-Project,E3SM-1-1-ECA,r1i1p1f1,gr,historical,1889-04,1889,4,12.975720590150534,12.935942411086883,0.03977817906365111
E3SM-Project,E3SM-1-1-ECA,r1i1p1f1,gr,historical,1889-05,1889,5,11.597460276439207,11.649231664066448,-0.05177138762724098
E3SM-Project,E3SM-1-1-ECA,r1i1p1f1,gr,historical,1889-06,1889,6,9.849675440022532,9.959573801413983,-0.10989836139145126
E3SM-Project,E3SM-1-1-ECA,r1i1p1f1,gr,historical,1889-07,1889,7,8.261482444901223,8.3000876816458,-0.038605236744578164
E3SM-Project,E3SM-1-1-ECA,r1i1p1f1,gr,historical,1889-08,1889,8,6.462520651271954,6.692120761098942,-0.22960010982698797
E3SM-Project,E3SM-1-1-ECA,r1i1p1f1,gr,historical,1889-09,1889,9,5.687601918882075,6.03406357736994,-0.3464616584878648
E3SM-Project,E3SM-1-1-ECA,r1i1p1f1,gr,historical,1889-10,1889,10,8.119214504923864,7.886854726076276,0.23235977884758796
E3SM-Project,E3SM-1-1-ECA,r1i1p1f1,gr,historical,1889-11,1889,11,10.300672008058603,10.153988238532676,0.14668376952592688
E3SM-Project,E3SM-1-1-ECA,r1i1p1f1,gr,historical,1889-12,1889,12,12.004555588467097,11.811870982691465,0.19268460577563218
E3SM-Project,E3SM-1-1-ECA,r1i1p1f1,gr,historical,1890-01,1890,1,12.370338112435396,12.71073050495603,-0.34039239252063425
E3SM-Project,E3SM-1-1-ECA,r1i1p1f1,gr,historical,1890-02,1890,2,12.7066497553676,13.080339320867374,-0.37368956549977383
E3SM-Project,E3SM-1-1-ECA,r1i1p1f1,gr,historical,1890-03,1890,3,12.743107283916654,13.194749281081773,-0.4516419971651189
E3SM-Project,E3SM-1-1-ECA,r1i1p1f1,gr,historical,1890-04,1890,4,12.595830447065795,12.935942411086883,-0.34011196402108723
E3SM-Project,E3SM-1-1-ECA,r1i1p1f1,gr,historical,1890-05,1890,5,11.108882952427415,11.649231664066448,-0.5403487116390338
E3SM-Project,E3SM-1-1-ECA,r1i1p1f1,gr,historical,1890-06,1890,6,9.576432547719262,9.959573801413983,-0.3831412536947205
E3SM-Project,E3SM-1-1-ECA,r1i1p1f1,gr,historical,1890-07,1890,7,8.070761688305806,8.3000876816458,-0.22932599333999448
E3SM-Project,E3SM-1-1-ECA,r1i1p1f1,gr,historical,1890-08,1890,8,6.517185904416474,6.692120761098942,-0.17493485668246844
E3SM-Project,E3SM-1-1-ECA,r1i1p1f1,gr,historical,1890-09,1890,9,5.857546295683851,6.03406357736994,-0.17651728168608916
E3SM-Project,E3SM-1-1-ECA,r1i1p1f1,gr,historical,1890-10,1890,10,7.651640326400391,7.886854726076276,-0.2352143996758853
E3SM-Project,E3SM-1-1-ECA,r1i1p1f1,gr,historical,1890-11,1890,11,10.589313434644371,10.153988238532676,0.4353251961116946
E3SM-Project,E3SM-1-1-ECA,r1i1p1f1,gr,historical,1890-12,1890,12,12.115910142763926,11.811870982691465,0.30403916007246146
E3SM-Project,E3SM-1-1-ECA,r1i1p1f1,gr,historical,1891-01,1891,1,12.976112087571687,12.71073050495603,0.2653815826156567
E3SM-Project,E3SM-1-1-ECA,r1i1p1f1,gr,historical,1891-02,1891,2,13.443859687671079,13.080339320867374,0.36352036680370503
E3SM-Project,E3SM-1-1-ECA,r1i1p1f1,gr,historical,1891-03,1891,3,13.74546577968768,13.194749281081773,0.5507164986059063
E3SM-Project,E3SM-1-1-ECA,r1i1p1f1,gr,historical,1891-04,1891,4,13.672647855362923,12.935942411086883,0.7367054442760406
E3SM-Project,E3SM-1-1-ECA,r1i1p1f1,gr,historical,1891-05,1891,5,12.063883752250474,11.649231664066448,0.41465208818402566
E3SM-Project,E3SM-1-1-ECA,r1i1p1f1,gr,historical,1891-06,1891,6,10.102080106144362,9.959573801413983,0.14250630473037873
E3SM-Project,E3SM-1-1-ECA,r1i1p1f1,gr,historical,1891-07,1891,7,8.31543310931098,8.3000876816458,0.015345427665179656
E3SM-Project,E3SM-1-1-ECA,r1i1p1f1,gr,historical,1891-08,1891,8,6.66096250993949,6.692120761098942,-0.031158251159451922
E3SM-Project,E3SM-1-1-ECA,r1i1p1f1,gr,historical,1891-09,1891,9,5.967589447282218,6.03406357736994,-0.0664741300877223
E3SM-Project,E3SM-1-1-ECA,r1i1p1f1,gr,historical,1891-10,1891,10,8.024607224753272,7.886854726076276,0.13775249867699557
E3SM-Project,E3SM-1-1-ECA,r1i1p1f1,gr,historical,1891-11,1891,11,10.54348140300186,10.153988238532676,0.38949316446918303
E3SM-Project,E3SM-1-1-ECA,r1i1p1f1,gr,historical,1891-12,1891,12,12.332622548243007,11.811870982691465,0.5207515655515422
E3SM-Project,E3SM-1-1-ECA,r1i1p1f1,gr,historical,1892-01,1892,1,13.121193859145016,12.71073050495603,0.4104633541889857
E3SM-Project,E3SM-1-1-ECA,r1i1p1f1,gr,historical,1892-02,1892,2,13.761402362873708,13.080339320867374,0.6810630420063344
E3SM-Project,E3SM-1-1-ECA,r1i1p1f1,gr,historical,1892-03,1892,3,13.9973845379995,13.194749281081773,0.8026352569177266
E3SM-Project,E3SM-1-1-ECA,r1i1p1f1,gr,historical,1892-04,1892,4,13.603761646994458,12.935942411086883,0.6678192359075759
E3SM-Project,E3SM-1-1-ECA,r1i1p1f1,gr,historical,1892-05,1892,5,12.268686674400989,11.649231664066448,0.6194550103345406
E3SM-Project,E3SM-1-1-ECA,r1i1p1f1,gr,historical,1892-06,1892,6,10.616773075772088,9.959573801413983,0.6571992743581045
E3SM-Project,E3SM-1-1-ECA,r1i1p1f1,gr,historical,1892-07,1892,7,8.847630728721606,8.3000876816458,0.5475430470758056
E3SM-Project,E3SM-1-1-ECA,r1i1p1f1,gr,historical,1892-08,1892,8,6.8964821867154145,6.692120761098942,0.2043614256164723
E3SM-Project,E3SM-1-1-ECA,r1i1p1f1,gr,historical,1892-09,1892,9,6.2299490180404025,6.03406357736994,0.19588544067046243
E3SM-Project,E3SM-1-1-ECA,r1i1p1f1,gr,historical,1892-10,1892,10,8.364456346295627,7.886854726076276,0.4776016202193514
E3SM-Project,E3SM-1-1-ECA,r1i1p1f1,gr,historical,1892-11,1892,11,10.182616415302666,10.153988238532676,0.028628176769990077
E3SM-Project,E3SM-1-1-ECA,r1i1p1f1,gr,historical,1892-12,1892,12,11.683458923268043,11.811870982691465,-0.1284120594234217
E3SM-Project,E3SM-1-1-ECA,r1i1p1f1,gr,historical,1893-01,1893,1,12.72354104341746,12.71073050495603,0.012810538461430099
E3SM-Project,E3SM-1-1-ECA,r1i1p1f1,gr,historical,1893-02,1893,2,13.147875291597586,13.080339320867374,0.06753597073021211
E3SM-Project,E3SM-1-1-ECA,r1i1p1f1,gr,historical,1893-03,1893,3,13.331496123541372,13.194749281081773,0.13674684245959945
E3SM-Project,E3SM-1-1-ECA,r1i1p1f1,gr,historical,1893-04,1893,4,13.16157937654759,12.935942411086883,0.22563696546070666
E3SM-Project,E3SM-1-1-ECA,r1i1p1f1,gr,historical,1893-05,1893,5,11.795303359511529,11.649231664066448,0.14607169544508025
E3SM-Project,E3SM-1-1-ECA,r1i1p1f1,gr,historical,1893-06,1893,6,10.040989077928062,9.959573801413983,0.08141527651407898
E3SM-Project,E3SM-1-1-ECA,r1i1p1f1,gr,historical,1893-07,1893,7,8.534055995743204,8.3000876816458,0.23396831409740315
E3SM-Project,E3SM-1-1-ECA,r1i1p1f1,gr,historical,1893-08,1893,8,7.141107379287919,6.692120761098942,0.448986618188977
E3SM-Project,E3SM-1-1-ECA,r1i1p1f1,gr,historical,1893-09,1893,9,6.419968107026383,6.03406357736994,0.3859045296564432
E3SM-Project,E3SM-1-1-ECA,r1i1p1f1,gr,historical,1893-10,1893,10,8.213737583516025,7.886854726076276,0.3268828574397489
E3SM-Project,E3SM-1-1-ECA,r1i1p1f1,gr,historical,1893-11,1893,11,10.247486548954525,10.153988238532676,0.09349831042184853
E3SM-Project,E3SM-1-1-ECA,r1i1p1f1,gr,historical,1893-12,1893,12,12.08127107507977,11.811870982691465,0.2694000923883042
E3SM-Project,E3SM-1-1-ECA,r1i1p1f1,gr,historical,1894-01,1894,1,13.024826281319852,12.71073050495603,0.31409577636382124
E3SM-Project,E3SM-1-1-ECA,r1i1p1f1,gr,historical,1894-02,1894,2,13.237333150478344,13.080339320867374,0.15699382961097008
E3SM-Project,E3SM-1-1-ECA,r1i1p1f1,gr,historical,1894-03,1894,3,13.441498728707698,13.194749281081773,0.2467494476259251
E3SM-Project,E3SM-1-1-ECA,r1i1p1f1,gr,historical,1894-04,1894,4,13.223179992435231,12.935942411086883,0.2872375813483483
E3SM-Project,E3SM-1-1-ECA,r1i1p1f1,gr,historical,1894-05,1894,5,12.123730239460063,11.649231664066448,0.4744985753936142
E3SM-Project,E3SM-1-1-ECA,r1i1p1f1,gr,historical,1894-06,1894,6,10.436940717618503,9.959573801413983,0.4773669162045202
E3SM-Project,E3SM-1-1-ECA,r1i1p1f1,gr,historical,1894-07,1894,7,8.788089742945276,8.3000876816458,0.48800206129947554
E3SM-Project,E3SM-1-1-ECA,r1i1p1f1,gr,historical,1894-08,1894,8,7.1397129540347795,6.692120761098942,0.4475921929358373
E3SM-Project,E3SM-1-1-ECA,r1i1p1f1,gr,historical,1894-09,1894,9,6.746789800817844,6.03406357736994,0.7127262234479037
E3SM-Project,E3SM-1-1-ECA,r1i1p1f1,gr,historical,1894-10,1894,10,8.996126297148935,7.886854726076276,1.109271571072659
E3SM-Project,E3SM-1-1-ECA,r1i1p1f1,gr,historical,1894-11,1894,11,10.711389215291529,10.153988238532676,0.5574009767588528
E3SM-Project,E3SM-1-1-ECA,r1i1p1f1,gr,historical,1894-12,1894,12,12.18562882598881,11.811870982691465,0.3737578432973443
E3SM-Project,E3SM-1-1-ECA,r1i1p1f1,gr,historical,1895-01,1895,1,13.05374880880114,12.71073050495603,0.3430183038451098
E3SM-Project,E3SM-1-1-ECA,r1i1p1f1,gr,historical,1895-02,1895,2,13.521841654864405,13.080339320867374,0.44150233399703076
E3SM-Project,E3SM-1-1-ECA,r1i1p1f1,gr,historical,1895-03,1895,3,13.775270769944438,13.194749281081773,0.5805214888626651
E3SM-Project,E3SM-1-1-ECA,r1i1p1f1,gr,historical,1895-04,1895,4,13.548000461261282,12.935942411086883,0.6120580501743991
E3SM-Project,E3SM-1-1-ECA,r1i1p1f1,gr,historical,1895-05,1895,5,12.27358964796013,11.649231664066448,0.624357983893681
E3SM-Project,E3SM-1-1-ECA,r1i1p1f1,gr,historical,1895-06,1895,6,10.797599487541177,9.959573801413983,0.8380256861271942
E3SM-Project,E3SM-1-1-ECA,r1i1p1f1,gr,historical,1895-07,1895,7,9.125456959006629,8.3000876816458,0.8253692773608279
E3SM-Project,E3SM-1-1-ECA,r1i1p1f1,gr,historical,1895-08,1895,8,7.208893568983355,6.692120761098942,0.5167728078844132
E3SM-Project,E3SM-1-1-ECA,r1i1p1f1,gr,historical,1895-09,1895,9,6.461336792656709,6.03406357736994,0.4272732152867693
E3SM-Project,E3SM-1-1-ECA,r1i1p1f1,gr,historical,1895-10,1895,10,8.334603601176324,7.886854726076276,0.44774887510004824
E3SM-Project,E3SM-1-1-ECA,r1i1p1f1,gr,historical,1895-11,1895,11,10.838047435168374,10.153988238532676,0.6840591966356975
E3SM-Project,E3SM-1-1-ECA,r1i1p1f1,gr,historical,1895-12,1895,12,12.5262616284812,11.811870982691465,0.7143906457897344
E3SM-Project,E3SM-1-1-ECA,r1i1p1f1,gr,historical,1896-01,1896,1,13.123645090893316,12.71073050495603,0.41291458593728514
E3SM-Project,E3SM-1-1-ECA,r1i1p1f1,gr,historical,1896-02,1896,2,13.234314301145544,13.080339320867374,0.15397498027816958
E3SM-Project,E3SM-1-1-ECA,r1i1p1f1,gr,historical,1896-03,1896,3,13.57370152600123,13.194749281081773,0.3789522449194571
E3SM-Project,E3SM-1-1-ECA,r1i1p1f1,gr,historical,1896-04,1896,4,13.384446787953635,12.935942411086883,0.4485043768667527
E3SM-Project,E3SM-1-1-ECA,r1i1p1f1,gr,historical,1896-05,1896,5,12.276744611809608,11.649231664066448,0.6275129477431598
E3SM-Project,E3SM-1-1-ECA,r1i1p1f1,gr,historical,1896-06,1896,6,10.663414492148856,9.959573801413983,0.7038406907348733
E3SM-Project,E3SM-1-1-ECA,r1i1p1f1,gr,historical,1896-07,1896,7,9.018068544914957,8.3000876816458,0.7179808632691564
E3SM-Project,E3SM-1-1-ECA,r1i1p1f1,gr,historical,1896-08,1896,8,7.483949652370421,6.692120761098942,0.7918288912714786
E3SM-Project,E3SM-1-1-ECA,r1i1p1f1,gr,historical,1896-09,1896,9,7.440050724240349,6.03406357736994,1.4059871468704088
E3SM-Project,E3SM-1-1-ECA,r1i1p1f1,gr,historical,1896-10,1896,10,9.386442364509177,7.886854726076276,1.4995876384329012
E3SM-Project,E3SM-1-1-ECA,r1i1p1f1,gr,historical,1896-11,1896,11,10.747498190378009,10.153988238532676,0.5935099518453324
E3SM-Project,E3SM-1-1-ECA,r1i1p1f1,gr,historical,1896-12,1896,12,12.240257696209028,11.811870982691465,0.42838671351756297
E3SM-Project,E3SM-1-1-ECA,r1i1p1f1,gr,historical,1897-01,1897,1,13.003212636996208,12.71073050495603,0.2924821320401776
E3SM-Project,E3SM-1-1-ECA,r1i1p1f1,gr,historical,1897-02,1897,2,13.561314955120567,13.080339320867374,0.480975634253193
E3SM-Project,E3SM-1-1-ECA,r1i1p1f1,gr,historical,1897-03,1897,3,13.70070982704684,13.194749281081773,0.5059605459650669
E3SM-Project,E3SM-1-1-ECA,r1i1p1f1,gr,historical,1897-04,1897,4,13.327031314818425,12.935942411086883,0.3910889037315428
E3SM-Project,E3SM-1-1-ECA,r1i1p1f1,gr,historical,1897-05,1897,5,11.998583993487264,11.649231664066448,0.3493523294208156
E3SM-Project,E3SM-1-1-ECA,r1i1p1f1,gr,historical,1897-06,1897,6,10.44500087336499,9.959573801413983,0.48542707195100654
E3SM-Project,E3SM-1-1-ECA,r1i1p1f1,gr,historical,1897-07,1897,7,8.914056512130049,8.3000876816458,0.6139688304842483
E3SM-Project,E3SM-1-1-ECA,r1i1p1f1,gr,historical,1897-08,1897,8,7.258653770161336,6.692120761098942,0.5665330090623941
E3SM-Project,E3SM-1-1-ECA,r1i1p1f1,gr,historical,1897-09,1897,9,6.664539700482505,6.03406357736994,0.6304761231125653
E3SM-Project,E3SM-1-1-ECA,r1i1p1f1,gr,historical,1897-10,1897,10,8.971734235150608,7.886854726076276,1.084879509074332
E3SM-Project,E3SM-1-1-ECA,r1i1p1f1,gr,historical,1897-11,1897,11,10.93016534944783,10.153988238532676,0.7761771109151532
E3SM-Project,E3SM-1-1-ECA,r1i1p1f1,gr,historical,1897-12,1897,12,12.601912610282826,11.811870982691465,0.7900416275913607
E3SM-Project,E3SM-1-1-ECA,r1i1p1f1,gr,historical,1898-01,1898,1,13.538007900930427,12.71073050495603,0.8272773959743969
E3SM-Project,E3SM-1-1-ECA,r1i1p1f1,gr,historical,1898-02,1898,2,13.673341929508927,13.080339320867374,0.5930026086415534
E3SM-Project,E3SM-1-1-ECA,r1i1p1f1,gr,historical,1898-03,1898,3,13.607635078106176,13.194749281081773,0.4128857970244031
E3SM-Project,E3SM-1-1-ECA,r1i1p1f1,gr,historical,1898-04,1898,4,13.304179521728122,12.935942411086883,0.368237110641239
E3SM-Project,E3SM-1-1-ECA,r1i1p1f1,gr,historical,1898-05,1898,5,12.00234143282257,11.649231664066448,0.35310976875612177
E3SM-Project,E3SM-1-1-ECA,r1i1p1f1,gr,historical,1898-06,1898,6,10.313388131878762,9.959573801413983,0.35381433046477895
E3SM-Project,E3SM-1-1-ECA,r1i1p1f1,gr,historical,1898-07,1898,7,8.883130241131868,8.3000876816458,0.5830425594860671
E3SM-Project,E3SM-1-1-ECA,r1i1p1f1,gr,historical,1898-08,1898,8,7.466448768775815,6.692120761098942,0.774328007676873
E3SM-Project,E3SM-1-1-ECA,r1i1p1f1,gr,historical,1898-09,1898,9,6.794571849353621,6.03406357736994,0.7605082719836807
E3SM-Project,E3SM-1-1-ECA,r1i1p1f1,gr,historical,1898-10,1898,10,8.672250133929001,7.886854726076276,0.7853954078527252
E3SM-Project,E3SM-1-1-ECA,r1i1p1f1,gr,historical,1898-11,1898,11,10.958758313629955,10.153988238532676,0.804770075097279
E3SM-Project,E3SM-1-1-ECA,r1i1p1f1,gr,historical,1898-12,1898,12,12.59256818504685,11.811870982691465,0.7806972023553858
E3SM-Project,E3SM-1-1-ECA,r1i1p1f1,gr,historical,1899-01,1899,1,12.976924671585468,12.71073050495603,0.26619416662943785
E3SM-Project,E3SM-1-1-ECA,r1i1p1f1,gr,historical,1899-02,1899,2,12.927613286971692,13.080339320867374,-0.15272603389568218
E3SM-Project,E3SM-1-1-ECA,r1i1p1f1,gr,historical,1899-03,1899,3,13.114691502711544,13.194749281081773,-0.08005777837022876
E3SM-Project,E3SM-1-1-ECA,r1i1p1f1,gr,historical,1899-04,1899,4,12.799286755853192,12.935942411086883,-0.1366556552336906
E3SM-Project,E3SM-1-1-ECA,r1i1p1f1,gr,historical,1899-05,1899,5,11.752800352463863,11.649231664066448,0.10356868839741473
E3SM-Project,E3SM-1-1-ECA,r1i1p1f1,gr,historical,1899-06,1899,6,10.25040257980846,9.959573801413983,0.2908287783944772
E3SM-Project,E3SM-1-1-ECA,r1i1p1f1,gr,historical,1899-07,1899,7,8.587366007080549,8.3000876816458,0.2872783254347482
E3SM-Project,E3SM-1-1-ECA,r1i1p1f1,gr,historical,1899-08,1899,8,7.091926323547157,6.692120761098942,0.39980556244821486
E3SM-Project,E3SM-1-1-ECA,r1i1p1f1,gr,historical,1899-09,1899,9,6.560952788840414,6.03406357736994,0.5268892114704737
E3SM-Project,E3SM-1-1-ECA,r1i1p1f1,gr,historical,1899-10,1899,10,8.079154979249765,7.886854726076276,0.19230025317348876
E3SM-Project,E3SM-1-1-ECA,r1i1p1f1,gr,historical,1899-11,1899,11,10.149113904222594,10.153988238532676,-0.004874334310082773
E3SM-Project,E3SM-1-1-ECA,r1i1p1f1,gr,historical,1899-12,1899,12,12.189207831167677,11.811870982691465,0.37733684847621163
E3SM-Project,E3SM-1-1-ECA,r1i1p1f1,gr,historical,1900-01,1900,1,12.98690150727376,12.71073050495603,0.27617100231772973
E3SM-Project,E3SM-1-1-ECA,r1i1p1f1,gr,historical,1900-02,1900,2,13.587094211194003,13.080339320867374,0.5067548903266292
E3SM-Project,E3SM-1-1-ECA,r1i1p1f1,gr,historical,1900-03,1900,3,13.767541517507796,13.194749281081773,0.5727922364260234
E3SM-Project,E3SM-1-1-ECA,r1i1p1f1,gr,historical,1900-04,1900,4,13.488179300894146,12.935942411086883,0.5522368898072632
E3SM-Project,E3SM-1-1-ECA,r1i1p1f1,gr,historical,1900-05,1900,5,12.214241943965623,11.649231664066448,0.565010279899175
E3SM-Project,E3SM-1-1-ECA,r1i1p1f1,gr,historical,1900-06,1900,6,10.451844851369042,9.959573801413983,0.4922710499550593
E3SM-Project,E3SM-1-1-ECA,r1i1p1f1,gr,historical,1900-07,1900,7,8.863421187179336,8.3000876816458,0.5633335055335351
E3SM-Project,E3SM-1-1-ECA,r1i1p1f1,gr,historical,1900-08,1900,8,7.457564436649275,6.692120761098942,0.7654436755503324
E3SM-Project,E3SM-1-1-ECA,r1i1p1f1,gr,historical,1900-09,1900,9,6.88452860506797,6.03406357736994,0.8504650276980303
E3SM-Project,E3SM-1-1-ECA,r1i1p1f1,gr,historical,1900-10,1900,10,8.497852947464276,7.886854726076276,0.6109982213879999
E3SM-Project,E3SM-1-1-ECA,r1i1p1f1,gr,historical,1900-11,1900,11,10.666582576484556,10.153988238532676,0.5125943379518798
E3SM-Project,E3SM-1-1-ECA,r1i1p1f1,gr,historical,1900-12,1900,12,12.265018594584173,11.811870982691465,0.45314761189270847
E3SM-Project,E3SM-1-1-ECA,r1i1p1f1,gr,historical,1901-01,1901,1,13.086119157894831,12.71073050495603,0.37538865293880086
E3SM-Project,E3SM-1-1-ECA,r1i1p1f1,gr,historical,1901-02,1901,2,13.412804500137677,13.080339320867374,0.3324651792703026
E3SM-Project,E3SM-1-1-ECA,r1i1p1f1,gr,historical,1901-03,1901,3,13.516904065771502,13.194749281081773,0.32215478468972947
E3SM-Project,E3SM-1-1-ECA,r1i1p1f1,gr,historical,1901-04,1901,4,13.365981275594239,12.935942411086883,0.43003886450735607
E3SM-Project,E3SM-1-1-ECA,r1i1p1f1,gr,historical,1901-05,1901,5,12.072589806632116,11.649231664066448,0.42335814256566806
E3SM-Project,E3SM-1-1-ECA,r1i1p1f1,gr,historical,1901-06,1901,6,10.512858491083094,9.959573801413983,0.5532846896691108
E3SM-Project,E3SM-1-1-ECA,r1i1p1f1,gr,historical,1901-07,1901,7,8.928052115722254,8.3000876816458,0.6279644340764534
E3SM-Project,E3SM-1-1-ECA,r1i1p1f1,gr,historical,1901-08,1901,8,7.218376935079817,6.692120761098942,0.5262561739808751
E3SM-Project,E3SM-1-1-ECA,r1i1p1f1,gr,historical,1901-09,1901,9,6.774742283051678,6.03406357736994,0.7406787056817379
E3SM-Project,E3SM-1-1-ECA,r1i1p1f1,gr,historical,1901-10,1901,10,9.066618882443956,7.886854726076276,1.1797641563676802
E3SM-Project,E3SM-1-1-ECA,r1i1p1f1,gr,historical,1901-11,1901,11,10.754621851548263,10.153988238532676,0.6006336130155869
E3SM-Project,E3SM-1-1-ECA,r1i1p1f1,gr,historical,1901-12,1901,12,11.858013767038504,11.811870982691465,0.04614278434703856
E3SM-Project,E3SM-1-1-ECA,r1i1p1f1,gr,historical,1902-01,1902,1,12.869405466124109,12.71073050495603,0.158674961168078
E3SM-Project,E3SM-1-1-ECA,r1i1p1f1,gr,historical,1902-02,1902,2,13.327484329007737,13.080339320867374,0.24714500814036278
E3SM-Project,E3SM-1-1-ECA,r1i1p1f1,gr,historical,1902-03,1902,3,13.184781631923897,13.194749281081773,-0.009967649157875513
E3SM-Project,E3SM-1-1-ECA,r1i1p1f1,gr,historical,1902-04,1902,4,12.878644180924196,12.935942411086883,-0.057298230162686536
E3SM-Project,E3SM-1-1-ECA,r1i1p1f1,gr,historical,1902-05,1902,5,11.591121478460057,11.649231664066448,-0.058110185606391696
E3SM-Project,E3SM-1-1-ECA,r1i1p1f1,gr,historical,1902-06,1902,6,10.004681938849405,9.959573801413983,0.04510813743542208
E3SM-Project,E3SM-1-1-ECA,r1i1p1f1,gr,historical,1902-07,1902,7,8.547708298900467,8.3000876816458,0.24762061725466644
E3SM-Project,E3SM-1-1-ECA,r1i1p1f1,gr,historical,1902-08,1902,8,7.207435624784978,6.692120761098942,0.5153148636860356
E3SM-Project,E3SM-1-1-ECA,r1i1p1f1,gr,historical,1902-09,1902,9,6.635443065592505,6.03406357736994,0.6013794882225652
E3SM-Project,E3SM-1-1-ECA,r1i1p1f1,gr,historical,1902-10,1902,10,8.552355699458152,7.886854726076276,0.6655009733818762
E3SM-Project,E3SM-1-1-ECA,r1i1p1f1,gr,historical,1902-11,1902,11,10.557235400979346,10.153988238532676,0.4032471624466698
E3SM-Project,E3SM-1-1-ECA,r1i1p1f1,gr,historical,1902-12,1902,12,11.835943506919676,11.811870982691465,0.02407252422821138
E3SM-Project,E3SM-1-1-ECA,r1i1p1f1,gr,historical,1903-01,1903,1,12.656017583197332,12.71073050495603,-0.05471292175869813
E3SM-Project,E3SM-1-1-ECA,r1i1p1f1,gr,historical,1903-02,1903,2,12.91439008897159,13.080339320867374,-0.1659492318957838
E3SM-Project,E3SM-1-1-ECA,r1i1p1f1,gr,historical,1903-03,1903,3,13.149720428566829,13.194749281081773,-0.04502885251494426
E3SM-Project,E3SM-1-1-ECA,r1i1p1f1,gr,historical,1903-04,1903,4,12.876608771970266,12.935942411086883,-0.059333639116616155
E3SM-Project,E3SM-1-1-ECA,r1i1p1f1,gr,historical,1903-05,1903,5,11.606250202774504,11.649231664066448,-0.042981461291944356
E3SM-Project,E3SM-1-1-ECA,r1i1p1f1,gr,historical,1903-06,1903,6,10.087250480485057,9.959573801413983,0.12767667907107416
E3SM-Project,E3SM-1-1-ECA,r1i1p1f1,gr,historical,1903-07,1903,7,8.61152094753914,8.3000876816458,0.31143326589333853
E3SM-Project,E3SM-1-1-ECA,r1i1p1f1,gr,historical,1903-08,1903,8,7.128311041354048,6.692120761098942,0.4361902802551061
E3SM-Project,E3SM-1-1-ECA,r1i1p1f1,gr,historical,1903-09,1903,9,6.821132745879201,6.03406357736994,0.7870691685092606
E3SM-Project,E3SM-1-1-ECA,r1i1p1f1,gr,historical,1903-10,1903,10,8.735892989211953,7.886854726076276,0.849038263135677
E3SM-Project,E3SM-1-1-ECA,r1i1p1f1,gr,historical,1903-11,1903,11,10.685251059252112,10.153988238532676,0.5312628207194354
E3SM-Project,E3SM-1-1-ECA,r1i1p1f1,gr,historical,1903-12,1903,12,11.790602913502351,11.811870982691465,-0.02126806918911406
E3SM-Project,E3SM-1-1-ECA,r1i1p1f1,gr,historical,1904-01,1904,1,12.534343528486344,12.71073050495603,-0.17638697646968637
E3SM-Project,E3SM-1-1-ECA,r1i1p1f1,gr,historical,1904-02,1904,2,12.75977573182606,13.080339320867374,-0.32056358904131343
E3SM-Project,E3SM-1-1-ECA,r1i1p1f1,gr,historical,1904-03,1904,3,12.642907760386693,13.194749281081773,-0.5518415206950795
E3SM-Project,E3SM-1-1-ECA,r1i1p1f1,gr,historical,1904-04,1904,4,12.585303908138158,12.935942411086883,-0.35063850294872445
E3SM-Project,E3SM-1-1-ECA,r1i1p1f1,gr,historical,1904-05,1904,5,11.423849438480408,11.649231664066448,-0.22538222558604026
E3SM-Project,E3SM-1-1-ECA,r1i1p1f1,gr,historical,1904-06,1904,6,9.81005113218375,9.959573801413983,-0.14952266923023316
E3SM-Project,E3SM-1-1-ECA,r1i1p1f1,gr,historical,1904-07,1904,7,8.290678853054557,8.3000876816458,-0.009408828591244145
E3SM-Project,E3SM-1-1-ECA,r1i1p1f1,gr,historical,1904-08,1904,8,7.072475653741514,6.692120761098942,0.38035489264257194
E3SM-Project,E3SM-1-1-ECA,r1i1p1f1,gr,historical,1904-09,1904,9,6.605734362582251,6.03406357736994,0.5716707852123113
E3SM-Project,E3SM-1-1-ECA,r1i1p1f1,gr,historical,1904-10,1904,10,8.4181282791155,7.886854726076276,0.5312735530392239
E3SM-Project,E3SM-1-1-ECA,r1i1p1f1,gr,historical,1904-11,1904,11,10.57451839063758,10.153988238532676,0.4205301521049041
E3SM-Project,E3SM-1-1-ECA,r1i1p1f1,gr,historical,1904-12,1904,12,12.117540264209486,11.811870982691465,0.3056692815180213
E3SM-Project,E3SM-1-1-ECA,r1i1p1f1,gr,historical,1905-01,1905,1,12.669227358568055,12.71073050495603,-0.04150314638797603
E3SM-Project,E3SM-1-1-ECA,r1i1p1f1,gr,historical,1905-02,1905,2,13.107470522851871,13.080339320867374,0.027131201984497366
E3SM-Project,E3SM-1-1-ECA,r1i1p1f1,gr,historical,1905-03,1905,3,13.274201515204641,13.194749281081773,0.0794522341228685
E3SM-Project,E3SM-1-1-ECA,r1i1p1f1,gr,historical,1905-04,1905,4,12.794100407781457,12.935942411086883,-0.14184200330542573
E3SM-Project,E3SM-1-1-ECA,r1i1p1f1,gr,historical,1905-05,1905,5,11.700509383115344,11.649231664066448,0.051277719048895776
E3SM-Project,E3SM-1-1-ECA,r1i1p1f1,gr,historical,1905-06,1905,6,9.987532948441125,9.959573801413983,0.02795914702714164
E3SM-Project,E3SM-1-1-ECA,r1i1p1f1,gr,historical,1905-07,1905,7,8.39720887144229,8.3000876816458,0.0971211897964892
E3SM-Project,E3SM-1-1-ECA,r1i1p1f1,gr,historical,1905-08,1905,8,6.985433490119953,6.692120761098942,0.2933127290210109
E3SM-Project,E3SM-1-1-ECA,r1i1p1f1,gr,historical,1905-09,1905,9,6.598224755402576,6.03406357736994,0.5641611780326361
E3SM-Project,E3SM-1-1-ECA,r1i1p1f1,gr,historical,1905-10,1905,10,8.38563175951591,7.886854726076276,0.49877703343963375
E3SM-Project,E3SM-1-1-ECA,r1i1p1f1,gr,historical,1905-11,1905,11,10.672838914177431,10.153988238532676,0.5188506756447548
E3SM-Project,E3SM-1-1-ECA,r1i1p1f1,gr,historical,1905-12,1905,12,12.151475263893312,11.811870982691465,0.33960428120184716
E3SM-Project,E3SM-1-1-ECA,r1i1p1f1,gr,historical,1906-01,1906,1,12.89815836907331,12.71073050495603,0.18742786411727863
E3SM-Project,E3SM-1-1-ECA,r1i1p1f1,gr,historical,1906-02,1906,2,13.358555941131032,13.080339320867374,0.2782166202636578
E3SM-Project,E3SM-1-1-ECA,r1i1p1f1,gr,historical,1906-03,1906,3,13.454877235950779,13.194749281081773,0.26012795486900586
E3SM-Project,E3SM-1-1-ECA,r1i1p1f1,gr,historical,1906-04,1906,4,13.119962522585812,12.935942411086883,0.1840201114989295
E3SM-Project,E3SM-1-1-ECA,r1i1p1f1,gr,historical,1906-05,1906,5,11.777791527120579,11.649231664066448,0.12855986305413047
E3SM-Project,E3SM-1-1-ECA,r1i1p1f1,gr,historical,1906-06,1906,6,10.132882361680425,9.959573801413983,0.1733085602664417
E3SM-Project,E3SM-1-1-ECA,r1i1p1f1,gr,historical,1906-07,1906,7,8.465811730337485,8.3000876816458,0.16572404869168444
E3SM-Project,E3SM-1-1-ECA,r1i1p1f1,gr,historical,1906-08,1906,8,6.816709841182737,6.692120761098942,0.12458908008379499
E3SM-Project,E3SM-1-1-ECA,r1i1p1f1,gr,historical,1906-09,1906,9,6.246020956486423,6.03406357736994,0.21195737911648305
E3SM-Project,E3SM-1-1-ECA,r1i1p1f1,gr,historical,1906-10,1906,10,8.004287343795504,7.886854726076276,0.11743261771922775
E3SM-Project,E3SM-1-1-ECA,r1i1p1f1,gr,historical,1906-11,1906,11,10.17937670489935,10.153988238532676,0.025388466366674578
E3SM-Project,E3SM-1-1-ECA,r1i1p1f1,gr,historical,1906-12,1906,12,11.807843816452793,11.811870982691465,-0.004027166238671498
E3SM-Project,E3SM-1-1-ECA,r1i1p1f1,gr,historical,1907-01,1907,1,12.581657150990518,12.71073050495603,-0.1290733539655129
E3SM-Project,E3SM-1-1-ECA,r1i1p1f1,gr,historical,1907-02,1907,2,12.912775258682649,13.080339320867374,-0.16756406218472542
E3SM-Project,E3SM-1-1-ECA,r1i1p1f1,gr,historical,1907-03,1907,3,12.965723095971754,13.194749281081773,-0.22902618511001904
E3SM-Project,E3SM-1-1-ECA,r1i1p1f1,gr,historical,1907-04,1907,4,12.732939500684326,12.935942411086883,-0.20300291040255658
E3SM-Project,E3SM-1-1-ECA,r1i1p1f1,gr,historical,1907-05,1907,5,11.461862887307408,11.649231664066448,-0.1873687767590404
E3SM-Project,E3SM-1-1-ECA,r1i1p1f1,gr,historical,1907-06,1907,6,9.708124301399213,9.959573801413983,-0.25144950001477007
E3SM-Project,E3SM-1-1-ECA,r1i1p1f1,gr,historical,1907-07,1907,7,8.13751251300712,8.3000876816458,-0.16257516863868027
E3SM-Project,E3SM-1-1-ECA,r1i1p1f1,gr,historical,1907-08,1907,8,6.734501052137611,6.692120761098942,0.04238029103866925
E3SM-Project,E3SM-1-1-ECA,r1i1p1f1,gr,historical,1907-09,1907,9,6.412074718106489,6.03406357736994,0.3780111407365494
E3SM-Project,E3SM-1-1-ECA,r1i1p1f1,gr,historical,1907-10,1907,10,8.110382197309395,7.886854726076276,0.223527471233119
E3SM-Project,E3SM-1-1-ECA,r1i1p1f1,gr,historical,1907-11,1907,11,10.292566511606648,10.153988238532676,0.1385782730739713
E3SM-Project,E3SM-1-1-ECA,r1i1p1f1,gr,historical,1907-12,1907,12,11.8939789607958,11.811870982691465,0.0821079781043359
E3SM-Project,E3SM-1-1-ECA,r1i1p1f1,gr,historical,1908-01,1908,1,12.508528691801702,12.71073050495603,-0.2022018131543284
E3SM-Project,E3SM-1-1-ECA,r1i1p1f1,gr,historical,1908-02,1908,2,12.803254104992957,13.080339320867374,-0.2770852158744166
E3SM-Project,E3SM-1-1-ECA,r1i1p1f1,gr,historical,1908-03,1908,3,13.05254772830162,13.194749281081773,-0.14220155278015234
E3SM-Project,E3SM-1-1-ECA,r1i1p1f1,gr,historical,1908-04,1908,4,12.87606750712652,12.935942411086883,-0.05987490396036321
E3SM-Project,E3SM-1-1-ECA,r1i1p1f1,gr,historical,1908-05,1908,5,11.807753792676685,11.649231664066448,0.15852212861023673
E3SM-Project,E3SM-1-1-ECA,r1i1p1f1,gr,historical,1908-06,1908,6,10.180874563539204,9.959573801413983,0.22130076212522098
E3SM-Project,E3SM-1-1-ECA,r1i1p1f1,gr,historical,1908-07,1908,7,8.465166846041646,8.3000876816458,0.1650791643958449
E3SM-Project,E3SM-1-1-ECA,r1i1p1f1,gr,historical,1908-08,1908,8,6.944771412823493,6.692120761098942,0.2526506517245508
E3SM-Project,E3SM-1-1-ECA,r1i1p1f1,gr,historical,1908-09,1908,9,6.383944614908902,6.03406357736994,0.34988103753896205
E3SM-Project,E3SM-1-1-ECA,r1i1p1f1,gr,historical,1908-10,1908,10,7.933529774051138,7.886854726076276,0.04667504797486188
E3SM-Project,E3SM-1-1-ECA,r1i1p1f1,gr,historical,1908-11,1908,11,10.11353920756459,10.153988238532676,-0.04044903096808561
E3SM-Project,E3SM-1-1-ECA,r1i1p1f1,gr,historical,1908-12,1908,12,11.60309924583192,11.811870982691465,-0.20877173685954453
E3SM-Project,E3SM-1-1-ECA,r1i1p1f1,gr,historical,1909-01,1909,1,12.471712457203743,12.71073050495603,-0.2390180477522872
E3SM-Project,E3SM-1-1-ECA,r1i1p1f1,gr,historical,1909-02,1909,2,12.726286830610304,13.080339320867374,-0.35405249025706986
E3SM-Project,E3SM-1-1-ECA,r1i1p1f1,gr,historical,1909-03,1909,3,12.613899569386538,13.194749281081773,-0.5808497116952349
E3SM-Project,E3SM-1-1-ECA,r1i1p1f1,gr,historical,1909-04,1909,4,12.512506201840637,12.935942411086883,-0.4234362092462458
E3SM-Project,E3SM-1-1-ECA,r1i1p1f1,gr,historical,1909-05,1909,5,11.338286292914047,11.649231664066448,-0.3109453711524015
E3SM-Project,E3SM-1-1-ECA,r1i1p1f1,gr,historical,1909-06,1909,6,9.814035566434633,9.959573801413983,-0.14553823497934992
E3SM-Project,E3SM-1-1-ECA,r1i1p1f1,gr,historical,1909-07,1909,7,8.099229531943168,8.3000876816458,-0.20085814970263272
E3SM-Project,E3SM-1-1-ECA,r1i1p1f1,gr,historical,1909-08,1909,8,6.402947263189843,6.692120761098942,-0.28917349790909874
E3SM-Project,E3SM-1-1-ECA,r1i1p1f1,gr,historical,1909-09,1909,9,5.785858280136391,6.03406357736994,-0.24820529723354934
E3SM-Project,E3SM-1-1-ECA,r1i1p1f1,gr,historical,1909-10,1909,10,7.879597813661233,7.886854726076276,-0.007256912415043004
E3SM-Project,E3SM-1-1-ECA,r1i1p1f1,gr,historical,1909-11,1909,11,10.236571776011356,10.153988238532676,0.08258353747867986
E3SM-Project,E3SM-1-1-ECA,r1i1p1f1,gr,historical,1909-12,1909,12,11.710310042594134,11.811870982691465,-0.10156094009733074
E3SM-Project,E3SM-1-1-ECA,r1i1p1f1,gr,historical,1910-01,1910,1,12.808434108837352,12.71073050495603,0.09770360388132104
E3SM-Project,E3SM-1-1-ECA,r1i1p1f1,gr,historical,1910-02,1910,2,13.229404994688023,13.080339320867374,0.14906567382064928
E3SM-Project,E3SM-1-1-ECA,r1i1p1f1,gr,historical,1910-03,1910,3,13.308838482247392,13.194749281081773,0.11408920116561916
E3SM-Project,E3SM-1-1-ECA,r1i1p1f1,gr,historical,1910-04,1910,4,12.969630291938175,12.935942411086883,0.03368788085129282
E3SM-Project,E3SM-1-1-ECA,r1i1p1f1,gr,historical,1910-05,1910,5,11.754723511420176,11.649231664066448,0.10549184735372741
E3SM-Project,E3SM-1-1-ECA,r1i1p1f1,gr,historical,1910-06,1910,6,10.055967548045757,9.959573801413983,0.09639374663177414
E3SM-Project,E3SM-1-1-ECA,r1i1p1f1,gr,historical,1910-07,1910,7,8.5023351029484,8.3000876816458,0.20224742130259976
E3SM-Project,E3SM-1-1-ECA,r1i1p1f1,gr,historical,1910-08,1910,8,6.5125320552081565,6.692120761098942,-0.17958870589078568
E3SM-Project,E3SM-1-1-ECA,r1i1p1f1,gr,historical,1910-09,1910,9,5.797897382687359,6.03406357736994,-0.23616619468258104
E3SM-Project,E3SM-1-1-ECA,r1i1p1f1,gr,historical,1910-10,1910,10,8.2127067013401,7.886854726076276,0.3258519752638236
E3SM-Project,E3SM-1-1-ECA,r1i1p1f1,gr,historical,1910-11,1910,11,10.684489390477973,10.153988238532676,0.5305011519452965
E3SM-Project,E3SM-1-1-ECA,r1i1p1f1,gr,historical,1910-12,1910,12,12.380477635948692,11.811870982691465,0.5686066532572269
E3SM-Project,E3SM-1-1-ECA,r1i1p1f1,gr,historical,1911-01,1911,1,13.149356477211763,12.71073050495603,0.43862597225573197
E3SM-Project,E3SM-1-1-ECA,r1i1p1f1,gr,historical,1911-02,1911,2,13.399932066692475,13.080339320867374,0.31959274582510133
E3SM-Project,E3SM-1-1-ECA,r1i1p1f1,gr,historical,1911-03,1911,3,13.092534225786423,13.194749281081773,-0.1022150552953498
E3SM-Project,E3SM-1-1-ECA,r1i1p1f1,gr,historical,1911-04,1911,4,13.088444622120832,12.935942411086883,0.15250221103394956
E3SM-Project,E3SM-1-1-ECA,r1i1p1f1,gr,historical,1911-05,1911,5,11.733679790508644,11.649231664066448,0.08444812644219546
E3SM-Project,E3SM-1-1-ECA,r1i1p1f1,gr,historical,1911-06,1911,6,10.017276166612902,9.959573801413983,0.057702365198919026
E3SM-Project,E3SM-1-1-ECA,r1i1p1f1,gr,historical,1911-07,1911,7,8.475064749273596,8.3000876816458,0.17497706762779508
E3SM-Project,E3SM-1-1-ECA,r1i1p1f1,gr,historical,1911-08,1911,8,6.713800487771977,6.692120761098942,0.021679726673034416
E3SM-Project,E3SM-1-1-ECA,r1i1p1f1,gr,historical,1911-09,1911,9,6.023977216218373,6.03406357736994,-0.010086361151566692
E3SM-Project,E3SM-1-1-ECA,r1i1p1f1,gr,historical,1911-10,1911,10,7.845909308711179,7.886854726076276,-0.04094541736509694
E3SM-Project,E3SM-1-1-ECA,r1i1p1f1,gr,historical,1911-11,1911,11,10.428403399579244,10.153988238532676,0.2744151610465675
E3SM-Project,E3SM-1-1-ECA,r1i1p1f1,gr,historical,1911-12,1911,12,12.386719086987844,11.811870982691465,0.5748481042963789
E3SM-Project,E3SM-1-1-ECA,r1i1p1f1,gr,historical,1912-01,1912,1,13.3036090677752,12.71073050495603,0.5928785628191697
E3SM-Project,E3SM-1-1-ECA,r1i1p1f1,gr,historical,1912-02,1912,2,13.370494443265263,13.080339320867374,0.29015512239788954
E3SM-Project,E3SM-1-1-ECA,r1i1p1f1,gr,historical,1912-03,1912,3,13.506649612569726,13.194749281081773,0.31190033148795315
E3SM-Project,E3SM-1-1-ECA,r1i1p1f1,gr,historical,1912-04,1912,4,13.297264824360084,12.935942411086883,0.3613224132732018
E3SM-Project,E3SM-1-1-ECA,r1i1p1f1,gr,historical,1912-05,1912,5,11.929130374060508,11.649231664066448,0.2798987099940593
E3SM-Project,E3SM-1-1-ECA,r1i1p1f1,gr,historical,1912-06,1912,6,10.221677180930186,9.959573801413983,0.2621033795162031
E3SM-Project,E3SM-1-1-ECA,r1i1p1f1,gr,historical,1912-07,1912,7,8.653312189195624,8.3000876816458,0.3532245075498235
E3SM-Project,E3SM-1-1-ECA,r1i1p1f1,gr,historical,1912-08,1912,8,7.006392468480787,6.692120761098942,0.3142717073818444
E3SM-Project,E3SM-1-1-ECA,r1i1p1f1,gr,historical,1912-09,1912,9,6.345023869493736,6.03406357736994,0.31096029212379594
E3SM-Project,E3SM-1-1-ECA,r1i1p1f1,gr,historical,1912-10,1912,10,8.097948694098848,7.886854726076276,0.2110939680225723
E3SM-Project,E3SM-1-1-ECA,r1i1p1f1,gr,historical,1912-11,1912,11,10.76818862861265,10.153988238532676,0.614200390079974
E3SM-Project,E3SM-1-1-ECA,r1i1p1f1,gr,historical,1912-12,1912,12,12.222790293596374,11.811870982691465,0.41091931090490874
E3SM-Project,E3SM-1-1-ECA,r1i1p1f1,gr,historical,1913-01,1913,1,12.892357861584713,12.71073050495603,0.1816273566286828
E3SM-Project,E3SM-1-1-ECA,r1i1p1f1,gr,historical,1913-02,1913,2,13.28049775142391,13.080339320867374,0.20015843055653626
E3SM-Project,E3SM-1-1-ECA,r1i1p1f1,gr,historical,1913-03,1913,3,13.585498767541624,13.194749281081773,0.3907494864598515
E3SM-Project,E3SM-1-1-ECA,r1i1p1f1,gr,historical,1913-04,1913,4,13.292511552961951,12.935942411086883,0.3565691418750685
E3SM-Project,E3SM-1-1-ECA,r1i1p1f1,gr,historical,1913-05,1913,5,11.865605703805425,11.649231664066448,0.21637403973897662
E3SM-Project,E3SM-1-1-ECA,r1i1p1f1,gr,historical,1913-06,1913,6,10.221989151016071,9.959573801413983,0.26241534960208845
E3SM-Project,E3SM-1-1-ECA,r1i1p1f1,gr,historical,1913-07,1913,7,8.677043707797932,8.3000876816458,0.376956026152131
E3SM-Project,E3SM-1-1-ECA,r1i1p1f1,gr,historical,1913-08,1913,8,7.109718948819966,6.692120761098942,0.41759818772102353
E3SM-Project,E3SM-1-1-ECA,r1i1p1f1,gr,historical,1913-09,1913,9,6.456544123620025,6.03406357736994,0.42248054625008535
E3SM-Project,E3SM-1-1-ECA,r1i1p1f1,gr,historical,1913-10,1913,10,8.302551746353242,7.886854726076276,0.41569702027696565
E3SM-Project,E3SM-1-1-ECA,r1i1p1f1,gr,historical,1913-11,1913,11,10.80747763923677,10.153988238532676,0.6534894007040943
E3SM-Project,E3SM-1-1-ECA,r1i1p1f1,gr,historical,1913-12,1913,12,12.42019616100912,11.811870982691465,0.6083251783176546
E3SM-Project,E3SM-1-1-ECA,r1i1p1f1,gr,historical,1914-01,1914,1,12.926673396081451,12.71073050495603,0.21594289112542064
E3SM-Project,E3SM-1-1-ECA,r1i1p1f1,gr,historical,1914-02,1914,2,13.231109738221068,13.080339320867374,0.15077041735369434
E3SM-Project,E3SM-1-1-ECA,r1i1p1f1,gr,historical,1914-03,1914,3,13.22373894970164,13.194749281081773,0.02898966861986807
E3SM-Project,E3SM-1-1-ECA,r1i1p1f1,gr,historical,1914-04,1914,4,13.09269132651379,12.935942411086883,0.15674891542690794
E3SM-Project,E3SM-1-1-ECA,r1i1p1f1,gr,historical,1914-05,1914,5,11.74003808960637,11.649231664066448,0.09080642553992213
E3SM-Project,E3SM-1-1-ECA,r1i1p1f1,gr,historical,1914-06,1914,6,10.217807224490047,9.959573801413983,0.2582334230760637
E3SM-Project,E3SM-1-1-ECA,r1i1p1f1,gr,historical,1914-07,1914,7,8.66670283257589,8.3000876816458,0.36661515093008923
E3SM-Project,E3SM-1-1-ECA,r1i1p1f1,gr,historical,1914-08,1914,8,7.02747508671737,6.692120761098942,0.33535432561842793
E3SM-Project,E3SM-1-1-ECA,r1i1p1f1,gr,historical,1914-09,1914,9,6.547606721592673,6.03406357736994,0.5135431442227327
E3SM-Project,E3SM-1-1-ECA,r1i1p1f1,gr,historical,1914-10,1914,10,8.884239913417987,7.886854726076276,0.9973851873417114
E3SM-Project,E3SM-1-1-ECA,r1i1p1f1,gr,historical,1914-11,1914,11,10.91728362285972,10.153988238532676,0.7632953843270442
E3SM-Project,E3SM-1-1-ECA,r1i1p1f1,gr,historical,1914-12,1914,12,12.198999617225828,11.811870982691465,0.3871286345343634
E3SM-Project,E3SM-1-1-ECA,r1i1p1f1,gr,historical,1915-01,1915,1,12.648309404323383,12.71073050495603,-0.06242110063264761
E3SM-Project,E3SM-1-1-ECA,r1i1p1f1,gr,historical,1915-02,1915,2,12.988042752697364,13.080339320867374,-0.09229656817000986
E3SM-Project,E3SM-1-1-ECA,r1i1p1f1,gr,historical,1915-03,1915,3,13.066392903077121,13.194749281081773,-0.12835637800465172
E3SM-Project,E3SM-1-1-ECA,r1i1p1f1,gr,historical,1915-04,1915,4,12.734220690796626,12.935942411086883,-0.2017217202902568
E3SM-Project,E3SM-1-1-ECA,r1i1p1f1,gr,historical,1915-05,1915,5,11.406169019697774,11.649231664066448,-0.24306264436867409
E3SM-Project,E3SM-1-1-ECA,r1i1p1f1,gr,historical,1915-06,1915,6,9.75229212127928,9.959573801413983,-0.20728168013470238
E3SM-Project,E3SM-1-1-ECA,r1i1p1f1,gr,historical,1915-07,1915,7,8.08401613447587,8.3000876816458,-0.21607154716993016
E3SM-Project,E3SM-1-1-ECA,r1i1p1f1,gr,historical,1915-08,1915,8,6.33469452707578,6.692120761098942,-0.357426234023162
E3SM-Project,E3SM-1-1-ECA,r1i1p1f1,gr,historical,1915-09,1915,9,5.618390922115303,6.03406357736994,-0.41567265525463704
E3SM-Project,E3SM-1-1-ECA,r1i1p1f1,gr,historical,1915-10,1915,10,7.860448161182869,7.886854726076276,-0.026406564893407314
E3SM-Project,E3SM-1-1-ECA,r1i1p1f1,gr,historical,1915-11,1915,11,10.092807867610675,10.153988238532676,-0.061180370922000904
E3SM-Project,E3SM-1-1-ECA,r1i1p1f1,gr,historical,1915-12,1915,12,11.759615699232942,11.811870982691465,-0.05225528345852304
E3SM-Project,E3SM-1-1-ECA,r1i1p1f1,gr,historical,1916-01,1916,1,12.672344771536505,12.71073050495603,-0.03838573341952589
E3SM-Project,E3SM-1-1-ECA,r1i1p1f1,gr,historical,1916-02,1916,2,13.03398709759119,13.080339320867374,-0.046352223276183935
E3SM-Project,E3SM-1-1-ECA,r1i1p1f1,gr,historical,1916-03,1916,3,13.38984177073136,13.194749281081773,0.19509248964958736
E3SM-Project,E3SM-1-1-ECA,r1i1p1f1,gr,historical,1916-04,1916,4,13.230104022418903,12.935942411086883,0.29416161133202046
E3SM-Project,E3SM-1-1-ECA,r1i1p1f1,gr,historical,1916-05,1916,5,11.991928654485548,11.649231664066448,0.34269699041909973
E3SM-Project,E3SM-1-1-ECA,r1i1p1f1,gr,historical,1916-06,1916,6,10.229223236492437,9.959573801413983,0.2696494350784544
E3SM-Project,E3SM-1-1-ECA,r1i1p1f1,gr,historical,1916-07,1916,7,8.749111396994248,8.3000876816458,0.44902371534844754
E3SM-Project,E3SM-1-1-ECA,r1i1p1f1,gr,historical,1916-08,1916,8,7.1661509305153155,6.692120761098942,0.4740301694163733
E3SM-Project,E3SM-1-1-ECA,r1i1p1f1,gr,historical,1916-09,1916,9,6.559173498955016,6.03406357736994,0.5251099215850763
E3SM-Project,E3SM-1-1-ECA,r1i1p1f1,gr,historical,1916-10,1916,10,8.530666808098633,7.886854726076276,0.6438120820223574
E3SM-Project,E3SM-1-1-ECA,r1i1p1f1,gr,historical,1916-11,1916,11,11.264079218839045,10.153988238532676,1.110090980306369
E3SM-Project,E3SM-1-1-ECA,r1i1p1f1,gr,historical,1916-12,1916,12,12.61733020569027,11.811870982691465,0.8054592229988042
E3SM-Project,E3SM-1-1-ECA,r1i1p1f1,gr,historical,1917-01,1917,1,13.377253566122048,12.71073050495603,0.6665230611660178
E3SM-Project,E3SM-1-1-ECA,r1i1p1f1,gr,historical,1917-02,1917,2,13.754786845914813,13.080339320867374,0.6744475250474391
E3SM-Project,E3SM-1-1-ECA,r1i1p1f1,gr,historical,1917-03,1917,3,13.926411716428735,13.194749281081773,0.7316624353469621
E3SM-Project,E3SM-1-1-ECA,r1i1p1f1,gr,historical,1917-04,1917,4,13.40712846345673,12.935942411086883,0.47118605236984656
E3SM-Project,E3SM-1-1-ECA,r1i1p1f1,gr,historical,1917-05,1917,5,12.233823407024184,11.649231664066448,0.5845917429577359
E3SM-Project,E3SM-1-1-ECA,r1i1p1f1,gr,historical,1917-06,1917,6,10.469001946943258,9.959573801413983,0.5094281455292755
E3SM-Project,E3SM-1-1-ECA,r1i1p1f1,gr,historical,1917-07,1917,7,8.802407951761655,8.3000876816458,0.5023202701158542
E3SM-Project,E3SM-1-1-ECA,r1i1p1f1,gr,historical,1917-08,1917,8,7.169258455652005,6.692120761098942,0.477137694553063
E3SM-Project,E3SM-1-1-ECA,r1i1p1f1,gr,historical,1917-09,1917,9,6.61435964882765,6.03406357736994,0.5802960714577097
E3SM-Project,E3SM-1-1-ECA,r1i1p1f1,gr,historical,1917-10,1917,10,8.433048453237584,7.886854726076276,0.5461937271613078
E3SM-Project,E3SM-1-1-ECA,r1i1p1f1,gr,historical,1917-11,1917,11,10.488898520000733,10.153988238532676,0.3349102814680567
E3SM-Project,E3SM-1-1-ECA,r1i1p1f1,gr,historical,1917-12,1917,12,12.33522201619615,11.811870982691465,0.5233510335046851
E3SM-Project,E3SM-1-1-ECA,r1i1p1f1,gr,historical,1918-01,1918,1,13.342838537451852,12.71073050495603,0.6321080324958217
E3SM-Project,E3SM-1-1-ECA,r1i1p1f1,gr,historical,1918-02,1918,2,13.557551919857918,13.080339320867374,0.477212598990544
E3SM-Project,E3SM-1-1-ECA,r1i1p1f1,gr,historical,1918-03,1918,3,13.758201400162797,13.194749281081773,0.563452119081024
E3SM-Project,E3SM-1-1-ECA,r1i1p1f1,gr,historical,1918-04,1918,4,13.536507960013163,12.935942411086883,0.60056554892628
E3SM-Project,E3SM-1-1-ECA,r1i1p1f1,gr,historical,1918-05,1918,5,12.239020405777152,11.649231664066448,0.589788741710704
E3SM-Project,E3SM-1-1-ECA,r1i1p1f1,gr,historical,1918-06,1918,6,10.293628258723604,9.959573801413983,0.33405445730962136
E3SM-Project,E3SM-1-1-ECA,r1i1p1f1,gr,historical,1918-07,1918,7,8.45046042396683,8.3000876816458,0.1503727423210286
E3SM-Project,E3SM-1-1-ECA,r1i1p1f1,gr,historical,1918-08,1918,8,6.760047599900932,6.692120761098942,0.06792683880198958
E3SM-Project,E3SM-1-1-ECA,r1i1p1f1,gr,historical,1918-09,1918,9,6.287450613100009,6.03406357736994,0.2533870357300687
E3SM-Project,E3SM-1-1-ECA,r1i1p1f1,gr,historical,1918-10,1918,10,8.191216236256428,7.886854726076276,0.30436151018015245
E3SM-Project,E3SM-1-1-ECA,r1i1p1f1,gr,historical,1918-11,1918,11,10.731070655511164,10.153988238532676,0.577082416978488
E3SM-Project,E3SM-1-1-ECA,r1i1p1f1,gr,historical,1918-12,1918,12,12.280791248980039,11.811870982691465,0.4689202662885741
E3SM-Project,E3SM-1-1-ECA,r1i1p1f1,gr,historical,1919-01,1919,1,13.058411834240806,12.71073050495603,0.34768132928477513
E3SM-Project,E3SM-1-1-ECA,r1i1p1f1,gr,historical,1919-02,1919,2,13.299426172243262,13.080339320867374,0.2190868513758879
E3SM-Project,E3SM-1-1-ECA,r1i1p1f1,gr,historical,1919-03,1919,3,13.2712068461607,13.194749281081773,0.0764575650789272
E3SM-Project,E3SM-1-1-ECA,r1i1p1f1,gr,historical,1919-04,1919,4,12.820232939974945,12.935942411086883,-0.11570947111193775
E3SM-Project,E3SM-1-1-ECA,r1i1p1f1,gr,historical,1919-05,1919,5,11.241967266045636,11.649231664066448,-0.4072643980208124
E3SM-Project,E3SM-1-1-ECA,r1i1p1f1,gr,historical,1919-06,1919,6,9.588402608679175,9.959573801413983,-0.37117119273480803
E3SM-Project,E3SM-1-1-ECA,r1i1p1f1,gr,historical,1919-07,1919,7,8.227957353895237,8.3000876816458,-0.07213032775056405
E3SM-Project,E3SM-1-1-ECA,r1i1p1f1,gr,historical,1919-08,1919,8,6.907052057628485,6.692120761098942,0.21493129652954313
E3SM-Project,E3SM-1-1-ECA,r1i1p1f1,gr,historical,1919-09,1919,9,6.332522529914174,6.03406357736994,0.2984589525442338
E3SM-Project,E3SM-1-1-ECA,r1i1p1f1,gr,historical,1919-10,1919,10,7.9442332724408695,7.886854726076276,0.0573785463645935
E3SM-Project,E3SM-1-1-ECA,r1i1p1f1,gr,historical,1919-11,1919,11,9.834712561962656,10.153988238532676,-0.31927567657002065
E3SM-Project,E3SM-1-1-ECA,r1i1p1f1,gr,historical,1919-12,1919,12,11.689971170791926,11.811870982691465,-0.12189981189953869
E3SM-Project,E3SM-1-1-ECA,r1i1p1f1,gr,historical,1920-01,1920,1,12.434564704864476,12.71073050495603,-0.27616580009155456
E3SM-Project,E3SM-1-1-ECA,r1i1p1f1,gr,historical,1920-02,1920,2,12.75849757951193,13.080339320867374,-0.32184174135544374
E3SM-Project,E3SM-1-1-ECA,r1i1p1f1,gr,historical,1920-03,1920,3,13.24025034726035,13.194749281081773,0.045501066178577076
E3SM-Project,E3SM-1-1-ECA,r1i1p1f1,gr,historical,1920-04,1920,4,13.026251967258272,12.935942411086883,0.09030955617138936
E3SM-Project,E3SM-1-1-ECA,r1i1p1f1,gr,historical,1920-05,1920,5,11.899679363549593,11.649231664066448,0.2504476994831446
E3SM-Project,E3SM-1-1-ECA,r1i1p1f1,gr,historical,1920-06,1920,6,10.231652210963542,9.959573801413983,0.2720784095495592
E3SM-Project,E3SM-1-1-ECA,r1i1p1f1,gr,historical,1920-07,1920,7,8.624040327328691,8.3000876816458,0.3239526456828905
E3SM-Project,E3SM-1-1-ECA,r1i1p1f1,gr,historical,1920-08,1920,8,7.192306887250626,6.692120761098942,0.500186126151684
E3SM-Project,E3SM-1-1-ECA,r1i1p1f1,gr,historical,1920-09,1920,9,6.533273054256415,6.03406357736994,0.49920947688647477
E3SM-Project,E3SM-1-1-ECA,r1i1p1f1,gr,historical,1920-10,1920,10,8.235201982449189,7.886854726076276,0.34834725637291264
E3SM-Project,E3SM-1-1-ECA,r1i1p1f1,gr,historical,1920-11,1920,11,10.312412356075377,10.153988238532676,0.15842411754270103
E3SM-Project,E3SM-1-1-ECA,r1i1p1f1,gr,historical,1920-12,1920,12,12.075706889587211,11.811870982691465,0.2638359068957463
E3SM-Project,E3SM-1-1-ECA,r1i1p1f1,gr,historical,1921-01,1921,1,12.747408539622263,12.71073050495603,0.03667803466623276
E3SM-Project,E3SM-1-1-ECA,r1i1p1f1,gr,historical,1921-02,1921,2,12.987634572028941,13.080339320867374,-0.0927047488384325
E3SM-Project,E3SM-1-1-ECA,r1i1p1f1,gr,historical,1921-03,1921,3,13.237653046539606,13.194749281081773,0.04290376545783303
E3SM-Project,E3SM-1-1-ECA,r1i1p1f1,gr,historical,1921-04,1921,4,12.81109420169308,12.935942411086883,-0.12484820939380192
E3SM-Project,E3SM-1-1-ECA,r1i1p1f1,gr,historical,1921-05,1921,5,11.420023903456261,11.649231664066448,-0.229207760610187
E3SM-Project,E3SM-1-1-ECA,r1i1p1f1,gr,historical,1921-06,1921,6,9.842443339200944,9.959573801413983,-0.11713046221303891
E3SM-Project,E3SM-1-1-ECA,r1i1p1f1,gr,historical,1921-07,1921,7,8.21361892009397,8.3000876816458,-0.08646876155183136
E3SM-Project,E3SM-1-1-ECA,r1i1p1f1,gr,historical,1921-08,1921,8,6.569206295658949,6.692120761098942,-0.12291446543999296
E3SM-Project,E3SM-1-1-ECA,r1i1p1f1,gr,historical,1921-09,1921,9,5.978696820466051,6.03406357736994,-0.05536675690388915
E3SM-Project,E3SM-1-1-ECA,r1i1p1f1,gr,historical,1921-10,1921,10,7.4661420773755935,7.886854726076276,-0.4207126487006825
E3SM-Project,E3SM-1-1-ECA,r1i1p1f1,gr,historical,1921-11,1921,11,9.790713078345478,10.153988238532676,-0.3632751601871984
E3SM-Project,E3SM-1-1-ECA,r1i1p1f1,gr,historical,1921-12,1921,12,11.590872266456948,11.811870982691465,-0.22099871623451683
E3SM-Project,E3SM-1-1-ECA,r1i1p1f1,gr,historical,1922-01,1922,1,12.521499720756344,12.71073050495603,-0.18923078419968675
E3SM-Project,E3SM-1-1-ECA,r1i1p1f1,gr,historical,1922-02,1922,2,13.150820778034307,13.080339320867374,0.07048145716693277
E3SM-Project,E3SM-1-1-ECA,r1i1p1f1,gr,historical,1922-03,1922,3,13.47876506073044,13.194749281081773,0.28401577964866753
E3SM-Project,E3SM-1-1-ECA,r1i1p1f1,gr,historical,1922-04,1922,4,12.801226307439379,12.935942411086883,-0.13471610364750397
E3SM-Project,E3SM-1-1-ECA,r1i1p1f1,gr,historical,1922-05,1922,5,11.71393557857777,11.649231664066448,0.06470391451132151
E3SM-Project,E3SM-1-1-ECA,r1i1p1f1,gr,historical,1922-06,1922,6,10.052631278814214,9.959573801413983,0.09305747740023129
E3SM-Project,E3SM-1-1-ECA,r1i1p1f1,gr,historical,1922-07,1922,7,8.28011256976206,8.3000876816458,-0.019975111883740126
E3SM-Project,E3SM-1-1-ECA,r1i1p1f1,gr,historical,1922-08,1922,8,6.475237184544509,6.692120761098942,-0.2168835765544328
E3SM-Project,E3SM-1-1-ECA,r1i1p1f1,gr,historical,1922-09,1922,9,5.746376158853112,6.03406357736994,-0.28768741851682833
E3SM-Project,E3SM-1-1-ECA,r1i1p1f1,gr,historical,1922-10,1922,10,7.230428982039067,7.886854726076276,-0.6564257440372092
E3SM-Project,E3SM-1-1-ECA,r1i1p1f1,gr,historical,1922-11,1922,11,9.470709654061178,10.153988238532676,-0.6832785844714984
E3SM-Project,E3SM-1-1-ECA,r1i1p1f1,gr,historical,1922-12,1922,12,11.498021604777229,11.811870982691465,-0.31384937791423617
E3SM-Project,E3SM-1-1-ECA,r1i1p1f1,gr,historical,1923-01,1923,1,12.779695568915269,12.71073050495603,0.06896506395923829
E3SM-Project,E3SM-1-1-ECA,r1i1p1f1,gr,historical,1923-02,1923,2,13.259577887618354,13.080339320867374,0.17923856675098016
E3SM-Project,E3SM-1-1-ECA,r1i1p1f1,gr,historical,1923-03,1923,3,13.635279052171322,13.194749281081773,0.44052977108954927
E3SM-Project,E3SM-1-1-ECA,r1i1p1f1,gr,historical,1923-04,1923,4,13.565214501306738,12.935942411086883,0.629272090219855
E3SM-Project,E3SM-1-1-ECA,r1i1p1f1,gr,historical,1923-05,1923,5,12.20549257993707,11.649231664066448,0.556260915870622
E3SM-Project,E3SM-1-1-ECA,r1i1p1f1,gr,historical,1923-06,1923,6,10.404476913412052,9.959573801413983,0.44490311199806953
E3SM-Project,E3SM-1-1-ECA,r1i1p1f1,gr,historical,1923-07,1923,7,8.587692092824094,8.3000876816458,0.28760441117829316
E3SM-Project,E3SM-1-1-ECA,r1i1p1f1,gr,historical,1923-08,1923,8,6.940084712925813,6.692120761098942,0.24796395182687103
E3SM-Project,E3SM-1-1-ECA,r1i1p1f1,gr,historical,1923-09,1923,9,6.3780683929944,6.03406357736994,0.3440048156244604
E3SM-Project,E3SM-1-1-ECA,r1i1p1f1,gr,historical,1923-10,1923,10,8.107880293773666,7.886854726076276,0.22102556769739046
E3SM-Project,E3SM-1-1-ECA,r1i1p1f1,gr,historical,1923-11,1923,11,10.123071602705574,10.153988238532676,-0.030916635827102468
E3SM-Project,E3SM-1-1-ECA,r1i1p1f1,gr,historical,1923-12,1923,12,11.882222758497152,11.811870982691465,0.07035177580568686
E3SM-Project,E3SM-1-1-ECA,r1i1p1f1,gr,historical,1924-01,1924,1,12.711223686015202,12.71073050495603,0.0004931810591717323
E3SM-Project,E3SM-1-1-ECA,r1i1p1f1,gr,historical,1924-02,1924,2,13.227935730288296,13.080339320867374,0.14759640942092211
E3SM-Project,E3SM-1-1-ECA,r1i1p1f1,gr,historical,1924-03,1924,3,13.282222620038327,13.194749281081773,0.08747333895655451
E3SM-Project,E3SM-1-1-ECA,r1i1p1f1,gr,historical,1924-04,1924,4,13.294069058364462,12.935942411086883,0.3581266472775795
E3SM-Project,E3SM-1-1-ECA,r1i1p1f1,gr,historical,1924-05,1924,5,11.98037444622286,11.649231664066448,0.33114278215641235
E3SM-Project,E3SM-1-1-ECA,r1i1p1f1,gr,historical,1924-06,1924,6,9.889091016421304,9.959573801413983,-0.07048278499267902
E3SM-Project,E3SM-1-1-ECA,r1i1p1f1,gr,historical,1924-07,1924,7,7.827115276768768,8.3000876816458,-0.47297240487703274
E3SM-Project,E3SM-1-1-ECA,r1i1p1f1,gr,historical,1924-08,1924,8,6.377115280941238,6.692120761098942,-0.315005480157704
E3SM-Project,E3SM-1-1-ECA,r1i1p1f1,gr,historical,1924-09,1924,9,5.824995985827178,6.03406357736994,-0.20906759154276244
E3SM-Project,E3SM-1-1-ECA,r1i1p1f1,gr,historical,1924-10,1924,10,7.552380883824531,7.886854726076276,-0.3344738422517448
E3SM-Project,E3SM-1-1-ECA,r1i1p1f1,gr,historical,1924-11,1924,11,9.584997374350797,10.153988238532676,-0.5689908641818793
E3SM-Project,E3SM-1-1-ECA,r1i1p1f1,gr,historical,1924-12,1924,12,11.40023318223745,11.811870982691465,-0.4116378004540149
E3SM-Project,E3SM-1-1-ECA,r1i1p1f1,gr,historical,1925-01,1925,1,12.517815503522735,12.71073050495603,-0.19291500143329543
E3SM-Project,E3SM-1-1-ECA,r1i1p1f1,gr,historical,1925-02,1925,2,13.054635784092735,13.080339320867374,-0.02570353677463899
E3SM-Project,E3SM-1-1-ECA,r1i1p1f1,gr,historical,1925-03,1925,3,13.013154091092025,13.194749281081773,-0.1815951899897481
E3SM-Project,E3SM-1-1-ECA,r1i1p1f1,gr,historical,1925-04,1925,4,12.581098050754553,12.935942411086883,-0.35484436033232925
E3SM-Project,E3SM-1-1-ECA,r1i1p1f1,gr,historical,1925-05,1925,5,11.504552770226974,11.649231664066448,-0.1446788938394743
E3SM-Project,E3SM-1-1-ECA,r1i1p1f1,gr,historical,1925-06,1925,6,9.988094188027178,9.959573801413983,0.028520386613195114
E3SM-Project,E3SM-1-1-ECA,r1i1p1f1,gr,historical,1925-07,1925,7,8.200645664540717,8.3000876816458,-0.09944201710508338
E3SM-Project,E3SM-1-1-ECA,r1i1p1f1,gr,historical,1925-08,1925,8,6.474486423419571,6.692120761098942,-0.21763433767937101
E3SM-Project,E3SM-1-1-ECA,r1i1p1f1,gr,historical,1925-09,1925,9,5.760715131919731,6.03406357736994,-0.27334844545020864
E3SM-Project,E3SM-1-1-ECA,r1i1p1f1,gr,historical,1925-10,1925,10,7.29706364566625,7.886854726076276,-0.5897910804100261
E3SM-Project,E3SM-1-1-ECA,r1i1p1f1,gr,historical,1925-11,1925,11,10.110236523439866,10.153988238532676,-0.04375171509281017
E3SM-Project,E3SM-1-1-ECA,r1i1p1f1,gr,historical,1925-12,1925,12,11.78153493662284,11.811870982691465,-0.03033604606862461
E3SM-Project,E3SM-1-1-ECA,r1i1p1f1,gr,historical,1926-01,1926,1,12.70286569288005,12.71073050495603,-0.00786481207598122
E3SM-Project,E3SM-1-1-ECA,r1i1p1f1,gr,historical,1926-02,1926,2,13.16804293003719,13.080339320867374,0.08770360916981623
E3SM-Project,E3SM-1-1-ECA,r1i1p1f1,gr,historical,1926-03,1926,3,13.065665817004762,13.194749281081773,-0.1290834640770111
E3SM-Project,E3SM-1-1-ECA,r1i1p1f1,gr,historical,1926-04,1926,4,12.887464829578004,12.935942411086883,-0.04847758150887849
E3SM-Project,E3SM-1-1-ECA,r1i1p1f1,gr,historical,1926-05,1926,5,11.558909064490477,11.649231664066448,-0.09032259957597155
E3SM-Project,E3SM-1-1-ECA,r1i1p1f1,gr,historical,1926-06,1926,6,9.671375227847829,9.959573801413983,-0.2881985735661541
E3SM-Project,E3SM-1-1-ECA,r1i1p1f1,gr,historical,1926-07,1926,7,7.852258842757823,8.3000876816458,-0.4478288388879781
E3SM-Project,E3SM-1-1-ECA,r1i1p1f1,gr,historical,1926-08,1926,8,6.207644033090467,6.692120761098942,-0.48447672800847474
E3SM-Project,E3SM-1-1-ECA,r1i1p1f1,gr,historical,1926-09,1926,9,5.57314361343809,6.03406357736994,-0.4609199639318504
E3SM-Project,E3SM-1-1-ECA,r1i1p1f1,gr,historical,1926-10,1926,10,7.100811034986081,7.886854726076276,-0.7860436910901951
E3SM-Project,E3SM-1-1-ECA,r1i1p1f1,gr,historical,1926-11,1926,11,9.324174269481775,10.153988238532676,-0.8298139690509014
E3SM-Project,E3SM-1-1-ECA,r1i1p1f1,gr,historical,1926-12,1926,12,11.545528475312484,11.811870982691465,-0.26634250737898135
E3SM-Project,E3SM-1-1-ECA,r1i1p1f1,gr,historical,1927-01,1927,1,12.545895339856072,12.71073050495603,-0.16483516509995866
E3SM-Project,E3SM-1-1-ECA,r1i1p1f1,gr,historical,1927-02,1927,2,12.966150476568512,13.080339320867374,-0.11418884429886234
E3SM-Project,E3SM-1-1-ECA,r1i1p1f1,gr,historical,1927-03,1927,3,12.973055386905207,13.194749281081773,-0.22169389417656582
E3SM-Project,E3SM-1-1-ECA,r1i1p1f1,gr,historical,1927-04,1927,4,12.42895221661583,12.935942411086883,-0.5069901944710526
E3SM-Project,E3SM-1-1-ECA,r1i1p1f1,gr,historical,1927-05,1927,5,11.311601078542994,11.649231664066448,-0.3376305855234545
E3SM-Project,E3SM-1-1-ECA,r1i1p1f1,gr,historical,1927-06,1927,6,9.54728893209798,9.959573801413983,-0.4122848693160037
E3SM-Project,E3SM-1-1-ECA,r1i1p1f1,gr,historical,1927-07,1927,7,7.906104618418728,8.3000876816458,-0.3939830632270729
E3SM-Project,E3SM-1-1-ECA,r1i1p1f1,gr,historical,1927-08,1927,8,6.324984039828405,6.692120761098942,-0.367136721270537
E3SM-Project,E3SM-1-1-ECA,r1i1p1f1,gr,historical,1927-09,1927,9,5.71668345081096,6.03406357736994,-0.3173801265589802
E3SM-Project,E3SM-1-1-ECA,r1i1p1f1,gr,historical,1927-10,1927,10,7.729380232379768,7.886854726076276,-0.15747449369650823
E3SM-Project,E3SM-1-1-ECA,r1i1p1f1,gr,historical,1927-11,1927,11,10.250860621560012,10.153988238532676,0.09687238302733547
E3SM-Project,E3SM-1-1-ECA,r1i1p1f1,gr,historical,1927-12,1927,12,11.492460294097302,11.811870982691465,-0.31941068859416255
E3SM-Project,E3SM-1-1-ECA,r1i1p1f1,gr,historical,1928-01,1928,1,12.31593848125426,12.71073050495603,-0.39479202370177013
E3SM-Project,E3SM-1-1-ECA,r1i1p1f1,gr,historical,1928-02,1928,2,12.991992896241761,13.080339320867374,-0.08834642462561249
E3SM-Project,E3SM-1-1-ECA,r1i1p1f1,gr,historical,1928-03,1928,3,13.154085741768332,13.194749281081773,-0.04066353931344047
E3SM-Project,E3SM-1-1-ECA,r1i1p1f1,gr,historical,1928-04,1928,4,13.044448654178403,12.935942411086883,0.10850624309152046
E3SM-Project,E3SM-1-1-ECA,r1i1p1f1,gr,historical,1928-05,1928,5,11.666747789187292,11.649231664066448,0.017516125120843995
E3SM-Project,E3SM-1-1-ECA,r1i1p1f1,gr,historical,1928-06,1928,6,10.026710188994919,9.959573801413983,0.06713638758093587
E3SM-Project,E3SM-1-1-ECA,r1i1p1f1,gr,historical,1928-07,1928,7,8.319138428866754,8.3000876816458,0.019050747220953568
E3SM-Project,E3SM-1-1-ECA,r1i1p1f1,gr,historical,1928-08,1928,8,6.601345060921448,6.692120761098942,-0.09077570017749448
E3SM-Project,E3SM-1-1-ECA,r1i1p1f1,gr,historical,1928-09,1928,9,6.053738387782179,6.03406357736994,0.01967481041223884
E3SM-Project,E3SM-1-1-ECA,r1i1p1f1,gr,historical,1928-10,1928,10,7.779316823720654,7.886854726076276,-0.107537902355622
E3SM-Project,E3SM-1-1-ECA,r1i1p1f1,gr,historical,1928-11,1928,11,10.23778711176894,10.153988238532676,0.08379887323626356
E3SM-Project,E3SM-1-1-ECA,r1i1p1f1,gr,historical,1928-12,1928,12,11.78108790811743,11.811870982691465,-0.030783074574035396
E3SM-Project,E3SM-1-1-ECA,r1i1p1f1,gr,historical,1929-01,1929,1,12.482737540853957,12.71073050495603,-0.22799296410207326
E3SM-Project,E3SM-1-1-ECA,r1i1p1f1,gr,historical,1929-02,1929,2,13.133019359837599,13.080339320867374,0.052680038970224885
E3SM-Project,E3SM-1-1-ECA,r1i1p1f1,gr,historical,1929-03,1929,3,13.50545535736495,13.194749281081773,0.3107060762831768
E3SM-Project,E3SM-1-1-ECA,r1i1p1f1,gr,historical,1929-04,1929,4,13.558785372809929,12.935942411086883,0.6228429617230464
E3SM-Project,E3SM-1-1-ECA,r1i1p1f1,gr,historical,1929-05,1929,5,12.353755070354742,11.649231664066448,0.7045234062882937
E3SM-Project,E3SM-1-1-ECA,r1i1p1f1,gr,historical,1929-06,1929,6,10.460061568062718,9.959573801413983,0.5004877666487353
E3SM-Project,E3SM-1-1-ECA,r1i1p1f1,gr,historical,1929-07,1929,7,8.734469425808216,8.3000876816458,0.4343817441624154
E3SM-Project,E3SM-1-1-ECA,r1i1p1f1,gr,historical,1929-08,1929,8,7.220033261160843,6.692120761098942,0.5279125000619009
E3SM-Project,E3SM-1-1-ECA,r1i1p1f1,gr,historical,1929-09,1929,9,6.6725319848009015,6.03406357736994,0.6384684074309614
E3SM-Project,E3SM-1-1-ECA,r1i1p1f1,gr,historical,1929-10,1929,10,8.424333555059638,7.886854726076276,0.5374788289833621
E3SM-Project,E3SM-1-1-ECA,r1i1p1f1,gr,historical,1929-11,1929,11,10.90390967754491,10.153988238532676,0.7499214390122333
E3SM-Project,E3SM-1-1-ECA,r1i1p1f1,gr,historical,1929-12,1929,12,11.958449263811586,11.811870982691465,0.14657828112012083
E3SM-Project,E3SM-1-1-ECA,r1i1p1f1,gr,historical,1930-01,1930,1,12.674438073020486,12.71073050495603,-0.036292431935544656
E3SM-Project,E3SM-1-1-ECA,r1i1p1f1,gr,historical,1930-02,1930,2,13.253580897680814,13.080339320867374,0.17324157681344055
E3SM-Project,E3SM-1-1-ECA,r1i1p1f1,gr,historical,1930-03,1930,3,13.507901025822532,13.194749281081773,0.31315174474075924
E3SM-Project,E3SM-1-1-ECA,r1i1p1f1,gr,historical,1930-04,1930,4,13.44238116274143,12.935942411086883,0.5064387516545477
E3SM-Project,E3SM-1-1-ECA,r1i1p1f1,gr,historical,1930-05,1930,5,12.180177901035636,11.649231664066448,0.5309462369691875
E3SM-Project,E3SM-1-1-ECA,r1i1p1f1,gr,historical,1930-06,1930,6,10.26369141216911,9.959573801413983,0.3041176107551262
E3SM-Project,E3SM-1-1-ECA,r1i1p1f1,gr,historical,1930-07,1930,7,8.487100140146785,8.3000876816458,0.18701245850098402
E3SM-Project,E3SM-1-1-ECA,r1i1p1f1,gr,historical,1930-08,1930,8,6.945309683838587,6.692120761098942,0.25318892273964444
E3SM-Project,E3SM-1-1-ECA,r1i1p1f1,gr,historical,1930-09,1930,9,6.348142123198097,6.03406357736994,0.3140785458281572
E3SM-Project,E3SM-1-1-ECA,r1i1p1f1,gr,historical,1930-10,1930,10,8.261776014120738,7.886854726076276,0.3749212880444617
E3SM-Project,E3SM-1-1-ECA,r1i1p1f1,gr,historical,1930-11,1930,11,10.247721320328276,10.153988238532676,0.09373308179559992
E3SM-Project,E3SM-1-1-ECA,r1i1p1f1,gr,historical,1930-12,1930,12,12.081432987026059,11.811870982691465,0.26956200433459365
E3SM-Project,E3SM-1-1-ECA,r1i1p1f1,gr,historical,1931-01,1931,1,13.017544341818825,12.71073050495603,0.3068138368627942
E3SM-Project,E3SM-1-1-ECA,r1i1p1f1,gr,historical,1931-02,1931,2,13.344001337086492,13.080339320867374,0.26366201621911856
E3SM-Project,E3SM-1-1-ECA,r1i1p1f1,gr,historical,1931-03,1931,3,13.318451896599441,13.194749281081773,0.12370261551766859
E3SM-Project,E3SM-1-1-ECA,r1i1p1f1,gr,historical,1931-04,1931,4,13.09323883687652,12.935942411086883,0.15729642578963698
E3SM-Project,E3SM-1-1-ECA,r1i1p1f1,gr,historical,1931-05,1931,5,12.085795674696008,11.649231664066448,0.4365640106295601
E3SM-Project,E3SM-1-1-ECA,r1i1p1f1,gr,historical,1931-06,1931,6,10.237999558564152,9.959573801413983,0.2784257571501687
E3SM-Project,E3SM-1-1-ECA,r1i1p1f1,gr,historical,1931-07,1931,7,8.568283795641165,8.3000876816458,0.2681961139953639
E3SM-Project,E3SM-1-1-ECA,r1i1p1f1,gr,historical,1931-08,1931,8,6.870553313993988,6.692120761098942,0.17843255289504611
E3SM-Project,E3SM-1-1-ECA,r1i1p1f1,gr,historical,1931-09,1931,9,6.0749207381935015,6.03406357736994,0.0408571608235615
E3SM-Project,E3SM-1-1-ECA,r1i1p1f1,gr,historical,1931-10,1931,10,7.907773635242135,7.886854726076276,0.020918909165859034
E3SM-Project,E3SM-1-1-ECA,r1i1p1f1,gr,historical,1931-11,1931,11,10.384952968307298,10.153988238532676,0.23096472977462135
E3SM-Project,E3SM-1-1-ECA,r1i1p1f1,gr,historical,1931-12,1931,12,12.020617275166055,11.811870982691465,0.20874629247458998
E3SM-Project,E3SM-1-1-ECA,r1i1p1f1,gr,historical,1932-01,1932,1,12.83330034464264,12.71073050495603,0.12256983968660862
E3SM-Project,E3SM-1-1-ECA,r1i1p1f1,gr,historical,1932-02,1932,2,13.072668979572532,13.080339320867374,-0.007670341294842231
E3SM-Project,E3SM-1-1-ECA,r1i1p1f1,gr,historical,1932-03,1932,3,13.186349655491954,13.194749281081773,-0.008399625589818882
E3SM-Project,E3SM-1-1-ECA,r1i1p1f1,gr,historical,1932-04,1932,4,12.921628434799848,12.935942411086883,-0.01431397628703479
E3SM-Project,E3SM-1-1-ECA,r1i1p1f1,gr,historical,1932-05,1932,5,11.54013718460451,11.649231664066448,-0.10909447946193751
E3SM-Project,E3SM-1-1-ECA,r1i1p1f1,gr,historical,1932-06,1932,6,9.89958832338334,9.959573801413983,-0.05998547803064369
E3SM-Project,E3SM-1-1-ECA,r1i1p1f1,gr,historical,1932-07,1932,7,8.078733747097404,8.3000876816458,-0.22135393454839658
E3SM-Project,E3SM-1-1-ECA,r1i1p1f1,gr,historical,1932-08,1932,8,6.034881845682161,6.692120761098942,-0.657238915416781
E3SM-Project,E3SM-1-1-ECA,r1i1p1f1,gr,historical,1932-09,1932,9,5.29944358561194,6.03406357736994,-0.7346199917579996
E3SM-Project,E3SM-1-1-ECA,r1i1p1f1,gr,historical,1932-10,1932,10,6.825280007695006,7.886854726076276,-1.0615747183812703
E3SM-Project,E3SM-1-1-ECA,r1i1p1f1,gr,historical,1932-11,1932,11,9.643023964111961,10.153988238532676,-0.510964274420715
E3SM-Project,E3SM-1-1-ECA,r1i1p1f1,gr,historical,1932-12,1932,12,11.766124726705835,11.811870982691465,-0.04574625598563031
E3SM-Project,E3SM-1-1-ECA,r1i1p1f1,gr,historical,1933-01,1933,1,13.013972600147707,12.71073050495603,0.3032420951916759
E3SM-Project,E3SM-1-1-ECA,r1i1p1f1,gr,historical,1933-02,1933,2,13.335082901570274,13.080339320867374,0.2547435807029004
E3SM-Project,E3SM-1-1-ECA,r1i1p1f1,gr,historical,1933-03,1933,3,13.583115691681918,13.194749281081773,0.38836641060014543
E3SM-Project,E3SM-1-1-ECA,r1i1p1f1,gr,historical,1933-04,1933,4,13.403448510594403,12.935942411086883,0.46750609950752064
E3SM-Project,E3SM-1-1-ECA,r1i1p1f1,gr,historical,1933-05,1933,5,12.162016144702267,11.649231664066448,0.512784480635819
E3SM-Project,E3SM-1-1-ECA,r1i1p1f1,gr,historical,1933-06,1933,6,10.372373637020763,9.959573801413983,0.4127998356067799
E3SM-Project,E3SM-1-1-ECA,r1i1p1f1,gr,historical,1933-07,1933,7,8.430063214374066,8.3000876816458,0.129975532728265
E3SM-Project,E3SM-1-1-ECA,r1i1p1f1,gr,historical,1933-08,1933,8,6.7711663751685665,6.692120761098942,0.07904561406962429
E3SM-Project,E3SM-1-1-ECA,r1i1p1f1,gr,historical,1933-09,1933,9,6.149192463444106,6.03406357736994,0.11512888607416638
E3SM-Project,E3SM-1-1-ECA,r1i1p1f1,gr,historical,1933-10,1933,10,8.246671672667981,7.886854726076276,0.35981694659170493
E3SM-Project,E3SM-1-1-ECA,r1i1p1f1,gr,historical,1933-11,1933,11,10.165959657900613,10.153988238532676,0.011971419367936775
E3SM-Project,E3SM-1-1-ECA,r1i1p1f1,gr,historical,1933-12,1933,12,11.689799533452945,11.811870982691465,-0.1220714492385202
E3SM-Project,E3SM-1-1-ECA,r1i1p1f1,gr,historical,1934-01,1934,1,12.411610759827184,12.71073050495603,-0.29911974512884676
E3SM-Project,E3SM-1-1-ECA,r1i1p1f1,gr,historical,1934-02,1934,2,12.792176255393274,13.080339320867374,-0.28816306547409987
E3SM-Project,E3SM-1-1-ECA,r1i1p1f1,gr,historical,1934-03,1934,3,12.784854601562374,13.194749281081773,-0.4098946795193985
E3SM-Project,E3SM-1-1-ECA,r1i1p1f1,gr,historical,1934-04,1934,4,12.366942000658618,12.935942411086883,-0.5690004104282647
E3SM-Project,E3SM-1-1-ECA,r1i1p1f1,gr,historical,1934-05,1934,5,11.12978597355906,11.649231664066448,-0.5194456905073892
E3SM-Project,E3SM-1-1-ECA,r1i1p1f1,gr,historical,1934-06,1934,6,9.558905444278949,9.959573801413983,-0.400668357135034
E3SM-Project,E3SM-1-1-ECA,r1i1p1f1,gr,historical,1934-07,1934,7,8.08740534867305,8.3000876816458,-0.21268233297275074
E3SM-Project,E3SM-1-1-ECA,r1i1p1f1,gr,historical,1934-08,1934,8,6.632515448168297,6.692120761098942,-0.059605312930645304
E3SM-Project,E3SM-1-1-ECA,r1i1p1f1,gr,historical,1934-09,1934,9,5.969300670249046,6.03406357736994,-0.06476290712089394
E3SM-Project,E3SM-1-1-ECA,r1i1p1f1,gr,historical,1934-10,1934,10,7.756275592438661,7.886854726076276,-0.13057913363761475
E3SM-Project,E3SM-1-1-ECA,r1i1p1f1,gr,historical,1934-11,1934,11,10.194890613612792,10.153988238532676,0.040902375080115405
E3SM-Project,E3SM-1-1-ECA,r1i1p1f1,gr,historical,1934-12,1934,12,11.412970410606313,11.811870982691465,-0.39890057208515195
E3SM-Project,E3SM-1-1-ECA,r1i1p1f1,gr,historical,1935-01,1935,1,12.347390816662559,12.71073050495603,-0.36333968829347185
E3SM-Project,E3SM-1-1-ECA,r1i1p1f1,gr,historical,1935-02,1935,2,12.765496120112406,13.080339320867374,-0.31484320075496797
E3SM-Project,E3SM-1-1-ECA,r1i1p1f1,gr,historical,1935-03,1935,3,13.066301791206351,13.194749281081773,-0.12844748987542154
E3SM-Project,E3SM-1-1-ECA,r1i1p1f1,gr,historical,1935-04,1935,4,13.05378251516303,12.935942411086883,0.11784010407614787
E3SM-Project,E3SM-1-1-ECA,r1i1p1f1,gr,historical,1935-05,1935,5,11.711208054853854,11.649231664066448,0.06197639078740558
E3SM-Project,E3SM-1-1-ECA,r1i1p1f1,gr,historical,1935-06,1935,6,9.907562899829307,9.959573801413983,-0.05201090158467636
E3SM-Project,E3SM-1-1-ECA,r1i1p1f1,gr,historical,1935-07,1935,7,8.104517747812816,8.3000876816458,-0.19556993383298504
E3SM-Project,E3SM-1-1-ECA,r1i1p1f1,gr,historical,1935-08,1935,8,6.390044229383078,6.692120761098942,-0.3020765317158638
E3SM-Project,E3SM-1-1-ECA,r1i1p1f1,gr,historical,1935-09,1935,9,5.838408790202397,6.03406357736994,-0.19565478716754292
E3SM-Project,E3SM-1-1-ECA,r1i1p1f1,gr,historical,1935-10,1935,10,7.690480340847255,7.886854726076276,-0.19637438522902073
E3SM-Project,E3SM-1-1-ECA,r1i1p1f1,gr,historical,1935-11,1935,11,10.12428272567329,10.153988238532676,-0.02970551285938683
E3SM-Project,E3SM-1-1-ECA,r1i1p1f1,gr,historical,1935-12,1935,12,11.8200933058855,11.811870982691465,0.008222323194035042
E3SM-Project,E3SM-1-1-ECA,r1i1p1f1,gr,historical,1936-01,1936,1,12.825002709449198,12.71073050495603,0.114272204493167
E3SM-Project,E3SM-1-1-ECA,r1i1p1f1,gr,historical,1936-02,1936,2,13.20866686278239,13.080339320867374,0.1283275419150165
E3SM-Project,E3SM-1-1-ECA,r1i1p1f1,gr,historical,1936-03,1936,3,13.258869262541321,13.194749281081773,0.06411998145954811
E3SM-Project,E3SM-1-1-ECA,r1i1p1f1,gr,historical,1936-04,1936,4,12.942576671639614,12.935942411086883,0.006634260552731419
E3SM-Project,E3SM-1-1-ECA,r1i1p1f1,gr,historical,1936-05,1936,5,11.771601331835525,11.649231664066448,0.12236966776907643
E3SM-Project,E3SM-1-1-ECA,r1i1p1f1,gr,historical,1936-06,1936,6,9.926708977896508,9.959573801413983,-0.03286482351747466
E3SM-Project,E3SM-1-1-ECA,r1i1p1f1,gr,historical,1936-07,1936,7,8.190799142164584,8.3000876816458,-0.10928853948121642
E3SM-Project,E3SM-1-1-ECA,r1i1p1f1,gr,historical,1936-08,1936,8,6.514060114085182,6.692120761098942,-0.17806064701376023
E3SM-Project,E3SM-1-1-ECA,r1i1p1f1,gr,historical,1936-09,1936,9,5.992001518798311,6.03406357736994,-0.042062058571628924
E3SM-Project,E3SM-1-1-ECA,r1i1p1f1,gr,historical,1936-10,1936,10,7.776349973517292,7.886854726076276,-0.11050475255898373
E3SM-Project,E3SM-1-1-ECA,r1i1p1f1,gr,historical,1936-11,1936,11,9.796898841668353,10.153988238532676,-0.35708939686432295
E3SM-Project,E3SM-1-1-ECA,r1i1p1f1,gr,historical,1936-12,1936,12,11.73910140072152,11.811870982691465,-0.07276958196994521
E3SM-Project,E3SM-1-1-ECA,r1i1p1f1,gr,historical,1937-01,1937,1,12.802592566553804,12.71073050495603,0.09186206159777299
E3SM-Project,E3SM-1-1-ECA,r1i1p1f1,gr,historical,1937-02,1937,2,13.136287995933719,13.080339320867374,0.05594867506634493
E3SM-Project,E3SM-1-1-ECA,r1i1p1f1,gr,historical,1937-03,1937,3,13.033642147321007,13.194749281081773,-0.16110713376076546
E3SM-Project,E3SM-1-1-ECA,r1i1p1f1,gr,historical,1937-04,1937,4,12.851427549474085,12.935942411086883,-0.08451486161279753
E3SM-Project,E3SM-1-1-ECA,r1i1p1f1,gr,historical,1937-05,1937,5,11.724307903956598,11.649231664066448,0.07507623989014967
E3SM-Project,E3SM-1-1-ECA,r1i1p1f1,gr,historical,1937-06,1937,6,10.00415557692595,9.959573801413983,0.044581775511966626
E3SM-Project,E3SM-1-1-ECA,r1i1p1f1,gr,historical,1937-07,1937,7,8.099075454031894,8.3000876816458,-0.2010122276139068
E3SM-Project,E3SM-1-1-ECA,r1i1p1f1,gr,historical,1937-08,1937,8,6.2118501012202385,6.692120761098942,-0.48027065987870365
E3SM-Project,E3SM-1-1-ECA,r1i1p1f1,gr,historical,1937-09,1937,9,5.630561656723127,6.03406357736994,-0.40350192064681334
E3SM-Project,E3SM-1-1-ECA,r1i1p1f1,gr,historical,1937-10,1937,10,7.489621236173611,7.886854726076276,-0.39723348990266505
E3SM-Project,E3SM-1-1-ECA,r1i1p1f1,gr,historical,1937-11,1937,11,10.028747657132593,10.153988238532676,-0.12524058140008343
E3SM-Project,E3SM-1-1-ECA,r1i1p1f1,gr,historical,1937-12,1937,12,11.91547747175547,11.811870982691465,0.10360648906400449
E3SM-Project,E3SM-1-1-ECA,r1i1p1f1,gr,historical,1938-01,1938,1,13.025659011357462,12.71073050495603,0.3149285064014311
E3SM-Project,E3SM-1-1-ECA,r1i1p1f1,gr,historical,1938-02,1938,2,13.599785145779196,13.080339320867374,0.5194458249118217
E3SM-Project,E3SM-1-1-ECA,r1i1p1f1,gr,historical,1938-03,1938,3,13.359615346956318,13.194749281081773,0.1648660658745449
E3SM-Project,E3SM-1-1-ECA,r1i1p1f1,gr,historical,1938-04,1938,4,13.38307729275825,12.935942411086883,0.44713488167136717
E3SM-Project,E3SM-1-1-ECA,r1i1p1f1,gr,historical,1938-05,1938,5,12.117296395456124,11.649231664066448,0.46806473138967597
E3SM-Project,E3SM-1-1-ECA,r1i1p1f1,gr,historical,1938-06,1938,6,9.816194440778892,9.959573801413983,-0.14337936063509105
E3SM-Project,E3SM-1-1-ECA,r1i1p1f1,gr,historical,1938-07,1938,7,8.108420678882712,8.3000876816458,-0.19166700276308823
E3SM-Project,E3SM-1-1-ECA,r1i1p1f1,gr,historical,1938-08,1938,8,6.590014632370834,6.692120761098942,-0.1021061287281082
E3SM-Project,E3SM-1-1-ECA,r1i1p1f1,gr,historical,1938-09,1938,9,6.208108291793128,6.03406357736994,0.17404471442318759
E3SM-Project,E3SM-1-1-ECA,r1i1p1f1,gr,historical,1938-10,1938,10,8.203143410874628,7.886854726076276,0.3162886847983515
E3SM-Project,E3SM-1-1-ECA,r1i1p1f1,gr,historical,1938-11,1938,11,10.617929323285635,10.153988238532676,0.4639410847529586
E3SM-Project,E3SM-1-1-ECA,r1i1p1f1,gr,historical,1938-12,1938,12,12.027659474768043,11.811870982691465,0.21578849207657846
E3SM-Project,E3SM-1-1-ECA,r1i1p1f1,gr,historical,1939-01,1939,1,12.847111875078891,12.71073050495603,0.13638137012286045
E3SM-Project,E3SM-1-1-ECA,r1i1p1f1,gr,historical,1939-02,1939,2,13.227465498914817,13.080339320867374,0.14712617804744355
E3SM-Project,E3SM-1-1-ECA,r1i1p1f1,gr,historical,1939-03,1939,3,13.664432287712353,13.194749281081773,0.4696830066305804
E3SM-Project,E3SM-1-1-ECA,r1i1p1f1,gr,historical,1939-04,1939,4,13.459548253491711,12.935942411086883,0.5236058424048284
E3SM-Project,E3SM-1-1-ECA,r1i1p1f1,gr,historical,1939-05,1939,5,12.473866934573536,11.649231664066448,0.8246352705070876
E3SM-Project,E3SM-1-1-ECA,r1i1p1f1,gr,historical,1939-06,1939,6,10.651724400631558,9.959573801413983,0.6921505992175749
E3SM-Project,E3SM-1-1-ECA,r1i1p1f1,gr,historical,1939-07,1939,7,8.972521748824725,8.3000876816458,0.6724340671789246
E3SM-Project,E3SM-1-1-ECA,r1i1p1f1,gr,historical,1939-08,1939,8,7.332104024426549,6.692120761098942,0.6399832633276068
E3SM-Project,E3SM-1-1-ECA,r1i1p1f1,gr,historical,1939-09,1939,9,6.789234210857512,6.03406357736994,0.7551706334875723
E3SM-Project,E3SM-1-1-ECA,r1i1p1f1,gr,historical,1939-10,1939,10,8.618964897858385,7.886854726076276,0.732110171782109
E3SM-Project,E3SM-1-1-ECA,r1i1p1f1,gr,historical,1939-11,1939,11,11.299078422034436,10.153988238532676,1.1450901835017593
E3SM-Project,E3SM-1-1-ECA,r1i1p1f1,gr,historical,1939-12,1939,12,12.45034512542919,11.811870982691465,0.6384741427377243
E3SM-Project,E3SM-1-1-ECA,r1i1p1f1,gr,historical,1940-01,1940,1,13.252253865573925,12.71073050495603,0.5415233606178944
E3SM-Project,E3SM-1-1-ECA,r1i1p1f1,gr,historical,1940-02,1940,2,13.582557108923465,13.080339320867374,0.5022177880560914
E3SM-Project,E3SM-1-1-ECA,r1i1p1f1,gr,historical,1940-03,1940,3,13.772420955984877,13.194749281081773,0.5776716749031046
E3SM-Project,E3SM-1-1-ECA,r1i1p1f1,gr,historical,1940-04,1940,4,13.662239019476099,12.935942411086883,0.726296608389216
E3SM-Project,E3SM-1-1-ECA,r1i1p1f1,gr,historical,1940-05,1940,5,12.429433450238106,11.649231664066448,0.7802017861716575
E3SM-Project,E3SM-1-1-ECA,r1i1p1f1,gr,historical,1940-06,1940,6,10.708716062058562,9.959573801413983,0.7491422606445788
E3SM-Project,E3SM-1-1-ECA,r1i1p1f1,gr,historical,1940-07,1940,7,8.941273277932018,8.3000876816458,0.641185596286217
E3SM-Project,E3SM-1-1-ECA,r1i1p1f1,gr,historical,1940-08,1940,8,7.191402726781392,6.692120761098942,0.4992819656824494
E3SM-Project,E3SM-1-1-ECA,r1i1p1f1,gr,historical,1940-09,1940,9,6.582616863215259,6.03406357736994,0.548553285845319
E3SM-Project,E3SM-1-1-ECA,r1i1p1f1,gr,historical,1940-10,1940,10,8.941609498181098,7.886854726076276,1.0547547721048218
E3SM-Project,E3SM-1-1-ECA,r1i1p1f1,gr,historical,1940-11,1940,11,11.111959991920868,10.153988238532676,0.9579717533881915
E3SM-Project,E3SM-1-1-ECA,r1i1p1f1,gr,historical,1940-12,1940,12,12.727655483738413,11.811870982691465,0.9157845010469483
E3SM-Project,E3SM-1-1-ECA,r1i1p1f1,gr,historical,1941-01,1941,1,13.553730916432027,12.71073050495603,0.8430004114759964
E3SM-Project,E3SM-1-1-ECA,r1i1p1f1,gr,historical,1941-02,1941,2,13.755179481955969,13.080339320867374,0.6748401610885946
E3SM-Project,E3SM-1-1-ECA,r1i1p1f1,gr,historical,1941-03,1941,3,13.919826427484601,13.194749281081773,0.7250771464028283
E3SM-Project,E3SM-1-1-ECA,r1i1p1f1,gr,historical,1941-04,1941,4,13.897968348390474,12.935942411086883,0.9620259373035918
E3SM-Project,E3SM-1-1-ECA,r1i1p1f1,gr,historical,1941-05,1941,5,12.511558811458771,11.649231664066448,0.8623271473923229
E3SM-Project,E3SM-1-1-ECA,r1i1p1f1,gr,historical,1941-06,1941,6,10.53460173409609,9.959573801413983,0.5750279326821062
E3SM-Project,E3SM-1-1-ECA,r1i1p1f1,gr,historical,1941-07,1941,7,8.843584817068821,8.3000876816458,0.5434971354230207
E3SM-Project,E3SM-1-1-ECA,r1i1p1f1,gr,historical,1941-08,1941,8,7.060468616701457,6.692120761098942,0.36834785560251504
E3SM-Project,E3SM-1-1-ECA,r1i1p1f1,gr,historical,1941-09,1941,9,6.530270151148271,6.03406357736994,0.49620657377833055
E3SM-Project,E3SM-1-1-ECA,r1i1p1f1,gr,historical,1941-10,1941,10,8.614298894673217,7.886854726076276,0.727444168596941
E3SM-Project,E3SM-1-1-ECA,r1i1p1f1,gr,historical,1941-11,1941,11,10.917363348047246,10.153988238532676,0.7633751095145698
E3SM-Project,E3SM-1-1-ECA,r1i1p1f1,gr,historical,1941-12,1941,12,12.323847329382613,11.811870982691465,0.5119763466911476
E3SM-Project,E3SM-1-1-ECA,r1i1p1f1,gr,historical,1942-01,1942,1,13.395523873308527,12.71073050495603,0.684793368352496
E3SM-Project,E3SM-1-1-ECA,r1i1p1f1,gr,historical,1942-02,1942,2,13.71572307926186,13.080339320867374,0.6353837583944859
E3SM-Project,E3SM-1-1-ECA,r1i1p1f1,gr,historical,1942-03,1942,3,13.662777871545103,13.194749281081773,0.4680285904633301
E3SM-Project,E3SM-1-1-ECA,r1i1p1f1,gr,historical,1942-04,1942,4,13.354013483276315,12.935942411086883,0.4180710721894325
E3SM-Project,E3SM-1-1-ECA,r1i1p1f1,gr,historical,1942-05,1942,5,12.16617038094008,11.649231664066448,0.5169387168736321
E3SM-Project,E3SM-1-1-ECA,r1i1p1f1,gr,historical,1942-06,1942,6,10.466970857934575,9.959573801413983,0.5073970565205919
E3SM-Project,E3SM-1-1-ECA,r1i1p1f1,gr,historical,1942-07,1942,7,8.892021800255078,8.3000876816458,0.5919341186092772
E3SM-Project,E3SM-1-1-ECA,r1i1p1f1,gr,historical,1942-08,1942,8,7.456458825345115,6.692120761098942,0.7643380642461732
E3SM-Project,E3SM-1-1-ECA,r1i1p1f1,gr,historical,1942-09,1942,9,6.843929440896986,6.03406357736994,0.8098658635270457
E3SM-Project,E3SM-1-1-ECA,r1i1p1f1,gr,historical,1942-10,1942,10,8.634365918841874,7.886854726076276,0.7475111927655984
E3SM-Project,E3SM-1-1-ECA,r1i1p1f1,gr,historical,1942-11,1942,11,10.792615525264132,10.153988238532676,0.638627286731456
E3SM-Project,E3SM-1-1-ECA,r1i1p1f1,gr,historical,1942-12,1942,12,12.383325040190513,11.811870982691465,0.5714540574990483
E3SM-Project,E3SM-1-1-ECA,r1i1p1f1,gr,historical,1943-01,1943,1,13.103368020139426,12.71073050495603,0.3926375151833952
E3SM-Project,E3SM-1-1-ECA,r1i1p1f1,gr,historical,1943-02,1943,2,13.320680122957668,13.080339320867374,0.2403408020902944
E3SM-Project,E3SM-1-1-ECA,r1i1p1f1,gr,historical,1943-03,1943,3,13.571028895918221,13.194749281081773,0.3762796148364487
E3SM-Project,E3SM-1-1-ECA,r1i1p1f1,gr,historical,1943-04,1943,4,13.454523906109326,12.935942411086883,0.5185814950224437
E3SM-Project,E3SM-1-1-ECA,r1i1p1f1,gr,historical,1943-05,1943,5,12.061141729090583,11.649231664066448,0.4119100650241343
E3SM-Project,E3SM-1-1-ECA,r1i1p1f1,gr,historical,1943-06,1943,6,10.37124405725771,9.959573801413983,0.4116702558437275
E3SM-Project,E3SM-1-1-ECA,r1i1p1f1,gr,historical,1943-07,1943,7,8.938467092706437,8.3000876816458,0.6383794110606367
E3SM-Project,E3SM-1-1-ECA,r1i1p1f1,gr,historical,1943-08,1943,8,7.305118542834441,6.692120761098942,0.6129977817354986
E3SM-Project,E3SM-1-1-ECA,r1i1p1f1,gr,historical,1943-09,1943,9,6.771357501584289,6.03406357736994,0.7372939242143488
E3SM-Project,E3SM-1-1-ECA,r1i1p1f1,gr,historical,1943-10,1943,10,9.104384046150178,7.886854726076276,1.2175293200739024
E3SM-Project,E3SM-1-1-ECA,r1i1p1f1,gr,historical,1943-11,1943,11,11.110337229687527,10.153988238532676,0.9563489911548508
E3SM-Project,E3SM-1-1-ECA,r1i1p1f1,gr,historical,1943-12,1943,12,12.013071765410658,11.811870982691465,0.20120078271919262
E3SM-Project,E3SM-1-1-ECA,r1i1p1f1,gr,historical,1944-01,1944,1,12.604265202083708,12.71073050495603,-0.10646530287232281
E3SM-Project,E3SM-1-1-ECA,r1i1p1f1,gr,historical,1944-02,1944,2,12.797441410686954,13.080339320867374,-0.2828979101804201
E3SM-Project,E3SM-1-1-ECA,r1i1p1f1,gr,historical,1944-03,1944,3,13.217373328604562,13.194749281081773,0.02262404752278968
E3SM-Project,E3SM-1-1-ECA,r1i1p1f1,gr,historical,1944-04,1944,4,13.092127585041355,12.935942411086883,0.15618517395447284
E3SM-Project,E3SM-1-1-ECA,r1i1p1f1,gr,historical,1944-05,1944,5,12.032987532491594,11.649231664066448,0.38375586842514586
E3SM-Project,E3SM-1-1-ECA,r1i1p1f1,gr,historical,1944-06,1944,6,10.459559826184659,9.959573801413983,0.499986024770676
E3SM-Project,E3SM-1-1-ECA,r1i1p1f1,gr,historical,1944-07,1944,7,9.01254570456161,8.3000876816458,0.7124580229158095
E3SM-Project,E3SM-1-1-ECA,r1i1p1f1,gr,historical,1944-08,1944,8,7.625444626493454,6.692120761098942,0.9333238653945122
E3SM-Project,E3SM-1-1-ECA,r1i1p1f1,gr,historical,1944-09,1944,9,7.035880954115796,6.03406357736994,1.0018173767458558
E3SM-Project,E3SM-1-1-ECA,r1i1p1f1,gr,historical,1944-10,1944,10,8.996760395118713,7.886854726076276,1.109905669042437
E3SM-Project,E3SM-1-1-ECA,r1i1p1f1,gr,historical,1944-11,1944,11,11.244273502854881,10.153988238532676,1.0902852643222047
E3SM-Project,E3SM-1-1-ECA,r1i1p1f1,gr,historical,1944-12,1944,12,12.387364002079778,11.811870982691465,0.575493019388313
E3SM-Project,E3SM-1-1-ECA,r1i1p1f1,gr,historical,1945-01,1945,1,13.073733830131312,12.71073050495603,0.36300332517528133
E3SM-Project,E3SM-1-1-ECA,r1i1p1f1,gr,historical,1945-02,1945,2,13.390724648736336,13.080339320867374,0.31038532786896234
E3SM-Project,E3SM-1-1-ECA,r1i1p1f1,gr,historical,1945-03,1945,3,13.288441901943544,13.194749281081773,0.09369262086177166
E3SM-Project,E3SM-1-1-ECA,r1i1p1f1,gr,historical,1945-04,1945,4,13.005457105168441,12.935942411086883,0.0695146940815583
E3SM-Project,E3SM-1-1-ECA,r1i1p1f1,gr,historical,1945-05,1945,5,11.706534230458848,11.649231664066448,0.05730256639239961
E3SM-Project,E3SM-1-1-ECA,r1i1p1f1,gr,historical,1945-06,1945,6,10.248521561254739,9.959573801413983,0.28894775984075594
E3SM-Project,E3SM-1-1-ECA,r1i1p1f1,gr,historical,1945-07,1945,7,8.764233479236935,8.3000876816458,0.4641457975911347
E3SM-Project,E3SM-1-1-ECA,r1i1p1f1,gr,historical,1945-08,1945,8,7.069587999161886,6.692120761098942,0.3774672380629438
E3SM-Project,E3SM-1-1-ECA,r1i1p1f1,gr,historical,1945-09,1945,9,6.191239260542883,6.03406357736994,0.15717568317294273
E3SM-Project,E3SM-1-1-ECA,r1i1p1f1,gr,historical,1945-10,1945,10,8.2679199519043,7.886854726076276,0.38106522582802427
E3SM-Project,E3SM-1-1-ECA,r1i1p1f1,gr,historical,1945-11,1945,11,10.870622187341631,10.153988238532676,0.7166339488089548
E3SM-Project,E3SM-1-1-ECA,r1i1p1f1,gr,historical,1945-12,1945,12,12.378442734286967,11.811870982691465,0.566571751595502
E3SM-Project,E3SM-1-1-ECA,r1i1p1f1,gr,historical,1946-01,1946,1,13.134702026706266,12.71073050495603,0.4239715217502358
E3SM-Project,E3SM-1-1-ECA,r1i1p1f1,gr,historical,1946-02,1946,2,13.14708942810099,13.080339320867374,0.06675010723361652
E3SM-Project,E3SM-1-1-ECA,r1i1p1f1,gr,historical,1946-03,1946,3,13.435478037493999,13.194749281081773,0.24072875641222602
E3SM-Project,E3SM-1-1-ECA,r1i1p1f1,gr,historical,1946-04,1946,4,13.405185668272198,12.935942411086883,0.46924325718531534
E3SM-Project,E3SM-1-1-ECA,r1i1p1f1,gr,historical,1946-05,1946,5,12.209395029277783,11.649231664066448,0.5601633652113343
E3SM-Project,E3SM-1-1-ECA,r1i1p1f1,gr,historical,1946-06,1946,6,10.431430948872691,9.959573801413983,0.4718571474587083
E3SM-Project,E3SM-1-1-ECA,r1i1p1f1,gr,historical,1946-07,1946,7,8.580072757190162,8.3000876816458,0.2799850755443618
E3SM-Project,E3SM-1-1-ECA,r1i1p1f1,gr,historical,1946-08,1946,8,6.9082160642171715,6.692120761098942,0.21609530311822933
E3SM-Project,E3SM-1-1-ECA,r1i1p1f1,gr,historical,1946-09,1946,9,6.359206841393277,6.03406357736994,0.32514326402333715
E3SM-Project,E3SM-1-1-ECA,r1i1p1f1,gr,historical,1946-10,1946,10,8.269164145742378,7.886854726076276,0.3823094196661021
E3SM-Project,E3SM-1-1-ECA,r1i1p1f1,gr,historical,1946-11,1946,11,10.448552167599807,10.153988238532676,0.2945639290671309
E3SM-Project,E3SM-1-1-ECA,r1i1p1f1,gr,historical,1946-12,1946,12,12.234150033557002,11.811870982691465,0.4222790508655372
E3SM-Project,E3SM-1-1-ECA,r1i1p1f1,gr,historical,1947-01,1947,1,13.234421787740102,12.71073050495603,0.5236912827840712
E3SM-Project,E3SM-1-1-ECA,r1i1p1f1,gr,historical,1947-02,1947,2,13.313260190112162,13.080339320867374,0.23292086924478816
E3SM-Project,E3SM-1-1-ECA,r1i1p1f1,gr,historical,1947-03,1947,3,13.443846698110832,13.194749281081773,0.2490974170290592
E3SM-Project,E3SM-1-1-ECA,r1i1p1f1,gr,historical,1947-04,1947,4,13.134157127190203,12.935942411086883,0.19821471610332075
E3SM-Project,E3SM-1-1-ECA,r1i1p1f1,gr,historical,1947-05,1947,5,11.985629905149333,11.649231664066448,0.3363982410828843
E3SM-Project,E3SM-1-1-ECA,r1i1p1f1,gr,historical,1947-06,1947,6,10.442931154814916,9.959573801413983,0.4833573534009332
E3SM-Project,E3SM-1-1-ECA,r1i1p1f1,gr,historical,1947-07,1947,7,8.895410410709774,8.3000876816458,0.5953227290639731
E3SM-Project,E3SM-1-1-ECA,r1i1p1f1,gr,historical,1947-08,1947,8,7.396829965993422,6.692120761098942,0.7047092048944794
E3SM-Project,E3SM-1-1-ECA,r1i1p1f1,gr,historical,1947-09,1947,9,6.869386852369311,6.03406357736994,0.8353232749993706
E3SM-Project,E3SM-1-1-ECA,r1i1p1f1,gr,historical,1947-10,1947,10,9.115824344965365,7.886854726076276,1.2289696188890886
E3SM-Project,E3SM-1-1-ECA,r1i1p1f1,gr,historical,1947-11,1947,11,11.129736497658026,10.153988238532676,0.9757482591253499
E3SM-Project,E3SM-1-1-ECA,r1i1p1f1,gr,historical,1947-12,1947,12,12.5562436416727,11.811870982691465,0.7443726589812343
E3SM-Project,E3SM-1-1-ECA,r1i1p1f1,gr,historical,1948-01,1948,1,13.228392071839329,12.71073050495603,0.517661566883298
E3SM-Project,E3SM-1-1-ECA,r1i1p1f1,gr,historical,1948-02,1948,2,13.418404453233496,13.080339320867374,0.3380651323661219
E3SM-Project,E3SM-1-1-ECA,r1i1p1f1,gr,historical,1948-03,1948,3,13.516525352207461,13.194749281081773,0.3217760711256883
E3SM-Project,E3SM-1-1-ECA,r1i1p1f1,gr,historical,1948-04,1948,4,13.478066497815808,12.935942411086883,0.5421240867289256
E3SM-Project,E3SM-1-1-ECA,r1i1p1f1,gr,historical,1948-05,1948,5,12.195232828359325,11.649231664066448,0.5460011642928766
E3SM-Project,E3SM-1-1-ECA,r1i1p1f1,gr,historical,1948-06,1948,6,10.78421374945083,9.959573801413983,0.8246399480368467
E3SM-Project,E3SM-1-1-ECA,r1i1p1f1,gr,historical,1948-07,1948,7,9.186767735095684,8.3000876816458,0.8866800534498829
E3SM-Project,E3SM-1-1-ECA,r1i1p1f1,gr,historical,1948-08,1948,8,7.65037015953743,6.692120761098942,0.9582493984384879
E3SM-Project,E3SM-1-1-ECA,r1i1p1f1,gr,historical,1948-09,1948,9,6.945904602614362,6.03406357736994,0.9118410252444216
E3SM-Project,E3SM-1-1-ECA,r1i1p1f1,gr,historical,1948-10,1948,10,8.67886685546863,7.886854726076276,0.7920121293923543
E3SM-Project,E3SM-1-1-ECA,r1i1p1f1,gr,historical,1948-11,1948,11,10.895332467610489,10.153988238532676,0.7413442290778125
E3SM-Project,E3SM-1-1-ECA,r1i1p1f1,gr,historical,1948-12,1948,12,12.37795929351564,11.811870982691465,0.5660883108241759
E3SM-Project,E3SM-1-1-ECA,r1i1p1f1,gr,historical,1949-01,1949,1,12.987876996897793,12.71073050495603,0.2771464919417621
E3SM-Project,E3SM-1-1-ECA,r1i1p1f1,gr,historical,1949-02,1949,2,13.264611958589132,13.080339320867374,0.18427263772175806
E3SM-Project,E3SM-1-1-ECA,r1i1p1f1,gr,historical,1949-03,1949,3,13.453462917916298,13.194749281081773,0.25871363683452486
E3SM-Project,E3SM-1-1-ECA,r1i1p1f1,gr,historical,1949-04,1949,4,13.337300346699303,12.935942411086883,0.4013579356124204
E3SM-Project,E3SM-1-1-ECA,r1i1p1f1,gr,historical,1949-05,1949,5,12.168430686369913,11.649231664066448,0.5191990223034644
E3SM-Project,E3SM-1-1-ECA,r1i1p1f1,gr,historical,1949-06,1949,6,10.425285542329359,9.959573801413983,0.4657117409153759
E3SM-Project,E3SM-1-1-ECA,r1i1p1f1,gr,historical,1949-07,1949,7,8.769593959481154,8.3000876816458,0.4695062778353538
E3SM-Project,E3SM-1-1-ECA,r1i1p1f1,gr,historical,1949-08,1949,8,7.194533382337582,6.692120761098942,0.5024126212386397
E3SM-Project,E3SM-1-1-ECA,r1i1p1f1,gr,historical,1949-09,1949,9,6.739888243163284,6.03406357736994,0.7058246657933438
E3SM-Project,E3SM-1-1-ECA,r1i1p1f1,gr,historical,1949-10,1949,10,8.54529477461959,7.886854726076276,0.658440048543314
E3SM-Project,E3SM-1-1-ECA,r1i1p1f1,gr,historical,1949-11,1949,11,11.0193178970226,10.153988238532676,0.865329658489923
E3SM-Project,E3SM-1-1-ECA,r1i1p1f1,gr,historical,1949-12,1949,12,12.417990779921874,11.811870982691465,0.6061197972304093
E3SM-Project,E3SM-1-1-ECA,r1i1p1f1,gr,historical,1950-01,1950,1,13.116961814953694,12.71073050495603,0.4062313099976631
E3SM-Project,E3SM-1-1-ECA,r1i1p1f1,gr,historical,1950-02,1950,2,13.43432209759672,13.080339320867374,0.35398277672934597
E3SM-Project,E3SM-1-1-ECA,r1i1p1f1,gr,historical,1950-03,1950,3,13.594858950366547,13.194749281081773,0.4001096692847739
E3SM-Project,E3SM-1-1-ECA,r1i1p1f1,gr,historical,1950-04,1950,4,13.348061172572656,12.935942411086883,0.41211876148577353
E3SM-Project,E3SM-1-1-ECA,r1i1p1f1,gr,historical,1950-05,1950,5,11.750033964913897,11.649231664066448,0.10080230084744812
E3SM-Project,E3SM-1-1-ECA,r1i1p1f1,gr,historical,1950-06,1950,6,10.122984005065222,9.959573801413983,0.16341020365123882
E3SM-Project,E3SM-1-1-ECA,r1i1p1f1,gr,historical,1950-07,1950,7,8.559480288158708,8.3000876816458,0.2593926065129075
E3SM-Project,E3SM-1-1-ECA,r1i1p1f1,gr,historical,1950-08,1950,8,6.746090742766558,6.692120761098942,0.05396998166761602
E3SM-Project,E3SM-1-1-ECA,r1i1p1f1,gr,historical,1950-09,1950,9,6.139867816519896,6.03406357736994,0.10580423914995585
E3SM-Project,E3SM-1-1-ECA,r1i1p1f1,gr,historical,1950-10,1950,10,7.856592365948282,7.886854726076276,-0.03026236012799366
E3SM-Project,E3SM-1-1-ECA,r1i1p1f1,gr,historical,1950-11,1950,11,10.379116573528092,10.153988238532676,0.22512833499541607
E3SM-Project,E3SM-1-1-ECA,r1i1p1f1,gr,historical,1950-12,1950,12,12.24272906542652,11.811870982691465,0.430858082735055
E3SM-Project,E3SM-1-1-ECA,r1i1p1f1,gr,historical,1951-01,1951,1,12.773217939732694,12.71073050495603,0.06248743477666352
E3SM-Project,E3SM-1-1-ECA,r1i1p1f1,gr,historical,1951-02,1951,2,13.13678753366675,13.080339320867374,0.05644821279937595
E3SM-Project,E3SM-1-1-ECA,r1i1p1f1,gr,historical,1951-03,1951,3,13.170374102588234,13.194749281081773,-0.024375178493539096
E3SM-Project,E3SM-1-1-ECA,r1i1p1f1,gr,historical,1951-04,1951,4,12.87223680834445,12.935942411086883,-0.06370560274243253
E3SM-Project,E3SM-1-1-ECA,r1i1p1f1,gr,historical,1951-05,1951,5,11.920178526603907,11.649231664066448,0.2709468625374587
E3SM-Project,E3SM-1-1-ECA,r1i1p1f1,gr,historical,1951-06,1951,6,10.113157190081914,9.959573801413983,0.15358338866793098
E3SM-Project,E3SM-1-1-ECA,r1i1p1f1,gr,historical,1951-07,1951,7,8.603501894856375,8.3000876816458,0.3034142132105746
E3SM-Project,E3SM-1-1-ECA,r1i1p1f1,gr,historical,1951-08,1951,8,6.993537330254469,6.692120761098942,0.30141656915552684
E3SM-Project,E3SM-1-1-ECA,r1i1p1f1,gr,historical,1951-09,1951,9,6.2892044475751,6.03406357736994,0.2551408702051603
E3SM-Project,E3SM-1-1-ECA,r1i1p1f1,gr,historical,1951-10,1951,10,8.620828457102265,7.886854726076276,0.7339737310259888
E3SM-Project,E3SM-1-1-ECA,r1i1p1f1,gr,historical,1951-11,1951,11,10.504018314212033,10.153988238532676,0.3500300756793564
E3SM-Project,E3SM-1-1-ECA,r1i1p1f1,gr,historical,1951-12,1951,12,11.695518136548648,11.811870982691465,-0.11635284614281716
E3SM-Project,E3SM-1-1-ECA,r1i1p1f1,gr,historical,1952-01,1952,1,12.58284353969105,12.71073050495603,-0.127886965264981
E3SM-Project,E3SM-1-1-ECA,r1i1p1f1,gr,historical,1952-02,1952,2,13.116873463679395,13.080339320867374,0.036534142812021386
E3SM-Project,E3SM-1-1-ECA,r1i1p1f1,gr,historical,1952-03,1952,3,13.163091272493762,13.194749281081773,-0.03165800858801049
E3SM-Project,E3SM-1-1-ECA,r1i1p1f1,gr,historical,1952-04,1952,4,12.786666343448722,12.935942411086883,-0.14927606763816037
E3SM-Project,E3SM-1-1-ECA,r1i1p1f1,gr,historical,1952-05,1952,5,11.548969386072379,11.649231664066448,-0.1002622779940694
E3SM-Project,E3SM-1-1-ECA,r1i1p1f1,gr,historical,1952-06,1952,6,9.910864269735617,9.959573801413983,-0.04870953167836589
E3SM-Project,E3SM-1-1-ECA,r1i1p1f1,gr,historical,1952-07,1952,7,8.408360622971037,8.3000876816458,0.1082729413252359
E3SM-Project,E3SM-1-1-ECA,r1i1p1f1,gr,historical,1952-08,1952,8,6.845303885958069,6.692120761098942,0.15318312485912688
E3SM-Project,E3SM-1-1-ECA,r1i1p1f1,gr,historical,1952-09,1952,9,6.360938077086545,6.03406357736994,0.3268744997166051
E3SM-Project,E3SM-1-1-ECA,r1i1p1f1,gr,historical,1952-10,1952,10,8.253225214096103,7.886854726076276,0.3663704880198271
E3SM-Project,E3SM-1-1-ECA,r1i1p1f1,gr,historical,1952-11,1952,11,10.043604529465105,10.153988238532676,-0.11038370906757144
E3SM-Project,E3SM-1-1-ECA,r1i1p1f1,gr,historical,1952-12,1952,12,11.898346492904656,11.811870982691465,0.08647551021319089
E3SM-Project,E3SM-1-1-ECA,r1i1p1f1,gr,historical,1953-01,1953,1,12.964002856970094,12.71073050495603,0.2532723520140632
E3SM-Project,E3SM-1-1-ECA,r1i1p1f1,gr,historical,1953-02,1953,2,13.211736986808184,13.080339320867374,0.13139766594080982
E3SM-Project,E3SM-1-1-ECA,r1i1p1f1,gr,historical,1953-03,1953,3,13.314659994892635,13.194749281081773,0.11991071381086194
E3SM-Project,E3SM-1-1-ECA,r1i1p1f1,gr,historical,1953-04,1953,4,13.008059544302192,12.935942411086883,0.07211713321530944
E3SM-Project,E3SM-1-1-ECA,r1i1p1f1,gr,historical,1953-05,1953,5,11.740383483409538,11.649231664066448,0.09115181934308936
E3SM-Project,E3SM-1-1-ECA,r1i1p1f1,gr,historical,1953-06,1953,6,10.031432482397534,9.959573801413983,0.07185868098355108
E3SM-Project,E3SM-1-1-ECA,r1i1p1f1,gr,historical,1953-07,1953,7,8.638310749248848,8.3000876816458,0.33822306760304777
E3SM-Project,E3SM-1-1-ECA,r1i1p1f1,gr,historical,1953-08,1953,8,7.183791509876384,6.692120761098942,0.4916707487774419
E3SM-Project,E3SM-1-1-ECA,r1i1p1f1,gr,historical,1953-09,1953,9,6.527261360959949,6.03406357736994,0.4931977835900092
E3SM-Project,E3SM-1-1-ECA,r1i1p1f1,gr,historical,1953-10,1953,10,8.776235968896518,7.886854726076276,0.8893812428202423
E3SM-Project,E3SM-1-1-ECA,r1i1p1f1,gr,historical,1953-11,1953,11,10.936143489864152,10.153988238532676,0.782155251331476
E3SM-Project,E3SM-1-1-ECA,r1i1p1f1,gr,historical,1953-12,1953,12,12.34825991677692,11.811870982691465,0.5363889340854548
E3SM-Project,E3SM-1-1-ECA,r1i1p1f1,gr,historical,1954-01,1954,1,13.021258115036149,12.71073050495603,0.3105276100801184
E3SM-Project,E3SM-1-1-ECA,r1i1p1f1,gr,historical,1954-02,1954,2,13.227000891501454,13.080339320867374,0.14666157063408036
E3SM-Project,E3SM-1-1-ECA,r1i1p1f1,gr,historical,1954-03,1954,3,13.296950699993406,13.194749281081773,0.10220141891163337
E3SM-Project,E3SM-1-1-ECA,r1i1p1f1,gr,historical,1954-04,1954,4,13.23347309815905,12.935942411086883,0.2975306870721681
E3SM-Project,E3SM-1-1-ECA,r1i1p1f1,gr,historical,1954-05,1954,5,12.026520571939876,11.649231664066448,0.37728890787342806
E3SM-Project,E3SM-1-1-ECA,r1i1p1f1,gr,historical,1954-06,1954,6,10.350032717619559,9.959573801413983,0.39045891620557605
E3SM-Project,E3SM-1-1-ECA,r1i1p1f1,gr,historical,1954-07,1954,7,8.858901640591219,8.3000876816458,0.558813958945418
E3SM-Project,E3SM-1-1-ECA,r1i1p1f1,gr,historical,1954-08,1954,8,7.294313635071,6.692120761098942,0.6021928739720579
E3SM-Project,E3SM-1-1-ECA,r1i1p1f1,gr,historical,1954-09,1954,9,6.604286781749587,6.03406357736994,0.5702232043796469
E3SM-Project,E3SM-1-1-ECA,r1i1p1f1,gr,historical,1954-10,1954,10,8.352174102891336,7.886854726076276,0.4653193768150601
E3SM-Project,E3SM-1-1-ECA,r1i1p1f1,gr,historical,1954-11,1954,11,10.43861553058902,10.153988238532676,0.28462729205634396
E3SM-Project,E3SM-1-1-ECA,r1i1p1f1,gr,historical,1954-12,1954,12,12.319784193712444,11.811870982691465,0.5079132110209787
E3SM-Project,E3SM-1-1-ECA,r1i1p1f1,gr,historical,1955-01,1955,1,12.952364036015085,12.71073050495603,0.24163353105905472
E3SM-Project,E3SM-1-1-ECA,r1i1p1f1,gr,historical,1955-02,1955,2,13.402837603900814,13.080339320867374,0.32249828303343975
E3SM-Project,E3SM-1-1-ECA,r1i1p1f1,gr,historical,1955-03,1955,3,13.062958838579577,13.194749281081773,-0.1317904425021954
E3SM-Project,E3SM-1-1-ECA,r1i1p1f1,gr,historical,1955-04,1955,4,12.840968357973976,12.935942411086883,-0.09497405311290663
E3SM-Project,E3SM-1-1-ECA,r1i1p1f1,gr,historical,1955-05,1955,5,11.782141981875531,11.649231664066448,0.1329103178090829
E3SM-Project,E3SM-1-1-ECA,r1i1p1f1,gr,historical,1955-06,1955,6,10.153510765897927,9.959573801413983,0.19393696448394415
E3SM-Project,E3SM-1-1-ECA,r1i1p1f1,gr,historical,1955-07,1955,7,8.598869491323809,8.3000876816458,0.29878180967800816
E3SM-Project,E3SM-1-1-ECA,r1i1p1f1,gr,historical,1955-08,1955,8,6.986936343722389,6.692120761098942,0.2948155826234471
E3SM-Project,E3SM-1-1-ECA,r1i1p1f1,gr,historical,1955-09,1955,9,6.375941277574711,6.03406357736994,0.3418777002047708
E3SM-Project,E3SM-1-1-ECA,r1i1p1f1,gr,historical,1955-10,1955,10,8.177444909172364,7.886854726076276,0.29059018309608753
E3SM-Project,E3SM-1-1-ECA,r1i1p1f1,gr,historical,1955-11,1955,11,10.363126793027536,10.153988238532676,0.20913855449486007
E3SM-Project,E3SM-1-1-ECA,r1i1p1f1,gr,historical,1955-12,1955,12,12.00859892072472,11.811870982691465,0.1967279380332556
E3SM-Project,E3SM-1-1-ECA,r1i1p1f1,gr,historical,1956-01,1956,1,12.918572418347205,12.71073050495603,0.20784191339117442
E3SM-Project,E3SM-1-1-ECA,r1i1p1f1,gr,historical,1956-02,1956,2,13.324888857437958,13.080339320867374,0.24454953657058454
E3SM-Project,E3SM-1-1-ECA,r1i1p1f1,gr,historical,1956-03,1956,3,13.322958398590778,13.194749281081773,0.1282091175090052
E3SM-Project,E3SM-1-1-ECA,r1i1p1f1,gr,historical,1956-04,1956,4,13.016104457927568,12.935942411086883,0.08016204684068562
E3SM-Project,E3SM-1-1-ECA,r1i1p1f1,gr,historical,1956-05,1956,5,11.623179172322871,11.649231664066448,-0.026052491743577377
E3SM-Project,E3SM-1-1-ECA,r1i1p1f1,gr,historical,1956-06,1956,6,9.965945310907292,9.959573801413983,0.006371509493309446
E3SM-Project,E3SM-1-1-ECA,r1i1p1f1,gr,historical,1956-07,1956,7,8.499620211225816,8.3000876816458,0.199532529580015
E3SM-Project,E3SM-1-1-ECA,r1i1p1f1,gr,historical,1956-08,1956,8,6.754814297851457,6.692120761098942,0.06269353675251477
E3SM-Project,E3SM-1-1-ECA,r1i1p1f1,gr,historical,1956-09,1956,9,6.036253465768032,6.03406357736994,0.002189888398091533
E3SM-Project,E3SM-1-1-ECA,r1i1p1f1,gr,historical,1956-10,1956,10,7.9907983219145695,7.886854726076276,0.10394359583829349
E3SM-Project,E3SM-1-1-ECA,r1i1p1f1,gr,historical,1956-11,1956,11,10.467914831555715,10.153988238532676,0.31392659302303905
E3SM-Project,E3SM-1-1-ECA,r1i1p1f1,gr,historical,1956-12,1956,12,11.910653486142332,11.811870982691465,0.0987825034508667
E3SM-Project,E3SM-1-1-ECA,r1i1p1f1,gr,historical,1957-01,1957,1,12.84622763213694,12.71073050495603,0.13549712718091023
E3SM-Project,E3SM-1-1-ECA,r1i1p1f1,gr,historical,1957-02,1957,2,13.058525004583043,13.080339320867374,-0.02181431628433117
E3SM-Project,E3SM-1-1-ECA,r1i1p1f1,gr,historical,1957-03,1957,3,12.896838874918947,13.194749281081773,-0.29791040616282594
E3SM-Project,E3SM-1-1-ECA,r1i1p1f1,gr,historical,1957-04,1957,4,12.296172638623046,12.935942411086883,-0.6397697724638363
E3SM-Project,E3SM-1-1-ECA,r1i1p1f1,gr,historical,1957-05,1957,5,10.985412296165398,11.649231664066448,-0.6638193679010502
E3SM-Project,E3SM-1-1-ECA,r1i1p1f1,gr,historical,1957-06,1957,6,9.340420495391445,9.959573801413983,-0.6191533060225378
E3SM-Project,E3SM-1-1-ECA,r1i1p1f1,gr,historical,1957-07,1957,7,7.81375255121477,8.3000876816458,-0.4863351304310308
E3SM-Project,E3SM-1-1-ECA,r1i1p1f1,gr,historical,1957-08,1957,8,6.254965002627706,6.692120761098942,-0.4371557584712358
E3SM-Project,E3SM-1-1-ECA,r1i1p1f1,gr,historical,1957-09,1957,9,5.673052819044293,6.03406357736994,-0.361010758325647
E3SM-Project,E3SM-1-1-ECA,r1i1p1f1,gr,historical,1957-10,1957,10,7.109904310160992,7.886854726076276,-0.7769504159152838
E3SM-Project,E3SM-1-1-ECA,r1i1p1f1,gr,historical,1957-11,1957,11,10.129191463996504,10.153988238532676,-0.02479677453617235
E3SM-Project,E3SM-1-1-ECA,r1i1p1f1,gr,historical,1957-12,1957,12,12.073624911164728,11.811870982691465,0.2617539284732633
E3SM-Project,E3SM-1-1-ECA,r1i1p1f1,gr,historical,1958-01,1958,1,12.851658835816213,12.71073050495603,0.14092833086018253
E3SM-Project,E3SM-1-1-ECA,r1i1p1f1,gr,historical,1958-02,1958,2,13.310215968813187,13.080339320867374,0.22987664794581342
E3SM-Project,E3SM-1-1-ECA,r1i1p1f1,gr,historical,1958-03,1958,3,13.373784474325921,13.194749281081773,0.17903519324414852
E3SM-Project,E3SM-1-1-ECA,r1i1p1f1,gr,historical,1958-04,1958,4,13.123657323757879,12.935942411086883,0.18771491267099627
E3SM-Project,E3SM-1-1-ECA,r1i1p1f1,gr,historical,1958-05,1958,5,11.920675356349543,11.649231664066448,0.2714436922830945
E3SM-Project,E3SM-1-1-ECA,r1i1p1f1,gr,historical,1958-06,1958,6,10.186950335076409,9.959573801413983,0.22737653366242583
E3SM-Project,E3SM-1-1-ECA,r1i1p1f1,gr,historical,1958-07,1958,7,8.559180764863866,8.3000876816458,0.25909308321806535
E3SM-Project,E3SM-1-1-ECA,r1i1p1f1,gr,historical,1958-08,1958,8,6.870395152599935,6.692120761098942,0.17827439150099256
E3SM-Project,E3SM-1-1-ECA,r1i1p1f1,gr,historical,1958-09,1958,9,6.3720914561790964,6.03406357736994,0.3380278788091564
E3SM-Project,E3SM-1-1-ECA,r1i1p1f1,gr,historical,1958-10,1958,10,8.509412433733244,7.886854726076276,0.6225577076569682
E3SM-Project,E3SM-1-1-ECA,r1i1p1f1,gr,historical,1958-11,1958,11,10.66707818401105,10.153988238532676,0.5130899454783737
E3SM-Project,E3SM-1-1-ECA,r1i1p1f1,gr,historical,1958-12,1958,12,12.179565603250731,11.811870982691465,0.3676946205592664
E3SM-Project,E3SM-1-1-ECA,r1i1p1f1,gr,historical,1959-01,1959,1,12.803198213651015,12.71073050495603,0.09246770869498455
E3SM-Project,E3SM-1-1-ECA,r1i1p1f1,gr,historical,1959-02,1959,2,13.14796638491738,13.080339320867374,0.06762706405000607
E3SM-Project,E3SM-1-1-ECA,r1i1p1f1,gr,historical,1959-03,1959,3,13.464508593409281,13.194749281081773,0.2697593123275084
E3SM-Project,E3SM-1-1-ECA,r1i1p1f1,gr,historical,1959-04,1959,4,13.150123467673179,12.935942411086883,0.2141810565862965
E3SM-Project,E3SM-1-1-ECA,r1i1p1f1,gr,historical,1959-05,1959,5,11.880502821070236,11.649231664066448,0.2312711570037873
E3SM-Project,E3SM-1-1-ECA,r1i1p1f1,gr,historical,1959-06,1959,6,10.244642149574778,9.959573801413983,0.2850683481607952
E3SM-Project,E3SM-1-1-ECA,r1i1p1f1,gr,historical,1959-07,1959,7,8.720611551376813,8.3000876816458,0.42052386973101186
E3SM-Project,E3SM-1-1-ECA,r1i1p1f1,gr,historical,1959-08,1959,8,7.097572277576254,6.692120761098942,0.4054515164773118
E3SM-Project,E3SM-1-1-ECA,r1i1p1f1,gr,historical,1959-09,1959,9,6.306289205149034,6.03406357736994,0.2722256277790942
E3SM-Project,E3SM-1-1-ECA,r1i1p1f1,gr,historical,1959-10,1959,10,7.838058605494794,7.886854726076276,-0.04879612058148197
E3SM-Project,E3SM-1-1-ECA,r1i1p1f1,gr,historical,1959-11,1959,11,10.429754197750276,10.153988238532676,0.2757659592175994
E3SM-Project,E3SM-1-1-ECA,r1i1p1f1,gr,historical,1959-12,1959,12,11.93138015774997,11.811870982691465,0.11950917505850533
E3SM-Project,E3SM-1-1-ECA,r1i1p1f1,gr,historical,1960-01,1960,1,12.507084761151441,12.71073050495603,-0.20364574380458933
E3SM-Project,E3SM-1-1-ECA,r1i1p1f1,gr,historical,1960-02,1960,2,13.084365461645975,13.080339320867374,0.004026140778600862
E3SM-Project,E3SM-1-1-ECA,r1i1p1f1,gr,historical,1960-03,1960,3,13.28275360614632,13.194749281081773,0.08800432506454747
E3SM-Project,E3SM-1-1-ECA,r1i1p1f1,gr,historical,1960-04,1960,4,13.122575863525624,12.935942411086883,0.1866334524387412
E3SM-Project,E3SM-1-1-ECA,r1i1p1f1,gr,historical,1960-05,1960,5,11.619629715168898,11.649231664066448,-0.0296019488975503
E3SM-Project,E3SM-1-1-ECA,r1i1p1f1,gr,historical,1960-06,1960,6,9.905968553981674,9.959573801413983,-0.053605247432308545
E3SM-Project,E3SM-1-1-ECA,r1i1p1f1,gr,historical,1960-07,1960,7,8.298118921560768,8.3000876816458,-0.0019687600850328835
E3SM-Project,E3SM-1-1-ECA,r1i1p1f1,gr,historical,1960-08,1960,8,6.69346835712945,6.692120761098942,0.001347596030507603
E3SM-Project,E3SM-1-1-ECA,r1i1p1f1,gr,historical,1960-09,1960,9,5.9697788992179035,6.03406357736994,-0.06428467815203653
E3SM-Project,E3SM-1-1-ECA,r1i1p1f1,gr,historical,1960-10,1960,10,7.642607007617717,7.886854726076276,-0.24424771845855897
E3SM-Project,E3SM-1-1-ECA,r1i1p1f1,gr,historical,1960-11,1960,11,10.117257780047229,10.153988238532676,-0.036730458485447315
E3SM-Project,E3SM-1-1-ECA,r1i1p1f1,gr,historical,1960-12,1960,12,11.734807317569821,11.811870982691465,-0.07706366512164387
E3SM-Project,E3SM-1-1-ECA,r1i1p1f1,gr,historical,1961-01,1961,1,12.56863261322999,12.71073050495603,-0.14209789172604026
E3SM-Project,E3SM-1-1-ECA,r1i1p1f1,gr,historical,1961-02,1961,2,13.068499374857758,13.080339320867374,-0.011839946009615687
E3SM-Project,E3SM-1-1-ECA,r1i1p1f1,gr,historical,1961-03,1961,3,13.373102092773054,13.194749281081773,0.1783528116912816
E3SM-Project,E3SM-1-1-ECA,r1i1p1f1,gr,historical,1961-04,1961,4,13.317675523341192,12.935942411086883,0.3817331122543095
E3SM-Project,E3SM-1-1-ECA,r1i1p1f1,gr,historical,1961-05,1961,5,12.016680640543449,11.649231664066448,0.36744897647700014
E3SM-Project,E3SM-1-1-ECA,r1i1p1f1,gr,historical,1961-06,1961,6,10.307329110725227,9.959573801413983,0.34775530931124443
E3SM-Project,E3SM-1-1-ECA,r1i1p1f1,gr,historical,1961-07,1961,7,8.706032548234448,8.3000876816458,0.4059448665886478
E3SM-Project,E3SM-1-1-ECA,r1i1p1f1,gr,historical,1961-08,1961,8,7.028532959311811,6.692120761098942,0.3364121982128685
E3SM-Project,E3SM-1-1-ECA,r1i1p1f1,gr,historical,1961-09,1961,9,6.454838109976636,6.03406357736994,0.4207745326066963
E3SM-Project,E3SM-1-1-ECA,r1i1p1f1,gr,historical,1961-10,1961,10,8.306707292221796,7.886854726076276,0.41985256614552036
E3SM-Project,E3SM-1-1-ECA,r1i1p1f1,gr,historical,1961-11,1961,11,10.547099196839467,10.153988238532676,0.39311095830679044
E3SM-Project,E3SM-1-1-ECA,r1i1p1f1,gr,historical,1961-12,1961,12,12.337260312138431,11.811870982691465,0.5253893294469663
E3SM-Project,E3SM-1-1-ECA,r1i1p1f1,gr,historical,1962-01,1962,1,13.036301912296734,12.71073050495603,0.32557140734070344
E3SM-Project,E3SM-1-1-ECA,r1i1p1f1,gr,historical,1962-02,1962,2,13.197825323016495,13.080339320867374,0.1174860021491213
E3SM-Project,E3SM-1-1-ECA,r1i1p1f1,gr,historical,1962-03,1962,3,13.306835165342763,13.194749281081773,0.1120858842609902
E3SM-Project,E3SM-1-1-ECA,r1i1p1f1,gr,historical,1962-04,1962,4,12.974995751847688,12.935942411086883,0.039053340760805355
E3SM-Project,E3SM-1-1-ECA,r1i1p1f1,gr,historical,1962-05,1962,5,11.609089769131833,11.649231664066448,-0.04014189493461551
E3SM-Project,E3SM-1-1-ECA,r1i1p1f1,gr,historical,1962-06,1962,6,9.892922640978298,9.959573801413983,-0.06665116043568453
E3SM-Project,E3SM-1-1-ECA,r1i1p1f1,gr,historical,1962-07,1962,7,8.474386886586732,8.3000876816458,0.17429920494093132
E3SM-Project,E3SM-1-1-ECA,r1i1p1f1,gr,historical,1962-08,1962,8,6.907239050557165,6.692120761098942,0.2151182894582231
E3SM-Project,E3SM-1-1-ECA,r1i1p1f1,gr,historical,1962-09,1962,9,6.365882042164982,6.03406357736994,0.33181846479504173
E3SM-Project,E3SM-1-1-ECA,r1i1p1f1,gr,historical,1962-10,1962,10,8.489751777530802,7.886854726076276,0.6028970514545264
E3SM-Project,E3SM-1-1-ECA,r1i1p1f1,gr,historical,1962-11,1962,11,10.262969062723673,10.153988238532676,0.10898082419099708
E3SM-Project,E3SM-1-1-ECA,r1i1p1f1,gr,historical,1962-12,1962,12,11.532459243613772,11.811870982691465,-0.2794117390776929
E3SM-Project,E3SM-1-1-ECA,r1i1p1f1,gr,historical,1963-01,1963,1,12.563375320172474,12.71073050495603,-0.14735518478355658
E3SM-Project,E3SM-1-1-ECA,r1i1p1f1,gr,historical,1963-02,1963,2,12.949620850834485,13.080339320867374,-0.13071847003288894
E3SM-Project,E3SM-1-1-ECA,r1i1p1f1,gr,historical,1963-03,1963,3,12.823763364193702,13.194749281081773,-0.3709859168880705
E3SM-Project,E3SM-1-1-ECA,r1i1p1f1,gr,historical,1963-04,1963,4,12.314130452575098,12.935942411086883,-0.6218119585117847
E3SM-Project,E3SM-1-1-ECA,r1i1p1f1,gr,historical,1963-05,1963,5,11.165778522548564,11.649231664066448,-0.48345314151788443
E3SM-Project,E3SM-1-1-ECA,r1i1p1f1,gr,historical,1963-06,1963,6,9.615745612613173,9.959573801413983,-0.3438281888008099
E3SM-Project,E3SM-1-1-ECA,r1i1p1f1,gr,historical,1963-07,1963,7,7.849273848189954,8.3000876816458,-0.4508138334558467
E3SM-Project,E3SM-1-1-ECA,r1i1p1f1,gr,historical,1963-08,1963,8,6.200008908381021,6.692120761098942,-0.49211185271792157
E3SM-Project,E3SM-1-1-ECA,r1i1p1f1,gr,historical,1963-09,1963,9,5.679452447754394,6.03406357736994,-0.3546111296155461
E3SM-Project,E3SM-1-1-ECA,r1i1p1f1,gr,historical,1963-10,1963,10,7.708150580852734,7.886854726076276,-0.17870414522354228
E3SM-Project,E3SM-1-1-ECA,r1i1p1f1,gr,historical,1963-11,1963,11,10.245974505650803,10.153988238532676,0.09198626711812707
E3SM-Project,E3SM-1-1-ECA,r1i1p1f1,gr,historical,1963-12,1963,12,11.838805198305606,11.811870982691465,0.026934215614140555
E3SM-Project,E3SM-1-1-ECA,r1i1p1f1,gr,historical,1964-01,1964,1,12.563592772121645,12.71073050495603,-0.14713773283438591
E3SM-Project,E3SM-1-1-ECA,r1i1p1f1,gr,historical,1964-02,1964,2,12.702548147507082,13.080339320867374,-0.37779117336029167
E3SM-Project,E3SM-1-1-ECA,r1i1p1f1,gr,historical,1964-03,1964,3,12.849390043631633,13.194749281081773,-0.34535923745013974
E3SM-Project,E3SM-1-1-ECA,r1i1p1f1,gr,historical,1964-04,1964,4,12.779685219844152,12.935942411086883,-0.1562571912427302
E3SM-Project,E3SM-1-1-ECA,r1i1p1f1,gr,historical,1964-05,1964,5,11.636532378502734,11.649231664066448,-0.012699285563714469
E3SM-Project,E3SM-1-1-ECA,r1i1p1f1,gr,historical,1964-06,1964,6,10.039047855210343,9.959573801413983,0.07947405379636052
E3SM-Project,E3SM-1-1-ECA,r1i1p1f1,gr,historical,1964-07,1964,7,8.399146954574368,8.3000876816458,0.09905927292856731
E3SM-Project,E3SM-1-1-ECA,r1i1p1f1,gr,historical,1964-08,1964,8,6.777013106446261,6.692120761098942,0.08489234534731871
E3SM-Project,E3SM-1-1-ECA,r1i1p1f1,gr,historical,1964-09,1964,9,6.250173487997296,6.03406357736994,0.21610991062735607
E3SM-Project,E3SM-1-1-ECA,r1i1p1f1,gr,historical,1964-10,1964,10,8.430711188430058,7.886854726076276,0.5438564623537818
E3SM-Project,E3SM-1-1-ECA,r1i1p1f1,gr,historical,1964-11,1964,11,10.47223492658593,10.153988238532676,0.31824668805325373
E3SM-Project,E3SM-1-1-ECA,r1i1p1f1,gr,historical,1964-12,1964,12,11.987277985059512,11.811870982691465,0.17540700236804696
E3SM-Project,E3SM-1-1-ECA,r1i1p1f1,gr,historical,1965-01,1965,1,12.652630821401264,12.71073050495603,-0.05809968355476691
E3SM-Project,E3SM-1-1-ECA,r1i1p1f1,gr,historical,1965-02,1965,2,12.878170473272647,13.080339320867374,-0.2021688475947272
E3SM-Project,E3SM-1-1-ECA,r1i1p1f1,gr,historical,1965-03,1965,3,12.75870945306979,13.194749281081773,-0.4360398280119835
E3SM-Project,E3SM-1-1-ECA,r1i1p1f1,gr,historical,1965-04,1965,4,12.608233329951203,12.935942411086883,-0.32770908113568
E3SM-Project,E3SM-1-1-ECA,r1i1p1f1,gr,historical,1965-05,1965,5,11.625768526841862,11.649231664066448,-0.023463137224586816
E3SM-Project,E3SM-1-1-ECA,r1i1p1f1,gr,historical,1965-06,1965,6,10.055345480177964,9.959573801413983,0.09577167876398107
E3SM-Project,E3SM-1-1-ECA,r1i1p1f1,gr,historical,1965-07,1965,7,8.671665344846653,8.3000876816458,0.3715776632008527
E3SM-Project,E3SM-1-1-ECA,r1i1p1f1,gr,historical,1965-08,1965,8,7.132490842159725,6.692120761098942,0.4403700810607827
E3SM-Project,E3SM-1-1-ECA,r1i1p1f1,gr,historical,1965-09,1965,9,6.552859050537577,6.03406357736994,0.5187954731676365
E3SM-Project,E3SM-1-1-ECA,r1i1p1f1,gr,historical,1965-10,1965,10,8.30549991119699,7.886854726076276,0.41864518512071314
E3SM-Project,E3SM-1-1-ECA,r1i1p1f1,gr,historical,1965-11,1965,11,10.631795804632063,10.153988238532676,0.47780756609938635
E3SM-Project,E3SM-1-1-ECA,r1i1p1f1,gr,historical,1965-12,1965,12,11.982060684356252,11.811870982691465,0.1701897016647873
E3SM-Project,E3SM-1-1-ECA,r1i1p1f1,gr,historical,1966-01,1966,1,12.390572544623513,12.71073050495603,-0.32015796033251753
E3SM-Project,E3SM-1-1-ECA,r1i1p1f1,gr,historical,1966-02,1966,2,12.64030286028322,13.080339320867374,-0.44003646058415313
E3SM-Project,E3SM-1-1-ECA,r1i1p1f1,gr,historical,1966-03,1966,3,12.747179469528582,13.194749281081773,-0.44756981155319053
E3SM-Project,E3SM-1-1-ECA,r1i1p1f1,gr,historical,1966-04,1966,4,12.568501997572957,12.935942411086883,-0.36744041351392553
E3SM-Project,E3SM-1-1-ECA,r1i1p1f1,gr,historical,1966-05,1966,5,11.165704451402938,11.649231664066448,-0.4835272126635104
E3SM-Project,E3SM-1-1-ECA,r1i1p1f1,gr,historical,1966-06,1966,6,9.766491403545912,9.959573801413983,-0.19308239786807135
E3SM-Project,E3SM-1-1-ECA,r1i1p1f1,gr,historical,1966-07,1966,7,8.324535119893957,8.3000876816458,0.024447438248156317
E3SM-Project,E3SM-1-1-ECA,r1i1p1f1,gr,historical,1966-08,1966,8,6.79657557759121,6.692120761098942,0.10445481649226807
E3SM-Project,E3SM-1-1-ECA,r1i1p1f1,gr,historical,1966-09,1966,9,6.307171414108989,6.03406357736994,0.27310783673904915
E3SM-Project,E3SM-1-1-ECA,r1i1p1f1,gr,historical,1966-10,1966,10,8.442185411072023,7.886854726076276,0.5553306849957469
E3SM-Project,E3SM-1-1-ECA,r1i1p1f1,gr,historical,1966-11,1966,11,10.555402472656183,10.153988238532676,0.4014142341235072
E3SM-Project,E3SM-1-1-ECA,r1i1p1f1,gr,historical,1966-12,1966,12,11.713390282299864,11.811870982691465,-0.09848070039160106
E3SM-Project,E3SM-1-1-ECA,r1i1p1f1,gr,historical,1967-01,1967,1,12.19369635048397,12.71073050495603,-0.5170341544720607
E3SM-Project,E3SM-1-1-ECA,r1i1p1f1,gr,historical,1967-02,1967,2,12.571333912531301,13.080339320867374,-0.5090054083360727
E3SM-Project,E3SM-1-1-ECA,r1i1p1f1,gr,historical,1967-03,1967,3,12.75667788092388,13.194749281081773,-0.43807140015789336
E3SM-Project,E3SM-1-1-ECA,r1i1p1f1,gr,historical,1967-04,1967,4,12.428106158611937,12.935942411086883,-0.5078362524749451
E3SM-Project,E3SM-1-1-ECA,r1i1p1f1,gr,historical,1967-05,1967,5,11.214403774565856,11.649231664066448,-0.4348278895005926
E3SM-Project,E3SM-1-1-ECA,r1i1p1f1,gr,historical,1967-06,1967,6,9.70408154162337,9.959573801413983,-0.2554922597906124
E3SM-Project,E3SM-1-1-ECA,r1i1p1f1,gr,historical,1967-07,1967,7,8.128789413123505,8.3000876816458,-0.17129826852229613
E3SM-Project,E3SM-1-1-ECA,r1i1p1f1,gr,historical,1967-08,1967,8,6.465502109440232,6.692120761098942,-0.2266186516587103
E3SM-Project,E3SM-1-1-ECA,r1i1p1f1,gr,historical,1967-09,1967,9,5.886807937649147,6.03406357736994,-0.14725563972079314
E3SM-Project,E3SM-1-1-ECA,r1i1p1f1,gr,historical,1967-10,1967,10,7.8988674753960755,7.886854726076276,0.012012749319799454
E3SM-Project,E3SM-1-1-ECA,r1i1p1f1,gr,historical,1967-11,1967,11,10.226567839721898,10.153988238532676,0.07257960118922213
E3SM-Project,E3SM-1-1-ECA,r1i1p1f1,gr,historical,1967-12,1967,12,11.983709346207844,11.811870982691465,0.17183836351637893
E3SM-Project,E3SM-1-1-ECA,r1i1p1f1,gr,historical,1968-01,1968,1,12.49503101796975,12.71073050495603,-0.21569948698628139
E3SM-Project,E3SM-1-1-ECA,r1i1p1f1,gr,historical,1968-02,1968,2,13.085003167176856,13.080339320867374,0.004663846309481912
E3SM-Project,E3SM-1-1-ECA,r1i1p1f1,gr,historical,1968-03,1968,3,13.38215322060554,13.194749281081773,0.187403939523767
E3SM-Project,E3SM-1-1-ECA,r1i1p1f1,gr,historical,1968-04,1968,4,12.980305150217054,12.935942411086883,0.04436273913017175
E3SM-Project,E3SM-1-1-ECA,r1i1p1f1,gr,historical,1968-05,1968,5,11.595906293093586,11.649231664066448,-0.053325370972862274
E3SM-Project,E3SM-1-1-ECA,r1i1p1f1,gr,historical,1968-06,1968,6,9.912000128640793,9.959573801413983,-0.04757367277318991
E3SM-Project,E3SM-1-1-ECA,r1i1p1f1,gr,historical,1968-07,1968,7,8.556102127308618,8.3000876816458,0.2560144456628173
E3SM-Project,E3SM-1-1-ECA,r1i1p1f1,gr,historical,1968-08,1968,8,7.268553164807344,6.692120761098942,0.5764324037084014
E3SM-Project,E3SM-1-1-ECA,r1i1p1f1,gr,historical,1968-09,1968,9,6.8495534093139305,6.03406357736994,0.8154898319439905
E3SM-Project,E3SM-1-1-ECA,r1i1p1f1,gr,historical,1968-10,1968,10,8.491107528154194,7.886854726076276,0.6042528020779177
E3SM-Project,E3SM-1-1-ECA,r1i1p1f1,gr,historical,1968-11,1968,11,10.37070900475411,10.153988238532676,0.21672076622143344
E3SM-Project,E3SM-1-1-ECA,r1i1p1f1,gr,historical,1968-12,1968,12,12.054787021966497,11.811870982691465,0.24291603927503225
E3SM-Project,E3SM-1-1-ECA,r1i1p1f1,gr,historical,1969-01,1969,1,12.839297250141637,12.71073050495603,0.12856674518560673
E3SM-Project,E3SM-1-1-ECA,r1i1p1f1,gr,historical,1969-02,1969,2,13.208149862214205,13.080339320867374,0.12781054134683068
E3SM-Project,E3SM-1-1-ECA,r1i1p1f1,gr,historical,1969-03,1969,3,13.427513640149574,13.194749281081773,0.2327643590678008
E3SM-Project,E3SM-1-1-ECA,r1i1p1f1,gr,historical,1969-04,1969,4,13.101519390366816,12.935942411086883,0.1655769792799333
E3SM-Project,E3SM-1-1-ECA,r1i1p1f1,gr,historical,1969-05,1969,5,11.83026810211604,11.649231664066448,0.1810364380495919
E3SM-Project,E3SM-1-1-ECA,r1i1p1f1,gr,historical,1969-06,1969,6,10.126407273654491,9.959573801413983,0.16683347224050848
E3SM-Project,E3SM-1-1-ECA,r1i1p1f1,gr,historical,1969-07,1969,7,8.603904357184145,8.3000876816458,0.3038166755383447
E3SM-Project,E3SM-1-1-ECA,r1i1p1f1,gr,historical,1969-08,1969,8,7.035790701693349,6.692120761098942,0.34366994059440703
E3SM-Project,E3SM-1-1-ECA,r1i1p1f1,gr,historical,1969-09,1969,9,6.255886325197678,6.03406357736994,0.22182274782773792
E3SM-Project,E3SM-1-1-ECA,r1i1p1f1,gr,historical,1969-10,1969,10,8.34672440262941,7.886854726076276,0.4598696765531347
E3SM-Project,E3SM-1-1-ECA,r1i1p1f1,gr,historical,1969-11,1969,11,10.817063089742431,10.153988238532676,0.6630748512097551
E3SM-Project,E3SM-1-1-ECA,r1i1p1f1,gr,historical,1969-12,1969,12,11.86524375948405,11.811870982691465,0.05337277679258534
E3SM-Project,E3SM-1-1-ECA,r1i1p1f1,gr,historical,1970-01,1970,1,12.514254838147622,12.71073050495603,-0.1964756668084089
E3SM-Project,E3SM-1-1-ECA,r1i1p1f1,gr,historical,1970-02,1970,2,13.104402255059295,13.080339320867374,0.02406293419192096
E3SM-Project,E3SM-1-1-ECA,r1i1p1f1,gr,historical,1970-03,1970,3,13.34677113915693,13.194749281081773,0.1520218580751571
E3SM-Project,E3SM-1-1-ECA,r1i1p1f1,gr,historical,1970-04,1970,4,12.961226444661408,12.935942411086883,0.025284033574525466
E3SM-Project,E3SM-1-1-ECA,r1i1p1f1,gr,historical,1970-05,1970,5,11.56109597670784,11.649231664066448,-0.08813568735860855
E3SM-Project,E3SM-1-1-ECA,r1i1p1f1,gr,historical,1970-06,1970,6,10.030507851236742,9.959573801413983,0.07093404982275864
E3SM-Project,E3SM-1-1-ECA,r1i1p1f1,gr,historical,1970-07,1970,7,8.774461623070462,8.3000876816458,0.4743739414246608
E3SM-Project,E3SM-1-1-ECA,r1i1p1f1,gr,historical,1970-08,1970,8,7.238404465329149,6.692120761098942,0.5462837042302064
E3SM-Project,E3SM-1-1-ECA,r1i1p1f1,gr,historical,1970-09,1970,9,6.816425165435603,6.03406357736994,0.7823615880656627
E3SM-Project,E3SM-1-1-ECA,r1i1p1f1,gr,historical,1970-10,1970,10,8.923660392576165,7.886854726076276,1.0368056664998893
E3SM-Project,E3SM-1-1-ECA,r1i1p1f1,gr,historical,1970-11,1970,11,11.11548123180667,10.153988238532676,0.9614929932739944
E3SM-Project,E3SM-1-1-ECA,r1i1p1f1,gr,historical,1970-12,1970,12,12.146807003595239,11.811870982691465,0.3349360209037737
E3SM-Project,E3SM-1-1-ECA,r1i1p1f1,gr,historical,1971-01,1971,1,12.999590311084296,12.71073050495603,0.288859806128265
E3SM-Project,E3SM-1-1-ECA,r1i1p1f1,gr,historical,1971-02,1971,2,13.450387432282177,13.080339320867374,0.3700481114148033
E3SM-Project,E3SM-1-1-ECA,r1i1p1f1,gr,historical,1971-03,1971,3,13.57108286569839,13.194749281081773,0.37633358461661715
E3SM-Project,E3SM-1-1-ECA,r1i1p1f1,gr,historical,1971-04,1971,4,13.480309952165195,12.935942411086883,0.5443675410783122
E3SM-Project,E3SM-1-1-ECA,r1i1p1f1,gr,historical,1971-05,1971,5,12.262134927564697,11.649231664066448,0.6129032634982483
E3SM-Project,E3SM-1-1-ECA,r1i1p1f1,gr,historical,1971-06,1971,6,10.529724921033377,9.959573801413983,0.5701511196193945
E3SM-Project,E3SM-1-1-ECA,r1i1p1f1,gr,historical,1971-07,1971,7,8.723633789944001,8.3000876816458,0.4235461082982006
E3SM-Project,E3SM-1-1-ECA,r1i1p1f1,gr,historical,1971-08,1971,8,7.2067317030022835,6.692120761098942,0.5146109419033413
E3SM-Project,E3SM-1-1-ECA,r1i1p1f1,gr,historical,1971-09,1971,9,6.632494522127764,6.03406357736994,0.5984309447578235
E3SM-Project,E3SM-1-1-ECA,r1i1p1f1,gr,historical,1971-10,1971,10,8.55350656843116,7.886854726076276,0.6666518423548844
E3SM-Project,E3SM-1-1-ECA,r1i1p1f1,gr,historical,1971-11,1971,11,10.78046670624442,10.153988238532676,0.6264784677117436
E3SM-Project,E3SM-1-1-ECA,r1i1p1f1,gr,historical,1971-12,1971,12,12.22942967395724,11.811870982691465,0.41755869126577494
E3SM-Project,E3SM-1-1-ECA,r1i1p1f1,gr,historical,1972-01,1972,1,13.02276666266501,12.71073050495603,0.3120361577089792
E3SM-Project,E3SM-1-1-ECA,r1i1p1f1,gr,historical,1972-02,1972,2,13.061100479329438,13.080339320867374,-0.01923884153793587
E3SM-Project,E3SM-1-1-ECA,r1i1p1f1,gr,historical,1972-03,1972,3,12.981430882333937,13.194749281081773,-0.21331839874783576
E3SM-Project,E3SM-1-1-ECA,r1i1p1f1,gr,historical,1972-04,1972,4,12.83552904744589,12.935942411086883,-0.10041336364099251
E3SM-Project,E3SM-1-1-ECA,r1i1p1f1,gr,historical,1972-05,1972,5,11.39695871035106,11.649231664066448,-0.25227295371538894
E3SM-Project,E3SM-1-1-ECA,r1i1p1f1,gr,historical,1972-06,1972,6,9.75051495156776,9.959573801413983,-0.20905884984622247
E3SM-Project,E3SM-1-1-ECA,r1i1p1f1,gr,historical,1972-07,1972,7,8.177396395533943,8.3000876816458,-0.12269128611185742
E3SM-Project,E3SM-1-1-ECA,r1i1p1f1,gr,historical,1972-08,1972,8,6.783725912156652,6.692120761098942,0.09160515105770983
E3SM-Project,E3SM-1-1-ECA,r1i1p1f1,gr,historical,1972-09,1972,9,6.616161393173746,6.03406357736994,0.5820978158038059
E3SM-Project,E3SM-1-1-ECA,r1i1p1f1,gr,historical,1972-10,1972,10,8.662523722190302,7.886854726076276,0.7756689961140264
E3SM-Project,E3SM-1-1-ECA,r1i1p1f1,gr,historical,1972-11,1972,11,10.750330936824337,10.153988238532676,0.5963426982916609
E3SM-Project,E3SM-1-1-ECA,r1i1p1f1,gr,historical,1972-12,1972,12,12.202940813018106,11.811870982691465,0.3910698303266411
E3SM-Project,E3SM-1-1-ECA,r1i1p1f1,gr,historical,1973-01,1973,1,12.948868215569238,12.71073050495603,0.23813771061320743
E3SM-Project,E3SM-1-1-ECA,r1i1p1f1,gr,historical,1973-02,1973,2,13.214327236349801,13.080339320867374,0.13398791548242706
E3SM-Project,E3SM-1-1-ECA,r1i1p1f1,gr,historical,1973-03,1973,3,13.307327554729477,13.194749281081773,0.11257827364770456
E3SM-Project,E3SM-1-1-ECA,r1i1p1f1,gr,historical,1973-04,1973,4,13.083995747948485,12.935942411086883,0.1480533368616026
E3SM-Project,E3SM-1-1-ECA,r1i1p1f1,gr,historical,1973-05,1973,5,12.024203498978416,11.649231664066448,0.3749718349119675
E3SM-Project,E3SM-1-1-ECA,r1i1p1f1,gr,historical,1973-06,1973,6,9.995683952418025,9.959573801413983,0.036110151004042024
E3SM-Project,E3SM-1-1-ECA,r1i1p1f1,gr,historical,1973-07,1973,7,8.474607578195059,8.3000876816458,0.17451989654925804
E3SM-Project,E3SM-1-1-ECA,r1i1p1f1,gr,historical,1973-08,1973,8,7.042092767132199,6.692120761098942,0.34997200603325673
E3SM-Project,E3SM-1-1-ECA,r1i1p1f1,gr,historical,1973-09,1973,9,6.469215622670334,6.03406357736994,0.4351520453003941
E3SM-Project,E3SM-1-1-ECA,r1i1p1f1,gr,historical,1973-10,1973,10,8.292803534356313,7.886854726076276,0.4059488082800371
E3SM-Project,E3SM-1-1-ECA,r1i1p1f1,gr,historical,1973-11,1973,11,10.493680628577284,10.153988238532676,0.3396923900446076
E3SM-Project,E3SM-1-1-ECA,r1i1p1f1,gr,historical,1973-12,1973,12,11.958733269837778,11.811870982691465,0.14686228714631255
E3SM-Project,E3SM-1-1-ECA,r1i1p1f1,gr,historical,1974-01,1974,1,12.696391658464576,12.71073050495603,-0.014338846491455115
E3SM-Project,E3SM-1-1-ECA,r1i1p1f1,gr,historical,1974-02,1974,2,12.816057069283625,13.080339320867374,-0.2642822515837491
E3SM-Project,E3SM-1-1-ECA,r1i1p1f1,gr,historical,1974-03,1974,3,13.021108465812057,13.194749281081773,-0.17364081526971553
E3SM-Project,E3SM-1-1-ECA,r1i1p1f1,gr,historical,1974-04,1974,4,12.725913185161856,12.935942411086883,-0.2100292259250267
E3SM-Project,E3SM-1-1-ECA,r1i1p1f1,gr,historical,1974-05,1974,5,11.445340833164162,11.649231664066448,-0.20389083090228688
E3SM-Project,E3SM-1-1-ECA,r1i1p1f1,gr,historical,1974-06,1974,6,9.96795644888686,9.959573801413983,0.008382647472876315
E3SM-Project,E3SM-1-1-ECA,r1i1p1f1,gr,historical,1974-07,1974,7,8.362018848045203,8.3000876816458,0.061931166399402215
E3SM-Project,E3SM-1-1-ECA,r1i1p1f1,gr,historical,1974-08,1974,8,6.626870966748716,6.692120761098942,-0.06524979435022615
E3SM-Project,E3SM-1-1-ECA,r1i1p1f1,gr,historical,1974-09,1974,9,6.251404897780959,6.03406357736994,0.21734132041101883
E3SM-Project,E3SM-1-1-ECA,r1i1p1f1,gr,historical,1974-10,1974,10,8.227433626799629,7.886854726076276,0.3405789007233526
E3SM-Project,E3SM-1-1-ECA,r1i1p1f1,gr,historical,1974-11,1974,11,10.527226804765885,10.153988238532676,0.3732385662332085
E3SM-Project,E3SM-1-1-ECA,r1i1p1f1,gr,historical,1974-12,1974,12,12.134276158157077,11.811870982691465,0.32240517546561165
E3SM-Project,E3SM-1-1-ECA,r1i1p1f1,gr,historical,1975-01,1975,1,13.071381370953134,12.71073050495603,0.36065086599710305
E3SM-Project,E3SM-1-1-ECA,r1i1p1f1,gr,historical,1975-02,1975,2,13.312130236833994,13.080339320867374,0.23179091596662005
E3SM-Project,E3SM-1-1-ECA,r1i1p1f1,gr,historical,1975-03,1975,3,13.263464283719761,13.194749281081773,0.06871500263798858
E3SM-Project,E3SM-1-1-ECA,r1i1p1f1,gr,historical,1975-04,1975,4,12.810075089348164,12.935942411086883,-0.12586732173871873
E3SM-Project,E3SM-1-1-ECA,r1i1p1f1,gr,historical,1975-05,1975,5,11.22780958365763,11.649231664066448,-0.4214220804088189
E3SM-Project,E3SM-1-1-ECA,r1i1p1f1,gr,historical,1975-06,1975,6,9.75065903075363,9.959573801413983,-0.20891477066035335
E3SM-Project,E3SM-1-1-ECA,r1i1p1f1,gr,historical,1975-07,1975,7,8.203489413403275,8.3000876816458,-0.09659826824252526
E3SM-Project,E3SM-1-1-ECA,r1i1p1f1,gr,historical,1975-08,1975,8,6.635292544317851,6.692120761098942,-0.05682821678109118
E3SM-Project,E3SM-1-1-ECA,r1i1p1f1,gr,historical,1975-09,1975,9,6.082803261465892,6.03406357736994,0.04873968409595175
E3SM-Project,E3SM-1-1-ECA,r1i1p1f1,gr,historical,1975-10,1975,10,7.831265869420682,7.886854726076276,-0.055588856655593766
E3SM-Project,E3SM-1-1-ECA,r1i1p1f1,gr,historical,1975-11,1975,11,9.890506058586093,10.153988238532676,-0.26348217994658363
E3SM-Project,E3SM-1-1-ECA,r1i1p1f1,gr,historical,1975-12,1975,12,11.752631884489393,11.811870982691465,-0.05923909820207207
E3SM-Project,E3SM-1-1-ECA,r1i1p1f1,gr,historical,1976-01,1976,1,12.774162072642257,12.71073050495603,0.06343156768622649
E3SM-Project,E3SM-1-1-ECA,r1i1p1f1,gr,historical,1976-02,1976,2,13.056069647440461,13.080339320867374,-0.024269673426912775
E3SM-Project,E3SM-1-1-ECA,r1i1p1f1,gr,historical,1976-03,1976,3,13.412327287583647,13.194749281081773,0.2175780065018742
E3SM-Project,E3SM-1-1-ECA,r1i1p1f1,gr,historical,1976-04,1976,4,13.067390256921726,12.935942411086883,0.1314478458348436
E3SM-Project,E3SM-1-1-ECA,r1i1p1f1,gr,historical,1976-05,1976,5,11.914777696035301,11.649231664066448,0.26554603196885296
E3SM-Project,E3SM-1-1-ECA,r1i1p1f1,gr,historical,1976-06,1976,6,10.057850981729109,9.959573801413983,0.09827718031512589
E3SM-Project,E3SM-1-1-ECA,r1i1p1f1,gr,historical,1976-07,1976,7,8.470027691456304,8.3000876816458,0.16994000981050306
E3SM-Project,E3SM-1-1-ECA,r1i1p1f1,gr,historical,1976-08,1976,8,7.114633036334039,6.692120761098942,0.42251227523509716
E3SM-Project,E3SM-1-1-ECA,r1i1p1f1,gr,historical,1976-09,1976,9,6.565018947397531,6.03406357736994,0.5309553700275913
E3SM-Project,E3SM-1-1-ECA,r1i1p1f1,gr,historical,1976-10,1976,10,8.559843334850427,7.886854726076276,0.6729886087741512
E3SM-Project,E3SM-1-1-ECA,r1i1p1f1,gr,historical,1976-11,1976,11,10.956707746611011,10.153988238532676,0.8027195080783347
E3SM-Project,E3SM-1-1-ECA,r1i1p1f1,gr,historical,1976-12,1976,12,12.601638273630101,11.811870982691465,0.7897672909386362
E3SM-Project,E3SM-1-1-ECA,r1i1p1f1,gr,historical,1977-01,1977,1,13.324625487774876,12.71073050495603,0.6138949828188451
E3SM-Project,E3SM-1-1-ECA,r1i1p1f1,gr,historical,1977-02,1977,2,13.557660693090906,13.080339320867374,0.4773213722235319
E3SM-Project,E3SM-1-1-ECA,r1i1p1f1,gr,historical,1977-03,1977,3,13.742933800259985,13.194749281081773,0.5481845191782124
E3SM-Project,E3SM-1-1-ECA,r1i1p1f1,gr,historical,1977-04,1977,4,13.297351210252472,12.935942411086883,0.36140879916558966
E3SM-Project,E3SM-1-1-ECA,r1i1p1f1,gr,historical,1977-05,1977,5,12.120572190338626,11.649231664066448,0.4713405262721775
E3SM-Project,E3SM-1-1-ECA,r1i1p1f1,gr,historical,1977-06,1977,6,10.186102598839351,9.959573801413983,0.22652879742536847
E3SM-Project,E3SM-1-1-ECA,r1i1p1f1,gr,historical,1977-07,1977,7,8.50270817499545,8.3000876816458,0.2026204933496487
E3SM-Project,E3SM-1-1-ECA,r1i1p1f1,gr,historical,1977-08,1977,8,6.851426987447278,6.692120761098942,0.15930622634833558
E3SM-Project,E3SM-1-1-ECA,r1i1p1f1,gr,historical,1977-09,1977,9,6.3860459934798,6.03406357736994,0.3519824161098599
E3SM-Project,E3SM-1-1-ECA,r1i1p1f1,gr,historical,1977-10,1977,10,8.528988663118685,7.886854726076276,0.6421339370424093
E3SM-Project,E3SM-1-1-ECA,r1i1p1f1,gr,historical,1977-11,1977,11,10.818211771784261,10.153988238532676,0.6642235332515849
E3SM-Project,E3SM-1-1-ECA,r1i1p1f1,gr,historical,1977-12,1977,12,12.336161158645721,11.811870982691465,0.5242901759542562
E3SM-Project,E3SM-1-1-ECA,r1i1p1f1,gr,historical,1978-01,1978,1,13.266631501971004,12.71073050495603,0.5559009970149731
E3SM-Project,E3SM-1-1-ECA,r1i1p1f1,gr,historical,1978-02,1978,2,13.4951606493832,13.080339320867374,0.414821328515826
E3SM-Project,E3SM-1-1-ECA,r1i1p1f1,gr,historical,1978-03,1978,3,13.698956863664941,13.194749281081773,0.5042075825831684
E3SM-Project,E3SM-1-1-ECA,r1i1p1f1,gr,historical,1978-04,1978,4,13.428569092637469,12.935942411086883,0.4926266815505862
E3SM-Project,E3SM-1-1-ECA,r1i1p1f1,gr,historical,1978-05,1978,5,12.280239828806586,11.649231664066448,0.6310081647401375
E3SM-Project,E3SM-1-1-ECA,r1i1p1f1,gr,historical,1978-06,1978,6,10.5141615565545,9.959573801413983,0.554587755140517
E3SM-Project,E3SM-1-1-ECA,r1i1p1f1,gr,historical,1978-07,1978,7,8.837493275818996,8.3000876816458,0.5374055941731957
E3SM-Project,E3SM-1-1-ECA,r1i1p1f1,gr,historical,1978-08,1978,8,7.143333251207946,6.692120761098942,0.451212490109004
E3SM-Project,E3SM-1-1-ECA,r1i1p1f1,gr,historical,1978-09,1978,9,6.241725138073593,6.03406357736994,0.20766156070365316
E3SM-Project,E3SM-1-1-ECA,r1i1p1f1,gr,historical,1978-10,1978,10,8.116503647650871,7.886854726076276,0.22964892157459538
E3SM-Project,E3SM-1-1-ECA,r1i1p1f1,gr,historical,1978-11,1978,11,10.839382994545687,10.153988238532676,0.6853947560130109
E3SM-Project,E3SM-1-1-ECA,r1i1p1f1,gr,historical,1978-12,1978,12,12.471324676931506,11.811870982691465,0.6594536942400406
E3SM-Project,E3SM-1-1-ECA,r1i1p1f1,gr,historical,1979-01,1979,1,12.972225056436395,12.71073050495603,0.2614945514803644
E3SM-Project,E3SM-1-1-ECA,r1i1p1f1,gr,historical,1979-02,1979,2,13.082880434943908,13.080339320867374,0.0025411140765339013
E3SM-Project,E3SM-1-1-ECA,r1i1p1f1,gr,historical,1979-03,1979,3,13.132363509637125,13.194749281081773,-0.06238577144464763
E3SM-Project,E3SM-1-1-ECA,r1i1p1f1,gr,historical,1979-04,1979,4,12.977481819464389,12.935942411086883,0.04153940837750625
E3SM-Project,E3SM-1-1-ECA,r1i1p1f1,gr,historical,1979-05,1979,5,11.869277924356032,11.649231664066448,0.22004626028958363
E3SM-Project,E3SM-1-1-ECA,r1i1p1f1,gr,historical,1979-06,1979,6,10.17518268209174,9.959573801413983,0.21560888067775785
E3SM-Project,E3SM-1-1-ECA,r1i1p1f1,gr,historical,1979-07,1979,7,8.590743460481765,8.3000876816458,0.29065577883596383
E3SM-Project,E3SM-1-1-ECA,r1i1p1f1,gr,historical,1979-08,1979,8,6.780579474862951,6.692120761098942,0.08845871376400893
E3SM-Project,E3SM-1-1-ECA,r1i1p1f1,gr,historical,1979-09,1979,9,5.967490248946528,6.03406357736994,-0.06657332842341201
E3SM-Project,E3SM-1-1-ECA,r1i1p1f1,gr,historical,1979-10,1979,10,7.951712892000461,7.886854726076276,0.0648581659241847
E3SM-Project,E3SM-1-1-ECA,r1i1p1f1,gr,historical,1979-11,1979,11,10.796285307270745,10.153988238532676,0.6422970687380687
E3SM-Project,E3SM-1-1-ECA,r1i1p1f1,gr,historical,1979-12,1979,12,12.015114924126518,11.811870982691465,0.2032439414350531
E3SM-Project,E3SM-1-1-ECA,r1i1p1f1,gr,historical,1980-01,1980,1,12.827419637205894,12.71073050495603,0.11668913224986355
E3SM-Project,E3SM-1-1-ECA,r1i1p1f1,gr,historical,1980-02,1980,2,13.017831935580098,13.080339320867374,-0.06250738528727595
E3SM-Project,E3SM-1-1-ECA,r1i1p1f1,gr,historical,1980-03,1980,3,13.137697449709364,13.194749281081773,-0.05705183137240866
E3SM-Project,E3SM-1-1-ECA,r1i1p1f1,gr,historical,1980-04,1980,4,12.975404617860917,12.935942411086883,0.03946220677403467
E3SM-Project,E3SM-1-1-ECA,r1i1p1f1,gr,historical,1980-05,1980,5,11.834891233714929,11.649231664066448,0.18565956964848063
E3SM-Project,E3SM-1-1-ECA,r1i1p1f1,gr,historical,1980-06,1980,6,10.255637384174609,9.959573801413983,0.2960635827606257
E3SM-Project,E3SM-1-1-ECA,r1i1p1f1,gr,historical,1980-07,1980,7,8.627331437890453,8.3000876816458,0.32724375624465196
E3SM-Project,E3SM-1-1-ECA,r1i1p1f1,gr,historical,1980-08,1980,8,7.001877744561634,6.692120761098942,0.30975698346269187
E3SM-Project,E3SM-1-1-ECA,r1i1p1f1,gr,historical,1980-09,1980,9,6.605259993601052,6.03406357736994,0.5711964162311123
E3SM-Project,E3SM-1-1-ECA,r1i1p1f1,gr,historical,1980-10,1980,10,8.468947713668328,7.886854726076276,0.582092987592052
E3SM-Project,E3SM-1-1-ECA,r1i1p1f1,gr,historical,1980-11,1980,11,10.748088005699776,10.153988238532676,0.5940997671670996
E3SM-Project,E3SM-1-1-ECA,r1i1p1f1,gr,historical,1980-12,1980,12,12.251523531482139,11.811870982691465,0.43965254879067395
E3SM-Project,E3SM-1-1-ECA,r1i1p1f1,gr,historical,1981-01,1981,1,12.849760083462018,12.71073050495603,0.13902957850598696
E3SM-Project,E3SM-1-1-ECA,r1i1p1f1,gr,historical,1981-02,1981,2,13.223565794440793,13.080339320867374,0.143226473573419
E3SM-Project,E3SM-1-1-ECA,r1i1p1f1,gr,historical,1981-03,1981,3,13.311781080347401,13.194749281081773,0.11703179926562868
E3SM-Project,E3SM-1-1-ECA,r1i1p1f1,gr,historical,1981-04,1981,4,13.219853435414151,12.935942411086883,0.2839110243272689
E3SM-Project,E3SM-1-1-ECA,r1i1p1f1,gr,historical,1981-05,1981,5,12.08662793435398,11.649231664066448,0.4373962702875325
E3SM-Project,E3SM-1-1-ECA,r1i1p1f1,gr,historical,1981-06,1981,6,10.062760833063122,9.959573801413983,0.10318703164913856
E3SM-Project,E3SM-1-1-ECA,r1i1p1f1,gr,historical,1981-07,1981,7,8.358668283995055,8.3000876816458,0.05858060234925411
E3SM-Project,E3SM-1-1-ECA,r1i1p1f1,gr,historical,1981-08,1981,8,6.749233595608201,6.692120761098942,0.05711283450925908
E3SM-Project,E3SM-1-1-ECA,r1i1p1f1,gr,historical,1981-09,1981,9,6.023143822321517,6.03406357736994,-0.01091975504842324
E3SM-Project,E3SM-1-1-ECA,r1i1p1f1,gr,historical,1981-10,1981,10,7.559445935456318,7.886854726076276,-0.3274087906199581
E3SM-Project,E3SM-1-1-ECA,r1i1p1f1,gr,historical,1981-11,1981,11,10.031178639693406,10.153988238532676,-0.1228095988392699
E3SM-Project,E3SM-1-1-ECA,r1i1p1f1,gr,historical,1981-12,1981,12,11.585647951939752,11.811870982691465,-0.22622303075171324
E3SM-Project,E3SM-1-1-ECA,r1i1p1f1,gr,historical,1982-01,1982,1,12.715399625493614,12.71073050495603,0.004669120537583282
E3SM-Project,E3SM-1-1-ECA,r1i1p1f1,gr,historical,1982-02,1982,2,13.098726005109707,13.080339320867374,0.018386684242333473
E3SM-Project,E3SM-1-1-ECA,r1i1p1f1,gr,historical,1982-03,1982,3,13.45329105797897,13.194749281081773,0.2585417768971965
E3SM-Project,E3SM-1-1-ECA,r1i1p1f1,gr,historical,1982-04,1982,4,13.235223448470329,12.935942411086883,0.29928103738344625
E3SM-Project,E3SM-1-1-ECA,r1i1p1f1,gr,historical,1982-05,1982,5,11.848247347419296,11.649231664066448,0.19901568335284736
E3SM-Project,E3SM-1-1-ECA,r1i1p1f1,gr,historical,1982-06,1982,6,10.189722309758755,9.959573801413983,0.2301485083447723
E3SM-Project,E3SM-1-1-ECA,r1i1p1f1,gr,historical,1982-07,1982,7,8.534916867701101,8.3000876816458,0.23482918605530045
E3SM-Project,E3SM-1-1-ECA,r1i1p1f1,gr,historical,1982-08,1982,8,7.028046453502106,6.692120761098942,0.3359256924031637
E3SM-Project,E3SM-1-1-ECA,r1i1p1f1,gr,historical,1982-09,1982,9,6.394467954352155,6.03406357736994,0.36040437698221517
E3SM-Project,E3SM-1-1-ECA,r1i1p1f1,gr,historical,1982-10,1982,10,8.025560317997682,7.886854726076276,0.13870559192140597
E3SM-Project,E3SM-1-1-ECA,r1i1p1f1,gr,historical,1982-11,1982,11,10.301016962384832,10.153988238532676,0.1470287238521557
E3SM-Project,E3SM-1-1-ECA,r1i1p1f1,gr,historical,1982-12,1982,12,11.865683249617218,11.811870982691465,0.05381226692575325
E3SM-Project,E3SM-1-1-ECA,r1i1p1f1,gr,historical,1983-01,1983,1,12.915802247374138,12.71073050495603,0.20507174241810766
E3SM-Project,E3SM-1-1-ECA,r1i1p1f1,gr,historical,1983-02,1983,2,13.269945889177665,13.080339320867374,0.18960656831029077
E3SM-Project,E3SM-1-1-ECA,r1i1p1f1,gr,historical,1983-03,1983,3,13.443863748094238,13.194749281081773,0.24911446701246476
E3SM-Project,E3SM-1-1-ECA,r1i1p1f1,gr,historical,1983-04,1983,4,13.32148500673597,12.935942411086883,0.38554259564908655
E3SM-Project,E3SM-1-1-ECA,r1i1p1f1,gr,historical,1983-05,1983,5,11.682651158523209,11.649231664066448,0.03341949445676029
E3SM-Project,E3SM-1-1-ECA,r1i1p1f1,gr,historical,1983-06,1983,6,9.960053646855417,9.959573801413983,0.00047984544143453434
E3SM-Project,E3SM-1-1-ECA,r1i1p1f1,gr,historical,1983-07,1983,7,8.33593419612005,8.3000876816458,0.03584651447424925
E3SM-Project,E3SM-1-1-ECA,r1i1p1f1,gr,historical,1983-08,1983,8,6.680161073943784,6.692120761098942,-0.011959687155158605
E3SM-Project,E3SM-1-1-ECA,r1i1p1f1,gr,historical,1983-09,1983,9,6.189861048603222,6.03406357736994,0.15579747123328236
E3SM-Project,E3SM-1-1-ECA,r1i1p1f1,gr,historical,1983-10,1983,10,7.976844088960917,7.886854726076276,0.08998936288464066
E3SM-Project,E3SM-1-1-ECA,r1i1p1f1,gr,historical,1983-11,1983,11,10.295611228583414,10.153988238532676,0.1416229900507382
E3SM-Project,E3SM-1-1-ECA,r1i1p1f1,gr,historical,1983-12,1983,12,12.04380430728474,11.811870982691465,0.23193332459327465
E3SM-Project,E3SM-1-1-ECA,r1i1p1f1,gr,historical,1984-01,1984,1,12.944924130105365,12.71073050495603,0.2341936251493344
E3SM-Project,E3SM-1-1-ECA,r1i1p1f1,gr,historical,1984-02,1984,2,13.255210675096828,13.080339320867374,0.1748713542294542
E3SM-Project,E3SM-1-1-ECA,r1i1p1f1,gr,historical,1984-03,1984,3,13.2066525404782,13.194749281081773,0.011903259396426336
E3SM-Project,E3SM-1-1-ECA,r1i1p1f1,gr,historical,1984-04,1984,4,12.894668661104976,12.935942411086883,-0.04127374998190625
E3SM-Project,E3SM-1-1-ECA,r1i1p1f1,gr,historical,1984-05,1984,5,11.67030895477047,11.649231664066448,0.021077290704020868
E3SM-Project,E3SM-1-1-ECA,r1i1p1f1,gr,historical,1984-06,1984,6,9.919125138569719,9.959573801413983,-0.040448662844264405
E3SM-Project,E3SM-1-1-ECA,r1i1p1f1,gr,historical,1984-07,1984,7,8.249519907818042,8.3000876816458,-0.050567773827758344
E3SM-Project,E3SM-1-1-ECA,r1i1p1f1,gr,historical,1984-08,1984,8,6.666115852216907,6.692120761098942,-0.026004908882034883
E3SM-Project,E3SM-1-1-ECA,r1i1p1f1,gr,historical,1984-09,1984,9,6.228252737329992,6.03406357736994,0.19418915996005204
E3SM-Project,E3SM-1-1-ECA,r1i1p1f1,gr,historical,1984-10,1984,10,8.442114738509495,7.886854726076276,0.5552600124332194
E3SM-Project,E3SM-1-1-ECA,r1i1p1f1,gr,historical,1984-11,1984,11,10.416920698922675,10.153988238532676,0.2629324603899992
E3SM-Project,E3SM-1-1-ECA,r1i1p1f1,gr,historical,1984-12,1984,12,11.946864604310194,11.811870982691465,0.13499362161872952
E3SM-Project,E3SM-1-1-ECA,r1i1p1f1,gr,historical,1985-01,1985,1,12.83132098704604,12.71073050495603,0.12059048209000878
E3SM-Project,E3SM-1-1-ECA,r1i1p1f1,gr,historical,1985-02,1985,2,13.068696474301024,13.080339320867374,-0.011642846566349618
E3SM-Project,E3SM-1-1-ECA,r1i1p1f1,gr,historical,1985-03,1985,3,13.162722636462945,13.194749281081773,-0.03202664461882776
E3SM-Project,E3SM-1-1-ECA,r1i1p1f1,gr,historical,1985-04,1985,4,12.97067971084586,12.935942411086883,0.03473729975897655
E3SM-Project,E3SM-1-1-ECA,r1i1p1f1,gr,historical,1985-05,1985,5,11.407702781471473,11.649231664066448,-0.2415288825949755
E3SM-Project,E3SM-1-1-ECA,r1i1p1f1,gr,historical,1985-06,1985,6,9.644232192068687,9.959573801413983,-0.3153416093452961
E3SM-Project,E3SM-1-1-ECA,r1i1p1f1,gr,historical,1985-07,1985,7,8.032022184553297,8.3000876816458,-0.26806549709250405
E3SM-Project,E3SM-1-1-ECA,r1i1p1f1,gr,historical,1985-08,1985,8,6.67277789892866,6.692120761098942,-0.019342862170281805
E3SM-Project,E3SM-1-1-ECA,r1i1p1f1,gr,historical,1985-09,1985,9,6.365307998815567,6.03406357736994,0.3312444214456267
E3SM-Project,E3SM-1-1-ECA,r1i1p1f1,gr,historical,1985-10,1985,10,8.214345510968174,7.886854726076276,0.3274907848918982
E3SM-Project,E3SM-1-1-ECA,r1i1p1f1,gr,historical,1985-11,1985,11,10.151481981584238,10.153988238532676,-0.0025062569484379793
E3SM-Project,E3SM-1-1-ECA,r1i1p1f1,gr,historical,1985-12,1985,12,11.98126114931948,11.811870982691465,0.16939016662801443
E3SM-Project,E3SM-1-1-ECA,r1i1p1f1,gr,historical,1986-01,1986,1,12.888485453504014,12.71073050495603,0.17775494854798346
E3SM-Project,E3SM-1-1-ECA,r1i1p1f1,gr,historical,1986-02,1986,2,13.16306027608201,13.080339320867374,0.0827209552146364
E3SM-Project,E3SM-1-1-ECA,r1i1p1f1,gr,historical,1986-03,1986,3,13.212304202945184,13.194749281081773,0.01755492186341101
E3SM-Project,E3SM-1-1-ECA,r1i1p1f1,gr,historical,1986-04,1986,4,12.736073901077718,12.935942411086883,-0.19986851000916417
E3SM-Project,E3SM-1-1-ECA,r1i1p1f1,gr,historical,1986-05,1986,5,11.353265835560737,11.649231664066448,-0.29596582850571096
E3SM-Project,E3SM-1-1-ECA,r1i1p1f1,gr,historical,1986-06,1986,6,9.81096244698363,9.959573801413983,-0.14861135443035245
E3SM-Project,E3SM-1-1-ECA,r1i1p1f1,gr,historical,1986-07,1986,7,8.263383331099368,8.3000876816458,-0.03670435054643306
E3SM-Project,E3SM-1-1-ECA,r1i1p1f1,gr,historical,1986-08,1986,8,6.8006815265139124,6.692120761098942,0.10856076541497028
E3SM-Project,E3SM-1-1-ECA,r1i1p1f1,gr,historical,1986-09,1986,9,6.087151433148097,6.03406357736994,0.053087855778157333
E3SM-Project,E3SM-1-1-ECA,r1i1p1f1,gr,historical,1986-10,1986,10,7.869518445805761,7.886854726076276,-0.017336280270514592
E3SM-Project,E3SM-1-1-ECA,r1i1p1f1,gr,historical,1986-11,1986,11,9.939666606834203,10.153988238532676,-0.21432163169847307
E3SM-Project,E3SM-1-1-ECA,r1i1p1f1,gr,historical,1986-12,1986,12,11.821793432796653,11.811870982691465,0.009922450105188219
E3SM-Project,E3SM-1-1-ECA,r1i1p1f1,gr,historical,1987-01,1987,1,12.744800160652984,12.71073050495603,0.034069655696953305
E3SM-Project,E3SM-1-1-ECA,r1i1p1f1,gr,historical,1987-02,1987,2,13.143250581922345,13.080339320867374,0.06291126105497113
E3SM-Project,E3SM-1-1-ECA,r1i1p1f1,gr,historical,1987-03,1987,3,13.516313992622539,13.194749281081773,0.32156471154076627
E3SM-Project,E3SM-1-1-ECA,r1i1p1f1,gr,historical,1987-04,1987,4,13.129659590017098,12.935942411086883,0.1937171789302159
E3SM-Project,E3SM-1-1-ECA,r1i1p1f1,gr,historical,1987-05,1987,5,11.928195710735718,11.649231664066448,0.27896404666926955
E3SM-Project,E3SM-1-1-ECA,r1i1p1f1,gr,historical,1987-06,1987,6,10.151885106158964,9.959573801413983,0.19231130474498137
E3SM-Project,E3SM-1-1-ECA,r1i1p1f1,gr,historical,1987-07,1987,7,8.273038448441616,8.3000876816458,-0.02704923320418473
E3SM-Project,E3SM-1-1-ECA,r1i1p1f1,gr,historical,1987-08,1987,8,6.715772804927553,6.692120761098942,0.02365204382861119
E3SM-Project,E3SM-1-1-ECA,r1i1p1f1,gr,historical,1987-09,1987,9,6.153402156194186,6.03406357736994,0.11933857882424626
E3SM-Project,E3SM-1-1-ECA,r1i1p1f1,gr,historical,1987-10,1987,10,8.006685874758027,7.886854726076276,0.11983114868175093
E3SM-Project,E3SM-1-1-ECA,r1i1p1f1,gr,historical,1987-11,1987,11,10.45035081126257,10.153988238532676,0.29636257272989397
E3SM-Project,E3SM-1-1-ECA,r1i1p1f1,gr,historical,1987-12,1987,12,11.912911170866474,11.811870982691465,0.10104018817500915
E3SM-Project,E3SM-1-1-ECA,r1i1p1f1,gr,historical,1988-01,1988,1,12.886574747989014,12.71073050495603,0.17584424303298363
E3SM-Project,E3SM-1-1-ECA,r1i1p1f1,gr,historical,1988-02,1988,2,13.114691610811011,13.080339320867374,0.03435228994363726
E3SM-Project,E3SM-1-1-ECA,r1i1p1f1,gr,historical,1988-03,1988,3,13.435238059790986,13.194749281081773,0.2404887787092136
E3SM-Project,E3SM-1-1-ECA,r1i1p1f1,gr,historical,1988-04,1988,4,13.358449457376235,12.935942411086883,0.4225070462893523
E3SM-Project,E3SM-1-1-ECA,r1i1p1f1,gr,historical,1988-05,1988,5,11.851388820782093,11.649231664066448,0.2021571567156446
E3SM-Project,E3SM-1-1-ECA,r1i1p1f1,gr,historical,1988-06,1988,6,10.163439484236365,9.959573801413983,0.20386568282238215
E3SM-Project,E3SM-1-1-ECA,r1i1p1f1,gr,historical,1988-07,1988,7,8.484006230763926,8.3000876816458,0.18391854911812544
E3SM-Project,E3SM-1-1-ECA,r1i1p1f1,gr,historical,1988-08,1988,8,6.981891740205818,6.692120761098942,0.28977097910687544
E3SM-Project,E3SM-1-1-ECA,r1i1p1f1,gr,historical,1988-09,1988,9,6.414721514538046,6.03406357736994,0.38065793716810603
E3SM-Project,E3SM-1-1-ECA,r1i1p1f1,gr,historical,1988-10,1988,10,7.910027254911772,7.886854726076276,0.02317252883549603
E3SM-Project,E3SM-1-1-ECA,r1i1p1f1,gr,historical,1988-11,1988,11,9.854494674757811,10.153988238532676,-0.299493563774865
E3SM-Project,E3SM-1-1-ECA,r1i1p1f1,gr,historical,1988-12,1988,12,11.67601625549027,11.811870982691465,-0.1358547272011954
E3SM-Project,E3SM-1-1-ECA,r1i1p1f1,gr,historical,1989-01,1989,1,12.7116777587937,12.71073050495603,0.0009472538376691375
E3SM-Project,E3SM-1-1-ECA,r1i1p1f1,gr,historical,1989-02,1989,2,13.346196400956034,13.080339320867374,0.2658570800886597
E3SM-Project,E3SM-1-1-ECA,r1i1p1f1,gr,historical,1989-03,1989,3,13.664848382115,13.194749281081773,0.4700991010332274
E3SM-Project,E3SM-1-1-ECA,r1i1p1f1,gr,historical,1989-04,1989,4,13.54625618334551,12.935942411086883,0.6103137722586283
E3SM-Project,E3SM-1-1-ECA,r1i1p1f1,gr,historical,1989-05,1989,5,12.122733256895943,11.649231664066448,0.47350159282949456
E3SM-Project,E3SM-1-1-ECA,r1i1p1f1,gr,historical,1989-06,1989,6,10.238229465669574,9.959573801413983,0.2786556642555915
E3SM-Project,E3SM-1-1-ECA,r1i1p1f1,gr,historical,1989-07,1989,7,8.61472761781335,8.3000876816458,0.3146399361675485
E3SM-Project,E3SM-1-1-ECA,r1i1p1f1,gr,historical,1989-08,1989,8,7.101247320406352,6.692120761098942,0.4091265593074098
E3SM-Project,E3SM-1-1-ECA,r1i1p1f1,gr,historical,1989-09,1989,9,6.435003846063629,6.03406357736994,0.40094026869368893
E3SM-Project,E3SM-1-1-ECA,r1i1p1f1,gr,historical,1989-10,1989,10,8.336507595555231,7.886854726076276,0.449652869478955
E3SM-Project,E3SM-1-1-ECA,r1i1p1f1,gr,historical,1989-11,1989,11,10.326276364226704,10.153988238532676,0.17228812569402763
E3SM-Project,E3SM-1-1-ECA,r1i1p1f1,gr,historical,1989-12,1989,12,12.294304061584493,11.811870982691465,0.48243307889302756
E3SM-Project,E3SM-1-1-ECA,r1i1p1f1,gr,historical,1990-01,1990,1,12.91392336265686,12.71073050495603,0.20319285770082907
E3SM-Project,E3SM-1-1-ECA,r1i1p1f1,gr,historical,1990-02,1990,2,13.28414579009675,13.080339320867374,0.2038064692293755
E3SM-Project,E3SM-1-1-ECA,r1i1p1f1,gr,historical,1990-03,1990,3,13.23934963043647,13.194749281081773,0.044600349354697144
E3SM-Project,E3SM-1-1-ECA,r1i1p1f1,gr,historical,1990-04,1990,4,12.982477269008418,12.935942411086883,0.04653485792153589
E3SM-Project,E3SM-1-1-ECA,r1i1p1f1,gr,historical,1990-05,1990,5,11.72548051172964,11.649231664066448,0.07624884766319084
E3SM-Project,E3SM-1-1-ECA,r1i1p1f1,gr,historical,1990-06,1990,6,10.052884470422613,9.959573801413983,0.0933106690086305
E3SM-Project,E3SM-1-1-ECA,r1i1p1f1,gr,historical,1990-07,1990,7,8.387345783983381,8.3000876816458,0.08725810233758047
E3SM-Project,E3SM-1-1-ECA,r1i1p1f1,gr,historical,1990-08,1990,8,6.7832173050163815,6.692120761098942,0.09109654391743938
E3SM-Project,E3SM-1-1-ECA,r1i1p1f1,gr,historical,1990-09,1990,9,6.141082524670309,6.03406357736994,0.10701894730036887
E3SM-Project,E3SM-1-1-ECA,r1i1p1f1,gr,historical,1990-10,1990,10,8.278996161914295,7.886854726076276,0.39214143583801864
E3SM-Project,E3SM-1-1-ECA,r1i1p1f1,gr,historical,1990-11,1990,11,10.487667990820812,10.153988238532676,0.33367975228813584
E3SM-Project,E3SM-1-1-ECA,r1i1p1f1,gr,historical,1990-12,1990,12,12.141525058116107,11.811870982691465,0.3296540754246422
E3SM-Project,E3SM-1-1-ECA,r1i1p1f1,gr,historical,1991-01,1991,1,12.989320292389838,12.71073050495603,0.27858978743380725
E3SM-Project,E3SM-1-1-ECA,r1i1p1f1,gr,historical,1991-02,1991,2,13.35822719585498,13.080339320867374,0.2778878749876057
E3SM-Project,E3SM-1-1-ECA,r1i1p1f1,gr,historical,1991-03,1991,3,13.400380201482832,13.194749281081773,0.20563092040105957
E3SM-Project,E3SM-1-1-ECA,r1i1p1f1,gr,historical,1991-04,1991,4,13.201756468331808,12.935942411086883,0.2658140572449259
E3SM-Project,E3SM-1-1-ECA,r1i1p1f1,gr,historical,1991-05,1991,5,11.80130168427469,11.649231664066448,0.15207002020824234
E3SM-Project,E3SM-1-1-ECA,r1i1p1f1,gr,historical,1991-06,1991,6,10.22430367696144,9.959573801413983,0.26472987554745764
E3SM-Project,E3SM-1-1-ECA,r1i1p1f1,gr,historical,1991-07,1991,7,8.660516568988283,8.3000876816458,0.3604288873424828
E3SM-Project,E3SM-1-1-ECA,r1i1p1f1,gr,historical,1991-08,1991,8,7.184370900700099,6.692120761098942,0.4922501396011567
E3SM-Project,E3SM-1-1-ECA,r1i1p1f1,gr,historical,1991-09,1991,9,6.758272312183788,6.03406357736994,0.724208734813848
E3SM-Project,E3SM-1-1-ECA,r1i1p1f1,gr,historical,1991-10,1991,10,9.102120022019443,7.886854726076276,1.2152652959431673
E3SM-Project,E3SM-1-1-ECA,r1i1p1f1,gr,historical,1991-11,1991,11,11.096179605767114,10.153988238532676,0.9421913672344377
E3SM-Project,E3SM-1-1-ECA,r1i1p1f1,gr,historical,1991-12,1991,12,12.501028039722273,11.811870982691465,0.6891570570308083
E3SM-Project,E3SM-1-1-ECA,r1i1p1f1,gr,historical,1992-01,1992,1,13.34326082996198,12.71073050495603,0.6325303250059502
E3SM-Project,E3SM-1-1-ECA,r1i1p1f1,gr,historical,1992-02,1992,2,13.63298225606876,13.080339320867374,0.5526429352013853
E3SM-Project,E3SM-1-1-ECA,r1i1p1f1,gr,historical,1992-03,1992,3,13.616999151472136,13.194749281081773,0.4222498703903632
E3SM-Project,E3SM-1-1-ECA,r1i1p1f1,gr,historical,1992-04,1992,4,13.446465493267528,12.935942411086883,0.5105230821806455
E3SM-Project,E3SM-1-1-ECA,r1i1p1f1,gr,historical,1992-05,1992,5,12.126768451272996,11.649231664066448,0.4775367872065477
E3SM-Project,E3SM-1-1-ECA,r1i1p1f1,gr,historical,1992-06,1992,6,10.293917465990507,9.959573801413983,0.3343436645765241
E3SM-Project,E3SM-1-1-ECA,r1i1p1f1,gr,historical,1992-07,1992,7,8.749580791575573,8.3000876816458,0.4494931099297723
E3SM-Project,E3SM-1-1-ECA,r1i1p1f1,gr,historical,1992-08,1992,8,7.316716006641553,6.692120761098942,0.6245952455426105
E3SM-Project,E3SM-1-1-ECA,r1i1p1f1,gr,historical,1992-09,1992,9,6.8296880515238865,6.03406357736994,0.7956244741539464
E3SM-Project,E3SM-1-1-ECA,r1i1p1f1,gr,historical,1992-10,1992,10,8.801289853805434,7.886854726076276,0.914435127729158
E3SM-Project,E3SM-1-1-ECA,r1i1p1f1,gr,historical,1992-11,1992,11,10.749920785834119,10.153988238532676,0.5959325473014427
E3SM-Project,E3SM-1-1-ECA,r1i1p1f1,gr,historical,1992-12,1992,12,12.146528570303047,11.811870982691465,0.3346575876115825
E3SM-Project,E3SM-1-1-ECA,r1i1p1f1,gr,historical,1993-01,1993,1,12.856118232218876,12.71073050495603,0.145387727262845
E3SM-Project,E3SM-1-1-ECA,r1i1p1f1,gr,historical,1993-02,1993,2,13.259305508201324,13.080339320867374,0.1789661873339501
E3SM-Project,E3SM-1-1-ECA,r1i1p1f1,gr,historical,1993-03,1993,3,13.564799623729572,13.194749281081773,0.370050342647799
E3SM-Project,E3SM-1-1-ECA,r1i1p1f1,gr,historical,1993-04,1993,4,13.350358002104253,12.935942411086883,0.41441559101737013
E3SM-Project,E3SM-1-1-ECA,r1i1p1f1,gr,historical,1993-05,1993,5,12.157836339599774,11.649231664066448,0.5086046755333253
E3SM-Project,E3SM-1-1-ECA,r1i1p1f1,gr,historical,1993-06,1993,6,10.054186929297183,9.959573801413983,0.09461312788319987
E3SM-Project,E3SM-1-1-ECA,r1i1p1f1,gr,historical,1993-07,1993,7,8.45075368808266,8.3000876816458,0.15066600643685923
E3SM-Project,E3SM-1-1-ECA,r1i1p1f1,gr,historical,1993-08,1993,8,7.06046884449646,6.692120761098942,0.36834808339751746
E3SM-Project,E3SM-1-1-ECA,r1i1p1f1,gr,historical,1993-09,1993,9,6.595028991022782,6.03406357736994,0.5609654136528421
E3SM-Project,E3SM-1-1-ECA,r1i1p1f1,gr,historical,1993-10,1993,10,7.89290063244638,7.886854726076276,0.006045906370103715
E3SM-Project,E3SM-1-1-ECA,r1i1p1f1,gr,historical,1993-11,1993,11,10.448206477896518,10.153988238532676,0.2942182393638415
E3SM-Project,E3SM-1-1-ECA,r1i1p1f1,gr,historical,1993-12,1993,12,12.112029263638746,11.811870982691465,0.30015828094728114
E3SM-Project,E3SM-1-1-ECA,r1i1p1f1,gr,historical,1994-01,1994,1,12.973764560214597,12.71073050495603,0.2630340552585668
E3SM-Project,E3SM-1-1-ECA,r1i1p1f1,gr,historical,1994-02,1994,2,13.1949359981935,13.080339320867374,0.11459667732612644
E3SM-Project,E3SM-1-1-ECA,r1i1p1f1,gr,historical,1994-03,1994,3,13.302528610106018,13.194749281081773,0.10777932902424503
E3SM-Project,E3SM-1-1-ECA,r1i1p1f1,gr,historical,1994-04,1994,4,13.205751667693558,12.935942411086883,0.2698092566066759
E3SM-Project,E3SM-1-1-ECA,r1i1p1f1,gr,historical,1994-05,1994,5,11.649369312273032,11.649231664066448,0.00013764820658401788
E3SM-Project,E3SM-1-1-ECA,r1i1p1f1,gr,historical,1994-06,1994,6,9.814089656379062,9.959573801413983,-0.1454841450349207
E3SM-Project,E3SM-1-1-ECA,r1i1p1f1,gr,historical,1994-07,1994,7,8.274095839661966,8.3000876816458,-0.025991841983834973
E3SM-Project,E3SM-1-1-ECA,r1i1p1f1,gr,historical,1994-08,1994,8,6.999398252403871,6.692120761098942,0.3072774913049292
E3SM-Project,E3SM-1-1-ECA,r1i1p1f1,gr,historical,1994-09,1994,9,6.652575454599326,6.03406357736994,0.6185118772293858
E3SM-Project,E3SM-1-1-ECA,r1i1p1f1,gr,historical,1994-10,1994,10,8.60925925221111,7.886854726076276,0.7224045261348344
E3SM-Project,E3SM-1-1-ECA,r1i1p1f1,gr,historical,1994-11,1994,11,10.35520155874723,10.153988238532676,0.20121332021455451
E3SM-Project,E3SM-1-1-ECA,r1i1p1f1,gr,historical,1994-12,1994,12,12.181714696622553,11.811870982691465,0.36984371393108795
E3SM-Project,E3SM-1-1-ECA,r1i1p1f1,gr,historical,1995-01,1995,1,13.129500374663246,12.71073050495603,0.41876986970721575
E3SM-Project,E3SM-1-1-ECA,r1i1p1f1,gr,historical,1995-02,1995,2,13.610594931788421,13.080339320867374,0.5302556109210474
E3SM-Project,E3SM-1-1-ECA,r1i1p1f1,gr,historical,1995-03,1995,3,13.625198788252405,13.194749281081773,0.430449507170632
E3SM-Project,E3SM-1-1-ECA,r1i1p1f1,gr,historical,1995-04,1995,4,13.293096839379157,12.935942411086883,0.35715442829227406
E3SM-Project,E3SM-1-1-ECA,r1i1p1f1,gr,historical,1995-05,1995,5,12.141434576992516,11.649231664066448,0.4922029129260679
E3SM-Project,E3SM-1-1-ECA,r1i1p1f1,gr,historical,1995-06,1995,6,10.536395239955851,9.959573801413983,0.5768214385418684
E3SM-Project,E3SM-1-1-ECA,r1i1p1f1,gr,historical,1995-07,1995,7,8.868677921541313,8.3000876816458,0.5685902398955118
E3SM-Project,E3SM-1-1-ECA,r1i1p1f1,gr,historical,1995-08,1995,8,7.163982380215524,6.692120761098942,0.47186161911658164
E3SM-Project,E3SM-1-1-ECA,r1i1p1f1,gr,historical,1995-09,1995,9,6.497519276762064,6.03406357736994,0.4634556993921244
E3SM-Project,E3SM-1-1-ECA,r1i1p1f1,gr,historical,1995-10,1995,10,8.212881316907374,7.886854726076276,0.3260265908310984
E3SM-Project,E3SM-1-1-ECA,r1i1p1f1,gr,historical,1995-11,1995,11,10.26122922481343,10.153988238532676,0.10724098628075396
E3SM-Project,E3SM-1-1-ECA,r1i1p1f1,gr,historical,1995-12,1995,12,12.122096827888589,11.811870982691465,0.3102258451971238
E3SM-Project,E3SM-1-1-ECA,r1i1p1f1,gr,historical,1996-01,1996,1,13.058550638670216,12.71073050495603,0.3478201337141851
E3SM-Project,E3SM-1-1-ECA,r1i1p1f1,gr,historical,1996-02,1996,2,13.485889715970613,13.080339320867374,0.40555039510323887
E3SM-Project,E3SM-1-1-ECA,r1i1p1f1,gr,historical,1996-03,1996,3,13.655216630018272,13.194749281081773,0.46046734893649877
E3SM-Project,E3SM-1-1-ECA,r1i1p1f1,gr,historical,1996-04,1996,4,13.527295849264645,12.935942411086883,0.5913534381777623
E3SM-Project,E3SM-1-1-ECA,r1i1p1f1,gr,historical,1996-05,1996,5,12.162108245876633,11.649231664066448,0.5128765818101844
E3SM-Project,E3SM-1-1-ECA,r1i1p1f1,gr,historical,1996-06,1996,6,10.309195492654366,9.959573801413983,0.3496216912403831
E3SM-Project,E3SM-1-1-ECA,r1i1p1f1,gr,historical,1996-07,1996,7,8.674645474611658,8.3000876816458,0.37455779296585767
E3SM-Project,E3SM-1-1-ECA,r1i1p1f1,gr,historical,1996-08,1996,8,7.325955349525733,6.692120761098942,0.6338345884267911
E3SM-Project,E3SM-1-1-ECA,r1i1p1f1,gr,historical,1996-09,1996,9,6.851845450389663,6.03406357736994,0.8177818730197233
E3SM-Project,E3SM-1-1-ECA,r1i1p1f1,gr,historical,1996-10,1996,10,7.698506989868484,7.886854726076276,-0.18834773620779188
E3SM-Project,E3SM-1-1-ECA,r1i1p1f1,gr,historical,1996-11,1996,11,9.806478258283276,10.153988238532676,-0.3475099802494004
E3SM-Project,E3SM-1-1-ECA,r1i1p1f1,gr,historical,1996-12,1996,12,11.956463379755803,11.811870982691465,0.14459239706433813
E3SM-Project,E3SM-1-1-ECA,r1i1p1f1,gr,historical,1997-01,1997,1,12.931121382830815,12.71073050495603,0.2203908778747845
E3SM-Project,E3SM-1-1-ECA,r1i1p1f1,gr,historical,1997-02,1997,2,13.497032369775264,13.080339320867374,0.4166930489078897
E3SM-Project,E3SM-1-1-ECA,r1i1p1f1,gr,historical,1997-03,1997,3,13.549332439616197,13.194749281081773,0.35458315853442457
E3SM-Project,E3SM-1-1-ECA,r1i1p1f1,gr,historical,1997-04,1997,4,13.052622218662188,12.935942411086883,0.11667980757530572
E3SM-Project,E3SM-1-1-ECA,r1i1p1f1,gr,historical,1997-05,1997,5,11.63382622887829,11.649231664066448,-0.015405435188158734
E3SM-Project,E3SM-1-1-ECA,r1i1p1f1,gr,historical,1997-06,1997,6,9.882700410355326,9.959573801413983,-0.07687339105865654
E3SM-Project,E3SM-1-1-ECA,r1i1p1f1,gr,historical,1997-07,1997,7,8.102800534151065,8.3000876816458,-0.19728714749473575
E3SM-Project,E3SM-1-1-ECA,r1i1p1f1,gr,historical,1997-08,1997,8,6.377510361754267,6.692120761098942,-0.3146103993446747
E3SM-Project,E3SM-1-1-ECA,r1i1p1f1,gr,historical,1997-09,1997,9,5.70950284721274,6.03406357736994,-0.32456073015720044
E3SM-Project,E3SM-1-1-ECA,r1i1p1f1,gr,historical,1997-10,1997,10,7.270266130869266,7.886854726076276,-0.61658859520701
E3SM-Project,E3SM-1-1-ECA,r1i1p1f1,gr,historical,1997-11,1997,11,9.58274241222785,10.153988238532676,-0.5712458263048266
E3SM-Project,E3SM-1-1-ECA,r1i1p1f1,gr,historical,1997-12,1997,12,11.597663373178099,11.811870982691465,-0.21420760951336604
E3SM-Project,E3SM-1-1-ECA,r1i1p1f1,gr,historical,1998-01,1998,1,12.435673289886047,12.71073050495603,-0.2750572150699835
E3SM-Project,E3SM-1-1-ECA,r1i1p1f1,gr,historical,1998-02,1998,2,12.774731370029173,13.080339320867374,-0.30560795083820125
E3SM-Project,E3SM-1-1-ECA,r1i1p1f1,gr,historical,1998-03,1998,3,13.04700204136586,13.194749281081773,-0.14774723971591364
E3SM-Project,E3SM-1-1-ECA,r1i1p1f1,gr,historical,1998-04,1998,4,12.853903532894622,12.935942411086883,-0.08203887819226097
E3SM-Project,E3SM-1-1-ECA,r1i1p1f1,gr,historical,1998-05,1998,5,11.608219612047035,11.649231664066448,-0.04101205201941305
E3SM-Project,E3SM-1-1-ECA,r1i1p1f1,gr,historical,1998-06,1998,6,9.748743903650313,9.959573801413983,-0.21082989776367
E3SM-Project,E3SM-1-1-ECA,r1i1p1f1,gr,historical,1998-07,1998,7,8.061828299829989,8.3000876816458,-0.23825938181581208
E3SM-Project,E3SM-1-1-ECA,r1i1p1f1,gr,historical,1998-08,1998,8,6.557537660574272,6.692120761098942,-0.13458310052467048
E3SM-Project,E3SM-1-1-ECA,r1i1p1f1,gr,historical,1998-09,1998,9,5.993842141073781,6.03406357736994,-0.04022143629615904
E3SM-Project,E3SM-1-1-ECA,r1i1p1f1,gr,historical,1998-10,1998,10,7.6513199286555515,7.886854726076276,-0.23553479742072447
E3SM-Project,E3SM-1-1-ECA,r1i1p1f1,gr,historical,1998-11,1998,11,9.971854438232569,10.153988238532676,-0.1821338003001074
E3SM-Project,E3SM-1-1-ECA,r1i1p1f1,gr,historical,1998-12,1998,12,11.774286548971862,11.811870982691465,-0.03758443371960318
E3SM-Project,E3SM-1-1-ECA,r1i1p1f1,gr,historical,1999-01,1999,1,12.545787278242962,12.71073050495603,-0.16494322671306882
E3SM-Project,E3SM-1-1-ECA,r1i1p1f1,gr,historical,1999-02,1999,2,13.050416718197305,13.080339320867374,-0.02992260267006941
E3SM-Project,E3SM-1-1-ECA,r1i1p1f1,gr,historical,1999-03,1999,3,13.292410726717563,13.194749281081773,0.09766144563579005
E3SM-Project,E3SM-1-1-ECA,r1i1p1f1,gr,historical,1999-04,1999,4,12.927898362273805,12.935942411086883,-0.008044048813077964
E3SM-Project,E3SM-1-1-ECA,r1i1p1f1,gr,historical,1999-05,1999,5,11.733548943356334,11.649231664066448,0.08431727928988586
E3SM-Project,E3SM-1-1-ECA,r1i1p1f1,gr,historical,1999-06,1999,6,9.877286184789497,9.959573801413983,-0.0822876166244857
E3SM-Project,E3SM-1-1-ECA,r1i1p1f1,gr,historical,1999-07,1999,7,7.966288306652013,8.3000876816458,-0.333799374993788
E3SM-Project,E3SM-1-1-ECA,r1i1p1f1,gr,historical,1999-08,1999,8,6.217864154143343,6.692120761098942,-0.4742566069555991
E3SM-Project,E3SM-1-1-ECA,r1i1p1f1,gr,historical,1999-09,1999,9,5.516608569801091,6.03406357736994,-0.5174550075688487
E3SM-Project,E3SM-1-1-ECA,r1i1p1f1,gr,historical,1999-10,1999,10,7.4121455909093426,7.886854726076276,-0.47470913516693347
E3SM-Project,E3SM-1-1-ECA,r1i1p1f1,gr,historical,1999-11,1999,11,9.804498311322986,10.153988238532676,-0.3494899272096905
E3SM-Project,E3SM-1-1-ECA,r1i1p1f1,gr,historical,1999-12,1999,12,11.455017264364367,11.811870982691465,-0.35685371832709833
E3SM-Project,E3SM-1-1-ECA,r1i1p1f1,gr,historical,2000-01,2000,1,12.333059885346534,12.71073050495603,-0.3776706196094963
E3SM-Project,E3SM-1-1-ECA,r1i1p1f1,gr,historical,2000-02,2000,2,12.810762447461034,13.080339320867374,-0.26957687340633996
E3SM-Project,E3SM-1-1-ECA,r1i1p1f1,gr,historical,2000-03,2000,3,12.831610318591204,13.194749281081773,-0.3631389624905683
E3SM-Project,E3SM-1-1-ECA,r1i1p1f1,gr,historical,2000-04,2000,4,12.717570474952039,12.935942411086883,-0.21837193613484374
E3SM-Project,E3SM-1-1-ECA,r1i1p1f1,gr,historical,2000-05,2000,5,11.414085786015573,11.649231664066448,-0.23514587805087572
E3SM-Project,E3SM-1-1-ECA,r1i1p1f1,gr,historical,2000-06,2000,6,9.66718962906537,9.959573801413983,-0.2923841723486138
E3SM-Project,E3SM-1-1-ECA,r1i1p1f1,gr,historical,2000-07,2000,7,7.755312930537514,8.3000876816458,-0.544774751108287
E3SM-Project,E3SM-1-1-ECA,r1i1p1f1,gr,historical,2000-08,2000,8,6.164906493050355,6.692120761098942,-0.5272142680485867
E3SM-Project,E3SM-1-1-ECA,r1i1p1f1,gr,historical,2000-09,2000,9,5.659765479209852,6.03406357736994,-0.37429809816008763
E3SM-Project,E3SM-1-1-ECA,r1i1p1f1,gr,historical,2000-10,2000,10,7.199409825123014,7.886854726076276,-0.6874449009532624
E3SM-Project,E3SM-1-1-ECA,r1i1p1f1,gr,historical,2000-11,2000,11,9.996045282609233,10.153988238532676,-0.15794295592344376
E3SM-Project,E3SM-1-1-ECA,r1i1p1f1,gr,historical,2000-12,2000,12,11.33515458074356,11.811870982691465,-0.47671640194790577
E3SM-Project,E3SM-1-1-ECA,r1i1p1f1,gr,historical,2001-01,2001,1,12.343565251747492,12.71073050495603,-0.36716525320853854
E3SM-Project,E3SM-1-1-ECA,r1i1p1f1,gr,historical,2001-02,2001,2,12.596320337325547,13.080339320867374,-0.4840189835418265
E3SM-Project,E3SM-1-1-ECA,r1i1p1f1,gr,historical,2001-03,2001,3,12.825805223342893,13.194749281081773,-0.3689440577388794
E3SM-Project,E3SM-1-1-ECA,r1i1p1f1,gr,historical,2001-04,2001,4,12.608499891166257,12.935942411086883,-0.32744251992062523
E3SM-Project,E3SM-1-1-ECA,r1i1p1f1,gr,historical,2001-05,2001,5,11.333271248057343,11.649231664066448,-0.31596041600910496
E3SM-Project,E3SM-1-1-ECA,r1i1p1f1,gr,historical,2001-06,2001,6,9.572475324834109,9.959573801413983,-0.3870984765798742
E3SM-Project,E3SM-1-1-ECA,r1i1p1f1,gr,historical,2001-07,2001,7,7.67165553277178,8.3000876816458,-0.6284321488740208
E3SM-Project,E3SM-1-1-ECA,r1i1p1f1,gr,historical,2001-08,2001,8,6.187800021638523,6.692120761098942,-0.504320739460419
E3SM-Project,E3SM-1-1-ECA,r1i1p1f1,gr,historical,2001-09,2001,9,5.65705683148715,6.03406357736994,-0.37700674588278993
E3SM-Project,E3SM-1-1-ECA,r1i1p1f1,gr,historical,2001-10,2001,10,6.953304999545809,7.886854726076276,-0.9335497265304671
E3SM-Project,E3SM-1-1-ECA,r1i1p1f1,gr,historical,2001-11,2001,11,9.484604649932576,10.153988238532676,-0.6693835886001
E3SM-Project,E3SM-1-1-ECA,r1i1p1f1,gr,historical,2001-12,2001,12,11.268713744820266,11.811870982691465,-0.5431572378711991
E3SM-Project,E3SM-1-1-ECA,r1i1p1f1,gr,historical,2002-01,2002,1,12.389313074079178,12.71073050495603,-0.3214174308768527
E3SM-Project,E3SM-1-1-ECA,r1i1p1f1,gr,historical,2002-02,2002,2,12.712369605510645,13.080339320867374,-0.36796971535672895
E3SM-Project,E3SM-1-1-ECA,r1i1p1f1,gr,historical,2002-03,2002,3,12.846461574315873,13.194749281081773,-0.34828770676590004
E3SM-Project,E3SM-1-1-ECA,r1i1p1f1,gr,historical,2002-04,2002,4,12.480624154333764,12.935942411086883,-0.45531825675311843
E3SM-Project,E3SM-1-1-ECA,r1i1p1f1,gr,historical,2002-05,2002,5,10.790354239759179,11.649231664066448,-0.8588774243072699
E3SM-Project,E3SM-1-1-ECA,r1i1p1f1,gr,historical,2002-06,2002,6,9.111947670965908,9.959573801413983,-0.8476261304480754
E3SM-Project,E3SM-1-1-ECA,r1i1p1f1,gr,historical,2002-07,2002,7,7.71293007995348,8.3000876816458,-0.5871576016923203
E3SM-Project,E3SM-1-1-ECA,r1i1p1f1,gr,historical,2002-08,2002,8,6.26742607515754,6.692120761098942,-0.42469468594140203
E3SM-Project,E3SM-1-1-ECA,r1i1p1f1,gr,historical,2002-09,2002,9,5.676289161539013,6.03406357736994,-0.35777441583092706
E3SM-Project,E3SM-1-1-ECA,r1i1p1f1,gr,historical,2002-10,2002,10,7.278418353651987,7.886854726076276,-0.6084363724242889
E3SM-Project,E3SM-1-1-ECA,r1i1p1f1,gr,historical,2002-11,2002,11,9.585428918887544,10.153988238532676,-0.5685593196451322
E3SM-Project,E3SM-1-1-ECA,r1i1p1f1,gr,historical,2002-12,2002,12,11.392439889960258,11.811870982691465,-0.41943109273120704
E3SM-Project,E3SM-1-1-ECA,r1i1p1f1,gr,historical,2003-01,2003,1,12.24958117743463,12.71073050495603,-0.4611493275214009
E3SM-Project,E3SM-1-1-ECA,r1i1p1f1,gr,historical,2003-02,2003,2,12.603016816402224,13.080339320867374,-0.4773225044651497
E3SM-Project,E3SM-1-1-ECA,r1i1p1f1,gr,historical,2003-03,2003,3,12.81899749892626,13.194749281081773,-0.37575178215551297
E3SM-Project,E3SM-1-1-ECA,r1i1p1f1,gr,historical,2003-04,2003,4,12.38173390488782,12.935942411086883,-0.5542085061990623
E3SM-Project,E3SM-1-1-ECA,r1i1p1f1,gr,historical,2003-05,2003,5,11.087898205269722,11.649231664066448,-0.5613334587967262
E3SM-Project,E3SM-1-1-ECA,r1i1p1f1,gr,historical,2003-06,2003,6,9.450808676914454,9.959573801413983,-0.5087651244995293
E3SM-Project,E3SM-1-1-ECA,r1i1p1f1,gr,historical,2003-07,2003,7,7.400577962756207,8.3000876816458,-0.8995097188895933
E3SM-Project,E3SM-1-1-ECA,r1i1p1f1,gr,historical,2003-08,2003,8,5.761386713997199,6.692120761098942,-0.9307340471017431
E3SM-Project,E3SM-1-1-ECA,r1i1p1f1,gr,historical,2003-09,2003,9,5.229414210042687,6.03406357736994,-0.8046493673272535
E3SM-Project,E3SM-1-1-ECA,r1i1p1f1,gr,historical,2003-10,2003,10,7.13960775627858,7.886854726076276,-0.747246969797696
E3SM-Project,E3SM-1-1-ECA,r1i1p1f1,gr,historical,2003-11,2003,11,9.547726603257182,10.153988238532676,-0.6062616352754944
E3SM-Project,E3SM-1-1-ECA,r1i1p1f1,gr,historical,2003-12,2003,12,11.37188773035859,11.811870982691465,-0.4399832523328744
E3SM-Project,E3SM-1-1-ECA,r1i1p1f1,gr,historical,2004-01,2004,1,12.176247209919977,12.71073050495603,-0.5344832950360541
E3SM-Project,E3SM-1-1-ECA,r1i1p1f1,gr,historical,2004-02,2004,2,12.85161575551142,13.080339320867374,-0.2287235653559545
E3SM-Project,E3SM-1-1-ECA,r1i1p1f1,gr,historical,2004-03,2004,3,12.960384383733581,13.194749281081773,-0.23436489734819155
E3SM-Project,E3SM-1-1-ECA,r1i1p1f1,gr,historical,2004-04,2004,4,12.580081341674683,12.935942411086883,-0.3558610694121995
E3SM-Project,E3SM-1-1-ECA,r1i1p1f1,gr,historical,2004-05,2004,5,11.320050871068641,11.649231664066448,-0.329180792997807
E3SM-Project,E3SM-1-1-ECA,r1i1p1f1,gr,historical,2004-06,2004,6,9.52174926033552,9.959573801413983,-0.4378245410784629
E3SM-Project,E3SM-1-1-ECA,r1i1p1f1,gr,historical,2004-07,2004,7,7.640224019533155,8.3000876816458,-0.6598636621126452
E3SM-Project,E3SM-1-1-ECA,r1i1p1f1,gr,historical,2004-08,2004,8,6.047440419099469,6.692120761098942,-0.6446803419994733
E3SM-Project,E3SM-1-1-ECA,r1i1p1f1,gr,historical,2004-09,2004,9,5.708471067022256,6.03406357736994,-0.32559251034768444
E3SM-Project,E3SM-1-1-ECA,r1i1p1f1,gr,historical,2004-10,2004,10,7.9266117666854505,7.886854726076276,0.03975704060917451
E3SM-Project,E3SM-1-1-ECA,r1i1p1f1,gr,historical,2004-11,2004,11,10.100559805212015,10.153988238532676,-0.053428433320661384
E3SM-Project,E3SM-1-1-ECA,r1i1p1f1,gr,historical,2004-12,2004,12,11.583664522691716,11.811870982691465,-0.22820645999974865
E3SM-Project,E3SM-1-1-ECA,r1i1p1f1,gr,historical,2005-01,2005,1,12.589205015843483,12.71073050495603,-0.1215254891125479
E3SM-Project,E3SM-1-1-ECA,r1i1p1f1,gr,historical,2005-02,2005,2,12.904893033677418,13.080339320867374,-0.17544628718995625
E3SM-Project,E3SM-1-1-ECA,r1i1p1f1,gr,historical,2005-03,2005,3,13.061656264202732,13.194749281081773,-0.13309301687904096
E3SM-Project,E3SM-1-1-ECA,r1i1p1f1,gr,historical,2005-04,2005,4,12.575744385305132,12.935942411086883,-0.36019802578175053
E3SM-Project,E3SM-1-1-ECA,r1i1p1f1,gr,historical,2005-05,2005,5,11.106158646016219,11.649231664066448,-0.5430730180502295
E3SM-Project,E3SM-1-1-ECA,r1i1p1f1,gr,historical,2005-06,2005,6,9.387685568329438,9.959573801413983,-0.571888233084545
E3SM-Project,E3SM-1-1-ECA,r1i1p1f1,gr,historical,2005-07,2005,7,7.770031100370122,8.3000876816458,-0.5300565812756783
E3SM-Project,E3SM-1-1-ECA,r1i1p1f1,gr,historical,2005-08,2005,8,6.044355512659986,6.692120761098942,-0.6477652484389562
E3SM-Project,E3SM-1-1-ECA,r1i1p1f1,gr,historical,2005-09,2005,9,5.308417704727369,6.03406357736994,-0.7256458726425707
E3SM-Project,E3SM-1-1-ECA,r1i1p1f1,gr,historical,2005-10,2005,10,6.594999163976277,7.886854726076276,-1.2918555620999994
E3SM-Project,E3SM-1-1-ECA,r1i1p1f1,gr,historical,2005-11,2005,11,9.332685489119104,10.153988238532676,-0.8213027494135723
E3SM-Project,E3SM-1-1-ECA,r1i1p1f1,gr,historical,2005-12,2005,12,11.31008544217334,11.811870982691465,-0.5017855405181244
E3SM-Project,E3SM-1-1-ECA,r1i1p1f1,gr,historical,2006-01,2006,1,12.46574476219508,12.71073050495603,-0.2449857427609512
E3SM-Project,E3SM-1-1-ECA,r1i1p1f1,gr,historical,2006-02,2006,2,12.96754180175319,13.080339320867374,-0.11279751911418323
E3SM-Project,E3SM-1-1-ECA,r1i1p1f1,gr,historical,2006-03,2006,3,13.00657876618275,13.194749281081773,-0.18817051489902248
E3SM-Project,E3SM-1-1-ECA,r1i1p1f1,gr,historical,2006-04,2006,4,12.813946926617593,12.935942411086883,-0.12199548446928965
E3SM-Project,E3SM-1-1-ECA,r1i1p1f1,gr,historical,2006-05,2006,5,11.230474806876183,11.649231664066448,-0.41875685719026556
E3SM-Project,E3SM-1-1-ECA,r1i1p1f1,gr,historical,2006-06,2006,6,9.29119309931813,9.959573801413983,-0.6683807020958525
E3SM-Project,E3SM-1-1-ECA,r1i1p1f1,gr,historical,2006-07,2006,7,7.148946745767166,8.3000876816458,-1.1511409358786349
E3SM-Project,E3SM-1-1-ECA,r1i1p1f1,gr,historical,2006-08,2006,8,5.016922288238795,6.692120761098942,-1.6751984728601474
E3SM-Project,E3SM-1-1-ECA,r1i1p1f1,gr,historical,2006-09,2006,9,4.1486018078505555,6.03406357736994,-1.8854617695193845
E3SM-Project,E3SM-1-1-ECA,r1i1p1f1,gr,historical,2006-10,2006,10,6.3706766306763924,7.886854726076276,-1.5161780953998836
E3SM-Project,E3SM-1-1-ECA,r1i1p1f1,gr,historical,2006-11,2006,11,9.750167889819812,10.153988238532676,-0.40382034871286443
E3SM-Project,E3SM-1-1-ECA,r1i1p1f1,gr,historical,2006-12,2006,12,11.423482655831009,11.811870982691465,-0.388388326860456
E3SM-Project,E3SM-1-1-ECA,r1i1p1f1,gr,historical,2007-01,2007,1,12.725772071972004,12.71073050495603,0.015041567015973811
E3SM-Project,E3SM-1-1-ECA,r1i1p1f1,gr,historical,2007-02,2007,2,13.07238337661149,13.080339320867374,-0.007955944255883196
E3SM-Project,E3SM-1-1-ECA,r1i1p1f1,gr,historical,2007-03,2007,3,12.993245910885271,13.194749281081773,-0.20150337019650166
E3SM-Project,E3SM-1-1-ECA,r1i1p1f1,gr,historical,2007-04,2007,4,12.471302125951079,12.935942411086883,-0.464640285135804
E3SM-Project,E3SM-1-1-ECA,r1i1p1f1,gr,historical,2007-05,2007,5,10.823118949471642,11.649231664066448,-0.8261127145948066
E3SM-Project,E3SM-1-1-ECA,r1i1p1f1,gr,historical,2007-06,2007,6,9.145018734230149,9.959573801413983,-0.814555067183834
E3SM-Project,E3SM-1-1-ECA,r1i1p1f1,gr,historical,2007-07,2007,7,7.300133849443125,8.3000876816458,-0.9999538322026753
E3SM-Project,E3SM-1-1-ECA,r1i1p1f1,gr,historical,2007-08,2007,8,5.472575473784631,6.692120761098942,-1.219545287314311
E3SM-Project,E3SM-1-1-ECA,r1i1p1f1,gr,historical,2007-09,2007,9,4.596906042175714,6.03406357736994,-1.4371575351942258
E3SM-Project,E3SM-1-1-ECA,r1i1p1f1,gr,historical,2007-10,2007,10,6.563104771069414,7.886854726076276,-1.3237499550068623
E3SM-Project,E3SM-1-1-ECA,r1i1p1f1,gr,historical,2007-11,2007,11,9.418587988424482,10.153988238532676,-0.735400250108194
E3SM-Project,E3SM-1-1-ECA,r1i1p1f1,gr,historical,2007-12,2007,12,11.407762502567945,11.811870982691465,-0.4041084801235204
E3SM-Project,E3SM-1-1-ECA,r1i1p1f1,gr,historical,2008-01,2008,1,12.252283062060359,12.71073050495603,-0.45844744289567174
E3SM-Project,E3SM-1-1-ECA,r1i1p1f1,gr,historical,2008-02,2008,2,12.554502691460211,13.080339320867374,-0.5258366294071628
E3SM-Project,E3SM-1-1-ECA,r1i1p1f1,gr,historical,2008-03,2008,3,13.040699289299491,13.194749281081773,-0.15404999178228174
E3SM-Project,E3SM-1-1-ECA,r1i1p1f1,gr,historical,2008-04,2008,4,12.712416691266997,12.935942411086883,-0.2235257198198859
E3SM-Project,E3SM-1-1-ECA,r1i1p1f1,gr,historical,2008-05,2008,5,11.423130270252654,11.649231664066448,-0.2261013938137939
E3SM-Project,E3SM-1-1-ECA,r1i1p1f1,gr,historical,2008-06,2008,6,9.57483125508764,9.959573801413983,-0.3847425463263434
E3SM-Project,E3SM-1-1-ECA,r1i1p1f1,gr,historical,2008-07,2008,7,7.583033214583266,8.3000876816458,-0.7170544670625345
E3SM-Project,E3SM-1-1-ECA,r1i1p1f1,gr,historical,2008-08,2008,8,5.733945148149872,6.692120761098942,-0.9581756129490699
E3SM-Project,E3SM-1-1-ECA,r1i1p1f1,gr,historical,2008-09,2008,9,4.808582315717408,6.03406357736994,-1.225481261652532
E3SM-Project,E3SM-1-1-ECA,r1i1p1f1,gr,historical,2008-10,2008,10,6.570182194269056,7.886854726076276,-1.31667253180722
E3SM-Project,E3SM-1-1-ECA,r1i1p1f1,gr,historical,2008-11,2008,11,9.165968709049164,10.153988238532676,-0.9880195294835126
E3SM-Project,E3SM-1-1-ECA,r1i1p1f1,gr,historical,2008-12,2008,12,11.029396331846257,11.811870982691465,-0.7824746508452076
E3SM-Project,E3SM-1-1-ECA,r1i1p1f1,gr,historical,2009-01,2009,1,12.193022042269762,12.71073050495603,-0.5177084626862687
E3SM-Project,E3SM-1-1-ECA,r1i1p1f1,gr,historical,2009-02,2009,2,12.963560287358797,13.080339320867374,-0.11677903350857655
E3SM-Project,E3SM-1-1-ECA,r1i1p1f1,gr,historical,2009-03,2009,3,12.788298634960555,13.194749281081773,-0.4064506461212183
E3SM-Project,E3SM-1-1-ECA,r1i1p1f1,gr,historical,2009-04,2009,4,12.456763887936406,12.935942411086883,-0.4791785231504768
E3SM-Project,E3SM-1-1-ECA,r1i1p1f1,gr,historical,2009-05,2009,5,11.181849825748483,11.649231664066448,-0.46738183831796576
E3SM-Project,E3SM-1-1-ECA,r1i1p1f1,gr,historical,2009-06,2009,6,9.290246939765101,9.959573801413983,-0.6693268616488819
E3SM-Project,E3SM-1-1-ECA,r1i1p1f1,gr,historical,2009-07,2009,7,7.101296969321483,8.3000876816458,-1.1987907123243176
E3SM-Project,E3SM-1-1-ECA,r1i1p1f1,gr,historical,2009-08,2009,8,4.906167462951104,6.692120761098942,-1.785953298147838
E3SM-Project,E3SM-1-1-ECA,r1i1p1f1,gr,historical,2009-09,2009,9,4.0629843086170245,6.03406357736994,-1.9710792687529155
E3SM-Project,E3SM-1-1-ECA,r1i1p1f1,gr,historical,2009-10,2009,10,6.166932714101046,7.886854726076276,-1.71992201197523
E3SM-Project,E3SM-1-1-ECA,r1i1p1f1,gr,historical,2009-11,2009,11,9.601027576789452,10.153988238532676,-0.5529606617432243
E3SM-Project,E3SM-1-1-ECA,r1i1p1f1,gr,historical,2009-12,2009,12,11.41314441423157,11.811870982691465,-0.3987265684598942
E3SM-Project,E3SM-1-1-ECA,r1i1p1f1,gr,historical,2010-01,2010,1,12.159974425937797,12.71073050495603,-0.5507560790182335
E3SM-Project,E3SM-1-1-ECA,r1i1p1f1,gr,historical,2010-02,2010,2,12.530279619943407,13.080339320867374,-0.5500597009239669
E3SM-Project,E3SM-1-1-ECA,r1i1p1f1,gr,historical,2010-03,2010,3,12.899449296544425,13.194749281081773,-0.2952999845373476
E3SM-Project,E3SM-1-1-ECA,r1i1p1f1,gr,historical,2010-04,2010,4,12.94595950743982,12.935942411086883,0.010017096352937571
E3SM-Project,E3SM-1-1-ECA,r1i1p1f1,gr,historical,2010-05,2010,5,11.513472841005996,11.649231664066448,-0.13575882306045273
E3SM-Project,E3SM-1-1-ECA,r1i1p1f1,gr,historical,2010-06,2010,6,9.603480760718739,9.959573801413983,-0.35609304069524406
E3SM-Project,E3SM-1-1-ECA,r1i1p1f1,gr,historical,2010-07,2010,7,7.204276982267068,8.3000876816458,-1.0958106993787329
E3SM-Project,E3SM-1-1-ECA,r1i1p1f1,gr,historical,2010-08,2010,8,4.701586912605758,6.692120761098942,-1.9905338484931843
E3SM-Project,E3SM-1-1-ECA,r1i1p1f1,gr,historical,2010-09,2010,9,3.5241230869827325,6.03406357736994,-2.5099404903872076
E3SM-Project,E3SM-1-1-ECA,r1i1p1f1,gr,historical,2010-10,2010,10,5.780453976634894,7.886854726076276,-2.1064007494413817
E3SM-Project,E3SM-1-1-ECA,r1i1p1f1,gr,historical,2010-11,2010,11,9.35915458988662,10.153988238532676,-0.7948336486460565
E3SM-Project,E3SM-1-1-ECA,r1i1p1f1,gr,historical,2010-12,2010,12,11.397205366605881,11.811870982691465,-0.4146656160855837
E3SM-Project,E3SM-1-1-ECA,r1i1p1f1,gr,historical,2011-01,2011,1,12.243387734502557,12.71073050495603,-0.46734277045347383
E3SM-Project,E3SM-1-1-ECA,r1i1p1f1,gr,historical,2011-02,2011,2,12.708799275518336,13.080339320867374,-0.37154004534903784
E3SM-Project,E3SM-1-1-ECA,r1i1p1f1,gr,historical,2011-03,2011,3,12.66799083043975,13.194749281081773,-0.5267584506420224
E3SM-Project,E3SM-1-1-ECA,r1i1p1f1,gr,historical,2011-04,2011,4,12.133019371042726,12.935942411086883,-0.8029230400441563
E3SM-Project,E3SM-1-1-ECA,r1i1p1f1,gr,historical,2011-05,2011,5,10.74095194372504,11.649231664066448,-0.9082797203414081
E3SM-Project,E3SM-1-1-ECA,r1i1p1f1,gr,historical,2011-06,2011,6,8.76085813068487,9.959573801413983,-1.1987156707291131
E3SM-Project,E3SM-1-1-ECA,r1i1p1f1,gr,historical,2011-07,2011,7,6.81201561295116,8.3000876816458,-1.488072068694641
E3SM-Project,E3SM-1-1-ECA,r1i1p1f1,gr,historical,2011-08,2011,8,4.683978355177558,6.692120761098942,-2.008142405921384
E3SM-Project,E3SM-1-1-ECA,r1i1p1f1,gr,historical,2011-09,2011,9,3.791063194900898,6.03406357736994,-2.243000382469042
E3SM-Project,E3SM-1-1-ECA,r1i1p1f1,gr,historical,2011-10,2011,10,6.034348546263213,7.886854726076276,-1.852506179813063
E3SM-Project,E3SM-1-1-ECA,r1i1p1f1,gr,historical,2011-11,2011,11,8.72181208522634,10.153988238532676,-1.4321761533063366
E3SM-Project,E3SM-1-1-ECA,r1i1p1f1,gr,historical,2011-12,2011,12,10.74867729040616,11.811870982691465,-1.0631936922853047
E3SM-Project,E3SM-1-1-ECA,r1i1p1f1,gr,historical,2012-01,2012,1,12.161869412849418,12.71073050495603,-0.5488610921066126
E3SM-Project,E3SM-1-1-ECA,r1i1p1f1,gr,historical,2012-02,2012,2,12.70988379450426,13.080339320867374,-0.37045552636311463
E3SM-Project,E3SM-1-1-ECA,r1i1p1f1,gr,historical,2012-03,2012,3,12.840760583700336,13.194749281081773,-0.35398869738143723
E3SM-Project,E3SM-1-1-ECA,r1i1p1f1,gr,historical,2012-04,2012,4,12.133983039662375,12.935942411086883,-0.8019593714245072
E3SM-Project,E3SM-1-1-ECA,r1i1p1f1,gr,historical,2012-05,2012,5,10.964354890019168,11.649231664066448,-0.6848767740472805
E3SM-Project,E3SM-1-1-ECA,r1i1p1f1,gr,historical,2012-06,2012,6,9.029445827946816,9.959573801413983,-0.930127973467167
E3SM-Project,E3SM-1-1-ECA,r1i1p1f1,gr,historical,2012-07,2012,7,6.693013152832009,8.3000876816458,-1.6070745288137918
E3SM-Project,E3SM-1-1-ECA,r1i1p1f1,gr,historical,2012-08,2012,8,4.079893361038686,6.692120761098942,-2.612227400060256
E3SM-Project,E3SM-1-1-ECA,r1i1p1f1,gr,historical,2012-09,2012,9,2.8335791114777127,6.03406357736994,-3.2004844658922273
E3SM-Project,E3SM-1-1-ECA,r1i1p1f1,gr,historical,2012-10,2012,10,4.783109780883456,7.886854726076276,-3.10374494519282
E3SM-Project,E3SM-1-1-ECA,r1i1p1f1,gr,historical,2012-11,2012,11,8.02147839563088,10.153988238532676,-2.132509842901797
E3SM-Project,E3SM-1-1-ECA,r1i1p1f1,gr,historical,2012-12,2012,12,10.35335648851668,11.811870982691465,-1.4585144941747856
E3SM-Project,E3SM-1-1-ECA,r1i1p1f1,gr,historical,2013-01,2013,1,12.318102967843709,12.71073050495603,-0.3926275371123218
E3SM-Project,E3SM-1-1-ECA,r1i1p1f1,gr,historical,2013-02,2013,2,12.99199497789496,13.080339320867374,-0.08834434297241422
E3SM-Project,E3SM-1-1-ECA,r1i1p1f1,gr,historical,2013-03,2013,3,13.118260150866039,13.194749281081773,-0.07648913021573378
E3SM-Project,E3SM-1-1-ECA,r1i1p1f1,gr,historical,2013-04,2013,4,12.825983496020012,12.935942411086883,-0.10995891506687094
E3SM-Project,E3SM-1-1-ECA,r1i1p1f1,gr,historical,2013-05,2013,5,11.14205095698007,11.649231664066448,-0.5071807070863787
E3SM-Project,E3SM-1-1-ECA,r1i1p1f1,gr,historical,2013-06,2013,6,8.922920363130109,9.959573801413983,-1.0366534382838744
E3SM-Project,E3SM-1-1-ECA,r1i1p1f1,gr,historical,2013-07,2013,7,6.697347019460731,8.3000876816458,-1.6027406621850693
E3SM-Project,E3SM-1-1-ECA,r1i1p1f1,gr,historical,2013-08,2013,8,4.321095559470699,6.692120761098942,-2.3710252016282434
E3SM-Project,E3SM-1-1-ECA,r1i1p1f1,gr,historical,2013-09,2013,9,3.144143125119848,6.03406357736994,-2.889920452250092
E3SM-Project,E3SM-1-1-ECA,r1i1p1f1,gr,historical,2013-10,2013,10,4.750053738618051,7.886854726076276,-3.1368009874582254
E3SM-Project,E3SM-1-1-ECA,r1i1p1f1,gr,historical,2013-11,2013,11,8.297320161379506,10.153988238532676,-1.85666807715317
E3SM-Project,E3SM-1-1-ECA,r1i1p1f1,gr,historical,2013-12,2013,12,11.1026682532124,11.811870982691465,-0.709202729479065
E3SM-Project,E3SM-1-1-ECA,r1i1p1f1,gr,historical,2014-01,2014,1,11.99073523732708,12.71073050495603,-0.7199952676289509
E3SM-Project,E3SM-1-1-ECA,r1i1p1f1,gr,historical,2014-02,2014,2,12.693753489420795,13.080339320867374,-0.3865858314465793
E3SM-Project,E3SM-1-1-ECA,r1i1p1f1,gr,historical,2014-03,2014,3,12.804672081555625,13.194749281081773,-0.3900771995261483
E3SM-Project,E3SM-1-1-ECA,r1i1p1f1,gr,historical,2014-04,2014,4,12.699058555147738,12.935942411086883,-0.23688385593914418
E3SM-Project,E3SM-1-1-ECA,r1i1p1f1,gr,historical,2014-05,2014,5,11.249063570475501,11.649231664066448,-0.4001680935909473
E3SM-Project,E3SM-1-1-ECA,r1i1p1f1,gr,historical,2014-06,2014,6,9.390277304507203,9.959573801413983,-0.5692964969067802
E3SM-Project,E3SM-1-1-ECA,r1i1p1f1,gr,historical,2014-07,2014,7,7.656997340548351,8.3000876816458,-0.6430903410974498
E3SM-Project,E3SM-1-1-ECA,r1i1p1f1,gr,historical,2014-08,2014,8,6.036954313462644,6.692120761098942,-0.6551664476362982
E3SM-Project,E3SM-1-1-ECA,r1i1p1f1,gr,historical,2014-09,2014,9,5.177084499257059,6.03406357736994,-0.8569790781128814
E3SM-Project,E3SM-1-1-ECA,r1i1p1f1,gr,historical,2014-10,2014,10,7.0079302336341724,7.886854726076276,-0.8789244924421036
E3SM-Project,E3SM-1-1-ECA,r1i1p1f1,gr,historical,2014-11,2014,11,9.40747489341221,10.153988238532676,-0.7465133451204657
E3SM-Project,E3SM-1-1-ECA,r1i1p1f1,gr,historical,2014-12,2014,12,10.945888210157692,11.811870982691465,-0.8659827725337728
