institution,source,member,grid,experiment,time,year,month,rsds_into_surface_Wm2,rlds_into_surface_Wm2,rsus_into_surface_Wm2,rlus_into_surface_Wm2,hfss_into_surface_Wm2,hfls_into_surface_Wm2,seb_Wm2,pi_clim_rsds_into_surface_Wm2,pi_clim_rlds_into_surface_Wm2,pi_clim_rsus_into_surface_Wm2,pi_clim_rlus_into_surface_Wm2,pi_clim_hfss_into_surface_Wm2,pi_clim_hfls_into_surface_Wm2,pi_clim_seb_Wm2,rsds_into_surface_Wm2_anom,rlds_into_surface_Wm2_anom,rsus_into_surface_Wm2_anom,rlus_into_surface_Wm2_anom,hfss_into_surface_Wm2_anom,hfls_into_surface_Wm2_anom,seb_anom_Wm2
EC-Earth-Consortium,EC-Earth3-Veg-LR,r1i1p1f1,gr,historical,1850-01,1850,1,1.9904472527757961,169.5629472766179,-1.1272003268610304,-215.50424495813684,-4.075297101227658,-12.153599208628725,-61.30694706546057,1.9670428406081912,174.6451682692201,-1.1134382139788777,-217.91294889189962,-7.277542063475359,-14.28956539960937,-63.98128345913492,0.023404412167604915,-5.082220992602203,-0.013762112882152788,2.40870393376278,3.2022449622477005,2.1359661909806444,2.674336393674352
EC-Earth-Consortium,EC-Earth3-Veg-LR,r1i1p1f1,gr,historical,1850-02,1850,2,11.554874426455504,189.28000886778773,-7.382392871043011,-228.59328652407254,0.8904694033100263,-10.7107149912745,-44.96104168883678,12.445773582853347,174.25857569933385,-8.050053493794298,-217.59834553205962,-6.931894885320205,-14.11158454395435,-59.98752917294128,-0.8908991563978432,15.021433168453882,0.6676606227512867,-10.994940992012914,7.822364288630232,3.4008695526798505,15.0264874841045
EC-Earth-Consortium,EC-Earth3-Veg-LR,r1i1p1f1,gr,historical,1850-03,1850,3,59.73688802039059,178.10534701555704,-43.15527135757958,-224.3854421821903,-11.408677827948527,-16.63418970618448,-57.74134603795526,59.86295421939759,178.6380625638465,-42.42060087439643,-224.19115525659498,-5.777500516309919,-12.96961739527065,-46.8578572593279,-0.1260661990069991,-0.5327155482894455,-0.7346704831831516,-0.19428692559532124,-5.6311773116386075,-3.6645723109138295,-10.88348877862736
EC-Earth-Consortium,EC-Earth3-Veg-LR,r1i1p1f1,gr,historical,1850-04,1850,4,161.92533407599427,202.24236590618867,-121.85105445392682,-249.7975873476654,-4.738249505999837,-11.238857893597416,-23.458049219006504,165.54918549462982,193.94768773026806,-121.36911048471737,-244.71414659154436,-3.5592308420521506,-11.316720965746057,-21.462335659162093,-3.623851418635553,8.294678175920609,-0.48194396920945337,-5.0834407561210355,-1.1790186639476867,0.07786307214864152,-1.9957135598444111
EC-Earth-Consortium,EC-Earth3-Veg-LR,r1i1p1f1,gr,historical,1850-05,1850,5,282.30858606970463,216.5864935385489,-204.65349200619357,-272.06675187801665,-3.401447141477525,-10.44899393321844,8.32439464934734,275.6543792863859,224.5590747925627,-196.4506719906339,-277.14177299595417,-1.8042443237938772,-10.700238938634309,14.116525829932366,6.6542067833187275,-7.972581254013818,-8.202820015559666,5.075021117937524,-1.5972028176836477,0.25124500541586947,-5.7921311805850255
EC-Earth-Consortium,EC-Earth3-Veg-LR,r1i1p1f1,gr,historical,1850-06,1850,6,301.6363962106666,258.63488218313506,-197.7907256279468,-301.0487643529162,-0.7454115053081458,-9.692666640531579,50.993710267098876,296.31824615671405,264.6805788578032,-184.2618748228265,-305.99544242897827,-1.3256800948089977,-11.303420968742303,58.11240669916117,5.318150053952536,-6.045696674668136,-13.5288508051203,4.946678076062085,0.5802685895008519,1.6107543282107244,-7.118696432062293
EC-Earth-Consortium,EC-Earth3-Veg-LR,r1i1p1f1,gr,historical,1850-07,1850,7,228.7468596907259,288.68340911551195,-114.73163038263974,-318.0211127329115,-0.5743314268871278,-9.96845937373244,74.13473489006697,225.98526739919413,289.5888849412498,-106.74472434052524,-319.32788691162557,-0.19383547240358012,-10.584539231081097,78.72316638480842,2.7615922915317697,-0.9054758257378239,-7.986906042114498,1.306774178714079,-0.38049595448354767,0.616079857348657,-4.588431494741457
EC-Earth-Consortium,EC-Earth3-Veg-LR,r1i1p1f1,gr,historical,1850-08,1850,8,145.4909426163658,290.20208586774146,-57.62897409675833,-319.6037145143214,0.5118273840125653,-10.951725028248493,48.020442228791595,143.965143639584,285.514983779784,-56.61969220867284,-317.4160441353086,-0.736401837272086,-11.828037470306784,42.8799517678077,1.5257989767818003,4.687102087957442,-1.0092818880854892,-2.1876703790127863,1.2482292212846513,0.8763124420582908,5.140490460983898
EC-Earth-Consortium,EC-Earth3-Veg-LR,r1i1p1f1,gr,historical,1850-09,1850,9,70.26232062587196,261.89117562724687,-28.170847415488446,-299.50311921247817,-3.831114582420232,-15.500098870476437,-14.851683827744445,72.23187531070974,254.64399326285204,-29.49217390513061,-295.7570914889987,-3.0077420278618163,-14.867742559467041,-16.248881407896377,-1.9695546848377745,7.247182364394831,1.3213264896421641,-3.7460277234794717,-0.8233725545584156,-0.6323563110093957,1.397197580151932
EC-Earth-Consortium,EC-Earth3-Veg-LR,r1i1p1f1,gr,historical,1850-10,1850,10,21.387126741341433,222.19282352899432,-8.688174099333255,-265.4194777943844,-9.905787504193485,-18.20153079959237,-58.63501992716777,21.17782998279387,219.68910623165684,-9.062038234793288,-263.59941570919926,-7.415014525185129,-17.082779513843093,-56.292311768570094,0.2092967585475627,2.503717297337488,0.3738641354600336,-1.8200620851851568,-2.490772979008356,-1.1187512857492763,-2.3427081585976737
EC-Earth-Consortium,EC-Earth3-Veg-LR,r1i1p1f1,gr,historical,1850-11,1850,11,3.4937619925429884,183.0419481102708,-1.3734313846887927,-229.2513130173472,-14.448806676811092,-19.312120559659725,-77.84996153569301,3.573632890038961,193.44910051493784,-1.4677800076550447,-237.86279579461424,-8.81039866871152,-15.933404947758362,-67.05164601376235,-0.07987089749597276,-10.407152404667045,0.09434862296625202,8.611482777267042,-5.638408008099573,-3.378715611901363,-10.798315521930661
EC-Earth-Consortium,EC-Earth3-Veg-LR,r1i1p1f1,gr,historical,1850-12,1850,12,0.7836868086963248,175.88556292806516,-0.37804665169399626,-218.09335482614657,-12.024850297477775,-15.699817666911796,-69.52681970546865,0.8443239133056458,179.53984894273685,-0.40726912356645945,-223.33948846597266,-7.907125970966346,-14.520666974641335,-65.79037767910431,-0.060637104609321035,-3.6542860146716976,0.029222471872463185,5.246133639826098,-4.1177243265114285,-1.1791506922704613,-3.736442026364344
EC-Earth-Consortium,EC-Earth3-Veg-LR,r1i1p1f1,gr,historical,1851-01,1851,1,1.964426209547975,168.6954574084451,-1.1479739720309765,-211.29287382974618,-7.851237448450926,-13.366248029707341,-62.998449661942345,1.9670428406081912,174.6451682692201,-1.1134382139788777,-217.91294889189962,-7.277542063475359,-14.28956539960937,-63.98128345913492,-0.002616631060216257,-5.9497108607750135,-0.03453575805209885,6.6200750621534326,-0.5736953849755677,0.9233173699020281,0.9828337971925762
EC-Earth-Consortium,EC-Earth3-Veg-LR,r1i1p1f1,gr,historical,1851-02,1851,2,12.465734307352186,178.2666583790134,-8.406362465006255,-219.4014503251109,-6.228091857013941,-13.373653959483228,-56.677165920248726,12.445773582853347,174.25857569933385,-8.050053493794298,-217.59834553205962,-6.931894885320205,-14.11158454395435,-59.98752917294128,0.0199607244988389,4.008082679679546,-0.35630897121195737,-1.8031047930512614,0.7038030283062646,0.7379305844711226,3.3103632526925537
EC-Earth-Consortium,EC-Earth3-Veg-LR,r1i1p1f1,gr,historical,1851-03,1851,3,60.12243731857557,180.02743526702756,-42.86786433730557,-225.02394212343233,0.10852661180251558,-10.119020115411953,-37.752427378744216,59.86295421939759,178.6380625638465,-42.42060087439643,-224.19115525659498,-5.777500516309919,-12.96961739527065,-46.8578572593279,0.2594830991779844,1.389372703181067,-0.44726346290914165,-0.8327868668373526,5.886027128112435,2.8505972798586967,9.105429880583685
EC-Earth-Consortium,EC-Earth3-Veg-LR,r1i1p1f1,gr,historical,1851-04,1851,4,166.48568411455594,191.96392815460138,-123.50997238427547,-242.94928150404522,-1.9095127359518265,-10.483074192911753,-20.402228548026926,165.54918549462982,193.94768773026806,-121.36911048471737,-244.71414659154436,-3.5592308420521506,-11.316720965746057,-21.462335659162093,0.9364986199261125,-1.9837595756666815,-2.1408618995581037,1.764865087499146,1.649718106100324,0.8336467728343049,1.0601071111351672
EC-Earth-Consortium,EC-Earth3-Veg-LR,r1i1p1f1,gr,historical,1851-05,1851,5,277.47408521163777,219.79474792336134,-200.11475516027028,-273.06524894609714,-3.0370945759919676,-11.04922836150447,10.002506091135226,275.6543792863859,224.5590747925627,-196.4506719906339,-277.14177299595417,-1.8042443237938772,-10.700238938634309,14.116525829932366,1.819705925251867,-4.764326869201369,-3.6640831696363705,4.076524049857028,-1.2328502521980904,-0.34898942287016155,-4.11401973879714
EC-Earth-Consortium,EC-Earth3-Veg-LR,r1i1p1f1,gr,historical,1851-06,1851,6,294.7398658337156,265.95184223225897,-184.08842813201832,-306.25496956298235,0.1824368973877995,-10.297526094900075,60.23322117346166,296.31824615671405,264.6805788578032,-184.2618748228265,-305.99544242897827,-1.3256800948089977,-11.303420968742303,58.11240669916117,-1.5783803229984414,1.2712633744557706,0.1734466908081913,-0.2595271340040881,1.5081169921967972,1.0058948738422284,2.120814474300488
EC-Earth-Consortium,EC-Earth3-Veg-LR,r1i1p1f1,gr,historical,1851-07,1851,7,223.0278314502947,291.67787473407805,-105.87533917498881,-319.5432893870826,0.17650178324920726,-10.998320185443859,78.46525922010665,225.98526739919413,289.5888849412498,-106.74472434052524,-319.32788691162557,-0.19383547240358012,-10.584539231081097,78.72316638480842,-2.957435948899416,2.088989792828272,0.8693851655364284,-0.21540247545704005,0.3703372556527874,-0.4137809543627622,-0.257907164701777
EC-Earth-Consortium,EC-Earth3-Veg-LR,r1i1p1f1,gr,historical,1851-08,1851,8,148.57808315096077,283.0253142507427,-58.73328189503269,-316.01937259952695,-1.9263276536094636,-12.901135056616315,42.02328019691808,143.965143639584,285.514983779784,-56.61969220867284,-317.4160441353086,-0.736401837272086,-11.828037470306784,42.8799517678077,4.612939511376766,-2.4896695290412936,-2.113589686359852,1.3966715357816497,-1.1899258163373776,-1.0730975863095313,-0.8566715708896169
EC-Earth-Consortium,EC-Earth3-Veg-LR,r1i1p1f1,gr,historical,1851-09,1851,9,74.53351337729157,254.1886239388877,-32.201966882955375,-294.3436564431242,-3.1172633340493743,-14.05952225393256,-15.000271597882241,72.23187531070974,254.64399326285204,-29.49217390513061,-295.7570914889987,-3.0077420278618163,-14.867742559467041,-16.248881407896377,2.3016380665818303,-0.4553693239643337,-2.7097929778247654,1.4134350458745075,-0.10952130618755795,0.8082203055344817,1.2486098100141358
EC-Earth-Consortium,EC-Earth3-Veg-LR,r1i1p1f1,gr,historical,1851-10,1851,10,22.18812123640757,217.53312742358187,-9.900607573670138,-262.828838164437,-6.9103851032912695,-17.73213682992863,-57.650719011337586,21.17782998279387,219.68910623165684,-9.062038234793288,-263.59941570919926,-7.415014525185129,-17.082779513843093,-56.292311768570094,1.0102912536137012,-2.1559788080749627,-0.8385693388768498,0.7705775447622614,0.5046294218938598,-0.6493573160855384,-1.3584072427674911
EC-Earth-Consortium,EC-Earth3-Veg-LR,r1i1p1f1,gr,historical,1851-11,1851,11,3.4285361372271557,202.1710426594768,-1.4340485738505528,-243.28348324729234,-4.83246709197945,-13.862430396494325,-57.812850512912725,3.573632890038961,193.44910051493784,-1.4677800076550447,-237.86279579461424,-8.81039866871152,-15.933404947758362,-67.05164601376235,-0.14509675281180545,8.721942144538957,0.03373143380449184,-5.420687452678095,3.977931576732069,2.0709745512640367,9.238795500849626
EC-Earth-Consortium,EC-Earth3-Veg-LR,r1i1p1f1,gr,historical,1851-12,1851,12,0.822327071299376,174.22160968370972,-0.43669467993933536,-216.62585265576575,-11.22579551109009,-16.5609445934822,-69.80535068526828,0.8443239133056458,179.53984894273685,-0.40726912356645945,-223.33948846597266,-7.907125970966346,-14.520666974641335,-65.79037767910431,-0.021996842006269834,-5.318239259027138,-0.029425556372875916,6.71363581020691,-3.3186695401237447,-2.0402776188408662,-4.01497300616397
EC-Earth-Consortium,EC-Earth3-Veg-LR,r1i1p1f1,gr,historical,1852-01,1852,1,2.0373859040222686,171.82115845827826,-1.155613142679409,-213.8502426953269,-2.880950759223536,-11.95177182180225,-55.98003405673157,1.9670428406081912,174.6451682692201,-1.1134382139788777,-217.91294889189962,-7.277542063475359,-14.28956539960937,-63.98128345913492,0.07034306341407737,-2.8240098109418454,-0.0421749287005313,4.062706196572719,4.396591304251823,2.337793577807119,8.001249402403353
EC-Earth-Consortium,EC-Earth3-Veg-LR,r1i1p1f1,gr,historical,1852-02,1852,2,12.495167074962428,165.73263444141926,-8.139439376889236,-207.93786382591077,-4.634573330876405,-13.242311300576745,-55.72638631787146,12.445773582853347,174.25857569933385,-8.050053493794298,-217.59834553205962,-6.931894885320205,-14.11158454395435,-59.98752917294128,0.04939349210908084,-8.525941257914582,-0.08938588309493767,9.660481706148857,2.2973215544438004,0.8692732433776058,4.261142855069821
EC-Earth-Consortium,EC-Earth3-Veg-LR,r1i1p1f1,gr,historical,1852-03,1852,3,61.78324452186444,170.18561422546378,-43.907758220367256,-215.92106339452178,-3.9496736255722515,-11.376951698027694,-43.18658819116077,59.86295421939759,178.6380625638465,-42.42060087439643,-224.19115525659498,-5.777500516309919,-12.96961739527065,-46.8578572593279,1.920290302466853,-8.452448338382709,-1.4871573459708287,8.270091862073201,1.8278268907376676,1.5926656972429551,3.6712690681671276
EC-Earth-Consortium,EC-Earth3-Veg-LR,r1i1p1f1,gr,historical,1852-04,1852,4,163.15287287299745,203.64140557829109,-119.88125893970349,-249.63435129874892,-2.6816495914978034,-11.203423786687116,-16.606405165348825,165.54918549462982,193.94768773026806,-121.36911048471737,-244.71414659154436,-3.5592308420521506,-11.316720965746057,-21.462335659162093,-2.396312621632376,9.693717848023027,1.487851545013882,-4.920204707204562,0.8775812505543472,0.11329717905894121,4.855930493813268
EC-Earth-Consortium,EC-Earth3-Veg-LR,r1i1p1f1,gr,historical,1852-05,1852,5,278.1421320884471,222.55187827046427,-196.23608602092696,-275.29217299598537,-2.795329135903146,-10.743300804407404,15.627121401688505,275.6543792863859,224.5590747925627,-196.4506719906339,-277.14177299595417,-1.8042443237938772,-10.700238938634309,14.116525829932366,2.487752802061209,-2.0071965220984396,0.21458596970694543,1.8495999999688024,-0.9910848121092686,-0.043061865773095676,1.5105955717561397
EC-Earth-Consortium,EC-Earth3-Veg-LR,r1i1p1f1,gr,historical,1852-06,1852,6,303.28010988844983,258.2155555261731,-192.37463707862045,-302.91553824240685,-2.6430417544455613,-12.131579405645082,51.43086893350488,296.31824615671405,264.6805788578032,-184.2618748228265,-305.99544242897827,-1.3256800948089977,-11.303420968742303,58.11240669916117,6.961863731735775,-6.465023331630107,-8.112762255793939,3.0799041865714116,-1.3173616596365636,-0.828158436902779,-6.681537765656287
EC-Earth-Consortium,EC-Earth3-Veg-LR,r1i1p1f1,gr,historical,1852-07,1852,7,227.61768221973603,290.13560852008067,-107.26979681875085,-319.8947943684475,1.488677178622059,-9.820528719662413,82.25684801157809,225.98526739919413,289.5888849412498,-106.74472434052524,-319.32788691162557,-0.19383547240358012,-10.584539231081097,78.72316638480842,1.6324148205418965,0.5467235788308926,-0.52507247822561,-0.566907456821923,1.6825126510256392,0.7640105114186841,3.5336816267696634
EC-Earth-Consortium,EC-Earth3-Veg-LR,r1i1p1f1,gr,historical,1852-08,1852,8,150.55502775926536,280.85928342896443,-61.744178682428505,-315.3985717236261,0.6962125571936303,-10.097038753267613,44.87073458610121,143.965143639584,285.514983779784,-56.61969220867284,-317.4160441353086,-0.736401837272086,-11.828037470306784,42.8799517678077,6.589884119681358,-4.655700350819586,-5.124486473755667,2.0174724116824905,1.4326143944657161,1.7309987170391707,1.9907828182935106
EC-Earth-Consortium,EC-Earth3-Veg-LR,r1i1p1f1,gr,historical,1852-09,1852,9,73.35088891424373,250.26833394311345,-31.24792879052801,-292.347122746067,-2.7224751384283525,-15.25082427453421,-17.94912809220041,72.23187531070974,254.64399326285204,-29.49217390513061,-295.7570914889987,-3.0077420278618163,-14.867742559467041,-16.248881407896377,1.1190136035339862,-4.375659319738588,-1.7557548853974012,3.40996874293171,0.2852668894334638,-0.3830817150671688,-1.7002466843040338
EC-Earth-Consortium,EC-Earth3-Veg-LR,r1i1p1f1,gr,historical,1852-10,1852,10,20.385825265239532,218.55901173942948,-8.886247037267184,-261.6925862996464,-4.288335102477435,-16.557119929987362,-52.47945136470938,21.17782998279387,219.68910623165684,-9.062038234793288,-263.59941570919926,-7.415014525185129,-17.082779513843093,-56.292311768570094,-0.7920047175543381,-1.1300944922273573,0.17579119752610417,1.90682940955287,3.126679422707694,0.525659583855731,3.812860403860718
EC-Earth-Consortium,EC-Earth3-Veg-LR,r1i1p1f1,gr,historical,1852-11,1852,11,3.379501569332453,195.74018546586993,-1.1957070548956616,-236.90099538899386,-11.16251855738544,-17.21481076688817,-67.35434473296073,3.573632890038961,193.44910051493784,-1.4677800076550447,-237.86279579461424,-8.81039866871152,-15.933404947758362,-67.05164601376235,-0.19413132070650807,2.2910849509320883,0.27207295275938304,0.9618004056203802,-2.3521198886739203,-1.2814058191298088,-0.302698719198375
EC-Earth-Consortium,EC-Earth3-Veg-LR,r1i1p1f1,gr,historical,1852-12,1852,12,0.8168927568162186,186.01602343302005,-0.39215649909867006,-227.4083695692448,-4.474028934445595,-14.883082625255836,-60.32472143820861,0.8443239133056458,179.53984894273685,-0.40726912356645945,-223.33948846597266,-7.907125970966346,-14.520666974641335,-65.79037767910431,-0.027431156489427178,6.476174490283199,0.015112624467789382,-4.068881103272133,3.433097036520751,-0.3624156506145013,5.465656240895697
EC-Earth-Consortium,EC-Earth3-Veg-LR,r1i1p1f1,gr,historical,1853-01,1853,1,1.8535540782941622,180.36458367092777,-0.9619383594909794,-222.17795515062883,-6.004767640378571,-17.13821048130329,-64.06473388257973,1.9670428406081912,174.6451682692201,-1.1134382139788777,-217.91294889189962,-7.277542063475359,-14.28956539960937,-63.98128345913492,-0.11348876231402905,5.719415401707664,0.15149985448789827,-4.2650062587292155,1.272774423096788,-2.8486450816939204,-0.08345042344480902
EC-Earth-Consortium,EC-Earth3-Veg-LR,r1i1p1f1,gr,historical,1853-02,1853,2,12.45495429025369,171.69178798317608,-7.672385448013763,-215.58512053477304,-6.987414787708093,-15.586853610039931,-61.68503210710505,12.445773582853347,174.25857569933385,-8.050053493794298,-217.59834553205962,-6.931894885320205,-14.11158454395435,-59.98752917294128,0.00918070740034338,-2.566787716157762,0.3776680457805348,2.013224997286585,-0.0555199023878874,-1.4752690660855805,-1.6975029341637722
EC-Earth-Consortium,EC-Earth3-Veg-LR,r1i1p1f1,gr,historical,1853-03,1853,3,57.58187137102571,178.32973736454574,-39.65875709972179,-222.51582750878035,-7.332290890824165,-16.08685991034276,-49.682126674097596,59.86295421939759,178.6380625638465,-42.42060087439643,-224.19115525659498,-5.777500516309919,-12.96961739527065,-46.8578572593279,-2.2810828483718737,-0.30832519930075364,2.761843774674638,1.6753277478146344,-1.554790374514246,-3.1172425150721104,-2.824269414769695
EC-Earth-Consortium,EC-Earth3-Veg-LR,r1i1p1f1,gr,historical,1853-04,1853,4,164.5917832974499,191.47636459547232,-117.28344638265064,-243.27340759260684,-5.720731955488342,-14.541122739300551,-24.750560777124207,165.54918549462982,193.94768773026806,-121.36911048471737,-244.71414659154436,-3.5592308420521506,-11.316720965746057,-21.462335659162093,-0.9574021971799311,-2.471323134795739,4.08566410206673,1.440738998937519,-2.161501113436191,-3.2244017735544936,-3.2882251179621136
EC-Earth-Consortium,EC-Earth3-Veg-LR,r1i1p1f1,gr,historical,1853-05,1853,5,270.8928910020577,224.67271667623388,-192.04055010240793,-276.8924530028846,-1.910856301992064,-11.447469212901538,13.27427905810547,275.6543792863859,224.5590747925627,-196.4506719906339,-277.14177299595417,-1.8042443237938772,-10.700238938634309,14.116525829932366,-4.761488284328209,0.11364188367116412,4.410121888225973,0.24931999306954822,-0.10661197819818669,-0.7472302742672294,-0.8422467718268951
EC-Earth-Consortium,EC-Earth3-Veg-LR,r1i1p1f1,gr,historical,1853-06,1853,6,293.4314009533208,265.86502824865573,-181.98007119122457,-308.22071894197313,-1.9721025308953397,-13.93008676081537,53.19344977706807,296.31824615671405,264.6805788578032,-184.2618748228265,-305.99544242897827,-1.3256800948089977,-11.303420968742303,58.11240669916117,-2.88684520339325,1.184449390852535,2.281803631601946,-2.225276512994867,-0.646422436086342,-2.626665792073066,-4.918956922093102
EC-Earth-Consortium,EC-Earth3-Veg-LR,r1i1p1f1,gr,historical,1853-07,1853,7,231.86070159911355,290.50409808592275,-102.43571250425421,-322.10189203804043,1.8553560842008439,-10.60915840235761,89.07339282458499,225.98526739919413,289.5888849412498,-106.74472434052524,-319.32788691162557,-0.19383547240358012,-10.584539231081097,78.72316638480842,5.875434199919425,0.9152131446729754,4.309011836271026,-2.7740051264148633,2.049191556604424,-0.024619171276512475,10.350226439776563
EC-Earth-Consortium,EC-Earth3-Veg-LR,r1i1p1f1,gr,historical,1853-08,1853,8,149.13800072922166,284.24281427490786,-58.261708669557564,-318.125373997062,-2.2250033174054087,-13.579408801718271,41.1893202183863,143.965143639584,285.514983779784,-56.61969220867284,-317.4160441353086,-0.736401837272086,-11.828037470306784,42.8799517678077,5.1728570896376596,-1.2721695048761603,-1.6420164608847259,-0.7093298617534174,-1.4886014801333227,-1.7513713314114874,-1.690631549421397
EC-Earth-Consortium,EC-Earth3-Veg-LR,r1i1p1f1,gr,historical,1853-09,1853,9,76.2185764546214,250.2784259018048,-31.397785585614926,-294.0627386966638,-3.723229403966919,-17.203696297947968,-19.890447627767433,72.23187531070974,254.64399326285204,-29.49217390513061,-295.7570914889987,-3.0077420278618163,-14.867742559467041,-16.248881407896377,3.9867011439116595,-4.365567361047226,-1.9056116804843164,1.6943527923348825,-0.7154873761051026,-2.335953738480926,-3.6415662198710557
EC-Earth-Consortium,EC-Earth3-Veg-LR,r1i1p1f1,gr,historical,1853-10,1853,10,21.596647985281944,227.19604884227286,-8.229508399173303,-269.19347116162817,-8.26286835274575,-19.985083476118323,-56.87823456211075,21.17782998279387,219.68910623165684,-9.062038234793288,-263.59941570919926,-7.415014525185129,-17.082779513843093,-56.292311768570094,0.41881800248807366,7.506942610616022,0.8325298356199848,-5.594055452428904,-0.8478538275606207,-2.90230396227523,-0.5859227935406537
EC-Earth-Consortium,EC-Earth3-Veg-LR,r1i1p1f1,gr,historical,1853-11,1853,11,3.4220001072745116,203.91314192630986,-1.1081390867489258,-247.73162338734568,-8.506502042717994,-19.47024752380856,-69.48137000703682,3.573632890038961,193.44910051493784,-1.4677800076550447,-237.86279579461424,-8.81039866871152,-15.933404947758362,-67.05164601376235,-0.15163278276444947,10.464041411372023,0.3596409209061189,-9.868827592731435,0.3038966259935254,-3.536842576050198,-2.4297239932744645
EC-Earth-Consortium,EC-Earth3-Veg-LR,r1i1p1f1,gr,historical,1853-12,1853,12,0.8423385913946331,167.8265038836163,-0.34952715840987986,-215.10470746787948,-14.999901631630623,-19.239078648358472,-81.02437243126751,0.8443239133056458,179.53984894273685,-0.40726912356645945,-223.33948846597266,-7.907125970966346,-14.520666974641335,-65.79037767910431,-0.0019853219110127496,-11.713345059120542,0.05774196515657959,8.234780998093186,-7.092775660664277,-4.718411673717137,-15.233994752163198
EC-Earth-Consortium,EC-Earth3-Veg-LR,r1i1p1f1,gr,historical,1854-01,1854,1,1.9864724623920986,169.37670931204906,-1.0577312732798836,-214.33985767229507,-11.163797015952412,-19.01188967862827,-74.21009386571446,1.9670428406081912,174.6451682692201,-1.1134382139788777,-217.91294889189962,-7.277542063475359,-14.28956539960937,-63.98128345913492,0.01942962178390739,-5.268458957171049,0.05570694069899407,3.5730912196045495,-3.886254952477053,-4.722324279018899,-10.228810406579534
EC-Earth-Consortium,EC-Earth3-Veg-LR,r1i1p1f1,gr,historical,1854-02,1854,2,12.002830676423415,182.80814919258026,-7.498115984087785,-222.8739254038652,-5.1994201077961195,-14.685673848036958,-55.446155474782366,12.445773582853347,174.25857569933385,-8.050053493794298,-217.59834553205962,-6.931894885320205,-14.11158454395435,-59.98752917294128,-0.4429429064299324,8.549573493246413,0.5519375097065131,-5.275579871805576,1.7324747775240859,-0.5740893040826069,4.541373698158914
EC-Earth-Consortium,EC-Earth3-Veg-LR,r1i1p1f1,gr,historical,1854-03,1854,3,58.705818108434876,178.2409070217054,-40.87881901808515,-223.02612524636237,-9.57371753269276,-16.768878262563284,-53.3008149295633,59.86295421939759,178.6380625638465,-42.42060087439643,-224.19115525659498,-5.777500516309919,-12.96961739527065,-46.8578572593279,-1.1571361109627105,-0.3971555421410926,1.5417818563112746,1.1650300102326128,-3.7962170163828404,-3.7992608672926345,-6.442957670235401
EC-Earth-Consortium,EC-Earth3-Veg-LR,r1i1p1f1,gr,historical,1854-04,1854,4,162.78692288761772,193.9440654468245,-119.48063129707172,-242.43902998618086,-2.4487694503739545,-11.176379673463114,-18.813822072647405,165.54918549462982,193.94768773026806,-121.36911048471737,-244.71414659154436,-3.5592308420521506,-11.316720965746057,-21.462335659162093,-2.7622626070121044,-0.003622283443547758,1.8884791876456433,2.2751166053635075,1.110461391678196,0.1403412922829439,2.6485135865146887
EC-Earth-Consortium,EC-Earth3-Veg-LR,r1i1p1f1,gr,historical,1854-05,1854,5,269.76779110439503,228.02043376655652,-193.67680775286786,-277.78954861083264,-1.7495810635914353,-11.027352836239618,13.544934607420057,275.6543792863859,224.5590747925627,-196.4506719906339,-277.14177299595417,-1.8042443237938772,-10.700238938634309,14.116525829932366,-5.886588181990874,3.4613589739938107,2.7738642377660483,-0.6477756148784692,0.05466326020244194,-0.32711389760530984,-0.5715912225123088
EC-Earth-Consortium,EC-Earth3-Veg-LR,r1i1p1f1,gr,historical,1854-06,1854,6,297.2522213050995,264.6715144221617,-185.5764386955627,-306.87832422257844,-1.5585028083303953,-12.025910260239595,55.88455974054999,296.31824615671405,264.6805788578032,-184.2618748228265,-305.99544242897827,-1.3256800948089977,-11.303420968742303,58.11240669916117,0.933975148385457,-0.009064435641505497,-1.314563872736187,-0.8828817936001769,-0.2328227135213976,-0.7224892914972916,-2.227846958611181
EC-Earth-Consortium,EC-Earth3-Veg-LR,r1i1p1f1,gr,historical,1854-07,1854,7,226.23655685043735,293.6962953991537,-107.12004439264462,-321.91868211488634,0.43834459375007706,-9.992244389420087,81.34022594639009,225.98526739919413,289.5888849412498,-106.74472434052524,-319.32788691162557,-0.19383547240358012,-10.584539231081097,78.72316638480842,0.251289451243224,4.1074104579039385,-0.3753200521193776,-2.590795203260768,0.6321800661536572,0.5922948416610101,2.6170595615816694
EC-Earth-Consortium,EC-Earth3-Veg-LR,r1i1p1f1,gr,historical,1854-08,1854,8,145.95041644213552,288.9754384146849,-53.939061313750926,-321.34065854806954,-1.337148776321616,-12.726510199077985,45.58247601960035,143.965143639584,285.514983779784,-56.61969220867284,-317.4160441353086,-0.736401837272086,-11.828037470306784,42.8799517678077,1.9852728025515205,3.4604546349008842,2.6806308949219115,-3.9246144127609455,-0.6007469390495301,-0.8984727287712015,2.702524251792653
EC-Earth-Consortium,EC-Earth3-Veg-LR,r1i1p1f1,gr,historical,1854-09,1854,9,73.83468875295135,254.752199461363,-29.476255596471255,-297.23118229750196,-6.642142745170289,-20.834012910028143,-25.596705334857326,72.23187531070974,254.64399326285204,-29.49217390513061,-295.7570914889987,-3.0077420278618163,-14.867742559467041,-16.248881407896377,1.6028134422416116,0.10820619851097035,0.015918308659355063,-1.474090808503263,-3.6344007173084725,-5.966270350561102,-9.347823926960949
EC-Earth-Consortium,EC-Earth3-Veg-LR,r1i1p1f1,gr,historical,1854-10,1854,10,20.75864461674877,222.97288116406455,-8.862636081333676,-265.3942516141689,-7.394417064968935,-18.766292637414733,-56.686071617072955,21.17782998279387,219.68910623165684,-9.062038234793288,-263.59941570919926,-7.415014525185129,-17.082779513843093,-56.292311768570094,-0.4191853660450988,3.2837749324077095,0.1994021534596122,-1.7948359049696592,0.020597460216194463,-1.6835131235716396,-0.39375984850286017
EC-Earth-Consortium,EC-Earth3-Veg-LR,r1i1p1f1,gr,historical,1854-11,1854,11,3.3750763409745765,185.15422779649933,-1.1527293639208744,-233.5493261460973,-16.623468097630308,-23.998669361841575,-86.79488883201616,3.573632890038961,193.44910051493784,-1.4677800076550447,-237.86279579461424,-8.81039866871152,-15.933404947758362,-67.05164601376235,-0.19855654906438458,-8.294872718438512,0.31505064373417024,4.313469648516957,-7.813069428918789,-8.065264414083213,-19.743242818253805
EC-Earth-Consortium,EC-Earth3-Veg-LR,r1i1p1f1,gr,historical,1854-12,1854,12,0.8563822289371221,174.55607246284282,-0.36861066710867163,-220.8055639656998,-13.196719325093634,-18.15410193628756,-77.11254120240972,0.8443239133056458,179.53984894273685,-0.40726912356645945,-223.33948846597266,-7.907125970966346,-14.520666974641335,-65.79037767910431,0.012058315631476302,-4.983776479894033,0.038658456457787815,2.5339245002728603,-5.2895933541272875,-3.633434961646225,-11.322163523305406
EC-Earth-Consortium,EC-Earth3-Veg-LR,r1i1p1f1,gr,historical,1855-01,1855,1,1.9576042519909713,177.25706876344285,-1.1115321002093705,-221.4855549242797,-7.847184451021285,-16.148530792031476,-67.37812925210801,1.9670428406081912,174.6451682692201,-1.1134382139788777,-217.91294889189962,-7.277542063475359,-14.28956539960937,-63.98128345913492,-0.009438588617219912,2.6119004942227377,0.0019061137695071118,-3.5726060323800937,-0.569642387545926,-1.8589653924221068,-3.396845792973089
EC-Earth-Consortium,EC-Earth3-Veg-LR,r1i1p1f1,gr,historical,1855-02,1855,2,12.211150119545435,171.14455168537918,-7.844129898545787,-216.63080044637277,-13.22014928399549,-19.859687467045752,-74.19906529103518,12.445773582853347,174.25857569933385,-8.050053493794298,-217.59834553205962,-6.931894885320205,-14.11158454395435,-59.98752917294128,-0.23462346330791206,-3.114024013954662,0.20592359524851123,0.9675450856868508,-6.288254398675284,-5.748102923091402,-14.211536118093903
EC-Earth-Consortium,EC-Earth3-Veg-LR,r1i1p1f1,gr,historical,1855-03,1855,3,59.088515438537556,184.58783393246395,-41.030542770275,-230.92666050690573,-3.7841895509259644,-14.118009109357201,-46.1830525664624,59.86295421939759,178.6380625638465,-42.42060087439643,-224.19115525659498,-5.777500516309919,-12.96961739527065,-46.8578572593279,-0.7744387808600308,5.949771368617462,1.3900581041214295,-6.7355052503107515,1.9933109653839547,-1.1483917140865518,0.6748046928655
EC-Earth-Consortium,EC-Earth3-Veg-LR,r1i1p1f1,gr,historical,1855-04,1855,4,164.442657697472,194.27366989463724,-120.12772884658166,-244.85456038922365,-0.7513851744858842,-9.702716518589257,-16.720063336771215,165.54918549462982,193.94768773026806,-121.36911048471737,-244.71414659154436,-3.5592308420521506,-11.316720965746057,-21.462335659162093,-1.1065277971578382,0.3259821643691794,1.2413816381357066,-0.14041379767928674,2.8078456675662666,1.6140044471568,4.742272322390878
EC-Earth-Consortium,EC-Earth3-Veg-LR,r1i1p1f1,gr,historical,1855-05,1855,5,268.1017409931437,230.81572087796496,-190.20830051558994,-279.9362946698496,-1.2000593752104003,-10.124096063732106,17.448711246726653,275.6543792863859,224.5590747925627,-196.4506719906339,-277.14177299595417,-1.8042443237938772,-10.700238938634309,14.116525829932366,-7.5526382932421825,6.256646085402252,6.242371475043967,-2.7945216738954173,0.6041849485834769,0.5761428749022031,3.332185416794287
EC-Earth-Consortium,EC-Earth3-Veg-LR,r1i1p1f1,gr,historical,1855-06,1855,6,296.06019817740247,268.44698418359894,-180.20317011853942,-309.39665209166736,-1.5538582775564607,-12.13216358380338,61.221338289434826,296.31824615671405,264.6805788578032,-184.2618748228265,-305.99544242897827,-1.3256800948089977,-11.303420968742303,58.11240669916117,-0.2580479793115842,3.766405325795745,4.058704704287095,-3.401209662689098,-0.22817818274746293,-0.8287426150610759,3.108931590273656
EC-Earth-Consortium,EC-Earth3-Veg-LR,r1i1p1f1,gr,historical,1855-07,1855,7,232.18719165712542,290.85492524531276,-104.81747514497899,-322.06091808328614,-1.2850721181390619,-12.031636196152206,82.84701535988187,225.98526739919413,289.5888849412498,-106.74472434052524,-319.32788691162557,-0.19383547240358012,-10.584539231081097,78.72316638480842,6.201924257931296,1.266040304062983,1.9272491955462527,-2.7330311716605706,-1.0912366457354818,-1.4470969650711094,4.123848975073443
EC-Earth-Consortium,EC-Earth3-Veg-LR,r1i1p1f1,gr,historical,1855-08,1855,8,142.46392943909564,290.8353125514795,-51.64282535443277,-321.48843214990916,-0.18962563294653254,-11.477613716460725,48.50074513682594,143.965143639584,285.514983779784,-56.61969220867284,-317.4160441353086,-0.736401837272086,-11.828037470306784,42.8799517678077,-1.5012142004883628,5.320328771695472,4.976866854240065,-4.072388014600563,0.5467762043255534,0.3504237538460586,5.620793369018244
EC-Earth-Consortium,EC-Earth3-Veg-LR,r1i1p1f1,gr,historical,1855-09,1855,9,72.18376968176266,256.86977270266186,-29.571161156769882,-297.28591766329,-5.207258327722611,-17.397214451086946,-20.40800921444491,72.23187531070974,254.64399326285204,-29.49217390513061,-295.7570914889987,-3.0077420278618163,-14.867742559467041,-16.248881407896377,-0.048105628947084256,2.225779439809827,-0.07898725163927267,-1.5288261742912823,-2.199516299860795,-2.529471891619904,-4.159127806548533
EC-Earth-Consortium,EC-Earth3-Veg-LR,r1i1p1f1,gr,historical,1855-10,1855,10,20.990741582497062,224.0063373802974,-8.204236633314574,-266.13583782707803,-7.300653465820535,-16.7388198298073,-53.38246879322597,21.17782998279387,219.68910623165684,-9.062038234793288,-263.59941570919926,-7.415014525185129,-17.082779513843093,-56.292311768570094,-0.1870884002968083,4.317231148640559,0.8578016014787142,-2.5364221178787716,0.11436105936459473,0.34395968403579147,2.9098429753441266
EC-Earth-Consortium,EC-Earth3-Veg-LR,r1i1p1f1,gr,historical,1855-11,1855,11,3.592347871669548,192.0092537347219,-1.135962589062293,-237.917601586623,-9.93797818348931,-17.70389993668616,-71.0938406894693,3.573632890038961,193.44910051493784,-1.4677800076550447,-237.86279579461424,-8.81039866871152,-15.933404947758362,-67.05164601376235,0.018714981630586713,-1.4398467802159303,0.3318174185927516,-0.05480579200875013,-1.127579514777791,-1.7704949889277977,-4.042194675706952
EC-Earth-Consortium,EC-Earth3-Veg-LR,r1i1p1f1,gr,historical,1855-12,1855,12,0.8139701841492787,185.1043757737878,-0.3661026343412945,-229.423346793924,-5.084787105696724,-17.10238748838397,-66.05827806440892,0.8443239133056458,179.53984894273685,-0.40726912356645945,-223.33948846597266,-7.907125970966346,-14.520666974641335,-65.79037767910431,-0.030353729156367137,5.564526831050955,0.04116648922516497,-6.083858327951333,2.8223388652696224,-2.5817205137426367,-0.267900385304614
EC-Earth-Consortium,EC-Earth3-Veg-LR,r1i1p1f1,gr,historical,1856-01,1856,1,1.8802546426225555,179.84690602050932,-0.9654113637234606,-222.61819063221722,-6.568951599180013,-16.561116850697427,-64.98650978268624,1.9670428406081912,174.6451682692201,-1.1134382139788777,-217.91294889189962,-7.277542063475359,-14.28956539960937,-63.98128345913492,-0.08678819798563575,5.201737751289215,0.14802685025541706,-4.705241740317604,0.7085904642953453,-2.271551451088058,-1.0052263235513195
EC-Earth-Consortium,EC-Earth3-Veg-LR,r1i1p1f1,gr,historical,1856-02,1856,2,12.352730858984383,171.86580578354292,-7.697494602909737,-216.92352811632568,-12.725831754805343,-18.72155892053538,-71.84987675204883,12.445773582853347,174.25857569933385,-8.050053493794298,-217.59834553205962,-6.931894885320205,-14.11158454395435,-59.98752917294128,-0.0930427238689635,-2.3927699157909217,0.35255889088456094,0.6748174157339406,-5.793936869485138,-4.609974376581029,-11.86234757910755
EC-Earth-Consortium,EC-Earth3-Veg-LR,r1i1p1f1,gr,historical,1856-03,1856,3,60.85796287336285,187.34709400894894,-42.08579193173051,-234.9068857579049,-8.28444324988233,-18.212576856336526,-55.28464091354246,59.86295421939759,178.6380625638465,-42.42060087439643,-224.19115525659498,-5.777500516309919,-12.96961739527065,-46.8578572593279,0.9950086539652645,8.709031445102454,0.33480894266591577,-10.715730501309906,-2.5069427335724104,-5.242959461065876,-8.42678365421456
EC-Earth-Consortium,EC-Earth3-Veg-LR,r1i1p1f1,gr,historical,1856-04,1856,4,168.63231377079694,197.0817440373403,-120.93344631105907,-248.1646398979518,-5.555877032075439,-13.17265918168951,-22.112564614638583,165.54918549462982,193.94768773026806,-121.36911048471737,-244.71414659154436,-3.5592308420521506,-11.316720965746057,-21.462335659162093,3.083128276167116,3.1340563070722283,0.4356641736582958,-3.4504933064074237,-1.9966461900232884,-1.8559382159434534,-0.6502289554764893
EC-Earth-Consortium,EC-Earth3-Veg-LR,r1i1p1f1,gr,historical,1856-05,1856,5,271.20254504704343,229.66861175775074,-192.9903528928318,-280.60738244587304,-0.6931637607464686,-10.85870229491243,15.721555410430462,275.6543792863859,224.5590747925627,-196.4506719906339,-277.14177299595417,-1.8042443237938772,-10.700238938634309,14.116525829932366,-4.451834239342475,5.109536965188028,3.460319097802113,-3.4656094499188725,1.1110805630474085,-0.15846335627812103,1.6050295804980959
EC-Earth-Consortium,EC-Earth3-Veg-LR,r1i1p1f1,gr,historical,1856-06,1856,6,296.3194194646095,263.37579675459983,-183.6425701343047,-305.0593214717706,0.5181523315219864,-8.760365658201986,62.75111128645401,296.31824615671405,264.6805788578032,-184.2618748228265,-305.99544242897827,-1.3256800948089977,-11.303420968742303,58.11240669916117,0.0011733078954421217,-1.3047821032033653,0.6193046885218223,0.9361209572076632,1.8438324263309842,2.5430553105403177,4.6387045872928425
EC-Earth-Consortium,EC-Earth3-Veg-LR,r1i1p1f1,gr,historical,1856-07,1856,7,230.9313537044105,289.7583721824162,-107.59477997262228,-321.32203362987923,-1.4021125064400586,-12.207131530183522,78.16366824770165,225.98526739919413,289.5888849412498,-106.74472434052524,-319.32788691162557,-0.19383547240358012,-10.584539231081097,78.72316638480842,4.946086305216369,0.16948724116645053,-0.8500556320970389,-1.9941467182536599,-1.2082770340364783,-1.6225922991024255,-0.5594981371067718
EC-Earth-Consortium,EC-Earth3-Veg-LR,r1i1p1f1,gr,historical,1856-08,1856,8,141.26985379351993,291.95181524536144,-52.2311033397475,-321.18381144396164,-0.3381665653756216,-11.743554649640025,47.725033040156575,143.965143639584,285.514983779784,-56.61969220867284,-317.4160441353086,-0.736401837272086,-11.828037470306784,42.8799517678077,-2.695289846064071,6.436831465577427,4.388588868925339,-3.767767308653049,0.39823527189646435,0.08448282066675894,4.845081272348878
EC-Earth-Consortium,EC-Earth3-Veg-LR,r1i1p1f1,gr,historical,1856-09,1856,9,68.8788043896066,261.31426262697204,-26.766979340730153,-299.78611513470355,-2.533336955452642,-15.156182113368667,-14.049546527676338,72.23187531070974,254.64399326285204,-29.49217390513061,-295.7570914889987,-3.0077420278618163,-14.867742559467041,-16.248881407896377,-3.3530709211031393,6.670269364120003,2.725194564400457,-4.029023645704854,0.4744050724091742,-0.28843955390162535,2.1993348802200394
EC-Earth-Consortium,EC-Earth3-Veg-LR,r1i1p1f1,gr,historical,1856-10,1856,10,20.4232459068705,220.87238555865306,-8.117890357734257,-263.7843772934497,-7.152014187616531,-17.756980597572767,-55.51563097084971,21.17782998279387,219.68910623165684,-9.062038234793288,-263.59941570919926,-7.415014525185129,-17.082779513843093,-56.292311768570094,-0.754584075923372,1.183279326996228,0.9441478770590308,-0.18496158425045905,0.26300033756859875,-0.6742010837296739,0.7766807977203811
EC-Earth-Consortium,EC-Earth3-Veg-LR,r1i1p1f1,gr,historical,1856-11,1856,11,3.2605985614315682,192.33713287421844,-1.2159304785824143,-236.33090194856715,-12.148268342478904,-19.202832131153567,-73.300201465132,3.573632890038961,193.44910051493784,-1.4677800076550447,-237.86279579461424,-8.81039866871152,-15.933404947758362,-67.05164601376235,-0.3130343286073929,-1.1119676407193992,0.25184952907263036,1.5318938460470974,-3.3378696737673845,-3.269427183395205,-6.248555451369654
EC-Earth-Consortium,EC-Earth3-Veg-LR,r1i1p1f1,gr,historical,1856-12,1856,12,0.7886464889657558,184.57104129048196,-0.3803176501031349,-227.02639031584144,-2.2869473334649193,-11.817471098548182,-56.15143861850997,0.8443239133056458,179.53984894273685,-0.40726912356645945,-223.33948846597266,-7.907125970966346,-14.520666974641335,-65.79037767910431,-0.05567742433988998,5.031192347745105,0.02695147346332455,-3.686901849868775,5.620178637501427,2.7031958760931527,9.638939060594339
EC-Earth-Consortium,EC-Earth3-Veg-LR,r1i1p1f1,gr,historical,1857-01,1857,1,1.931544573214871,164.7084561383346,-1.0752375188498293,-207.54376394950182,-6.284961389863558,-12.251191334138431,-60.51515348080417,1.9670428406081912,174.6451682692201,-1.1134382139788777,-217.91294889189962,-7.277542063475359,-14.28956539960937,-63.98128345913492,-0.03549826739332018,-9.936712130885496,0.038200695129048334,10.369184942397794,0.9925806736118004,2.038374065470938,3.4661299783307484
EC-Earth-Consortium,EC-Earth3-Veg-LR,r1i1p1f1,gr,historical,1857-02,1857,2,12.348291111684768,174.35154185406859,-7.789362997461729,-217.77914368273903,-8.53721692676114,-16.64954644007729,-64.05543708128583,12.445773582853347,174.25857569933385,-8.050053493794298,-217.59834553205962,-6.931894885320205,-14.11158454395435,-59.98752917294128,-0.09748247116857911,0.09296615473473935,0.26069049633256913,-0.18079815067940785,-1.6053220414409344,-2.5379618961229404,-4.0679079083445515
EC-Earth-Consortium,EC-Earth3-Veg-LR,r1i1p1f1,gr,historical,1857-03,1857,3,59.31724544501481,176.06652539637477,-41.91710949623464,-223.1138647032052,-4.891452999346197,-13.486514942431675,-48.02517129982814,59.86295421939759,178.6380625638465,-42.42060087439643,-224.19115525659498,-5.777500516309919,-12.96961739527065,-46.8578572593279,-0.5457087743827742,-2.5715371674717176,0.5034913781617902,1.077290553389787,0.8860475169637221,-0.516897547161026,-1.1673140405002371
EC-Earth-Consortium,EC-Earth3-Veg-LR,r1i1p1f1,gr,historical,1857-04,1857,4,163.7032273771169,194.6197087027711,-119.86794730947032,-243.80879166223102,-4.9341403197402,-11.940439301946624,-22.228382513500154,165.54918549462982,193.94768773026806,-121.36911048471737,-244.71414659154436,-3.5592308420521506,-11.316720965746057,-21.462335659162093,-1.8459581175129358,0.6720209725030486,1.5011631752470436,0.9053549293133472,-1.3749094776880493,-0.6237183362005663,-0.766046854338061
EC-Earth-Consortium,EC-Earth3-Veg-LR,r1i1p1f1,gr,historical,1857-05,1857,5,269.3844523695858,229.77323484760043,-191.35719600737144,-280.6929896864513,-2.700781351607349,-12.262650707434743,12.14406946432136,275.6543792863859,224.5590747925627,-196.4506719906339,-277.14177299595417,-1.8042443237938772,-10.700238938634309,14.116525829932366,-6.269926916800102,5.214160055037723,5.093475983262465,-3.5512166904971423,-0.8965370278134719,-1.562411768800434,-1.9724563656110057
EC-Earth-Consortium,EC-Earth3-Veg-LR,r1i1p1f1,gr,historical,1857-06,1857,6,293.54162933504847,268.4745056349538,-176.94033222946575,-309.4619418685712,-1.2521812163388724,-12.81520490946985,61.54647474615653,296.31824615671405,264.6805788578032,-184.2618748228265,-305.99544242897827,-1.3256800948089977,-11.303420968742303,58.11240669916117,-2.776616821665584,3.7939267771506024,7.3215425933607605,-3.466499439592951,0.07349887847012537,-1.5117839407275468,3.434068046995357
EC-Earth-Consortium,EC-Earth3-Veg-LR,r1i1p1f1,gr,historical,1857-07,1857,7,235.05857916139678,287.8835666831844,-115.16371809639602,-319.5275750204876,-1.179261166288643,-11.126609022328308,75.94498253908068,225.98526739919413,289.5888849412498,-106.74472434052524,-319.32788691162557,-0.19383547240358012,-10.584539231081097,78.72316638480842,9.07331176220265,-1.705318258065347,-8.418993755870787,-0.19968810886200572,-0.9854256938850628,-0.5420697912472114,-2.778183845727739
EC-Earth-Consortium,EC-Earth3-Veg-LR,r1i1p1f1,gr,historical,1857-08,1857,8,150.9733194446959,284.4504780160447,-59.35611603121144,-317.9099850341686,-0.7802683898577241,-12.118196779730962,45.259231225771885,143.965143639584,285.514983779784,-56.61969220867284,-317.4160441353086,-0.736401837272086,-11.828037470306784,42.8799517678077,7.008175805111904,-1.0645057637393052,-2.7364238225386046,-0.4939408988599894,-0.0438665525856381,-0.2901593094241779,2.379279457964188
EC-Earth-Consortium,EC-Earth3-Veg-LR,r1i1p1f1,gr,historical,1857-09,1857,9,73.87553754081453,256.0283208683713,-28.693548934446824,-297.8883874044171,-3.537517210525196,-16.933753261893607,-17.14934840209687,72.23187531070974,254.64399326285204,-29.49217390513061,-295.7570914889987,-3.0077420278618163,-14.867742559467041,-16.248881407896377,1.6436622301047947,1.3843276055192462,0.798624970683786,-2.1312959154183773,-0.5297751826633799,-2.0660107024265653,-0.9004669942004924
EC-Earth-Consortium,EC-Earth3-Veg-LR,r1i1p1f1,gr,historical,1857-10,1857,10,21.324876244785564,223.5923748395588,-8.39614044467236,-266.7313196384536,-8.587606196917731,-17.78289570236989,-56.58071089806923,21.17782998279387,219.68910623165684,-9.062038234793288,-263.59941570919926,-7.415014525185129,-17.082779513843093,-56.292311768570094,0.14704626199169368,3.903268607901964,0.665897790120928,-3.1319039292543494,-1.1725916717326017,-0.7001161885267955,-0.28839912949913327
EC-Earth-Consortium,EC-Earth3-Veg-LR,r1i1p1f1,gr,historical,1857-11,1857,11,3.599200256577938,192.09825363812442,-1.4119087526824874,-237.30788145930848,-10.082516126611045,-17.63447258551741,-70.73932502941705,3.573632890038961,193.44910051493784,-1.4677800076550447,-237.86279579461424,-8.81039866871152,-15.933404947758362,-67.05164601376235,0.025567366538977065,-1.3508468768134207,0.055871254972557294,0.5549143353057673,-1.272117457899526,-1.7010676377590492,-3.6876790156546946
EC-Earth-Consortium,EC-Earth3-Veg-LR,r1i1p1f1,gr,historical,1857-12,1857,12,0.8236157221785139,178.65528050376142,-0.36224488344933914,-223.55914654502027,-8.89377021601128,-16.862305881014596,-70.19857129955554,0.8443239133056458,179.53984894273685,-0.40726912356645945,-223.33948846597266,-7.907125970966346,-14.520666974641335,-65.79037767910431,-0.02070819112713196,-0.8845684389754354,0.04502424011712031,-0.21965807904760482,-0.9866442450449338,-2.3416389063732606,-4.408193620451229
EC-Earth-Consortium,EC-Earth3-Veg-LR,r1i1p1f1,gr,historical,1858-01,1858,1,1.89976187471106,172.94784873416106,-1.0120886902969106,-215.58205081203616,-9.2463641967643,-14.282393009542462,-65.27528609976771,1.9670428406081912,174.6451682692201,-1.1134382139788777,-217.91294889189962,-7.277542063475359,-14.28956539960937,-63.98128345913492,-0.06728096589713117,-1.6973195350590515,0.10134952368196704,2.3308980798634593,-1.968822133288942,0.007172390066907397,-1.2940026406327902
EC-Earth-Consortium,EC-Earth3-Veg-LR,r1i1p1f1,gr,historical,1858-02,1858,2,12.417864635752172,175.64009833768986,-7.643953628452028,-221.30930226743268,-5.6616041162812465,-15.642606888648638,-62.19950392737256,12.445773582853347,174.25857569933385,-8.050053493794298,-217.59834553205962,-6.931894885320205,-14.11158454395435,-59.98752917294128,-0.02790894710117442,1.3815226383560173,0.40609986534227005,-3.7109567353730597,1.2702907690389589,-1.5310223446942874,-2.2119747544312816
EC-Earth-Consortium,EC-Earth3-Veg-LR,r1i1p1f1,gr,historical,1858-03,1858,3,59.03450192849471,172.6843078225237,-41.36834367382543,-218.91306739502198,-11.661433048026607,-16.048209099316292,-56.27224346517191,59.86295421939759,178.6380625638465,-42.42060087439643,-224.19115525659498,-5.777500516309919,-12.96961739527065,-46.8578572593279,-0.8284522909028738,-5.953754741322797,1.052257200570999,5.278087861572999,-5.883932531716688,-3.0785917040456425,-9.41438620584401
EC-Earth-Consortium,EC-Earth3-Veg-LR,r1i1p1f1,gr,historical,1858-04,1858,4,160.46689865279143,199.3354152977165,-116.48144319061392,-248.41911171934188,-5.973376109494523,-13.877456658684931,-24.949073727627304,165.54918549462982,193.94768773026806,-121.36911048471737,-244.71414659154436,-3.5592308420521506,-11.316720965746057,-21.462335659162093,-5.082286841838396,5.387727567448451,4.887667294103451,-3.7049651277975215,-2.4141452674423722,-2.5607356929388736,-3.486738068465211
EC-Earth-Consortium,EC-Earth3-Veg-LR,r1i1p1f1,gr,historical,1858-05,1858,5,274.6452249963409,224.85933334061053,-194.09016004782808,-278.46700645667244,-1.1087098057472313,-10.070640773740227,15.768041252963474,275.6543792863859,224.5590747925627,-196.4506719906339,-277.14177299595417,-1.8042443237938772,-10.700238938634309,14.116525829932366,-1.0091542900449895,0.3002585480478217,2.3605119428058288,-1.325233460718266,0.6955345180466459,0.629598164894082,1.6515154230311087
EC-Earth-Consortium,EC-Earth3-Veg-LR,r1i1p1f1,gr,historical,1858-06,1858,6,301.25717159937636,262.0130442869361,-191.006408991166,-305.0131211488169,-3.0438196473312162,-12.394966437296068,51.81189966170228,296.31824615671405,264.6805788578032,-184.2618748228265,-305.99544242897827,-1.3256800948089977,-11.303420968742303,58.11240669916117,4.93892544266231,-2.667534570867076,-6.744534168339499,0.9823212801613863,-1.7181395525222185,-1.0915454685537647,-6.3005070374588925
EC-Earth-Consortium,EC-Earth3-Veg-LR,r1i1p1f1,gr,historical,1858-07,1858,7,222.72789262183267,294.4918487655461,-104.8580829337371,-321.5355201022802,0.28977161954138114,-10.119893912891817,80.99601605801098,225.98526739919413,289.5888849412498,-106.74472434052524,-319.32788691162557,-0.19383547240358012,-10.584539231081097,78.72316638480842,-3.2573747773614627,4.902963824296307,1.8866414067881436,-2.207633190654633,0.48360709194496126,0.46464531818928023,2.2728496732025576
EC-Earth-Consortium,EC-Earth3-Veg-LR,r1i1p1f1,gr,historical,1858-08,1858,8,143.97045082643106,292.1920445694168,-52.64314614452478,-321.5961639783056,-0.42316164698746633,-11.295712971787314,50.204310654242676,143.965143639584,285.514983779784,-56.61969220867284,-317.4160441353086,-0.736401837272086,-11.828037470306784,42.8799517678077,0.0053071868470624395,6.677060789632776,3.97654606414806,-4.180119842996987,0.31324019028461964,0.5323244985194702,7.324358886434979
EC-Earth-Consortium,EC-Earth3-Veg-LR,r1i1p1f1,gr,historical,1858-09,1858,9,71.7784475207087,262.57708352313733,-27.92426302944606,-300.63242218210036,-3.1175006837462296,-14.438155228237584,-11.756810079684207,72.23187531070974,254.64399326285204,-29.49217390513061,-295.7570914889987,-3.0077420278618163,-14.867742559467041,-16.248881407896377,-0.4534277900010437,7.933090260285297,1.5679108756845501,-4.87533069310166,-0.10975865588441325,0.4295873312294578,4.49207132821217
EC-Earth-Consortium,EC-Earth3-Veg-LR,r1i1p1f1,gr,historical,1858-10,1858,10,21.639591991212672,218.17400967798153,-8.801447408763993,-265.09705320305653,-9.216153917567663,-19.46186707472147,-62.76291993491546,21.17782998279387,219.68910623165684,-9.062038234793288,-263.59941570919926,-7.415014525185129,-17.082779513843093,-56.292311768570094,0.4617620084188019,-1.5150965536753063,0.2605908260292953,-1.497637493857269,-1.8011393923825336,-2.3790875608783786,-6.4706081663453645
EC-Earth-Consortium,EC-Earth3-Veg-LR,r1i1p1f1,gr,historical,1858-11,1858,11,3.617774072781979,196.31499940171452,-1.4290243883880926,-241.70900266803983,-9.504873968752987,-17.754843527170905,-70.46497107785532,3.573632890038961,193.44910051493784,-1.4677800076550447,-237.86279579461424,-8.81039866871152,-15.933404947758362,-67.05164601376235,0.044141182743017815,2.8658988867766766,0.038755619266952035,-3.8462068734255865,-0.6944753000414678,-1.8214385794125434,-3.413325064092973
EC-Earth-Consortium,EC-Earth3-Veg-LR,r1i1p1f1,gr,historical,1858-12,1858,12,0.8226440326762618,182.57194691542,-0.38387229641676057,-226.07296100192426,-13.654531841568863,-18.038768384153528,-74.75554257596716,0.8443239133056458,179.53984894273685,-0.40726912356645945,-223.33948846597266,-7.907125970966346,-14.520666974641335,-65.79037767910431,-0.021679880629383974,3.0320979726831467,0.023396827149698873,-2.7334725359515915,-5.747405870602517,-3.5181014095121927,-8.965164896862845
EC-Earth-Consortium,EC-Earth3-Veg-LR,r1i1p1f1,gr,historical,1859-01,1859,1,1.9425900667633105,173.33693542605943,-1.0419381395534062,-220.50400981947288,-3.1494077529953017,-15.693891854902855,-65.10972207410171,1.9670428406081912,174.6451682692201,-1.1134382139788777,-217.91294889189962,-7.277542063475359,-14.28956539960937,-63.98128345913492,-0.02445277384488076,-1.3082328431606811,0.07150007442547146,-2.591060927573267,4.128134310480057,-1.4043264552934858,-1.1284386149667895
EC-Earth-Consortium,EC-Earth3-Veg-LR,r1i1p1f1,gr,historical,1859-02,1859,2,11.922379761523695,167.29679935923107,-7.325493375681995,-211.70593045450863,-10.280136967614332,-16.403412800244798,-66.49579447729498,12.445773582853347,174.25857569933385,-8.050053493794298,-217.59834553205962,-6.931894885320205,-14.11158454395435,-59.98752917294128,-0.5233938213296518,-6.961776340102773,0.7245601181123034,5.892415077550993,-3.348242082294127,-2.2918282562904473,-6.508265304353699
EC-Earth-Consortium,EC-Earth3-Veg-LR,r1i1p1f1,gr,historical,1859-03,1859,3,59.5734436779106,175.15759593026667,-41.27197058452202,-222.37121224285937,-10.115976790415981,-16.02927724440114,-55.057397254021254,59.86295421939759,178.6380625638465,-42.42060087439643,-224.19115525659498,-5.777500516309919,-12.96961739527065,-46.8578572593279,-0.2895105414869832,-3.480466633579823,1.1486302898744043,1.8199430137356103,-4.338476274106062,-3.0596598491304903,-8.199539994693353
EC-Earth-Consortium,EC-Earth3-Veg-LR,r1i1p1f1,gr,historical,1859-04,1859,4,160.79429441962088,201.2155486006936,-115.80528176575044,-250.0068826313069,-4.759740395925706,-11.876690110122276,-20.438751882790793,165.54918549462982,193.94768773026806,-121.36911048471737,-244.71414659154436,-3.5592308420521506,-11.316720965746057,-21.462335659162093,-4.754891075008942,7.267860870425551,5.563828718966931,-5.292736039762531,-1.2005095538735557,-0.5599691443762183,1.0235837763713
EC-Earth-Consortium,EC-Earth3-Veg-LR,r1i1p1f1,gr,historical,1859-05,1859,5,277.90103272813474,220.79841874688347,-194.30833469481047,-277.7982362416133,-3.1622006037388704,-13.146337424197041,10.284342510658531,275.6543792863859,224.5590747925627,-196.4506719906339,-277.14177299595417,-1.8042443237938772,-10.700238938634309,14.116525829932366,2.2466534417488333,-3.760656045679241,2.142337295823438,-0.6564632456591539,-1.3579562799449931,-2.4460984855627323,-3.8321833192738346
EC-Earth-Consortium,EC-Earth3-Veg-LR,r1i1p1f1,gr,historical,1859-06,1859,6,299.3022893488004,265.202619423156,-183.02253646933983,-307.61294850347906,-3.034566165172932,-12.558499877721248,58.27635775624344,296.31824615671405,264.6805788578032,-184.2618748228265,-305.99544242897827,-1.3256800948089977,-11.303420968742303,58.11240669916117,2.9840431920863466,0.5220405653528246,1.239338353486687,-1.6175060745007954,-1.7088860703639344,-1.2550789089789447,0.1639510570822722
EC-Earth-Consortium,EC-Earth3-Veg-LR,r1i1p1f1,gr,historical,1859-07,1859,7,227.08064718898052,292.30809149335323,-103.98275152669292,-321.82807265209493,0.000903549315907863,-9.998376711469419,83.58044134139234,225.98526739919413,289.5888849412498,-106.74472434052524,-319.32788691162557,-0.19383547240358012,-10.584539231081097,78.72316638480842,1.0953797897863922,2.719206552103458,2.7619728138323154,-2.5001857404693624,0.19473902171948798,0.586162519611678,4.857274956583922
EC-Earth-Consortium,EC-Earth3-Veg-LR,r1i1p1f1,gr,historical,1859-08,1859,8,146.75041431801415,285.11303180511425,-57.5578010752017,-317.4971926664872,-2.3725441350254486,-12.433975143982792,42.00193310243121,143.965143639584,285.514983779784,-56.61969220867284,-317.4160441353086,-0.736401837272086,-11.828037470306784,42.8799517678077,2.7852706784301517,-0.40195197466977106,-0.9381088665288644,-0.08114853117859866,-1.6361422977533626,-0.6059376736760083,-0.8780186653764872
EC-Earth-Consortium,EC-Earth3-Veg-LR,r1i1p1f1,gr,historical,1859-09,1859,9,72.38550867809649,263.6539418576212,-26.650846157456076,-303.3671791765919,-3.0913444536923276,-16.646003661178995,-13.71592291320165,72.23187531070974,254.64399326285204,-29.49217390513061,-295.7570914889987,-3.0077420278618163,-14.867742559467041,-16.248881407896377,0.15363336738674604,9.009948594769156,2.8413277476745336,-7.610087687593193,-0.08360242583051125,-1.7782611017119532,2.532958494694727
EC-Earth-Consortium,EC-Earth3-Veg-LR,r1i1p1f1,gr,historical,1859-10,1859,10,21.101570960031925,224.43630331361132,-7.7654841332466145,-267.6407079571847,-8.283245833370808,-16.806695551164808,-54.95825920132369,21.17782998279387,219.68910623165684,-9.062038234793288,-263.59941570919926,-7.415014525185129,-17.082779513843093,-56.292311768570094,-0.07625902276194552,4.747197081954482,1.2965541015466737,-4.041292247985439,-0.8682313081856785,0.2760839626782854,1.3340525672464025
EC-Earth-Consortium,EC-Earth3-Veg-LR,r1i1p1f1,gr,historical,1859-11,1859,11,3.4588503618009487,195.7836043711669,-1.1686361961288476,-242.5648164866393,-13.256870759170761,-20.3752332294303,-78.12310193840138,3.573632890038961,193.44910051493784,-1.4677800076550447,-237.86279579461424,-8.81039866871152,-15.933404947758362,-67.05164601376235,-0.11478252823801238,2.3345038562290483,0.29914381152619707,-4.702020692025059,-4.446472090459242,-4.441828281671938,-11.071455924639025
EC-Earth-Consortium,EC-Earth3-Veg-LR,r1i1p1f1,gr,historical,1859-12,1859,12,0.7864510888110459,173.26400996453853,-0.33263802592097835,-220.3538261337434,-16.345876234901723,-18.941911454885606,-81.92379079610214,0.8443239133056458,179.53984894273685,-0.40726912356645945,-223.33948846597266,-7.907125970966346,-14.520666974641335,-65.79037767910431,-0.05787282449459996,-6.275838978198323,0.07463109764548109,2.9856623322292535,-8.438750263935377,-4.421244480244271,-16.13341311699783
EC-Earth-Consortium,EC-Earth3-Veg-LR,r1i1p1f1,gr,historical,1860-01,1860,1,1.9255704698978446,170.2858216309459,-1.0553701460095561,-216.30244968568928,-12.109488302923655,-16.974935953293116,-74.23085198707186,1.9670428406081912,174.6451682692201,-1.1134382139788777,-217.91294889189962,-7.277542063475359,-14.28956539960937,-63.98128345913492,-0.041472370710346596,-4.359346638274218,0.05806806796932151,1.610499206210335,-4.831946239448296,-2.6853705536837467,-10.249568527936937
EC-Earth-Consortium,EC-Earth3-Veg-LR,r1i1p1f1,gr,historical,1860-02,1860,2,12.188679041731087,189.1279161992991,-7.465036487867027,-230.03654016905185,-0.4980892563996045,-11.55098916811285,-48.23405984040112,12.445773582853347,174.25857569933385,-8.050053493794298,-217.59834553205962,-6.931894885320205,-14.11158454395435,-59.98752917294128,-0.25709454112226027,14.869340499965261,0.5850170059272708,-12.438194636992222,6.4338056289206005,2.560595375841501,11.753469332540156
EC-Earth-Consortium,EC-Earth3-Veg-LR,r1i1p1f1,gr,historical,1860-03,1860,3,62.10302283435703,183.6013485046911,-42.3162704837099,-230.44188241373612,-1.7179465845770927,-12.111695044902909,-40.8834231878779,59.86295421939759,178.6380625638465,-42.42060087439643,-224.19115525659498,-5.777500516309919,-12.96961739527065,-46.8578572593279,2.2400686149594407,4.9632859408445995,0.10433039068652761,-6.250727157141142,4.059553931732826,0.8579223503677404,5.974434071449998
EC-Earth-Consortium,EC-Earth3-Veg-LR,r1i1p1f1,gr,historical,1860-04,1860,4,166.20185794696664,193.42232270262983,-121.43386418732268,-243.09819310736546,-3.581448860044193,-10.506802029570748,-18.996127534706588,165.54918549462982,193.94768773026806,-121.36911048471737,-244.71414659154436,-3.5592308420521506,-11.316720965746057,-21.462335659162093,0.6526724523368159,-0.5253650276382302,-0.06475370260531577,1.6159534841789025,-0.022218017992042594,0.8099189361753094,2.4662081244555054
EC-Earth-Consortium,EC-Earth3-Veg-LR,r1i1p1f1,gr,historical,1860-05,1860,5,283.5302439209702,218.41649305773782,-203.66263028383418,-274.4550780742888,-0.8545279968913517,-9.855518726943567,13.118981896750144,275.6543792863859,224.5590747925627,-196.4506719906339,-277.14177299595417,-1.8042443237938772,-10.700238938634309,14.116525829932366,7.875864634584275,-6.142581734824887,-7.211958293200269,2.686694921665378,0.9497163269025255,0.844720211690742,-0.9975439331822216
EC-Earth-Consortium,EC-Earth3-Veg-LR,r1i1p1f1,gr,historical,1860-06,1860,6,297.0981979312974,266.81262267975177,-184.8334624022146,-307.6683189900587,-2.294421088468095,-11.958108489346543,57.15650964096125,296.31824615671405,264.6805788578032,-184.2618748228265,-305.99544242897827,-1.3256800948089977,-11.303420968742303,58.11240669916117,0.7799517745833668,2.132043821948571,-0.5715875793880798,-1.672876561080443,-0.9687409936590972,-0.6546875206042397,-0.9558970581999233
EC-Earth-Consortium,EC-Earth3-Veg-LR,r1i1p1f1,gr,historical,1860-07,1860,7,213.34704190315307,298.0654707283279,-91.29631842691647,-323.35652319506795,-0.3948492037581784,-10.325985296693391,86.038836509045,225.98526739919413,289.5888849412498,-106.74472434052524,-319.32788691162557,-0.19383547240358012,-10.584539231081097,78.72316638480842,-12.63822549604106,8.476585787078136,15.448405913608767,-4.028636283442381,-0.20101373135459827,0.2585539343877059,7.315670124236576
EC-Earth-Consortium,EC-Earth3-Veg-LR,r1i1p1f1,gr,historical,1860-08,1860,8,142.5158142141233,288.57486955223476,-49.55792163467147,-321.1969231100137,-1.7195346244945313,-12.898720723467026,45.71758367371139,143.965143639584,285.514983779784,-56.61969220867284,-317.4160441353086,-0.736401837272086,-11.828037470306784,42.8799517678077,-1.4493294254606894,3.059885772450741,7.061770574001365,-3.7808789747051037,-0.9831327872224453,-1.070683253160242,2.8376319059036916
EC-Earth-Consortium,EC-Earth3-Veg-LR,r1i1p1f1,gr,historical,1860-09,1860,9,70.78329400442351,259.1002360172395,-25.79190636610816,-300.6693504208179,-4.979476934701612,-17.506831901205995,-19.064035601170644,72.23187531070974,254.64399326285204,-29.49217390513061,-295.7570914889987,-3.0077420278618163,-14.867742559467041,-16.248881407896377,-1.4485813062862292,4.456242754387489,3.700267539022448,-4.912258931819224,-1.9717349068397958,-2.639089341738954,-2.8151541932742674
EC-Earth-Consortium,EC-Earth3-Veg-LR,r1i1p1f1,gr,historical,1860-10,1860,10,20.093922843187123,226.86295472957113,-7.766471431427253,-271.4234907259086,-7.520386623186721,-19.01570053034553,-58.76917173810985,21.17782998279387,219.68910623165684,-9.062038234793288,-263.59941570919926,-7.415014525185129,-17.082779513843093,-56.292311768570094,-1.0839071396067474,7.1738484979142925,1.295566803366035,-7.824075016709344,-0.10537209800159175,-1.932921016502437,-2.4768599695397526
EC-Earth-Consortium,EC-Earth3-Veg-LR,r1i1p1f1,gr,historical,1860-11,1860,11,3.423776254894233,185.84354186302366,-1.124753200970324,-233.37156344781388,-9.025805624408715,-16.401508065113095,-70.65631222038814,3.573632890038961,193.44910051493784,-1.4677800076550447,-237.86279579461424,-8.81039866871152,-15.933404947758362,-67.05164601376235,-0.14985663514472813,-7.60555865191418,0.34302680668472063,4.491232346800359,-0.2154069556971958,-0.4681031173547332,-3.6046662066257937
EC-Earth-Consortium,EC-Earth3-Veg-LR,r1i1p1f1,gr,historical,1860-12,1860,12,0.7759463468957023,180.19365591381052,-0.3386615386516326,-225.46697559721036,-10.855144743584024,-17.333938185189282,-73.02511780392908,0.8443239133056458,179.53984894273685,-0.40726912356645945,-223.33948846597266,-7.907125970966346,-14.520666974641335,-65.79037767910431,-0.06837756640994352,0.6538069710736636,0.06860758491482682,-2.1274871312377,-2.9480187726176776,-2.8132712105479474,-7.234740124824768
EC-Earth-Consortium,EC-Earth3-Veg-LR,r1i1p1f1,gr,historical,1861-01,1861,1,1.887554574061988,172.87723978801853,-1.066006448939701,-216.97152977609855,-11.956009145706098,-16.816688619559084,-72.04543962822291,1.9670428406081912,174.6451682692201,-1.1134382139788777,-217.91294889189962,-7.277542063475359,-14.28956539960937,-63.98128345913492,-0.07948826654620333,-1.7679284812015794,0.047431765039176677,0.9414191158010681,-4.678467082230739,-2.527123219949715,-8.064156169087987
EC-Earth-Consortium,EC-Earth3-Veg-LR,r1i1p1f1,gr,historical,1861-02,1861,2,11.979250496440468,177.7943498816577,-7.676480574690223,-220.946454811653,-8.468135044037362,-16.377156477223348,-63.69462652950578,12.445773582853347,174.25857569933385,-8.050053493794298,-217.59834553205962,-6.931894885320205,-14.11158454395435,-59.98752917294128,-0.4665230864128791,3.5357741823238484,0.37357291910407486,-3.3481092795933876,-1.536240158717157,-2.2655719332689976,-3.7070973565645033
EC-Earth-Consortium,EC-Earth3-Veg-LR,r1i1p1f1,gr,historical,1861-03,1861,3,58.3076903199446,178.1684760973571,-41.17101943032497,-222.44029360514168,-9.085873051423992,-13.751802685222675,-49.97282235481164,59.86295421939759,178.6380625638465,-42.42060087439643,-224.19115525659498,-5.777500516309919,-12.96961739527065,-46.8578572593279,-1.5552638994529886,-0.46958646648940316,1.2495814440714597,1.750861651453306,-3.3083725351140725,-0.7821852899520252,-3.11496509548374
EC-Earth-Consortium,EC-Earth3-Veg-LR,r1i1p1f1,gr,historical,1861-04,1861,4,161.28661241171676,198.16923221499968,-117.19314783734175,-246.24506184264408,-0.9572878809726283,-9.209470977042175,-14.149123911284207,165.54918549462982,193.94768773026806,-121.36911048471737,-244.71414659154436,-3.5592308420521506,-11.316720965746057,-21.462335659162093,-4.262573082913065,4.2215444847316235,4.175962647375613,-1.5309152510997137,2.6019429610795224,2.1072499887038827,7.313211747877887
EC-Earth-Consortium,EC-Earth3-Veg-LR,r1i1p1f1,gr,historical,1861-05,1861,5,273.5064174128713,220.4520706282591,-193.55983154318017,-273.631601295193,-1.8894993647398306,-9.792049975790869,15.085505862226563,275.6543792863859,224.5590747925627,-196.4506719906339,-277.14177299595417,-1.8042443237938772,-10.700238938634309,14.116525829932366,-2.147961873514589,-4.107004164303618,2.8908404474537406,3.510171700761191,-0.08525504094595338,0.9081889628434396,0.9689800322941977
EC-Earth-Consortium,EC-Earth3-Veg-LR,r1i1p1f1,gr,historical,1861-06,1861,6,296.89668814418394,265.92396610943894,-181.03144855442764,-307.71925645516086,-0.43348120304523813,-11.126881089390519,62.50958695159868,296.31824615671405,264.6805788578032,-184.2618748228265,-305.99544242897827,-1.3256800948089977,-11.303420968742303,58.11240669916117,0.578441987469887,1.2433872516357383,3.2304262683988725,-1.7238140261825947,0.8921988917637595,0.17653987935178428,4.397180252437508
EC-Earth-Consortium,EC-Earth3-Veg-LR,r1i1p1f1,gr,historical,1861-07,1861,7,216.66652905747134,296.23557278598844,-88.58227042853758,-323.905995201682,-1.1838059004312969,-12.46869596094766,86.7613343518613,225.98526739919413,289.5888849412498,-106.74472434052524,-319.32788691162557,-0.19383547240358012,-10.584539231081097,78.72316638480842,-9.318738341722792,6.646687844738665,18.162453911987654,-4.578108290056434,-0.9899704280277167,-1.8841567298665627,8.038167967052871
EC-Earth-Consortium,EC-Earth3-Veg-LR,r1i1p1f1,gr,historical,1861-08,1861,8,141.9062159460304,290.2826245702811,-47.78833977077923,-322.29088577190726,-1.8085009685869529,-13.54910717717649,46.752006827861514,143.965143639584,285.514983779784,-56.61969220867284,-317.4160441353086,-0.736401837272086,-11.828037470306784,42.8799517678077,-2.0589276935536134,4.767640790497069,8.831352437893607,-4.87484163659866,-1.072099131314867,-1.7210697068697058,3.8720550600538175
EC-Earth-Consortium,EC-Earth3-Veg-LR,r1i1p1f1,gr,historical,1861-09,1861,9,70.54590620805402,263.0356280614212,-25.842510941823022,-302.55703896362456,-2.8441662620724006,-15.641840854728242,-13.304022752773001,72.23187531070974,254.64399326285204,-29.49217390513061,-295.7570914889987,-3.0077420278618163,-14.867742559467041,-16.248881407896377,-1.6859691026557186,8.391634798569186,3.6496629633075877,-6.799947474625867,0.16357576578941568,-0.7740982952612008,2.944858655123376
EC-Earth-Consortium,EC-Earth3-Veg-LR,r1i1p1f1,gr,historical,1861-10,1861,10,20.81713004910087,226.8304885702395,-8.15528069846915,-270.6059471879606,-6.503916571115508,-16.638068826668796,-54.25559466487368,21.17782998279387,219.68910623165684,-9.062038234793288,-263.59941570919926,-7.415014525185129,-17.082779513843093,-56.292311768570094,-0.3606999336929988,7.141382338582673,0.9067575363241378,-7.00653147876136,0.9110979540696214,0.44471068717429674,2.036717103696411
EC-Earth-Consortium,EC-Earth3-Veg-LR,r1i1p1f1,gr,historical,1861-11,1861,11,3.635728003062717,183.0832427357784,-1.5010301205141388,-233.32365805805273,-17.8275811686943,-23.242497222987588,-89.17579583140764,3.573632890038961,193.44910051493784,-1.4677800076550447,-237.86279579461424,-8.81039866871152,-15.933404947758362,-67.05164601376235,0.06209511302375592,-10.365857779159427,-0.03325011285909407,4.539137736561514,-9.017182499982782,-7.309092275229226,-22.12414981764529
EC-Earth-Consortium,EC-Earth3-Veg-LR,r1i1p1f1,gr,historical,1861-12,1861,12,0.8177020362744246,177.88398781566627,-0.3875045871451292,-224.65284436511047,-16.701688340566534,-21.111455718759604,-84.15180315964102,0.8443239133056458,179.53984894273685,-0.40726912356645945,-223.33948846597266,-7.907125970966346,-14.520666974641335,-65.79037767910431,-0.02662187703122121,-1.6558611270705796,0.019764536421330248,-1.3133558991378038,-8.794562369600188,-6.590788744118269,-18.36142548053671
EC-Earth-Consortium,EC-Earth3-Veg-LR,r1i1p1f1,gr,historical,1862-01,1862,1,2.028804367770231,176.95889438264055,-1.1156297787113965,-221.87824813692802,-10.960446128552288,-16.476449980146697,-71.44307527392763,1.9670428406081912,174.6451682692201,-1.1134382139788777,-217.91294889189962,-7.277542063475359,-14.28956539960937,-63.98128345913492,0.061761527162039975,2.3137261134204437,-0.0021915647325188026,-3.9652992450284046,-3.6829040650769294,-2.1868845805373276,-7.461791814792711
EC-Earth-Consortium,EC-Earth3-Veg-LR,r1i1p1f1,gr,historical,1862-02,1862,2,12.194139445463579,178.1830374718975,-7.653057877789353,-222.28126327164506,-6.2683696786739755,-16.034125712553717,-61.859639623301035,12.445773582853347,174.25857569933385,-8.050053493794298,-217.59834553205962,-6.931894885320205,-14.11158454395435,-59.98752917294128,-0.25163413738976814,3.92446177256366,0.39699561600494526,-4.6829177395854344,0.6635252066462298,-1.9225411685993663,-1.8721104503597559
EC-Earth-Consortium,EC-Earth3-Veg-LR,r1i1p1f1,gr,historical,1862-03,1862,3,58.28145779630244,175.38471477707023,-40.71261262398673,-223.247857299417,-13.730022169704814,-18.98990555219279,-63.014225071928664,59.86295421939759,178.6380625638465,-42.42060087439643,-224.19115525659498,-5.777500516309919,-12.96961739527065,-46.8578572593279,-1.581496423095146,-3.25334778677626,1.7079882504096986,0.9432979571779754,-7.952521653394895,-6.020288156922142,-16.156367812600763
EC-Earth-Consortium,EC-Earth3-Veg-LR,r1i1p1f1,gr,historical,1862-04,1862,4,159.0844999352569,205.22959479220037,-114.4131550595903,-253.54269715740327,-1.4456097751282018,-11.385420487391295,-16.4727877520558,165.54918549462982,193.94768773026806,-121.36911048471737,-244.71414659154436,-3.5592308420521506,-11.316720965746057,-21.462335659162093,-6.464685559372924,11.281907061932316,6.9559554251270725,-8.828550565858905,2.113621066923949,-0.06869952164523774,4.989547907106292
EC-Earth-Consortium,EC-Earth3-Veg-LR,r1i1p1f1,gr,historical,1862-05,1862,5,270.2515596724504,230.87952171715824,-188.15731952263664,-282.815638389074,-2.8256645183455493,-11.096962349753937,16.23549660979853,275.6543792863859,224.5590747925627,-196.4506719906339,-277.14177299595417,-1.8042443237938772,-10.700238938634309,14.116525829932366,-5.402819613935492,6.3204469245955295,8.293352467997266,-5.673865393119854,-1.021420194551672,-0.3967234111196287,2.1189707798661654
EC-Earth-Consortium,EC-Earth3-Veg-LR,r1i1p1f1,gr,historical,1862-06,1862,6,294.0091354342324,266.66063606732274,-176.33217683917556,-307.9737646369671,-0.925505312667595,-10.501742650429366,64.93658206231558,296.31824615671405,264.6805788578032,-184.2618748228265,-305.99544242897827,-1.3256800948089977,-11.303420968742303,58.11240669916117,-2.3091107224816483,1.9800572095195434,7.929697983650954,-1.9783222079888105,0.4001747821414028,0.8016783183129377,6.82417536315441
EC-Earth-Consortium,EC-Earth3-Veg-LR,r1i1p1f1,gr,historical,1862-07,1862,7,218.30323523066738,295.2008180001498,-92.76862918033031,-323.42752059556153,0.4339486586519884,-10.502438905923514,87.23941320765375,225.98526739919413,289.5888849412498,-106.74472434052524,-319.32788691162557,-0.19383547240358012,-10.584539231081097,78.72316638480842,-7.682032168526746,5.611933058900036,13.97609516019493,-4.099633683935963,0.6277841310555685,0.08210032515758314,8.516246822845332
EC-Earth-Consortium,EC-Earth3-Veg-LR,r1i1p1f1,gr,historical,1862-08,1862,8,142.87100530312443,288.84144168235184,-49.110926043920756,-321.87789474023265,-0.9721360427404653,-15.0037059037493,44.74778425483311,143.965143639584,285.514983779784,-56.61969220867284,-317.4160441353086,-0.736401837272086,-11.828037470306784,42.8799517678077,-1.0941383364595652,3.3264579025678245,7.508766164752082,-4.461850604924052,-0.2357342054683793,-3.1756684334425156,1.8678324870254102
EC-Earth-Consortium,EC-Earth3-Veg-LR,r1i1p1f1,gr,historical,1862-09,1862,9,71.11852811213585,263.3933508304239,-25.15258213609421,-304.1998933053959,-5.308557538075626,-18.792783332934263,-18.94193736994027,72.23187531070974,254.64399326285204,-29.49217390513061,-295.7570914889987,-3.0077420278618163,-14.867742559467041,-16.248881407896377,-1.1133471985738908,8.749357567571877,4.339591769036399,-8.442801816397207,-2.30081551021381,-3.925040773467222,-2.6930559620438927
EC-Earth-Consortium,EC-Earth3-Veg-LR,r1i1p1f1,gr,historical,1862-10,1862,10,21.538872696442127,224.16887182587217,-7.989972258514762,-270.58841484360664,-9.56206720790605,-20.862835244421774,-63.29554503213494,21.17782998279387,219.68910623165684,-9.062038234793288,-263.59941570919926,-7.415014525185129,-17.082779513843093,-56.292311768570094,0.36104271364825635,4.479765594215337,1.0720659762785258,-6.988999134407379,-2.147052682720921,-3.780055730578681,-7.003233263564844
EC-Earth-Consortium,EC-Earth3-Veg-LR,r1i1p1f1,gr,historical,1862-11,1862,11,3.4683731294265665,211.2037261515507,-1.2151996026392684,-256.3058148813231,-10.302188482498153,-21.139922455815313,-74.29102614129856,3.573632890038961,193.44910051493784,-1.4677800076550447,-237.86279579461424,-8.81039866871152,-15.933404947758362,-67.05164601376235,-0.10525976061239462,17.75462563661287,0.2525804050157763,-18.44301908670886,-1.4917898137866334,-5.206517508056951,-7.239380127536208
EC-Earth-Consortium,EC-Earth3-Veg-LR,r1i1p1f1,gr,historical,1862-12,1862,12,0.748201329039199,195.02110090926917,-0.27408014080613763,-238.62571251870284,-7.545371750681152,-15.032764170670209,-65.70862634255198,0.8443239133056458,179.53984894273685,-0.40726912356645945,-223.33948846597266,-7.907125970966346,-14.520666974641335,-65.79037767910431,-0.09612258426644682,15.481251966532312,0.13318898276032182,-15.286224052730176,0.361754220285194,-0.5120971960288738,0.08175133655232969
EC-Earth-Consortium,EC-Earth3-Veg-LR,r1i1p1f1,gr,historical,1863-01,1863,1,1.9591745175687647,167.67984608943547,-0.9527613767568414,-217.95505601726626,-11.743433233992143,-17.78662535099814,-78.79885537200917,1.9670428406081912,174.6451682692201,-1.1134382139788777,-217.91294889189962,-7.277542063475359,-14.28956539960937,-63.98128345913492,-0.007868323039426528,-6.965322179784636,0.1606768372220363,-0.042107125366641185,-4.465891170516784,-3.4970599513887706,-14.81757191287425
EC-Earth-Consortium,EC-Earth3-Veg-LR,r1i1p1f1,gr,historical,1863-02,1863,2,11.917297489103436,183.74649157201267,-7.433938903333746,-226.82056149663816,-8.171809120501065,-16.226920414746616,-62.989440874103465,12.445773582853347,174.25857569933385,-8.050053493794298,-217.59834553205962,-6.931894885320205,-14.11158454395435,-59.98752917294128,-0.5284760937499104,9.487915872678826,0.6161145904605521,-9.222215964578538,-1.2399142351808594,-2.115335870792265,-3.001911701162186
EC-Earth-Consortium,EC-Earth3-Veg-LR,r1i1p1f1,gr,historical,1863-03,1863,3,58.5016138841068,179.42487891146857,-40.2109059231509,-225.02169753377441,-8.579262405910287,-13.641583730440848,-49.52695679770108,59.86295421939759,178.6380625638465,-42.42060087439643,-224.19115525659498,-5.777500516309919,-12.96961739527065,-46.8578572593279,-1.3613403352907838,0.7868163476220786,2.209694951245531,-0.8305422771794326,-2.8017618896003675,-0.6719663351701985,-2.6690995383731817
EC-Earth-Consortium,EC-Earth3-Veg-LR,r1i1p1f1,gr,historical,1863-04,1863,4,164.920553700939,194.47457391066743,-117.44682977235416,-248.5208770344454,-5.484415538216147,-13.356300445897348,-25.413295179306623,165.54918549462982,193.94768773026806,-121.36911048471737,-244.71414659154436,-3.5592308420521506,-11.316720965746057,-21.462335659162093,-0.628631793690829,0.526886180399373,3.9222807123632037,-3.806730442901028,-1.925184696163996,-2.039579480151291,-3.9509595201445293
EC-Earth-Consortium,EC-Earth3-Veg-LR,r1i1p1f1,gr,historical,1863-05,1863,5,271.23842841143085,227.37540289540271,-190.02054285263984,-280.5558427660971,-2.4357342878228354,-11.35249208278086,14.24921931749293,275.6543792863859,224.5590747925627,-196.4506719906339,-277.14177299595417,-1.8042443237938772,-10.700238938634309,14.116525829932366,-4.415950874955058,2.8163281028400036,6.430129137994072,-3.4140697701429303,-0.6314899640289582,-0.6522531441465507,0.1326934875605641
EC-Earth-Consortium,EC-Earth3-Veg-LR,r1i1p1f1,gr,historical,1863-06,1863,6,292.47180425817163,263.70487999454696,-176.68699617130778,-306.12060013489963,-0.3416873624691388,-10.746547792597667,62.28085279144436,296.31824615671405,264.6805788578032,-184.2618748228265,-305.99544242897827,-1.3256800948089977,-11.303420968742303,58.11240669916117,-3.846441898542423,-0.9756988632562411,7.5748786515187305,-0.12515770592136732,0.983992732339859,0.5568731761446362,4.16844609228319
EC-Earth-Consortium,EC-Earth3-Veg-LR,r1i1p1f1,gr,historical,1863-07,1863,7,222.4338857036559,291.5257657139739,-94.12451320946411,-321.17215496520976,1.717852929418804,-10.083823980462478,90.29701219191232,225.98526739919413,289.5888849412498,-106.74472434052524,-319.32788691162557,-0.19383547240358012,-10.584539231081097,78.72316638480842,-3.5513816955382254,1.9368807727241233,12.620211131061126,-1.8442680535841873,1.911688401822384,0.5007152506186188,11.573845807103893
EC-Earth-Consortium,EC-Earth3-Veg-LR,r1i1p1f1,gr,historical,1863-08,1863,8,140.52803754721376,291.81422735167206,-49.43453929683989,-321.24920096769307,0.8302234013672486,-10.836590635169543,51.652157400550536,143.965143639584,285.514983779784,-56.61969220867284,-317.4160441353086,-0.736401837272086,-11.828037470306784,42.8799517678077,-3.437106092370243,6.2992435718880415,7.185152911832951,-3.833156832384475,1.5666252386393347,0.991446835137241,8.772205632742839
EC-Earth-Consortium,EC-Earth3-Veg-LR,r1i1p1f1,gr,historical,1863-09,1863,9,72.93985558455996,256.0378233809012,-27.639084561278015,-299.0247096006431,-1.388313266903401,-15.445325032995688,-14.519753496359069,72.23187531070974,254.64399326285204,-29.49217390513061,-295.7570914889987,-3.0077420278618163,-14.867742559467041,-16.248881407896377,0.7079802738502252,1.3938301180491806,1.853089343852595,-3.267618111644424,1.6194287609584153,-0.577582473528647,1.729127911537308
EC-Earth-Consortium,EC-Earth3-Veg-LR,r1i1p1f1,gr,historical,1863-10,1863,10,21.831809908005813,221.9103304337427,-8.94100264972289,-267.97450349705235,-7.842447486760613,-20.17520373581176,-61.19101702759909,21.17782998279387,219.68910623165684,-9.062038234793288,-263.59941570919926,-7.415014525185129,-17.082779513843093,-56.292311768570094,0.6539799252119423,2.221224202085864,0.12103558507039835,-4.37508778785309,-0.4274329615754837,-3.092424221968667,-4.8987052590289935
EC-Earth-Consortium,EC-Earth3-Veg-LR,r1i1p1f1,gr,historical,1863-11,1863,11,3.461547766833954,197.3508749423073,-1.273864039456461,-243.22391621647574,-10.088826365527671,-19.152450146624524,-72.92663405894315,3.573632890038961,193.44910051493784,-1.4677800076550447,-237.86279579461424,-8.81039866871152,-15.933404947758362,-67.05164601376235,-0.11208512320500708,3.9017744273694746,0.1939159681985836,-5.3611204218615,-1.278427696816152,-3.219045198866162,-5.8749880451808
EC-Earth-Consortium,EC-Earth3-Veg-LR,r1i1p1f1,gr,historical,1863-12,1863,12,0.7968435655882669,179.51322995201545,-0.36988971353047795,-223.9733240847078,-9.410971157032368,-16.41993519262058,-69.86404663028752,0.8443239133056458,179.53984894273685,-0.40726912356645945,-223.33948846597266,-7.907125970966346,-14.520666974641335,-65.79037767910431,-0.04748034771737897,-0.026618990721402724,0.0373794100359815,-0.6338356187351337,-1.5038451860660214,-1.8992682179792464,-4.073668951183208
EC-Earth-Consortium,EC-Earth3-Veg-LR,r1i1p1f1,gr,historical,1864-01,1864,1,1.890427632990324,170.76905017555873,-1.0316481936145259,-216.86791693947535,-4.709914127277335,-13.921437057045493,-63.87143850886364,1.9670428406081912,174.6451682692201,-1.1134382139788777,-217.91294889189962,-7.277542063475359,-14.28956539960937,-63.98128345913492,-0.07661520761786722,-3.8761180936613755,0.08179002036435179,1.0450319524242673,2.567627936198024,0.3681283425638764,0.10984495027128105
EC-Earth-Consortium,EC-Earth3-Veg-LR,r1i1p1f1,gr,historical,1864-02,1864,2,12.50515176575551,172.53562735458272,-7.720121303567838,-217.23536324561363,-7.603702163809699,-15.435768658329572,-62.954176250982535,12.445773582853347,174.25857569933385,-8.050053493794298,-217.59834553205962,-6.931894885320205,-14.11158454395435,-59.98752917294128,0.059378182902163346,-1.7229483447511313,0.3299321902264598,0.36298228644599817,-0.671807278489494,-1.324184114375221,-2.9666470780412553
EC-Earth-Consortium,EC-Earth3-Veg-LR,r1i1p1f1,gr,historical,1864-03,1864,3,60.6528709404562,179.2604723430931,-42.06629200115014,-227.53051605805064,-4.235097980003762,-13.789552620860222,-47.70811537651547,59.86295421939759,178.6380625638465,-42.42060087439643,-224.19115525659498,-5.777500516309919,-12.96961739527065,-46.8578572593279,0.78991672105861,0.6224097792466239,0.3543088732462891,-3.339360801455655,1.5424025363061569,-0.8199352255895729,-0.8502581171875718
EC-Earth-Consortium,EC-Earth3-Veg-LR,r1i1p1f1,gr,historical,1864-04,1864,4,162.08816964282232,204.76733964439077,-117.33881060392406,-252.8735491867838,-2.6600784707596,-10.721595607254063,-16.73852458150846,165.54918549462982,193.94768773026806,-121.36911048471737,-244.71414659154436,-3.5592308420521506,-11.316720965746057,-21.462335659162093,-3.4610158518075025,10.819651914122716,4.030299880793308,-8.159402595239442,0.8991523712925504,0.5951253584919947,4.723811077653632
EC-Earth-Consortium,EC-Earth3-Veg-LR,r1i1p1f1,gr,historical,1864-05,1864,5,270.25200214190556,227.05028674267092,-192.7080657282294,-278.4277313047569,-1.0523469743154035,-11.91126376515053,13.20288111212426,275.6543792863859,224.5590747925627,-196.4506719906339,-277.14177299595417,-1.8042443237938772,-10.700238938634309,14.116525829932366,-5.40237714448034,2.491211950108209,3.7426062624045073,-1.2859583088027193,0.7518973494784738,-1.211024826516221,-0.913644717808106
EC-Earth-Consortium,EC-Earth3-Veg-LR,r1i1p1f1,gr,historical,1864-06,1864,6,294.82950491664167,267.53564555144317,-180.2746036543059,-308.2844605475373,-2.28395234328698,-11.721387969891724,59.8007459530629,296.31824615671405,264.6805788578032,-184.2618748228265,-305.99544242897827,-1.3256800948089977,-11.303420968742303,58.11240669916117,-1.488741240072386,2.8550666936399693,3.987271168520607,-2.2890181185590563,-0.9582722484779822,-0.417967001149421,1.6883392539017308
EC-Earth-Consortium,EC-Earth3-Veg-LR,r1i1p1f1,gr,historical,1864-07,1864,7,237.4860660127352,288.9316036422581,-109.46989326947482,-322.3076813750457,-1.2255863837105765,-11.026578568039573,82.38793005872255,225.98526739919413,289.5888849412498,-106.74472434052524,-319.32788691162557,-0.19383547240358012,-10.584539231081097,78.72316638480842,11.500798613541065,-0.657281298991677,-2.7251689289495857,-2.9797944634201485,-1.0317509113069963,-0.4420393369584765,3.6647636739141234
EC-Earth-Consortium,EC-Earth3-Veg-LR,r1i1p1f1,gr,historical,1864-08,1864,8,144.10021697746788,286.74974099377226,-56.447171005096294,-319.75656371115764,-2.353055892209532,-13.909779655156912,38.38338770761974,143.965143639584,285.514983779784,-56.61969220867284,-317.4160441353086,-0.736401837272086,-11.828037470306784,42.8799517678077,0.1350733378838811,1.234757213988246,0.17252120357654377,-2.3405195758490436,-1.616654054937446,-2.0817421848501283,-4.496564060187957
EC-Earth-Consortium,EC-Earth3-Veg-LR,r1i1p1f1,gr,historical,1864-09,1864,9,72.3479823993603,255.30949595934567,-27.287180835962484,-297.731457200405,-4.885906137749202,-16.7497425437297,-18.996808359140378,72.23187531070974,254.64399326285204,-29.49217390513061,-295.7570914889987,-3.0077420278618163,-14.867742559467041,-16.248881407896377,0.11610708865056552,0.6655026964936326,2.2049930691681254,-1.9743657114062785,-1.8781641098873854,-1.8819999842626576,-2.7479269512440005
EC-Earth-Consortium,EC-Earth3-Veg-LR,r1i1p1f1,gr,historical,1864-10,1864,10,19.807328535794852,229.43189522910876,-6.841628347528691,-271.9707805701344,-9.057115166919417,-19.276328879285607,-57.90662919896452,21.17782998279387,219.68910623165684,-9.062038234793288,-263.59941570919926,-7.415014525185129,-17.082779513843093,-56.292311768570094,-1.3705014469990182,9.742788997451925,2.220409887264597,-8.37136486093516,-1.6421006417342872,-2.1935493654425144,-1.614317430394422
EC-Earth-Consortium,EC-Earth3-Veg-LR,r1i1p1f1,gr,historical,1864-11,1864,11,3.2294913167918398,204.12797251932668,-0.9370672864211043,-247.76008388117714,-9.185006344210892,-17.57778405317546,-68.10247772886608,3.573632890038961,193.44910051493784,-1.4677800076550447,-237.86279579461424,-8.81039866871152,-15.933404947758362,-67.05164601376235,-0.34414157324712136,10.678872004388836,0.5307127212339404,-9.897288086562895,-0.374607675499373,-1.644379105417098,-1.050831715103726
EC-Earth-Consortium,EC-Earth3-Veg-LR,r1i1p1f1,gr,historical,1864-12,1864,12,0.8013279878015814,173.32424512519327,-0.3350081442221315,-223.92992399388032,-17.512828895830655,-23.320006952750845,-90.9721948736891,0.8443239133056458,179.53984894273685,-0.40726912356645945,-223.33948846597266,-7.907125970966346,-14.520666974641335,-65.79037767910431,-0.04299592550406439,-6.215603817543581,0.07226097934432796,-0.5904355279076583,-9.605702924864309,-8.79933997810951,-25.181817194584795
EC-Earth-Consortium,EC-Earth3-Veg-LR,r1i1p1f1,gr,historical,1865-01,1865,1,1.8788000853720894,179.65638399539003,-0.969130735163035,-223.1729239809641,-5.36692208232688,-15.153063036906401,-63.12685575459831,1.9670428406081912,174.6451682692201,-1.1134382139788777,-217.91294889189962,-7.277542063475359,-14.28956539960937,-63.98128345913492,-0.08824275523610181,5.011215726169922,0.1443074788158426,-5.259975089064483,1.9106199811484785,-0.8634976372970318,0.8544277045366115
EC-Earth-Consortium,EC-Earth3-Veg-LR,r1i1p1f1,gr,historical,1865-02,1865,2,12.299738123419482,177.1252549655349,-7.509459983137453,-220.9003557095355,-13.51972303934858,-18.978188575071073,-71.4827342181382,12.445773582853347,174.25857569933385,-8.050053493794298,-217.59834553205962,-6.931894885320205,-14.11158454395435,-59.98752917294128,-0.14603545943386465,2.8666792662010607,0.5405935106568451,-3.3020101774758643,-6.587828154028375,-4.866604031116722,-11.495205045196926
EC-Earth-Consortium,EC-Earth3-Veg-LR,r1i1p1f1,gr,historical,1865-03,1865,3,56.7749836665127,192.14881846931615,-39.15294280332756,-234.0239192500001,-4.663989245634847,-12.529243274124465,-41.44629243725811,59.86295421939759,178.6380625638465,-42.42060087439643,-224.19115525659498,-5.777500516309919,-12.96961739527065,-46.8578572593279,-3.087970552884883,13.510755905469665,3.2676580710688654,-9.83276399340511,1.1135112706750725,0.4403741211461849,5.411564822069792
EC-Earth-Consortium,EC-Earth3-Veg-LR,r1i1p1f1,gr,historical,1865-04,1865,4,159.02778113136526,203.50993666044045,-113.9623223730601,-249.7423210149933,-0.6525264272457596,-8.636332529096364,-10.455784552589847,165.54918549462982,193.94768773026806,-121.36911048471737,-244.71414659154436,-3.5592308420521506,-11.316720965746057,-21.462335659162093,-6.5214043632645655,9.562248930172387,7.406788111657264,-5.028174423448945,2.906704414806391,2.680388436649693,11.006551106572246
EC-Earth-Consortium,EC-Earth3-Veg-LR,r1i1p1f1,gr,historical,1865-05,1865,5,273.2661177607414,224.50034497094504,-188.20792811910835,-278.4981200183577,-2.6430641717523575,-12.223208017682035,16.194142404786,275.6543792863859,224.5590747925627,-196.4506719906339,-277.14177299595417,-1.8042443237938772,-10.700238938634309,14.116525829932366,-2.388261525644509,-0.058729821617674816,8.242743871525562,-1.356347022403554,-0.8388198479584803,-1.5229690790477264,2.077616574853634
EC-Earth-Consortium,EC-Earth3-Veg-LR,r1i1p1f1,gr,historical,1865-06,1865,6,293.81974121497643,268.4609109028637,-174.77968361804463,-310.40013858830014,-3.1399544583783854,-14.41509904424448,59.54577640887259,296.31824615671405,264.6805788578032,-184.2618748228265,-305.99544242897827,-1.3256800948089977,-11.303420968742303,58.11240669916117,-2.4985049417376217,3.7803320450605042,9.482191204781884,-4.4046961593218725,-1.8142743635693876,-3.1116780755021765,1.433369709711421
EC-Earth-Consortium,EC-Earth3-Veg-LR,r1i1p1f1,gr,historical,1865-07,1865,7,217.2226461688043,296.6832958265692,-92.53012056562075,-323.46445184439784,0.6455662581645414,-10.379584102954839,88.17735174056462,225.98526739919413,289.5888849412498,-106.74472434052524,-319.32788691162557,-0.19383547240358012,-10.584539231081097,78.72316638480842,-8.76262123038984,7.094410885319405,14.21460377490449,-4.1365649327722736,0.8394017305681215,0.20495512812625805,9.454185355756195
EC-Earth-Consortium,EC-Earth3-Veg-LR,r1i1p1f1,gr,historical,1865-08,1865,8,140.03563274763346,292.7066342641303,-49.64504983202125,-322.85267094831045,-1.3243767804923108,-13.37981175389516,45.540357697044556,143.965143639584,285.514983779784,-56.61969220867284,-317.4160441353086,-0.736401837272086,-11.828037470306784,42.8799517678077,-3.9295108919505424,7.191650484346269,6.9746423766515875,-5.436626813001851,-0.5879749432202248,-1.5517742835883759,2.660405929236859
EC-Earth-Consortium,EC-Earth3-Veg-LR,r1i1p1f1,gr,historical,1865-09,1865,9,73.43172675585768,262.1879639453449,-25.734666286298566,-305.1221504569139,-2.151238191276087,-17.106988186730753,-14.495352420016788,72.23187531070974,254.64399326285204,-29.49217390513061,-295.7570914889987,-3.0077420278618163,-14.867742559467041,-16.248881407896377,1.1998514451479423,7.543970682492869,3.7575076188320438,-9.365058967915218,0.8565038365857292,-2.2392456272637116,1.753528987879589
EC-Earth-Consortium,EC-Earth3-Veg-LR,r1i1p1f1,gr,historical,1865-10,1865,10,21.070440111431495,224.90148337779794,-7.787336890718702,-272.0832199907302,-9.514784724001352,-20.46803976536308,-63.8814578815839,21.17782998279387,219.68910623165684,-9.062038234793288,-263.59941570919926,-7.415014525185129,-17.082779513843093,-56.292311768570094,-0.10738987136237554,5.212377146141108,1.274701344074586,-8.483804281530922,-2.0997701988162225,-3.3852602515199877,-7.589146113013804
EC-Earth-Consortium,EC-Earth3-Veg-LR,r1i1p1f1,gr,historical,1865-11,1865,11,3.528822079894281,198.30342436013066,-1.3921017331495098,-245.89914844663136,-11.15934627430062,-19.4882881962385,-76.10663821029505,3.573632890038961,193.44910051493784,-1.4677800076550447,-237.86279579461424,-8.81039866871152,-15.933404947758362,-67.05164601376235,-0.044810810144680246,4.854323845192823,0.07567827450553488,-8.036352652017115,-2.3489476055891014,-3.554883248480138,-9.054992196532694
EC-Earth-Consortium,EC-Earth3-Veg-LR,r1i1p1f1,gr,historical,1865-12,1865,12,0.8222998196728721,173.2173752477443,-0.38225916108893476,-222.82927318958937,-18.273683986204524,-23.00114948994076,-90.44669075940644,0.8443239133056458,179.53984894273685,-0.40726912356645945,-223.33948846597266,-7.907125970966346,-14.520666974641335,-65.79037767910431,-0.02202409363277369,-6.322473694992567,0.025009962477524683,0.5102152763832919,-10.366558015238178,-8.480482515299427,-24.656313080302127
EC-Earth-Consortium,EC-Earth3-Veg-LR,r1i1p1f1,gr,historical,1866-01,1866,1,1.899594709865473,190.04523809637163,-0.9102056389660513,-234.91153695360245,-5.235549636142586,-16.379613806050056,-65.49207322852403,1.9670428406081912,174.6451682692201,-1.1134382139788777,-217.91294889189962,-7.277542063475359,-14.28956539960937,-63.98128345913492,-0.06744813074271816,15.400069827151526,0.20323257501282632,-16.998588061702833,2.0419924273327723,-2.090048406440687,-1.5107897693891132
EC-Earth-Consortium,EC-Earth3-Veg-LR,r1i1p1f1,gr,historical,1866-02,1866,2,11.969431119287519,180.7913278604208,-6.97968670041665,-226.53863914538564,-4.828691013395362,-15.156029016171674,-60.74228689566102,12.445773582853347,174.25857569933385,-8.050053493794298,-217.59834553205962,-6.931894885320205,-14.11158454395435,-59.98752917294128,-0.4763424635658282,6.532752161086961,1.070366793377648,-8.94029361332602,2.103203871924843,-1.0444444722173234,-0.754757722719738
EC-Earth-Consortium,EC-Earth3-Veg-LR,r1i1p1f1,gr,historical,1866-03,1866,3,58.68269291804026,182.90354703263745,-38.82878247259247,-231.53065847992318,-7.745602857884996,-16.920985932304394,-53.43978979202734,59.86295421939759,178.6380625638465,-42.42060087439643,-224.19115525659498,-5.777500516309919,-12.96961739527065,-46.8578572593279,-1.1802613013573264,4.265484468790959,3.5918184018039554,-7.339503223328194,-1.9681023415750767,-3.951368537033744,-6.58193253269944
EC-Earth-Consortium,EC-Earth3-Veg-LR,r1i1p1f1,gr,historical,1866-04,1866,4,161.99163942875992,195.36261331624937,-112.34201384834003,-248.6822078005228,-3.8254989912304067,-13.669883705955794,-21.165351601039774,165.54918549462982,193.94768773026806,-121.36911048471737,-244.71414659154436,-3.5592308420521506,-11.316720965746057,-21.462335659162093,-3.5575460658699,1.4149255859813081,9.027096636377337,-3.9680612089784404,-0.26626814917825614,-2.3531627402097364,0.29698405812231954
EC-Earth-Consortium,EC-Earth3-Veg-LR,r1i1p1f1,gr,historical,1866-05,1866,5,267.8405716595551,228.40819366282741,-180.77456270048637,-281.5838644370567,-3.2496287725330375,-13.189272463561995,17.451436948744348,275.6543792863859,224.5590747925627,-196.4506719906339,-277.14177299595417,-1.8042443237938772,-10.700238938634309,14.116525829932366,-7.813807626830794,3.8491188702647037,15.676109290147537,-4.442091441102548,-1.4453844487391603,-2.4890335249276863,3.3349111188119824
EC-Earth-Consortium,EC-Earth3-Veg-LR,r1i1p1f1,gr,historical,1866-06,1866,6,295.1929801089226,264.18667383590594,-172.77490900920643,-308.59715667679035,-2.432680907412867,-14.765150578551978,60.809756772866876,296.31824615671405,264.6805788578032,-184.2618748228265,-305.99544242897827,-1.3256800948089977,-11.303420968742303,58.11240669916117,-1.125266047791456,-0.4939050218972625,11.486965813620088,-2.601714247812083,-1.1070008126038693,-3.461729609809675,2.6973500737057066
EC-Earth-Consortium,EC-Earth3-Veg-LR,r1i1p1f1,gr,historical,1866-07,1866,7,222.39226627678107,296.1249088035458,-91.27488548550573,-325.7782990330615,-0.35576319844015397,-11.209985235915477,89.89824212740402,225.98526739919413,289.5888849412498,-106.74472434052524,-319.32788691162557,-0.19383547240358012,-10.584539231081097,78.72316638480842,-3.5930011224130567,6.53602386229602,15.469838855019503,-6.450412121435932,-0.16192772603657385,-0.6254460048343802,11.175075742595595
EC-Earth-Consortium,EC-Earth3-Veg-LR,r1i1p1f1,gr,historical,1866-08,1866,8,138.22213629735361,294.7414837135455,-43.92125787744006,-326.00542975594396,-2.5087548958973684,-15.709818461549567,44.81835902006821,143.965143639584,285.514983779784,-56.61969220867284,-317.4160441353086,-0.736401837272086,-11.828037470306784,42.8799517678077,-5.743007342230385,9.226499933761488,12.698434331232775,-8.589385620635369,-1.7723530586252825,-3.881780991242783,1.938407252260511
EC-Earth-Consortium,EC-Earth3-Veg-LR,r1i1p1f1,gr,historical,1866-09,1866,9,71.4681943210496,264.0064594386977,-23.044123910673193,-308.4192979912534,-6.443021105576573,-21.622889812393623,-24.054679060149507,72.23187531070974,254.64399326285204,-29.49217390513061,-295.7570914889987,-3.0077420278618163,-14.867742559467041,-16.248881407896377,-0.7636809896601449,9.36246617584564,6.448049994457417,-12.662206502254719,-3.435279077714757,-6.755147252926582,-7.80579765225313
EC-Earth-Consortium,EC-Earth3-Veg-LR,r1i1p1f1,gr,historical,1866-10,1866,10,21.048584600467027,235.3949359656522,-6.958532804250458,-281.0068497159279,-11.489259287005188,-22.31464202964877,-65.32576327071311,21.17782998279387,219.68910623165684,-9.062038234793288,-263.59941570919926,-7.415014525185129,-17.082779513843093,-56.292311768570094,-0.12924538232684313,15.705829733995358,2.10350543054283,-17.407434006728636,-4.074244761820059,-5.231862515805677,-9.033451502143016
EC-Earth-Consortium,EC-Earth3-Veg-LR,r1i1p1f1,gr,historical,1866-11,1866,11,3.4711601697189938,205.57860852049512,-1.1255838062162014,-252.25490825267437,-9.006597381952595,-17.466112150968563,-70.80343290159763,3.573632890038961,193.44910051493784,-1.4677800076550447,-237.86279579461424,-8.81039866871152,-15.933404947758362,-67.05164601376235,-0.10247272031996735,12.129508005557284,0.34219620143884333,-14.392112458060126,-0.19619871324107585,-1.532707203210201,-3.75178688783528
EC-Earth-Consortium,EC-Earth3-Veg-LR,r1i1p1f1,gr,historical,1866-12,1866,12,0.8213533281196359,178.5349112886131,-0.34400157826052574,-227.34654479104907,-9.542837377006677,-16.854600650726116,-74.73171978030965,0.8443239133056458,179.53984894273685,-0.40726912356645945,-223.33948846597266,-7.907125970966346,-14.520666974641335,-65.79037767910431,-0.022970585186009917,-1.0049376541237507,0.0632675453059337,-4.007056325076405,-1.6357114060403308,-2.333933676084781,-8.941342101205336
EC-Earth-Consortium,EC-Earth3-Veg-LR,r1i1p1f1,gr,historical,1867-01,1867,1,1.8703215353280254,174.4476534042313,-0.9630406281307073,-221.56781255423036,-11.024689127668289,-18.384283423794272,-75.6218507942643,1.9670428406081912,174.6451682692201,-1.1134382139788777,-217.91294889189962,-7.277542063475359,-14.28956539960937,-63.98128345913492,-0.09672130528016587,-0.19751486498881832,0.1503975858481703,-3.6548636623307402,-3.74714706419293,-4.094718024184903,-11.640567335129383
EC-Earth-Consortium,EC-Earth3-Veg-LR,r1i1p1f1,gr,historical,1867-02,1867,2,12.005244340059997,173.10658688178475,-7.182268844601868,-220.3819846446653,-12.360233882322621,-20.245567139634186,-75.05822328937924,12.445773582853347,174.25857569933385,-8.050053493794298,-217.59834553205962,-6.931894885320205,-14.11158454395435,-59.98752917294128,-0.4405292427933496,-1.1519888175490962,0.8677846491924299,-2.7836391126056697,-5.428338997002416,-6.133982595679836,-15.070694116437963
EC-Earth-Consortium,EC-Earth3-Veg-LR,r1i1p1f1,gr,historical,1867-03,1867,3,58.717211165710296,186.31794078261652,-40.158822679931,-233.9408465000987,-6.845650538036996,-15.509109131016611,-51.4192769007565,59.86295421939759,178.6380625638465,-42.42060087439643,-224.19115525659498,-5.777500516309919,-12.96961739527065,-46.8578572593279,-1.1457430536872906,7.679878218770028,2.2617781944654283,-9.749691243503719,-1.0681500217270772,-2.539491735745962,-4.5614196414286
EC-Earth-Consortium,EC-Earth3-Veg-LR,r1i1p1f1,gr,historical,1867-04,1867,4,163.98107948241196,200.35628838823718,-115.36717807372203,-253.79080592789893,-6.395811229508093,-14.56308262803722,-25.779509988517127,165.54918549462982,193.94768773026806,-121.36911048471737,-244.71414659154436,-3.5592308420521506,-11.316720965746057,-21.462335659162093,-1.5681060122178678,6.408600657969117,6.001932410995337,-9.076659336354567,-2.836580387455942,-3.2463616622911626,-4.3171743293550335
EC-Earth-Consortium,EC-Earth3-Veg-LR,r1i1p1f1,gr,historical,1867-05,1867,5,274.83292385508764,226.27306499563747,-189.8515239251053,-281.7727955785212,-4.807227553037364,-14.256789537312528,10.41765225674871,275.6543792863859,224.5590747925627,-196.4506719906339,-277.14177299595417,-1.8042443237938772,-10.700238938634309,14.116525829932366,-0.8214554312982614,1.7139902030747578,6.5991480655285955,-4.631022582567027,-3.0029832292434864,-3.5565505986782195,-3.698873573183656
EC-Earth-Consortium,EC-Earth3-Veg-LR,r1i1p1f1,gr,historical,1867-06,1867,6,295.57871536503427,266.66130605755586,-174.85198556741443,-309.502510430575,-1.6012395850347436,-13.984225195412051,62.30006064415396,296.31824615671405,264.6805788578032,-184.2618748228265,-305.99544242897827,-1.3256800948089977,-11.303420968742303,58.11240669916117,-0.7395307916797833,1.980727199752664,9.409889255412082,-3.5070680015967355,-0.2755594902257459,-2.680804226669748,4.187653944992789
EC-Earth-Consortium,EC-Earth3-Veg-LR,r1i1p1f1,gr,historical,1867-07,1867,7,219.52786935448592,296.09900317503224,-87.99069661280522,-324.21466663842983,0.003282282381088308,-10.652020336253623,92.77277122441052,225.98526739919413,289.5888849412498,-106.74472434052524,-319.32788691162557,-0.19383547240358012,-10.584539231081097,78.72316638480842,-6.4573980447082135,6.510118233782464,18.754027727720015,-4.886779726804264,0.19711775478466842,-0.0674811051725257,14.049604839602097
EC-Earth-Consortium,EC-Earth3-Veg-LR,r1i1p1f1,gr,historical,1867-08,1867,8,137.37862238781642,295.95448639988894,-39.7893292290109,-325.58789122317205,0.4988411417033758,-12.52931738791745,55.92541208930832,143.965143639584,285.514983779784,-56.61969220867284,-317.4160441353086,-0.736401837272086,-11.828037470306784,42.8799517678077,-6.586521251767579,10.439502620104918,16.830362979661935,-8.171847087863455,1.2352429789754618,-0.7012799176106661,13.04546032150062
EC-Earth-Consortium,EC-Earth3-Veg-LR,r1i1p1f1,gr,historical,1867-09,1867,9,70.5061914452464,262.66175741671225,-23.614344633442318,-304.8517452277796,-3.6606180711909815,-18.347933994898384,-17.30669306535266,72.23187531070974,254.64399326285204,-29.49217390513061,-295.7570914889987,-3.0077420278618163,-14.867742559467041,-16.248881407896377,-1.7256838654633384,8.017764153860213,5.877829271688292,-9.094653738780892,-0.6528760433291652,-3.480191435431342,-1.0578116574562841
EC-Earth-Consortium,EC-Earth3-Veg-LR,r1i1p1f1,gr,historical,1867-10,1867,10,21.2184102892975,233.82081477403253,-8.0529874361491,-277.62379693027606,-6.306824319551698,-18.142216952983016,-55.08660057562983,21.17782998279387,219.68910623165684,-9.062038234793288,-263.59941570919926,-7.415014525185129,-17.082779513843093,-56.292311768570094,0.040580306503628094,14.13170854237569,1.0090507986441875,-14.024381221076794,1.1081902056334316,-1.0594374391399235,1.2057111929402637
EC-Earth-Consortium,EC-Earth3-Veg-LR,r1i1p1f1,gr,historical,1867-11,1867,11,3.5718215938522433,202.92708877536595,-1.4810202738702951,-247.6326147820421,-9.905122301503127,-18.642743633926425,-71.16259062212377,3.573632890038961,193.44910051493784,-1.4677800076550447,-237.86279579461424,-8.81039866871152,-15.933404947758362,-67.05164601376235,-0.0018112961867178257,9.477988260428106,-0.013240266215250429,-9.769818987427868,-1.0947236327916077,-2.7093386861680635,-4.110944608361422
EC-Earth-Consortium,EC-Earth3-Veg-LR,r1i1p1f1,gr,historical,1867-12,1867,12,0.7770861294907987,181.74317270426016,-0.35963594675411337,-228.9930647695679,-13.659631403596102,-21.678320397084924,-82.17039368325206,0.8443239133056458,179.53984894273685,-0.40726912356645945,-223.33948846597266,-7.907125970966346,-14.520666974641335,-65.79037767910431,-0.06723778381484713,2.2033237615233077,0.04763317681234608,-5.65357630359523,-5.752505432629755,-7.157653422443589,-16.38001600414775
EC-Earth-Consortium,EC-Earth3-Veg-LR,r1i1p1f1,gr,historical,1868-01,1868,1,1.8887541043952463,172.66422089852384,-1.0280945595992843,-220.06022563324566,-16.753101947639244,-21.449177170483754,-84.73762430804886,1.9670428406081912,174.6451682692201,-1.1134382139788777,-217.91294889189962,-7.277542063475359,-14.28956539960937,-63.98128345913492,-0.07828873621294496,-1.9809473706962706,0.08534365437959335,-2.1472767413460474,-9.475559884163886,-7.159611770874385,-20.756340848913943
EC-Earth-Consortium,EC-Earth3-Veg-LR,r1i1p1f1,gr,historical,1868-02,1868,2,12.145744663031197,185.79563412949463,-7.44933764762273,-226.86410932405005,-6.957339177279814,-13.851967608527264,-57.181374964954045,12.445773582853347,174.25857569933385,-8.050053493794298,-217.59834553205962,-6.931894885320205,-14.11158454395435,-59.98752917294128,-0.3000289198221502,11.537058430160783,0.6007158461715676,-9.265763791990423,-0.025444291959608734,0.2596169354270863,2.806154207987234
EC-Earth-Consortium,EC-Earth3-Veg-LR,r1i1p1f1,gr,historical,1868-03,1868,3,61.89073445635893,173.49481725994977,-42.06867314123693,-224.62064387274148,-7.528216070318824,-16.04562531123667,-54.87760667922521,59.86295421939759,178.6380625638465,-42.42060087439643,-224.19115525659498,-5.777500516309919,-12.96961739527065,-46.8578572593279,2.027780236961341,-5.14324530389672,0.3519277331594992,-0.42948861614650014,-1.750715554008905,-3.07600791596602,-8.019749419897309
EC-Earth-Consortium,EC-Earth3-Veg-LR,r1i1p1f1,gr,historical,1868-04,1868,4,167.83937274994392,196.1804607111605,-117.74853906266823,-251.12618831900164,-5.907751897843357,-14.481388179549327,-25.244033997958102,165.54918549462982,193.94768773026806,-121.36911048471737,-244.71414659154436,-3.5592308420521506,-11.316720965746057,-21.462335659162093,2.2901872553140947,2.2327729808924346,3.6205714220491387,-6.412041727457279,-2.3485210557912066,-3.16466721380327,-3.7816983387960086
EC-Earth-Consortium,EC-Earth3-Veg-LR,r1i1p1f1,gr,historical,1868-05,1868,5,271.27993332079313,233.37895155748285,-183.84919067065377,-286.48898380798295,-3.647838399819695,-14.496864254612051,16.17600774520752,275.6543792863859,224.5590747925627,-196.4506719906339,-277.14177299595417,-1.8042443237938772,-10.700238938634309,14.116525829932366,-4.37444596559277,8.819876764920139,12.601481319980138,-9.347210812028777,-1.8435940760258176,-3.7966253159777423,2.059481915275155
EC-Earth-Consortium,EC-Earth3-Veg-LR,r1i1p1f1,gr,historical,1868-06,1868,6,285.77254839329714,272.9379324382893,-161.41140503909654,-312.5971278672743,-1.9749945377841802,-13.386838604863959,69.34011478256748,296.31824615671405,264.6805788578032,-184.2618748228265,-305.99544242897827,-1.3256800948089977,-11.303420968742303,58.11240669916117,-10.54569776341691,8.257353580486097,22.850469783729977,-6.601685438296045,-0.6493144429751825,-2.0834176361216556,11.227708083406313
EC-Earth-Consortium,EC-Earth3-Veg-LR,r1i1p1f1,gr,historical,1868-07,1868,7,208.44094132738348,299.27857585155454,-80.08979585303392,-325.3160017494189,-0.10790169964516749,-10.595050795893265,91.61076708094677,225.98526739919413,289.5888849412498,-106.74472434052524,-319.32788691162557,-0.19383547240358012,-10.584539231081097,78.72316638480842,-17.544326071810644,9.689690910304762,26.65492848749132,-5.988114837793319,0.08593377275841263,-0.010511564812167862,12.88760069613835
EC-Earth-Consortium,EC-Earth3-Veg-LR,r1i1p1f1,gr,historical,1868-08,1868,8,130.44849838558616,297.7916520816948,-36.71992894555826,-326.8978908232539,-0.6882001437694772,-14.11518463774873,49.818945916950625,143.965143639584,285.514983779784,-56.61969220867284,-317.4160441353086,-0.736401837272086,-11.828037470306784,42.8799517678077,-13.516645253997837,12.276668301910775,19.89976326311458,-9.481846687945279,0.04820169350260872,-2.2871471674419457,6.938994149142928
EC-Earth-Consortium,EC-Earth3-Veg-LR,r1i1p1f1,gr,historical,1868-09,1868,9,66.59468843871312,267.96859607668523,-18.81837171850866,-310.58717997818934,-6.278119892738257,-20.03595089552603,-21.156337969563978,72.23187531070974,254.64399326285204,-29.49217390513061,-295.7570914889987,-3.0077420278618163,-14.867742559467041,-16.248881407896377,-5.637186871996619,13.324602813833195,10.673802186621948,-14.830088489190643,-3.2703778648764406,-5.16820833605899,-4.907456561667601
EC-Earth-Consortium,EC-Earth3-Veg-LR,r1i1p1f1,gr,historical,1868-10,1868,10,20.299803245856324,224.0600785504188,-6.627230936134556,-277.1511583852716,-14.152093927235345,-25.906393351299652,-79.47699480366599,21.17782998279387,219.68910623165684,-9.062038234793288,-263.59941570919926,-7.415014525185129,-17.082779513843093,-56.292311768570094,-0.8780267369375458,4.370972318761972,2.4348072986587326,-13.551742676072308,-6.737079402050216,-8.82361383745656,-23.184683035095894
EC-Earth-Consortium,EC-Earth3-Veg-LR,r1i1p1f1,gr,historical,1868-11,1868,11,3.4120595714634447,195.57162005895995,-1.3908530281210791,-248.19666874514462,-18.584961854770288,-25.211275150967253,-94.40007914857983,3.573632890038961,193.44910051493784,-1.4677800076550447,-237.86279579461424,-8.81039866871152,-15.933404947758362,-67.05164601376235,-0.16157331857551638,2.1225195440221114,0.07692697953396554,-10.333872950530377,-9.774563186058769,-9.277870203208892,-27.348433134817483
EC-Earth-Consortium,EC-Earth3-Veg-LR,r1i1p1f1,gr,historical,1868-12,1868,12,0.8001773542320034,189.30260975082214,-0.36588723899187725,-237.59118190198913,-14.513487567193923,-22.307020762427097,-84.67479036554789,0.8443239133056458,179.53984894273685,-0.40726912356645945,-223.33948846597266,-7.907125970966346,-14.520666974641335,-65.79037767910431,-0.0441465590736424,9.76276080808529,0.041381884574582195,-14.251693436016467,-6.606361596227577,-7.786353787785762,-18.884412686443582
EC-Earth-Consortium,EC-Earth3-Veg-LR,r1i1p1f1,gr,historical,1869-01,1869,1,1.8978273551451734,183.75688007585288,-0.9896941248169584,-231.28701390848454,-14.924310853147498,-22.547369154749664,-84.09368061020061,1.9670428406081912,174.6451682692201,-1.1134382139788777,-217.91294889189962,-7.277542063475359,-14.28956539960937,-63.98128345913492,-0.06921548546301781,9.11171180663277,0.12374408916191926,-13.374065016584922,-7.646768789672139,-8.257803755140294,-20.112397151065686
EC-Earth-Consortium,EC-Earth3-Veg-LR,r1i1p1f1,gr,historical,1869-02,1869,2,11.496179301458174,185.5958851544443,-6.756800347471021,-231.3167044899962,-9.52887198965055,-19.265614660206424,-69.77592703142174,12.445773582853347,174.25857569933385,-8.050053493794298,-217.59834553205962,-6.931894885320205,-14.11158454395435,-59.98752917294128,-0.9495942813951732,11.337309455110443,1.293253146323277,-13.718358957936573,-2.596977104330345,-5.154030116252073,-9.788397858480465
EC-Earth-Consortium,EC-Earth3-Veg-LR,r1i1p1f1,gr,historical,1869-03,1869,3,57.197664682720486,183.9755786362601,-37.96667920403123,-232.87434528932684,-12.425890860874823,-19.09405462483669,-61.187726660088984,59.86295421939759,178.6380625638465,-42.42060087439643,-224.19115525659498,-5.777500516309919,-12.96961739527065,-46.8578572593279,-2.6652895366771006,5.337516072413621,4.453921670365197,-8.683190032731858,-6.648390344564904,-6.124437229566041,-14.329869400761083
EC-Earth-Consortium,EC-Earth3-Veg-LR,r1i1p1f1,gr,historical,1869-04,1869,4,158.46408892185573,204.4385833386288,-110.07651391789663,-256.485587542712,-9.463595818601078,-17.760505512290116,-30.88353053101526,165.54918549462982,193.94768773026806,-121.36911048471737,-244.71414659154436,-3.5592308420521506,-11.316720965746057,-21.462335659162093,-7.085096572774091,10.490895608360745,11.292596566820734,-11.77144095116762,-5.904364976548928,-6.443784546544059,-9.421194871853167
EC-Earth-Consortium,EC-Earth3-Veg-LR,r1i1p1f1,gr,historical,1869-05,1869,5,275.04673807214607,226.45471701100675,-187.10871109115556,-283.1660778468023,-4.663946617239092,-13.558971193990809,13.00374833396504,275.6543792863859,224.5590747925627,-196.4506719906339,-277.14177299595417,-1.8042443237938772,-10.700238938634309,14.116525829932366,-0.607641214239834,1.8956422184440385,9.341960899478352,-6.024304850848125,-2.8597022934452148,-2.8587322553565,-1.1127774959673253
EC-Earth-Consortium,EC-Earth3-Veg-LR,r1i1p1f1,gr,historical,1869-06,1869,6,289.02395364610663,267.8158334696835,-168.90332586399023,-309.2081843754431,-0.22210883312878302,-11.310923047717306,67.1952449955107,296.31824615671405,264.6805788578032,-184.2618748228265,-305.99544242897827,-1.3256800948089977,-11.303420968742303,58.11240669916117,-7.29429251060742,3.1352546118803275,15.35854895883628,-3.2127419464648597,1.1035712616802147,-0.007502078975003101,9.082838296349536
EC-Earth-Consortium,EC-Earth3-Veg-LR,r1i1p1f1,gr,historical,1869-07,1869,7,218.66640017966282,293.8197870470853,-87.63857905212883,-322.6747882936262,0.426715152530026,-11.532446830692626,91.06708820283053,225.98526739919413,289.5888849412498,-106.74472434052524,-319.32788691162557,-0.19383547240358012,-10.584539231081097,78.72316638480842,-7.318867219531313,4.230902105835526,19.106145288396405,-3.346901382000624,0.6205506249336061,-0.9479075996115292,12.34392181802211
EC-Earth-Consortium,EC-Earth3-Veg-LR,r1i1p1f1,gr,historical,1869-08,1869,8,139.2002347729719,291.17389209531086,-44.11101035270497,-322.6697456565071,-0.8236975303601987,-12.45875555520306,50.310917773507455,143.965143639584,285.514983779784,-56.61969220867284,-317.4160441353086,-0.736401837272086,-11.828037470306784,42.8799517678077,-4.764908866612103,5.658908315526844,12.508681855967865,-5.253701521198479,-0.08729569308811269,-0.6307180848962766,7.430966005699759
EC-Earth-Consortium,EC-Earth3-Veg-LR,r1i1p1f1,gr,historical,1869-09,1869,9,71.65934014061966,263.3034200565261,-23.7172494196482,-305.75196590359604,-2.441489190331166,-14.698255056900344,-11.646199373330068,72.23187531070974,254.64399326285204,-29.49217390513061,-295.7570914889987,-3.0077420278618163,-14.867742559467041,-16.248881407896377,-0.5725351700900774,8.659426793674044,5.774924485482408,-9.994874414597348,0.5662528375306501,0.16948750256669776,4.602682034566309
EC-Earth-Consortium,EC-Earth3-Veg-LR,r1i1p1f1,gr,historical,1869-10,1869,10,21.335354161935232,226.41665721490617,-7.576861042482674,-273.7074082391275,-7.422867199570854,-19.927329513263622,-60.88245461760326,21.17782998279387,219.68910623165684,-9.062038234793288,-263.59941570919926,-7.415014525185129,-17.082779513843093,-56.292311768570094,0.15752417914136174,6.72755098324933,1.4851771923106138,-10.107992529928254,-0.00785267438572479,-2.844549999420529,-4.590142849033164
EC-Earth-Consortium,EC-Earth3-Veg-LR,r1i1p1f1,gr,historical,1869-11,1869,11,3.29759143544899,208.754708855779,-0.9425322932796969,-253.19539865333414,-10.508863331359503,-19.13560876047115,-71.7301027472165,3.573632890038961,193.44910051493784,-1.4677800076550447,-237.86279579461424,-8.81039866871152,-15.933404947758362,-67.05164601376235,-0.2760414545899712,15.305608340841161,0.5252477143753478,-15.332602858719895,-1.698464662647984,-3.2022038127127885,-4.678456733454155
EC-Earth-Consortium,EC-Earth3-Veg-LR,r1i1p1f1,gr,historical,1869-12,1869,12,0.845997363620717,178.73570021264655,-0.3257108732821161,-228.56733547727785,-15.330880741612303,-21.568053585786593,-86.2102831016916,0.8443239133056458,179.53984894273685,-0.40726912356645945,-223.33948846597266,-7.907125970966346,-14.520666974641335,-65.79037767910431,0.0016734503150711566,-0.8041487300903043,0.08155825028434333,-5.227847011305187,-7.423754770645957,-7.047386611145258,-20.41990542258729
EC-Earth-Consortium,EC-Earth3-Veg-LR,r1i1p1f1,gr,historical,1870-01,1870,1,1.8764724369276795,176.72141974415092,-0.9785966579207954,-222.9321434647605,-13.09656656501758,-19.98604147614662,-78.39545598276689,1.9670428406081912,174.6451682692201,-1.1134382139788777,-217.91294889189962,-7.277542063475359,-14.28956539960937,-63.98128345913492,-0.09057040368051172,2.076251474930814,0.13484155605808223,-5.019194572860869,-5.819024501542222,-5.696476076537252,-14.414172523631969
EC-Earth-Consortium,EC-Earth3-Veg-LR,r1i1p1f1,gr,historical,1870-02,1870,2,11.868254101648878,180.92740590051562,-7.381246146016079,-223.6856257289519,-8.81372674061699,-16.00329089235337,-63.088229505773825,12.445773582853347,174.25857569933385,-8.050053493794298,-217.59834553205962,-6.931894885320205,-14.11158454395435,-59.98752917294128,-0.5775194812044688,6.668830201181777,0.6688073477782188,-6.087280196892266,-1.8818318552967854,-1.891706348399019,-3.1007003328325453
EC-Earth-Consortium,EC-Earth3-Veg-LR,r1i1p1f1,gr,historical,1870-03,1870,3,57.35814382536927,192.87202010093313,-38.74911976488516,-238.5908026814476,-4.623135127480357,-16.30396822463526,-48.036861872145984,59.86295421939759,178.6380625638465,-42.42060087439643,-224.19115525659498,-5.777500516309919,-12.96961739527065,-46.8578572593279,-2.5048103940283184,14.233957537086638,3.6714811095112694,-14.399647424852617,1.1543653888295617,-3.3343508293646096,-1.1790046128180833
EC-Earth-Consortium,EC-Earth3-Veg-LR,r1i1p1f1,gr,historical,1870-04,1870,4,156.95527561075966,212.2576167112001,-109.66378966272501,-260.50397998184,0.454462410230539,-10.808641206726579,-11.309056119101268,165.54918549462982,193.94768773026806,-121.36911048471737,-244.71414659154436,-3.5592308420521506,-11.316720965746057,-21.462335659162093,-8.593909883870168,18.30992898093203,11.705320821992359,-15.789833390295655,4.01369325228269,0.5080797590194788,10.153279540060826
EC-Earth-Consortium,EC-Earth3-Veg-LR,r1i1p1f1,gr,historical,1870-05,1870,5,272.7969861810356,225.8102261430904,-185.01610228541256,-281.69129697016695,-2.0792052698326704,-12.967536311619636,16.8530714870942,275.6543792863859,224.5590747925627,-196.4506719906339,-277.14177299595417,-1.8042443237938772,-10.700238938634309,14.116525829932366,-2.8573931053502974,1.2511513505276923,11.43456970522135,-4.549523974212775,-0.2749609460387932,-2.267297372985327,2.7365456571618356
EC-Earth-Consortium,EC-Earth3-Veg-LR,r1i1p1f1,gr,historical,1870-06,1870,6,292.5931473750575,267.72190467607476,-170.78613924185197,-310.0891013737572,-2.355346355171327,-12.526045767045863,64.55841931330592,296.31824615671405,264.6805788578032,-184.2618748228265,-305.99544242897827,-1.3256800948089977,-11.303420968742303,58.11240669916117,-3.725098781656527,3.0413258182715595,13.475735580974543,-4.0936589447789515,-1.0296662603623292,-1.2226247983035599,6.446012614144749
EC-Earth-Consortium,EC-Earth3-Veg-LR,r1i1p1f1,gr,historical,1870-07,1870,7,216.0379112191935,296.42895275940543,-84.75452415787765,-325.8329864244398,-0.8860405172764697,-11.872858581983955,89.12045429702101,225.98526739919413,289.5888849412498,-106.74472434052524,-319.32788691162557,-0.19383547240358012,-10.584539231081097,78.72316638480842,-9.94735618000064,6.84006781815566,21.990200182647584,-6.50509951281424,-0.6922050448728896,-1.2883193509028583,10.39728791221259
EC-Earth-Consortium,EC-Earth3-Veg-LR,r1i1p1f1,gr,historical,1870-08,1870,8,141.68013434504584,290.3908041839515,-45.202061956658305,-324.9926139584604,-2.968156841623311,-16.901910822759802,42.00619494949545,143.965143639584,285.514983779784,-56.61969220867284,-317.4160441353086,-0.736401837272086,-11.828037470306784,42.8799517678077,-2.285009294538156,4.875820404167484,11.417630252014533,-7.576569823151829,-2.231755004351225,-5.073873352453019,-0.8737568183122448
EC-Earth-Consortium,EC-Earth3-Veg-LR,r1i1p1f1,gr,historical,1870-09,1870,9,70.98524442488291,264.9359010392795,-24.459856390149298,-305.98688215911585,-2.0446015513817533,-15.584470627318606,-12.1546652638031,72.23187531070974,254.64399326285204,-29.49217390513061,-295.7570914889987,-3.0077420278618163,-14.867742559467041,-16.248881407896377,-1.246630885826832,10.29190777642745,5.032317514981312,-10.229790670117154,0.9631404764800631,-0.7167280678515642,4.094216144093277
EC-Earth-Consortium,EC-Earth3-Veg-LR,r1i1p1f1,gr,historical,1870-10,1870,10,20.420682858058335,239.4160450459541,-7.392823716378298,-282.2628231736626,-7.487129146689724,-19.466099816470752,-56.77214794918893,21.17782998279387,219.68910623165684,-9.062038234793288,-263.59941570919926,-7.415014525185129,-17.082779513843093,-56.292311768570094,-0.7571471247355355,19.726938814297256,1.6692145184149902,-18.66340746446332,-0.07211462150459447,-2.3833203026276593,-0.4798361806188325
EC-Earth-Consortium,EC-Earth3-Veg-LR,r1i1p1f1,gr,historical,1870-11,1870,11,3.359494558244054,197.67942364791318,-1.054662005897082,-249.2391491621682,-12.459442419762315,-22.820336260316505,-84.53467164198686,3.573632890038961,193.44910051493784,-1.4677800076550447,-237.86279579461424,-8.81039866871152,-15.933404947758362,-67.05164601376235,-0.21413833179490727,4.230323132975343,0.41311800175796276,-11.376353367553946,-3.6490437510507956,-6.8869313125581435,-17.48302562822451
EC-Earth-Consortium,EC-Earth3-Veg-LR,r1i1p1f1,gr,historical,1870-12,1870,12,0.8094873363689995,190.02253932057792,-0.32744914362362265,-236.47867968488583,-6.971553519387545,-17.319215512551242,-70.26487120350133,0.8443239133056458,179.53984894273685,-0.40726912356645945,-223.33948846597266,-7.907125970966346,-14.520666974641335,-65.79037767910431,-0.034836576936646324,10.482690377841067,0.0798199799428368,-13.139191218913169,0.9355724515788015,-2.798548537909907,-4.474493524397019
EC-Earth-Consortium,EC-Earth3-Veg-LR,r1i1p1f1,gr,historical,1871-01,1871,1,1.8418262690659586,199.86054505560912,-0.8900880702563252,-243.11539304046102,-8.85547625815055,-21.45807603812613,-72.61666208231892,1.9670428406081912,174.6451682692201,-1.1134382139788777,-217.91294889189962,-7.277542063475359,-14.28956539960937,-63.98128345913492,-0.12521657154223265,25.215376786389015,0.22335014372255246,-25.202444148561398,-1.5779341946751906,-7.168510638516761,-8.635378623184003
EC-Earth-Consortium,EC-Earth3-Veg-LR,r1i1p1f1,gr,historical,1871-02,1871,2,11.69415912624712,179.05583732440832,-6.6496653788136175,-228.01786536097052,-18.893056163619118,-26.893176116951608,-89.70376656969943,12.445773582853347,174.25857569933385,-8.050053493794298,-217.59834553205962,-6.931894885320205,-14.11158454395435,-59.98752917294128,-0.7516144566062266,4.797261625074469,1.4003881149806805,-10.419519828910893,-11.961161278298913,-12.781591572997257,-29.716237396758146
EC-Earth-Consortium,EC-Earth3-Veg-LR,r1i1p1f1,gr,historical,1871-03,1871,3,55.71748629977193,194.28749873094475,-36.16264481179709,-240.08035206934622,-6.298840430122661,-16.101391331480762,-48.63824361203005,59.86295421939759,178.6380625638465,-42.42060087439643,-224.19115525659498,-5.777500516309919,-12.96961739527065,-46.8578572593279,-4.145467919625659,15.649436167098258,6.257956062599341,-15.889196812751237,-0.5213399138127421,-3.131773936210113,-1.780386352702152
EC-Earth-Consortium,EC-Earth3-Veg-LR,r1i1p1f1,gr,historical,1871-04,1871,4,158.6446104767715,207.14106690456353,-108.86377426248733,-261.52187544860266,-8.562147473226805,-19.42743042450061,-32.58955022748232,165.54918549462982,193.94768773026806,-121.36911048471737,-244.71414659154436,-3.5592308420521506,-11.316720965746057,-21.462335659162093,-6.9045750178583205,13.193379174295472,12.505336222230042,-16.807728857058294,-5.002916631174655,-8.110709458754553,-11.127214568320227
EC-Earth-Consortium,EC-Earth3-Veg-LR,r1i1p1f1,gr,historical,1871-05,1871,5,265.80513835331413,233.45897961406078,-174.66734204661705,-287.67714376791656,-1.2753174612896494,-12.341819052975552,23.302495638576104,275.6543792863859,224.5590747925627,-196.4506719906339,-277.14177299595417,-1.8042443237938772,-10.700238938634309,14.116525829932366,-9.84924093307177,8.899904821498069,21.783329944016856,-10.535370771962391,0.5289268625042278,-1.6415801143412434,9.185969808643739
EC-Earth-Consortium,EC-Earth3-Veg-LR,r1i1p1f1,gr,historical,1871-06,1871,6,285.05811698058204,272.94681940559514,-156.6963773374799,-313.87612633481046,-1.5600223693444517,-13.807210963243076,72.06519938129925,296.31824615671405,264.6805788578032,-184.2618748228265,-305.99544242897827,-1.3256800948089977,-11.303420968742303,58.11240669916117,-11.260129176132011,8.266240547791938,27.56549748534661,-7.8806839058322,-0.23434227453545398,-2.5037899945007727,13.952792682138082
EC-Earth-Consortium,EC-Earth3-Veg-LR,r1i1p1f1,gr,historical,1871-07,1871,7,215.3684370668734,297.03935208423167,-79.48692928102223,-327.41805909042716,-0.5428096802767765,-12.44584360638848,92.51414749299047,225.98526739919413,289.5888849412498,-106.74472434052524,-319.32788691162557,-0.19383547240358012,-10.584539231081097,78.72316638480842,-10.616830332320717,7.450467142981893,27.25779505950301,-8.090172178801595,-0.34897420787319633,-1.861304375307384,13.790981108182052
EC-Earth-Consortium,EC-Earth3-Veg-LR,r1i1p1f1,gr,historical,1871-08,1871,8,139.70277520352388,293.0658462190456,-41.46986925420025,-327.2294738938517,-2.674398456316224,-15.095590564208404,46.29928925399287,143.965143639584,285.514983779784,-56.61969220867284,-317.4160441353086,-0.736401837272086,-11.828037470306784,42.8799517678077,-4.262368436060115,7.550862439261607,15.14982295447259,-9.813429758543123,-1.937996619044138,-3.26755309390162,3.419337486185171
EC-Earth-Consortium,EC-Earth3-Veg-LR,r1i1p1f1,gr,historical,1871-09,1871,9,70.41026431324939,268.918497274944,-21.28758166546921,-312.92965839555274,-5.162542597690565,-20.945647642978287,-20.996668713497375,72.23187531070974,254.64399326285204,-29.49217390513061,-295.7570914889987,-3.0077420278618163,-14.867742559467041,-16.248881407896377,-1.821610997460354,14.274504012091967,8.204592239661398,-17.17256690655404,-2.1548005698287485,-6.077905083511245,-4.747787305600998
EC-Earth-Consortium,EC-Earth3-Veg-LR,r1i1p1f1,gr,historical,1871-10,1871,10,20.730780802550647,238.7253760785257,-6.245071508061215,-286.6535260744134,-10.934643340020742,-25.21811353654211,-69.59519757796107,21.17782998279387,219.68910623165684,-9.062038234793288,-263.59941570919926,-7.415014525185129,-17.082779513843093,-56.292311768570094,-0.4470491802432228,19.036269846868862,2.8169667267320735,-23.054110365214115,-3.5196288148356123,-8.135334022699016,-13.302885809390979
EC-Earth-Consortium,EC-Earth3-Veg-LR,r1i1p1f1,gr,historical,1871-11,1871,11,3.4648243226245197,204.73012417771568,-1.0405795834044436,-253.54979776738676,-14.415087778764244,-22.407224648283915,-83.21774127749919,3.573632890038961,193.44910051493784,-1.4677800076550447,-237.86279579461424,-8.81039866871152,-15.933404947758362,-67.05164601376235,-0.10880856741444145,11.28102366277784,0.4272004242506011,-15.68700197277252,-5.604689110052725,-6.473819700525553,-16.166095263736835
EC-Earth-Consortium,EC-Earth3-Veg-LR,r1i1p1f1,gr,historical,1871-12,1871,12,0.7705405654881935,197.94824860163158,-0.2709125455096076,-244.57078672444936,-17.563562211361013,-24.024501470938834,-87.71097378513905,0.8443239133056458,179.53984894273685,-0.40726912356645945,-223.33948846597266,-7.907125970966346,-14.520666974641335,-65.79037767910431,-0.07378334781745233,18.408399658894723,0.13635657805685186,-21.2312982584767,-9.656436240394667,-9.503834496297499,-21.920596106034736
EC-Earth-Consortium,EC-Earth3-Veg-LR,r1i1p1f1,gr,historical,1872-01,1872,1,1.8795352264150214,177.28168149061594,-0.8933903201144199,-224.8761711725971,-12.76401403566698,-18.63929815577014,-78.01165696711769,1.9670428406081912,174.6451682692201,-1.1134382139788777,-217.91294889189962,-7.277542063475359,-14.28956539960937,-63.98128345913492,-0.08750761419316988,2.6365132213958304,0.22004789386445778,-6.963222280697494,-5.486471972191621,-4.349732756160769,-14.030373507982766
EC-Earth-Consortium,EC-Earth3-Veg-LR,r1i1p1f1,gr,historical,1872-02,1872,2,12.396976514215432,187.3736806367589,-7.568959025583358,-231.96398048718575,-9.325228837765945,-19.83672763655804,-68.92423883611876,12.445773582853347,174.25857569933385,-8.050053493794298,-217.59834553205962,-6.931894885320205,-14.11158454395435,-59.98752917294128,-0.04879706863791533,13.115104937425059,0.48109446821093993,-14.365634955126126,-2.3933339524457393,-5.725143092603691,-8.936709663177481
EC-Earth-Consortium,EC-Earth3-Veg-LR,r1i1p1f1,gr,historical,1872-03,1872,3,60.5207476456586,183.4134005034046,-41.26257758049139,-233.65350504177383,-10.321375268158977,-21.204870202358244,-62.508179943719206,59.86295421939759,178.6380625638465,-42.42060087439643,-224.19115525659498,-5.777500516309919,-12.96961739527065,-46.8578572593279,0.6577934262610157,4.7753379395581135,1.158023293905039,-9.462349785178844,-4.543874751849058,-8.235252807087594,-15.650322684391305
EC-Earth-Consortium,EC-Earth3-Veg-LR,r1i1p1f1,gr,historical,1872-04,1872,4,162.1451907972939,203.1640700889841,-113.46456693063168,-256.0175193641321,-5.379987952260618,-17.110641609028306,-26.6634549697747,165.54918549462982,193.94768773026806,-121.36911048471737,-244.71414659154436,-3.5592308420521506,-11.316720965746057,-21.462335659162093,-3.403994697335918,9.216382358716032,7.904543554085691,-11.30337277258775,-1.8207571102084672,-5.793920643282249,-5.201119310612608
EC-Earth-Consortium,EC-Earth3-Veg-LR,r1i1p1f1,gr,historical,1872-05,1872,5,273.44594009267837,230.6482075247997,-183.59933801690167,-285.44925665010027,-1.5683177735328346,-12.284256733136207,21.192978443807025,275.6543792863859,224.5590747925627,-196.4506719906339,-277.14177299595417,-1.8042443237938772,-10.700238938634309,14.116525829932366,-2.208439193707534,6.089132732236976,12.851333973732238,-8.307483654146097,0.2359265502610426,-1.5840177945018983,7.076452613874659
EC-Earth-Consortium,EC-Earth3-Veg-LR,r1i1p1f1,gr,historical,1872-06,1872,6,289.1334713014562,269.0469176355676,-163.97067160628706,-311.40519869281707,-0.1252565282678004,-12.573469824160794,70.10579228549102,296.31824615671405,264.6805788578032,-184.2618748228265,-305.99544242897827,-1.3256800948089977,-11.303420968742303,58.11240669916117,-7.184774855257842,4.366338777764383,20.291203216539458,-5.409756263838801,1.2004235665411973,-1.2700488554184908,11.99338558632985
EC-Earth-Consortium,EC-Earth3-Veg-LR,r1i1p1f1,gr,historical,1872-07,1872,7,216.43998952149371,294.7751270763947,-87.40839159308551,-324.28627011559024,-1.1593083023695003,-12.981174328470344,85.37997225837282,225.98526739919413,289.5888849412498,-106.74472434052524,-319.32788691162557,-0.19383547240358012,-10.584539231081097,78.72316638480842,-9.545277877700414,5.186242135144937,19.336332747439727,-4.958383203964672,-0.9654728299659202,-2.3966350973892467,6.6568058735643945
EC-Earth-Consortium,EC-Earth3-Veg-LR,r1i1p1f1,gr,historical,1872-08,1872,8,133.9226450001986,293.4455391440123,-41.86744381707795,-323.88162304237983,-0.35622033662538316,-13.341355665400881,47.92154128272682,143.965143639584,285.514983779784,-56.61969220867284,-317.4160441353086,-0.736401837272086,-11.828037470306784,42.8799517678077,-10.0424986393854,7.930555364228269,14.75224839159489,-6.465578907071233,0.3801815006467028,-1.5133181950940973,5.041589514919124
EC-Earth-Consortium,EC-Earth3-Veg-LR,r1i1p1f1,gr,historical,1872-09,1872,9,68.96110439332979,259.58077803985265,-22.74962320947902,-303.2486502092203,-4.0379251598568535,-17.142644708154652,-18.636960853528368,72.23187531070974,254.64399326285204,-29.49217390513061,-295.7570914889987,-3.0077420278618163,-14.867742559467041,-16.248881407896377,-3.2707709173799486,4.936784777000611,6.742550695651591,-7.491558720221576,-1.0301831319950372,-2.2749021486876106,-2.388079445631991
EC-Earth-Consortium,EC-Earth3-Veg-LR,r1i1p1f1,gr,historical,1872-10,1872,10,19.804730275140766,227.40615620049758,-7.178499388584842,-274.90270202852355,-11.65268074168008,-24.672642110504594,-71.19563779365471,21.17782998279387,219.68910623165684,-9.062038234793288,-263.59941570919926,-7.415014525185129,-17.082779513843093,-56.292311768570094,-1.373099707653104,7.71704996884074,1.8835388462084461,-11.303286319324286,-4.23766621649495,-7.589862596661501,-14.903326025084617
EC-Earth-Consortium,EC-Earth3-Veg-LR,r1i1p1f1,gr,historical,1872-11,1872,11,3.3590792838308086,204.3144341492892,-1.089109969143004,-250.19148325081852,-15.07201214240624,-21.746554237432804,-80.42564616668056,3.573632890038961,193.44910051493784,-1.4677800076550447,-237.86279579461424,-8.81039866871152,-15.933404947758362,-67.05164601376235,-0.21455360620815256,10.865333634351373,0.37867003851204073,-12.328687456204278,-6.261613473694721,-5.813149289674442,-13.374000152918214
EC-Earth-Consortium,EC-Earth3-Veg-LR,r1i1p1f1,gr,historical,1872-12,1872,12,0.7710727032768208,183.14094163001363,-0.3450809677974884,-229.8602327268542,-17.571908328317683,-21.56165260975088,-85.42686029942982,0.8443239133056458,179.53984894273685,-0.40726912356645945,-223.33948846597266,-7.907125970966346,-14.520666974641335,-65.79037767910431,-0.07325121002882506,3.6010926872767755,0.06218815576897102,-6.520744260881543,-9.664782357351337,-7.040985635109545,-19.63648262032551
EC-Earth-Consortium,EC-Earth3-Veg-LR,r1i1p1f1,gr,historical,1873-01,1873,1,1.9502286436020242,190.8256977937371,-1.094797176152974,-233.68009749756934,-8.028285205897598,-17.797865292286016,-67.82511873456679,1.9670428406081912,174.6451682692201,-1.1134382139788777,-217.91294889189962,-7.277542063475359,-14.28956539960937,-63.98128345913492,-0.016814197006167042,16.180529524517,0.01864103782590365,-15.767148605669718,-0.7507431424222393,-3.5082998926766464,-3.8438352754318643
EC-Earth-Consortium,EC-Earth3-Veg-LR,r1i1p1f1,gr,historical,1873-02,1873,2,12.149195519720148,177.04650677680073,-7.469571549734745,-222.95143223030783,-14.539513596766557,-21.35175555944141,-77.11657063972969,12.445773582853347,174.25857569933385,-8.050053493794298,-217.59834553205962,-6.931894885320205,-14.11158454395435,-59.98752917294128,-0.29657806313319846,2.7879310774668795,0.580481944059553,-5.353086698248205,-7.607618711446352,-7.240171015487061,-17.129041466788408
EC-Earth-Consortium,EC-Earth3-Veg-LR,r1i1p1f1,gr,historical,1873-03,1873,3,59.27972682793866,182.50980364540345,-39.728367293569214,-231.8265996104107,-10.448658308698464,-18.670674112239226,-58.88476885157552,59.86295421939759,178.6380625638465,-42.42060087439643,-224.19115525659498,-5.777500516309919,-12.96961739527065,-46.8578572593279,-0.5832273914589265,3.871741081556962,2.6922335808272138,-7.635444353815728,-4.671157792388545,-5.701056716968576,-12.026911592247622
EC-Earth-Consortium,EC-Earth3-Veg-LR,r1i1p1f1,gr,historical,1873-04,1873,4,160.52681962857596,202.22507469614263,-112.63501587538116,-253.7324152958769,-6.067815035319641,-14.253997654671297,-23.937349536530405,165.54918549462982,193.94768773026806,-121.36911048471737,-244.71414659154436,-3.5592308420521506,-11.316720965746057,-21.462335659162093,-5.02236586605386,8.27738696587457,8.73409460933621,-9.018268704332542,-2.5085841932674904,-2.9372766889252393,-2.475013877368312
EC-Earth-Consortium,EC-Earth3-Veg-LR,r1i1p1f1,gr,historical,1873-05,1873,5,272.8164331161718,224.28049728514833,-187.44523858100806,-280.43079016605327,-2.933486191999881,-12.797182995335376,13.490232466923537,275.6543792863859,224.5590747925627,-196.4506719906339,-277.14177299595417,-1.8042443237938772,-10.700238938634309,14.116525829932366,-2.8379461702140816,-0.2785775074143828,9.005433409625851,-3.2890171700991004,-1.129241868206004,-2.0969440567010675,-0.6262933630088288
EC-Earth-Consortium,EC-Earth3-Veg-LR,r1i1p1f1,gr,historical,1873-06,1873,6,276.56951672474185,277.8559295243859,-158.9930709280416,-313.8420145795941,-1.3892299976490223,-12.309643203534353,67.8914875403087,296.31824615671405,264.6805788578032,-184.2618748228265,-305.99544242897827,-1.3256800948089977,-11.303420968742303,58.11240669916117,-19.748729431972208,13.175350666582688,25.268803894784924,-7.8465721506158275,-0.0635499028400246,-1.00622223479205,9.779080841147533
EC-Earth-Consortium,EC-Earth3-Veg-LR,r1i1p1f1,gr,historical,1873-07,1873,7,227.25919355715624,289.5893489217695,-94.37793569463638,-323.84217652568555,-0.7157428297866624,-14.2223902177472,83.69029721106996,225.98526739919413,289.5888849412498,-106.74472434052524,-319.32788691162557,-0.19383547240358012,-10.584539231081097,78.72316638480842,1.2739261579621086,0.0004639805197257374,12.36678864588886,-4.514289614059976,-0.5219073573830822,-3.6378509866661037,4.967130826261538
EC-Earth-Consortium,EC-Earth3-Veg-LR,r1i1p1f1,gr,historical,1873-08,1873,8,146.49434107624054,289.81120514473884,-47.277474776501684,-325.100376450335,-2.7965685438384016,-16.236091063341064,44.8950353869633,143.965143639584,285.514983779784,-56.61969220867284,-317.4160441353086,-0.736401837272086,-11.828037470306784,42.8799517678077,2.5291974366565455,4.2962213649548175,9.342217432171154,-7.684332315026381,-2.0601667065663154,-4.40805359303428,2.015083619155604
EC-Earth-Consortium,EC-Earth3-Veg-LR,r1i1p1f1,gr,historical,1873-09,1873,9,71.52125599355207,261.64633879332547,-24.765831796043418,-305.5437151570316,-5.053700440406798,-19.19844507454591,-21.394097681150193,72.23187531070974,254.64399326285204,-29.49217390513061,-295.7570914889987,-3.0077420278618163,-14.867742559467041,-16.248881407896377,-0.7106193171576649,7.002345530473434,4.7263421090871915,-9.786623668032917,-2.045958412544982,-4.330702515078867,-5.145216273253816
EC-Earth-Consortium,EC-Earth3-Veg-LR,r1i1p1f1,gr,historical,1873-10,1873,10,20.98623839506929,229.0844332042829,-7.432187501421887,-276.1727388821146,-11.519629660771406,-22.906891289858283,-67.96077573481396,21.17782998279387,219.68910623165684,-9.062038234793288,-263.59941570919926,-7.415014525185129,-17.082779513843093,-56.292311768570094,-0.19159158772458085,9.395326972626066,1.6298507333714012,-12.573323172915309,-4.104615135586276,-5.82411177601519,-11.66846396624387
EC-Earth-Consortium,EC-Earth3-Veg-LR,r1i1p1f1,gr,historical,1873-11,1873,11,3.3559413981001,207.1855659686556,-1.0316547721484373,-252.88561446084017,-11.05435136844434,-20.008305790341698,-74.43841902501896,3.573632890038961,193.44910051493784,-1.4677800076550447,-237.86279579461424,-8.81039866871152,-15.933404947758362,-67.05164601376235,-0.21769149193886106,13.736465453717756,0.4361252355066074,-15.02281866622593,-2.243952699732821,-4.074900842583336,-7.386773011256608
EC-Earth-Consortium,EC-Earth3-Veg-LR,r1i1p1f1,gr,historical,1873-12,1873,12,0.8006544774100758,189.18997727031882,-0.31577697848656133,-234.68880197071798,-9.790609652811936,-16.607612263056488,-71.41216911734406,0.8443239133056458,179.53984894273685,-0.40726912356645945,-223.33948846597266,-7.907125970966346,-14.520666974641335,-65.79037767910431,-0.04366943589557004,9.650128327581967,0.09149214507989811,-11.34931350474531,-1.8834836818455898,-2.086945288415153,-5.621791438239754
EC-Earth-Consortium,EC-Earth3-Veg-LR,r1i1p1f1,gr,historical,1874-01,1874,1,1.8602302891590201,185.80526443303125,-0.9060486039355581,-233.02128057817643,-6.528987049249314,-18.69568126962991,-71.48650277880091,1.9670428406081912,174.6451682692201,-1.1134382139788777,-217.91294889189962,-7.277542063475359,-14.28956539960937,-63.98128345913492,-0.10681255144917112,11.160096163811147,0.20738961004331957,-15.108331686276813,0.7485550142260449,-4.4061158700205425,-7.50521931966599
EC-Earth-Consortium,EC-Earth3-Veg-LR,r1i1p1f1,gr,historical,1874-02,1874,2,12.090006713003064,177.5203443058174,-6.980429411457183,-225.93163892853656,-11.12000124948702,-20.266973134774748,-74.68869170543506,12.445773582853347,174.25857569933385,-8.050053493794298,-217.59834553205962,-6.931894885320205,-14.11158454395435,-59.98752917294128,-0.3557668698502834,3.2617686064835425,1.069624082337115,-8.333293396476932,-4.188106364166814,-6.155388590820397,-14.701162532493782
EC-Earth-Consortium,EC-Earth3-Veg-LR,r1i1p1f1,gr,historical,1874-03,1874,3,56.90742719896531,180.1682030643803,-37.55354200509525,-228.5947767528781,-10.6323695388049,-19.052773184062715,-58.75783121749537,59.86295421939759,178.6380625638465,-42.42060087439643,-224.19115525659498,-5.777500516309919,-12.96961739527065,-46.8578572593279,-2.955527020432278,1.530140500533804,4.867058869301175,-4.403621496283108,-4.854869022494981,-6.083155788792066,-11.899973958167472
EC-Earth-Consortium,EC-Earth3-Veg-LR,r1i1p1f1,gr,historical,1874-04,1874,4,163.3672574736057,196.4340290484833,-112.32631424833633,-251.38872851019156,-6.381914154389908,-14.707792108239568,-25.003462499068405,165.54918549462982,193.94768773026806,-121.36911048471737,-244.71414659154436,-3.5592308420521506,-11.316720965746057,-21.462335659162093,-2.1819280210241345,2.4863413182152385,9.042796236381037,-6.674581918647192,-2.8226833123377575,-3.3910711424935105,-3.541126839906312
EC-Earth-Consortium,EC-Earth3-Veg-LR,r1i1p1f1,gr,historical,1874-05,1874,5,264.91717020868066,232.98456011103775,-179.88615219626453,-284.0810896682616,-1.0134426581790155,-11.050249829696575,21.870795967316717,275.6543792863859,224.5590747925627,-196.4506719906339,-277.14177299595417,-1.8042443237938772,-10.700238938634309,14.116525829932366,-10.737209077705245,8.42548531847504,16.564519794369374,-6.939316672307427,0.7908016656148618,-0.3500108910622668,7.754270137384351
EC-Earth-Consortium,EC-Earth3-Veg-LR,r1i1p1f1,gr,historical,1874-06,1874,6,289.9854364516138,268.6176436035836,-166.44784878796244,-311.5241996235355,-2.2947947148158994,-13.728812396604628,64.60742453227886,296.31824615671405,264.6805788578032,-184.2618748228265,-305.99544242897827,-1.3256800948089977,-11.303420968742303,58.11240669916117,-6.33280970510026,3.93706474578039,17.81402603486407,-5.528757194557215,-0.9691146200069016,-2.4253914278623245,6.495017833117686
EC-Earth-Consortium,EC-Earth3-Veg-LR,r1i1p1f1,gr,historical,1874-07,1874,7,224.8802642855789,294.2594859633185,-93.35901594400882,-325.25457535397106,-0.8824521979382005,-12.497787714225252,87.14591903875402,225.98526739919413,289.5888849412498,-106.74472434052524,-319.32788691162557,-0.19383547240358012,-10.584539231081097,78.72316638480842,-1.1050031136152256,4.670601022068752,13.38570839651642,-5.926688442345494,-0.6886167255346204,-1.9132484831441552,8.422752653945594
EC-Earth-Consortium,EC-Earth3-Veg-LR,r1i1p1f1,gr,historical,1874-08,1874,8,141.37325009859623,292.6578939458622,-44.8355934613846,-326.20464008374,-1.1700550329463293,-15.532059650195857,46.28879581619165,143.965143639584,285.514983779784,-56.61969220867284,-317.4160441353086,-0.736401837272086,-11.828037470306784,42.8799517678077,-2.591893540987769,7.142910166078195,11.78409874728824,-8.788595948431407,-0.4336531956742433,-3.7040221798890727,3.408844048383955
EC-Earth-Consortium,EC-Earth3-Veg-LR,r1i1p1f1,gr,historical,1874-09,1874,9,69.82424127479679,268.747109560907,-24.79620801354151,-308.64807600014103,-2.8417310190993144,-15.997842304059663,-13.7125065011377,72.23187531070974,254.64399326285204,-29.49217390513061,-295.7570914889987,-3.0077420278618163,-14.867742559467041,-16.248881407896377,-2.407634035912949,14.103116298054971,4.6959658915891005,-12.890984511142335,0.16601100876250197,-1.1300997445926217,2.5363749067586774
EC-Earth-Consortium,EC-Earth3-Veg-LR,r1i1p1f1,gr,historical,1874-10,1874,10,21.457221080877726,227.0328003022497,-7.557569087265021,-274.8741993466924,-9.282059037779677,-21.077195110043007,-64.30100119865268,21.17782998279387,219.68910623165684,-9.062038234793288,-263.59941570919926,-7.415014525185129,-17.082779513843093,-56.292311768570094,0.2793910980838561,7.343694070592875,1.5044691475282672,-11.274783637493158,-1.8670445125945472,-3.9944155961999144,-8.00868943008259
EC-Earth-Consortium,EC-Earth3-Veg-LR,r1i1p1f1,gr,historical,1874-11,1874,11,3.6584298036332923,199.13768349924422,-1.1579001822356136,-248.70927617017384,-12.185348200636337,-21.22132819904319,-80.47773944921147,3.573632890038961,193.44910051493784,-1.4677800076550447,-237.86279579461424,-8.81039866871152,-15.933404947758362,-67.05164601376235,0.08479691359433117,5.688582984306379,0.30987982541943104,-10.846480375559594,-3.374949531924818,-5.287923251284827,-13.426093435449118
EC-Earth-Consortium,EC-Earth3-Veg-LR,r1i1p1f1,gr,historical,1874-12,1874,12,0.812273001430024,187.649970850858,-0.3660849871722332,-233.31276836320004,-9.072258722861148,-18.73258166835388,-73.02144988929928,0.8443239133056458,179.53984894273685,-0.40726912356645945,-223.33948846597266,-7.907125970966346,-14.520666974641335,-65.79037767910431,-0.03205091187562181,8.110121908121158,0.041184136394226245,-9.973279897227371,-1.1651327518948023,-4.211914693712545,-7.2310722101949665
EC-Earth-Consortium,EC-Earth3-Veg-LR,r1i1p1f1,gr,historical,1875-01,1875,1,1.9094122481388698,183.02101648836808,-1.0170767482770207,-228.67842708535548,-13.383131194122138,-21.60609191329143,-79.75429820453913,1.9670428406081912,174.6451682692201,-1.1134382139788777,-217.91294889189962,-7.277542063475359,-14.28956539960937,-63.98128345913492,-0.05763059246932145,8.375848219147969,0.096361465701857,-10.765478193455863,-6.105589130646779,-7.31652651368206,-15.773014745404204
EC-Earth-Consortium,EC-Earth3-Veg-LR,r1i1p1f1,gr,historical,1875-02,1875,2,11.6327587243743,182.9627965759921,-7.027270239532301,-227.05749396466138,-6.9734852618422805,-16.752101194252674,-63.21479535992224,12.445773582853347,174.25857569933385,-8.050053493794298,-217.59834553205962,-6.931894885320205,-14.11158454395435,-59.98752917294128,-0.8130148584790469,8.70422087665824,1.0227832542619968,-9.45914843260175,-0.04159037652207509,-2.6405166502983235,-3.2272661869809625
EC-Earth-Consortium,EC-Earth3-Veg-LR,r1i1p1f1,gr,historical,1875-03,1875,3,56.16268111931078,185.67391445356554,-37.430554990318214,-233.11150289752595,-9.817336735728869,-20.611795533259127,-59.13459458395586,59.86295421939759,178.6380625638465,-42.42060087439643,-224.19115525659498,-5.777500516309919,-12.96961739527065,-46.8578572593279,-3.700273100086804,7.035851889719055,4.990045884078214,-8.92034764093097,-4.03983621941895,-7.642178137988477,-12.276737324627959
EC-Earth-Consortium,EC-Earth3-Veg-LR,r1i1p1f1,gr,historical,1875-04,1875,4,161.06497339511563,200.1687305628653,-111.7109489824809,-253.86612086706523,-7.965631342719728,-16.97085079311077,-29.279848027395683,165.54918549462982,193.94768773026806,-121.36911048471737,-244.71414659154436,-3.5592308420521506,-11.316720965746057,-21.462335659162093,-4.484212099514195,6.221042832597249,9.658161502236467,-9.151974275520871,-4.406400500667578,-5.654129827364713,-7.81751236823359
EC-Earth-Consortium,EC-Earth3-Veg-LR,r1i1p1f1,gr,historical,1875-05,1875,5,276.7146265414528,221.47780343753945,-185.20913965780528,-279.1869299131567,-2.9029001518777826,-13.077707742392866,17.81575251375959,275.6543792863859,224.5590747925627,-196.4506719906339,-277.14177299595417,-1.8042443237938772,-10.700238938634309,14.116525829932366,1.0602472550668836,-3.0812713550232615,11.241532332828626,-2.045156917202519,-1.0986558280839054,-2.377468803758557,3.6992266838272254
EC-Earth-Consortium,EC-Earth3-Veg-LR,r1i1p1f1,gr,historical,1875-06,1875,6,288.35308963977826,268.6157772665643,-166.26475806346753,-310.44976370384,-0.8718021171547129,-12.232614405029105,67.1499286168512,296.31824615671405,264.6805788578032,-184.2618748228265,-305.99544242897827,-1.3256800948089977,-11.303420968742303,58.11240669916117,-7.965156516935792,3.935198408761096,17.99711675935899,-4.454321274861741,0.45387797765428484,-0.929193436286802,9.037521917690029
EC-Earth-Consortium,EC-Earth3-Veg-LR,r1i1p1f1,gr,historical,1875-07,1875,7,221.6393671421761,294.3273159262708,-88.2206175626456,-325.9004639637477,-1.7672454412199006,-14.932234144013085,85.14612195682056,225.98526739919413,289.5888849412498,-106.74472434052524,-319.32788691162557,-0.19383547240358012,-10.584539231081097,78.72316638480842,-4.34590025701803,4.738430985021012,18.524106777879638,-6.572577052122142,-1.5734099688163203,-4.347694912931988,6.4229555720121425
EC-Earth-Consortium,EC-Earth3-Veg-LR,r1i1p1f1,gr,historical,1875-08,1875,8,140.22470634774803,292.9923245477441,-44.82755810300447,-326.7854085889875,-2.6539476463402165,-16.812323350452882,42.13779320670707,143.965143639584,285.514983779784,-56.61969220867284,-317.4160441353086,-0.736401837272086,-11.828037470306784,42.8799517678077,-3.740437291835974,7.477340767960072,11.792134105668367,-9.369364453678884,-1.9175458090681305,-4.984285880146098,-0.7421585611006236
EC-Earth-Consortium,EC-Earth3-Veg-LR,r1i1p1f1,gr,historical,1875-09,1875,9,70.33906576755301,266.5240680850906,-22.074545534253556,-308.2827055965355,-4.5271817977281845,-18.672560190796187,-16.69385926666981,72.23187531070974,254.64399326285204,-29.49217390513061,-295.7570914889987,-3.0077420278618163,-14.867742559467041,-16.248881407896377,-1.89280954315673,11.880074822238583,7.417628370877054,-12.525614107536796,-1.5194397698663682,-3.8048176313291453,-0.4449778587734343
EC-Earth-Consortium,EC-Earth3-Veg-LR,r1i1p1f1,gr,historical,1875-10,1875,10,21.037477632155696,235.1500438279919,-6.23429752006851,-282.7245211594951,-8.117679488509088,-20.6299608592597,-61.51893756718482,21.17782998279387,219.68910623165684,-9.062038234793288,-263.59941570919926,-7.415014525185129,-17.082779513843093,-56.292311768570094,-0.14035235063817453,15.460937596335071,2.8277407147247784,-19.125105450295848,-0.7026649633239588,-3.5471813454166075,-5.226625798614727
EC-Earth-Consortium,EC-Earth3-Veg-LR,r1i1p1f1,gr,historical,1875-11,1875,11,3.3731427155615585,207.59695567483158,-1.1958385139103005,-255.06921377272596,-16.14034704738359,-24.918284669152253,-86.35358561277897,3.573632890038961,193.44910051493784,-1.4677800076550447,-237.86279579461424,-8.81039866871152,-15.933404947758362,-67.05164601376235,-0.20049017447740258,14.147855159893737,0.2719414937447442,-17.206417978111716,-7.32994837867207,-8.984879721393892,-19.30193959901662
EC-Earth-Consortium,EC-Earth3-Veg-LR,r1i1p1f1,gr,historical,1875-12,1875,12,0.7779117441857792,193.19774242111058,-0.30951723925359137,-240.62540474057872,-13.533767469198091,-22.589696393249678,-83.0827316769837,0.8443239133056458,179.53984894273685,-0.40726912356645945,-223.33948846597266,-7.907125970966346,-14.520666974641335,-65.79037767910431,-0.06641216911986658,13.657893478373722,0.09775188431286808,-17.285916274606052,-5.626641498231745,-8.069029418608343,-17.29235399787939
EC-Earth-Consortium,EC-Earth3-Veg-LR,r1i1p1f1,gr,historical,1876-01,1876,1,1.9398218371473923,184.1611987796566,-1.019282397882315,-230.1219404299169,-9.071117325638928,-18.524600876587073,-72.63592041322121,1.9670428406081912,174.6451682692201,-1.1134382139788777,-217.91294889189962,-7.277542063475359,-14.28956539960937,-63.98128345913492,-0.02722100346079892,9.51603051043648,0.09415581609656276,-12.208991538017273,-1.7935752621635697,-4.235035476977703,-8.654636954086293
EC-Earth-Consortium,EC-Earth3-Veg-LR,r1i1p1f1,gr,historical,1876-02,1876,2,13.08613872393039,173.0528428291828,-7.695943165095764,-222.2948450695019,-16.189646569997088,-22.597470419704145,-82.63892367118571,12.445773582853347,174.25857569933385,-8.050053493794298,-217.59834553205962,-6.931894885320205,-14.11158454395435,-59.98752917294128,0.6403651410770426,-1.2057328701510528,0.35411032869853365,-4.696499537442264,-9.257751684676883,-8.485885875749794,-22.65139449824443
EC-Earth-Consortium,EC-Earth3-Veg-LR,r1i1p1f1,gr,historical,1876-03,1876,3,59.73219617482319,188.5450012097325,-39.41372989937209,-237.27374237164088,-8.15110750691701,-18.851096362783792,-55.4124787561581,59.86295421939759,178.6380625638465,-42.42060087439643,-224.19115525659498,-5.777500516309919,-12.96961739527065,-46.8578572593279,-0.13075804457439943,9.906938645886015,3.0068709750243343,-13.082587115045897,-2.3736069906070902,-5.881478967513143,-8.554621496830201
EC-Earth-Consortium,EC-Earth3-Veg-LR,r1i1p1f1,gr,historical,1876-04,1876,4,162.7780994215256,201.97506268376898,-112.07970497926321,-253.6431229711333,-6.750511102732886,-16.93412393312607,-24.654300880960914,165.54918549462982,193.94768773026806,-121.36911048471737,-244.71414659154436,-3.5592308420521506,-11.316720965746057,-21.462335659162093,-2.7710860731042146,8.027374953500924,9.289405505454155,-8.928976379588931,-3.191280260680735,-5.617402967380013,-3.191965221798821
EC-Earth-Consortium,EC-Earth3-Veg-LR,r1i1p1f1,gr,historical,1876-05,1876,5,271.0360937597091,231.71426003874623,-178.38565014676104,-285.8128158773112,-2.5121778555639973,-13.543540715323317,22.496169203495775,275.6543792863859,224.5590747925627,-196.4506719906339,-277.14177299595417,-1.8042443237938772,-10.700238938634309,14.116525829932366,-4.6182855266768,7.155185246183521,18.06502184387287,-8.671042881357039,-0.7079335317701201,-2.8433017766890085,8.37964337356341
EC-Earth-Consortium,EC-Earth3-Veg-LR,r1i1p1f1,gr,historical,1876-06,1876,6,293.00410865680936,267.4994713917494,-166.84248741380307,-311.6108298575377,-1.283792317080629,-12.731751430509943,68.03471902962748,296.31824615671405,264.6805788578032,-184.2618748228265,-305.99544242897827,-1.3256800948089977,-11.303420968742303,58.11240669916117,-3.314137499904689,2.8188925339462116,17.419387409023443,-5.615387428559416,0.041887777728368825,-1.42833046176764,9.922312330466312
EC-Earth-Consortium,EC-Earth3-Veg-LR,r1i1p1f1,gr,historical,1876-07,1876,7,220.72341216346467,295.1119695293075,-91.66253961838228,-326.15355999157936,-1.2978595389901895,-13.44646557129072,83.27495697252964,225.98526739919413,289.5888849412498,-106.74472434052524,-319.32788691162557,-0.19383547240358012,-10.584539231081097,78.72316638480842,-5.261855235729456,5.5230845880577135,15.082184722142955,-6.825673079953788,-1.1040240665866095,-2.8619263402096227,4.551790587721214
EC-Earth-Consortium,EC-Earth3-Veg-LR,r1i1p1f1,gr,historical,1876-08,1876,8,138.12488982815742,292.4966022062054,-44.59760553908974,-325.6487758690245,-2.2738768394687865,-16.06300005490491,42.03823373187492,143.965143639584,285.514983779784,-56.61969220867284,-317.4160441353086,-0.736401837272086,-11.828037470306784,42.8799517678077,-5.840253811426578,6.981618426421392,12.022086669583096,-8.232731733715923,-1.5374750021967005,-4.234962584598128,-0.8417180359327787
EC-Earth-Consortium,EC-Earth3-Veg-LR,r1i1p1f1,gr,historical,1876-09,1876,9,69.12672658759585,265.1340802391651,-22.18160030682004,-307.59680914699834,-3.4900660026622092,-17.50943460881198,-16.517103238531632,72.23187531070974,254.64399326285204,-29.49217390513061,-295.7570914889987,-3.0077420278618163,-14.867742559467041,-16.248881407896377,-3.105148723113885,10.490086976313052,7.310573598310569,-11.839717657999643,-0.4823239748003929,-2.641692049344938,-0.2682218306352553
EC-Earth-Consortium,EC-Earth3-Veg-LR,r1i1p1f1,gr,historical,1876-10,1876,10,19.379029066656223,221.79180619899626,-6.5334024863965166,-272.7478522766199,-17.12162677438804,-27.83996789029734,-83.0720141620493,21.17782998279387,219.68910623165684,-9.062038234793288,-263.59941570919926,-7.415014525185129,-17.082779513843093,-56.292311768570094,-1.7988009161376475,2.1026999673394187,2.5286357483967716,-9.148436567420617,-9.706612249202912,-10.757188376454248,-26.779702393479205
EC-Earth-Consortium,EC-Earth3-Veg-LR,r1i1p1f1,gr,historical,1876-11,1876,11,3.257813075286754,201.32497256359264,-0.9989749929019918,-251.15672566090095,-13.736037169753642,-22.897675460912396,-84.20662764558959,3.573632890038961,193.44910051493784,-1.4677800076550447,-237.86279579461424,-8.81039866871152,-15.933404947758362,-67.05164601376235,-0.31581981475220733,7.875872048654799,0.4688050147530529,-13.293929866286703,-4.925638501042123,-6.964270513154034,-17.15498163182724
EC-Earth-Consortium,EC-Earth3-Veg-LR,r1i1p1f1,gr,historical,1876-12,1876,12,0.7923497312180924,189.6563691225684,-0.3418545287325626,-238.06301395615048,-11.125504346601096,-20.69700995209915,-79.7786639297968,0.8443239133056458,179.53984894273685,-0.40726912356645945,-223.33948846597266,-7.907125970966346,-14.520666974641335,-65.79037767910431,-0.051974182087553444,10.116520179831554,0.06541459483389683,-14.72352549017782,-3.2183783756347495,-6.176342977457816,-13.988286250692497
EC-Earth-Consortium,EC-Earth3-Veg-LR,r1i1p1f1,gr,historical,1877-01,1877,1,1.960476570069827,182.0974977177964,-1.0573152000677817,-229.38755275217395,-14.731818138689196,-20.41583905580982,-81.53455085887452,1.9670428406081912,174.6451682692201,-1.1134382139788777,-217.91294889189962,-7.277542063475359,-14.28956539960937,-63.98128345913492,-0.006566270538364227,7.452329448576279,0.056123013911095976,-11.474603860274328,-7.454276075213837,-6.12627365620045,-17.553267399739603
EC-Earth-Consortium,EC-Earth3-Veg-LR,r1i1p1f1,gr,historical,1877-02,1877,2,11.501309984360944,186.60384515245354,-6.829413094837424,-232.080370629497,-13.736835462567988,-22.164103956713827,-76.70556800680176,12.445773582853347,174.25857569933385,-8.050053493794298,-217.59834553205962,-6.931894885320205,-14.11158454395435,-59.98752917294128,-0.944463598492403,12.345269453119698,1.2206403989568742,-14.482025097437372,-6.804940577247783,-8.052519412759477,-16.718038833860476
EC-Earth-Consortium,EC-Earth3-Veg-LR,r1i1p1f1,gr,historical,1877-03,1877,3,58.285280912536,189.18868552980436,-37.56765167600221,-238.2264789065491,-4.409303320814213,-15.665057223112155,-48.394524684137316,59.86295421939759,178.6380625638465,-42.42060087439643,-224.19115525659498,-5.777500516309919,-12.96961739527065,-46.8578572593279,-1.577673306861584,10.55062296595787,4.852949198394221,-14.035323649954108,1.3681971954957062,-2.695439827841506,-1.5366674248094156
EC-Earth-Consortium,EC-Earth3-Veg-LR,r1i1p1f1,gr,historical,1877-04,1877,4,158.88112498149968,199.48020211751037,-108.8156838977774,-253.52844610190587,-10.08777374868131,-18.243979723400763,-32.31455637275529,165.54918549462982,193.94768773026806,-121.36911048471737,-244.71414659154436,-3.5592308420521506,-11.316720965746057,-21.462335659162093,-6.668060513130143,5.5325143872423155,12.553426586939963,-8.814299510361508,-6.528542906629159,-6.927258757654705,-10.852220713593198
EC-Earth-Consortium,EC-Earth3-Veg-LR,r1i1p1f1,gr,historical,1877-05,1877,5,264.5976479650049,231.78228717659525,-175.9376196009819,-284.4042451515901,-5.10620684908892,-14.988379526475658,15.943484013463657,275.6543792863859,224.5590747925627,-196.4506719906339,-277.14177299595417,-1.8042443237938772,-10.700238938634309,14.116525829932366,-11.056731321380994,7.223212384032536,20.513052389652017,-7.262472155635919,-3.301962525295043,-4.288140587841349,1.826958183531291
EC-Earth-Consortium,EC-Earth3-Veg-LR,r1i1p1f1,gr,historical,1877-06,1877,6,282.0425567707632,274.17324799299297,-158.74269712065262,-312.90091069191976,-1.535692778101931,-13.07670399309959,69.95980017998228,296.31824615671405,264.6805788578032,-184.2618748228265,-305.99544242897827,-1.3256800948089977,-11.303420968742303,58.11240669916117,-14.275689385950841,9.492669135189772,25.51917770217389,-6.905468262941497,-0.2100126832929332,-1.773283024357287,11.847393480821111
EC-Earth-Consortium,EC-Earth3-Veg-LR,r1i1p1f1,gr,historical,1877-07,1877,7,218.78503093399704,295.08046767645556,-84.62281282118434,-326.41003257770274,-0.7002179870249855,-13.901975585432432,88.23045963910815,225.98526739919413,289.5888849412498,-106.74472434052524,-319.32788691162557,-0.19383547240358012,-10.584539231081097,78.72316638480842,-7.200236465197094,5.491582735205782,22.121911519340898,-7.082145666077167,-0.5063825146214054,-3.3174363543513348,9.507293254299725
EC-Earth-Consortium,EC-Earth3-Veg-LR,r1i1p1f1,gr,historical,1877-08,1877,8,139.81538005992542,293.59981361207633,-41.23482940615027,-326.61191533572344,-1.4756232551655308,-13.946797943865324,50.146027731097206,143.965143639584,285.514983779784,-56.61969220867284,-317.4160441353086,-0.736401837272086,-11.828037470306784,42.8799517678077,-4.149763579658583,8.084829832292314,15.38486280252257,-9.195871200414842,-0.7392214178934449,-2.11876047355854,7.266075963289509
EC-Earth-Consortium,EC-Earth3-Veg-LR,r1i1p1f1,gr,historical,1877-09,1877,9,70.44120315736431,268.188717124857,-21.623889901508104,-309.42889860534757,-3.5460214866258233,-16.208907622341638,-12.17779733360179,72.23187531070974,254.64399326285204,-29.49217390513061,-295.7570914889987,-3.0077420278618163,-14.867742559467041,-16.248881407896377,-1.790672153345426,13.544723862004986,7.868284003622506,-13.671807116348873,-0.538279458764007,-1.3411650628745964,4.071084074294587
EC-Earth-Consortium,EC-Earth3-Veg-LR,r1i1p1f1,gr,historical,1877-10,1877,10,20.919165725941454,232.1651793423311,-6.609818256070472,-279.8764540472451,-10.296634766145527,-21.995709990604134,-65.69427199179265,21.17782998279387,219.68910623165684,-9.062038234793288,-263.59941570919926,-7.415014525185129,-17.082779513843093,-56.292311768570094,-0.25866425685241623,12.476073110674264,2.452219978722816,-16.277038338045827,-2.8816202409603973,-4.912930476761041,-9.401960223222552
EC-Earth-Consortium,EC-Earth3-Veg-LR,r1i1p1f1,gr,historical,1877-11,1877,11,3.4946775406847963,200.1564272028393,-1.1697632306593688,-249.43744546966602,-16.392871040692715,-23.788305453753168,-87.13728045124716,3.573632890038961,193.44910051493784,-1.4677800076550447,-237.86279579461424,-8.81039866871152,-15.933404947758362,-67.05164601376235,-0.07895534935416482,6.707326687901457,0.29801677699567586,-11.574649675051774,-7.582472371981195,-7.854900505994806,-20.085634437484813
EC-Earth-Consortium,EC-Earth3-Veg-LR,r1i1p1f1,gr,historical,1877-12,1877,12,0.7666107001599279,192.96350100046254,-0.3044071329003211,-239.37988180043763,-8.133829023303118,-18.941073647250995,-73.02907990326958,0.8443239133056458,179.53984894273685,-0.40726912356645945,-223.33948846597266,-7.907125970966346,-14.520666974641335,-65.79037767910431,-0.07771321314571789,13.42365205772569,0.10286199066613833,-16.040393334464966,-0.2267030523367719,-4.42040667260966,-7.238702224165266
EC-Earth-Consortium,EC-Earth3-Veg-LR,r1i1p1f1,gr,historical,1878-01,1878,1,1.933978259878804,182.62515968860393,-0.9608743958695135,-230.1437222563928,-16.316486589977576,-21.37205807198605,-84.2340033657432,1.9670428406081912,174.6451682692201,-1.1134382139788777,-217.91294889189962,-7.277542063475359,-14.28956539960937,-63.98128345913492,-0.03306458072938723,7.979991419383822,0.15256381810936415,-12.230773364493189,-9.038944526502217,-7.082492672376681,-20.252719906608284
EC-Earth-Consortium,EC-Earth3-Veg-LR,r1i1p1f1,gr,historical,1878-02,1878,2,11.595672829547267,188.7883763129173,-7.0745351274125845,-233.13905450330452,-6.9539939873063625,-16.113035358907226,-62.896569834466135,12.445773582853347,174.25857569933385,-8.050053493794298,-217.59834553205962,-6.931894885320205,-14.11158454395435,-59.98752917294128,-0.85010075330608,14.529800613583461,0.9755183663817135,-15.540708971244896,-0.022099101986157166,-2.001450814952875,-2.9090406615248554
EC-Earth-Consortium,EC-Earth3-Veg-LR,r1i1p1f1,gr,historical,1878-03,1878,3,56.74459034359591,189.84372676251638,-37.698529941299576,-235.39464778735527,-1.1212353309966234,-12.544280931455214,-40.170376884994376,59.86295421939759,178.6380625638465,-42.42060087439643,-224.19115525659498,-5.777500516309919,-12.96961739527065,-46.8578572593279,-3.118363875801677,11.205664198669893,4.722070933096852,-11.203492530760286,4.656265185313296,0.42533646381543555,6.687480374333525
EC-Earth-Consortium,EC-Earth3-Veg-LR,r1i1p1f1,gr,historical,1878-04,1878,4,157.5509487625864,201.78209648504884,-108.97181250167239,-252.0463953662785,-4.131891239973168,-13.924687793903198,-19.74174165419199,165.54918549462982,193.94768773026806,-121.36911048471737,-244.71414659154436,-3.5592308420521506,-11.316720965746057,-21.462335659162093,-7.998236732043438,7.834408754780782,12.397297983044979,-7.332248774734126,-0.5726603979210174,-2.6079668281571404,1.7205940049701027
EC-Earth-Consortium,EC-Earth3-Veg-LR,r1i1p1f1,gr,historical,1878-05,1878,5,260.0049674811922,235.4775147348186,-172.553696174654,-285.12206139642944,-0.15872356119628742,-10.150685712011784,27.49731537171931,275.6543792863859,224.5590747925627,-196.4506719906339,-277.14177299595417,-1.8042443237938772,-10.700238938634309,14.116525829932366,-15.649411805193722,10.918439942255901,23.896975815979914,-7.980288400475274,1.6455207625975898,0.5495532266225247,13.380789541786944
EC-Earth-Consortium,EC-Earth3-Veg-LR,r1i1p1f1,gr,historical,1878-06,1878,6,281.9734452584988,275.21466268131223,-154.33497315927596,-314.1988361819128,-0.9865082949875089,-12.374279103038752,75.29351120059607,296.31824615671405,264.6805788578032,-184.2618748228265,-305.99544242897827,-1.3256800948089977,-11.303420968742303,58.11240669916117,-14.344800898215226,10.534083823509036,29.926901663550552,-8.203393752934517,0.3391717998214888,-1.070858134296449,17.181104501434902
EC-Earth-Consortium,EC-Earth3-Veg-LR,r1i1p1f1,gr,historical,1878-07,1878,7,216.22481066999293,297.31025405550156,-83.13030644422061,-326.1036291320804,-0.950589300369924,-11.98288165223113,91.36765819659246,225.98526739919413,289.5888849412498,-106.74472434052524,-319.32788691162557,-0.19383547240358012,-10.584539231081097,78.72316638480842,-9.760456729201195,7.721369114251786,23.61441789630463,-6.775742220454845,-0.7567538279663438,-1.3983424211500335,12.644491811784036
EC-Earth-Consortium,EC-Earth3-Veg-LR,r1i1p1f1,gr,historical,1878-08,1878,8,138.612575017699,294.6233663715306,-42.33209745539541,-327.10539958396646,-1.1700946260903147,-15.84248913457606,46.78586058920136,143.965143639584,285.514983779784,-56.61969220867284,-317.4160441353086,-0.736401837272086,-11.828037470306784,42.8799517678077,-5.352568621885013,9.10838259174659,14.287594753277425,-9.689355448657864,-0.4336927888182287,-4.014451664269275,3.905908821393666
EC-Earth-Consortium,EC-Earth3-Veg-LR,r1i1p1f1,gr,historical,1878-09,1878,9,71.69051709101446,266.0205769033491,-24.161219477827615,-309.1373629563388,-5.191154778462626,-20.44836090796182,-21.227004126227328,72.23187531070974,254.64399326285204,-29.49217390513061,-295.7570914889987,-3.0077420278618163,-14.867742559467041,-16.248881407896377,-0.5413582196952831,11.376583640497046,5.330954427302995,-13.380271467340094,-2.1834127506008096,-5.580618348494779,-4.978122718330951
EC-Earth-Consortium,EC-Earth3-Veg-LR,r1i1p1f1,gr,historical,1878-10,1878,10,20.62335335008281,235.28860608364357,-6.947694898783624,-281.49849694825053,-9.25024116473915,-22.03165053334354,-63.81612411139045,21.17782998279387,219.68910623165684,-9.062038234793288,-263.59941570919926,-7.415014525185129,-17.082779513843093,-56.292311768570094,-0.5544766327110615,15.599499851986735,2.1143433360096644,-17.89908123905127,-1.83522663955402,-4.948871019500448,-7.5238123428203565
EC-Earth-Consortium,EC-Earth3-Veg-LR,r1i1p1f1,gr,historical,1878-11,1878,11,3.4370472229362234,197.92880301023433,-1.035281085281243,-246.32227086408395,-16.738214375225336,-21.302707743363232,-84.0326238347832,3.573632890038961,193.44910051493784,-1.4677800076550447,-237.86279579461424,-8.81039866871152,-15.933404947758362,-67.05164601376235,-0.13658566710273767,4.479702495296493,0.4324989223738016,-8.459475069469704,-7.927815706513817,-5.36930279560487,-16.980977821020844
EC-Earth-Consortium,EC-Earth3-Veg-LR,r1i1p1f1,gr,historical,1878-12,1878,12,0.7896654352150843,184.47476471046295,-0.3142031504839444,-231.98574996769432,-15.03109463902049,-21.251246632653377,-83.31786424417407,0.8443239133056458,179.53984894273685,-0.40726912356645945,-223.33948846597266,-7.907125970966346,-14.520666974641335,-65.79037767910431,-0.05465847809056157,4.934915767726096,0.09306597308251502,-8.646261501721654,-7.123968668054143,-6.730579658012042,-17.527486565069765
EC-Earth-Consortium,EC-Earth3-Veg-LR,r1i1p1f1,gr,historical,1879-01,1879,1,1.9288469616315023,172.65263987735764,-1.0125038921597516,-221.05719634853338,-17.54665205952621,-21.70010442279197,-86.73496988402215,1.9670428406081912,174.6451682692201,-1.1134382139788777,-217.91294889189962,-7.277542063475359,-14.28956539960937,-63.98128345913492,-0.03819587897668897,-1.9925283918624643,0.1009343218191261,-3.1442474566337637,-10.269109996050851,-7.410539023182601,-22.753686424887228
EC-Earth-Consortium,EC-Earth3-Veg-LR,r1i1p1f1,gr,historical,1879-02,1879,2,11.917533566991125,173.75180920909057,-7.320426355603287,-221.26742993906424,-11.524559265174354,-19.203772957504857,-73.64684574126504,12.445773582853347,174.25857569933385,-8.050053493794298,-217.59834553205962,-6.931894885320205,-14.11158454395435,-59.98752917294128,-0.528240015862222,-0.5067664902432796,0.7296271381910113,-3.6690844070046182,-4.592664379854148,-5.092188413550506,-13.65931656832376
EC-Earth-Consortium,EC-Earth3-Veg-LR,r1i1p1f1,gr,historical,1879-03,1879,3,57.29017572422055,189.42620957549858,-38.91466712920997,-235.68443302374456,-7.7726371637297085,-16.687961083864856,-52.34331310082997,59.86295421939759,178.6380625638465,-42.42060087439643,-224.19115525659498,-5.777500516309919,-12.96961739527065,-46.8578572593279,-2.572778495177033,10.788147011652086,3.5059337451864607,-11.493277767149578,-1.9951366474197894,-3.7183436885942065,-5.485455841502066
EC-Earth-Consortium,EC-Earth3-Veg-LR,r1i1p1f1,gr,historical,1879-04,1879,4,158.244507103245,203.9306260177294,-111.65258098694385,-253.566211447478,-2.402897469198106,-12.959965307802323,-18.40652209044788,165.54918549462982,193.94768773026806,-121.36911048471737,-244.71414659154436,-3.5592308420521506,-11.316720965746057,-21.462335659162093,-7.304678391384812,9.982938287461337,9.716529497773521,-8.852064855933634,1.1563333728540446,-1.6432443420562652,3.055813568714214
EC-Earth-Consortium,EC-Earth3-Veg-LR,r1i1p1f1,gr,historical,1879-05,1879,5,269.85586860610414,231.24893181402808,-181.42240840120147,-285.59675481984846,-3.525855443430207,-13.472188276631831,17.087593479020235,275.6543792863859,224.5590747925627,-196.4506719906339,-277.14177299595417,-1.8042443237938772,-10.700238938634309,14.116525829932366,-5.798510680281765,6.689857021465372,15.028263589432441,-8.454981823894286,-1.72161111963633,-2.7719493379975226,2.9710676490878694
EC-Earth-Consortium,EC-Earth3-Veg-LR,r1i1p1f1,gr,historical,1879-06,1879,6,289.0640471095413,267.64890451641344,-170.27887767883834,-309.0243731881118,-1.2485004174945982,-12.064651711025904,64.09654863048408,296.31824615671405,264.6805788578032,-184.2618748228265,-305.99544242897827,-1.3256800948089977,-11.303420968742303,58.11240669916117,-7.254199047172733,2.9683256586102402,13.982997143988172,-3.028930759133516,0.07717967731439956,-0.7612307422836011,5.98414193132291
EC-Earth-Consortium,EC-Earth3-Veg-LR,r1i1p1f1,gr,historical,1879-07,1879,7,227.968575762652,289.59957863188885,-103.18150691354755,-321.43096450620016,-1.2409546790357988,-10.332806142136759,81.38192215362065,225.98526739919413,289.5888849412498,-106.74472434052524,-319.32788691162557,-0.19383547240358012,-10.584539231081097,78.72316638480842,1.9833083634578657,0.010693690639072884,3.563217426977687,-2.103077594574586,-1.0471192066322188,0.2517330889443379,2.6587557688122274
EC-Earth-Consortium,EC-Earth3-Veg-LR,r1i1p1f1,gr,historical,1879-08,1879,8,142.41398948898714,290.5114854316692,-49.97396425131062,-323.2009530987775,-1.2994426395646508,-13.982361265577048,44.46875366542652,143.965143639584,285.514983779784,-56.61969220867284,-317.4160441353086,-0.736401837272086,-11.828037470306784,42.8799517678077,-1.551154150596858,4.996501651885183,6.645727957362219,-5.784908963468922,-0.5630408022925648,-2.1543237952702636,1.588801897618822
EC-Earth-Consortium,EC-Earth3-Veg-LR,r1i1p1f1,gr,historical,1879-09,1879,9,71.23976127416242,263.5777353816035,-25.957990268575777,-303.6159357178975,-4.787237676902963,-17.509012575711402,-17.052679583321726,72.23187531070974,254.64399326285204,-29.49217390513061,-295.7570914889987,-3.0077420278618163,-14.867742559467041,-16.248881407896377,-0.9921140365473207,8.93374211875144,3.5341836365548325,-7.858844228898818,-1.7794956490411469,-2.641270016244361,-0.8037981754253494
EC-Earth-Consortium,EC-Earth3-Veg-LR,r1i1p1f1,gr,historical,1879-10,1879,10,20.593085723386555,231.9293891436518,-7.209979771965348,-276.7077103709208,-11.73171333716395,-22.791318923651428,-65.91824753666315,21.17782998279387,219.68910623165684,-9.062038234793288,-263.59941570919926,-7.415014525185129,-17.082779513843093,-56.292311768570094,-0.5847442594073158,12.240282911994967,1.85205846282794,-13.108294661721516,-4.31669881197882,-5.708539409808335,-9.62593576809305
EC-Earth-Consortium,EC-Earth3-Veg-LR,r1i1p1f1,gr,historical,1879-11,1879,11,3.4938096951005373,211.02737208906723,-1.0337386433912317,-257.11651365044094,-11.340967746358768,-20.620325974895827,-75.59036423091902,3.573632890038961,193.44910051493784,-1.4677800076550447,-237.86279579461424,-8.81039866871152,-15.933404947758362,-67.05164601376235,-0.07982319493842382,17.57827157412939,0.434041364263813,-19.253717855826693,-2.5305690776472485,-4.6869210271374655,-8.53871821715667
EC-Earth-Consortium,EC-Earth3-Veg-LR,r1i1p1f1,gr,historical,1879-12,1879,12,0.8010969087096953,186.11590167392498,-0.2826055028711351,-234.73372325043638,-19.81658169749493,-24.09876846728781,-92.01468033545557,0.8443239133056458,179.53984894273685,-0.40726912356645945,-223.33948846597266,-7.907125970966346,-14.520666974641335,-65.79037767910431,-0.043227004595950524,6.576052731188128,0.12466362069532433,-11.39423478446372,-11.909455726528583,-9.578101492646477,-26.224302656351256
EC-Earth-Consortium,EC-Earth3-Veg-LR,r1i1p1f1,gr,historical,1880-01,1880,1,1.8731525629025956,188.35352640552608,-0.8770386630609835,-233.0667835432536,-4.561929050255639,-14.587904141833741,-62.866976429975274,1.9670428406081912,174.6451682692201,-1.1134382139788777,-217.91294889189962,-7.277542063475359,-14.28956539960937,-63.98128345913492,-0.09389027770559566,13.708358136305975,0.2363995509178941,-15.153834651353975,2.71561301321972,-0.29833874222437196,1.1143070291596473
EC-Earth-Consortium,EC-Earth3-Veg-LR,r1i1p1f1,gr,historical,1880-02,1880,2,12.079970953227784,188.94322182423144,-7.401823976995398,-231.64619358465183,-13.122947217212255,-19.079066376583015,-70.22683837798326,12.445773582853347,174.25857569933385,-8.050053493794298,-217.59834553205962,-6.931894885320205,-14.11158454395435,-59.98752917294128,-0.36580262962556276,14.684646124897597,0.6482295167989003,-14.047848052592201,-6.19105233189205,-4.967481832628664,-10.239309205041977
EC-Earth-Consortium,EC-Earth3-Veg-LR,r1i1p1f1,gr,historical,1880-03,1880,3,60.99837412944682,188.9708406048612,-40.81333213884973,-235.20773571091792,-4.725501586555681,-13.812662035962957,-44.590016737978246,59.86295421939759,178.6380625638465,-42.42060087439643,-224.19115525659498,-5.777500516309919,-12.96961739527065,-46.8578572593279,1.1354199100492366,10.332778041014706,1.6072687355466968,-11.016580454322934,1.0519989297542383,-0.8430446406923071,2.2678405213496546
EC-Earth-Consortium,EC-Earth3-Veg-LR,r1i1p1f1,gr,historical,1880-04,1880,4,164.48292581918946,204.9773482308925,-114.2150074061095,-256.0355392221192,-1.3640569902609403,-11.501790533524924,-13.656120101932675,165.54918549462982,193.94768773026806,-121.36911048471737,-244.71414659154436,-3.5592308420521506,-11.316720965746057,-21.462335659162093,-1.0662596754403637,11.02966050062443,7.154103078607861,-11.321392630574849,2.1951738517912105,-0.18506956777886607,7.806215557229418
EC-Earth-Consortium,EC-Earth3-Veg-LR,r1i1p1f1,gr,historical,1880-05,1880,5,265.5084449090816,236.71395329481143,-177.1943164216699,-287.2011620399998,-0.5415267998808807,-11.562731623296159,25.722661319046274,275.6543792863859,224.5590747925627,-196.4506719906339,-277.14177299595417,-1.8042443237938772,-10.700238938634309,14.116525829932366,-10.145934377304286,12.154878502248721,19.25635556896401,-10.059389044045645,1.2627175239129964,-0.8624926846618504,11.606135489113909
EC-Earth-Consortium,EC-Earth3-Veg-LR,r1i1p1f1,gr,historical,1880-06,1880,6,285.491984014007,271.7956138886751,-158.4696737971668,-312.69833567219075,-0.8956469034684831,-12.770893219234507,72.45304831062157,296.31824615671405,264.6805788578032,-184.2618748228265,-305.99544242897827,-1.3256800948089977,-11.303420968742303,58.11240669916117,-10.826262142707037,7.115035030871923,25.792201025659722,-6.702893243212486,0.43003319134051465,-1.4674722504922038,14.340641611460399
EC-Earth-Consortium,EC-Earth3-Veg-LR,r1i1p1f1,gr,historical,1880-07,1880,7,207.90810267051253,299.0383972980472,-78.08809360407459,-326.5363314518393,-0.0018787424700796754,-10.878909823099805,91.44128634707592,225.98526739919413,289.5888849412498,-106.74472434052524,-319.32788691162557,-0.19383547240358012,-10.584539231081097,78.72316638480842,-18.077164728681595,9.449512356797413,28.65663073645065,-7.208444540213748,0.19195672993350044,-0.2943705920187085,12.718119962267494
EC-Earth-Consortium,EC-Earth3-Veg-LR,r1i1p1f1,gr,historical,1880-08,1880,8,133.21565683003365,294.99190591616446,-39.41259793220867,-326.94172306878835,-1.6023284562319244,-14.56166234873211,45.68925094023707,143.965143639584,285.514983779784,-56.61969220867284,-317.4160441353086,-0.736401837272086,-11.828037470306784,42.8799517678077,-10.749486809550348,9.476922136380438,17.20709427646417,-9.525678933479753,-0.8659266189598385,-2.733624878425326,2.8092991724293768
EC-Earth-Consortium,EC-Earth3-Veg-LR,r1i1p1f1,gr,historical,1880-09,1880,9,67.87256961630153,266.1289883296918,-22.040003188234603,-307.71216980058495,-3.6229010797342958,-18.685273974092375,-18.05879009665288,72.23187531070974,254.64399326285204,-29.49217390513061,-295.7570914889987,-3.0077420278618163,-14.867742559467041,-16.248881407896377,-4.3593056944082065,11.484995066839787,7.452170716896006,-11.955078311586249,-0.6151590518724794,-3.817531414625334,-1.8099086887565043
EC-Earth-Consortium,EC-Earth3-Veg-LR,r1i1p1f1,gr,historical,1880-10,1880,10,20.150575931556638,230.4154871121373,-6.790722380700205,-280.26408959198153,-11.112888487986988,-24.2026759679281,-71.80431338490288,21.17782998279387,219.68910623165684,-9.062038234793288,-263.59941570919926,-7.415014525185129,-17.082779513843093,-56.292311768570094,-1.0272540512372323,10.726380880480463,2.271315854093083,-16.664673882782267,-3.697873962801858,-7.1198964540850085,-15.512001616332789
EC-Earth-Consortium,EC-Earth3-Veg-LR,r1i1p1f1,gr,historical,1880-11,1880,11,3.0924576878070122,206.1720660297517,-0.976745683645285,-253.1732990716287,-12.89335212398213,-20.246763229945945,-78.02563639164332,3.573632890038961,193.44910051493784,-1.4677800076550447,-237.86279579461424,-8.81039866871152,-15.933404947758362,-67.05164601376235,-0.4811752022319489,12.722965514813865,0.49103432400975966,-15.310503277014448,-4.08295345527061,-4.313358282187583,-10.973990377880966
EC-Earth-Consortium,EC-Earth3-Veg-LR,r1i1p1f1,gr,historical,1880-12,1880,12,0.7821576810658902,190.78329409004454,-0.29530357453947165,-238.04107036750509,-12.79061191238387,-21.12227588217063,-80.68380996548863,0.8443239133056458,179.53984894273685,-0.40726912356645945,-223.33948846597266,-7.907125970966346,-14.520666974641335,-65.79037767910431,-0.06216623223975559,11.243445147307682,0.1119655490269878,-14.701581901532421,-4.883485941417524,-6.601608907529295,-14.893432286384325
EC-Earth-Consortium,EC-Earth3-Veg-LR,r1i1p1f1,gr,historical,1881-01,1881,1,1.904774435911782,192.82345334671362,-0.939231384576012,-239.90256301390735,-14.116434449758486,-22.07027258528952,-82.30027365090596,1.9670428406081912,174.6451682692201,-1.1134382139788777,-217.91294889189962,-7.277542063475359,-14.28956539960937,-63.98128345913492,-0.06226840469640926,18.178285077493513,0.1742068294028657,-21.989614122007737,-6.838892386283128,-7.78070718568015,-18.318990191771043
EC-Earth-Consortium,EC-Earth3-Veg-LR,r1i1p1f1,gr,historical,1881-02,1881,2,12.241847052773783,178.08309484640466,-7.162164585494346,-226.63287681987384,-16.018401383472202,-23.326708163140186,-82.81520905280213,12.445773582853347,174.25857569933385,-8.050053493794298,-217.59834553205962,-6.931894885320205,-14.11158454395435,-59.98752917294128,-0.2039265300795634,3.8245191470708164,0.8878889082999519,-9.034531287814218,-9.086506498151998,-9.215123619185835,-22.827679879860852
EC-Earth-Consortium,EC-Earth3-Veg-LR,r1i1p1f1,gr,historical,1881-03,1881,3,57.54333440044328,187.95595480155407,-37.90215114277233,-235.48348922377724,-8.863588795974144,-17.28283052429538,-54.032770484821754,59.86295421939759,178.6380625638465,-42.42060087439643,-224.19115525659498,-5.777500516309919,-12.96961739527065,-46.8578572593279,-2.3196198189543082,9.317892237707582,4.518449731624095,-11.292333967182259,-3.0860882796642244,-4.3132131290247315,-7.174913225493853
EC-Earth-Consortium,EC-Earth3-Veg-LR,r1i1p1f1,gr,historical,1881-04,1881,4,158.79704357895713,204.0750980893956,-110.11682276329219,-254.78305937517374,-3.776395478232848,-13.292062023631997,-19.096197971978075,165.54918549462982,193.94768773026806,-121.36911048471737,-244.71414659154436,-3.5592308420521506,-11.316720965746057,-21.462335659162093,-6.752141915672695,10.127410359127538,11.252287721425176,-10.068912783629372,-0.21716463618069737,-1.9753410578859398,2.3661376871840183
EC-Earth-Consortium,EC-Earth3-Veg-LR,r1i1p1f1,gr,historical,1881-05,1881,5,266.86303781509974,229.3072500296646,-176.08232214377736,-283.12455112270993,-3.4921951459891414,-13.235789611225712,20.23542982106217,275.6543792863859,224.5590747925627,-196.4506719906339,-277.14177299595417,-1.8042443237938772,-10.700238938634309,14.116525829932366,-8.79134147128616,4.74817523710189,20.368349846856546,-5.982778126755761,-1.6879508221952642,-2.5355506725914037,6.1189039911298035
EC-Earth-Consortium,EC-Earth3-Veg-LR,r1i1p1f1,gr,historical,1881-06,1881,6,291.30278704345494,264.8543861071642,-166.58195867192296,-309.13254947565,-1.1509323356105632,-13.710405843317137,65.58132682411852,296.31824615671405,264.6805788578032,-184.2618748228265,-305.99544242897827,-1.3256800948089977,-11.303420968742303,58.11240669916117,-5.015459113259112,0.17380724936100478,17.67991615090355,-3.1371070466717583,0.17474775919843455,-2.4069848745748335,7.46892012495735
EC-Earth-Consortium,EC-Earth3-Veg-LR,r1i1p1f1,gr,historical,1881-07,1881,7,215.0372933176295,295.0116471870711,-86.95872648380676,-324.1198890290048,0.1278964380880709,-12.13205541154339,86.9661660184337,225.98526739919413,289.5888849412498,-106.74472434052524,-319.32788691162557,-0.19383547240358012,-10.584539231081097,78.72316638480842,-10.947974081564638,5.422762245821332,19.78599785671848,-4.792002117379241,0.32173191049165106,-1.5475161804622939,8.242999633625274
EC-Earth-Consortium,EC-Earth3-Veg-LR,r1i1p1f1,gr,historical,1881-08,1881,8,144.11520813190566,290.6144249589817,-47.730961427457736,-324.0991692407142,-0.2936350274859159,-13.09015037648954,49.515717018739984,143.965143639584,285.514983779784,-56.61969220867284,-317.4160441353086,-0.736401837272086,-11.828037470306784,42.8799517678077,0.1500644923216612,5.099441179197697,8.888730781215102,-6.683125105405622,0.44276680978617006,-1.2621129061827556,6.6357652509322875
EC-Earth-Consortium,EC-Earth3-Veg-LR,r1i1p1f1,gr,historical,1881-09,1881,9,71.76571730391134,263.17544133950406,-26.57304633646643,-304.35526751236614,-2.547422361902737,-17.170673192173844,-15.705250759493719,72.23187531070974,254.64399326285204,-29.49217390513061,-295.7570914889987,-3.0077420278618163,-14.867742559467041,-16.248881407896377,-0.4661580067983948,8.531448076652026,2.91912756866418,-8.598176023367444,0.46031966595907914,-2.3029306327068024,0.5436306484026581
EC-Earth-Consortium,EC-Earth3-Veg-LR,r1i1p1f1,gr,historical,1881-10,1881,10,21.564003574796086,227.12978917939526,-8.301796642658998,-272.69737597577046,-8.776728809007803,-21.56396623352252,-62.64607490676842,21.17782998279387,219.68910623165684,-9.062038234793288,-263.59941570919926,-7.415014525185129,-17.082779513843093,-56.292311768570094,0.38617359200221557,7.4406829477384235,0.7602415921342907,-9.097960266571192,-1.361714283822674,-4.481186719679428,-6.353763138198325
EC-Earth-Consortium,EC-Earth3-Veg-LR,r1i1p1f1,gr,historical,1881-11,1881,11,3.32781293017756,206.08358678131162,-1.0374428185843545,-250.85546003352897,-10.736499485915528,-20.434156795344848,-73.65215942188452,3.573632890038961,193.44910051493784,-1.4677800076550447,-237.86279579461424,-8.81039866871152,-15.933404947758362,-67.05164601376235,-0.24581995986140104,12.634486266373784,0.4303371890706902,-12.992664238914728,-1.9261008172040093,-4.500751847586486,-6.600513408122168
EC-Earth-Consortium,EC-Earth3-Veg-LR,r1i1p1f1,gr,historical,1881-12,1881,12,0.8374606657973638,187.3330255033636,-0.372812361396329,-232.21183459246654,-10.836731646543264,-18.77524065036651,-74.02613308161172,0.8443239133056458,179.53984894273685,-0.40726912356645945,-223.33948846597266,-7.907125970966346,-14.520666974641335,-65.79037767910431,-0.006863247508282044,7.793176560626733,0.03445676217013044,-8.87234612649388,-2.9296056755769175,-4.254573675725174,-8.235755402507408
EC-Earth-Consortium,EC-Earth3-Veg-LR,r1i1p1f1,gr,historical,1882-01,1882,1,1.9672055990892892,188.21781740300472,-1.0137235716987327,-229.96697535716174,-8.010195636599876,-16.92929048067936,-65.73516204404571,1.9670428406081912,174.6451682692201,-1.1134382139788777,-217.91294889189962,-7.277542063475359,-14.28956539960937,-63.98128345913492,0.00016275848109792435,13.572649133784608,0.09971464228014493,-12.054026465262126,-0.7326535731245176,-2.63972508106999,-1.7538785849107867
EC-Earth-Consortium,EC-Earth3-Veg-LR,r1i1p1f1,gr,historical,1882-02,1882,2,11.573428257977762,185.84185495294219,-6.76199302275081,-230.224250999067,-16.60699705686608,-24.19804137403989,-80.37599924180384,12.445773582853347,174.25857569933385,-8.050053493794298,-217.59834553205962,-6.931894885320205,-14.11158454395435,-59.98752917294128,-0.8723453248755852,11.583279253608339,1.2880604710434884,-12.625905467007385,-9.675102171545877,-10.086456830085538,-20.38847006886256
EC-Earth-Consortium,EC-Earth3-Veg-LR,r1i1p1f1,gr,historical,1882-03,1882,3,57.241877340270655,182.73795223982953,-37.99845600473111,-230.21828675272167,-6.193734781337206,-14.98402475535807,-49.41467271404787,59.86295421939759,178.6380625638465,-42.42060087439643,-224.19115525659498,-5.777500516309919,-12.96961739527065,-46.8578572593279,-2.6210768791269317,4.099889675983036,4.422144869665317,-6.027131496126685,-0.41623426502728655,-2.0144073600874197,-2.556815454719967
EC-Earth-Consortium,EC-Earth3-Veg-LR,r1i1p1f1,gr,historical,1882-04,1882,4,164.03172982372703,194.6926330390637,-113.59236326187656,-249.91861719245375,-8.666364917921198,-16.251179960232914,-29.704162469693706,165.54918549462982,193.94768773026806,-121.36911048471737,-244.71414659154436,-3.5592308420521506,-11.316720965746057,-21.462335659162093,-1.517455670902791,0.7449453087956499,7.776747222840811,-5.204470600909389,-5.107134075869048,-4.934458994486857,-8.241826810531613
EC-Earth-Consortium,EC-Earth3-Veg-LR,r1i1p1f1,gr,historical,1882-05,1882,5,269.9679128204628,228.0163372499894,-182.98897477659654,-282.37813459163357,-3.3725291817958283,-14.757601806898474,14.487009713527758,275.6543792863859,224.5590747925627,-196.4506719906339,-277.14177299595417,-1.8042443237938772,-10.700238938634309,14.116525829932366,-5.686466465923104,3.4572624574266797,13.461697214037372,-5.236361595679398,-1.568284858001951,-4.057362868264166,0.3704838835953925
EC-Earth-Consortium,EC-Earth3-Veg-LR,r1i1p1f1,gr,historical,1882-06,1882,6,288.24536192434624,270.1941083983358,-166.2467610091372,-311.4252335438189,-0.6269215004457231,-12.907953162102782,67.23260110717743,296.31824615671405,264.6805788578032,-184.2618748228265,-305.99544242897827,-1.3256800948089977,-11.303420968742303,58.11240669916117,-8.072884232367812,5.513529540532602,18.01511381368931,-5.4297911148406115,0.6987585943632746,-1.6045321933604786,9.12019440801626
EC-Earth-Consortium,EC-Earth3-Veg-LR,r1i1p1f1,gr,historical,1882-07,1882,7,225.45168038774554,288.83467252290706,-98.89807308186654,-320.8113437141359,-0.3173458779598609,-11.328968547102503,82.93062168958778,225.98526739919413,289.5888849412498,-106.74472434052524,-319.32788691162557,-0.19383547240358012,-10.584539231081097,78.72316638480842,-0.5335870114485886,-0.7542124183427177,7.846651258658696,-1.483456802510318,-0.12351040555628079,-0.7444293160214066,4.207455304779359
EC-Earth-Consortium,EC-Earth3-Veg-LR,r1i1p1f1,gr,historical,1882-08,1882,8,147.9910560817234,287.27239889090106,-52.385700729848274,-321.9263488464845,-2.0375578010648447,-14.86114843277396,44.0526991624529,143.965143639584,285.514983779784,-56.61969220867284,-317.4160441353086,-0.736401837272086,-11.828037470306784,42.8799517678077,4.025912442139401,1.7574151111170409,4.233991478824564,-4.510304711175877,-1.3011559637927588,-3.033110962467177,1.1727473946452065
EC-Earth-Consortium,EC-Earth3-Veg-LR,r1i1p1f1,gr,historical,1882-09,1882,9,72.55996739047147,258.43078567065675,-25.58564988651001,-302.76913281065947,-5.577500144161807,-19.451453030918344,-22.392982811121417,72.23187531070974,254.64399326285204,-29.49217390513061,-295.7570914889987,-3.0077420278618163,-14.867742559467041,-16.248881407896377,0.32809207976173127,3.786792407804711,3.906524018620601,-7.012041321660774,-2.5697581162999903,-4.583710471451303,-6.14410140322504
EC-Earth-Consortium,EC-Earth3-Veg-LR,r1i1p1f1,gr,historical,1882-10,1882,10,21.749153492598623,229.11355566447327,-7.792207270280371,-276.28681704710027,-5.564158528018476,-19.164106711963527,-57.94458040029074,21.17782998279387,219.68910623165684,-9.062038234793288,-263.59941570919926,-7.415014525185129,-17.082779513843093,-56.292311768570094,0.5713235098047527,9.42444943281643,1.2698309645129173,-12.687401337901008,1.8508559971666534,-2.0813271981204338,-1.652268631720645
EC-Earth-Consortium,EC-Earth3-Veg-LR,r1i1p1f1,gr,historical,1882-11,1882,11,3.52121398673767,193.6636222803901,-1.2468389454047089,-244.39953272434138,-16.223408822039612,-24.147404299448276,-88.83234852410621,3.573632890038961,193.44910051493784,-1.4677800076550447,-237.86279579461424,-8.81039866871152,-15.933404947758362,-67.05164601376235,-0.05241890330129095,0.21452176545224688,0.22094106225033583,-6.536736929727141,-7.413010153328093,-8.213999351689914,-21.780702510343858
EC-Earth-Consortium,EC-Earth3-Veg-LR,r1i1p1f1,gr,historical,1882-12,1882,12,0.7898032184693031,181.69286775358418,-0.3258714325690748,-230.78243859323652,-13.169639505257708,-20.743591188744332,-82.53886974775415,0.8443239133056458,179.53984894273685,-0.40726912356645945,-223.33948846597266,-7.907125970966346,-14.520666974641335,-65.79037767910431,-0.0545206948363427,2.1530188108473283,0.08139769099738464,-7.442950127263856,-5.262513534291362,-6.2229242141029975,-16.74849206864984
EC-Earth-Consortium,EC-Earth3-Veg-LR,r1i1p1f1,gr,historical,1883-01,1883,1,1.8275832129291758,175.31333861896812,-0.8826331121473999,-225.2296052031168,-14.425760346313021,-22.3622664391366,-85.75934326881652,1.9670428406081912,174.6451682692201,-1.1134382139788777,-217.91294889189962,-7.277542063475359,-14.28956539960937,-63.98128345913492,-0.13945962767901543,0.66817034974801,0.23080510183147773,-7.316656311217173,-7.148218282837663,-8.072701039527232,-21.7780598096816
EC-Earth-Consortium,EC-Earth3-Veg-LR,r1i1p1f1,gr,historical,1883-02,1883,2,11.829961196336475,185.14544852756924,-7.037960224635033,-231.03347901015513,-14.458456061025444,-21.83298576306233,-77.38747133497222,12.445773582853347,174.25857569933385,-8.050053493794298,-217.59834553205962,-6.931894885320205,-14.11158454395435,-59.98752917294128,-0.6158123865168719,10.886872828235397,1.0120932691592648,-13.435133478095509,-7.526561175705239,-7.721401219107978,-17.39994216203094
EC-Earth-Consortium,EC-Earth3-Veg-LR,r1i1p1f1,gr,historical,1883-03,1883,3,57.72363638640407,182.45503525938636,-39.09984567859438,-230.458591922645,-10.644934595660406,-17.755228204153163,-57.779928755262524,59.86295421939759,178.6380625638465,-42.42060087439643,-224.19115525659498,-5.777500516309919,-12.96961739527065,-46.8578572593279,-2.1393178329935196,3.8169726955398744,3.3207551958020503,-6.267436666050031,-4.867434079350486,-4.785610808882513,-10.922071495934624
EC-Earth-Consortium,EC-Earth3-Veg-LR,r1i1p1f1,gr,historical,1883-04,1883,4,160.12360272028204,196.8423186249894,-112.18216994202584,-248.72655890988264,-2.166517870348152,-11.814623229745525,-17.9239486067307,165.54918549462982,193.94768773026806,-121.36911048471737,-244.71414659154436,-3.5592308420521506,-11.316720965746057,-21.462335659162093,-5.425582774347788,2.894630894721331,9.18694054269153,-4.012412318338278,1.3927129717039985,-0.49790226399946746,3.5383870524313927
EC-Earth-Consortium,EC-Earth3-Veg-LR,r1i1p1f1,gr,historical,1883-05,1883,5,272.78064448131454,226.71254788018385,-185.42438581193346,-283.02088766897504,-4.008943488430602,-14.96841459376475,12.070560798394508,275.6543792863859,224.5590747925627,-196.4506719906339,-277.14177299595417,-1.8042443237938772,-10.700238938634309,14.116525829932366,-2.873734805071365,2.153473087621137,11.026286178700445,-5.879114673020865,-2.204699164636725,-4.268175655130442,-2.0459650315378575
EC-Earth-Consortium,EC-Earth3-Veg-LR,r1i1p1f1,gr,historical,1883-06,1883,6,284.1621627248244,273.51118699931135,-161.7697928330687,-312.4254226392008,-2.0303235259261494,-13.107240882628224,68.3405698433119,296.31824615671405,264.6805788578032,-184.2618748228265,-305.99544242897827,-1.3256800948089977,-11.303420968742303,58.11240669916117,-12.15608343188967,8.83060814150815,22.49208198975782,-6.4299802102225385,-0.7046434311171517,-1.8038199138859206,10.228163144150727
EC-Earth-Consortium,EC-Earth3-Veg-LR,r1i1p1f1,gr,historical,1883-07,1883,7,220.46995476143766,295.2606333282517,-83.52693384677708,-326.17427007367536,-0.8985508719060333,-12.463559861754463,92.66727343557645,225.98526739919413,289.5888849412498,-106.74472434052524,-319.32788691162557,-0.19383547240358012,-10.584539231081097,78.72316638480842,-5.515312637756466,5.671748387001912,23.217790493748154,-6.84638316204979,-0.7047153995024532,-1.8790206306733666,13.944107050768025
EC-Earth-Consortium,EC-Earth3-Veg-LR,r1i1p1f1,gr,historical,1883-08,1883,8,139.40312027579944,290.90790209729147,-44.83013252166846,-324.0005908753688,-0.8182666062637503,-15.307400664455661,45.35463170533422,143.965143639584,285.514983779784,-56.61969220867284,-317.4160441353086,-0.736401837272086,-11.828037470306784,42.8799517678077,-4.5620233637845615,5.392918317507451,11.789559687004378,-6.584546740060205,-0.08186476899166428,-3.4793631941488776,2.474679937526524
EC-Earth-Consortium,EC-Earth3-Veg-LR,r1i1p1f1,gr,historical,1883-09,1883,9,71.49745124945744,265.20926554037663,-25.009733919209356,-307.48764429846943,-4.757368757891097,-18.970918347866156,-19.51894853360192,72.23187531070974,254.64399326285204,-29.49217390513061,-295.7570914889987,-3.0077420278618163,-14.867742559467041,-16.248881407896377,-0.7344240612522981,10.565272277524599,4.482439985921253,-11.730552809470737,-1.7496267300292807,-4.103175788399115,-3.2700671257055447
EC-Earth-Consortium,EC-Earth3-Veg-LR,r1i1p1f1,gr,historical,1883-10,1883,10,21.479522379077164,225.14797679775592,-7.5589493679435975,-272.86207254086975,-10.095553726595247,-22.330881222806305,-66.21995768138181,21.17782998279387,219.68910623165684,-9.062038234793288,-263.59941570919926,-7.415014525185129,-17.082779513843093,-56.292311768570094,0.30169239628329336,5.45887056609908,1.5030888668496907,-9.262656831670483,-2.6805392014101175,-5.248101708963212,-9.92764591281172
EC-Earth-Consortium,EC-Earth3-Veg-LR,r1i1p1f1,gr,historical,1883-11,1883,11,3.5517661763704114,193.72588933189428,-1.3350045643787074,-243.56429711976352,-13.475461720115511,-21.479666704349977,-82.57677460034303,3.573632890038961,193.44910051493784,-1.4677800076550447,-237.86279579461424,-8.81039866871152,-15.933404947758362,-67.05164601376235,-0.021866713668549753,0.2767888169564401,0.13277544327633728,-5.70150132514928,-4.665063051403992,-5.5462617565916155,-15.525128586580678
EC-Earth-Consortium,EC-Earth3-Veg-LR,r1i1p1f1,gr,historical,1883-12,1883,12,0.8035424112360543,190.8052285866202,-0.34500097248224376,-235.13624281583384,-4.388653689077193,-13.456636858056354,-61.717763337593375,0.8443239133056458,179.53984894273685,-0.40726912356645945,-223.33948846597266,-7.907125970966346,-14.520666974641335,-65.79037767910431,-0.040781502069591524,11.265379643883335,0.062268151084215684,-11.796754349861175,3.518472281889153,1.0640301165849806,4.072614341510935
EC-Earth-Consortium,EC-Earth3-Veg-LR,r1i1p1f1,gr,historical,1884-01,1884,1,1.8608619210746449,176.80739593773566,-0.9865405652969512,-220.54197312054936,-4.077629964290844,-12.453525442332252,-59.391411233659106,1.9670428406081912,174.6451682692201,-1.1134382139788777,-217.91294889189962,-7.277542063475359,-14.28956539960937,-63.98128345913492,-0.10618091953354636,2.1622276685155555,0.12689764868192643,-2.6290242286497403,3.199912099184515,1.8360399572771176,4.5898722254758155
EC-Earth-Consortium,EC-Earth3-Veg-LR,r1i1p1f1,gr,historical,1884-02,1884,2,12.491377705124131,177.47467326852177,-7.744599113296933,-224.23032141659695,-11.240377207633783,-19.050534801733516,-72.29978156561529,12.445773582853347,174.25857569933385,-8.050053493794298,-217.59834553205962,-6.931894885320205,-14.11158454395435,-59.98752917294128,0.045604122270784586,3.216097569187923,0.3054543804973653,-6.631975884537326,-4.308482322313577,-4.938950257779165,-12.312252392674012
EC-Earth-Consortium,EC-Earth3-Veg-LR,r1i1p1f1,gr,historical,1884-03,1884,3,58.55699590240845,187.28458818570778,-40.650227330645414,-233.37389398293942,-6.585212129781566,-14.975146205060053,-49.74289556031022,59.86295421939759,178.6380625638465,-42.42060087439643,-224.19115525659498,-5.777500516309919,-12.96961739527065,-46.8578572593279,-1.305958316989134,8.646525621861286,1.7703735437510133,-9.18273872634444,-0.8077116134716471,-2.0055288097894035,-2.885038300982316
EC-Earth-Consortium,EC-Earth3-Veg-LR,r1i1p1f1,gr,historical,1884-04,1884,4,163.9151602540539,194.22869075702337,-116.96251909500133,-248.7685639970146,-3.676773737791402,-13.572180911341892,-24.836186730071987,165.54918549462982,193.94768773026806,-121.36911048471737,-244.71414659154436,-3.5592308420521506,-11.316720965746057,-21.462335659162093,-1.6340252405759372,0.2810030267553145,4.406591389716041,-4.054417405470247,-0.11754289573925147,-2.2554599455958346,-3.3738510709098932
EC-Earth-Consortium,EC-Earth3-Veg-LR,r1i1p1f1,gr,historical,1884-05,1884,5,272.0184487850199,224.31220525459847,-183.76074837436744,-280.11217159439093,-3.234156204362034,-12.457353559480785,16.766224307017183,275.6543792863859,224.5590747925627,-196.4506719906339,-277.14177299595417,-1.8042443237938772,-10.700238938634309,14.116525829932366,-3.6359305013659764,-0.24686953796424405,12.68992361626647,-2.970398598436759,-1.4299118805681568,-1.757114620846476,2.649698477084817
EC-Earth-Consortium,EC-Earth3-Veg-LR,r1i1p1f1,gr,historical,1884-06,1884,6,287.19651220898027,265.72096861103273,-171.17775685679862,-307.47590593253796,-1.232460115090654,-11.91799716896542,61.11336074662034,296.31824615671405,264.6805788578032,-184.2618748228265,-305.99544242897827,-1.3256800948089977,-11.303420968742303,58.11240669916117,-9.121733947733787,1.0403897532295332,13.08411796602789,-1.4804635035596903,0.09321997971834373,-0.6145762002231159,3.0009540474591674
EC-Earth-Consortium,EC-Earth3-Veg-LR,r1i1p1f1,gr,historical,1884-07,1884,7,223.16472347858132,288.93808126191715,-95.10001864139889,-321.18104674297416,-1.1107623378666363,-13.189956358588102,81.52102065967063,225.98526739919413,289.5888849412498,-106.74472434052524,-319.32788691162557,-0.19383547240358012,-10.584539231081097,78.72316638480842,-2.8205439206128062,-0.6508036793326255,11.644705699126348,-1.8531598313485915,-0.9169268654630561,-2.605417127507005,2.7978542748622033
EC-Earth-Consortium,EC-Earth3-Veg-LR,r1i1p1f1,gr,historical,1884-08,1884,8,146.70211044340718,278.36692255632926,-54.71271179077867,-316.35999324553205,-2.936126152756536,-14.9796122905699,36.08058952009932,143.965143639584,285.514983779784,-56.61969220867284,-317.4160441353086,-0.736401837272086,-11.828037470306784,42.8799517678077,2.7369668038231794,-7.148061223454761,1.906980417894168,1.056050889776543,-2.19972431548445,-3.151574820263116,-6.799362247708373
EC-Earth-Consortium,EC-Earth3-Veg-LR,r1i1p1f1,gr,historical,1884-09,1884,9,69.63905218376732,261.3197998222939,-24.816237476944483,-302.26762693192245,-5.16945375207049,-17.369046723131085,-18.66351287800731,72.23187531070974,254.64399326285204,-29.49217390513061,-295.7570914889987,-3.0077420278618163,-14.867742559467041,-16.248881407896377,-2.5928231269424202,6.675806559441838,4.675936428186127,-6.510535442923754,-2.161711724208674,-2.5013041636640434,-2.4146314701109333
EC-Earth-Consortium,EC-Earth3-Veg-LR,r1i1p1f1,gr,historical,1884-10,1884,10,19.38710993280842,226.79564211229146,-6.615337809442121,-272.22345335012716,-12.02135828485484,-22.06889671346277,-66.74629411278701,21.17782998279387,219.68910623165684,-9.062038234793288,-263.59941570919926,-7.415014525185129,-17.082779513843093,-56.292311768570094,-1.790720049985449,7.106535880634624,2.4467004253511675,-8.624037640927895,-4.60634375966971,-4.986117199619677,-10.453982344216918
EC-Earth-Consortium,EC-Earth3-Veg-LR,r1i1p1f1,gr,historical,1884-11,1884,11,3.21168666345247,207.37104479904508,-1.0405261117537505,-251.407513381937,-9.137562961143793,-18.20108336966946,-69.20395436200647,3.573632890038961,193.44910051493784,-1.4677800076550447,-237.86279579461424,-8.81039866871152,-15.933404947758362,-67.05164601376235,-0.361946226586491,13.92194428410724,0.42725389590129415,-13.544717587322765,-0.32716429243227374,-2.2676784219110964,-2.1523083482441194
EC-Earth-Consortium,EC-Earth3-Veg-LR,r1i1p1f1,gr,historical,1884-12,1884,12,0.7921863198793854,185.4407026042396,-0.3230435916305878,-230.32703395576516,-6.191115718702061,-13.970735833929664,-64.57904017590849,0.8443239133056458,179.53984894273685,-0.40726912356645945,-223.33948846597266,-7.907125970966346,-14.520666974641335,-65.79037767910431,-0.05213759342626045,5.900853661502737,0.08422553193587162,-6.987545489792495,1.7160102522642848,0.5499311407116707,1.2113375031958213
EC-Earth-Consortium,EC-Earth3-Veg-LR,r1i1p1f1,gr,historical,1885-01,1885,1,1.8342851858895861,187.05476752932373,-1.000577896406886,-231.62239633679613,-11.841317798709097,-19.77080931327563,-75.34604862997443,1.9670428406081912,174.6451682692201,-1.1134382139788777,-217.91294889189962,-7.277542063475359,-14.28956539960937,-63.98128345913492,-0.13275765471860512,12.409599260103619,0.11286031757199155,-13.709447444896512,-4.5637757352337385,-5.481243913666262,-11.364765170839512
EC-Earth-Consortium,EC-Earth3-Veg-LR,r1i1p1f1,gr,historical,1885-02,1885,2,11.800612955742704,188.6910274592095,-7.169620685632779,-231.25562591364525,-8.328837320804197,-18.073056420240018,-64.33549992537003,12.445773582853347,174.25857569933385,-8.050053493794298,-217.59834553205962,-6.931894885320205,-14.11158454395435,-59.98752917294128,-0.6451606271106431,14.432451759875647,0.8804328081615189,-13.657280381585622,-1.396942435483992,-3.9614718762856675,-4.3479707524287505
EC-Earth-Consortium,EC-Earth3-Veg-LR,r1i1p1f1,gr,historical,1885-03,1885,3,56.11329007950791,184.27232202451748,-37.883405905454566,-231.76248572128472,-6.506452482241525,-17.507109431222457,-53.273841436177875,59.86295421939759,178.6380625638465,-42.42060087439643,-224.19115525659498,-5.777500516309919,-12.96961739527065,-46.8578572593279,-3.749664139889674,5.6342594606709895,4.537194968941861,-7.571330464689737,-0.7289519659316062,-4.537492035951807,-6.415984176849975
EC-Earth-Consortium,EC-Earth3-Veg-LR,r1i1p1f1,gr,historical,1885-04,1885,4,156.49454282613843,204.3631296786785,-109.47498372841984,-255.00649276877064,-3.827369244572565,-13.986550923869888,-21.43772416081598,165.54918549462982,193.94768773026806,-121.36911048471737,-244.71414659154436,-3.5592308420521506,-11.316720965746057,-21.462335659162093,-9.054642668491397,10.415441948410432,11.894126756297524,-10.292346177226278,-0.2681384025204143,-2.669829958123831,0.024611498346114757
EC-Earth-Consortium,EC-Earth3-Veg-LR,r1i1p1f1,gr,historical,1885-05,1885,5,266.1468676188244,230.00040795205396,-177.9318365099186,-284.0207792064351,-4.6609353921804315,-15.113929480590567,14.419794981753618,275.6543792863859,224.5590747925627,-196.4506719906339,-277.14177299595417,-1.8042443237938772,-10.700238938634309,14.116525829932366,-9.507511667561516,5.441333159491251,18.518835480715296,-6.879006210480952,-2.8566910683865543,-4.413690541956258,0.3032691518212527
EC-Earth-Consortium,EC-Earth3-Veg-LR,r1i1p1f1,gr,historical,1885-06,1885,6,292.68168390421164,263.14267947468886,-168.98153588068223,-308.1966804323764,-0.6163224244593999,-13.299331473749113,64.73049316763326,296.31824615671405,264.6805788578032,-184.2618748228265,-305.99544242897827,-1.3256800948089977,-11.303420968742303,58.11240669916117,-3.636562252502415,-1.5378993831143362,15.280338942144283,-2.201238003398146,0.7093576703495978,-1.99591050500681,6.618086468472086
EC-Earth-Consortium,EC-Earth3-Veg-LR,r1i1p1f1,gr,historical,1885-07,1885,7,232.66015986783094,285.97064921618994,-105.59138665141369,-321.21285024437236,-1.0541435272063373,-13.23551161591874,77.5369170451098,225.98526739919413,289.5888849412498,-106.74472434052524,-319.32788691162557,-0.19383547240358012,-10.584539231081097,78.72316638480842,6.674892468636813,-3.618235725059833,1.1533376891115523,-1.8849633327467927,-0.8603080548027572,-2.650972384837644,-1.1862493396986196
EC-Earth-Consortium,EC-Earth3-Veg-LR,r1i1p1f1,gr,historical,1885-08,1885,8,150.03279002901917,286.4935788995247,-56.468236234218985,-321.9407592873505,-0.7716571222814885,-13.767988060527422,43.57772822416551,143.965143639584,285.514983779784,-56.61969220867284,-317.4160441353086,-0.736401837272086,-11.828037470306784,42.8799517678077,6.067646389435168,0.978595119740703,0.15145597445385306,-4.5247151520418925,-0.03525528500940256,-1.9399505902206382,0.6977764563578148
EC-Earth-Consortium,EC-Earth3-Veg-LR,r1i1p1f1,gr,historical,1885-09,1885,9,71.30793451979295,264.6446589261361,-27.029604742252523,-304.1110731358513,-2.1332560815087533,-15.762676316053023,-13.084016829736495,72.23187531070974,254.64399326285204,-29.49217390513061,-295.7570914889987,-3.0077420278618163,-14.867742559467041,-16.248881407896377,-0.923940790916788,10.000665663284082,2.4625691628780864,-8.353981646852617,0.874485946353063,-0.8949337565859814,3.1648645781598823
EC-Earth-Consortium,EC-Earth3-Veg-LR,r1i1p1f1,gr,historical,1885-10,1885,10,20.821876892367243,227.4649469111448,-7.450333900411623,-274.23149112105904,-13.753607812490149,-24.52103445182258,-71.66964348227134,21.17782998279387,219.68910623165684,-9.062038234793288,-263.59941570919926,-7.415014525185129,-17.082779513843093,-56.292311768570094,-0.3559530904266275,7.77584067948797,1.611704334381665,-10.632075411859773,-6.338593287305019,-7.438254937979487,-15.377331713701246
EC-Earth-Consortium,EC-Earth3-Veg-LR,r1i1p1f1,gr,historical,1885-11,1885,11,3.3994437869379137,196.02172683385692,-1.0145597672251803,-243.83048944810926,-20.63079536487712,-25.35334403589799,-91.40801799531472,3.573632890038961,193.44910051493784,-1.4677800076550447,-237.86279579461424,-8.81039866871152,-15.933404947758362,-67.05164601376235,-0.1741891031010474,2.5726263189190774,0.4532202404298644,-5.967693653495019,-11.8203966961656,-9.419939088139628,-24.35637198155237
EC-Earth-Consortium,EC-Earth3-Veg-LR,r1i1p1f1,gr,historical,1885-12,1885,12,0.8096092876102419,186.97951445903786,-0.3283819847229085,-233.34319651316574,-15.849969166590142,-22.653738618678823,-84.38616253650952,0.8443239133056458,179.53984894273685,-0.40726912356645945,-223.33948846597266,-7.907125970966346,-14.520666974641335,-65.79037767910431,-0.034714625695403956,7.439665516301005,0.07888713884355092,-10.003708047193072,-7.942843195623796,-8.133071644037488,-18.595784857405206
EC-Earth-Consortium,EC-Earth3-Veg-LR,r1i1p1f1,gr,historical,1886-01,1886,1,1.8562488662204881,191.564264819881,-0.9620163824517792,-235.669897090881,-9.753475334451798,-22.162867957099035,-75.12774307878213,1.9670428406081912,174.6451682692201,-1.1134382139788777,-217.91294889189962,-7.277542063475359,-14.28956539960937,-63.98128345913492,-0.11079397438770311,16.919096550660896,0.15142183152709843,-17.756948198981377,-2.475933270976439,-7.873302557489666,-11.14645961964721
EC-Earth-Consortium,EC-Earth3-Veg-LR,r1i1p1f1,gr,historical,1886-02,1886,2,11.80131735051326,181.8402873711456,-7.1537188977384325,-226.26489699665365,-17.476479373614794,-22.258503153958525,-79.51199370030653,12.445773582853347,174.25857569933385,-8.050053493794298,-217.59834553205962,-6.931894885320205,-14.11158454395435,-59.98752917294128,-0.6444562323400866,7.581711671811746,0.8963345960558655,-8.666551464594022,-10.54458448829459,-8.146918610004175,-19.524464527365254
EC-Earth-Consortium,EC-Earth3-Veg-LR,r1i1p1f1,gr,historical,1886-03,1886,3,57.66734383737783,190.91567163894487,-38.47969444987654,-236.00109638072644,-2.139339606508,-14.075344138947354,-42.112459099735624,59.86295421939759,178.6380625638465,-42.42060087439643,-224.19115525659498,-5.777500516309919,-12.96961739527065,-46.8578572593279,-2.1956103820197583,12.277609075098383,3.9409064245198877,-11.809941124131456,3.638160909801919,-1.1057267436767049,4.745398159592277
EC-Earth-Consortium,EC-Earth3-Veg-LR,r1i1p1f1,gr,historical,1886-04,1886,4,159.23006317153875,198.82589189759906,-111.47029220732752,-249.72828545409266,-6.143721927665127,-15.595920742377686,-24.88226526232522,165.54918549462982,193.94768773026806,-121.36911048471737,-244.71414659154436,-3.5592308420521506,-11.316720965746057,-21.462335659162093,-6.319122323091079,4.878204167331006,9.89881827738985,-5.014138862548293,-2.5844910856129766,-4.2791997766316285,-3.4199296031631263
EC-Earth-Consortium,EC-Earth3-Veg-LR,r1i1p1f1,gr,historical,1886-05,1886,5,270.0909455512152,226.43374165049093,-181.99090442642867,-280.5103637076058,-2.722072832318926,-12.015528681193269,19.285817554159486,275.6543792863859,224.5590747925627,-196.4506719906339,-277.14177299595417,-1.8042443237938772,-10.700238938634309,14.116525829932366,-5.56343373517069,1.8746668579282186,14.459767564205237,-3.3685907116516205,-0.9178285085250488,-1.31528974255896,5.16929172422712
EC-Earth-Consortium,EC-Earth3-Veg-LR,r1i1p1f1,gr,historical,1886-06,1886,6,286.67128289723763,269.81630808099516,-168.1249110755478,-310.3641404778511,-2.2733562595764027,-13.488641001099852,62.23654216415764,296.31824615671405,264.6805788578032,-184.2618748228265,-305.99544242897827,-1.3256800948089977,-11.303420968742303,58.11240669916117,-9.646963259476422,5.135729223191959,16.136963747278713,-4.3686980488728295,-0.947676164767405,-2.185220032357549,4.1241354649964705
EC-Earth-Consortium,EC-Earth3-Veg-LR,r1i1p1f1,gr,historical,1886-07,1886,7,223.79567775842,292.6046378393775,-101.213951611146,-321.9556225662718,-0.11587317578446672,-10.538073740562272,82.57679450403299,225.98526739919413,289.5888849412498,-106.74472434052524,-319.32788691162557,-0.19383547240358012,-10.584539231081097,78.72316638480842,-2.1895896407741304,3.0157528981277437,5.530772729379237,-2.6277356546462443,0.0779622966191134,0.04646549051882509,3.8536281192245667
EC-Earth-Consortium,EC-Earth3-Veg-LR,r1i1p1f1,gr,historical,1886-08,1886,8,147.91283738227864,288.79020283129114,-53.08565936001351,-323.23515066170154,-2.2575537675071295,-14.854083084123449,43.270593340224195,143.965143639584,285.514983779784,-56.61969220867284,-317.4160441353086,-0.736401837272086,-11.828037470306784,42.8799517678077,3.9476937426946392,3.275219051507122,3.5340328486593293,-5.819106526392943,-1.5211519302350436,-3.026045613816665,0.39064157241649866
EC-Earth-Consortium,EC-Earth3-Veg-LR,r1i1p1f1,gr,historical,1886-09,1886,9,72.40601937824133,262.6070829627708,-26.237695445340798,-305.0513564348104,-4.479173460369407,-18.548337910780408,-19.30346091028892,72.23187531070974,254.64399326285204,-29.49217390513061,-295.7570914889987,-3.0077420278618163,-14.867742559467041,-16.248881407896377,0.17414406753158573,7.963089699918754,3.254478459789812,-9.294264945811676,-1.4714314325075906,-3.6805953513133662,-3.054579502392542
EC-Earth-Consortium,EC-Earth3-Veg-LR,r1i1p1f1,gr,historical,1886-10,1886,10,20.132575229703278,228.02891966928024,-6.66377949754701,-271.99300362729446,-10.428470868884382,-21.22130246131316,-62.14506155605551,21.17782998279387,219.68910623165684,-9.062038234793288,-263.59941570919926,-7.415014525185129,-17.082779513843093,-56.292311768570094,-1.0452547530905925,8.339813437623405,2.3982587372462785,-8.393587918095193,-3.0134563436992527,-4.138522947470069,-5.852749787485415
EC-Earth-Consortium,EC-Earth3-Veg-LR,r1i1p1f1,gr,historical,1886-11,1886,11,3.484937603115171,197.02850088722107,-1.0072541476648667,-245.292722241513,-16.13639071507996,-23.95637317141062,-85.87930178533217,3.573632890038961,193.44910051493784,-1.4677800076550447,-237.86279579461424,-8.81039866871152,-15.933404947758362,-67.05164601376235,-0.08869528692379003,3.5794003722832315,0.46052585999017803,-7.429926446898747,-7.325992046368439,-8.022968223652256,-18.827655771569823
EC-Earth-Consortium,EC-Earth3-Veg-LR,r1i1p1f1,gr,historical,1886-12,1886,12,0.7817248031446858,188.76689651945765,-0.2907742233003184,-233.58544039111712,-15.900779388822004,-21.19457529346864,-81.42294797410575,0.8443239133056458,179.53984894273685,-0.40726912356645945,-223.33948846597266,-7.907125970966346,-14.520666974641335,-65.79037767910431,-0.06259911016095998,9.227047576720793,0.11649490026614107,-10.245951925144453,-7.993653417855658,-6.673908318827307,-15.632570295001443
EC-Earth-Consortium,EC-Earth3-Veg-LR,r1i1p1f1,gr,historical,1887-01,1887,1,1.8276953352191108,188.19675440607028,-0.8724670253939274,-231.91409552193926,-11.070105792409334,-19.54501625371617,-73.37723485216928,1.9670428406081912,174.6451682692201,-1.1134382139788777,-217.91294889189962,-7.277542063475359,-14.28956539960937,-63.98128345913492,-0.13934750538908047,13.551586136850176,0.24097118858495026,-14.001146630039642,-3.7925637289339758,-5.255450854106801,-9.395951393034359
EC-Earth-Consortium,EC-Earth3-Veg-LR,r1i1p1f1,gr,historical,1887-02,1887,2,11.649740130122533,194.29032720541574,-7.055387038029526,-235.29197933121827,-4.662932256368157,-15.417079669448382,-56.48731095952608,12.445773582853347,174.25857569933385,-8.050053493794298,-217.59834553205962,-6.931894885320205,-14.11158454395435,-59.98752917294128,-0.7960334527308142,20.03175150608189,0.9946664557647722,-17.693633799158647,2.268962628952049,-1.3054951254940317,3.5002182134152022
EC-Earth-Consortium,EC-Earth3-Veg-LR,r1i1p1f1,gr,historical,1887-03,1887,3,57.08057476486671,189.98062903924563,-38.04999295959873,-235.00863475481196,-5.621129837244678,-16.31395836170905,-47.93251210925211,59.86295421939759,178.6380625638465,-42.42060087439643,-224.19115525659498,-5.777500516309919,-12.96961739527065,-46.8578572593279,-2.7823794545308758,11.342566475399138,4.370607914797695,-10.817479498216983,0.15637067906524127,-3.344340966438402,-1.0746548499242081
EC-Earth-Consortium,EC-Earth3-Veg-LR,r1i1p1f1,gr,historical,1887-04,1887,4,159.82734655869163,203.9279840241874,-110.80607299551512,-254.661877735527,-1.708505473577027,-12.293258177235414,-15.714383798975566,165.54918549462982,193.94768773026806,-121.36911048471737,-244.71414659154436,-3.5592308420521506,-11.316720965746057,-21.462335659162093,-5.7218389359381945,9.980296293919338,10.563037489202245,-9.94773114398265,1.8507253684751235,-0.9765372114893562,5.747951860186527
EC-Earth-Consortium,EC-Earth3-Veg-LR,r1i1p1f1,gr,historical,1887-05,1887,5,269.6347008900648,229.25607552172252,-180.0600536393951,-283.8782370770848,-3.3121068163294938,-13.293018382371594,18.347360496606328,275.6543792863859,224.5590747925627,-196.4506719906339,-277.14177299595417,-1.8042443237938772,-10.700238938634309,14.116525829932366,-6.019678396321126,4.697000729159811,16.3906183512388,-6.736464081130634,-1.5078624925356165,-2.5927794437372853,4.230834666673962
EC-Earth-Consortium,EC-Earth3-Veg-LR,r1i1p1f1,gr,historical,1887-06,1887,6,294.8780243241709,264.2644325465957,-173.66101035348586,-308.44853909898075,-1.4056887243392258,-12.254833964425785,63.37238472953504,296.31824615671405,264.6805788578032,-184.2618748228265,-305.99544242897827,-1.3256800948089977,-11.303420968742303,58.11240669916117,-1.440221832543159,-0.41614631120751255,10.60086446934065,-2.4530966700024806,-0.08000862953022803,-0.9514129956834818,5.259978030373873
EC-Earth-Consortium,EC-Earth3-Veg-LR,r1i1p1f1,gr,historical,1887-07,1887,7,223.88539812221774,293.3099831147833,-98.03653367586564,-323.5386493617693,-0.12162173713312188,-10.395648273445346,85.10292818878762,225.98526739919413,289.5888849412498,-106.74472434052524,-319.32788691162557,-0.19383547240358012,-10.584539231081097,78.72316638480842,-2.099869276976392,3.7210981735335054,8.708190664659597,-4.210762450143704,0.07221373527045824,0.18889095763575092,6.379761803979193
EC-Earth-Consortium,EC-Earth3-Veg-LR,r1i1p1f1,gr,historical,1887-08,1887,8,139.5638435935684,294.056288069936,-48.30746752216938,-325.25337302394223,-0.9248487802694825,-13.320859449281581,45.813582887841704,143.965143639584,285.514983779784,-56.61969220867284,-317.4160441353086,-0.736401837272086,-11.828037470306784,42.8799517678077,-4.401300046015592,8.54130429015197,8.312224686503455,-7.837328888633635,-0.1884469429973965,-1.4928219789747974,2.9336311200340077
EC-Earth-Consortium,EC-Earth3-Veg-LR,r1i1p1f1,gr,historical,1887-09,1887,9,72.13352641501139,262.1796294120455,-25.938611237148688,-303.7111052830552,-1.283965826424871,-15.039753152095866,-11.660279671667759,72.23187531070974,254.64399326285204,-29.49217390513061,-295.7570914889987,-3.0077420278618163,-14.867742559467041,-16.248881407896377,-0.0983488956983507,7.5356361491934365,3.5535626679819217,-7.954013794056493,1.7237762014369453,-0.17201059262882445,4.588601736228618
EC-Earth-Consortium,EC-Earth3-Veg-LR,r1i1p1f1,gr,historical,1887-10,1887,10,20.889078018366686,225.70373673224634,-7.509350748055363,-271.97548318942444,-9.097654405396971,-19.70237913605869,-61.69205272832244,21.17782998279387,219.68910623165684,-9.062038234793288,-263.59941570919926,-7.415014525185129,-17.082779513843093,-56.292311768570094,-0.28875196442718476,6.014630500589504,1.5526874867379252,-8.376067480225174,-1.682639880211842,-2.6195996222155955,-5.399740959752343
EC-Earth-Consortium,EC-Earth3-Veg-LR,r1i1p1f1,gr,historical,1887-11,1887,11,3.394145721404535,193.4453549701531,-1.091553651816723,-242.68983150499525,-14.05521041398354,-22.660263174023864,-83.65735805326176,3.573632890038961,193.44910051493784,-1.4677800076550447,-237.86279579461424,-8.81039866871152,-15.933404947758362,-67.05164601376235,-0.17948716863442593,-0.0037455447847491996,0.37622635583832165,-4.827035710381011,-5.24481174527202,-6.726858226265502,-16.60571203949941
EC-Earth-Consortium,EC-Earth3-Veg-LR,r1i1p1f1,gr,historical,1887-12,1887,12,0.8408337063319299,172.6635208285174,-0.33915480296176315,-222.21935636943806,-18.08509279193389,-22.231462039521496,-89.3707114690059,0.8443239133056458,179.53984894273685,-0.40726912356645945,-223.33948846597266,-7.907125970966346,-14.520666974641335,-65.79037767910431,-0.003490206973715937,-6.876328114219461,0.0681143206046963,1.1201320965346042,-10.177966820967542,-7.710795064880161,-23.580333789901587
EC-Earth-Consortium,EC-Earth3-Veg-LR,r1i1p1f1,gr,historical,1888-01,1888,1,1.8761062288758021,179.35500454040096,-1.0059266475773934,-222.55575511383896,-6.411777014630054,-14.845179007506628,-63.587527014276255,1.9670428406081912,174.6451682692201,-1.1134382139788777,-217.91294889189962,-7.277542063475359,-14.28956539960937,-63.98128345913492,-0.0909366117323891,4.709836271180848,0.1075115664014843,-4.642806221939338,0.8657650488453044,-0.5556136078972589,0.393756444858667
EC-Earth-Consortium,EC-Earth3-Veg-LR,r1i1p1f1,gr,historical,1888-02,1888,2,12.912452212952351,172.29273744918137,-7.90468103775864,-218.56345046543478,-15.414621337764766,-20.170642043700997,-76.84820522252546,12.445773582853347,174.25857569933385,-8.050053493794298,-217.59834553205962,-6.931894885320205,-14.11158454395435,-59.98752917294128,0.466678630099004,-1.9658382501524727,0.14537245603565818,-0.9651049333751587,-8.48272645244456,-6.059057499746647,-16.860676049584185
EC-Earth-Consortium,EC-Earth3-Veg-LR,r1i1p1f1,gr,historical,1888-03,1888,3,58.324507088962655,195.66340320882597,-39.98054911254133,-237.42517138734178,-1.0569303893385769,-13.09373801820023,-37.568478609633274,59.86295421939759,178.6380625638465,-42.42060087439643,-224.19115525659498,-5.777500516309919,-12.96961739527065,-46.8578572593279,-1.5384471304349319,17.02534064497948,2.440051761855095,-13.234016130746795,4.720570126971342,-0.12412062292958126,9.289378649694626
EC-Earth-Consortium,EC-Earth3-Veg-LR,r1i1p1f1,gr,historical,1888-04,1888,4,164.3645708120163,200.12454129159653,-116.11542277457336,-251.87786636737184,-3.7454181113337475,-12.735429970580068,-19.985025120246203,165.54918549462982,193.94768773026806,-121.36911048471737,-244.71414659154436,-3.5592308420521506,-11.316720965746057,-21.462335659162093,-1.1846146826135282,6.176853561328471,5.253687710144007,-7.163719775827474,-0.1861872692815969,-1.4187090048340103,1.4773105389158907
EC-Earth-Consortium,EC-Earth3-Veg-LR,r1i1p1f1,gr,historical,1888-05,1888,5,272.820327933646,227.74707117362618,-190.9569127763188,-279.6378912387209,-1.9657085121350197,-12.848288076507552,15.158598503589923,275.6543792863859,224.5590747925627,-196.4506719906339,-277.14177299595417,-1.8042443237938772,-10.700238938634309,14.116525829932366,-2.834051352739891,3.1879963810634706,5.493759214315105,-2.496118242766727,-0.1614641883411425,-2.148049137873244,1.0420726736575574
EC-Earth-Consortium,EC-Earth3-Veg-LR,r1i1p1f1,gr,historical,1888-06,1888,6,291.05454214064196,271.3249739094661,-173.9544591402136,-310.7885139425424,-1.382109637222491,-10.83123301757034,65.42320031255929,296.31824615671405,264.6805788578032,-184.2618748228265,-305.99544242897827,-1.3256800948089977,-11.303420968742303,58.11240669916117,-5.263704016072097,6.6443950516629116,10.307415682612913,-4.7930715135641435,-0.056429542413493294,0.47218795117196244,7.310793613398118
EC-Earth-Consortium,EC-Earth3-Veg-LR,r1i1p1f1,gr,historical,1888-07,1888,7,221.59937439637855,293.11651219318827,-101.96279992248,-322.67522476692585,-0.6771657791217138,-12.483966491873952,76.91672962916527,225.98526739919413,289.5888849412498,-106.74472434052524,-319.32788691162557,-0.19383547240358012,-10.584539231081097,78.72316638480842,-4.385893002815578,3.5276272519384975,4.781924418045236,-3.3473378553002817,-0.4833303067181337,-1.899427260792855,-1.8064367556431478
EC-Earth-Consortium,EC-Earth3-Veg-LR,r1i1p1f1,gr,historical,1888-08,1888,8,140.75299074117754,288.87178781399973,-54.100438373624606,-320.4417340971573,-2.330063608492583,-13.30741084658089,39.44513162932189,143.965143639584,285.514983779784,-56.61969220867284,-317.4160441353086,-0.736401837272086,-11.828037470306784,42.8799517678077,-3.2121528984064582,3.3568040342157133,2.5192538350482323,-3.025689961848684,-1.593661771220497,-1.479373376274106,-3.4348201384858044
EC-Earth-Consortium,EC-Earth3-Veg-LR,r1i1p1f1,gr,historical,1888-09,1888,9,68.36117477246292,259.8493440164631,-27.197151017644956,-298.90181094567225,-3.289541736240279,-17.398756141353704,-18.57674105198521,72.23187531070974,254.64399326285204,-29.49217390513061,-295.7570914889987,-3.0077420278618163,-14.867742559467041,-16.248881407896377,-3.8707005382468225,5.205350753611043,2.295022887485654,-3.144719456673556,-0.28179970837846247,-2.531013581886663,-2.327859644088832
EC-Earth-Consortium,EC-Earth3-Veg-LR,r1i1p1f1,gr,historical,1888-10,1888,10,20.360377778523706,227.75178863618004,-7.829608614378165,-271.0443653101692,-10.664788854036825,-21.475625370914084,-62.90222173479455,21.17782998279387,219.68910623165684,-9.062038234793288,-263.59941570919926,-7.415014525185129,-17.082779513843093,-56.292311768570094,-0.8174522042701646,8.062682404523201,1.2324296204151235,-7.444949600969949,-3.2497743288516956,-4.392845857070991,-6.609909966224457
EC-Earth-Consortium,EC-Earth3-Veg-LR,r1i1p1f1,gr,historical,1888-11,1888,11,3.2019630765278575,203.57957577922787,-1.0036220185185138,-248.25631650904026,-10.9393043366495,-19.96297666194861,-73.38068067040118,3.573632890038961,193.44910051493784,-1.4677800076550447,-237.86279579461424,-8.81039866871152,-15.933404947758362,-67.05164601376235,-0.3716698135111036,10.130475264290027,0.46415798913653084,-10.393520714426018,-2.12890566793798,-4.029571714190247,-6.329034656638825
EC-Earth-Consortium,EC-Earth3-Veg-LR,r1i1p1f1,gr,historical,1888-12,1888,12,0.8017911085953761,181.90610936014227,-0.3097847794602738,-229.0899883164846,-13.870820150845887,-20.62312442604696,-81.18581720410008,0.8443239133056458,179.53984894273685,-0.40726912356645945,-223.33948846597266,-7.907125970966346,-14.520666974641335,-65.79037767910431,-0.04253280471026977,2.366260417405414,0.09748434410618567,-5.750499850511943,-5.963694179879541,-6.102457451405625,-15.395439524995766
EC-Earth-Consortium,EC-Earth3-Veg-LR,r1i1p1f1,gr,historical,1889-01,1889,1,1.9442185806218297,192.64577738744376,-1.0740634836507486,-236.18535808848324,-6.808626724092495,-18.86022793523978,-68.33828026340068,1.9670428406081912,174.6451682692201,-1.1134382139788777,-217.91294889189962,-7.277542063475359,-14.28956539960937,-63.98128345913492,-0.022824259986361506,18.00060911822365,0.039374730328129104,-18.272409196583624,0.468915339382864,-4.570662535630412,-4.356996804265755
EC-Earth-Consortium,EC-Earth3-Veg-LR,r1i1p1f1,gr,historical,1889-02,1889,2,12.018074104047216,193.72457264448025,-7.552544730791865,-236.7830276117544,-8.844089710242743,-20.614771437921064,-68.05178674218257,12.445773582853347,174.25857569933385,-8.050053493794298,-217.59834553205962,-6.931894885320205,-14.11158454395435,-59.98752917294128,-0.42769947880613124,19.4659969451464,0.49750876300243263,-19.184682079694767,-1.9121948249225378,-6.5031868939667135,-8.064257569241292
EC-Earth-Consortium,EC-Earth3-Veg-LR,r1i1p1f1,gr,historical,1889-03,1889,3,57.00600502545815,185.0656441614692,-39.36717441064498,-231.45934348501058,-10.329721925365451,-17.47718059158245,-56.5617712256761,59.86295421939759,178.6380625638465,-42.42060087439643,-224.19115525659498,-5.777500516309919,-12.96961739527065,-46.8578572593279,-2.8569491939394354,6.427581597622719,3.0534264637514497,-7.268188228415596,-4.552221409055532,-4.5075631963118,-9.703913966348196
EC-Earth-Consortium,EC-Earth3-Veg-LR,r1i1p1f1,gr,historical,1889-04,1889,4,160.74775001650082,197.1627660060067,-112.67286861906054,-249.07465122866606,-5.233035859409264,-14.520499838600985,-23.590539523229303,165.54918549462982,193.94768773026806,-121.36911048471737,-244.71414659154436,-3.5592308420521506,-11.316720965746057,-21.462335659162093,-4.801435478129008,3.215078275738648,8.69624186565683,-4.360504637121693,-1.6738050173571133,-3.2037788728549277,-2.12820386406721
EC-Earth-Consortium,EC-Earth3-Veg-LR,r1i1p1f1,gr,historical,1889-05,1889,5,269.70651109650976,226.10025608124752,-180.6278689568646,-280.61942846595514,-1.641886352846327,-12.886666724937735,20.03091667715342,275.6543792863859,224.5590747925627,-196.4506719906339,-277.14177299595417,-1.8042443237938772,-10.700238938634309,14.116525829932366,-5.9478681898761465,1.541181288684811,15.822803033769304,-3.4776554700009683,0.16235797094755022,-2.186427786303426,5.914390847221055
EC-Earth-Consortium,EC-Earth3-Veg-LR,r1i1p1f1,gr,historical,1889-06,1889,6,288.11600991646003,269.1782579326641,-169.24514644767976,-310.16424818496716,-1.0305419438328358,-13.25156063081763,63.60277064182676,296.31824615671405,264.6805788578032,-184.2618748228265,-305.99544242897827,-1.3256800948089977,-11.303420968742303,58.11240669916117,-8.202236240254024,4.497679074860912,15.016728375146755,-4.168805755988899,0.2951381509761619,-1.9481396620753273,5.490363942665589
EC-Earth-Consortium,EC-Earth3-Veg-LR,r1i1p1f1,gr,historical,1889-07,1889,7,222.46542690280833,295.94413869899535,-96.35345065442841,-325.05065883094954,-0.8290188335202983,-12.166351717539532,84.01008556536594,225.98526739919413,289.5888849412498,-106.74472434052524,-319.32788691162557,-0.19383547240358012,-10.584539231081097,78.72316638480842,-3.5198404963857968,6.355253757745572,10.391273686096824,-5.722771919323975,-0.6351833611167181,-1.5818124864584355,5.286919180557518
EC-Earth-Consortium,EC-Earth3-Veg-LR,r1i1p1f1,gr,historical,1889-08,1889,8,138.18113819176412,293.82270171471686,-48.654292455290424,-324.5864490012792,-0.8532161590635148,-13.2059224141661,44.70395987668168,143.965143639584,285.514983779784,-56.61969220867284,-317.4160441353086,-0.736401837272086,-11.828037470306784,42.8799517678077,-5.7840054478198795,8.307717934932839,7.965399753382414,-7.1704048659706245,-0.11681432179142881,-1.377884943859316,1.8240081088739828
EC-Earth-Consortium,EC-Earth3-Veg-LR,r1i1p1f1,gr,historical,1889-09,1889,9,72.27174477359112,266.1011999662016,-24.568075679370143,-307.23066189371417,-3.242733998755708,-16.909323655258614,-13.57785048730593,72.23187531070974,254.64399326285204,-29.49217390513061,-295.7570914889987,-3.0077420278618163,-14.867742559467041,-16.248881407896377,0.039869462881384266,11.457206703349556,4.924098225760467,-11.473570404715474,-0.23499197089389146,-2.0415810957915728,2.6710309205904466
EC-Earth-Consortium,EC-Earth3-Veg-LR,r1i1p1f1,gr,historical,1889-10,1889,10,21.53658687554304,225.10382155019533,-7.142546488480044,-273.62592476718874,-12.906762680423206,-24.804066741422453,-71.83889225177606,21.17782998279387,219.68910623165684,-9.062038234793288,-263.59941570919926,-7.415014525185129,-17.082779513843093,-56.292311768570094,0.3587568927491702,5.414715318538498,1.919491746313244,-10.026509057989472,-5.491748155238077,-7.72128722757936,-15.546580483205965
EC-Earth-Consortium,EC-Earth3-Veg-LR,r1i1p1f1,gr,historical,1889-11,1889,11,3.441202904475212,203.76228974937084,-1.1743242226425115,-251.1890968593116,-15.754082979684249,-24.71428325281294,-85.62829466060528,3.573632890038961,193.44910051493784,-1.4677800076550447,-237.86279579461424,-8.81039866871152,-15.933404947758362,-67.05164601376235,-0.13242998556374896,10.313189234432997,0.2934557850125332,-13.326301064697361,-6.9436843109727295,-8.780878305054578,-18.576648646842926
EC-Earth-Consortium,EC-Earth3-Veg-LR,r1i1p1f1,gr,historical,1889-12,1889,12,0.7795846480769268,187.63204241901664,-0.32808951108316065,-233.25272946605023,-13.735569066786935,-20.310333669032993,-79.21509464585975,0.8443239133056458,179.53984894273685,-0.40726912356645945,-223.33948846597266,-7.907125970966346,-14.520666974641335,-65.79037767910431,-0.06473926522871898,8.092193476279789,0.0791796124832988,-9.913241000077562,-5.828443095820589,-5.7896666943916575,-13.42471696675544
EC-Earth-Consortium,EC-Earth3-Veg-LR,r1i1p1f1,gr,historical,1890-01,1890,1,1.8554633796346114,182.59313770985284,-0.9903025804511384,-228.47917605696324,-18.81408201629013,-24.396198114838718,-88.23115767905577,1.9670428406081912,174.6451682692201,-1.1134382139788777,-217.91294889189962,-7.277542063475359,-14.28956539960937,-63.98128345913492,-0.11157946097357985,7.947969440632733,0.12313563352773926,-10.566227165063623,-11.53653995281477,-10.106632715229349,-24.249874219920848
EC-Earth-Consortium,EC-Earth3-Veg-LR,r1i1p1f1,gr,historical,1890-02,1890,2,11.972193513916716,185.17746244540865,-7.296395946864996,-229.8613156626522,-5.127703154337771,-15.017595290890853,-60.15335409542046,12.445773582853347,174.25857569933385,-8.050053493794298,-217.59834553205962,-6.931894885320205,-14.11158454395435,-59.98752917294128,-0.47358006893663074,10.918886746074804,0.7536575469293023,-12.262970130592578,1.804191730982434,-0.9060107469365022,-0.16582492247918168
EC-Earth-Consortium,EC-Earth3-Veg-LR,r1i1p1f1,gr,historical,1890-03,1890,3,58.40472302545121,187.42835599239717,-39.301733716463836,-235.74416982902727,-5.658914374478031,-16.596059446899613,-51.467798349020384,59.86295421939759,178.6380625638465,-42.42060087439643,-224.19115525659498,-5.777500516309919,-12.96961739527065,-46.8578572593279,-1.458231193946375,8.790293428550683,3.1188671579325913,-11.55301457243229,0.11858614183188809,-3.6264420516289633,-4.609941089692484
EC-Earth-Consortium,EC-Earth3-Veg-LR,r1i1p1f1,gr,historical,1890-04,1890,4,159.93080234322335,201.33828714499515,-113.07366663212026,-250.75107513295404,-1.0604594429100294,-9.308603888211083,-12.924715607976935,165.54918549462982,193.94768773026806,-121.36911048471737,-244.71414659154436,-3.5592308420521506,-11.316720965746057,-21.462335659162093,-5.618383151406476,7.390599414727092,8.295443852597103,-6.036928541409679,2.498771399142121,2.0081170775349744,8.537620051185158
EC-Earth-Consortium,EC-Earth3-Veg-LR,r1i1p1f1,gr,historical,1890-05,1890,5,272.6323641509063,225.050910658452,-183.31955128831305,-280.99791475023716,-7.249012341082493,-16.797402965006658,9.319393464718935,275.6543792863859,224.5590747925627,-196.4506719906339,-277.14177299595417,-1.8042443237938772,-10.700238938634309,14.116525829932366,-3.0220151354795917,0.49183586588929984,13.131120702320857,-3.856141754282987,-5.444768017288617,-6.097164026372349,-4.797132365213431
EC-Earth-Consortium,EC-Earth3-Veg-LR,r1i1p1f1,gr,historical,1890-06,1890,6,282.07494792589483,274.0297361175804,-160.40537927575667,-312.4187144743879,-1.9670435224702254,-12.680492870319274,68.63305390054116,296.31824615671405,264.6805788578032,-184.2618748228265,-305.99544242897827,-1.3256800948089977,-11.303420968742303,58.11240669916117,-14.24329823081922,9.3491572597772,23.85649554706984,-6.423272045409647,-0.6413634276612277,-1.3770719015769703,10.520647201379987
EC-Earth-Consortium,EC-Earth3-Veg-LR,r1i1p1f1,gr,historical,1890-07,1890,7,220.0415277482992,294.53122209527623,-93.60664346718013,-323.8378233212575,-0.926321502288277,-11.594161214819254,84.60780033803026,225.98526739919413,289.5888849412498,-106.74472434052524,-319.32788691162557,-0.19383547240358012,-10.584539231081097,78.72316638480842,-5.9437396508949405,4.942337154026461,13.138080873345103,-4.509936409631905,-0.7324860298846969,-1.0096219837381568,5.884633953221837
EC-Earth-Consortium,EC-Earth3-Veg-LR,r1i1p1f1,gr,historical,1890-08,1890,8,141.94006580622238,289.03331601597193,-49.817704677705656,-322.6192043491617,-0.565066684505733,-13.557890882724852,44.41351522809639,143.965143639584,285.514983779784,-56.61969220867284,-317.4160441353086,-0.736401837272086,-11.828037470306784,42.8799517678077,-2.025077833361621,3.5183322361879164,6.801987530967182,-5.203160213853096,0.17133515276635292,-1.729853412418068,1.5335634602886898
EC-Earth-Consortium,EC-Earth3-Veg-LR,r1i1p1f1,gr,historical,1890-09,1890,9,70.24412037090478,262.5829636608323,-25.78257336136135,-303.8956496338605,-3.195185964352847,-16.516613994385246,-16.562938922222834,72.23187531070974,254.64399326285204,-29.49217390513061,-295.7570914889987,-3.0077420278618163,-14.867742559467041,-16.248881407896377,-1.987754939804958,7.938970397980285,3.709600543769259,-8.138558144861804,-0.18744393649103053,-1.6488714349182043,-0.314057514326457
EC-Earth-Consortium,EC-Earth3-Veg-LR,r1i1p1f1,gr,historical,1890-10,1890,10,20.42902748899883,228.5781047362265,-7.716413523935214,-273.12238114525945,-7.749355835749446,-19.42825082497954,-59.00926910469833,21.17782998279387,219.68910623165684,-9.062038234793288,-263.59941570919926,-7.415014525185129,-17.082779513843093,-56.292311768570094,-0.7488024937950399,8.888998504569656,1.3456247108580746,-9.52296543606019,-0.3343413105643167,-2.3454713111364462,-2.716957336128239
EC-Earth-Consortium,EC-Earth3-Veg-LR,r1i1p1f1,gr,historical,1890-11,1890,11,3.271081099217343,206.1689525579705,-0.9141830166173971,-250.71858935676997,-11.906281364468445,-19.44282034079654,-73.54184042146449,3.573632890038961,193.44910051493784,-1.4677800076550447,-237.86279579461424,-8.81039866871152,-15.933404947758362,-67.05164601376235,-0.3025517908216182,12.71985204303266,0.5535969910376476,-12.855793562155725,-3.0958826957569254,-3.5094153930381786,-6.490194407702134
EC-Earth-Consortium,EC-Earth3-Veg-LR,r1i1p1f1,gr,historical,1890-12,1890,12,0.772564325717434,191.01542120327736,-0.30454399288172423,-234.6125013288841,-5.993749269358516,-16.150012654288506,-65.27282171641804,0.8443239133056458,179.53984894273685,-0.40726912356645945,-223.33948846597266,-7.907125970966346,-14.520666974641335,-65.79037767910431,-0.07175958758821177,11.475572260540503,0.10272513068473521,-11.273012862911429,1.91337670160783,-1.6293456796471713,0.5175559626862736
EC-Earth-Consortium,EC-Earth3-Veg-LR,r1i1p1f1,gr,historical,1891-01,1891,1,1.8346406764176637,178.46700553575272,-0.99966049731731,-224.38237693249243,-15.751868343982693,-21.71356607395598,-82.54582563557801,1.9670428406081912,174.6451682692201,-1.1134382139788777,-217.91294889189962,-7.277542063475359,-14.28956539960937,-63.98128345913492,-0.13240216419052753,3.8218372665326115,0.11377771666156766,-6.469428040592817,-8.474326280507334,-7.424000674346612,-18.56454217644309
EC-Earth-Consortium,EC-Earth3-Veg-LR,r1i1p1f1,gr,historical,1891-02,1891,2,11.507759580455044,188.16349608179902,-6.923335901738637,-233.05474086430985,-7.011466780406693,-17.953254748464158,-65.27154263266527,12.445773582853347,174.25857569933385,-8.050053493794298,-217.59834553205962,-6.931894885320205,-14.11158454395435,-59.98752917294128,-0.9380140023983028,13.904920382465178,1.1267175920556607,-15.456395332250224,-0.07957189508648721,-3.841670204509807,-5.284013459723994
EC-Earth-Consortium,EC-Earth3-Veg-LR,r1i1p1f1,gr,historical,1891-03,1891,3,56.48621349564347,192.4075556249058,-37.839416090925475,-238.42418106117088,-2.0207174548052165,-13.735076760319568,-43.12562224667187,59.86295421939759,178.6380625638465,-42.42060087439643,-224.19115525659498,-5.777500516309919,-12.96961739527065,-46.8578572593279,-3.376740723754118,13.769493061059308,4.5811847834709525,-14.233025804575902,3.7567830615047026,-0.765459365048919,3.7322350126560337
EC-Earth-Consortium,EC-Earth3-Veg-LR,r1i1p1f1,gr,historical,1891-04,1891,4,152.6038222965058,212.04165509365222,-105.14829156857208,-261.1732531072627,-1.261184527346637,-13.812129791564427,-16.74938160458783,165.54918549462982,193.94768773026806,-121.36911048471737,-244.71414659154436,-3.5592308420521506,-11.316720965746057,-21.462335659162093,-12.945363198124028,18.093967363384166,16.22081891614529,-16.45910651571836,2.2980463147055135,-2.4954088258183695,4.712954054574265
EC-Earth-Consortium,EC-Earth3-Veg-LR,r1i1p1f1,gr,historical,1891-05,1891,5,266.6270366498553,233.52868907150284,-175.88053224523594,-287.38853048940024,-2.62696795222113,-13.125831770027434,21.13386326447344,275.6543792863859,224.5590747925627,-196.4506719906339,-277.14177299595417,-1.8042443237938772,-10.700238938634309,14.116525829932366,-9.02734263653059,8.969614278940128,20.570139745397967,-10.246757493446069,-0.8227236284272528,-2.425592831393125,7.017337434541075
EC-Earth-Consortium,EC-Earth3-Veg-LR,r1i1p1f1,gr,historical,1891-06,1891,6,285.92359830826325,269.1509801907267,-159.24033695388815,-312.04464367862437,-2.9391119001887835,-14.278564841037921,66.57192112525074,296.31824615671405,264.6805788578032,-184.2618748228265,-305.99544242897827,-1.3256800948089977,-11.303420968742303,58.11240669916117,-10.394647848450802,4.4704013329235295,25.021537868938367,-6.049201249646103,-1.6134318053797858,-2.975143872295618,8.45951442608957
EC-Earth-Consortium,EC-Earth3-Veg-LR,r1i1p1f1,gr,historical,1891-07,1891,7,218.70268001847626,293.4311269789799,-91.32499431185562,-324.0029706281256,0.22479809859165098,-12.254740651575338,84.77589950449119,225.98526739919413,289.5888849412498,-106.74472434052524,-319.32788691162557,-0.19383547240358012,-10.584539231081097,78.72316638480842,-7.282587380717871,3.8422420377301023,15.419730028669619,-4.675083716500012,0.41863357099523113,-1.6702014204942408,6.05273311968277
EC-Earth-Consortium,EC-Earth3-Veg-LR,r1i1p1f1,gr,historical,1891-08,1891,8,144.3672395288612,288.3654085028584,-50.18292748422835,-322.986109290546,-1.2392118655672575,-14.139784820999274,44.18461457037872,143.965143639584,285.514983779784,-56.61969220867284,-317.4160441353086,-0.736401837272086,-11.828037470306784,42.8799517678077,0.40209588927720574,2.8504247230743545,6.436764724444487,-5.570065155237387,-0.5028100282951715,-2.3117473506924906,1.3046628025710234
EC-Earth-Consortium,EC-Earth3-Veg-LR,r1i1p1f1,gr,historical,1891-09,1891,9,72.69307214664644,261.6695811494278,-28.086283862279902,-305.0368279436393,-2.709113300541178,-17.78107614495549,-19.250647955341634,72.23187531070974,254.64399326285204,-29.49217390513061,-295.7570914889987,-3.0077420278618163,-14.867742559467041,-16.248881407896377,0.461196835936704,7.025587886575778,1.4058900428507073,-9.279736454640613,0.2986287273206383,-2.9133335854884503,-3.001766547445257
EC-Earth-Consortium,EC-Earth3-Veg-LR,r1i1p1f1,gr,historical,1891-10,1891,10,21.076249065951593,225.36278328533305,-7.816662648846541,-272.17137371839226,-8.239697338696853,-20.906496766468642,-62.69519812111965,21.17782998279387,219.68910623165684,-9.062038234793288,-263.59941570919926,-7.415014525185129,-17.082779513843093,-56.292311768570094,-0.10158091684227699,5.673677053676215,1.2453755859467472,-8.571958009192997,-0.8246828135117239,-3.823717252625549,-6.402886352549558
EC-Earth-Consortium,EC-Earth3-Veg-LR,r1i1p1f1,gr,historical,1891-11,1891,11,3.5894429343218475,199.91154690621826,-1.2358204113447868,-247.914585603175,-14.940132178958555,-24.155772329335296,-84.74532068227352,3.573632890038961,193.44910051493784,-1.4677800076550447,-237.86279579461424,-8.81039866871152,-15.933404947758362,-67.05164601376235,0.01581004428288635,6.462446391280423,0.23195959631025787,-10.051789808560756,-6.129733510247036,-8.222367381576934,-17.693674668511164
EC-Earth-Consortium,EC-Earth3-Veg-LR,r1i1p1f1,gr,historical,1891-12,1891,12,0.774821140865331,182.95726075463696,-0.3451653366884342,-229.01449749350434,-11.153035364904834,-19.227839689938893,-76.00845598953421,0.8443239133056458,179.53984894273685,-0.40726912356645945,-223.33948846597266,-7.907125970966346,-14.520666974641335,-65.79037767910431,-0.06950277244031478,3.4174118119001093,0.06210378687802526,-5.675009027531672,-3.245909393938488,-4.707172715297558,-10.218078310429902
EC-Earth-Consortium,EC-Earth3-Veg-LR,r1i1p1f1,gr,historical,1892-01,1892,1,1.7803270734374212,186.26044628794298,-0.909154191767361,-229.8335636538418,-9.02397460717586,-17.94112229045078,-69.66704138185537,1.9670428406081912,174.6451682692201,-1.1134382139788777,-217.91294889189962,-7.277542063475359,-14.28956539960937,-63.98128345913492,-0.18671576717077,11.615278018722876,0.20428402221151665,-11.920614761942176,-1.746432543700502,-3.6515568908414124,-5.685757922720448
EC-Earth-Consortium,EC-Earth3-Veg-LR,r1i1p1f1,gr,historical,1892-02,1892,2,12.360234227297587,186.04901842278628,-7.127132817032985,-231.45093706132357,-15.736717017455295,-23.1187339857127,-79.02426823144069,12.445773582853347,174.25857569933385,-8.050053493794298,-217.59834553205962,-6.931894885320205,-14.11158454395435,-59.98752917294128,-0.08553935555575976,11.79044272345243,0.9229206767613132,-13.852591529263947,-8.80482213213509,-9.00714944175835,-19.036739058499407
EC-Earth-Consortium,EC-Earth3-Veg-LR,r1i1p1f1,gr,historical,1892-03,1892,3,59.47407109602755,191.8591116645691,-38.76186201722668,-239.71092385730455,-9.641120528550541,-18.802808135107377,-55.583531777592505,59.86295421939759,178.6380625638465,-42.42060087439643,-224.19115525659498,-5.777500516309919,-12.96961739527065,-46.8578572593279,-0.38888312337003583,13.22104910072261,3.6587388571697446,-15.519768600709568,-3.863620012240622,-5.833190739836727,-8.725674518264604
EC-Earth-Consortium,EC-Earth3-Veg-LR,r1i1p1f1,gr,historical,1892-04,1892,4,157.81166624154696,208.10778532546428,-109.92686139131831,-256.8626586995801,-4.112968527556992,-12.57395655033392,-17.556993601778053,165.54918549462982,193.94768773026806,-121.36911048471737,-244.71414659154436,-3.5592308420521506,-11.316720965746057,-21.462335659162093,-7.737519253082866,14.16009759519622,11.442249093399056,-12.148512108035732,-0.5537376855048417,-1.2572355845878622,3.90534205738404
EC-Earth-Consortium,EC-Earth3-Veg-LR,r1i1p1f1,gr,historical,1892-05,1892,5,271.35015022646616,227.72477188217937,-182.65576400928856,-281.71213542042267,-3.3079311223253525,-13.564565772291946,17.834525784317023,275.6543792863859,224.5590747925627,-196.4506719906339,-277.14177299595417,-1.8042443237938772,-10.700238938634309,14.116525829932366,-4.304229059919749,3.165697089616657,13.794907981345347,-4.570362424468499,-1.5036867985314752,-2.8643268336576373,3.7179999543846574
EC-Earth-Consortium,EC-Earth3-Veg-LR,r1i1p1f1,gr,historical,1892-06,1892,6,292.0916288123665,265.48266953655445,-171.10563068901564,-308.41671125386455,-2.0344559591035374,-12.860848855975188,63.156651590962014,296.31824615671405,264.6805788578032,-184.2618748228265,-305.99544242897827,-1.3256800948089977,-11.303420968742303,58.11240669916117,-4.226617344347574,0.8020906787512558,13.156244133810873,-2.4212688248862833,-0.7087758642945396,-1.557427887232885,5.044244891800844
EC-Earth-Consortium,EC-Earth3-Veg-LR,r1i1p1f1,gr,historical,1892-07,1892,7,215.18806115331017,297.27427067951265,-88.83273337828217,-325.1677567034518,0.38956106249221606,-11.1416124237995,87.70979038978163,225.98526739919413,289.5888849412498,-106.74472434052524,-319.32788691162557,-0.19383547240358012,-10.584539231081097,78.72316638480842,-10.797206245883956,7.68538573826288,17.911990962243067,-5.8398697918262314,0.5833965348957961,-0.5570731927184038,8.986624004973208
EC-Earth-Consortium,EC-Earth3-Veg-LR,r1i1p1f1,gr,historical,1892-08,1892,8,136.70437228823312,290.47787232008193,-46.160668368826485,-322.4047719553475,0.061305616390394016,-14.174679626529503,44.503430274001985,143.965143639584,285.514983779784,-56.61969220867284,-317.4160441353086,-0.736401837272086,-11.828037470306784,42.8799517678077,-7.260771351350883,4.962888540297911,10.459023839846353,-4.988727820038889,0.79770745366248,-2.3466421562227193,1.6234785061942887
EC-Earth-Consortium,EC-Earth3-Veg-LR,r1i1p1f1,gr,historical,1892-09,1892,9,67.88651481780974,265.41029687832975,-23.690039528259856,-306.32678064834914,-5.915546794356227,-18.11488197758281,-20.750437252408556,72.23187531070974,254.64399326285204,-29.49217390513061,-295.7570914889987,-3.0077420278618163,-14.867742559467041,-16.248881407896377,-4.345360492899999,10.76630361547771,5.802134376870754,-10.569689159350446,-2.9078047664944107,-3.2471394181157702,-4.501555844512179
EC-Earth-Consortium,EC-Earth3-Veg-LR,r1i1p1f1,gr,historical,1892-10,1892,10,20.39426023553354,224.8035450429247,-7.758183602187061,-272.22944728166914,-10.377293697870646,-22.076920442290643,-67.24403974555926,21.17782998279387,219.68910623165684,-9.062038234793288,-263.59941570919926,-7.415014525185129,-17.082779513843093,-56.292311768570094,-0.78356974726033,5.11443881126786,1.3038546326062272,-8.630031572469875,-2.962279172685517,-4.99414092844755,-10.951727976989169
EC-Earth-Consortium,EC-Earth3-Veg-LR,r1i1p1f1,gr,historical,1892-11,1892,11,3.2785538377579186,208.97403463592306,-1.3221545947354423,-253.323206237242,-8.215874222888951,-17.115628376400537,-67.72427495758595,3.573632890038961,193.44910051493784,-1.4677800076550447,-237.86279579461424,-8.81039866871152,-15.933404947758362,-67.05164601376235,-0.2950790522810425,15.524934120985222,0.1456254129196024,-15.460410442627762,0.594524445822568,-1.1822234286421747,-0.6726289438235966
EC-Earth-Consortium,EC-Earth3-Veg-LR,r1i1p1f1,gr,historical,1892-12,1892,12,0.7746307352379581,184.49497709092472,-0.3543618233166778,-232.58389121812937,-16.875497719113728,-23.751695037260646,-88.29583797165773,0.8443239133056458,179.53984894273685,-0.40726912356645945,-223.33948846597266,-7.907125970966346,-14.520666974641335,-65.79037767910431,-0.06969317806768771,4.9551281481878675,0.05290730024978163,-9.244402752156702,-8.968371748147382,-9.23102806261931,-22.505460292553423
EC-Earth-Consortium,EC-Earth3-Veg-LR,r1i1p1f1,gr,historical,1893-01,1893,1,1.8792850107030876,188.00453441121113,-0.9528420183800003,-233.4834410582567,-10.453360763340081,-20.65328361961636,-75.65910803767892,1.9670428406081912,174.6451682692201,-1.1134382139788777,-217.91294889189962,-7.277542063475359,-14.28956539960937,-63.98128345913492,-0.08775782990510361,13.359366141991018,0.1605961955988774,-15.57049216635707,-3.175818699864722,-6.363718220006991,-11.677824578543998
EC-Earth-Consortium,EC-Earth3-Veg-LR,r1i1p1f1,gr,historical,1893-02,1893,2,11.880863310138082,186.20531222531946,-7.129147895772794,-230.6232364139113,-11.65807846280815,-18.94728279254803,-70.27157002958273,12.445773582853347,174.25857569933385,-8.050053493794298,-217.59834553205962,-6.931894885320205,-14.11158454395435,-59.98752917294128,-0.5649102727152648,11.946736525985614,0.9209055980215037,-13.024890881851661,-4.726183577487945,-4.83569824859368,-10.284040856641454
EC-Earth-Consortium,EC-Earth3-Veg-LR,r1i1p1f1,gr,historical,1893-03,1893,3,56.795479860292794,191.19549674151676,-36.67594528866299,-237.6435420219294,-2.1511569254738108,-14.902331778578914,-43.381999412835555,59.86295421939759,178.6380625638465,-42.42060087439643,-224.19115525659498,-5.777500516309919,-12.96961739527065,-46.8578572593279,-3.067474359104793,12.557434177670274,5.74465558573344,-13.45238676533441,3.6263435908361084,-1.932714383308264,3.475857846492346
EC-Earth-Consortium,EC-Earth3-Veg-LR,r1i1p1f1,gr,historical,1893-04,1893,4,161.5550643137134,197.98551341062503,-110.65455824385847,-251.7834849203669,-7.0398979628775376,-16.197677370049846,-26.13504077281437,165.54918549462982,193.94768773026806,-121.36911048471737,-244.71414659154436,-3.5592308420521506,-11.316720965746057,-21.462335659162093,-3.994121180916437,4.037825680356974,10.714552240858893,-7.069338328822539,-3.480667120825387,-4.880956404303788,-4.6727051136522775
EC-Earth-Consortium,EC-Earth3-Veg-LR,r1i1p1f1,gr,historical,1893-05,1893,5,266.8109989108914,230.30468744296448,-180.930651079399,-281.2656585381239,-1.4598188441855235,-9.808056421734832,23.651501470412583,275.6543792863859,224.5590747925627,-196.4506719906339,-277.14177299595417,-1.8042443237938772,-10.700238938634309,14.116525829932366,-8.843380375494519,5.7456126504017675,15.520020911234894,-4.123885542169717,0.3444254796083537,0.8921825168994761,9.534975640480218
EC-Earth-Consortium,EC-Earth3-Veg-LR,r1i1p1f1,gr,historical,1893-06,1893,6,290.68413640109105,269.42303804390104,-165.85056691132073,-311.618563101389,-2.570420134682366,-13.980137636277526,66.08748666132252,296.31824615671405,264.6805788578032,-184.2618748228265,-305.99544242897827,-1.3256800948089977,-11.303420968742303,58.11240669916117,-5.634109755623001,4.742459186097847,18.411307911505787,-5.623120672410721,-1.2447400398733683,-2.6767166675352225,7.975079962161345
EC-Earth-Consortium,EC-Earth3-Veg-LR,r1i1p1f1,gr,historical,1893-07,1893,7,217.63740609884428,295.12990147383465,-91.54403661506693,-324.8579210679271,-0.4108850297549531,-12.501398902245006,83.45306595768486,225.98526739919413,289.5888849412498,-106.74472434052524,-319.32788691162557,-0.19383547240358012,-10.584539231081097,78.72316638480842,-8.347861300349848,5.541016532584877,15.200687725458309,-5.530034156301554,-0.217049557351373,-1.916859671163909,4.729899572876434
EC-Earth-Consortium,EC-Earth3-Veg-LR,r1i1p1f1,gr,historical,1893-08,1893,8,142.68773610687373,294.3290223249251,-46.01137335216835,-326.44685429181135,-0.9002618821413818,-13.836869188612027,49.82139971706576,143.965143639584,285.514983779784,-56.61969220867284,-317.4160441353086,-0.736401837272086,-11.828037470306784,42.8799517678077,-1.2774075327102707,8.814038545141102,10.60831885650449,-9.030810156502753,-0.16386004486929584,-2.0088317183052435,6.9414479492580625
EC-Earth-Consortium,EC-Earth3-Veg-LR,r1i1p1f1,gr,historical,1893-09,1893,9,72.30396036155463,260.76203361991276,-24.27046468631406,-305.9819812851823,-5.1588078614554815,-20.103869009664056,-22.44912886114855,72.23187531070974,254.64399326285204,-29.49217390513061,-295.7570914889987,-3.0077420278618163,-14.867742559467041,-16.248881407896377,0.07208505084489047,6.118040357060721,5.2217092188165495,-10.224889796183618,-2.151065833593665,-5.236126450197014,-6.2002474532521745
EC-Earth-Consortium,EC-Earth3-Veg-LR,r1i1p1f1,gr,historical,1893-10,1893,10,20.911149263891836,237.41767327260158,-6.953291004120796,-283.85158016442654,-10.254333244066288,-24.64501234186508,-67.37539421798527,21.17782998279387,219.68910623165684,-9.062038234793288,-263.59941570919926,-7.415014525185129,-17.082779513843093,-56.292311768570094,-0.26668071890203393,17.72856704094474,2.108747230672492,-20.252164455227273,-2.8393187188811586,-7.562232828021987,-11.08308244941518
EC-Earth-Consortium,EC-Earth3-Veg-LR,r1i1p1f1,gr,historical,1893-11,1893,11,3.4850193049854434,208.80120618958324,-1.2945858953876062,-252.64419298059062,-12.4234563063375,-20.73922105590941,-74.81523074365643,3.573632890038961,193.44910051493784,-1.4677800076550447,-237.86279579461424,-8.81039866871152,-15.933404947758362,-67.05164601376235,-0.08861358505351768,15.3521056746454,0.17319411226743853,-14.781397185976374,-3.61305763762598,-4.805816108151049,-7.763584729894077
EC-Earth-Consortium,EC-Earth3-Veg-LR,r1i1p1f1,gr,historical,1893-12,1893,12,0.8266681162521332,186.53373718327566,-0.3535685100388619,-235.26081305713956,-14.79980292485556,-20.969688466206303,-84.02346765871248,0.8443239133056458,179.53984894273685,-0.40726912356645945,-223.33948846597266,-7.907125970966346,-14.520666974641335,-65.79037767910431,-0.017655797053512612,6.9938882405388085,0.05370061352759753,-11.921324591166893,-6.8926769538892145,-6.449021491564968,-18.233089979608167
EC-Earth-Consortium,EC-Earth3-Veg-LR,r1i1p1f1,gr,historical,1894-01,1894,1,1.9121771944978725,173.15140245932736,-1.0250397890583696,-220.04524301835156,-16.925915559763382,-22.304323943566757,-85.23694265691485,1.9670428406081912,174.6451682692201,-1.1134382139788777,-217.91294889189962,-7.277542063475359,-14.28956539960937,-63.98128345913492,-0.054865646110318744,-1.49376580989275,0.08839842492050809,-2.1322941264519386,-9.648373496288023,-8.014758543957388,-21.255659197779927
EC-Earth-Consortium,EC-Earth3-Veg-LR,r1i1p1f1,gr,historical,1894-02,1894,2,12.21083002270754,181.42053429508854,-7.271206194361753,-225.84315429182917,-8.445382903001128,-18.213983309322437,-66.1423623807184,12.445773582853347,174.25857569933385,-8.050053493794298,-217.59834553205962,-6.931894885320205,-14.11158454395435,-59.98752917294128,-0.23494356014580653,7.161958595754697,0.7788472994325453,-8.24480875976954,-1.5134880176809231,-4.102398765368086,-6.154833207777116
EC-Earth-Consortium,EC-Earth3-Veg-LR,r1i1p1f1,gr,historical,1894-03,1894,3,57.060348078514906,185.20868498680673,-38.483543266171374,-232.86880173989266,-12.098967119928593,-19.360963956961626,-60.54324301763261,59.86295421939759,178.6380625638465,-42.42060087439643,-224.19115525659498,-5.777500516309919,-12.96961739527065,-46.8578572593279,-2.8026061408826806,6.570622422960241,3.9370576082250537,-8.677646483297679,-6.321466603618674,-6.391346561690977,-13.685385758304712
EC-Earth-Consortium,EC-Earth3-Veg-LR,r1i1p1f1,gr,historical,1894-04,1894,4,166.36224944838926,191.53177338045631,-116.93580395631074,-247.91221296549003,-8.448220233846676,-16.551252602161604,-31.953466928963493,165.54918549462982,193.94768773026806,-121.36911048471737,-244.71414659154436,-3.5592308420521506,-11.316720965746057,-21.462335659162093,0.8130639537594391,-2.415914349811743,4.433306528406632,-3.1980663739456645,-4.888989391794526,-5.2345316364155465,-10.4911312698014
EC-Earth-Consortium,EC-Earth3-Veg-LR,r1i1p1f1,gr,historical,1894-05,1894,5,269.91807122757194,228.93025190611866,-184.17132859104126,-282.01771483589243,-4.318114501327914,-12.877810956494276,15.463354248934746,275.6543792863859,224.5590747925627,-196.4506719906339,-277.14177299595417,-1.8042443237938772,-10.700238938634309,14.116525829932366,-5.736308058813961,4.3711771135559445,12.279343399592648,-4.875941839938264,-2.5138701775340366,-2.1775720178599673,1.3468284190023798
EC-Earth-Consortium,EC-Earth3-Veg-LR,r1i1p1f1,gr,historical,1894-06,1894,6,296.1516384805595,261.9101100255803,-177.1760564644253,-306.160791529847,-2.013175342370443,-11.978285365446798,60.733439804050235,296.31824615671405,264.6805788578032,-184.2618748228265,-305.99544242897827,-1.3256800948089977,-11.303420968742303,58.11240669916117,-0.16660767615456962,-2.770468832222889,7.085818358401212,-0.16534910086875243,-0.6874952475614453,-0.6748643967044945,2.621033104889065
EC-Earth-Consortium,EC-Earth3-Veg-LR,r1i1p1f1,gr,historical,1894-07,1894,7,224.65510985645705,291.0154643026999,-100.39516372321621,-321.66825612522587,-0.5705487316946684,-11.509260434703023,81.52734514431722,225.98526739919413,289.5888849412498,-106.74472434052524,-319.32788691162557,-0.19383547240358012,-10.584539231081097,78.72316638480842,-1.3301575427370835,1.4265793614501376,6.349560617309024,-2.3403692136002974,-0.37671325929108823,-0.9247212036219263,2.804178759508801
EC-Earth-Consortium,EC-Earth3-Veg-LR,r1i1p1f1,gr,historical,1894-08,1894,8,143.62493432572984,289.93934582393854,-49.366787470290475,-323.326756369417,-1.7898271116616817,-13.640279881925213,45.440629316373986,143.965143639584,285.514983779784,-56.61969220867284,-317.4160441353086,-0.736401837272086,-11.828037470306784,42.8799517678077,-0.3402093138541602,4.42436204415452,7.252904738382362,-5.910712234108416,-1.0534252743895958,-1.8122424116184295,2.5606775485662894
EC-Earth-Consortium,EC-Earth3-Veg-LR,r1i1p1f1,gr,historical,1894-09,1894,9,71.67021520011549,260.0996129186131,-25.112495433053727,-302.61336263029636,-4.766251010131004,-18.676520790972965,-19.39880174572546,72.23187531070974,254.64399326285204,-29.49217390513061,-295.7570914889987,-3.0077420278618163,-14.867742559467041,-16.248881407896377,-0.5616601105942465,5.455619655761069,4.379678472076883,-6.856271141297668,-1.7585089822691877,-3.808778231505924,-3.1499203378290836
EC-Earth-Consortium,EC-Earth3-Veg-LR,r1i1p1f1,gr,historical,1894-10,1894,10,20.636216992555404,225.794318168122,-7.589524615246031,-271.50244407298334,-10.714824928080965,-19.958672205300612,-63.33493066093354,21.17782998279387,219.68910623165684,-9.062038234793288,-263.59941570919926,-7.415014525185129,-17.082779513843093,-56.292311768570094,-0.5416129902384661,6.105211936465167,1.4725136195472572,-7.903028363784074,-3.2998104028958357,-2.875892691457519,-7.042618892363443
EC-Earth-Consortium,EC-Earth3-Veg-LR,r1i1p1f1,gr,historical,1894-11,1894,11,3.3445134938370003,196.6173204653237,-1.086468705705529,-246.31695068925734,-10.800458160138598,-20.05496416914168,-78.29700776508243,3.573632890038961,193.44910051493784,-1.4677800076550447,-237.86279579461424,-8.81039866871152,-15.933404947758362,-67.05164601376235,-0.22911939620196087,3.1682199503858612,0.3813113019495158,-8.454154894643096,-1.990059491427079,-4.121559221383318,-11.245361751320075
EC-Earth-Consortium,EC-Earth3-Veg-LR,r1i1p1f1,gr,historical,1894-12,1894,12,0.7849055300843565,181.56977963799352,-0.30977289067886415,-227.69668321082762,-5.851341856461349,-13.996621461630859,-65.4997342515208,0.8443239133056458,179.53984894273685,-0.40726912356645945,-223.33948846597266,-7.907125970966346,-14.520666974641335,-65.79037767910431,-0.05941838322128934,2.0299306952566667,0.09749623288759529,-4.357194744854951,2.0557841145049975,0.524045513010476,0.2906434275835039
EC-Earth-Consortium,EC-Earth3-Veg-LR,r1i1p1f1,gr,historical,1895-01,1895,1,1.9290598343370193,171.31443522786284,-0.9745632059840338,-219.02276804884264,-19.466142379823758,-22.544252377688146,-88.76423095013871,1.9670428406081912,174.6451682692201,-1.1134382139788777,-217.91294889189962,-7.277542063475359,-14.28956539960937,-63.98128345913492,-0.037983006271171904,-3.330733041357263,0.13887500799484387,-1.1098191569430185,-12.1886003163484,-8.254686978078777,-24.78294749100379
EC-Earth-Consortium,EC-Earth3-Veg-LR,r1i1p1f1,gr,historical,1895-02,1895,2,12.41884790456584,183.76921547862233,-7.604205127892568,-229.33945493819533,-12.741050352327761,-19.748904187341036,-73.24555122256852,12.445773582853347,174.25857569933385,-8.050053493794298,-217.59834553205962,-6.931894885320205,-14.11158454395435,-59.98752917294128,-0.02692567828750647,9.510639779288482,0.44584836590173005,-11.741109406135706,-5.809155467007556,-5.637319643386686,-13.258022049627243
EC-Earth-Consortium,EC-Earth3-Veg-LR,r1i1p1f1,gr,historical,1895-03,1895,3,58.76334210268739,180.56302002460149,-40.415832283898304,-229.1591225835922,-8.086133011653063,-15.737934441938624,-54.072660193793325,59.86295421939759,178.6380625638465,-42.42060087439643,-224.19115525659498,-5.777500516309919,-12.96961739527065,-46.8578572593279,-1.0996121167101975,1.924957460754996,2.0047685904981236,-4.967967326997211,-2.3086324953431436,-2.768317046667974,-7.214802934465425
EC-Earth-Consortium,EC-Earth3-Veg-LR,r1i1p1f1,gr,historical,1895-04,1895,4,158.05103645883062,206.5057665048665,-113.60270307587696,-254.57467871597518,-2.0048433518360587,-10.822309490896233,-16.447731670887293,165.54918549462982,193.94768773026806,-121.36911048471737,-244.71414659154436,-3.5592308420521506,-11.316720965746057,-21.462335659162093,-7.498149035799202,12.558078774598442,7.766407408840408,-9.860532124430819,1.554387490216092,0.49441147484982473,5.0146039882748
EC-Earth-Consortium,EC-Earth3-Veg-LR,r1i1p1f1,gr,historical,1895-05,1895,5,269.6676628315176,226.75480897567954,-187.8486559756791,-279.94043339754296,-1.8362570154338849,-10.782150041645496,16.014975376895663,275.6543792863859,224.5590747925627,-196.4506719906339,-277.14177299595417,-1.8042443237938772,-10.700238938634309,14.116525829932366,-5.986716454868315,2.1957341831168264,8.602016014954813,-2.7986604015887906,-0.03201269164000764,-0.08191110301118698,1.8984495469632972
EC-Earth-Consortium,EC-Earth3-Veg-LR,r1i1p1f1,gr,historical,1895-06,1895,6,295.0665460422636,264.77275384177364,-179.82475383988813,-307.36371007154827,-2.1893516888235203,-12.503979567821196,57.957504715956155,296.31824615671405,264.6805788578032,-184.2618748228265,-305.99544242897827,-1.3256800948089977,-11.303420968742303,58.11240669916117,-1.2517001144504434,0.09217498397043755,4.4371209829383815,-1.3682676425700038,-0.8636715940145225,-1.2005585990788923,-0.15490198320501491
EC-Earth-Consortium,EC-Earth3-Veg-LR,r1i1p1f1,gr,historical,1895-07,1895,7,228.51711520860292,289.7966333545125,-105.99468625849525,-320.48365351311514,-0.5667029862631565,-12.095623804090865,79.173082001151,225.98526739919413,289.5888849412498,-106.74472434052524,-319.32788691162557,-0.19383547240358012,-10.584539231081097,78.72316638480842,2.531847809408788,0.20774841326272053,0.7500380820299881,-1.1557666014895744,-0.3728675138595764,-1.511084573009768,0.4499156163425795
EC-Earth-Consortium,EC-Earth3-Veg-LR,r1i1p1f1,gr,historical,1895-08,1895,8,135.8543381960081,294.9035329272121,-47.59841499717925,-321.87262081765067,1.043138808113492,-11.027476801822926,51.30249731468083,143.965143639584,285.514983779784,-56.61969220867284,-317.4160441353086,-0.736401837272086,-11.828037470306784,42.8799517678077,-8.110805443575913,9.38854914742808,9.02127721149359,-4.4565766823420745,1.779540645385578,0.8005606684838575,8.422545546873131
EC-Earth-Consortium,EC-Earth3-Veg-LR,r1i1p1f1,gr,historical,1895-09,1895,9,70.36565768230963,266.07594204028334,-25.021046231141145,-305.3387277084014,-1.9959094336462486,-14.010238640699015,-9.924322291294844,72.23187531070974,254.64399326285204,-29.49217390513061,-295.7570914889987,-3.0077420278618163,-14.867742559467041,-16.248881407896377,-1.8662176284001077,11.431948777431302,4.471127673989464,-9.581636219402696,1.0118325942155677,0.8575039187680265,6.324559116601533
EC-Earth-Consortium,EC-Earth3-Veg-LR,r1i1p1f1,gr,historical,1895-10,1895,10,21.006903332280384,231.5959275369177,-7.960017870438985,-276.49703876117104,-9.244778741129725,-20.4765769928541,-61.575581496395735,21.17782998279387,219.68910623165684,-9.062038234793288,-263.59941570919926,-7.415014525185129,-17.082779513843093,-56.292311768570094,-0.17092665051348632,11.906821305260877,1.1020203643543036,-12.897623051971777,-1.8297642159445955,-3.393797479011006,-5.28326972782564
EC-Earth-Consortium,EC-Earth3-Veg-LR,r1i1p1f1,gr,historical,1895-11,1895,11,3.565135535805938,200.43919185298415,-1.2783275580710232,-245.86780211665564,-10.159102061081802,-16.697700141519487,-69.99860448853785,3.573632890038961,193.44910051493784,-1.4677800076550447,-237.86279579461424,-8.81039866871152,-15.933404947758362,-67.05164601376235,-0.008497354233023113,6.990091338046312,0.18945244958402152,-8.005006322041396,-1.3487033923702825,-0.7642951937611251,-2.9469584747754993
EC-Earth-Consortium,EC-Earth3-Veg-LR,r1i1p1f1,gr,historical,1895-12,1895,12,0.7792748501309782,188.0076849864753,-0.3580294254207773,-232.6605603509233,-9.568237780999167,-17.445623440400823,-71.24549116113778,0.8443239133056458,179.53984894273685,-0.40726912356645945,-223.33948846597266,-7.907125970966346,-14.520666974641335,-65.79037767910431,-0.06504906317466763,8.467836043738458,0.04923969814568213,-9.32107188495064,-1.6611118100328213,-2.9249564657594878,-5.455113482033468
EC-Earth-Consortium,EC-Earth3-Veg-LR,r1i1p1f1,gr,historical,1896-01,1896,1,1.909509749424026,180.4334150126382,-1.0411613937735371,-224.15429489526343,-9.158267502961419,-15.558493175948506,-67.5692922058847,1.9670428406081912,174.6451682692201,-1.1134382139788777,-217.91294889189962,-7.277542063475359,-14.28956539960937,-63.98128345913492,-0.057533091184165164,5.788246743418085,0.07227682020534054,-6.241346003363816,-1.88072543948606,-1.2689277763391367,-3.5880087467497717
EC-Earth-Consortium,EC-Earth3-Veg-LR,r1i1p1f1,gr,historical,1896-02,1896,2,12.489254400172774,178.02650098971162,-7.648285879230252,-224.63495650032542,-12.168031873482732,-20.908674967634827,-74.84419383078884,12.445773582853347,174.25857569933385,-8.050053493794298,-217.59834553205962,-6.931894885320205,-14.11158454395435,-59.98752917294128,0.04348081731942699,3.767925290377775,0.4017676145640463,-7.036610968265791,-5.236136988162527,-6.797090423680476,-14.85666465784756
EC-Earth-Consortium,EC-Earth3-Veg-LR,r1i1p1f1,gr,historical,1896-03,1896,3,60.80102899903691,188.2273454176892,-40.43270471009254,-238.15088532212687,-5.434067672948628,-16.15202189504754,-51.141305183489465,59.86295421939759,178.6380625638465,-42.42060087439643,-224.19115525659498,-5.777500516309919,-12.96961739527065,-46.8578572593279,0.9380747796393223,9.589282853842718,1.9878961643038906,-13.959730065531886,0.343432843361291,-3.18240449977689,-4.283447924161564
EC-Earth-Consortium,EC-Earth3-Veg-LR,r1i1p1f1,gr,historical,1896-04,1896,4,166.97281089634285,197.8925018384201,-114.2168215362201,-252.97855705514777,-3.0938218406938875,-13.233580921065789,-18.65746861836461,165.54918549462982,193.94768773026806,-121.36911048471737,-244.71414659154436,-3.5592308420521506,-11.316720965746057,-21.462335659162093,1.423625401713025,3.9448141081520305,7.152288948497272,-8.264410463603411,0.465409001358263,-1.9168599553197314,2.8048670407974825
EC-Earth-Consortium,EC-Earth3-Veg-LR,r1i1p1f1,gr,historical,1896-05,1896,5,267.39859365452907,237.19136362486535,-179.14578322502683,-288.52730790304315,-3.310590250634757,-13.348212661875491,20.258063238814174,275.6543792863859,224.5590747925627,-196.4506719906339,-277.14177299595417,-1.8042443237938772,-10.700238938634309,14.116525829932366,-8.255785631856838,12.632288832302635,17.304888765607075,-11.385534907088982,-1.5063459268408796,-2.647973723241183,6.141537408881808
EC-Earth-Consortium,EC-Earth3-Veg-LR,r1i1p1f1,gr,historical,1896-06,1896,6,278.7817831501994,274.32268126374595,-157.64180394744565,-312.56582469263645,-1.8214986878266608,-12.911587982667921,68.16374910336872,296.31824615671405,264.6805788578032,-184.2618748228265,-305.99544242897827,-1.3256800948089977,-11.303420968742303,58.11240669916117,-17.53646300651468,9.642102405942751,26.62007087538086,-6.570382263658189,-0.49581859301766307,-1.608167013925618,10.051342404207546
EC-Earth-Consortium,EC-Earth3-Veg-LR,r1i1p1f1,gr,historical,1896-07,1896,7,221.5843028823402,294.64248490122253,-88.20713164059094,-325.527224161072,-0.9120902368253653,-12.171680862758212,89.40866088231618,225.98526739919413,289.5888849412498,-106.74472434052524,-319.32788691162557,-0.19383547240358012,-10.584539231081097,78.72316638480842,-4.400964516853918,5.0535999599727575,18.537592699934294,-6.199337249446444,-0.7182547644217852,-1.587141631677115,10.685494497507761
EC-Earth-Consortium,EC-Earth3-Veg-LR,r1i1p1f1,gr,historical,1896-08,1896,8,140.0635916319744,288.6564139536698,-47.61753269482939,-323.4580405210097,-1.065006173347207,-15.188190481001486,41.39123571545645,143.965143639584,285.514983779784,-56.61969220867284,-317.4160441353086,-0.736401837272086,-11.828037470306784,42.8799517678077,-3.9015520076096095,3.1414301738857944,9.002159513843445,-6.041996385701111,-0.32860433607512096,-3.3601530106947024,-1.4887160523512435
EC-Earth-Consortium,EC-Earth3-Veg-LR,r1i1p1f1,gr,historical,1896-09,1896,9,68.44265140974196,263.4760916310705,-24.02781294578168,-304.83702440512315,-2.2333474928798234,-15.924929953408483,-15.104371756380655,72.23187531070974,254.64399326285204,-29.49217390513061,-295.7570914889987,-3.0077420278618163,-14.867742559467041,-16.248881407896377,-3.7892239009677837,8.832098368218482,5.46436095934893,-9.079932916124449,0.774394534981993,-1.057187393941442,1.1445096515157225
EC-Earth-Consortium,EC-Earth3-Veg-LR,r1i1p1f1,gr,historical,1896-10,1896,10,20.1806315627264,223.68703591199645,-6.955811497357731,-272.55177304869613,-14.630614691187457,-26.754801851731756,-77.02533361425023,21.17782998279387,219.68910623165684,-9.062038234793288,-263.59941570919926,-7.415014525185129,-17.082779513843093,-56.292311768570094,-0.9971984200674697,3.9979296803396096,2.1062267374355574,-8.95235733949687,-7.215600166002328,-9.672022337888663,-20.733021845680135
EC-Earth-Consortium,EC-Earth3-Veg-LR,r1i1p1f1,gr,historical,1896-11,1896,11,3.353513829743439,205.22334193947077,-1.1635929572769435,-251.54739251393812,-12.129615766277283,-20.82004570328433,-77.08379117156247,3.573632890038961,193.44910051493784,-1.4677800076550447,-237.86279579461424,-8.81039866871152,-15.933404947758362,-67.05164601376235,-0.2201190602955223,11.774241424532931,0.30418705037810123,-13.684596719323878,-3.3192170975657636,-4.886640755525967,-10.032145157800116
EC-Earth-Consortium,EC-Earth3-Veg-LR,r1i1p1f1,gr,historical,1896-12,1896,12,0.7892648687977181,180.16430391931388,-0.3800687202286924,-227.92700318605657,-13.089039368542954,-20.483959084436425,-80.92650157115305,0.8443239133056458,179.53984894273685,-0.40726912356645945,-223.33948846597266,-7.907125970966346,-14.520666974641335,-65.79037767910431,-0.05505904450792776,0.6244549765770273,0.02720040333776702,-4.587514720083902,-5.181913397576608,-5.9632921097950895,-15.136123892048744
EC-Earth-Consortium,EC-Earth3-Veg-LR,r1i1p1f1,gr,historical,1897-01,1897,1,1.9152521321993248,173.97052460266644,-0.9547825219264998,-220.9850558719926,-12.201400248881376,-17.7279879358481,-75.98344984378281,1.9670428406081912,174.6451682692201,-1.1134382139788777,-217.91294889189962,-7.277542063475359,-14.28956539960937,-63.98128345913492,-0.05179070840886646,-0.6746436665536635,0.15865569205237784,-3.0721069800929968,-4.923858185406017,-3.438422536238729,-12.002166384647886
EC-Earth-Consortium,EC-Earth3-Veg-LR,r1i1p1f1,gr,historical,1897-02,1897,2,12.034164880952817,187.24031864182143,-7.18462036093941,-232.39256604244434,-6.899372172590969,-18.01636033666242,-65.21843538986289,12.445773582853347,174.25857569933385,-8.050053493794298,-217.59834553205962,-6.931894885320205,-14.11158454395435,-59.98752917294128,-0.4116087019005299,12.981742942487585,0.8654331328548883,-14.794220510384719,0.03252271272923668,-3.904775792708069,-5.2309062169216105
EC-Earth-Consortium,EC-Earth3-Veg-LR,r1i1p1f1,gr,historical,1897-03,1897,3,55.93925974302535,193.9050578688562,-38.02563708204046,-238.1440019087166,-4.8312241278738846,-15.374288097293231,-46.5308336040426,59.86295421939759,178.6380625638465,-42.42060087439643,-224.19115525659498,-5.777500516309919,-12.96961739527065,-46.8578572593279,-3.9236944763722335,15.266995305009715,4.394963792355966,-13.952846652121622,0.9462763884360346,-2.4046707020225817,0.3270236552853021
EC-Earth-Consortium,EC-Earth3-Veg-LR,r1i1p1f1,gr,historical,1897-04,1897,4,156.8216237021913,211.390489353828,-108.26478264133839,-259.54767276440987,-2.5909561033438884,-13.219959425630186,-15.41125787870305,165.54918549462982,193.94768773026806,-121.36911048471737,-244.71414659154436,-3.5592308420521506,-11.316720965746057,-21.462335659162093,-8.727561792438536,17.442801623559944,13.104327843378982,-14.833526172865504,0.9682747387082622,-1.903238459884129,6.0510777804590425
EC-Earth-Consortium,EC-Earth3-Veg-LR,r1i1p1f1,gr,historical,1897-05,1897,5,270.3422214669581,225.3410299158382,-181.5555998911328,-279.163348974886,-2.3982541846754355,-11.779968683946864,20.786079648155237,275.6543792863859,224.5590747925627,-196.4506719906339,-277.14177299595417,-1.8042443237938772,-10.700238938634309,14.116525829932366,-5.312157819427796,0.7819551232754804,14.895072099501107,-2.0215759789318213,-0.5940098608815583,-1.0797297453125552,6.669553818222871
EC-Earth-Consortium,EC-Earth3-Veg-LR,r1i1p1f1,gr,historical,1897-06,1897,6,292.8946911615405,267.76430062327137,-169.40623926451804,-311.13117692925766,-3.2847810132719863,-14.937916580967972,61.89887799679621,296.31824615671405,264.6805788578032,-184.2618748228265,-305.99544242897827,-1.3256800948089977,-11.303420968742303,58.11240669916117,-3.4235549951735607,3.0837217654681695,14.855635558308478,-5.135734500279398,-1.9591009184629886,-3.6344956122256686,3.786471297635039
EC-Earth-Consortium,EC-Earth3-Veg-LR,r1i1p1f1,gr,historical,1897-07,1897,7,223.31539631489738,290.4127580185881,-103.73510694077999,-321.3798668307092,-0.5542179285911745,-11.87285152418492,76.18611110922018,225.98526739919413,289.5888849412498,-106.74472434052524,-319.32788691162557,-0.19383547240358012,-10.584539231081097,78.72316638480842,-2.6698710842967444,0.8238730773383054,3.0096173997452524,-2.051979919083635,-0.36038245618759435,-1.2883122931038233,-2.5370552755882443
EC-Earth-Consortium,EC-Earth3-Veg-LR,r1i1p1f1,gr,historical,1897-08,1897,8,145.41414601341114,290.2820846313115,-53.44422429805459,-322.6436950459318,-0.36877283530751054,-12.297738241281595,46.94180022414716,143.965143639584,285.514983779784,-56.61969220867284,-317.4160441353086,-0.736401837272086,-11.828037470306784,42.8799517678077,1.4490023738271418,4.767100851527459,3.175467910618245,-5.227650910623197,0.36762900196457543,-0.46970077097481067,4.061848456339462
EC-Earth-Consortium,EC-Earth3-Veg-LR,r1i1p1f1,gr,historical,1897-09,1897,9,74.89526267891657,254.42416577672827,-28.714436275628362,-298.3639789238714,-3.939728378989096,-17.589427251361005,-19.288142374205062,72.23187531070974,254.64399326285204,-29.49217390513061,-295.7570914889987,-3.0077420278618163,-14.867742559467041,-16.248881407896377,2.663387368206827,-0.21982748612376213,0.7777376295022478,-2.6068874348727036,-0.9319863511272795,-2.721684691893964,-3.039260966308685
EC-Earth-Consortium,EC-Earth3-Veg-LR,r1i1p1f1,gr,historical,1897-10,1897,10,21.403313287618854,228.59861616790639,-8.123404542752606,-273.119718818793,-5.61278741021216,-17.446833046632747,-54.30081436286527,21.17782998279387,219.68910623165684,-9.062038234793288,-263.59941570919926,-7.415014525185129,-17.082779513843093,-56.292311768570094,0.22548330482498358,8.909509936249549,0.9386336920406819,-9.520303109593726,1.8022271149729692,-0.36405353278965435,1.991497405704827
EC-Earth-Consortium,EC-Earth3-Veg-LR,r1i1p1f1,gr,historical,1897-11,1897,11,3.4174564826079274,201.73852476031766,-1.1596644876956919,-248.30759877795106,-13.884182043011577,-22.66413806949416,-80.85960213522691,3.573632890038961,193.44910051493784,-1.4677800076550447,-237.86279579461424,-8.81039866871152,-15.933404947758362,-67.05164601376235,-0.15617640743103367,8.28942424537982,0.3081155199593528,-10.444802983336814,-5.073783374300058,-6.730733121735799,-13.807956121464557
EC-Earth-Consortium,EC-Earth3-Veg-LR,r1i1p1f1,gr,historical,1897-12,1897,12,0.7521171801063546,192.84571097459929,-0.3072152422628963,-236.63370172846862,-11.093732550837753,-18.922247903517956,-73.35906927038158,0.8443239133056458,179.53984894273685,-0.40726912356645945,-223.33948846597266,-7.907125970966346,-14.520666974641335,-65.79037767910431,-0.09220673319929118,13.305862031862432,0.10005388130356313,-13.294213262495958,-3.186606579871407,-4.401580928876621,-7.568691591277272
EC-Earth-Consortium,EC-Earth3-Veg-LR,r1i1p1f1,gr,historical,1898-01,1898,1,1.9054730513581553,192.15357073367446,-0.9284733702513593,-238.64136127897595,-7.45875760409912,-17.84641886693656,-70.8159673352304,1.9670428406081912,174.6451682692201,-1.1134382139788777,-217.91294889189962,-7.277542063475359,-14.28956539960937,-63.98128345913492,-0.06156978925003598,17.50840246445435,0.1849648437275183,-20.728412387076332,-0.18121554062376166,-3.5568534673271905,-6.834683876095475
EC-Earth-Consortium,EC-Earth3-Veg-LR,r1i1p1f1,gr,historical,1898-02,1898,2,11.892677045086947,185.42290653736745,-7.100016560569655,-228.7616576368532,-11.159175669667086,-19.355720688228608,-69.06098697286414,12.445773582853347,174.25857569933385,-8.050053493794298,-217.59834553205962,-6.931894885320205,-14.11158454395435,-59.98752917294128,-0.5530965377664003,11.164330838033607,0.9500369332246432,-11.163312104793562,-4.22728078434688,-5.244136144274258,-9.073457799922863
EC-Earth-Consortium,EC-Earth3-Veg-LR,r1i1p1f1,gr,historical,1898-03,1898,3,58.97800111913741,189.3271392444557,-38.46864113416163,-237.3207916863837,-10.190086819810327,-19.03469061098001,-56.709069887742544,59.86295421939759,178.6380625638465,-42.42060087439643,-224.19115525659498,-5.777500516309919,-12.96961739527065,-46.8578572593279,-0.8849531002601765,10.689076680609219,3.9519597402347983,-13.129636429788718,-4.412586303500408,-6.065073215709361,-9.851212628414643
EC-Earth-Consortium,EC-Earth3-Veg-LR,r1i1p1f1,gr,historical,1898-04,1898,4,160.29041961275394,204.32397916923716,-110.0099282677641,-256.0540736595694,-7.667973916173901,-16.84287825982816,-25.960455321344455,165.54918549462982,193.94768773026806,-121.36911048471737,-244.71414659154436,-3.5592308420521506,-11.316720965746057,-21.462335659162093,-5.258765881875888,10.376291438969105,11.359182216953272,-11.33992706802502,-4.108743074121751,-5.526157294082104,-4.498119662182361
EC-Earth-Consortium,EC-Earth3-Veg-LR,r1i1p1f1,gr,historical,1898-05,1898,5,272.0200087163871,226.77974603987715,-180.55684391253004,-283.1153332290194,-3.6829315880346525,-13.494299561669234,17.950346465010938,275.6543792863859,224.5590747925627,-196.4506719906339,-277.14177299595417,-1.8042443237938772,-10.700238938634309,14.116525829932366,-3.6343705699987936,2.220671247314442,15.893828078103866,-5.973560233065257,-1.8786872642407753,-2.794060623034925,3.833820635078572
EC-Earth-Consortium,EC-Earth3-Veg-LR,r1i1p1f1,gr,historical,1898-06,1898,6,283.7444080487826,270.1111845866757,-158.55246307237098,-311.4231500154985,-0.9609611901929027,-13.416438353485397,69.50258000391048,296.31824615671405,264.6805788578032,-184.2618748228265,-305.99544242897827,-1.3256800948089977,-11.303420968742303,58.11240669916117,-12.573838107931465,5.430605728872479,25.70941175045553,-5.427707586520228,0.364718904616095,-2.1130173847430935,11.390173304749311
EC-Earth-Consortium,EC-Earth3-Veg-LR,r1i1p1f1,gr,historical,1898-07,1898,7,221.05186454524718,293.34899291969737,-92.18148486586509,-323.6721111911847,-0.7777723807416358,-12.176883151652891,85.59260587550031,225.98526739919413,289.5888849412498,-106.74472434052524,-319.32788691162557,-0.19383547240358012,-10.584539231081097,78.72316638480842,-4.933402853946944,3.760107978447593,14.56323947466015,-4.344224279559114,-0.5839369083380557,-1.5923439205717944,6.869439490691889
EC-Earth-Consortium,EC-Earth3-Veg-LR,r1i1p1f1,gr,historical,1898-08,1898,8,140.38822190267643,292.81464239720884,-47.10998498619406,-324.56684814804447,-0.14810079879850183,-11.124131433349644,50.25379893349862,143.965143639584,285.514983779784,-56.61969220867284,-317.4160441353086,-0.736401837272086,-11.828037470306784,42.8799517678077,-3.5769217369075648,7.299658617424825,9.50970722247878,-7.150804012735875,0.5883010384735842,0.7039060369571395,7.3738471656909255
EC-Earth-Consortium,EC-Earth3-Veg-LR,r1i1p1f1,gr,historical,1898-09,1898,9,69.08355751131307,266.0444592360237,-22.04807657815362,-307.533036940566,-5.722976884925183,-19.02046078703161,-19.196534443339566,72.23187531070974,254.64399326285204,-29.49217390513061,-295.7570914889987,-3.0077420278618163,-14.867742559467041,-16.248881407896377,-3.148317799396665,11.400465973171691,7.444097326976991,-11.775945451567281,-2.7152348570633666,-4.152718227564568,-2.9476530354431887
EC-Earth-Consortium,EC-Earth3-Veg-LR,r1i1p1f1,gr,historical,1898-10,1898,10,20.539169026358845,232.9895015960417,-6.382444481541268,-281.1280116328538,-12.686045805625524,-25.398617136630484,-72.06644843425056,21.17782998279387,219.68910623165684,-9.062038234793288,-263.59941570919926,-7.415014525185129,-17.082779513843093,-56.292311768570094,-0.6386609564350252,13.300395364384855,2.6795937532520204,-17.528595923654564,-5.271031280440394,-8.315837622787392,-15.774136665680466
EC-Earth-Consortium,EC-Earth3-Veg-LR,r1i1p1f1,gr,historical,1898-11,1898,11,3.2590031254283103,202.88662095639035,-0.9305119765670645,-251.92252733244197,-15.70730937765871,-23.485767967298496,-85.90049257214758,3.573632890038961,193.44910051493784,-1.4677800076550447,-237.86279579461424,-8.81039866871152,-15.933404947758362,-67.05164601376235,-0.31462976461065084,9.437520441452506,0.5372680310879802,-14.05973153782773,-6.896910708947191,-7.552363019540135,-18.848846558385233
EC-Earth-Consortium,EC-Earth3-Veg-LR,r1i1p1f1,gr,historical,1898-12,1898,12,0.7944478143079595,184.55436405511648,-0.32864733648961675,-234.61646016453844,-14.501051858529229,-21.309270360399704,-85.40661785053253,0.8443239133056458,179.53984894273685,-0.40726912356645945,-223.33948846597266,-7.907125970966346,-14.520666974641335,-65.79037767910431,-0.0498760989976863,5.014515112379627,0.0786217870768427,-11.276971698565774,-6.593925887562882,-6.788603385758369,-19.616240171428217
EC-Earth-Consortium,EC-Earth3-Veg-LR,r1i1p1f1,gr,historical,1899-01,1899,1,1.8586145045868465,181.89109083845022,-0.9759213470487295,-226.3581071561691,-8.44934881093593,-15.575930824791484,-67.60960279590817,1.9670428406081912,174.6451682692201,-1.1134382139788777,-217.91294889189962,-7.277542063475359,-14.28956539960937,-63.98128345913492,-0.10842833602134472,7.2459225692301175,0.1375168669301482,-8.44515826426948,-1.1718067474605718,-1.2863654251821153,-3.6283193367732522
EC-Earth-Consortium,EC-Earth3-Veg-LR,r1i1p1f1,gr,historical,1899-02,1899,2,12.244883647595314,179.07448573306164,-7.434322945055037,-226.6542544630086,-15.231947667596225,-21.65980948636661,-79.66096518136953,12.445773582853347,174.25857569933385,-8.050053493794298,-217.59834553205962,-6.931894885320205,-14.11158454395435,-59.98752917294128,-0.2008899352580329,4.815910033727789,0.6157305487392613,-9.055908930948988,-8.300052782276019,-7.548224942412258,-19.673436008428254
EC-Earth-Consortium,EC-Earth3-Veg-LR,r1i1p1f1,gr,historical,1899-03,1899,3,56.89565079074871,194.06235384598511,-38.546472361617035,-238.26782559884515,-2.2576723487860137,-13.976285963320851,-42.090251635835244,59.86295421939759,178.6380625638465,-42.42060087439643,-224.19115525659498,-5.777500516309919,-12.96961739527065,-46.8578572593279,-2.9673034286488758,15.424291282138626,3.874128512779393,-14.076670342250168,3.5198281675239054,-1.0066685680502019,4.767605623492656
EC-Earth-Consortium,EC-Earth3-Veg-LR,r1i1p1f1,gr,historical,1899-04,1899,4,162.96648792756105,196.05093546471934,-114.73535647063494,-250.19144852008125,-9.786222281704573,-18.280424787331928,-33.97602866747227,165.54918549462982,193.94768773026806,-121.36911048471737,-244.71414659154436,-3.5592308420521506,-11.316720965746057,-21.462335659162093,-2.5826975670687773,2.103247734451287,6.633754014082427,-5.477301928536889,-6.226991439652423,-6.96370382158587,-12.513693008310177
EC-Earth-Consortium,EC-Earth3-Veg-LR,r1i1p1f1,gr,historical,1899-05,1899,5,269.10646732337614,230.32056339350586,-183.25576093304107,-284.3381207863324,-2.3935912702281414,-12.655801449270442,16.783756278009903,275.6543792863859,224.5590747925627,-196.4506719906339,-277.14177299595417,-1.8042443237938772,-10.700238938634309,14.116525829932366,-6.547911963009767,5.761488600943153,13.194911057592833,-7.1963477903782405,-0.5893469464342642,-1.955562510636133,2.6672304480775377
EC-Earth-Consortium,EC-Earth3-Veg-LR,r1i1p1f1,gr,historical,1899-06,1899,6,285.3129349983958,270.66521783474064,-164.54699523068706,-310.7090529691172,-1.8174064458475736,-12.115363962510166,66.78933422497443,296.31824615671405,264.6805788578032,-184.2618748228265,-305.99544242897827,-1.3256800948089977,-11.303420968742303,58.11240669916117,-11.00531115831825,5.984638976937447,19.714879592139454,-4.713610540138916,-0.49172635103857587,-0.8119429937678628,8.676927525813255
EC-Earth-Consortium,EC-Earth3-Veg-LR,r1i1p1f1,gr,historical,1899-07,1899,7,214.210699296708,294.4347529840322,-89.77407394014998,-323.0433116099702,-0.8490528141583596,-11.675876856745802,83.30313705971588,225.98526739919413,289.5888849412498,-106.74472434052524,-319.32788691162557,-0.19383547240358012,-10.584539231081097,78.72316638480842,-11.774568102486143,4.845868042782399,16.970650400375263,-3.715424698344634,-0.6552173417547795,-1.0913376256647052,4.579970674907457
EC-Earth-Consortium,EC-Earth3-Veg-LR,r1i1p1f1,gr,historical,1899-08,1899,8,138.8709185306755,293.02851019524036,-45.30221943288491,-323.11058912114976,-0.5345710856782886,-11.634098235348244,51.317950850854686,143.965143639584,285.514983779784,-56.61969220867284,-317.4160441353086,-0.736401837272086,-11.828037470306784,42.8799517678077,-5.094225108908489,7.51352641545634,11.317472775787927,-5.694544985841162,0.20183075159379738,0.19393923495854004,8.43799908304699
EC-Earth-Consortium,EC-Earth3-Veg-LR,r1i1p1f1,gr,historical,1899-09,1899,9,70.14080029938476,262.6314681242829,-23.137200436361404,-304.73889615392756,-4.282116982559972,-16.25548379446025,-15.64142894364155,72.23187531070974,254.64399326285204,-29.49217390513061,-295.7570914889987,-3.0077420278618163,-14.867742559467041,-16.248881407896377,-2.0910750113249748,7.987474861430854,6.354973468769206,-8.981804664928859,-1.274374954698156,-1.387741234993209,0.6074524642548269
EC-Earth-Consortium,EC-Earth3-Veg-LR,r1i1p1f1,gr,historical,1899-10,1899,10,20.309757213927448,227.49658578763675,-6.990612257334578,-274.5290098421269,-12.425016976621697,-23.07665353449079,-69.21494960900982,21.17782998279387,219.68910623165684,-9.062038234793288,-263.59941570919926,-7.415014525185129,-17.082779513843093,-56.292311768570094,-0.8680727688664227,7.80747955597991,2.07142597745871,-10.929594132927662,-5.010002451436567,-5.993874020647699,-12.922637840439727
EC-Earth-Consortium,EC-Earth3-Veg-LR,r1i1p1f1,gr,historical,1899-11,1899,11,3.3524008806862295,201.4627428759801,-0.9428682987588483,-250.39725346166418,-15.309226375470594,-22.27503781424638,-84.10924219347368,3.573632890038961,193.44910051493784,-1.4677800076550447,-237.86279579461424,-8.81039866871152,-15.933404947758362,-67.05164601376235,-0.22123200935273157,8.013642361042258,0.5249117088961964,-12.534457667049935,-6.498827706759075,-6.34163286648802,-17.057596179711325
EC-Earth-Consortium,EC-Earth3-Veg-LR,r1i1p1f1,gr,historical,1899-12,1899,12,0.7785914484562312,193.59369663466373,-0.28770622549485364,-242.3252976827684,-8.77941370015001,-20.57014322766376,-77.59027275295703,0.8443239133056458,179.53984894273685,-0.40726912356645945,-223.33948846597266,-7.907125970966346,-14.520666974641335,-65.79037767910431,-0.06573246484941464,14.053847691926876,0.1195628980716058,-18.98580921679573,-0.8722877291836646,-6.049476253022425,-11.799895073852724
EC-Earth-Consortium,EC-Earth3-Veg-LR,r1i1p1f1,gr,historical,1900-01,1900,1,1.9479503129486753,195.2872806566199,-0.9536240017648625,-239.41100995922218,-8.54999152037156,-17.519916138475235,-69.19931065026526,1.9670428406081912,174.6451682692201,-1.1134382139788777,-217.91294889189962,-7.277542063475359,-14.28956539960937,-63.98128345913492,-0.019092527659515968,20.642112387399806,0.15981421221401515,-21.498061067322567,-1.2724494568962008,-3.230350738865866,-5.218027191130339
EC-Earth-Consortium,EC-Earth3-Veg-LR,r1i1p1f1,gr,historical,1900-02,1900,2,11.835584891734667,186.64202214765135,-7.24119200355816,-230.24885090878445,-4.8406519810161655,-14.861376103737168,-58.714463957709924,12.445773582853347,174.25857569933385,-8.050053493794298,-217.59834553205962,-6.931894885320205,-14.11158454395435,-59.98752917294128,-0.6101886911186796,12.3834464483175,0.8088614902361382,-12.650505376724823,2.09124290430404,-0.7497915597828175,1.2730652152313553
EC-Earth-Consortium,EC-Earth3-Veg-LR,r1i1p1f1,gr,historical,1900-03,1900,3,56.83915491944565,192.77184493687608,-38.48998598076367,-235.49877243999134,-4.613521401811466,-13.23180380953319,-42.22308377577795,59.86295421939759,178.6380625638465,-42.42060087439643,-224.19115525659498,-5.777500516309919,-12.96961739527065,-46.8578572593279,-3.023799299951939,14.13378237302959,3.9306148936327574,-11.30761718339636,1.1639791144984528,-0.2621864142625405,4.6347734835499494
EC-Earth-Consortium,EC-Earth3-Veg-LR,r1i1p1f1,gr,historical,1900-04,1900,4,165.538034296735,199.5322866683887,-114.37998870282905,-255.1781800858255,-6.194780983298137,-15.697942880983739,-26.38057168781272,165.54918549462982,193.94768773026806,-121.36911048471737,-244.71414659154436,-3.5592308420521506,-11.316720965746057,-21.462335659162093,-0.011151197894832876,5.584598938120649,6.989121781888315,-10.464033494281125,-2.6355501412459863,-4.381221915237681,-4.918236028650625
EC-Earth-Consortium,EC-Earth3-Veg-LR,r1i1p1f1,gr,historical,1900-05,1900,5,260.79944136119116,237.52478840358955,-176.5022266477742,-285.30014245782644,-0.3592233376021266,-9.293235562254244,26.869401759323736,275.6543792863859,224.5590747925627,-196.4506719906339,-277.14177299595417,-1.8042443237938772,-10.700238938634309,14.116525829932366,-14.854937925194747,12.965713611026842,19.948445342859713,-8.158369461872269,1.4450209861917507,1.4070033763800645,12.75287592939137
EC-Earth-Consortium,EC-Earth3-Veg-LR,r1i1p1f1,gr,historical,1900-06,1900,6,284.5395472101464,269.72195395455606,-161.43256402672066,-310.8028838760049,0.2336984785113562,-11.69026089958511,70.56949084090306,296.31824615671405,264.6805788578032,-184.2618748228265,-305.99544242897827,-1.3256800948089977,-11.303420968742303,58.11240669916117,-11.778698946567658,5.0413750967528586,22.829310796105858,-4.807441447026633,1.559378573320354,-0.38683993084280743,12.457084141741888
EC-Earth-Consortium,EC-Earth3-Veg-LR,r1i1p1f1,gr,historical,1900-07,1900,7,208.811988186618,299.17611816410096,-79.37537588544842,-326.60948946769173,-0.3955829442105045,-12.258182531004406,89.3494755223639,225.98526739919413,289.5888849412498,-106.74472434052524,-319.32788691162557,-0.19383547240358012,-10.584539231081097,78.72316638480842,-17.17327921257612,9.587233222851182,27.369348455076818,-7.2816025560661615,-0.20174747180692437,-1.6736432999233095,10.62630913755548
EC-Earth-Consortium,EC-Earth3-Veg-LR,r1i1p1f1,gr,historical,1900-08,1900,8,142.85293874255487,289.5251773014032,-43.79744861245198,-325.77675344181716,-1.678557965274786,-16.017254410751327,45.10810161366274,143.965143639584,285.514983779784,-56.61969220867284,-317.4160441353086,-0.736401837272086,-11.828037470306784,42.8799517678077,-1.1122048970291303,4.010193521619158,12.822243596220858,-8.360709306508568,-0.9421561280027,-4.189216940444544,2.228149845855043
EC-Earth-Consortium,EC-Earth3-Veg-LR,r1i1p1f1,gr,historical,1900-09,1900,9,71.78225770680982,265.8467641352983,-23.258764716047565,-309.407418216743,-4.754486898382645,-20.32211997924308,-20.113767968308114,72.23187531070974,254.64399326285204,-29.49217390513061,-295.7570914889987,-3.0077420278618163,-14.867742559467041,-16.248881407896377,-0.4496176038999238,11.20277087244628,6.233409189083044,-13.6503267277443,-1.7467448705208284,-5.454377419776039,-3.864886560411737
EC-Earth-Consortium,EC-Earth3-Veg-LR,r1i1p1f1,gr,historical,1900-10,1900,10,20.25294341341898,233.68903527504767,-6.444038544947105,-279.5899478960958,-8.318332046706955,-20.370338597688104,-60.78067839697131,21.17782998279387,219.68910623165684,-9.062038234793288,-263.59941570919926,-7.415014525185129,-17.082779513843093,-56.292311768570094,-0.9248865693748911,13.999929043390836,2.617999689846183,-15.99053218689653,-0.9033175215218252,-3.287559083845011,-4.4883666284012165
EC-Earth-Consortium,EC-Earth3-Veg-LR,r1i1p1f1,gr,historical,1900-11,1900,11,3.469911963250359,198.0752402538211,-0.9558073263329013,-249.2625465562314,-21.309988331502808,-28.41462832791994,-98.39781832491558,3.573632890038961,193.44910051493784,-1.4677800076550447,-237.86279579461424,-8.81039866871152,-15.933404947758362,-67.05164601376235,-0.1037209267886019,4.626139738883268,0.5119726813221434,-11.399750761617156,-12.499589662791289,-12.481223380161577,-31.346172311153225
EC-Earth-Consortium,EC-Earth3-Veg-LR,r1i1p1f1,gr,historical,1900-12,1900,12,0.8070292031168077,195.68764779753047,-0.3119970320946271,-242.22780948976637,-8.623791197186499,-18.215758456284306,-72.88467917468455,0.8443239133056458,179.53984894273685,-0.40726912356645945,-223.33948846597266,-7.907125970966346,-14.520666974641335,-65.79037767910431,-0.03729471018883812,16.14779885479362,0.09527209147183235,-18.888321023793708,-0.7166652262201527,-3.6950914816429705,-7.09430149558024
EC-Earth-Consortium,EC-Earth3-Veg-LR,r1i1p1f1,gr,historical,1901-01,1901,1,1.8751489017973675,181.04385650978404,-1.0153710980765005,-225.82168308598114,-16.111541849979304,-21.116426584855752,-81.1460172073113,1.9670428406081912,174.6451682692201,-1.1134382139788777,-217.91294889189962,-7.277542063475359,-14.28956539960937,-63.98128345913492,-0.09189393881082375,6.398688240563928,0.09806711590237716,-7.908734194081518,-8.833999786503945,-6.826861185246383,-17.16473374817638
EC-Earth-Consortium,EC-Earth3-Veg-LR,r1i1p1f1,gr,historical,1901-02,1901,2,12.453350128052584,170.53795015041987,-7.407402107577585,-218.77651117356976,-17.010407874050536,-20.73924622134054,-80.94226709806595,12.445773582853347,174.25857569933385,-8.050053493794298,-217.59834553205962,-6.931894885320205,-14.11158454395435,-59.98752917294128,0.007576545199237117,-3.720625548913972,0.6426513862167127,-1.1781656415101338,-10.078512988730331,-6.62766167738619,-20.954737925124675
EC-Earth-Consortium,EC-Earth3-Veg-LR,r1i1p1f1,gr,historical,1901-03,1901,3,58.794682155267346,179.05755270636877,-39.24105124320398,-228.2720839639646,-9.164957115610163,-17.585901464373716,-56.41175892551635,59.86295421939759,178.6380625638465,-42.42060087439643,-224.19115525659498,-5.777500516309919,-12.96961739527065,-46.8578572593279,-1.068272064130241,0.4194901425222781,3.179549631192451,-4.0809287073696225,-3.3874565993002435,-4.616284069103067,-9.553901666188452
EC-Earth-Consortium,EC-Earth3-Veg-LR,r1i1p1f1,gr,historical,1901-04,1901,4,159.44511106842253,195.55382603498936,-113.22103504775238,-248.5376494899809,-6.3724561129163515,-14.999362210012194,-28.13156575724993,165.54918549462982,193.94768773026806,-121.36911048471737,-244.71414659154436,-3.5592308420521506,-11.316720965746057,-21.462335659162093,-6.104074426207291,1.6061383047212985,8.148075436964987,-3.8235028984365442,-2.813225270864201,-3.6826412442661365,-6.669230098087837
EC-Earth-Consortium,EC-Earth3-Veg-LR,r1i1p1f1,gr,historical,1901-05,1901,5,270.85260604978095,226.30283502828507,-186.14176565098853,-280.5946091570676,-3.1387606439859845,-12.45460048771963,14.825705138304249,275.6543792863859,224.5590747925627,-196.4506719906339,-277.14177299595417,-1.8042443237938772,-10.700238938634309,14.116525829932366,-4.801773236604959,1.7437602357223625,10.308906339645375,-3.452836161113453,-1.3345163201921073,-1.7543615490853206,0.7091793083718834
EC-Earth-Consortium,EC-Earth3-Veg-LR,r1i1p1f1,gr,historical,1901-06,1901,6,284.77096328758626,269.58606246471015,-163.71003191703812,-310.10460769275096,-2.1895970052399103,-12.799123061962062,65.55366607530536,296.31824615671405,264.6805788578032,-184.2618748228265,-305.99544242897827,-1.3256800948089977,-11.303420968742303,58.11240669916117,-11.547282869127798,4.905483606906955,20.55184290578839,-4.109165263772695,-0.8639169104309126,-1.4957020932197587,7.441259376144188
EC-Earth-Consortium,EC-Earth3-Veg-LR,r1i1p1f1,gr,historical,1901-07,1901,7,212.4710961004661,297.92175555206416,-77.24953597559588,-326.01774728850097,-0.3797319467228126,-11.88994240204648,94.85589403966407,225.98526739919413,289.5888849412498,-106.74472434052524,-319.32788691162557,-0.19383547240358012,-10.584539231081097,78.72316638480842,-13.51417129872803,8.332870610814382,29.495188364929362,-6.6898603768754015,-0.18589647431923245,-1.3054031709653824,16.132727654855643
EC-Earth-Consortium,EC-Earth3-Veg-LR,r1i1p1f1,gr,historical,1901-08,1901,8,138.82198219757532,292.7184151904123,-42.248835855761016,-325.9009304218775,-1.0737552947678426,-14.344433594676227,47.97244222090508,143.965143639584,285.514983779784,-56.61969220867284,-317.4160441353086,-0.736401837272086,-11.828037470306784,42.8799517678077,-5.143161442008676,7.203431410628298,14.370856352911822,-8.484886286568894,-0.3373534574957566,-2.516396124369443,5.092490453097383
EC-Earth-Consortium,EC-Earth3-Veg-LR,r1i1p1f1,gr,historical,1901-09,1901,9,70.33070948981323,262.5543291944454,-23.876013854372847,-305.3283044901766,-5.799359334555454,-20.635924252896444,-22.754563247742716,72.23187531070974,254.64399326285204,-29.49217390513061,-295.7570914889987,-3.0077420278618163,-14.867742559467041,-16.248881407896377,-1.9011658208965088,7.91033593159338,5.616160050757763,-9.57121300117791,-2.791617306693638,-5.768181693429403,-6.505681839846339
EC-Earth-Consortium,EC-Earth3-Veg-LR,r1i1p1f1,gr,historical,1901-10,1901,10,20.394955672053236,234.05625035611158,-6.936898154501541,-278.18026055471836,-8.46375738920847,-18.84627238591873,-57.97598245618227,21.17782998279387,219.68910623165684,-9.062038234793288,-263.59941570919926,-7.415014525185129,-17.082779513843093,-56.292311768570094,-0.7828743107406346,14.36714412445474,2.1251400802917475,-14.580844845519096,-1.0487428640233398,-1.7634928720756378,-1.683670687612178
EC-Earth-Consortium,EC-Earth3-Veg-LR,r1i1p1f1,gr,historical,1901-11,1901,11,3.508586147422706,201.60967521656167,-1.0155915592987776,-250.56711191935537,-14.731739892164908,-21.690027569502476,-82.88620957633715,3.573632890038961,193.44910051493784,-1.4677800076550447,-237.86279579461424,-8.81039866871152,-15.933404947758362,-67.05164601376235,-0.06504674261625532,8.16057470162383,0.45218844835626704,-12.704316124741126,-5.921341223453389,-5.756622621744114,-15.8345635625748
EC-Earth-Consortium,EC-Earth3-Veg-LR,r1i1p1f1,gr,historical,1901-12,1901,12,0.8103781963564365,193.4662959908402,-0.3367890038159988,-238.23236715194344,-13.108121791946614,-19.946454596787426,-77.34705835729685,0.8443239133056458,179.53984894273685,-0.40726912356645945,-223.33948846597266,-7.907125970966346,-14.520666974641335,-65.79037767910431,-0.03394571694920934,13.926447048103341,0.07048011975046065,-14.892878685970771,-5.200995820980268,-5.425787622146091,-11.556680678192535
EC-Earth-Consortium,EC-Earth3-Veg-LR,r1i1p1f1,gr,historical,1902-01,1902,1,2.0042086380909527,177.7064680728536,-1.033888052504789,-224.8456176637917,-12.046382015221672,-19.072275742244777,-77.28748676281839,1.9670428406081912,174.6451682692201,-1.1134382139788777,-217.91294889189962,-7.277542063475359,-14.28956539960937,-63.98128345913492,0.0371657974827615,3.0612998036334886,0.07955016147408855,-6.932668771892082,-4.768839951746314,-4.782710342635408,-13.306203303683468
EC-Earth-Consortium,EC-Earth3-Veg-LR,r1i1p1f1,gr,historical,1902-02,1902,2,12.520432639875255,169.6588978122331,-7.44200764074285,-218.58906594489343,-10.379520453844153,-17.88239167352615,-72.11365526089821,12.445773582853347,174.25857569933385,-8.050053493794298,-217.59834553205962,-6.931894885320205,-14.11158454395435,-59.98752917294128,0.07465905702190767,-4.599677887100739,0.6080458530514479,-0.9907204128338094,-3.4476255685239474,-3.7708071295718,-12.126126087956933
EC-Earth-Consortium,EC-Earth3-Veg-LR,r1i1p1f1,gr,historical,1902-03,1902,3,56.95282922945148,183.3599839720131,-38.89885263962397,-228.45792533499653,-3.9744787902360024,-13.711174935561319,-44.72961849895324,59.86295421939759,178.6380625638465,-42.42060087439643,-224.19115525659498,-5.777500516309919,-12.96961739527065,-46.8578572593279,-2.9101249899461052,4.721921408166622,3.52174823477246,-4.266770078401549,1.8030217260739168,-0.7415575402906693,2.128238760374657
EC-Earth-Consortium,EC-Earth3-Veg-LR,r1i1p1f1,gr,historical,1902-04,1902,4,158.71225437931966,206.57006824274123,-111.90572661451495,-255.74685739252035,-3.2677000816896014,-14.148008541204366,-19.785970007868407,165.54918549462982,193.94768773026806,-121.36911048471737,-244.71414659154436,-3.5592308420521506,-11.316720965746057,-21.462335659162093,-6.836931115310165,12.622380512473171,9.46338387020242,-11.032710800975991,0.2915307603625492,-2.8312875754583082,1.6763656512936862
EC-Earth-Consortium,EC-Earth3-Veg-LR,r1i1p1f1,gr,historical,1902-05,1902,5,269.97735890930943,226.91528385434037,-186.5380568666944,-278.71293355197486,-1.447866449892079,-10.359644364620868,19.834141530467626,275.6543792863859,224.5590747925627,-196.4506719906339,-277.14177299595417,-1.8042443237938772,-10.700238938634309,14.116525829932366,-5.677020377076474,2.356209061777662,9.912615123939503,-1.5711605560206863,0.3563778739017982,0.3405945740134406,5.71761570053526
EC-Earth-Consortium,EC-Earth3-Veg-LR,r1i1p1f1,gr,historical,1902-06,1902,6,298.63603216574717,261.73170845577437,-183.17553126926563,-305.6534387924563,-2.3222244794556266,-12.374997337364807,56.84154874297913,296.31824615671405,264.6805788578032,-184.2618748228265,-305.99544242897827,-1.3256800948089977,-11.303420968742303,58.11240669916117,2.3177860090331137,-2.948870402028831,1.08634355356088,0.34200363652195165,-0.9965443846466289,-1.0715763686225035,-1.2708579561820414
EC-Earth-Consortium,EC-Earth3-Veg-LR,r1i1p1f1,gr,historical,1902-07,1902,7,235.6266209357137,283.33972777230423,-115.03594644196967,-318.99664768960645,-1.9403260785024257,-13.501110326146915,69.49231817179246,225.98526739919413,289.5888849412498,-106.74472434052524,-319.32788691162557,-0.19383547240358012,-10.584539231081097,78.72316638480842,9.641353536519574,-6.249157168945544,-8.291222101444433,0.33123922201912137,-1.7464906060988454,-2.9165710950658177,-9.23084821301596
EC-Earth-Consortium,EC-Earth3-Veg-LR,r1i1p1f1,gr,historical,1902-08,1902,8,148.82675761374665,284.7058204373035,-61.63330543824158,-318.8211374186288,-2.0885073792050863,-13.981208576406512,37.008419238568166,143.965143639584,285.514983779784,-56.61969220867284,-317.4160441353086,-0.736401837272086,-11.828037470306784,42.8799517678077,4.861613974162651,-0.8091633424805309,-5.01361322956874,-1.4050932833201841,-1.3521055419330004,-2.1531711060997285,-5.871532529239531
EC-Earth-Consortium,EC-Earth3-Veg-LR,r1i1p1f1,gr,historical,1902-09,1902,9,70.02899063775526,266.4658825688704,-27.193927349384467,-302.49240153343965,-1.320548122566731,-14.034093669465266,-8.546097468230412,72.23187531070974,254.64399326285204,-29.49217390513061,-295.7570914889987,-3.0077420278618163,-14.867742559467041,-16.248881407896377,-2.2028846729544824,11.821889306018392,2.298246555746143,-6.735310044440951,1.6871939052950853,0.8336488900017756,7.702783939665965
EC-Earth-Consortium,EC-Earth3-Veg-LR,r1i1p1f1,gr,historical,1902-10,1902,10,20.791068932394865,227.66764191008662,-7.720144192647774,-270.92246290071796,-8.010352764223773,-18.771040587838037,-56.96528960294607,21.17782998279387,219.68910623165684,-9.062038234793288,-263.59941570919926,-7.415014525185129,-17.082779513843093,-56.292311768570094,-0.38676105039900577,7.978535678429779,1.3418940421455146,-7.323047191518697,-0.5953382390386439,-1.6882610739949442,-0.6729778343759776
EC-Earth-Consortium,EC-Earth3-Veg-LR,r1i1p1f1,gr,historical,1902-11,1902,11,3.4422627255696985,202.6087740710068,-0.9802269290293569,-247.78124923779268,-14.151412394532525,-22.922378072679663,-79.78422983745774,3.573632890038961,193.44910051493784,-1.4677800076550447,-237.86279579461424,-8.81039866871152,-15.933404947758362,-67.05164601376235,-0.13137016446926264,9.159673556068952,0.48755307862568775,-9.918453443178436,-5.341013725821005,-6.988973124921301,-12.732583823695393
EC-Earth-Consortium,EC-Earth3-Veg-LR,r1i1p1f1,gr,historical,1902-12,1902,12,0.7958482272300675,188.78506991000725,-0.3073946554013327,-234.31120704422224,-7.945877688251527,-18.456280234530325,-71.43984148516812,0.8443239133056458,179.53984894273685,-0.40726912356645945,-223.33948846597266,-7.907125970966346,-14.520666974641335,-65.79037767910431,-0.048475686075578284,9.245220967270399,0.09987446816512674,-10.971718578249579,-0.03875171728518101,-3.9356132598889904,-5.649463806063807
EC-Earth-Consortium,EC-Earth3-Veg-LR,r1i1p1f1,gr,historical,1903-01,1903,1,1.9088405430456208,181.92943959376888,-1.0250628490063185,-226.85249538343623,-13.608909863679516,-22.402979986516346,-80.05116794582393,1.9670428406081912,174.6451682692201,-1.1134382139788777,-217.91294889189962,-7.277542063475359,-14.28956539960937,-63.98128345913492,-0.05820229756257045,7.284271324548769,0.08837536497255916,-8.939546491536618,-6.331367800204157,-8.113414586906977,-16.069884486689013
EC-Earth-Consortium,EC-Earth3-Veg-LR,r1i1p1f1,gr,historical,1903-02,1903,2,11.840884129581198,178.26405938108357,-7.028331990554569,-223.2154055750819,-9.348702118082297,-17.721088906657833,-67.20858507971181,12.445773582853347,174.25857569933385,-8.050053493794298,-217.59834553205962,-6.931894885320205,-14.11158454395435,-59.98752917294128,-0.6048894532721487,4.005483681749723,1.0217215032397293,-5.6170600430222635,-2.4168072327620918,-3.6095043627034826,-7.22105590677053
EC-Earth-Consortium,EC-Earth3-Veg-LR,r1i1p1f1,gr,historical,1903-03,1903,3,57.760943943084634,176.68207383464454,-38.326416631683976,-223.83552383550182,-11.44791953127349,-17.99351499266522,-57.160357213395315,59.86295421939759,178.6380625638465,-42.42060087439643,-224.19115525659498,-5.777500516309919,-12.96961739527065,-46.8578572593279,-2.102010276312953,-1.9559887292019482,4.094184242712451,0.3556314210931646,-5.670419014963571,-5.023897597394569,-10.302499954067414
EC-Earth-Consortium,EC-Earth3-Veg-LR,r1i1p1f1,gr,historical,1903-04,1903,4,157.24577805123445,197.5916000030864,-111.23514657853616,-249.81380517669243,-9.313220458863544,-18.240846073550298,-33.76564023332155,165.54918549462982,193.94768773026806,-121.36911048471737,-244.71414659154436,-3.5592308420521506,-11.316720965746057,-21.462335659162093,-8.303407443395372,3.6439122728183406,10.133963906181208,-5.099658585148063,-5.753989616811394,-6.92412510780424,-12.303304574159455
EC-Earth-Consortium,EC-Earth3-Veg-LR,r1i1p1f1,gr,historical,1903-05,1903,5,265.61037179341935,227.68384305913432,-183.87914340247465,-281.4043358192017,-3.306754787506971,-13.026126063730205,11.677854779640088,275.6543792863859,224.5590747925627,-196.4506719906339,-277.14177299595417,-1.8042443237938772,-10.700238938634309,14.116525829932366,-10.044007492966557,3.124768266571607,12.571528588159254,-4.262562823247549,-1.5025104637130937,-2.325887125095896,-2.438671050292278
EC-Earth-Consortium,EC-Earth3-Veg-LR,r1i1p1f1,gr,historical,1903-06,1903,6,286.68874892367023,270.83986193526084,-169.6664286538579,-310.19885740963065,-1.5956798398529435,-11.671988410446625,64.39565654514294,296.31824615671405,264.6805788578032,-184.2618748228265,-305.99544242897827,-1.3256800948089977,-11.303420968742303,58.11240669916117,-9.629497233043821,6.159283077457644,14.595446168968607,-4.203414980652383,-0.26999974504394575,-0.36856744170432165,6.283249845981771
EC-Earth-Consortium,EC-Earth3-Veg-LR,r1i1p1f1,gr,historical,1903-07,1903,7,224.58300707253565,289.5389509928146,-97.84677175002898,-322.1032498356394,-0.24195846859064044,-11.895617595304715,82.03436041578644,225.98526739919413,289.5888849412498,-106.74472434052524,-319.32788691162557,-0.19383547240358012,-10.584539231081097,78.72316638480842,-1.402260326658478,-0.049933948435182174,8.89795259049626,-2.775362924013848,-0.04812299618706031,-1.3110783642236186,3.3111940309780152
EC-Earth-Consortium,EC-Earth3-Veg-LR,r1i1p1f1,gr,historical,1903-08,1903,8,145.078544855242,284.06682124581596,-54.77126112352403,-318.18205186628154,-1.8458239443412563,-13.374108269649325,40.97212089726181,143.965143639584,285.514983779784,-56.61969220867284,-317.4160441353086,-0.736401837272086,-11.828037470306784,42.8799517678077,1.1134012156580013,-1.448162533968059,1.8484310851488104,-0.7660077309729445,-1.1094221070691703,-1.5460707993425409,-1.9078308705458866
EC-Earth-Consortium,EC-Earth3-Veg-LR,r1i1p1f1,gr,historical,1903-09,1903,9,71.910483552514,254.85070567019994,-28.343571769018133,-297.31002004563385,-5.76881494967077,-18.7230846101021,-23.384302151710905,72.23187531070974,254.64399326285204,-29.49217390513061,-295.7570914889987,-3.0077420278618163,-14.867742559467041,-16.248881407896377,-0.3213917581957446,0.20671240734790786,1.1486021361124763,-1.5529285566351518,-2.761072921808954,-3.8553420506350573,-7.135420743814528
EC-Earth-Consortium,EC-Earth3-Veg-LR,r1i1p1f1,gr,historical,1903-10,1903,10,20.967241773180767,221.45656915116226,-8.432715059910514,-266.9135480513173,-11.56857729091363,-21.81302272493094,-66.30405220272938,21.17782998279387,219.68910623165684,-9.062038234793288,-263.59941570919926,-7.415014525185129,-17.082779513843093,-56.292311768570094,-0.21058820961310332,1.7674629195054194,0.6293231748827743,-3.3141323421180573,-4.153562765728501,-4.730243211087846,-10.011740434159286
EC-Earth-Consortium,EC-Earth3-Veg-LR,r1i1p1f1,gr,historical,1903-11,1903,11,3.3697781514592586,207.28302598671326,-1.2409841444936396,-247.99907387994355,-8.74987586997725,-16.475038729437124,-63.81216848567905,3.573632890038961,193.44910051493784,-1.4677800076550447,-237.86279579461424,-8.81039866871152,-15.933404947758362,-67.05164601376235,-0.2038547385797025,13.833925471775416,0.2267958631614051,-10.136278085329309,0.06052279873426869,-0.5416337816787617,3.239477528083299
EC-Earth-Consortium,EC-Earth3-Veg-LR,r1i1p1f1,gr,historical,1903-12,1903,12,0.7906833541288925,185.10311544684996,-0.33804075943648126,-231.01008458806362,-10.977347728185194,-18.312620614179036,-74.74429488888549,0.8443239133056458,179.53984894273685,-0.40726912356645945,-223.33948846597266,-7.907125970966346,-14.520666974641335,-65.79037767910431,-0.053640559176753366,5.563266504113102,0.06922836412997818,-7.670596122090956,-3.0702217572188477,-3.7919536395377005,-8.953917209781181
EC-Earth-Consortium,EC-Earth3-Veg-LR,r1i1p1f1,gr,historical,1904-01,1904,1,1.8390667155016738,185.4307314841582,-1.0197786283816832,-226.42843248421607,-5.473589443890664,-13.320118341122903,-58.97212069795145,1.9670428406081912,174.6451682692201,-1.1134382139788777,-217.91294889189962,-7.277542063475359,-14.28956539960937,-63.98128345913492,-0.12797612510651746,10.785563214938094,0.09365958559719445,-8.515483592316457,1.8039526195846944,0.9694470584864661,5.009162761183468
EC-Earth-Consortium,EC-Earth3-Veg-LR,r1i1p1f1,gr,historical,1904-02,1904,2,12.425688739015627,168.87971971433598,-7.967946991718388,-215.0136540518096,-14.84274496544234,-17.73106958571272,-74.25000714133141,12.445773582853347,174.25857569933385,-8.050053493794298,-217.59834553205962,-6.931894885320205,-14.11158454395435,-59.98752917294128,-0.020084843837720356,-5.37885598499787,0.08210650207591019,2.5846914802500294,-7.910850080122134,-3.61948504175837,-14.26247796839013
EC-Earth-Consortium,EC-Earth3-Veg-LR,r1i1p1f1,gr,historical,1904-03,1904,3,59.28171397233707,191.59425538768733,-41.04910665279284,-236.86231497712325,-4.8325034594444345,-14.534636277154398,-46.40259200649052,59.86295421939759,178.6380625638465,-42.42060087439643,-224.19115525659498,-5.777500516309919,-12.96961739527065,-46.8578572593279,-0.5812402470605136,12.956192823840837,1.3714942216035908,-12.671159720528266,0.9449970568654846,-1.5650188818837485,0.4552652528373784
EC-Earth-Consortium,EC-Earth3-Veg-LR,r1i1p1f1,gr,historical,1904-04,1904,4,165.4886377652661,195.9233324340724,-117.74579661312883,-248.95936383189357,-2.4141809129753375,-12.289687790633764,-19.99705894929302,165.54918549462982,193.94768773026806,-121.36911048471737,-244.71414659154436,-3.5592308420521506,-11.316720965746057,-21.462335659162093,-0.06054772936371933,1.9756447038043348,3.623313871588536,-4.245217240349206,1.145049929076813,-0.9729668248877061,1.465276709869073
EC-Earth-Consortium,EC-Earth3-Veg-LR,r1i1p1f1,gr,historical,1904-05,1904,5,262.2158560784025,236.56155555321308,-176.04068689031809,-286.7951888368309,-0.6423615871203101,-12.427378673503128,22.871795643843164,275.6543792863859,224.5590747925627,-196.4506719906339,-277.14177299595417,-1.8042443237938772,-10.700238938634309,14.116525829932366,-13.438523207983394,12.002480760650371,20.409985100315822,-9.653415840876733,1.1618827366735671,-1.7271397348688193,8.755269813910799
EC-Earth-Consortium,EC-Earth3-Veg-LR,r1i1p1f1,gr,historical,1904-06,1904,6,285.1766673411823,270.83310784425373,-157.91032339322163,-311.3085513995453,-0.7585840905203616,-11.3634649140337,74.66885138811496,296.31824615671405,264.6805788578032,-184.2618748228265,-305.99544242897827,-1.3256800948089977,-11.303420968742303,58.11240669916117,-11.141578815531773,6.152528986450534,26.351551429604882,-5.313108970567043,0.5670960042886362,-0.06004394529139745,16.55644468895379
EC-Earth-Consortium,EC-Earth3-Veg-LR,r1i1p1f1,gr,historical,1904-07,1904,7,210.51212371460454,297.907146165477,-80.2463434737278,-325.5082658346556,-0.19512459312652045,-9.811232478674018,92.65830349989757,225.98526739919413,289.5888849412498,-106.74472434052524,-319.32788691162557,-0.19383547240358012,-10.584539231081097,78.72316638480842,-15.473143684589587,8.318261224227228,26.498380866797433,-6.180378923030048,-0.0012891207229403234,0.7733067524070787,13.935137115089148
EC-Earth-Consortium,EC-Earth3-Veg-LR,r1i1p1f1,gr,historical,1904-08,1904,8,142.4771263460044,292.8674054774451,-45.4961342605161,-326.87574879423516,-0.6597595261258611,-13.682774820726033,48.63011442184637,143.965143639584,285.514983779784,-56.61969220867284,-317.4160441353086,-0.736401837272086,-11.828037470306784,42.8799517678077,-1.4880172935795883,7.3524216976611,11.123557948156737,-9.459704658926569,0.07664231114622488,-1.8547373504192493,5.750162654038675
EC-Earth-Consortium,EC-Earth3-Veg-LR,r1i1p1f1,gr,historical,1904-09,1904,9,68.04519397909638,269.0801580171979,-22.20834669088769,-309.77577080535724,-3.1479409510755025,-17.356462594324924,-15.363169045351091,72.23187531070974,254.64399326285204,-29.49217390513061,-295.7570914889987,-3.0077420278618163,-14.867742559467041,-16.248881407896377,-4.186681331613357,14.436164754345867,7.283827214242919,-14.018679316358543,-0.1401989232136862,-2.4887200348578826,0.8857123625452861
EC-Earth-Consortium,EC-Earth3-Veg-LR,r1i1p1f1,gr,historical,1904-10,1904,10,20.187451747904408,228.68741799543275,-6.20179107560352,-276.85311532450123,-11.702595686800677,-22.762780640563047,-68.64541298413131,21.17782998279387,219.68910623165684,-9.062038234793288,-263.59941570919926,-7.415014525185129,-17.082779513843093,-56.292311768570094,-0.9903782348894623,8.998311763775916,2.8602471591897682,-13.253699615301969,-4.287581161615548,-5.680001126719954,-12.353101215561217
EC-Earth-Consortium,EC-Earth3-Veg-LR,r1i1p1f1,gr,historical,1904-11,1904,11,3.198429007960122,212.05074549485,-1.0227729782805028,-257.05490279841797,-8.192973202968737,-18.408580236054345,-69.43005471291143,3.573632890038961,193.44910051493784,-1.4677800076550447,-237.86279579461424,-8.81039866871152,-15.933404947758362,-67.05164601376235,-0.37520388207883926,18.60164497991215,0.44500702937454184,-19.192107003803727,0.617425465742782,-2.4751752882959828,-2.3784086991490767
EC-Earth-Consortium,EC-Earth3-Veg-LR,r1i1p1f1,gr,historical,1904-12,1904,12,0.7771843916308998,190.90684402175737,-0.3287540801497587,-237.34728758073481,-9.87394420249565,-19.251613559717182,-75.11757100970915,0.8443239133056458,179.53984894273685,-0.40726912356645945,-223.33948846597266,-7.907125970966346,-14.520666974641335,-65.79037767910431,-0.06713952167474602,11.366995079020512,0.07851504341670074,-14.00779911476215,-1.9668182315293041,-4.730946585075847,-9.327193330604842
EC-Earth-Consortium,EC-Earth3-Veg-LR,r1i1p1f1,gr,historical,1905-01,1905,1,1.8193107369078168,185.03404720526774,-0.8748428471561741,-230.21696507651424,-12.836762876542469,-19.805363994330673,-76.880576852368,1.9670428406081912,174.6451682692201,-1.1134382139788777,-217.91294889189962,-7.277542063475359,-14.28956539960937,-63.98128345913492,-0.14773210370037448,10.388878936047632,0.23859536682270355,-12.304016184614625,-5.55922081306711,-5.5157985947213035,-12.899293393233073
EC-Earth-Consortium,EC-Earth3-Veg-LR,r1i1p1f1,gr,historical,1905-02,1905,2,12.194373430340926,171.57113843696465,-7.252284328907723,-221.41355977542696,-17.163371491630457,-21.752098306609753,-83.81580203526933,12.445773582853347,174.25857569933385,-8.050053493794298,-217.59834553205962,-6.931894885320205,-14.11158454395435,-59.98752917294128,-0.25140015251242076,-2.687437262369201,0.7977691648865752,-3.815214243367336,-10.231476606310252,-7.640513762655402,-23.82827286232805
EC-Earth-Consortium,EC-Earth3-Veg-LR,r1i1p1f1,gr,historical,1905-03,1905,3,58.91940259949502,177.61078969290926,-39.68119226021238,-226.8000343277093,-4.787072264700606,-12.850166593282443,-47.58827315350047,59.86295421939759,178.6380625638465,-42.42060087439643,-224.19115525659498,-5.777500516309919,-12.96961739527065,-46.8578572593279,-0.9435516199025642,-1.0272728709372245,2.7394086141840504,-2.6088790711143304,0.9904282516093135,0.11945080198820612,-0.730415894172566
EC-Earth-Consortium,EC-Earth3-Veg-LR,r1i1p1f1,gr,historical,1905-04,1905,4,158.56179046474415,204.71694606407183,-112.17120177299535,-255.1593172160925,-4.2074072073739215,-14.066429025235132,-22.32561869288088,165.54918549462982,193.94768773026806,-121.36911048471737,-244.71414659154436,-3.5592308420521506,-11.316720965746057,-21.462335659162093,-6.9873950298856755,10.769258333803776,9.197908711722022,-10.445170624548126,-0.6481763653217709,-2.749708059489075,-0.8632830337187869
EC-Earth-Consortium,EC-Earth3-Veg-LR,r1i1p1f1,gr,historical,1905-05,1905,5,266.02020917475653,230.2787432148437,-184.3243096919002,-281.6372802626623,-4.216289439430823,-12.260169391786105,13.860903603820804,275.6543792863859,224.5590747925627,-196.4506719906339,-277.14177299595417,-1.8042443237938772,-10.700238938634309,14.116525829932366,-9.634170111629373,5.719668422280989,12.12636229873371,-4.495507266708103,-2.412045115636946,-1.5599304531517966,-0.25562222611156216
EC-Earth-Consortium,EC-Earth3-Veg-LR,r1i1p1f1,gr,historical,1905-06,1905,6,280.82452407073873,273.01795865504437,-160.13227946103382,-311.0160473401478,-1.4098664368946963,-12.092949790882146,69.1913396968247,296.31824615671405,264.6805788578032,-184.2618748228265,-305.99544242897827,-1.3256800948089977,-11.303420968742303,58.11240669916117,-15.493722085975321,8.33737979724117,24.129595361792695,-5.020604911169528,-0.08418634208569853,-0.7895288221398431,11.078932997663529
EC-Earth-Consortium,EC-Earth3-Veg-LR,r1i1p1f1,gr,historical,1905-07,1905,7,224.05158146523274,289.6441712737975,-92.2481499964786,-321.9870221482998,-0.6003705298313122,-11.718076267052759,87.14213379736776,225.98526739919413,289.5888849412498,-106.74472434052524,-319.32788691162557,-0.19383547240358012,-10.584539231081097,78.72316638480842,-1.9336859339613852,0.055286332547723305,14.496574344046635,-2.659135236674217,-0.4065350574277321,-1.1335370359716617,8.41896741255934
EC-Earth-Consortium,EC-Earth3-Veg-LR,r1i1p1f1,gr,historical,1905-08,1905,8,144.88066049013327,287.4689912222792,-48.603489030162436,-322.2818376132244,-2.3953064261637715,-14.065454349469388,45.00356429339246,143.965143639584,285.514983779784,-56.61969220867284,-317.4160441353086,-0.736401837272086,-11.828037470306784,42.8799517678077,0.9155168505492668,1.9540074424951968,8.016203178510402,-4.865793477915815,-1.6589045888916856,-2.2374168791626037,2.123612525584761
EC-Earth-Consortium,EC-Earth3-Veg-LR,r1i1p1f1,gr,historical,1905-09,1905,9,70.40628588170766,265.44443001779683,-25.085246063555093,-305.7561154173116,-4.05520020531222,-16.357916292119214,-15.403762078793607,72.23187531070974,254.64399326285204,-29.49217390513061,-295.7570914889987,-3.0077420278618163,-14.867742559467041,-16.248881407896377,-1.825589429002079,10.800436754944798,4.406927841575516,-9.999023928312909,-1.0474581774504035,-1.4901737326521722,0.8451193291027703
EC-Earth-Consortium,EC-Earth3-Veg-LR,r1i1p1f1,gr,historical,1905-10,1905,10,21.076384140288972,229.73536135063142,-8.041349109704548,-277.08121530394925,-10.775146171504089,-23.670175661277344,-68.75614075551483,21.17782998279387,219.68910623165684,-9.062038234793288,-263.59941570919926,-7.415014525185129,-17.082779513843093,-56.292311768570094,-0.10144584250489785,10.046255118974585,1.0206891250887402,-13.481799594749987,-3.360131646318959,-6.5873961474342515,-12.46382898694474
EC-Earth-Consortium,EC-Earth3-Veg-LR,r1i1p1f1,gr,historical,1905-11,1905,11,3.4126544566283736,199.91459212950465,-1.17835757483477,-244.78406813451568,-5.244961141195618,-13.228883677883893,-61.109023942296936,3.573632890038961,193.44910051493784,-1.4677800076550447,-237.86279579461424,-8.81039866871152,-15.933404947758362,-67.05164601376235,-0.16097843341058748,6.465491614566815,0.2894224328202746,-6.921272339901435,3.5654375275159014,2.704521269874469,5.942622071465415
EC-Earth-Consortium,EC-Earth3-Veg-LR,r1i1p1f1,gr,historical,1905-12,1905,12,0.8471478970362739,177.49707741218856,-0.3566436438379108,-225.6485264176662,-13.948355206285326,-17.51953846377849,-79.1288384223431,0.8443239133056458,179.53984894273685,-0.40726912356645945,-223.33948846597266,-7.907125970966346,-14.520666974641335,-65.79037767910431,0.002823983730628088,-2.0427715305482934,0.05062547972854864,-2.30903795169354,-6.04122923531898,-2.9988714891371533,-13.338460743238784
EC-Earth-Consortium,EC-Earth3-Veg-LR,r1i1p1f1,gr,historical,1906-01,1906,1,1.903895911561539,182.54270041785247,-1.0878895499863306,-224.65825086729066,-3.726215215728569,-13.19517811334525,-58.220937416936806,1.9670428406081912,174.6451682692201,-1.1134382139788777,-217.91294889189962,-7.277542063475359,-14.28956539960937,-63.98128345913492,-0.0631469290466522,7.897532148632365,0.02554866399254707,-6.745301975391044,3.5513268477467896,1.0943872862641193,5.760346042198115
EC-Earth-Consortium,EC-Earth3-Veg-LR,r1i1p1f1,gr,historical,1906-02,1906,2,12.359575555141225,172.78723218793724,-7.826878299314942,-217.62051878483766,-7.422056089450591,-14.423769588822818,-62.14641501934757,12.445773582853347,174.25857569933385,-8.050053493794298,-217.59834553205962,-6.931894885320205,-14.11158454395435,-59.98752917294128,-0.08619802771212193,-1.4713435113966113,0.22317519447935563,-0.022173252778031838,-0.490161204130386,-0.31218504486846754,-2.1588858464062923
EC-Earth-Consortium,EC-Earth3-Veg-LR,r1i1p1f1,gr,historical,1906-03,1906,3,59.283896553552445,179.23937931472827,-40.39620297697857,-226.74200612270462,-4.422112018361959,-12.727685282394058,-45.7647305321585,59.86295421939759,178.6380625638465,-42.42060087439643,-224.19115525659498,-5.777500516309919,-12.96961739527065,-46.8578572593279,-0.5790576658451414,0.6013167508817787,2.024397897417856,-2.5508508661096414,1.3553884979479598,0.2419321128765919,1.0931267271693983
EC-Earth-Consortium,EC-Earth3-Veg-LR,r1i1p1f1,gr,historical,1906-04,1906,4,164.4065305781748,194.95098505661056,-117.45210501095289,-247.5029912691834,-3.062414956897364,-11.671065854116184,-20.331061456364466,165.54918549462982,193.94768773026806,-121.36911048471737,-244.71414659154436,-3.5592308420521506,-11.316720965746057,-21.462335659162093,-1.1426549164550295,1.003297326342505,3.917005473764476,-2.788844677639048,0.4968158851547866,-0.354344888370127,1.131274202797627
EC-Earth-Consortium,EC-Earth3-Veg-LR,r1i1p1f1,gr,historical,1906-05,1906,5,269.33500013936947,226.5778055947642,-185.98209051770934,-279.9788658694543,-0.821767645949209,-11.62357375869847,17.506507942322372,275.6543792863859,224.5590747925627,-196.4506719906339,-277.14177299595417,-1.8042443237938772,-10.700238938634309,14.116525829932366,-6.319379147016434,2.0187308022014747,10.46858147292457,-2.8370928735001257,0.9824766778446682,-0.9233348200641611,3.3899821123900065
EC-Earth-Consortium,EC-Earth3-Veg-LR,r1i1p1f1,gr,historical,1906-06,1906,6,291.2618850410718,268.75192566090885,-174.26631345845232,-309.838818477363,-1.3021691647855016,-11.796857171893407,62.809652429486434,296.31824615671405,264.6805788578032,-184.2618748228265,-305.99544242897827,-1.3256800948089977,-11.303420968742303,58.11240669916117,-5.056361115642233,4.071346803105655,9.995561364374197,-3.843376048384755,0.023510930023496135,-0.4934362031511039,4.697245730325264
EC-Earth-Consortium,EC-Earth3-Veg-LR,r1i1p1f1,gr,historical,1906-07,1906,7,228.5356413308141,288.43086641649614,-102.01462877580262,-320.96329357204655,-1.7627962877540042,-13.293540748322592,78.9322483633845,225.98526739919413,289.5888849412498,-106.74472434052524,-319.32788691162557,-0.19383547240358012,-10.584539231081097,78.72316638480842,2.5503739316199585,-1.1580185247536292,4.7300955647226175,-1.6354066604209834,-1.5689608153504242,-2.7090015172414947,0.20908197857608002
EC-Earth-Consortium,EC-Earth3-Veg-LR,r1i1p1f1,gr,historical,1906-08,1906,8,145.54297142548126,289.69908113517374,-50.211627202077736,-323.61785795362806,-1.3680390218745684,-13.275268838369797,46.76925954470482,143.965143639584,285.514983779784,-56.61969220867284,-317.4160441353086,-0.736401837272086,-11.828037470306784,42.8799517678077,1.5778277858972558,4.184097355389724,6.408065006595102,-6.201813818319465,-0.6316371846024824,-1.4472313680630133,3.8893077768971267
EC-Earth-Consortium,EC-Earth3-Veg-LR,r1i1p1f1,gr,historical,1906-09,1906,9,71.81614714548449,261.5179898493336,-25.123047957969025,-302.9618932894328,-3.9532960924246234,-16.744923634619923,-15.449023979628294,72.23187531070974,254.64399326285204,-29.49217390513061,-295.7570914889987,-3.0077420278618163,-14.867742559467041,-16.248881407896377,-0.41572816522524647,6.8739965864815815,4.369125947161585,-7.2048018004340975,-0.9455540645628071,-1.8771810751528815,0.7998574282680835
EC-Earth-Consortium,EC-Earth3-Veg-LR,r1i1p1f1,gr,historical,1906-10,1906,10,21.171360690191005,233.91687313158607,-7.3492952706900505,-279.12220331063895,-8.38911809450668,-20.15949950205414,-59.93188235611275,21.17782998279387,219.68910623165684,-9.062038234793288,-263.59941570919926,-7.415014525185129,-17.082779513843093,-56.292311768570094,-0.006469292602865551,14.227766899929236,1.7127429641032377,-15.522787601439688,-0.9741035693215503,-3.076719988211046,-3.639570587542657
EC-Earth-Consortium,EC-Earth3-Veg-LR,r1i1p1f1,gr,historical,1906-11,1906,11,3.4064637682208776,203.09826116878511,-1.038163773600167,-250.4175615955474,-10.35709981678277,-19.65430822496589,-74.96240847389024,3.573632890038961,193.44910051493784,-1.4677800076550447,-237.86279579461424,-8.81039866871152,-15.933404947758362,-67.05164601376235,-0.16716912181808352,9.649160653847275,0.4296162340548777,-12.554765800933154,-1.54670114807125,-3.7209032772075297,-7.910762460127884
EC-Earth-Consortium,EC-Earth3-Veg-LR,r1i1p1f1,gr,historical,1906-12,1906,12,0.7568644674368946,192.94478095660477,-0.3132319817792765,-235.92560808390394,-4.407747578922342,-13.844322874144682,-60.78926509470857,0.8443239133056458,179.53984894273685,-0.40726912356645945,-223.33948846597266,-7.907125970966346,-14.520666974641335,-65.79037767910431,-0.0874594458687512,13.40493201386792,0.09403714178718292,-12.586119617931274,3.4993783920440045,0.6763441004966531,5.001112584395742
EC-Earth-Consortium,EC-Earth3-Veg-LR,r1i1p1f1,gr,historical,1907-01,1907,1,1.9344377422870371,174.64273870206648,-1.0184607474959382,-224.20266953026825,-12.02422867445254,-18.998104337114363,-79.66628684497758,1.9670428406081912,174.6451682692201,-1.1134382139788777,-217.91294889189962,-7.277542063475359,-14.28956539960937,-63.98128345913492,-0.0326050983211541,-0.0024295671536265218,0.09497746648293948,-6.289720638368635,-4.746686610977182,-4.7085389375049935,-15.685003385842656
EC-Earth-Consortium,EC-Earth3-Veg-LR,r1i1p1f1,gr,historical,1907-02,1907,2,12.12246126542868,179.3603739998729,-7.436911714262796,-225.85775749312398,-5.241956977367228,-15.574144249877675,-62.62793516933011,12.445773582853347,174.25857569933385,-8.050053493794298,-217.59834553205962,-6.931894885320205,-14.11158454395435,-59.98752917294128,-0.3233123174246675,5.101798300539059,0.6131417795315022,-8.259411961064359,1.6899379079529773,-1.462559705923324,-2.6404059963888287
EC-Earth-Consortium,EC-Earth3-Veg-LR,r1i1p1f1,gr,historical,1907-03,1907,3,59.04509639119223,173.1491633244854,-40.557998107791484,-223.23100410644878,-12.764608112483582,-17.694184185176486,-62.05353479622272,59.86295421939759,178.6380625638465,-42.42060087439643,-224.19115525659498,-5.777500516309919,-12.96961739527065,-46.8578572593279,-0.817857828205355,-5.488899239361103,1.8626027666049438,0.9601511501462028,-6.987107596173663,-4.724566789905836,-15.19567753689482
EC-Earth-Consortium,EC-Earth3-Veg-LR,r1i1p1f1,gr,historical,1907-04,1907,4,162.64810068271203,195.03471395788173,-116.53640242845002,-248.27815197098943,-3.4158375325785957,-13.664985564301842,-24.212562855726134,165.54918549462982,193.94768773026806,-121.36911048471737,-244.71414659154436,-3.5592308420521506,-11.316720965746057,-21.462335659162093,-2.901084811917798,1.087026227613677,4.83270805626735,-3.5640053794450637,0.1433933094735549,-2.348264598555785,-2.7502271965640404
EC-Earth-Consortium,EC-Earth3-Veg-LR,r1i1p1f1,gr,historical,1907-05,1907,5,272.7517078903472,220.06123382882882,-190.24450636692262,-275.9476910928855,-2.1164761992173866,-11.683072997957808,12.821195062192686,275.6543792863859,224.5590747925627,-196.4506719906339,-277.14177299595417,-1.8042443237938772,-10.700238938634309,14.116525829932366,-2.902671396038727,-4.497840963733893,6.206165623711286,1.1940819030686498,-0.3122318754235094,-0.9828340593234994,-1.2953307677396797
EC-Earth-Consortium,EC-Earth3-Veg-LR,r1i1p1f1,gr,historical,1907-06,1907,6,290.73352846961313,265.15496847957337,-176.22211181460884,-306.900247275893,-0.7463506294412454,-11.849053949017106,60.170733280226244,296.31824615671405,264.6805788578032,-184.2618748228265,-305.99544242897827,-1.3256800948089977,-11.303420968742303,58.11240669916117,-5.58471768710092,0.47438962177017174,8.039763008217676,-0.9048048469147147,0.5793294653677523,-0.545632980274803,2.0583265810650744
EC-Earth-Consortium,EC-Earth3-Veg-LR,r1i1p1f1,gr,historical,1907-07,1907,7,220.02257694336163,293.3693148831972,-100.54390351274526,-321.59043897419684,-0.4316075061222828,-10.19454565614427,80.63139617735013,225.98526739919413,289.5888849412498,-106.74472434052524,-319.32788691162557,-0.19383547240358012,-10.584539231081097,78.72316638480842,-5.962690455832501,3.780429941947432,6.200820827779978,-2.262552062571274,-0.2377720337187027,0.3899935749368275,1.9082297925417038
EC-Earth-Consortium,EC-Earth3-Veg-LR,r1i1p1f1,gr,historical,1907-08,1907,8,138.79806898677424,292.7620348170091,-48.20820368193138,-322.22221251972724,-0.7311098616015027,-12.19846707949087,48.20011066103239,143.965143639584,285.514983779784,-56.61969220867284,-317.4160441353086,-0.736401837272086,-11.828037470306784,42.8799517678077,-5.1670746528097595,7.247051037225106,8.411488526741458,-4.8061683844186405,0.00529197567058326,-0.37042960918408596,5.3201588932246935
EC-Earth-Consortium,EC-Earth3-Veg-LR,r1i1p1f1,gr,historical,1907-09,1907,9,71.62727041397083,260.17949957824027,-25.60740635173229,-301.37617885684523,-3.3243093331076903,-14.411657166427208,-12.912781715901277,72.23187531070974,254.64399326285204,-29.49217390513061,-295.7570914889987,-3.0077420278618163,-14.867742559467041,-16.248881407896377,-0.6046048967389055,5.535506315388233,3.8847675533983193,-5.619087367846532,-0.31656730524587395,0.4560853930398334,3.3360996919951003
EC-Earth-Consortium,EC-Earth3-Veg-LR,r1i1p1f1,gr,historical,1907-10,1907,10,20.644917809736565,225.14301434428614,-7.888625983885614,-270.05932956244635,-9.695122400335453,-19.71703259982304,-61.57217839246775,21.17782998279387,219.68910623165684,-9.062038234793288,-263.59941570919926,-7.415014525185129,-17.082779513843093,-56.292311768570094,-0.532912173057305,5.453908112629307,1.173412250907674,-6.4599138532470874,-2.280107875150324,-2.634253085979946,-5.279866623897654
EC-Earth-Consortium,EC-Earth3-Veg-LR,r1i1p1f1,gr,historical,1907-11,1907,11,3.422404086196481,186.2890920881615,-1.101666652233661,-235.10917282226768,-13.697187816454916,-18.93766551099523,-79.1341966275935,3.573632890038961,193.44910051493784,-1.4677800076550447,-237.86279579461424,-8.81039866871152,-15.933404947758362,-67.05164601376235,-0.15122880384248027,-7.160008426776329,0.3661133554213838,2.7536229723465624,-4.8867891477433965,-3.004260563236869,-12.082550613831145
EC-Earth-Consortium,EC-Earth3-Veg-LR,r1i1p1f1,gr,historical,1907-12,1907,12,0.8119135474581795,178.3006662148126,-0.3402318898742177,-227.46463545646625,-16.871940343012202,-21.642866526530838,-87.20709445361274,0.8443239133056458,179.53984894273685,-0.40726912356645945,-223.33948846597266,-7.907125970966346,-14.520666974641335,-65.79037767910431,-0.03241036584746637,-1.239182727924259,0.06703723369224174,-4.12514699049359,-8.964814372045856,-7.122199551889503,-21.41671677450843
EC-Earth-Consortium,EC-Earth3-Veg-LR,r1i1p1f1,gr,historical,1908-01,1908,1,1.910931851734538,183.6141010728977,-0.9803565904776953,-228.01968376409127,-11.060387707354396,-17.2528717495229,-71.788266886814,1.9670428406081912,174.6451682692201,-1.1134382139788777,-217.91294889189962,-7.277542063475359,-14.28956539960937,-63.98128345913492,-0.05611098887365329,8.968932803677603,0.13308162350118236,-10.106734872191652,-3.782845643879037,-2.9633063499135304,-7.806983427679079
EC-Earth-Consortium,EC-Earth3-Veg-LR,r1i1p1f1,gr,historical,1908-02,1908,2,12.44408616392244,177.10367404065292,-7.880992809974782,-222.4271969369105,-10.07991265890254,-16.32449283670348,-67.16483503791594,12.445773582853347,174.25857569933385,-8.050053493794298,-217.59834553205962,-6.931894885320205,-14.11158454395435,-59.98752917294128,-0.0016874189309064036,2.8450983413190727,0.16906068381951567,-4.828851404850866,-3.1480177735823345,-2.2129082927491304,-7.177305864974656
EC-Earth-Consortium,EC-Earth3-Veg-LR,r1i1p1f1,gr,historical,1908-03,1908,3,60.79201585606275,186.93038529287938,-42.14003568464434,-233.76913020852305,-8.025752504383366,-14.801763781988699,-51.01428103059732,59.86295421939759,178.6380625638465,-42.42060087439643,-224.19115525659498,-5.777500516309919,-12.96961739527065,-46.8578572593279,0.9290616366651605,8.29232272903289,0.2805651897520889,-9.57797495192807,-2.248251988073447,-1.8321463867180494,-4.1564237712694165
EC-Earth-Consortium,EC-Earth3-Veg-LR,r1i1p1f1,gr,historical,1908-04,1908,4,167.23829197602797,200.67428584598693,-119.69435142321379,-253.34951754636793,-3.542616872381332,-12.141305492340932,-20.81521351228909,165.54918549462982,193.94768773026806,-121.36911048471737,-244.71414659154436,-3.5592308420521506,-11.316720965746057,-21.462335659162093,1.6891064813981416,6.726598115718872,1.674759061503579,-8.635370954823571,0.01661396967081874,-0.8245845265948741,0.6471221468730022
EC-Earth-Consortium,EC-Earth3-Veg-LR,r1i1p1f1,gr,historical,1908-05,1908,5,271.1901722392689,231.8965445879925,-187.37804793699027,-283.9918613220082,0.15202964025132998,-10.254624218567447,21.61421298994682,275.6543792863859,224.5590747925627,-196.4506719906339,-277.14177299595417,-1.8042443237938772,-10.700238938634309,14.116525829932366,-4.464207047116986,7.337469795429797,9.072624053643636,-6.850088326054049,1.9562739640452071,0.4456147200668621,7.497687160014456
EC-Earth-Consortium,EC-Earth3-Veg-LR,r1i1p1f1,gr,historical,1908-06,1908,6,283.72765092018057,273.7574390965236,-162.47089948137068,-311.8886825169577,-1.4926329136829568,-13.045576208481865,68.58729889621092,296.31824615671405,264.6805788578032,-184.2618748228265,-305.99544242897827,-1.3256800948089977,-11.303420968742303,58.11240669916117,-12.590595236533488,9.076860238720428,21.790975341455834,-5.89324008797945,-0.16695281887395907,-1.7421552397395619,10.474892197049755
EC-Earth-Consortium,EC-Earth3-Veg-LR,r1i1p1f1,gr,historical,1908-07,1908,7,221.79238641971665,292.1497759522031,-93.56460980244904,-322.7021223525048,-0.06704604389385986,-11.527039690109905,86.08134448296218,225.98526739919413,289.5888849412498,-106.74472434052524,-319.32788691162557,-0.19383547240358012,-10.584539231081097,78.72316638480842,-4.192880979477479,2.5608910109532985,13.180114538076197,-3.374235440879204,0.12678942850972025,-0.9425004590288086,7.358178098153758
EC-Earth-Consortium,EC-Earth3-Veg-LR,r1i1p1f1,gr,historical,1908-08,1908,8,140.97300847630527,287.5606973752865,-49.04838182851593,-320.95733469529193,-1.8219213560565208,-13.69160540653759,43.01446256518982,143.965143639584,285.514983779784,-56.61969220867284,-317.4160441353086,-0.736401837272086,-11.828037470306784,42.8799517678077,-2.992135163278732,2.045713595502491,7.571310380156909,-3.541290559983338,-1.0855195187844349,-1.8635679362308064,0.13451079738212002
EC-Earth-Consortium,EC-Earth3-Veg-LR,r1i1p1f1,gr,historical,1908-09,1908,9,68.36033840381378,259.6653392164182,-25.070063958041228,-301.21879512555955,-4.068857599409944,-16.50802207907541,-18.84006114185412,72.23187531070974,254.64399326285204,-29.49217390513061,-295.7570914889987,-3.0077420278618163,-14.867742559467041,-16.248881407896377,-3.8715369068959546,5.021345953566168,4.422109947089382,-5.461703636560856,-1.061115571548128,-1.6402795196083684,-2.5911797339577447
EC-Earth-Consortium,EC-Earth3-Veg-LR,r1i1p1f1,gr,historical,1908-10,1908,10,19.343770022470615,226.64149731567443,-7.448567034733013,-269.64576581837537,-9.452327052809622,-18.9020984872474,-59.463491055020356,21.17782998279387,219.68910623165684,-9.062038234793288,-263.59941570919926,-7.415014525185129,-17.082779513843093,-56.292311768570094,-1.8340599603232555,6.9523910840175915,1.6134712000602756,-6.046350109176103,-2.0373125276244926,-1.8193189734043074,-3.1711792864502613
EC-Earth-Consortium,EC-Earth3-Veg-LR,r1i1p1f1,gr,historical,1908-11,1908,11,3.1344642758420567,199.07740331699745,-1.0132332590713562,-245.08378854662604,-6.918001474892992,-16.36957940731065,-67.17273509506155,3.573632890038961,193.44910051493784,-1.4677800076550447,-237.86279579461424,-8.81039866871152,-15.933404947758362,-67.05164601376235,-0.43916861419690445,5.628302802059608,0.4545467485836885,-7.220992752011796,1.8923971938185273,-0.4361744595522872,-0.12108908129920337
EC-Earth-Consortium,EC-Earth3-Veg-LR,r1i1p1f1,gr,historical,1908-12,1908,12,0.7798660432869553,178.85505141186022,-0.32213193724475114,-224.68515667220697,-13.366122582826332,-17.419312739272783,-76.15780647640369,0.8443239133056458,179.53984894273685,-0.40726912356645945,-223.33948846597266,-7.907125970966346,-14.520666974641335,-65.79037767910431,-0.06445787001869052,-0.6847975308766365,0.0851371863217083,-1.3456682062343077,-5.458996611859986,-2.898645764631448,-10.367428797299382
EC-Earth-Consortium,EC-Earth3-Veg-LR,r1i1p1f1,gr,historical,1909-01,1909,1,1.9550574002035175,173.9039581529435,-1.0624259620019743,-217.70524295894,-9.715301953261244,-14.862938297550468,-67.4868936186067,1.9670428406081912,174.6451682692201,-1.1134382139788777,-217.91294889189962,-7.277542063475359,-14.28956539960937,-63.98128345913492,-0.011985440404673753,-0.7412101162766191,0.0510122519769034,0.20770593295961248,-2.4377598897858856,-0.5733728979410984,-3.505610159471779
EC-Earth-Consortium,EC-Earth3-Veg-LR,r1i1p1f1,gr,historical,1909-02,1909,2,12.2546299640806,168.93080080244758,-7.857986632553952,-214.03838007548885,-13.333826569211856,-16.645881459497943,-70.69064397022441,12.445773582853347,174.25857569933385,-8.050053493794298,-217.59834553205962,-6.931894885320205,-14.11158454395435,-59.98752917294128,-0.1911436187727471,-5.327774896886268,0.19206686124034622,3.5599654565707795,-6.401931683891651,-2.5342969155435924,-10.703114797283135
EC-Earth-Consortium,EC-Earth3-Veg-LR,r1i1p1f1,gr,historical,1909-03,1909,3,57.538281529092934,186.33952661609484,-40.53055304500107,-231.32358991661658,-8.291489829600831,-16.201969501322147,-52.46979414735285,59.86295421939759,178.6380625638465,-42.42060087439643,-224.19115525659498,-5.777500516309919,-12.96961739527065,-46.8578572593279,-2.324672690304652,7.701464052248355,1.8900478293953569,-7.132434660021602,-2.513989313290912,-3.232352106051497,-5.61193688802495
EC-Earth-Consortium,EC-Earth3-Veg-LR,r1i1p1f1,gr,historical,1909-04,1909,4,161.6054590586321,197.82720159363495,-117.60893707203144,-249.54975168803463,-4.190398843144593,-13.003914198089571,-24.920341149033202,165.54918549462982,193.94768773026806,-121.36911048471737,-244.71414659154436,-3.5592308420521506,-11.316720965746057,-21.462335659162093,-3.9437264359977178,3.8795138633668955,3.76017341268593,-4.835605096490269,-0.6311680010924428,-1.687193232343514,-3.458005489871109
EC-Earth-Consortium,EC-Earth3-Veg-LR,r1i1p1f1,gr,historical,1909-05,1909,5,266.64835357487976,230.87953623631802,-182.26237709430197,-281.5549487638508,-0.4881484027962158,-9.739184578395427,23.4832309718534,275.6543792863859,224.5590747925627,-196.4506719906339,-277.14177299595417,-1.8042443237938772,-10.700238938634309,14.116525829932366,-9.00602571150614,6.320461443755306,14.18829489633194,-4.413175767896632,1.3160959209976615,0.9610543602388812,9.366705141921033
EC-Earth-Consortium,EC-Earth3-Veg-LR,r1i1p1f1,gr,historical,1909-06,1909,6,282.796973361123,272.38158664172755,-167.1861956304095,-310.55939465187873,-0.4087227397786338,-11.047478095467476,65.9767688853162,296.31824615671405,264.6805788578032,-184.2618748228265,-305.99544242897827,-1.3256800948089977,-11.303420968742303,58.11240669916117,-13.521272795591074,7.701007783924354,17.075679192417027,-4.563952222900468,0.9169573550303639,0.2559428732748277,7.864362186155034
EC-Earth-Consortium,EC-Earth3-Veg-LR,r1i1p1f1,gr,historical,1909-07,1909,7,227.28472700029226,289.2293885059391,-99.37395473384328,-321.2761014428609,0.6604565325361358,-11.838812447511247,84.68570341455198,225.98526739919413,289.5888849412498,-106.74472434052524,-319.32788691162557,-0.19383547240358012,-10.584539231081097,78.72316638480842,1.2994596010981354,-0.35949643531068887,7.370769606681961,-1.948214531235351,0.8542920049397159,-1.2542732164301498,5.962537029743558
EC-Earth-Consortium,EC-Earth3-Veg-LR,r1i1p1f1,gr,historical,1909-08,1909,8,145.093954399897,287.457763633508,-54.66268356573842,-320.38491691201193,-1.988780944417255,-14.502852862284085,41.012483748953315,143.965143639584,285.514983779784,-56.61969220867284,-317.4160441353086,-0.736401837272086,-11.828037470306784,42.8799517678077,1.1288107603130015,1.942779853724005,1.9570086429344187,-2.9688727767033356,-1.252379107145169,-2.674815391977301,-1.8674680188543817
EC-Earth-Consortium,EC-Earth3-Veg-LR,r1i1p1f1,gr,historical,1909-09,1909,9,72.09037716619632,261.10148985560846,-28.362931141778347,-300.7701473371799,-1.3300000319245584,-13.803951612768154,-11.07516310184614,72.23187531070974,254.64399326285204,-29.49217390513061,-295.7570914889987,-3.0077420278618163,-14.867742559467041,-16.248881407896377,-0.14149814451342024,6.457496592756428,1.1292427633522628,-5.013055848181182,1.677741995937258,1.0637909466988873,5.173718306050237
EC-Earth-Consortium,EC-Earth3-Veg-LR,r1i1p1f1,gr,historical,1909-10,1909,10,21.42792843706954,222.4320814888048,-8.195627924321023,-269.7176377366461,-8.694627950707298,-21.70112298357743,-64.44900666937752,21.17782998279387,219.68910623165684,-9.062038234793288,-263.59941570919926,-7.415014525185129,-17.082779513843093,-56.292311768570094,0.250098454275669,2.7429752571479753,0.8664103104722649,-6.118222027446848,-1.279613425522169,-4.618343469734338,-8.15669490080743
EC-Earth-Consortium,EC-Earth3-Veg-LR,r1i1p1f1,gr,historical,1909-11,1909,11,3.4532847865131817,213.74343976563833,-1.2404139240251604,-255.48971030891613,-6.246854372201861,-17.355813816367405,-63.136067869359024,3.573632890038961,193.44910051493784,-1.4677800076550447,-237.86279579461424,-8.81039866871152,-15.933404947758362,-67.05164601376235,-0.1203481035257794,20.29433925070049,0.2273660836298843,-17.626914514301887,2.563544296509658,-1.4224088686090433,3.9155781444033266
EC-Earth-Consortium,EC-Earth3-Veg-LR,r1i1p1f1,gr,historical,1909-12,1909,12,0.8061138032067785,191.0564624702451,-0.3549086544716609,-238.48125590142365,-14.650863454303073,-22.14332322184574,-83.76777495859226,0.8443239133056458,179.53984894273685,-0.40726912356645945,-223.33948846597266,-7.907125970966346,-14.520666974641335,-65.79037767910431,-0.03821011009886732,11.516613527508241,0.05236046909479852,-15.141767435450987,-6.7437374833367265,-7.6226562472044055,-17.977397279487946
EC-Earth-Consortium,EC-Earth3-Veg-LR,r1i1p1f1,gr,historical,1910-01,1910,1,1.9172774239377204,183.1433935294932,-0.9996415200616916,-224.83932357923987,-10.295768444088907,-15.450616346904429,-66.52467893686396,1.9670428406081912,174.6451682692201,-1.1134382139788777,-217.91294889189962,-7.277542063475359,-14.28956539960937,-63.98128345913492,-0.04976541667047085,8.498225260273102,0.11379669391718605,-6.926374687340257,-3.018226380613548,-1.1610509472950596,-2.5433954777290424
EC-Earth-Consortium,EC-Earth3-Veg-LR,r1i1p1f1,gr,historical,1910-02,1910,2,11.776920131594169,179.15140407925878,-7.214855828368553,-223.18452687757133,-13.107228962824623,-19.671933566957374,-72.2502210248689,12.445773582853347,174.25857569933385,-8.050053493794298,-217.59834553205962,-6.931894885320205,-14.11158454395435,-59.98752917294128,-0.668853451259178,4.892828379924936,0.8351976654257447,-5.586181345511704,-6.175334077504417,-5.560349023003024,-12.262691851927627
EC-Earth-Consortium,EC-Earth3-Veg-LR,r1i1p1f1,gr,historical,1910-03,1910,3,59.12540327351568,178.50066282077935,-40.06791934521613,-226.5428869797379,-9.258711585121723,-15.859835609616159,-54.10328742539687,59.86295421939759,178.6380625638465,-42.42060087439643,-224.19115525659498,-5.777500516309919,-12.96961739527065,-46.8578572593279,-0.7375509458819067,-0.1373997430671352,2.3526815291802947,-2.3517317231429047,-3.4812110688118043,-2.8902182143455093,-7.245430166068971
EC-Earth-Consortium,EC-Earth3-Veg-LR,r1i1p1f1,gr,historical,1910-04,1910,4,162.87055730671477,195.1734045369542,-116.29240152682253,-246.23578469180956,-4.4130978255269335,-12.30916646045258,-21.206488660942618,165.54918549462982,193.94768773026806,-121.36911048471737,-244.71414659154436,-3.5592308420521506,-11.316720965746057,-21.462335659162093,-2.678628187915052,1.2257168066861368,5.076708957894837,-1.5216381002651929,-0.853866983474783,-0.9924454947065229,0.2558469982194751
EC-Earth-Consortium,EC-Earth3-Veg-LR,r1i1p1f1,gr,historical,1910-05,1910,5,270.9421784429292,229.14794027917364,-185.99524550907273,-280.12800472620273,-2.771591882322369,-11.364366635768956,19.83090996873604,275.6543792863859,224.5590747925627,-196.4506719906339,-277.14177299595417,-1.8042443237938772,-10.700238938634309,14.116525829932366,-4.712200843456685,4.588865486610928,10.455426481561176,-2.986231730248562,-0.9673475585284916,-0.6641276971346475,5.714384138803675
EC-Earth-Consortium,EC-Earth3-Veg-LR,r1i1p1f1,gr,historical,1910-06,1910,6,281.3288987089937,277.58492608944005,-154.39290738647279,-315.3469583019187,-0.9758079837746647,-12.981831776952236,75.21631934931546,296.31824615671405,264.6805788578032,-184.2618748228265,-305.99544242897827,-1.3256800948089977,-11.303420968742303,58.11240669916117,-14.989347447720377,12.904347231636848,29.868967436353728,-9.35151587294041,0.349872111034333,-1.6784108082099323,17.103912650154285
EC-Earth-Consortium,EC-Earth3-Veg-LR,r1i1p1f1,gr,historical,1910-07,1910,7,210.52320564388197,298.3472079281607,-81.10392262760698,-325.00318706662745,-0.5824576472580244,-10.759050556363173,91.421795674187,225.98526739919413,289.5888849412498,-106.74472434052524,-319.32788691162557,-0.19383547240358012,-10.584539231081097,78.72316638480842,-15.462061755312163,8.758322986910912,25.64080171291826,-5.675300155001878,-0.3886221748544443,-0.1745113252820758,12.698629289378573
EC-Earth-Consortium,EC-Earth3-Veg-LR,r1i1p1f1,gr,historical,1910-08,1910,8,135.28994796240931,295.14673980938437,-40.537525669085966,-325.74166660119414,-0.6627259786779846,-13.621604639873766,49.8731648829618,143.965143639584,285.514983779784,-56.61969220867284,-317.4160441353086,-0.736401837272086,-11.828037470306784,42.8799517678077,-8.675195677174685,9.631756029600353,16.082166539586872,-8.325622465885544,0.07367585859410142,-1.7935671695669821,6.993213115154106
EC-Earth-Consortium,EC-Earth3-Veg-LR,r1i1p1f1,gr,historical,1910-09,1910,9,70.06516731710241,270.3783672456826,-21.688265929390617,-310.66860011222735,-2.5339723964761705,-16.686177054231173,-11.133480929540301,72.23187531070974,254.64399326285204,-29.49217390513061,-295.7570914889987,-3.0077420278618163,-14.867742559467041,-16.248881407896377,-2.166707993607332,15.73437398283059,7.8039079757399925,-14.911508623228656,0.4737696313856459,-1.8184344947641318,5.115400478356076
EC-Earth-Consortium,EC-Earth3-Veg-LR,r1i1p1f1,gr,historical,1910-10,1910,10,20.212323739037174,238.2211523156319,-7.005612812561204,-281.8207575413208,-6.479061782608565,-19.385380636719223,-56.2573367185407,21.17782998279387,219.68910623165684,-9.062038234793288,-263.59941570919926,-7.415014525185129,-17.082779513843093,-56.292311768570094,-0.9655062437566961,18.532046083975075,2.056425422232084,-18.22134183212154,0.9359527425765641,-2.30260112287613,0.03497505002939505
EC-Earth-Consortium,EC-Earth3-Veg-LR,r1i1p1f1,gr,historical,1910-11,1910,11,3.538874922762278,211.80471501244958,-1.3161236326627292,-255.48895052951323,-9.912957620037414,-17.475250132425895,-68.84969197942742,3.573632890038961,193.44910051493784,-1.4677800076550447,-237.86279579461424,-8.81039866871152,-15.933404947758362,-67.05164601376235,-0.03475796727668312,18.355614497511738,0.15165637499231543,-17.62615473489899,-1.1025589513258947,-1.5418451846675332,-1.798045965665068
EC-Earth-Consortium,EC-Earth3-Veg-LR,r1i1p1f1,gr,historical,1910-12,1910,12,0.7715684419403859,195.24292260975366,-0.36252967285573173,-238.30738699949129,-6.855453067514766,-15.792478783465576,-65.30335747163332,0.8443239133056458,179.53984894273685,-0.40726912356645945,-223.33948846597266,-7.907125970966346,-14.520666974641335,-65.79037767910431,-0.07275547136525995,15.70307366701681,0.04473945071072771,-14.967898533518621,1.0516729034515802,-1.271811808824241,0.48702020747099084
EC-Earth-Consortium,EC-Earth3-Veg-LR,r1i1p1f1,gr,historical,1911-01,1911,1,1.885938221742648,188.48322807878705,-0.9952895254868028,-234.22220858993282,-8.264143338258037,-18.67234717438741,-71.7848223275354,1.9670428406081912,174.6451682692201,-1.1134382139788777,-217.91294889189962,-7.277542063475359,-14.28956539960937,-63.98128345913492,-0.08110461886554332,13.838059809566943,0.11814868849207483,-16.309259698033202,-0.9866012747826787,-4.382781774778042,-7.803538868400473
EC-Earth-Consortium,EC-Earth3-Veg-LR,r1i1p1f1,gr,historical,1911-02,1911,2,12.052931909485014,177.57243169538643,-7.507159536149783,-225.42329458889955,-9.725773221788126,-19.340928975667655,-72.37179271763367,12.445773582853347,174.25857569933385,-8.050053493794298,-217.59834553205962,-6.931894885320205,-14.11158454395435,-59.98752917294128,-0.3928416733683324,3.313855996052581,0.5428939576445151,-7.824949056839927,-2.7938783364679205,-5.229344431713304,-12.384263544692388
EC-Earth-Consortium,EC-Earth3-Veg-LR,r1i1p1f1,gr,historical,1911-03,1911,3,59.24149993983878,180.97076788242828,-39.78237795789706,-232.3224251417884,-7.992983015439613,-17.855007529832495,-57.740525822690515,59.86295421939759,178.6380625638465,-42.42060087439643,-224.19115525659498,-5.777500516309919,-12.96961739527065,-46.8578572593279,-0.6214542795588045,2.3327053185817874,2.638222916499366,-8.131269885193404,-2.2154824991296937,-4.885390134561845,-10.882668563362614
EC-Earth-Consortium,EC-Earth3-Veg-LR,r1i1p1f1,gr,historical,1911-04,1911,4,159.46556306795773,201.1943401144286,-110.76276622452788,-255.35463584188477,-8.654785918003183,-17.38719145399713,-31.499476256026647,165.54918549462982,193.94768773026806,-121.36911048471737,-244.71414659154436,-3.5592308420521506,-11.316720965746057,-21.462335659162093,-6.083622426672093,7.246652384160541,10.606344260189488,-10.640489250340408,-5.095555075951033,-6.070470488251072,-10.037140596864553
EC-Earth-Consortium,EC-Earth3-Veg-LR,r1i1p1f1,gr,historical,1911-05,1911,5,268.8501840757459,229.59620826534587,-182.15980915390162,-283.4468102498359,-1.6617451786931596,-11.390561022309656,19.787466736351455,275.6543792863859,224.5590747925627,-196.4506719906339,-277.14177299595417,-1.8042443237938772,-10.700238938634309,14.116525829932366,-6.804195210639989,5.037133472783154,14.290862836732288,-6.305037253881721,0.1424991451007176,-0.6903220836753476,5.670940906419089
EC-Earth-Consortium,EC-Earth3-Veg-LR,r1i1p1f1,gr,historical,1911-06,1911,6,272.03492100295466,278.2037447455154,-149.24415819673214,-314.2941868398986,-0.8195619456452198,-13.135709569145675,72.74504919704847,296.31824615671405,264.6805788578032,-184.2618748228265,-305.99544242897827,-1.3256800948089977,-11.303420968742303,58.11240669916117,-24.283325153759392,13.523165887712196,35.01771662609437,-8.298744410920335,0.506118149163778,-1.8322886004033716,14.632642497887304
EC-Earth-Consortium,EC-Earth3-Veg-LR,r1i1p1f1,gr,historical,1911-07,1911,7,204.66268303661045,297.87825527377345,-73.39368295473584,-324.5980660732084,-0.134915134785267,-11.404761970219443,93.00951217743501,225.98526739919413,289.5888849412498,-106.74472434052524,-319.32788691162557,-0.19383547240358012,-10.584539231081097,78.72316638480842,-21.322584362583683,8.289370332523674,33.3510413857894,-5.270179161582803,0.05892033761831311,-0.8202227391383463,14.28634579262659
EC-Earth-Consortium,EC-Earth3-Veg-LR,r1i1p1f1,gr,historical,1911-08,1911,8,141.40826262627567,290.20459691278194,-42.75816700117344,-324.34008178824746,-1.6759615988606253,-14.680410927673005,48.158238223103055,143.965143639584,285.514983779784,-56.61969220867284,-317.4160441353086,-0.736401837272086,-11.828037470306784,42.8799517678077,-2.5568810133083275,4.68961313299792,13.861525207499398,-6.924037652938864,-0.9395597615885394,-2.8523734573662214,5.278286455295358
EC-Earth-Consortium,EC-Earth3-Veg-LR,r1i1p1f1,gr,historical,1911-09,1911,9,71.30465678564173,264.29713332335274,-23.476085949317177,-307.0869789270783,-4.459315005804988,-18.96556649733204,-18.386156270538024,72.23187531070974,254.64399326285204,-29.49217390513061,-295.7570914889987,-3.0077420278618163,-14.867742559467041,-16.248881407896377,-0.9272185250680138,9.653140060500704,6.016087955813433,-11.329887438079595,-1.4515729779431714,-4.097823937865,-2.1372748626416467
EC-Earth-Consortium,EC-Earth3-Veg-LR,r1i1p1f1,gr,historical,1911-10,1911,10,21.039670793813436,231.73088781294555,-7.487145590952241,-278.4366561999425,-8.635199854941101,-20.59686383283838,-62.38530687191524,21.17782998279387,219.68910623165684,-9.062038234793288,-263.59941570919926,-7.415014525185129,-17.082779513843093,-56.292311768570094,-0.13815918898043478,12.041781581288717,1.5748926438410473,-14.837240490743227,-1.2201853297559717,-3.5140843189952875,-6.092995103345146
EC-Earth-Consortium,EC-Earth3-Veg-LR,r1i1p1f1,gr,historical,1911-11,1911,11,3.7793002899398545,199.45977540052777,-1.4507122907662182,-250.29023622710687,-15.077138643131471,-23.47966120251237,-87.05867267304927,3.573632890038961,193.44910051493784,-1.4677800076550447,-237.86279579461424,-8.81039866871152,-15.933404947758362,-67.05164601376235,0.20566739990089333,6.0106748855899355,0.017067716888826467,-12.42744043249263,-6.266739974419952,-7.5462562547540095,-20.00702665928692
EC-Earth-Consortium,EC-Earth3-Veg-LR,r1i1p1f1,gr,historical,1911-12,1911,12,0.805920360168213,186.53578025477495,-0.36437807202986544,-234.5018756856192,-10.010365438673235,-19.30725596778485,-76.842174549164,0.8443239133056458,179.53984894273685,-0.40726912356645945,-223.33948846597266,-7.907125970966346,-14.520666974641335,-65.79037767910431,-0.03840355313743282,6.9959313120380955,0.042891051536594005,-11.162387219646547,-2.1032394677068886,-4.786588993143516,-11.05179687005969
EC-Earth-Consortium,EC-Earth3-Veg-LR,r1i1p1f1,gr,historical,1912-01,1912,1,1.839996201734632,191.158844188656,-0.893953662668823,-235.32622397826393,-7.139268210744449,-17.197685184971203,-67.55829064625777,1.9670428406081912,174.6451682692201,-1.1134382139788777,-217.91294889189962,-7.277542063475359,-14.28956539960937,-63.98128345913492,-0.12704663887355916,16.513675919435883,0.21948455131005462,-17.413275086364308,0.13827385273090975,-2.9081197853618335,-3.5770071871228524
EC-Earth-Consortium,EC-Earth3-Veg-LR,r1i1p1f1,gr,historical,1912-02,1912,2,12.360554909265812,174.3529753463918,-7.244819399671176,-225.10091051028462,-18.58078165115665,-23.176498714353343,-87.3894800198082,12.445773582853347,174.25857569933385,-8.050053493794298,-217.59834553205962,-6.931894885320205,-14.11158454395435,-59.98752917294128,-0.08521867358753532,0.09439964705794068,0.8052340941231222,-7.502564978224996,-11.648886765836444,-9.064914170398993,-27.401950846866924
EC-Earth-Consortium,EC-Earth3-Veg-LR,r1i1p1f1,gr,historical,1912-03,1912,3,59.215750819093635,191.71872543667388,-38.79328327419571,-238.20494718698907,-5.406745573470514,-14.686848436150749,-46.15734821503853,59.86295421939759,178.6380625638465,-42.42060087439643,-224.19115525659498,-5.777500516309919,-12.96961739527065,-46.8578572593279,-0.6472034003039511,13.08066287282739,3.627317600200719,-14.013791930394092,0.37075494283940547,-1.7172310408800993,0.7005090442893689
EC-Earth-Consortium,EC-Earth3-Veg-LR,r1i1p1f1,gr,historical,1912-04,1912,4,163.51288892261854,203.01439796985974,-111.87734353912639,-254.18642496167297,-3.968779294306551,-12.624384321728037,-16.12964522435567,165.54918549462982,193.94768773026806,-121.36911048471737,-244.71414659154436,-3.5592308420521506,-11.316720965746057,-21.462335659162093,-2.036296572011281,9.066710239591686,9.491766945590982,-9.472278370128606,-0.4095484522544006,-1.3076633559819797,5.332690434806423
EC-Earth-Consortium,EC-Earth3-Veg-LR,r1i1p1f1,gr,historical,1912-05,1912,5,272.3128600368959,225.86455155878951,-182.7689596786218,-280.72842927526546,-3.015786702397512,-12.542619949129039,19.121615990271636,275.6543792863859,224.5590747925627,-196.4506719906339,-277.14177299595417,-1.8042443237938772,-10.700238938634309,14.116525829932366,-3.341519249489977,1.3054767662268034,13.68171231201211,-3.586656279311285,-1.2115423786036348,-1.84238101049473,5.00509016033927
EC-Earth-Consortium,EC-Earth3-Veg-LR,r1i1p1f1,gr,historical,1912-06,1912,6,279.33232213303364,271.3179993835363,-159.5425667603309,-311.3032861630955,-0.06994386640582341,-12.634986706468892,67.09953802026872,296.31824615671405,264.6805788578032,-184.2618748228265,-305.99544242897827,-1.3256800948089977,-11.303420968742303,58.11240669916117,-16.98592402368041,6.637420525733091,24.7193080624956,-5.3078437341172275,1.2557362284031743,-1.3315657377265886,8.987131321107555
EC-Earth-Consortium,EC-Earth3-Veg-LR,r1i1p1f1,gr,historical,1912-07,1912,7,204.51970075878555,297.94156558433207,-75.02916201873089,-325.4815713117645,-0.615458526515952,-12.358540372813762,88.97653411329249,225.98526739919413,289.5888849412498,-106.74472434052524,-319.32788691162557,-0.19383547240358012,-10.584539231081097,78.72316638480842,-21.465566640408582,8.352680643082294,31.71556232179435,-6.153684400138957,-0.4216230541123719,-1.7740011417326649,10.253367728484065
EC-Earth-Consortium,EC-Earth3-Veg-LR,r1i1p1f1,gr,historical,1912-08,1912,8,129.4289193603945,292.968135717857,-36.09034786823568,-325.2165337601383,-2.234571597009538,-14.915650084420694,43.93995176844727,143.965143639584,285.514983779784,-56.61969220867284,-317.4160441353086,-0.736401837272086,-11.828037470306784,42.8799517678077,-14.536224279189497,7.453151938073006,20.529344340437156,-7.800489624829709,-1.4981697597374521,-3.08761261411391,1.060000000639576
EC-Earth-Consortium,EC-Earth3-Veg-LR,r1i1p1f1,gr,historical,1912-09,1912,9,64.66347558622317,266.0632806337664,-20.83681344856752,-307.5406141078552,-4.113741960878718,-17.213275002468784,-18.977688299780667,72.23187531070974,254.64399326285204,-29.49217390513061,-295.7570914889987,-3.0077420278618163,-14.867742559467041,-16.248881407896377,-7.568399724486568,11.419287370914361,8.655360456563091,-11.783522618856523,-1.1059999330169017,-2.3455324430017424,-2.7288068918842896
EC-Earth-Consortium,EC-Earth3-Veg-LR,r1i1p1f1,gr,historical,1912-10,1912,10,19.01275498838466,229.49839877504854,-5.892721029741425,-278.25312837307143,-13.945203778406436,-24.66949480675515,-74.24939422454125,21.17782998279387,219.68910623165684,-9.062038234793288,-263.59941570919926,-7.415014525185129,-17.082779513843093,-56.292311768570094,-2.16507499440921,9.809292543391706,3.169317205051863,-14.65371266387217,-6.530189253221306,-7.586715292912057,-17.957082455971154
EC-Earth-Consortium,EC-Earth3-Veg-LR,r1i1p1f1,gr,historical,1912-11,1912,11,3.144864752184224,207.72460206566484,-0.9219073661162588,-255.39169575238873,-18.280953967440155,-24.839162554509095,-88.5642528226052,3.573632890038961,193.44910051493784,-1.4677800076550447,-237.86279579461424,-8.81039866871152,-15.933404947758362,-67.05164601376235,-0.4287681378547372,14.275501550727,0.5458726415387859,-17.528899957774485,-9.470555298728636,-8.905757606750733,-21.512606808842847
EC-Earth-Consortium,EC-Earth3-Veg-LR,r1i1p1f1,gr,historical,1912-12,1912,12,0.7565421121946594,188.62521031358102,-0.2881801925045414,-237.90006229487813,-13.108076193469412,-22.271517852852057,-84.18608410792845,0.8443239133056458,179.53984894273685,-0.40726912356645945,-223.33948846597266,-7.907125970966346,-14.520666974641335,-65.79037767910431,-0.08778180111098643,9.085361370844169,0.11908893106191804,-14.560573828905461,-5.2009502225030655,-7.750850878210722,-18.39570642882414
EC-Earth-Consortium,EC-Earth3-Veg-LR,r1i1p1f1,gr,historical,1913-01,1913,1,1.889568395707143,186.63708033349408,-0.8611167688830547,-236.9238255270581,-15.23883393232455,-23.32701579240549,-87.82414329147,1.9670428406081912,174.6451682692201,-1.1134382139788777,-217.91294889189962,-7.277542063475359,-14.28956539960937,-63.98128345913492,-0.07747444490104827,11.991912064273976,0.252321445095823,-19.010876635158496,-7.961291868849191,-9.03745039279612,-23.842859832335073
EC-Earth-Consortium,EC-Earth3-Veg-LR,r1i1p1f1,gr,historical,1913-02,1913,2,11.71972448262911,182.730344076261,-6.647734247024339,-229.94210984586178,-12.24376231571518,-18.789713422645168,-73.17325127235637,12.445773582853347,174.25857569933385,-8.050053493794298,-217.59834553205962,-6.931894885320205,-14.11158454395435,-59.98752917294128,-0.7260491002242375,8.471768376927145,1.4023192467699594,-12.343764313802154,-5.311867430394975,-4.678128878690817,-13.185722099415088
EC-Earth-Consortium,EC-Earth3-Veg-LR,r1i1p1f1,gr,historical,1913-03,1913,3,56.41678269313795,179.90960643282935,-36.792587745592996,-230.28621390123968,-15.902596121600583,-20.64625124984042,-67.30125989230636,59.86295421939759,178.6380625638465,-42.42060087439643,-224.19115525659498,-5.777500516309919,-12.96961739527065,-46.8578572593279,-3.44617152625964,1.2715438689828602,5.628013128803431,-6.095058644644695,-10.125095605290664,-7.676633854569772,-20.44340263297846
EC-Earth-Consortium,EC-Earth3-Veg-LR,r1i1p1f1,gr,historical,1913-04,1913,4,158.75942882310727,198.87718157102321,-109.9796558845107,-251.23752071919552,-6.770316589117133,-14.110053663532295,-24.460936462225177,165.54918549462982,193.94768773026806,-121.36911048471737,-244.71414659154436,-3.5592308420521506,-11.316720965746057,-21.462335659162093,-6.789756671522554,4.929493840755157,11.389454600206662,-6.523374127651152,-3.2110857470649825,-2.793332697786237,-2.998600803063084
EC-Earth-Consortium,EC-Earth3-Veg-LR,r1i1p1f1,gr,historical,1913-05,1913,5,265.6910181212657,230.91691529082433,-178.0676942297198,-283.5782420832614,-1.7798086104769544,-11.59933402867147,21.5828544599604,275.6543792863859,224.5590747925627,-196.4506719906339,-277.14177299595417,-1.8042443237938772,-10.700238938634309,14.116525829932366,-9.963361165120205,6.3578404982616235,18.382977760914116,-6.436469087307216,0.024435713316922847,-0.8990950900371608,7.466328630028036
EC-Earth-Consortium,EC-Earth3-Veg-LR,r1i1p1f1,gr,historical,1913-06,1913,6,286.4789769050922,266.3300150580887,-163.27224910474357,-309.19601520304417,-0.6113851521382327,-13.355194110038386,66.3741483932166,296.31824615671405,264.6805788578032,-184.2618748228265,-305.99544242897827,-1.3256800948089977,-11.303420968742303,58.11240669916117,-9.839269251621829,1.6494362002854928,20.989625718082948,-3.200572774065904,0.714294942670765,-2.051773141296083,8.26174169405543
EC-Earth-Consortium,EC-Earth3-Veg-LR,r1i1p1f1,gr,historical,1913-07,1913,7,215.44767859691243,298.12223808284745,-80.14139616565626,-326.2939586694202,-0.5906215381334315,-10.670526249163995,95.87341405738601,225.98526739919413,289.5888849412498,-106.74472434052524,-319.32788691162557,-0.19383547240358012,-10.584539231081097,78.72316638480842,-10.537588802281704,8.533353141597672,26.603328174868977,-6.966071757794623,-0.3967860657298514,-0.0859870180828981,17.150247672577592
EC-Earth-Consortium,EC-Earth3-Veg-LR,r1i1p1f1,gr,historical,1913-08,1913,8,136.1087852989076,296.3644847886564,-39.98411575929482,-327.79233159312014,-1.551579145246252,-14.529597974887638,48.61564561501517,143.965143639584,285.514983779784,-56.61969220867284,-317.4160441353086,-0.736401837272086,-11.828037470306784,42.8799517678077,-7.856358340676394,10.84950100887238,16.635576449378014,-10.376287457811543,-0.815177307974166,-2.701560504580854,5.735693847207472
EC-Earth-Consortium,EC-Earth3-Veg-LR,r1i1p1f1,gr,historical,1913-09,1913,9,69.7541215417118,265.4875408052497,-22.79617432527443,-308.4468934682201,-4.555792916898662,-18.476419642693333,-19.033618006124996,72.23187531070974,254.64399326285204,-29.49217390513061,-295.7570914889987,-3.0077420278618163,-14.867742559467041,-16.248881407896377,-2.4777537689979425,10.843547542397658,6.695999579856181,-12.689801979221386,-1.5480508890368458,-3.6086770832262918,-2.784736598228619
EC-Earth-Consortium,EC-Earth3-Veg-LR,r1i1p1f1,gr,historical,1913-10,1913,10,21.950160350704394,228.35978984708768,-6.797100063451486,-280.838303444506,-12.586923337542997,-24.688683811238086,-74.60106045894648,21.17782998279387,219.68910623165684,-9.062038234793288,-263.59941570919926,-7.415014525185129,-17.082779513843093,-56.292311768570094,0.7723303679105236,8.670683615430846,2.264938171341802,-17.23888773530672,-5.171908812357867,-7.605904297394993,-18.308748690376383
EC-Earth-Consortium,EC-Earth3-Veg-LR,r1i1p1f1,gr,historical,1913-11,1913,11,3.3274078831649065,204.16211062950578,-0.9625144342902204,-253.88088152285223,-12.406773969854328,-19.69006418039916,-79.45071559472527,3.573632890038961,193.44910051493784,-1.4677800076550447,-237.86279579461424,-8.81039866871152,-15.933404947758362,-67.05164601376235,-0.24622500687405457,10.713010114567936,0.5052655733648242,-16.018085728237992,-3.5963753011428086,-3.7566592326407964,-12.399069580962916
EC-Earth-Consortium,EC-Earth3-Veg-LR,r1i1p1f1,gr,historical,1913-12,1913,12,0.7856554096275227,199.50641266473534,-0.27332343863879344,-245.6535915958938,-19.213726706749675,-25.566564143923202,-90.41513781084261,0.8443239133056458,179.53984894273685,-0.40726912356645945,-223.33948846597266,-7.907125970966346,-14.520666974641335,-65.79037767910431,-0.05866850367812315,19.966563721998483,0.133945684927666,-22.314103129921136,-11.306600735783329,-11.045897169281867,-24.6247601317383
EC-Earth-Consortium,EC-Earth3-Veg-LR,r1i1p1f1,gr,historical,1914-01,1914,1,1.8848812512791544,188.8660909340014,-0.9180273715320741,-233.30886288203055,-8.393314610101857,-15.260291892294461,-67.1295245706784,1.9670428406081912,174.6451682692201,-1.1134382139788777,-217.91294889189962,-7.277542063475359,-14.28956539960937,-63.98128345913492,-0.08216158932903683,14.220922664781284,0.1954108424468035,-15.395913990130936,-1.1157725466264985,-0.9707264926850918,-3.148241111543477
EC-Earth-Consortium,EC-Earth3-Veg-LR,r1i1p1f1,gr,historical,1914-02,1914,2,11.92103651687786,174.82071742456196,-7.209731874102217,-221.92519386195684,-12.836522295637119,-18.37329828228478,-73.60299237254114,12.445773582853347,174.25857569933385,-8.050053493794298,-217.59834553205962,-6.931894885320205,-14.11158454395435,-59.98752917294128,-0.5247370659754864,0.5621417252281162,0.8403216196920811,-4.326848329897217,-5.904627410316913,-4.261713738330428,-13.615463199599859
EC-Earth-Consortium,EC-Earth3-Veg-LR,r1i1p1f1,gr,historical,1914-03,1914,3,55.65598831178568,181.43215746669753,-37.660506866999775,-228.3676159348216,-12.240633851528077,-17.476317565244504,-58.65692844011075,59.86295421939759,178.6380625638465,-42.42060087439643,-224.19115525659498,-5.777500516309919,-12.96961739527065,-46.8578572593279,-4.2069659076119095,2.794094902851043,4.760094007396653,-4.1764606782266185,-6.463133335218158,-4.506700169973854,-11.799071180782846
EC-Earth-Consortium,EC-Earth3-Veg-LR,r1i1p1f1,gr,historical,1914-04,1914,4,159.34213801036546,196.79988788224222,-111.62381747205254,-249.31520922979416,-6.918450504264246,-15.560264607025324,-27.275715920528622,165.54918549462982,193.94768773026806,-121.36911048471737,-244.71414659154436,-3.5592308420521506,-11.316720965746057,-21.462335659162093,-6.207047484264365,2.8522001519741593,9.745293012664831,-4.6010626382498,-3.359219662212096,-4.243543641279267,-5.813380261366529
EC-Earth-Consortium,EC-Earth3-Veg-LR,r1i1p1f1,gr,historical,1914-05,1914,5,260.1399601102276,233.26147125174154,-177.56589706319022,-282.87980684000553,-2.2831029624458252,-11.575046270922279,19.097578225405265,275.6543792863859,224.5590747925627,-196.4506719906339,-277.14177299595417,-1.8042443237938772,-10.700238938634309,14.116525829932366,-15.514419176158299,8.702396459178829,18.884774927443686,-5.738033844051358,-0.478858638651948,-0.8748073322879701,4.981052395472899
EC-Earth-Consortium,EC-Earth3-Veg-LR,r1i1p1f1,gr,historical,1914-06,1914,6,287.6618606084202,268.89587386055854,-168.21538119695495,-309.17786792170523,-1.808231107789446,-11.57244364935824,65.78381059317093,296.31824615671405,264.6805788578032,-184.2618748228265,-305.99544242897827,-1.3256800948089977,-11.303420968742303,58.11240669916117,-8.656385548293827,4.21529500275534,16.046493625871562,-3.1824254927269635,-0.4825510129804482,-0.2690226806159366,7.671403894009757
EC-Earth-Consortium,EC-Earth3-Veg-LR,r1i1p1f1,gr,historical,1914-07,1914,7,221.8936501604381,291.30915776800157,-98.2008792398175,-322.0541556518473,-0.7646499408975738,-11.816299226404999,80.36682386947238,225.98526739919413,289.5888849412498,-106.74472434052524,-319.32788691162557,-0.19383547240358012,-10.584539231081097,78.72316638480842,-4.091617238756015,1.7202728267517955,8.543845100707742,-2.7262687402217125,-0.5708144684939936,-1.2317599953239018,1.6436574846639616
EC-Earth-Consortium,EC-Earth3-Veg-LR,r1i1p1f1,gr,historical,1914-08,1914,8,141.6337535440444,289.60090473833765,-49.88432472212328,-322.4854909647,-1.6415583340033901,-13.51077713396794,43.712507127587465,143.965143639584,285.514983779784,-56.61969220867284,-317.4160441353086,-0.736401837272086,-11.828037470306784,42.8799517678077,-2.3313900955396036,4.085920958553629,6.735367486549556,-5.0694468293913815,-0.9051564967313042,-1.682739663661156,0.8325553597797679
EC-Earth-Consortium,EC-Earth3-Veg-LR,r1i1p1f1,gr,historical,1914-09,1914,9,69.99223766639062,265.01716007318544,-24.9686527544903,-304.60393754875196,-4.016216302105455,-17.9019691916341,-16.481378057405735,72.23187531070974,254.64399326285204,-29.49217390513061,-295.7570914889987,-3.0077420278618163,-14.867742559467041,-16.248881407896377,-2.2396376443191173,10.373166810333402,4.52352115064031,-8.846846059753261,-1.008474274243639,-3.0342266321670603,-0.23249664950935767
EC-Earth-Consortium,EC-Earth3-Veg-LR,r1i1p1f1,gr,historical,1914-10,1914,10,20.923439408338425,228.39005704444094,-6.838090399383088,-275.66440548420604,-9.167590222466353,-21.201722921462476,-63.558312574738586,21.17782998279387,219.68910623165684,-9.062038234793288,-263.59941570919926,-7.415014525185129,-17.082779513843093,-56.292311768570094,-0.2543905744554458,8.7009508127841,2.2239478354102005,-12.06498977500678,-1.752575697281224,-4.118943407619383,-7.266000806168492
EC-Earth-Consortium,EC-Earth3-Veg-LR,r1i1p1f1,gr,historical,1914-11,1914,11,3.396293870052989,212.218552334582,-0.9772147116427022,-256.38375245322027,-11.80288662454362,-19.935175923078212,-73.48418350784982,3.573632890038961,193.44910051493784,-1.4677800076550447,-237.86279579461424,-8.81039866871152,-15.933404947758362,-67.05164601376235,-0.1773390199859719,18.76945181964416,0.49056529601234244,-18.520956658606025,-2.9924879558321003,-4.00177097531985,-6.4325374940874696
EC-Earth-Consortium,EC-Earth3-Veg-LR,r1i1p1f1,gr,historical,1914-12,1914,12,0.7932463901664818,201.87759561712383,-0.3437633898446047,-243.9375865074977,-9.780613186244553,-17.38260036039565,-68.77372143669223,0.8443239133056458,179.53984894273685,-0.40726912356645945,-223.33948846597266,-7.907125970966346,-14.520666974641335,-65.79037767910431,-0.05107752313916403,22.337746674386977,0.06350573372185475,-20.59809804152505,-1.8734872152782067,-2.8619333857543143,-2.9833437575879174
EC-Earth-Consortium,EC-Earth3-Veg-LR,r1i1p1f1,gr,historical,1915-01,1915,1,1.9415269722416786,176.18627131383218,-1.0716100948192524,-224.56482032236073,-19.239142606584306,-24.441757133967858,-91.18953187165828,1.9670428406081912,174.6451682692201,-1.1134382139788777,-217.91294889189962,-7.277542063475359,-14.28956539960937,-63.98128345913492,-0.02551586836651265,1.541103044612072,0.041828119159625254,-6.651871430461114,-11.961600543108947,-10.152191734358489,-27.208248412523353
EC-Earth-Consortium,EC-Earth3-Veg-LR,r1i1p1f1,gr,historical,1915-02,1915,2,11.85156819524149,184.11736007421817,-7.095496753952738,-230.58969931803756,-10.642487945025334,-18.388972243089196,-70.74772799064517,12.445773582853347,174.25857569933385,-8.050053493794298,-217.59834553205962,-6.931894885320205,-14.11158454395435,-59.98752917294128,-0.594205387611856,9.858784374884323,0.9545567398415598,-12.991353785977935,-3.710593059705128,-4.277387699134845,-10.760198817703895
EC-Earth-Consortium,EC-Earth3-Veg-LR,r1i1p1f1,gr,historical,1915-03,1915,3,58.39283648952089,183.7547283379412,-38.64729861583446,-233.75667652138915,-8.520048606690954,-16.6118495276062,-55.38830844405871,59.86295421939759,178.6380625638465,-42.42060087439643,-224.19115525659498,-5.777500516309919,-12.96961739527065,-46.8578572593279,-1.4701177298766979,5.116665774094713,3.7733022585619693,-9.565521264794171,-2.7425480903810353,-3.6422321323355504,-8.530451184730808
EC-Earth-Consortium,EC-Earth3-Veg-LR,r1i1p1f1,gr,historical,1915-04,1915,4,162.43424968679076,197.11223426763453,-113.59532000205857,-250.42556460416282,-5.867446384452848,-13.704453636148003,-24.04630067239694,165.54918549462982,193.94768773026806,-121.36911048471737,-244.71414659154436,-3.5592308420521506,-11.316720965746057,-21.462335659162093,-3.1149358078390605,3.1645465373664763,7.7737904826587965,-5.711418012618452,-2.308215542400698,-2.3877326704019453,-2.5839650132348453
EC-Earth-Consortium,EC-Earth3-Veg-LR,r1i1p1f1,gr,historical,1915-05,1915,5,269.66332600357265,228.08182062937095,-183.33114784096813,-281.2474812270457,-3.2989106837668642,-12.986467787452634,16.881139093710296,275.6543792863859,224.5590747925627,-196.4506719906339,-277.14177299595417,-1.8042443237938772,-10.700238938634309,14.116525829932366,-5.9910532828132546,3.522745836808241,13.119524149665779,-4.105708231091512,-1.494666359972987,-2.2862288488183253,2.76461326377793
EC-Earth-Consortium,EC-Earth3-Veg-LR,r1i1p1f1,gr,historical,1915-06,1915,6,289.1534464180251,269.15192415982625,-167.74691769071714,-311.11461964127045,-1.4747582448651553,-13.337843171224218,64.63123182977436,296.31824615671405,264.6805788578032,-184.2618748228265,-305.99544242897827,-1.3256800948089977,-11.303420968742303,58.11240669916117,-7.1647997386889415,4.471345302023053,16.514957132109373,-5.119177212292186,-0.14907815005615754,-2.034422202481915,6.518825130613195
EC-Earth-Consortium,EC-Earth3-Veg-LR,r1i1p1f1,gr,historical,1915-07,1915,7,218.91630913033708,292.43686475375546,-93.2517885116905,-322.17895021811063,0.5805013638920147,-11.211003820704398,85.29193269747901,225.98526739919413,289.5888849412498,-106.74472434052524,-319.32788691162557,-0.19383547240358012,-10.584539231081097,78.72316638480842,-7.068958268857045,2.8479798125056845,13.492935828834732,-2.8510633064850595,0.7743368362955948,-0.6264645896233016,6.56876631267059
EC-Earth-Consortium,EC-Earth3-Veg-LR,r1i1p1f1,gr,historical,1915-08,1915,8,142.04935008090143,290.2007551150735,-49.35079026898656,-322.174097867502,-0.9316653461639879,-13.626294396135789,46.16725731718662,143.965143639584,285.514983779784,-56.61969220867284,-317.4160441353086,-0.736401837272086,-11.828037470306784,42.8799517678077,-1.9157935586825658,4.685771335289473,7.26890193968628,-4.758053732193389,-0.19526350889190192,-1.7982569258290049,3.287305549378921
EC-Earth-Consortium,EC-Earth3-Veg-LR,r1i1p1f1,gr,historical,1915-09,1915,9,72.95441788466123,256.8198661728938,-28.289801939214286,-299.43822555810044,-3.846823935969989,-17.17440392419745,-18.974971299927144,72.23187531070974,254.64399326285204,-29.49217390513061,-295.7570914889987,-3.0077420278618163,-14.867742559467041,-16.248881407896377,0.7225425739514861,2.175872910041761,1.2023719659163241,-3.681134069101745,-0.8390819081081728,-2.3066613647304077,-2.7260898920307675
EC-Earth-Consortium,EC-Earth3-Veg-LR,r1i1p1f1,gr,historical,1915-10,1915,10,20.725181909460346,222.80253349701383,-8.257165211824661,-267.46885213147885,-11.230465003335578,-21.771037183741825,-65.19980412390676,21.17782998279387,219.68910623165684,-9.062038234793288,-263.59941570919926,-7.415014525185129,-17.082779513843093,-56.292311768570094,-0.4526480733335241,3.1134272653569894,0.8048730229686267,-3.869436422279591,-3.8154504781504484,-4.688257669898732,-8.907492355336665
EC-Earth-Consortium,EC-Earth3-Veg-LR,r1i1p1f1,gr,historical,1915-11,1915,11,3.5325039659742643,197.53634289086722,-1.2911272300473846,-244.92692524047106,-10.433484943794065,-19.40798077154123,-74.99067132901226,3.573632890038961,193.44910051493784,-1.4677800076550447,-237.86279579461424,-8.81039866871152,-15.933404947758362,-67.05164601376235,-0.041128924064696815,4.087242375929378,0.17665277760766007,-7.064129445856821,-1.6230862750825459,-3.4745758237828674,-7.939025315249907
EC-Earth-Consortium,EC-Earth3-Veg-LR,r1i1p1f1,gr,historical,1915-12,1915,12,0.7950334277209045,189.85407116666997,-0.32830812201712345,-234.57824060202597,-8.06049686326241,-16.28712544038491,-68.60506643329953,0.8443239133056458,179.53984894273685,-0.40726912356645945,-223.33948846597266,-7.907125970966346,-14.520666974641335,-65.79037767910431,-0.04929048558474136,10.314222223933115,0.078961001549336,-11.238752136053307,-0.1533708922960635,-1.7664584657435736,-2.814688754195217
EC-Earth-Consortium,EC-Earth3-Veg-LR,r1i1p1f1,gr,historical,1916-01,1916,1,1.9139466588348126,176.4485385590667,-1.0554290403267057,-221.18362654366848,-11.120074630565787,-18.34074059541479,-73.33738559207427,1.9670428406081912,174.6451682692201,-1.1134382139788777,-217.91294889189962,-7.277542063475359,-14.28956539960937,-63.98128345913492,-0.0530961817733786,1.8033702898465833,0.05800917365217195,-3.270677651768864,-3.8425325670904282,-4.0511751958054205,-9.356102132939348
EC-Earth-Consortium,EC-Earth3-Veg-LR,r1i1p1f1,gr,historical,1916-02,1916,2,12.522830753300669,181.56947656878572,-7.724733137081888,-225.29918855461517,-12.098054533196906,-17.959889754916365,-68.98955865772396,12.445773582853347,174.25857569933385,-8.050053493794298,-217.59834553205962,-6.931894885320205,-14.11158454395435,-59.98752917294128,0.07705717044732197,7.310900869451871,0.32532035671241033,-7.700843022555546,-5.166159647876701,-3.848305210962014,-9.002029484782682
EC-Earth-Consortium,EC-Earth3-Veg-LR,r1i1p1f1,gr,historical,1916-03,1916,3,61.47592952995948,177.02068281933686,-41.75955905788162,-223.3116481491723,-8.555083930821556,-14.17149880735656,-49.301177595935684,59.86295421939759,178.6380625638465,-42.42060087439643,-224.19115525659498,-5.777500516309919,-12.96961739527065,-46.8578572593279,1.6129753105618931,-1.617379744509634,0.6610418165148104,0.8795071074226826,-2.7775834145116374,-1.2018814120859105,-2.4433203366077834
EC-Earth-Consortium,EC-Earth3-Veg-LR,r1i1p1f1,gr,historical,1916-04,1916,4,166.66439260873008,195.36817130701263,-118.70757029142078,-247.99434622904243,-8.789782389338516,-15.833894749406731,-29.293029743465777,165.54918549462982,193.94768773026806,-121.36911048471737,-244.71414659154436,-3.5592308420521506,-11.316720965746057,-21.462335659162093,1.115207114100258,1.420483576744573,2.661540193296588,-3.2801996374980718,-5.230551547286366,-4.517173783660674,-7.830694084303683
EC-Earth-Consortium,EC-Earth3-Veg-LR,r1i1p1f1,gr,historical,1916-05,1916,5,272.37327070431644,231.87149218489117,-186.7397129616085,-283.93369220128665,-1.2505005446902109,-11.044653103557348,21.276204078064882,275.6543792863859,224.5590747925627,-196.4506719906339,-277.14177299595417,-1.8042443237938772,-10.700238938634309,14.116525829932366,-3.2811085820694643,7.312417392328456,9.710959029025418,-6.791919205332476,0.5537437791036663,-0.3444141649230392,7.159678248132517
EC-Earth-Consortium,EC-Earth3-Veg-LR,r1i1p1f1,gr,historical,1916-06,1916,6,285.1263515223679,272.7951175196095,-164.31856207518308,-312.01079570586677,-2.4703029832490406,-14.051138532313459,65.07066974536504,296.31824615671405,264.6805788578032,-184.2618748228265,-305.99544242897827,-1.3256800948089977,-11.303420968742303,58.11240669916117,-11.19189463434617,8.114538661806307,19.943312747643432,-6.015353276888504,-1.144622888440043,-2.7477175635711557,6.958263046203868
EC-Earth-Consortium,EC-Earth3-Veg-LR,r1i1p1f1,gr,historical,1916-07,1916,7,217.3978971446684,293.8213405539996,-90.688139311174,-322.9811092851607,-0.029581181198845768,-10.72952344119924,86.79088447993529,225.98526739919413,289.5888849412498,-106.74472434052524,-319.32788691162557,-0.19383547240358012,-10.584539231081097,78.72316638480842,-8.587370254525723,4.232455612749845,16.05658502935124,-3.6532223735351295,0.16425429120473437,-0.14498421011814244,8.067718095126864
EC-Earth-Consortium,EC-Earth3-Veg-LR,r1i1p1f1,gr,historical,1916-08,1916,8,142.40341766716185,287.5373990862995,-47.66762225744807,-321.6830209451367,-0.6311998326243144,-13.249789912371366,46.70918380588088,143.965143639584,285.514983779784,-56.61969220867284,-317.4160441353086,-0.736401837272086,-11.828037470306784,42.8799517678077,-1.5617259724221526,2.0224153065154837,8.952069951224765,-4.266976809828122,0.10520200464777152,-1.421752442064582,3.8292320380731866
EC-Earth-Consortium,EC-Earth3-Veg-LR,r1i1p1f1,gr,historical,1916-09,1916,9,72.96738557962321,252.35458875368107,-26.783758686873323,-298.39153345500284,-4.870705160835532,-17.658593080103586,-22.382616049511004,72.23187531070974,254.64399326285204,-29.49217390513061,-295.7570914889987,-3.0077420278618163,-14.867742559467041,-16.248881407896377,0.7355102689134725,-2.2894045091709643,2.7084152182572865,-2.6344419660041467,-1.8629631329737153,-2.7908505206365444,-6.133734641614627
EC-Earth-Consortium,EC-Earth3-Veg-LR,r1i1p1f1,gr,historical,1916-10,1916,10,20.47177151321346,223.81098887483355,-7.660467610179687,-269.9630642520072,-7.014705271627176,-17.806151701498614,-58.16162844726566,21.17782998279387,219.68910623165684,-9.062038234793288,-263.59941570919926,-7.415014525185129,-17.082779513843093,-56.292311768570094,-0.7060584695804089,4.121882643176718,1.4015706246136013,-6.363648542807937,0.4003092535579533,-0.7233721876555208,-1.8693166786955686
EC-Earth-Consortium,EC-Earth3-Veg-LR,r1i1p1f1,gr,historical,1916-11,1916,11,3.206090936277552,198.13071228929363,-0.9546364980097402,-245.27899942979172,-11.199663092890367,-21.264343575763412,-77.36083937088407,3.573632890038961,193.44910051493784,-1.4677800076550447,-237.86279579461424,-8.81039866871152,-15.933404947758362,-67.05164601376235,-0.3675419537614091,4.681611774355787,0.5131435096453045,-7.416203635177482,-2.3892644241788474,-5.33093862800505,-10.309193357121714
EC-Earth-Consortium,EC-Earth3-Veg-LR,r1i1p1f1,gr,historical,1916-12,1916,12,0.7856223570659744,184.4033950823872,-0.34104374082187167,-230.855279422484,-14.621752254747769,-21.457159726843244,-82.08621770544372,0.8443239133056458,179.53984894273685,-0.40726912356645945,-223.33948846597266,-7.907125970966346,-14.520666974641335,-65.79037767910431,-0.05870155623967144,4.863546139650339,0.06622538274458778,-7.515790956511324,-6.714626283781422,-6.936492752201909,-16.295840026339405
EC-Earth-Consortium,EC-Earth3-Veg-LR,r1i1p1f1,gr,historical,1917-01,1917,1,1.8893295928440905,186.38258202860345,-1.043884150602956,-230.95251081991043,-6.895423530086821,-16.512934000132297,-67.13284087928497,1.9670428406081912,174.6451682692201,-1.1134382139788777,-217.91294889189962,-7.277542063475359,-14.28956539960937,-63.98128345913492,-0.07771324776410071,11.737413759383344,0.06955406337592174,-13.039561928010812,0.38211853338853796,-2.223368600522928,-3.1515574201500485
EC-Earth-Consortium,EC-Earth3-Veg-LR,r1i1p1f1,gr,historical,1917-02,1917,2,12.350194370217066,183.015153412243,-7.507686556783088,-226.44128259766995,-4.804094341171149,-14.128149952203472,-57.51586566536761,12.445773582853347,174.25857569933385,-8.050053493794298,-217.59834553205962,-6.931894885320205,-14.11158454395435,-59.98752917294128,-0.09557921263628089,8.756577712909149,0.5423669370112103,-8.842937065610329,2.127800544149056,-0.01656540824912156,2.471663507573666
EC-Earth-Consortium,EC-Earth3-Veg-LR,r1i1p1f1,gr,historical,1917-03,1917,3,59.13335770614787,178.6285751917753,-40.15345875765724,-226.77456533409577,-6.939584368802552,-14.77833704557,-50.884012608202376,59.86295421939759,178.6380625638465,-42.42060087439643,-224.19115525659498,-5.777500516309919,-12.96961739527065,-46.8578572593279,-0.7295965132497173,-0.009487372071191658,2.267142116739187,-2.583410077500787,-1.162083852492633,-1.8087196502993503,-4.026155348874475
EC-Earth-Consortium,EC-Earth3-Veg-LR,r1i1p1f1,gr,historical,1917-04,1917,4,162.18359715662203,200.32256901121235,-115.67008957564265,-250.9649281006006,-4.382753101097483,-13.067295555163874,-21.578900164670173,165.54918549462982,193.94768773026806,-121.36911048471737,-244.71414659154436,-3.5592308420521506,-11.316720965746057,-21.462335659162093,-3.3655883380077967,6.374881280944294,5.699020909074719,-6.250781509056225,-0.8235222590453328,-1.7505745894178162,-0.11656450550808017
EC-Earth-Consortium,EC-Earth3-Veg-LR,r1i1p1f1,gr,historical,1917-05,1917,5,268.0160513569374,229.05944068258,-186.33760792232158,-280.4604712357231,-2.1734046220697953,-10.62599159485416,17.47801666454873,275.6543792863859,224.5590747925627,-196.4506719906339,-277.14177299595417,-1.8042443237938772,-10.700238938634309,14.116525829932366,-7.638327929448508,4.500365890017292,10.113064068312326,-3.318698239768935,-0.3691602982759181,0.07424734378014897,3.3614908346163634
EC-Earth-Consortium,EC-Earth3-Veg-LR,r1i1p1f1,gr,historical,1917-06,1917,6,283.2902686417037,273.54287743493376,-166.79572086988313,-311.59669313842045,-1.835737077150753,-13.185002835966488,63.41999215521659,296.31824615671405,264.6805788578032,-184.2618748228265,-305.99544242897827,-1.3256800948089977,-11.303420968742303,58.11240669916117,-13.027977515010377,8.86229857713056,17.466153952943387,-5.6012507094421835,-0.5100569823417553,-1.8815818672241846,5.3075854560554205
EC-Earth-Consortium,EC-Earth3-Veg-LR,r1i1p1f1,gr,historical,1917-07,1917,7,219.161559260692,295.1184829204343,-87.04839567226651,-324.0465589468142,-1.021832391283568,-11.145983819578651,91.01727135118341,225.98526739919413,289.5888849412498,-106.74472434052524,-319.32788691162557,-0.19383547240358012,-10.584539231081097,78.72316638480842,-6.823708138502127,5.52959797918453,19.69632866825873,-4.718672035188604,-0.8279969188799879,-0.5614445884975545,12.294104966374988
EC-Earth-Consortium,EC-Earth3-Veg-LR,r1i1p1f1,gr,historical,1917-08,1917,8,142.9438263733903,290.6544012690556,-48.33383145534151,-323.6650551636625,-1.8444362033624715,-14.556314436713551,45.19859038336585,143.965143639584,285.514983779784,-56.61969220867284,-317.4160441353086,-0.736401837272086,-11.828037470306784,42.8799517678077,-1.021317266193705,5.13941748927158,8.285860753331328,-6.249011028353891,-1.1080343660903855,-2.728276966406767,2.31863861555815
EC-Earth-Consortium,EC-Earth3-Veg-LR,r1i1p1f1,gr,historical,1917-09,1917,9,69.94579394432745,266.84667387757116,-23.636691715855953,-307.1131658633612,-2.450813945732335,-13.932465210422864,-10.34066891347368,72.23187531070974,254.64399326285204,-29.49217390513061,-295.7570914889987,-3.0077420278618163,-14.867742559467041,-16.248881407896377,-2.286081366382291,12.202680614719128,5.855482189274657,-11.356074374362493,0.5569280821294815,0.9352773490441777,5.908212494422697
EC-Earth-Consortium,EC-Earth3-Veg-LR,r1i1p1f1,gr,historical,1917-10,1917,10,20.862085127701363,225.7705423473729,-6.941837514063241,-273.7669171151689,-11.9390928065779,-22.340356746951993,-68.35557670768779,21.17782998279387,219.68910623165684,-9.062038234793288,-263.59941570919926,-7.415014525185129,-17.082779513843093,-56.292311768570094,-0.3157448550925075,6.081436115716059,2.120200720730047,-10.167501405969631,-4.524078281392771,-5.257577233108901,-12.063264939117694
EC-Earth-Consortium,EC-Earth3-Veg-LR,r1i1p1f1,gr,historical,1917-11,1917,11,3.494668504536169,208.77328745839472,-1.1884357997751027,-254.56863767902445,-10.62856577489767,-19.669763824865804,-73.78744711563212,3.573632890038961,193.44910051493784,-1.4677800076550447,-237.86279579461424,-8.81039866871152,-15.933404947758362,-67.05164601376235,-0.07896438550279195,15.32418694345688,0.27934420787994196,-16.705841884410205,-1.8181671061861504,-3.736358877107442,-6.735801101869768
EC-Earth-Consortium,EC-Earth3-Veg-LR,r1i1p1f1,gr,historical,1917-12,1917,12,0.7794900160565593,192.74573401107585,-0.33434778974854396,-239.02748476520054,-11.090163011525531,-20.111338992534915,-77.0381105318771,0.8443239133056458,179.53984894273685,-0.40726912356645945,-223.33948846597266,-7.907125970966346,-14.520666974641335,-65.79037767910431,-0.0648338972490865,13.205885068339,0.07292133381791549,-15.687996299227876,-3.183037040559185,-5.59067201789358,-11.247732852772785
EC-Earth-Consortium,EC-Earth3-Veg-LR,r1i1p1f1,gr,historical,1918-01,1918,1,1.947811427619972,184.11998000384386,-0.9808305071011114,-232.0521055325779,-9.594740100375969,-18.560730523850868,-75.12061523244202,1.9670428406081912,174.6451682692201,-1.1134382139788777,-217.91294889189962,-7.277542063475359,-14.28956539960937,-63.98128345913492,-0.019231412988219176,9.474811734623756,0.13260770687776624,-14.139156640678294,-2.31719803690061,-4.271165124241499,-11.139331773307099
EC-Earth-Consortium,EC-Earth3-Veg-LR,r1i1p1f1,gr,historical,1918-02,1918,2,12.04546741267889,177.36604608001053,-7.318051343653405,-224.4104018972201,-13.82754816498969,-20.64459979080061,-76.78908770397437,12.445773582853347,174.25857569933385,-8.050053493794298,-217.59834553205962,-6.931894885320205,-14.11158454395435,-59.98752917294128,-0.40030617017445635,3.1074703806766877,0.7320021501408931,-6.812056365160487,-6.895653279669484,-6.533015246846258,-16.801558531033095
EC-Earth-Consortium,EC-Earth3-Veg-LR,r1i1p1f1,gr,historical,1918-03,1918,3,57.19094007724204,185.56626770942398,-38.83072308485284,-231.5598543215526,-6.405408456330205,-14.421826662355897,-48.46060473842553,59.86295421939759,178.6380625638465,-42.42060087439643,-224.19115525659498,-5.777500516309919,-12.96961739527065,-46.8578572593279,-2.672014142155547,6.928205145577493,3.5898777895435856,-7.36869906495761,-0.627907940020286,-1.452209267085248,-1.60274747909763
EC-Earth-Consortium,EC-Earth3-Veg-LR,r1i1p1f1,gr,historical,1918-04,1918,4,157.4980423801852,204.90143610443994,-110.58608098912791,-255.08486961457882,-6.106795518602165,-15.097984436044042,-24.476252073727785,165.54918549462982,193.94768773026806,-121.36911048471737,-244.71414659154436,-3.5592308420521506,-11.316720965746057,-21.462335659162093,-8.051143114444614,10.95374837417188,10.78302949558946,-10.370723023034458,-2.547564676550014,-3.7812634702979846,-3.013916414565692
EC-Earth-Consortium,EC-Earth3-Veg-LR,r1i1p1f1,gr,historical,1918-05,1918,5,269.3158036224884,228.4374096569852,-183.46850921423624,-281.6968428662315,-2.979773362455432,-12.255319738901324,17.352768097649072,275.6543792863859,224.5590747925627,-196.4506719906339,-277.14177299595417,-1.8042443237938772,-10.700238938634309,14.116525829932366,-6.3385756638975295,3.8783348644224986,12.982162776397672,-4.55506987027735,-1.175529038661555,-1.5550808002670156,3.2362422677167064
EC-Earth-Consortium,EC-Earth3-Veg-LR,r1i1p1f1,gr,historical,1918-06,1918,6,284.6112745672426,272.3432456125557,-164.4242396508625,-311.7020388786539,-1.3542420374564739,-12.340894904596889,67.13310470822846,296.31824615671405,264.6805788578032,-184.2618748228265,-305.99544242897827,-1.3256800948089977,-11.303420968742303,58.11240669916117,-11.706971589471436,7.662666754752479,19.837635171964024,-5.706596449675658,-0.028561942647476135,-1.0374739358545852,9.020698009067289
EC-Earth-Consortium,EC-Earth3-Veg-LR,r1i1p1f1,gr,historical,1918-07,1918,7,219.67185181891918,295.1701847562773,-88.1237842887846,-324.46705037700315,-0.3957759010444929,-11.703655954947475,90.15177005341683,225.98526739919413,289.5888849412498,-106.74472434052524,-319.32788691162557,-0.19383547240358012,-10.584539231081097,78.72316638480842,-6.313415580274949,5.581299815027535,18.620940051740632,-5.139163465377578,-0.20194042864091277,-1.1191167238663784,11.428603668608403
EC-Earth-Consortium,EC-Earth3-Veg-LR,r1i1p1f1,gr,historical,1918-08,1918,8,143.47868669599373,289.9265669403783,-45.62698207431346,-324.4603390739733,-2.368355331639983,-15.643812859499965,45.30576429694531,143.965143639584,285.514983779784,-56.61969220867284,-317.4160441353086,-0.736401837272086,-11.828037470306784,42.8799517678077,-0.4864569435902695,4.411583160594262,10.992710134359378,-7.044294938664677,-1.6319534943678968,-3.815775389193181,2.425812529137616
EC-Earth-Consortium,EC-Earth3-Veg-LR,r1i1p1f1,gr,historical,1918-09,1918,9,69.57257806004613,265.58193125538634,-24.03939313919465,-305.7995838254085,-3.16160630397748,-16.92511729546435,-14.77119124861253,72.23187531070974,254.64399326285204,-29.49217390513061,-295.7570914889987,-3.0077420278618163,-14.867742559467041,-16.248881407896377,-2.659297250663613,10.937937992534302,5.452780765935959,-10.042492336409794,-0.15386427611566367,-2.0573747359973087,1.4776901592838474
EC-Earth-Consortium,EC-Earth3-Veg-LR,r1i1p1f1,gr,historical,1918-10,1918,10,20.182515058156802,230.8691192070542,-7.201476714818403,-274.77909307208637,-7.877125167817692,-18.63229656355734,-57.43835725306878,21.17782998279387,219.68910623165684,-9.062038234793288,-263.59941570919926,-7.415014525185129,-17.082779513843093,-56.292311768570094,-0.9953149246370678,11.180012975397375,1.860561519974885,-11.179677362887105,-0.4621106426325623,-1.5495170497142468,-1.1460454844986856
EC-Earth-Consortium,EC-Earth3-Veg-LR,r1i1p1f1,gr,historical,1918-11,1918,11,3.4939934472916794,203.4472602646864,-1.026925216092244,-251.2469515522379,-11.76079410459722,-21.91574991266018,-79.00916707360948,3.573632890038961,193.44910051493784,-1.4677800076550447,-237.86279579461424,-8.81039866871152,-15.933404947758362,-67.05164601376235,-0.07963944274728174,9.998159749748567,0.4408547915628007,-13.38415575762366,-2.950395435885701,-5.9823449649018166,-11.957521059847124
EC-Earth-Consortium,EC-Earth3-Veg-LR,r1i1p1f1,gr,historical,1918-12,1918,12,0.7648379760299806,193.08164044660126,-0.3454647884596596,-235.4135716546697,-8.725162035009355,-15.583064997998175,-66.22078505350565,0.8443239133056458,179.53984894273685,-0.40726912356645945,-223.33948846597266,-7.907125970966346,-14.520666974641335,-65.79037767910431,-0.07948593727566522,13.541791503864403,0.061804335106799835,-12.074083188697045,-0.8180360640430084,-1.06239802335684,-0.4304073744013408
EC-Earth-Consortium,EC-Earth3-Veg-LR,r1i1p1f1,gr,historical,1919-01,1919,1,1.9045006546645313,177.1274721899693,-1.0537700100827496,-221.80924112246856,-14.584752787098804,-19.21439329317017,-77.63018436818646,1.9670428406081912,174.6451682692201,-1.1134382139788777,-217.91294889189962,-7.277542063475359,-14.28956539960937,-63.98128345913492,-0.0625421859436599,2.482303920749189,0.059668203896128036,-3.896292230568946,-7.307210723623445,-4.924827893560799,-13.648900909051541
EC-Earth-Consortium,EC-Earth3-Veg-LR,r1i1p1f1,gr,historical,1919-02,1919,2,12.565570009949562,177.95265500655066,-7.610740333601783,-225.52247728252587,-11.66860706817109,-19.357236457997676,-73.64083612579621,12.445773582853347,174.25857569933385,-8.050053493794298,-217.59834553205962,-6.931894885320205,-14.11158454395435,-59.98752917294128,0.1197964270962153,3.6940793072168105,0.43931316019251465,-7.924131750466245,-4.7367121828508845,-5.245651914043325,-13.653306952854933
EC-Earth-Consortium,EC-Earth3-Veg-LR,r1i1p1f1,gr,historical,1919-03,1919,3,56.28777687410954,188.9805433687279,-38.124775756255055,-234.1364807416717,-8.552241930601623,-16.621758953390763,-52.16693713908171,59.86295421939759,178.6380625638465,-42.42060087439643,-224.19115525659498,-5.777500516309919,-12.96961739527065,-46.8578572593279,-3.575177345288047,10.342480804881404,4.295825118141373,-9.945325485076722,-2.7747414142917037,-3.652141558120114,-5.30907987975381
EC-Earth-Consortium,EC-Earth3-Veg-LR,r1i1p1f1,gr,historical,1919-04,1919,4,158.20889910301676,202.5596919420791,-112.76864999470439,-254.89833676371663,-5.309276184443168,-15.885831141165768,-28.093503038934124,165.54918549462982,193.94768773026806,-121.36911048471737,-244.71414659154436,-3.5592308420521506,-11.316720965746057,-21.462335659162093,-7.340286391613063,8.61200421181104,8.600460490012978,-10.184190172172265,-1.7500453423910174,-4.569110175419711,-6.63116737977203
EC-Earth-Consortium,EC-Earth3-Veg-LR,r1i1p1f1,gr,historical,1919-05,1919,5,263.233859689119,235.8224299821521,-178.65595885313408,-284.41417990355956,-0.9279022865816565,-9.720648656626942,25.33759997136888,275.6543792863859,224.5590747925627,-196.4506719906339,-277.14177299595417,-1.8042443237938772,-10.700238938634309,14.116525829932366,-12.420519597266889,11.26335518958939,17.794713137499826,-7.2724069076053866,0.8763420372122207,0.9795902820073668,11.221074141436516
EC-Earth-Consortium,EC-Earth3-Veg-LR,r1i1p1f1,gr,historical,1919-06,1919,6,279.1170234933661,274.79263032684975,-158.9759795537854,-312.9598311942377,-1.609428027288643,-12.391863303581127,67.972551741323,296.31824615671405,264.6805788578032,-184.2618748228265,-305.99544242897827,-1.3256800948089977,-11.303420968742303,58.11240669916117,-17.20122266334795,10.112051469046548,25.285895269041106,-6.964388765259457,-0.28374793247964525,-1.088442334838824,9.860145042161832
EC-Earth-Consortium,EC-Earth3-Veg-LR,r1i1p1f1,gr,historical,1919-07,1919,7,213.26600572497858,297.93657902890493,-82.24442581015062,-326.1301815315619,-0.8142212915462563,-11.7439725562901,90.26978356433462,225.98526739919413,289.5888849412498,-106.74472434052524,-319.32788691162557,-0.19383547240358012,-10.584539231081097,78.72316638480842,-12.719261674215545,8.347694087655157,24.50029853037462,-6.802294619936333,-0.6203858191426762,-1.1594333252090028,11.546617179526194
EC-Earth-Consortium,EC-Earth3-Veg-LR,r1i1p1f1,gr,historical,1919-08,1919,8,133.39104142427846,296.2891464854391,-40.173556429264174,-326.07564976574713,-2.133933002891856,-14.51185193480705,46.78519677700736,143.965143639584,285.514983779784,-56.61969220867284,-317.4160441353086,-0.736401837272086,-11.828037470306784,42.8799517678077,-10.574102215305544,10.774162705655101,16.446135779408664,-8.659605630438534,-1.39753116561977,-2.6838144645002657,3.9052450091996604
EC-Earth-Consortium,EC-Earth3-Veg-LR,r1i1p1f1,gr,historical,1919-09,1919,9,69.32240948805527,271.94161881333963,-21.100722169380173,-311.8534104013169,-3.909055649802556,-17.799820538645662,-13.398980457750415,72.23187531070974,254.64399326285204,-29.49217390513061,-295.7570914889987,-3.0077420278618163,-14.867742559467041,-16.248881407896377,-2.909465822654468,17.297625550487595,8.391451735750437,-16.096318912318225,-0.9013136219407398,-2.9320779791786205,2.849900950145962
EC-Earth-Consortium,EC-Earth3-Veg-LR,r1i1p1f1,gr,historical,1919-10,1919,10,20.31148979404591,234.01439143474218,-6.724782357866373,-278.25538634221573,-7.773127751106743,-18.5353779927173,-56.96279321511804,21.17782998279387,219.68910623165684,-9.062038234793288,-263.59941570919926,-7.415014525185129,-17.082779513843093,-56.292311768570094,-0.8663401887479587,14.325285203085343,2.337255876926915,-14.655970633016466,-0.3581132259216133,-1.452598478874208,-0.6704814465479458
EC-Earth-Consortium,EC-Earth3-Veg-LR,r1i1p1f1,gr,historical,1919-11,1919,11,3.4230444015973887,203.02125776241022,-0.974885619721369,-248.97601993462092,-12.712777407402825,-19.028942330576637,-75.24832312831414,3.573632890038961,193.44910051493784,-1.4677800076550447,-237.86279579461424,-8.81039866871152,-15.933404947758362,-67.05164601376235,-0.15058848844157247,9.572157247472376,0.4928943879336757,-11.113224140006679,-3.902378738691306,-3.095537382818275,-8.19667711455179
EC-Earth-Consortium,EC-Earth3-Veg-LR,r1i1p1f1,gr,historical,1919-12,1919,12,0.8161087952064594,181.45621659009836,-0.32941650402742106,-230.26064586940458,-10.120808588317743,-17.217901884321616,-75.65644746076656,0.8443239133056458,179.53984894273685,-0.40726912356645945,-223.33948846597266,-7.907125970966346,-14.520666974641335,-65.79037767910431,-0.02821511809918642,1.9163676473615112,0.07785261953903838,-6.92115740343192,-2.213682617351397,-2.6972349096802812,-9.866069781662247
EC-Earth-Consortium,EC-Earth3-Veg-LR,r1i1p1f1,gr,historical,1920-01,1920,1,1.9919079009199359,184.02976662632437,-1.0079060342680224,-229.36787045793184,-9.026128285812042,-17.5659645698234,-70.946194820591,1.9670428406081912,174.6451682692201,-1.1134382139788777,-217.91294889189962,-7.277542063475359,-14.28956539960937,-63.98128345913492,0.024865060311744624,9.384598357104267,0.10553217971085527,-11.454921566032226,-1.7485862223366837,-3.276399170214031,-6.964911361456082
EC-Earth-Consortium,EC-Earth3-Veg-LR,r1i1p1f1,gr,historical,1920-02,1920,2,12.572888996106917,180.48418856654956,-7.691058521287174,-226.1331616954952,-11.745681142403471,-18.723059458433557,-71.23588325496293,12.445773582853347,174.25857569933385,-8.050053493794298,-217.59834553205962,-6.931894885320205,-14.11158454395435,-59.98752917294128,0.1271154132535699,6.225612867215716,0.35899497250712376,-8.534816163435579,-4.813786257083266,-4.611474914479206,-11.248354082021649
EC-Earth-Consortium,EC-Earth3-Veg-LR,r1i1p1f1,gr,historical,1920-03,1920,3,59.189927597609284,183.58985393066564,-40.92264976818241,-229.80871500035968,-6.358286841789002,-15.172061095371188,-49.48193117742737,59.86295421939759,178.6380625638465,-42.42060087439643,-224.19115525659498,-5.777500516309919,-12.96961739527065,-46.8578572593279,-0.6730266217883027,4.951791366819151,1.4979511062140176,-5.617559743764701,-0.5807863254790826,-2.202443700100538,-2.6240739180994694
EC-Earth-Consortium,EC-Earth3-Veg-LR,r1i1p1f1,gr,historical,1920-04,1920,4,161.33376851247772,209.93399956952217,-114.14365053396135,-257.01229272423114,-0.9966067574847189,-10.049925198166378,-10.934707131843743,165.54918549462982,193.94768773026806,-121.36911048471737,-244.71414659154436,-3.5592308420521506,-11.316720965746057,-21.462335659162093,-4.215416982152107,15.986311839254114,7.225459950756019,-12.298146132686782,2.5626240845674317,1.26679576757968,10.52762852731835
EC-Earth-Consortium,EC-Earth3-Veg-LR,r1i1p1f1,gr,historical,1920-05,1920,5,266.0312899389456,234.61721952052267,-179.54828446747607,-285.57991640470107,-0.6453207241557546,-11.220597809077594,23.654390054057735,275.6543792863859,224.5590747925627,-196.4506719906339,-277.14177299595417,-1.8042443237938772,-10.700238938634309,14.116525829932366,-9.623089347440327,10.058144727959956,16.90238752315784,-8.438143408746896,1.1589235996381226,-0.5203588704432853,9.53786422412537
EC-Earth-Consortium,EC-Earth3-Veg-LR,r1i1p1f1,gr,historical,1920-06,1920,6,283.60655515691826,273.7396745968527,-161.77848493260632,-312.7298800014355,-2.1552532283125734,-13.770429077801094,66.91218251361552,296.31824615671405,264.6805788578032,-184.2618748228265,-305.99544242897827,-1.3256800948089977,-11.303420968742303,58.11240669916117,-12.711690999795792,9.059095739049496,22.483389890220195,-6.734437572457239,-0.8295731335035756,-2.4670081090587903,8.79977581445435
EC-Earth-Consortium,EC-Earth3-Veg-LR,r1i1p1f1,gr,historical,1920-07,1920,7,212.1383279389946,296.173095886122,-82.03138988388496,-324.7510386561232,-0.2817756736931271,-11.824319080506637,89.42290053090858,225.98526739919413,289.5888849412498,-106.74472434052524,-319.32788691162557,-0.19383547240358012,-10.584539231081097,78.72316638480842,-13.846939460199536,6.584210944872211,24.713334456640283,-5.423151744497659,-0.087940201289547,-1.23977984942554,10.699734146100155
EC-Earth-Consortium,EC-Earth3-Veg-LR,r1i1p1f1,gr,historical,1920-08,1920,8,136.5750991165455,290.41784496661415,-41.56758914327707,-323.8362330871829,-2.420133372802764,-15.304426653139569,43.864561826757296,143.965143639584,285.514983779784,-56.61969220867284,-317.4160441353086,-0.736401837272086,-11.828037470306784,42.8799517678077,-7.390044523038512,4.902861186830137,15.05210306539577,-6.420188951874309,-1.6837315355306781,-3.4763891828327846,0.984610058949599
EC-Earth-Consortium,EC-Earth3-Veg-LR,r1i1p1f1,gr,historical,1920-09,1920,9,68.00661519256181,263.1110982829634,-21.552774088488317,-305.9323169672153,-5.003870170415268,-18.542098952368654,-19.913346702962336,72.23187531070974,254.64399326285204,-29.49217390513061,-295.7570914889987,-3.0077420278618163,-14.867742559467041,-16.248881407896377,-4.225260118147929,8.467105020111347,7.939399816642293,-10.17522547821659,-1.9961281425534514,-3.674356392901613,-3.664465295065959
EC-Earth-Consortium,EC-Earth3-Veg-LR,r1i1p1f1,gr,historical,1920-10,1920,10,20.080629844193346,227.63231684708913,-6.498284293085096,-276.94064277256325,-8.757936766520572,-21.269403616063226,-65.75332075694969,21.17782998279387,219.68910623165684,-9.062038234793288,-263.59941570919926,-7.415014525185129,-17.082779513843093,-56.292311768570094,-1.097200138600524,7.943210615432292,2.5637539417081925,-13.341227063363988,-1.342922241335443,-4.186624102220133,-9.461008988379596
EC-Earth-Consortium,EC-Earth3-Veg-LR,r1i1p1f1,gr,historical,1920-11,1920,11,3.193982480845765,202.76295267584422,-1.0548715429578037,-249.7554009171715,-8.76516666591361,-17.589466880458488,-71.20797084981143,3.573632890038961,193.44910051493784,-1.4677800076550447,-237.86279579461424,-8.81039866871152,-15.933404947758362,-67.05164601376235,-0.37965040919319604,9.313852160906379,0.41290846469724096,-11.892605122557256,0.04523200279790984,-1.6560619327001262,-4.15632483604908
EC-Earth-Consortium,EC-Earth3-Veg-LR,r1i1p1f1,gr,historical,1920-12,1920,12,0.7650521130790748,193.83559473371932,-0.31743829883827895,-239.7408304148048,-8.655097539108663,-17.677109308553998,-71.78982871450737,0.8443239133056458,179.53984894273685,-0.40726912356645945,-223.33948846597266,-7.907125970966346,-14.520666974641335,-65.79037767910431,-0.07927180022657099,14.295745790982465,0.08983082472818049,-16.40134194883214,-0.7479715681423169,-3.156442333912663,-5.999451035403055
EC-Earth-Consortium,EC-Earth3-Veg-LR,r1i1p1f1,gr,historical,1921-01,1921,1,1.8441332724538195,180.08777523026617,-0.8836400285716385,-227.92975806072522,-13.544132994075861,-20.27238389750629,-80.69800647815902,1.9670428406081912,174.6451682692201,-1.1134382139788777,-217.91294889189962,-7.277542063475359,-14.28956539960937,-63.98128345913492,-0.1229095681543717,5.442606961046067,0.22979818540723917,-10.016809168825603,-6.266590930600502,-5.982818497896922,-16.716723019024094
EC-Earth-Consortium,EC-Earth3-Veg-LR,r1i1p1f1,gr,historical,1921-02,1921,2,12.148716283430156,173.80829590471635,-6.8979637857259934,-223.6252199280003,-10.348293868554517,-18.45600071704119,-73.3704661111755,12.445773582853347,174.25857569933385,-8.050053493794298,-217.59834553205962,-6.931894885320205,-14.11158454395435,-59.98752917294128,-0.2970572994231908,-0.4502797946175008,1.1520897080683046,-6.026874395940666,-3.416398983234312,-4.344416173086838,-13.382936938234224
EC-Earth-Consortium,EC-Earth3-Veg-LR,r1i1p1f1,gr,historical,1921-03,1921,3,56.44066218145541,187.447230341684,-37.38343999743181,-235.441469777077,-14.089268803679895,-21.343323016860733,-64.36960907191006,59.86295421939759,178.6380625638465,-42.42060087439643,-224.19115525659498,-5.777500516309919,-12.96961739527065,-46.8578572593279,-3.422292037942178,8.809167777837501,5.03716087696462,-11.250314520482021,-8.311768287369976,-8.373705621590084,-17.511751812582162
EC-Earth-Consortium,EC-Earth3-Veg-LR,r1i1p1f1,gr,historical,1921-04,1921,4,163.99372767472457,197.0960340423153,-114.4427909239586,-250.27031908266096,-3.712145744682999,-13.138900825671222,-20.474394859933888,165.54918549462982,193.94768773026806,-121.36911048471737,-244.71414659154436,-3.5592308420521506,-11.316720965746057,-21.462335659162093,-1.555457819905257,3.148346312047238,6.92631956075877,-5.556172491116598,-0.15291490263084828,-1.8221798599251642,0.9879407992282054
EC-Earth-Consortium,EC-Earth3-Veg-LR,r1i1p1f1,gr,historical,1921-05,1921,5,275.1385806947424,222.5996193611983,-190.4040081553103,-279.09126555353765,-3.562013726907324,-14.603014282205482,10.077898337979999,275.6543792863859,224.5590747925627,-196.4506719906339,-277.14177299595417,-1.8042443237938772,-10.700238938634309,14.116525829932366,-0.5157985916434882,-1.959455431364404,6.0466638353236135,-1.9494925575834827,-1.7577694031134468,-3.9027753435711734,-4.038627491952367
EC-Earth-Consortium,EC-Earth3-Veg-LR,r1i1p1f1,gr,historical,1921-06,1921,6,283.6754775888693,273.2637574244929,-162.4965629767318,-312.9266952137874,-1.65506984081727,-13.281324657782802,66.57958232424282,296.31824615671405,264.6805788578032,-184.2618748228265,-305.99544242897827,-1.3256800948089977,-11.303420968742303,58.11240669916117,-12.642768567844769,8.583178566689696,21.765311846094704,-6.931252784809146,-0.3293897460082722,-1.9779036890404988,8.467175625081651
EC-Earth-Consortium,EC-Earth3-Veg-LR,r1i1p1f1,gr,historical,1921-07,1921,7,217.13108258863818,297.30497099258343,-81.05874494331388,-326.19119481280586,-0.2217610560049744,-11.247052164783794,95.7173006043131,225.98526739919413,289.5888849412498,-106.74472434052524,-319.32788691162557,-0.19383547240358012,-10.584539231081097,78.72316638480842,-8.85418481055595,7.7160860513336615,25.685979397211355,-6.863307901180292,-0.02792558360139427,-0.6625129337026969,16.994134219504673
EC-Earth-Consortium,EC-Earth3-Veg-LR,r1i1p1f1,gr,historical,1921-08,1921,8,137.1969123753986,294.9535201706793,-38.74168128749212,-326.47859724055274,-0.9636363428544089,-13.271483458320162,52.6950342168585,143.965143639584,285.514983779784,-56.61969220867284,-317.4160441353086,-0.736401837272086,-11.828037470306784,42.8799517678077,-6.7682312641854026,9.438536390895308,17.878010921180717,-9.062553105244149,-0.22723450558232294,-1.4434459880133783,9.815082449050806
EC-Earth-Consortium,EC-Earth3-Veg-LR,r1i1p1f1,gr,historical,1921-09,1921,9,70.45310045959052,265.09449221019827,-23.45885165916171,-307.394241153837,-4.135632683710449,-18.326691171793716,-17.767823998714107,72.23187531070974,254.64399326285204,-29.49217390513061,-295.7570914889987,-3.0077420278618163,-14.867742559467041,-16.248881407896377,-1.7787748511192234,10.450498947346233,6.0333222459689,-11.637149664838319,-1.127890655848633,-3.458948612326674,-1.5189425908177299
EC-Earth-Consortium,EC-Earth3-Veg-LR,r1i1p1f1,gr,historical,1921-10,1921,10,20.62633801613902,231.2386821967831,-7.335543447352888,-277.09773524323566,-8.372868068248366,-20.91566672528895,-61.85679327120375,21.17782998279387,219.68910623165684,-9.062038234793288,-263.59941570919926,-7.415014525185129,-17.082779513843093,-56.292311768570094,-0.5514919666548508,11.549575965126252,1.7264947874403997,-13.498319534036398,-0.9578535430632362,-3.8328872114458576,-5.5644815026336545
EC-Earth-Consortium,EC-Earth3-Veg-LR,r1i1p1f1,gr,historical,1921-11,1921,11,3.3986244972581905,211.1664279785942,-1.0451384740593814,-257.0213566444763,-11.74647084358157,-21.789466109265877,-77.03737959553074,3.573632890038961,193.44910051493784,-1.4677800076550447,-237.86279579461424,-8.81039866871152,-15.933404947758362,-67.05164601376235,-0.17500839278077063,17.717327463656375,0.42264153359566325,-19.158560849862084,-2.9360721748700502,-5.856061161507515,-9.985733581768386
EC-Earth-Consortium,EC-Earth3-Veg-LR,r1i1p1f1,gr,historical,1921-12,1921,12,0.782972305237046,192.25887661168784,-0.29360923206780143,-240.69671956378804,-16.23160797693268,-24.51935700640266,-88.69944486226629,0.8443239133056458,179.53984894273685,-0.40726912356645945,-223.33948846597266,-7.907125970966346,-14.520666974641335,-65.79037767910431,-0.06135160806859985,12.719027668950986,0.11365989149865802,-17.357231097815372,-8.324482005966333,-9.998690031761326,-22.90906718316198
EC-Earth-Consortium,EC-Earth3-Veg-LR,r1i1p1f1,gr,historical,1922-01,1922,1,1.915870311672719,184.32648738719413,-0.9932968869796615,-229.52119062352642,-13.149099612099349,-20.758770122138305,-78.1799995458769,1.9670428406081912,174.6451682692201,-1.1134382139788777,-217.91294889189962,-7.277542063475359,-14.28956539960937,-63.98128345913492,-0.051172528935472306,9.681319117974027,0.1201413269992162,-11.608241731626805,-5.87155754862399,-6.469204722528936,-14.198716086741975
EC-Earth-Consortium,EC-Earth3-Veg-LR,r1i1p1f1,gr,historical,1922-02,1922,2,11.96710385874846,182.55808595262067,-7.623515401637911,-228.06539841659827,-8.90889600259442,-19.53622455712127,-69.60884456658275,12.445773582853347,174.25857569933385,-8.050053493794298,-217.59834553205962,-6.931894885320205,-14.11158454395435,-59.98752917294128,-0.4786697241048863,8.299510253286826,0.42653809215638727,-10.467052884538646,-1.977001117274214,-5.424640013166918,-9.621315393641467
EC-Earth-Consortium,EC-Earth3-Veg-LR,r1i1p1f1,gr,historical,1922-03,1922,3,58.73652475472313,186.62344169933806,-40.059186411308396,-235.34505113151494,-9.382400312640236,-18.30437726608878,-57.73104866749116,59.86295421939759,178.6380625638465,-42.42060087439643,-224.19115525659498,-5.777500516309919,-12.96961739527065,-46.8578572593279,-1.1264294646744588,7.98537913549157,2.361414463088032,-11.153895874919954,-3.604899796330317,-5.334759870818129,-10.873191408163258
EC-Earth-Consortium,EC-Earth3-Veg-LR,r1i1p1f1,gr,historical,1922-04,1922,4,158.09805243339923,208.56142507318816,-111.30102405876585,-258.2212614126148,-4.011891090831484,-13.029829170777603,-19.90452822640235,165.54918549462982,193.94768773026806,-121.36911048471737,-244.71414659154436,-3.5592308420521506,-11.316720965746057,-21.462335659162093,-7.451133061230593,14.613737342920103,10.06808642595152,-13.507114821070445,-0.4526602487793334,-1.7131082050315456,1.5578074327597449
EC-Earth-Consortium,EC-Earth3-Veg-LR,r1i1p1f1,gr,historical,1922-05,1922,5,271.3427929937996,226.5490784913565,-183.9265219652345,-281.98232808833404,-1.9684323715318546,-12.29907820870995,17.715510851345726,275.6543792863859,224.5590747925627,-196.4506719906339,-277.14177299595417,-1.8042443237938772,-10.700238938634309,14.116525829932366,-4.311586292586298,1.9900036987937995,12.524150025399393,-4.840555092379873,-0.16418804773797735,-1.5988392700756417,3.5989850214133607
EC-Earth-Consortium,EC-Earth3-Veg-LR,r1i1p1f1,gr,historical,1922-06,1922,6,283.01716457247204,271.58058308374393,-162.24005584359855,-311.6493423572515,-1.8783190693822789,-14.065320607206417,64.76470977877716,296.31824615671405,264.6805788578032,-184.2618748228265,-305.99544242897827,-1.3256800948089977,-11.303420968742303,58.11240669916117,-13.301081584242013,6.900004225940734,22.02181897922796,-5.653899928273233,-0.5526389745732811,-2.7618996384641132,6.65230307961599
EC-Earth-Consortium,EC-Earth3-Veg-LR,r1i1p1f1,gr,historical,1922-07,1922,7,222.79728080812018,291.68314600921053,-91.57749596500739,-322.63489248367745,-1.0882029175516967,-11.410341376514337,87.76949407457978,225.98526739919413,289.5888849412498,-106.74472434052524,-319.32788691162557,-0.19383547240358012,-10.584539231081097,78.72316638480842,-3.187986591073951,2.0942610679607583,15.167228375517851,-3.307005572051878,-0.8943674451481166,-0.82580214543324,9.04632768977136
EC-Earth-Consortium,EC-Earth3-Veg-LR,r1i1p1f1,gr,historical,1922-08,1922,8,145.11202950080164,287.40020593339955,-48.01089207591017,-322.60050453243275,-1.0945022061423728,-13.2235634174098,47.5827732023061,143.965143639584,285.514983779784,-56.61969220867284,-317.4160441353086,-0.736401837272086,-11.828037470306784,42.8799517678077,1.1468858612176405,1.8852221536155298,8.608800132762667,-5.184460397124155,-0.35810036887028684,-1.3955259471030157,4.702821434498404
EC-Earth-Consortium,EC-Earth3-Veg-LR,r1i1p1f1,gr,historical,1922-09,1922,9,71.83220612637294,260.09981400250734,-25.162706601824148,-303.80611548021164,-2.6101648533145356,-15.824282015865005,-15.471248822335074,72.23187531070974,254.64399326285204,-29.49217390513061,-295.7570914889987,-3.0077420278618163,-14.867742559467041,-16.248881407896377,-0.3996691843368012,5.455820739655309,4.329467303306462,-8.049023991212948,0.3975771745472807,-0.9565394563979641,0.7776325855613031
EC-Earth-Consortium,EC-Earth3-Veg-LR,r1i1p1f1,gr,historical,1922-10,1922,10,21.433680434748165,221.76181261709888,-7.807049699941114,-270.9782559724093,-10.056279905682151,-21.808243006882545,-67.45433553306802,21.17782998279387,219.68910623165684,-9.062038234793288,-263.59941570919926,-7.415014525185129,-17.082779513843093,-56.292311768570094,0.255850451954295,2.0727063854420464,1.254988534852174,-7.378840263210009,-2.641265380497022,-4.725463493039452,-11.162023764497924
EC-Earth-Consortium,EC-Earth3-Veg-LR,r1i1p1f1,gr,historical,1922-11,1922,11,3.4764009290138325,201.5405503713643,-1.1263065896969868,-248.43452657355414,-13.062421646236572,-20.48986984738578,-78.09617335649533,3.573632890038961,193.44910051493784,-1.4677800076550447,-237.86279579461424,-8.81039866871152,-15.933404947758362,-67.05164601376235,-0.09723196102512865,8.091449856426465,0.34147341795805786,-10.571730778939894,-4.252022977525053,-4.556464899627418,-11.044527342732977
EC-Earth-Consortium,EC-Earth3-Veg-LR,r1i1p1f1,gr,historical,1922-12,1922,12,0.78193954492711,195.01018740073417,-0.3093077310152678,-240.4590228556938,-6.242043653368652,-16.689674661767157,-67.90792195618363,0.8443239133056458,179.53984894273685,-0.40726912356645945,-223.33948846597266,-7.907125970966346,-14.520666974641335,-65.79037767910431,-0.06238436837853578,15.470338457997315,0.09796139255119163,-17.11953438972114,1.6650823175976939,-2.1690076871258217,-2.1175442770793182
EC-Earth-Consortium,EC-Earth3-Veg-LR,r1i1p1f1,gr,historical,1923-01,1923,1,1.8284306219670223,185.93227199647663,-0.9814193827785093,-230.7167433699723,-9.407191896436467,-17.28473765014116,-70.6293896808848,1.9670428406081912,174.6451682692201,-1.1134382139788777,-217.91294889189962,-7.277542063475359,-14.28956539960937,-63.98128345913492,-0.1386122186411689,11.287103727256522,0.1320188312003684,-12.803794478072689,-2.1296498329611087,-2.995172250531791,-6.648106221749877
EC-Earth-Consortium,EC-Earth3-Veg-LR,r1i1p1f1,gr,historical,1923-02,1923,2,12.210851551972858,179.67531784813477,-7.399841272942816,-226.71335797041013,-10.810178386610577,-18.42042962620245,-71.45763785605833,12.445773582853347,174.25857569933385,-8.050053493794298,-217.59834553205962,-6.931894885320205,-14.11158454395435,-59.98752917294128,-0.23492203088048846,5.416742148800921,0.6502122208514818,-9.115012438350504,-3.8782835012903716,-4.308845082248098,-11.470108683117047
EC-Earth-Consortium,EC-Earth3-Veg-LR,r1i1p1f1,gr,historical,1923-03,1923,3,57.55102598121023,191.89691259133178,-39.07274983058368,-240.09710404357799,-9.174049560840167,-18.07738095829482,-56.97334582075466,59.86295421939759,178.6380625638465,-42.42060087439643,-224.19115525659498,-5.777500516309919,-12.96961739527065,-46.8578572593279,-2.311928238187356,13.258850027485295,3.347851043812746,-15.905948786983004,-3.396549044530248,-5.107763563024172,-10.115488561426758
EC-Earth-Consortium,EC-Earth3-Veg-LR,r1i1p1f1,gr,historical,1923-04,1923,4,160.16874271822508,199.56147814445043,-114.06199587198954,-251.41758235883663,-3.942063506273618,-13.178293352016324,-22.869714226440582,165.54918549462982,193.94768773026806,-121.36911048471737,-244.71414659154436,-3.5592308420521506,-11.316720965746057,-21.462335659162093,-5.380442776404749,5.613790414182375,7.30711461272783,-6.703435767292262,-0.3828326642214672,-1.8615723862702662,-1.4073785672784886
EC-Earth-Consortium,EC-Earth3-Veg-LR,r1i1p1f1,gr,historical,1923-05,1923,5,268.73251596257677,224.6910588528254,-185.56792173006488,-278.37439002975856,-2.170007561450035,-12.513983512838545,14.797271981290143,275.6543792863859,224.5590747925627,-196.4506719906339,-277.14177299595417,-1.8042443237938772,-10.700238938634309,14.116525829932366,-6.921863323809134,0.13198406026268117,10.882750260569026,-1.232617033804388,-0.3657632376561577,-1.813744574204236,0.680746151357777
EC-Earth-Consortium,EC-Earth3-Veg-LR,r1i1p1f1,gr,historical,1923-06,1923,6,289.6500352747702,268.61249297537626,-167.23916658720617,-310.53023115165877,-0.9816455481180706,-12.998266699375591,66.51321826378789,296.31824615671405,264.6805788578032,-184.2618748228265,-305.99544242897827,-1.3256800948089977,-11.303420968742303,58.11240669916117,-6.668210881943878,3.931914117573058,17.022708235620343,-4.534788722680503,0.34403454669092715,-1.694845730633288,8.400811564626721
EC-Earth-Consortium,EC-Earth3-Veg-LR,r1i1p1f1,gr,historical,1923-07,1923,7,212.17899387588275,298.04541681082515,-83.98840826136204,-324.62384955037044,-0.4951796129464673,-11.102594896075258,90.01437836595365,225.98526739919413,289.5888849412498,-106.74472434052524,-319.32788691162557,-0.19383547240358012,-10.584539231081097,78.72316638480842,-13.806273523311376,8.456531869575372,22.7563160791632,-5.295962638744868,-0.30134414054288716,-0.5180556649941614,11.291211981145224
EC-Earth-Consortium,EC-Earth3-Veg-LR,r1i1p1f1,gr,historical,1923-08,1923,8,141.20480311930882,291.66424808597975,-46.64735764321647,-324.16839631670365,-1.8367087595246914,-14.574745675482257,45.64184281036147,143.965143639584,285.514983779784,-56.61969220867284,-317.4160441353086,-0.736401837272086,-11.828037470306784,42.8799517678077,-2.7603405202751787,6.149264306195732,9.972334565456364,-6.752352181395054,-1.1003069222526054,-2.746708205175473,2.7618910425537706
EC-Earth-Consortium,EC-Earth3-Veg-LR,r1i1p1f1,gr,historical,1923-09,1923,9,71.15407935067232,258.97199851557764,-24.47923667164511,-302.58764442755324,-6.446766418050191,-19.120970628829273,-22.508540279827905,72.23187531070974,254.64399326285204,-29.49217390513061,-295.7570914889987,-3.0077420278618163,-14.867742559467041,-16.248881407896377,-1.0777959600374203,4.328005252725603,5.0129372334854985,-6.830552938554547,-3.439024390188375,-4.2532280693622315,-6.259658871931528
EC-Earth-Consortium,EC-Earth3-Veg-LR,r1i1p1f1,gr,historical,1923-10,1923,10,21.000929410738888,230.115937803821,-7.308239780605102,-276.278790227135,-9.704901535621678,-22.5141119912747,-64.68917632007661,21.17782998279387,219.68910623165684,-9.062038234793288,-263.59941570919926,-7.415014525185129,-17.082779513843093,-56.292311768570094,-0.17690057205498277,10.426831572164161,1.7537984541881864,-12.679374517935742,-2.2898870104365487,-5.4313324774316065,-8.396864551506518
EC-Earth-Consortium,EC-Earth3-Veg-LR,r1i1p1f1,gr,historical,1923-11,1923,11,3.3500828954215702,207.92245411987844,-0.964533213553835,-254.38494928857727,-14.665254522952365,-22.42582088673588,-81.16802089651935,3.573632890038961,193.44910051493784,-1.4677800076550447,-237.86279579461424,-8.81039866871152,-15.933404947758362,-67.05164601376235,-0.2235499946173909,14.473353604940598,0.5032467941012096,-16.52215349396303,-5.854855854240846,-6.492415938977519,-14.116374882757
EC-Earth-Consortium,EC-Earth3-Veg-LR,r1i1p1f1,gr,historical,1923-12,1923,12,0.783757896682297,194.06685385633693,-0.31362671396073827,-241.02268336953,-13.361708250906414,-20.599527747314646,-80.44693432869258,0.8443239133056458,179.53984894273685,-0.40726912356645945,-223.33948846597266,-7.907125970966346,-14.520666974641335,-65.79037767910431,-0.06056601662334882,14.52700491360008,0.09364240960572118,-17.683194903557336,-5.454582279940068,-6.078860772673311,-14.656556649588268
EC-Earth-Consortium,EC-Earth3-Veg-LR,r1i1p1f1,gr,historical,1924-01,1924,1,1.8731976473730236,187.18037196520456,-0.9124593168679688,-234.01591795193352,-8.240112762094187,-17.594704252686164,-71.70962467100426,1.9670428406081912,174.6451682692201,-1.1134382139788777,-217.91294889189962,-7.277542063475359,-14.28956539960937,-63.98128345913492,-0.0938451932351676,12.53520369598445,0.20097889711090888,-16.1029690600339,-0.962570698618828,-3.3051388530767944,-7.728341211869342
EC-Earth-Consortium,EC-Earth3-Veg-LR,r1i1p1f1,gr,historical,1924-02,1924,2,11.811459064720953,186.89653681571042,-7.051227206847899,-229.83986840575201,-8.457073161807669,-15.946736479985711,-62.58690937396191,12.445773582853347,174.25857569933385,-8.050053493794298,-217.59834553205962,-6.931894885320205,-14.11158454395435,-59.98752917294128,-0.6343145181323937,12.637961116376573,0.9988262869463993,-12.24152287369239,-1.5251782764874635,-1.8351519360313606,-2.5993802010206295
EC-Earth-Consortium,EC-Earth3-Veg-LR,r1i1p1f1,gr,historical,1924-03,1924,3,59.54617320934708,189.51410478671076,-39.79986218105197,-237.0451027760484,-12.700326763732292,-20.169416258967804,-60.65442998374262,59.86295421939759,178.6380625638465,-42.42060087439643,-224.19115525659498,-5.777500516309919,-12.96961739527065,-46.8578572593279,-0.3167810100505051,10.876042222864271,2.6207386933444567,-12.853947519453413,-6.922826247422373,-7.199798863697154,-13.796572724414716
EC-Earth-Consortium,EC-Earth3-Veg-LR,r1i1p1f1,gr,historical,1924-04,1924,4,161.95828348659782,202.7734974001963,-113.4336447434185,-254.21366398070958,-4.706342981274163,-14.418563902634705,-22.040434721242807,165.54918549462982,193.94768773026806,-121.36911048471737,-244.71414659154436,-3.5592308420521506,-11.316720965746057,-21.462335659162093,-3.5909020080320033,8.825809669928248,7.93546574129887,-9.49951738916522,-1.147112139222012,-3.101842936888648,-0.5780990620807138
EC-Earth-Consortium,EC-Earth3-Veg-LR,r1i1p1f1,gr,historical,1924-05,1924,5,268.45305893703227,233.2992311451081,-180.10714341250628,-285.85742914768684,-0.7142610522044791,-10.939430453938915,24.134026015803837,275.6543792863859,224.5590747925627,-196.4506719906339,-277.14177299595417,-1.8042443237938772,-10.700238938634309,14.116525829932366,-7.201320349353637,8.740156352545398,16.343528578127632,-8.715656151732674,1.0899832715893982,-0.23919151530460603,10.017500185871471
EC-Earth-Consortium,EC-Earth3-Veg-LR,r1i1p1f1,gr,historical,1924-06,1924,6,281.71506145738425,272.2852839083169,-162.17164604739875,-311.5131712211803,-1.6233340449420848,-12.778820494885707,65.91337355729428,296.31824615671405,264.6805788578032,-184.2618748228265,-305.99544242897827,-1.3256800948089977,-11.303420968742303,58.11240669916117,-14.603184699329802,7.604705050513701,22.09022877542776,-5.5177287922020355,-0.29765395013308704,-1.4753995261434039,7.800966858133108
EC-Earth-Consortium,EC-Earth3-Veg-LR,r1i1p1f1,gr,historical,1924-07,1924,7,211.488081851273,298.36143371989715,-83.71391152346374,-325.50672241655536,-0.7933404203346915,-12.114771657908225,87.7207695529082,225.98526739919413,289.5888849412498,-106.74472434052524,-319.32788691162557,-0.19383547240358012,-10.584539231081097,78.72316638480842,-14.497185547921134,8.772548778647376,23.030812817061502,-6.178835504929793,-0.5995049479311114,-1.5302324268271281,8.997603168099772
EC-Earth-Consortium,EC-Earth3-Veg-LR,r1i1p1f1,gr,historical,1924-08,1924,8,140.68793932542187,289.71546166147317,-46.62908665881049,-323.9097420510826,-2.129834167740118,-15.264875830279346,42.46986227898245,143.965143639584,285.514983779784,-56.61969220867284,-317.4160441353086,-0.736401837272086,-11.828037470306784,42.8799517678077,-3.277204314162134,4.200477881689153,9.990605549862345,-6.493697915774021,-1.393432330468032,-3.436838359972562,-0.41008948882524976
EC-Earth-Consortium,EC-Earth3-Veg-LR,r1i1p1f1,gr,historical,1924-09,1924,9,69.2300698583228,261.72841663658716,-24.314158833214208,-304.22122895129604,-4.954429616514553,-19.008929507651416,-21.54026041376627,72.23187531070974,254.64399326285204,-29.49217390513061,-295.7570914889987,-3.0077420278618163,-14.867742559467041,-16.248881407896377,-3.0018054523869324,7.08442337373512,5.178015071916402,-8.464137462297344,-1.946687588652737,-4.141186948184375,-5.291379005869892
EC-Earth-Consortium,EC-Earth3-Veg-LR,r1i1p1f1,gr,historical,1924-10,1924,10,19.900446474689417,226.51696559527983,-7.106980417291365,-274.4827261138685,-14.226549675664964,-25.103707925502743,-74.50255206235833,21.17782998279387,219.68910623165684,-9.062038234793288,-263.59941570919926,-7.415014525185129,-17.082779513843093,-56.292311768570094,-1.2773835081044531,6.827859363622991,1.955057817501923,-10.88331040466926,-6.811535150479835,-8.02092841165965,-18.21024029378824
EC-Earth-Consortium,EC-Earth3-Veg-LR,r1i1p1f1,gr,historical,1924-11,1924,11,3.2032952130620833,212.7914817567924,-0.9441063306914415,-257.5915652479799,-7.143255027157024,-18.26388979960462,-67.9480394355785,3.573632890038961,193.44910051493784,-1.4677800076550447,-237.86279579461424,-8.81039866871152,-15.933404947758362,-67.05164601376235,-0.3703376769768778,19.342381241854554,0.5236736769636032,-19.72876945336563,1.6671436415544951,-2.3304848518462578,-0.8963934218161427
EC-Earth-Consortium,EC-Earth3-Veg-LR,r1i1p1f1,gr,historical,1924-12,1924,12,0.777787554409604,185.12169752979244,-0.2980747039400547,-231.95544419830534,-12.482052037268748,-19.607576233180904,-78.443662088493,0.8443239133056458,179.53984894273685,-0.40726912356645945,-223.33948846597266,-7.907125970966346,-14.520666974641335,-65.79037767910431,-0.06653635889604181,5.581848587055589,0.10919441962640475,-8.61595573233268,-4.574926066302401,-5.086909258539569,-12.65328440938869
EC-Earth-Consortium,EC-Earth3-Veg-LR,r1i1p1f1,gr,historical,1925-01,1925,1,1.8853003273217641,190.91909489145604,-0.9851080994159834,-235.5014849227435,-10.239717529308875,-21.251494875038603,-75.17341020772913,1.9670428406081912,174.6451682692201,-1.1134382139788777,-217.91294889189962,-7.277542063475359,-14.28956539960937,-63.98128345913492,-0.08174251328642712,16.273926622235933,0.12833011456289423,-17.58853603084387,-2.962175465833516,-6.961929475429233,-11.192126748594212
EC-Earth-Consortium,EC-Earth3-Veg-LR,r1i1p1f1,gr,historical,1925-02,1925,2,12.1780618083218,184.96195022603257,-7.36804454869182,-232.28588071961838,-17.892435097692584,-24.318785145232248,-84.72513347688067,12.445773582853347,174.25857569933385,-8.050053493794298,-217.59834553205962,-6.931894885320205,-14.11158454395435,-59.98752917294128,-0.2677117745315467,10.703374526698724,0.6820089451024778,-14.687535187558751,-10.96054021237238,-10.207200601277897,-24.737604303939392
EC-Earth-Consortium,EC-Earth3-Veg-LR,r1i1p1f1,gr,historical,1925-03,1925,3,56.26531479315279,188.69423165793424,-37.74083018355943,-235.37989878226958,-12.905284781615038,-19.19041946912593,-60.25688676548296,59.86295421939759,178.6380625638465,-42.42060087439643,-224.19115525659498,-5.777500516309919,-12.96961739527065,-46.8578572593279,-3.597639426244797,10.05616909408775,4.679770690836996,-11.188743525674596,-7.127784265305118,-6.220802073855282,-13.39902950615506
EC-Earth-Consortium,EC-Earth3-Veg-LR,r1i1p1f1,gr,historical,1925-04,1925,4,158.1264052210176,203.9143636780166,-109.21050437046607,-253.63552782049882,-4.121336271484058,-13.395867521528325,-18.32246708494307,165.54918549462982,193.94768773026806,-121.36911048471737,-244.71414659154436,-3.5592308420521506,-11.316720965746057,-21.462335659162093,-7.422780273612233,9.966675947748541,12.158606114251299,-8.92138122895446,-0.5621054294319072,-2.079146555782268,3.1398685742190224
EC-Earth-Consortium,EC-Earth3-Veg-LR,r1i1p1f1,gr,historical,1925-05,1925,5,271.1701980443283,225.8410265569407,-183.18670008135047,-280.3537133668909,-4.475549937690566,-13.86648330162821,15.12877791370885,275.6543792863859,224.5590747925627,-196.4506719906339,-277.14177299595417,-1.8042443237938772,-10.700238938634309,14.116525829932366,-4.484181242057616,1.2819517643779932,13.263971909283441,-3.211940370936702,-2.671305613896689,-3.1662443629939006,1.0122520837764846
EC-Earth-Consortium,EC-Earth3-Veg-LR,r1i1p1f1,gr,historical,1925-06,1925,6,296.2229874780662,265.34594318153586,-174.75974495481307,-308.47134406637247,-2.359236051182663,-11.857301102706856,64.12130448452702,296.31824615671405,264.6805788578032,-184.2618748228265,-305.99544242897827,-1.3256800948089977,-11.303420968742303,58.11240669916117,-0.09525867864783777,0.6653643237326605,9.50212986801344,-2.4759016373942018,-1.0335559563736654,-0.5538801339645527,6.008897785365846
EC-Earth-Consortium,EC-Earth3-Veg-LR,r1i1p1f1,gr,historical,1925-07,1925,7,227.18111226024317,291.6207803579519,-103.79176522833454,-322.6526022204071,-0.5256944171414919,-11.342293196150834,80.4895375561611,225.98526739919413,289.5888849412498,-106.74472434052524,-319.32788691162557,-0.19383547240358012,-10.584539231081097,78.72316638480842,1.1958448610490393,2.0318954167021275,2.9529591121906975,-3.324715308781549,-0.3318589447379118,-0.7577539650697371,1.7663711713526737
EC-Earth-Consortium,EC-Earth3-Veg-LR,r1i1p1f1,gr,historical,1925-08,1925,8,138.1890905685802,295.9660243271795,-46.04299399290223,-325.81799701796484,0.6131366359290753,-12.777291994684404,50.12996852613738,143.965143639584,285.514983779784,-56.61969220867284,-317.4160441353086,-0.736401837272086,-11.828037470306784,42.8799517678077,-5.776053071003787,10.451040547395507,10.576698215770605,-8.401952882656246,1.3495384732011613,-0.9492545243776203,7.250016758329686
EC-Earth-Consortium,EC-Earth3-Veg-LR,r1i1p1f1,gr,historical,1925-09,1925,9,70.91613482134832,260.8925724593345,-25.55733804130801,-304.1074312495687,-3.3568009037819215,-18.854386103529603,-20.067249017505432,72.23187531070974,254.64399326285204,-29.49217390513061,-295.7570914889987,-3.0077420278618163,-14.867742559467041,-16.248881407896377,-1.315740489361417,6.248579196482439,3.934835863822599,-8.350339760570023,-0.3490588759201052,-3.986643544062561,-3.818367609609055
EC-Earth-Consortium,EC-Earth3-Veg-LR,r1i1p1f1,gr,historical,1925-10,1925,10,20.878963117732688,227.37889573229393,-8.109317125761304,-274.38115639300156,-10.079321465333496,-21.92923882631653,-66.24117496038626,21.17782998279387,219.68910623165684,-9.062038234793288,-263.59941570919926,-7.415014525185129,-17.082779513843093,-56.292311768570094,-0.2988668650611821,7.68978950063709,0.9527211090319838,-10.781740683802298,-2.664306940148367,-4.8464593124734385,-9.948863191816166
EC-Earth-Consortium,EC-Earth3-Veg-LR,r1i1p1f1,gr,historical,1925-11,1925,11,3.550662373422898,200.66560922421417,-1.1986947501418288,-250.43854380216177,-15.531651944625784,-23.674334654679413,-86.62695355397173,3.573632890038961,193.44910051493784,-1.4677800076550447,-237.86279579461424,-8.81039866871152,-15.933404947758362,-67.05164601376235,-0.022970516616063197,7.216508709276326,0.2690852575132159,-12.575748007547531,-6.721253275914265,-7.740929706921051,-19.57530754020938
EC-Earth-Consortium,EC-Earth3-Veg-LR,r1i1p1f1,gr,historical,1925-12,1925,12,0.7766457223369241,188.05477976266727,-0.32863880772186665,-236.4216885290653,-16.806803091326895,-23.510935379621394,-88.23664032273126,0.8443239133056458,179.53984894273685,-0.40726912356645945,-223.33948846597266,-7.907125970966346,-14.520666974641335,-65.79037767910431,-0.06767819096872174,8.514930819930413,0.07863031584459279,-13.082200063092642,-8.899677120360549,-8.990268404980059,-22.44626264362695
EC-Earth-Consortium,EC-Earth3-Veg-LR,r1i1p1f1,gr,historical,1926-01,1926,1,1.8100681347461158,186.23979846861624,-0.9468200995445134,-232.30469752190237,-9.850774581118245,-19.224135507395847,-74.27656110659862,1.9670428406081912,174.6451682692201,-1.1134382139788777,-217.91294889189962,-7.277542063475359,-14.28956539960937,-63.98128345913492,-0.1569747058620754,11.594630199396136,0.16661811443436425,-14.391748630002752,-2.573232517642886,-4.934570107786477,-10.295277647463699
EC-Earth-Consortium,EC-Earth3-Veg-LR,r1i1p1f1,gr,historical,1926-02,1926,2,11.70055310468556,189.95215380394612,-7.032389570663641,-232.000604788094,-4.631969950080987,-14.600878152598177,-56.613135552805126,12.445773582853347,174.25857569933385,-8.050053493794298,-217.59834553205962,-6.931894885320205,-14.11158454395435,-59.98752917294128,-0.745220478167786,15.693578104612271,1.017663923130657,-14.40225925603437,2.2999249352392184,-0.48929360864382687,3.3743936201361535
EC-Earth-Consortium,EC-Earth3-Veg-LR,r1i1p1f1,gr,historical,1926-03,1926,3,56.58651683655668,190.91119667285272,-37.21251943929154,-236.56090510934553,-3.8389848103983963,-13.585232755709681,-43.69992860533572,59.86295421939759,178.6380625638465,-42.42060087439643,-224.19115525659498,-5.777500516309919,-12.96961739527065,-46.8578572593279,-3.2764373828409035,12.273134109006236,5.208081435104887,-12.369749852750545,1.9385157059115228,-0.6156153604390315,3.1579286539921796
EC-Earth-Consortium,EC-Earth3-Veg-LR,r1i1p1f1,gr,historical,1926-04,1926,4,158.640074848435,203.92892060972966,-108.6162477885161,-254.13725581174148,-3.011134520340393,-11.65874377681948,-14.85438643925281,165.54918549462982,193.94768773026806,-121.36911048471737,-244.71414659154436,-3.5592308420521506,-11.316720965746057,-21.462335659162093,-6.909110646194819,9.9812328794616,12.752862696201262,-9.42310922019712,0.5480963217117574,-0.3420228110734218,6.607949219909283
EC-Earth-Consortium,EC-Earth3-Veg-LR,r1i1p1f1,gr,historical,1926-05,1926,5,271.24084252726647,226.47878635109677,-180.9018368838016,-282.38775993015116,-5.449827764148652,-15.296603098520023,13.68360120174178,275.6543792863859,224.5590747925627,-196.4506719906339,-277.14177299595417,-1.8042443237938772,-10.700238938634309,14.116525829932366,-4.413536759119438,1.9197115585340612,15.548835106832314,-5.245986934196992,-3.6455834403547747,-4.596364159885715,-0.43292462819058564
EC-Earth-Consortium,EC-Earth3-Veg-LR,r1i1p1f1,gr,historical,1926-06,1926,6,292.7605425353915,264.8228805079703,-172.54703619864227,-307.74238965269615,-2.7572850319111373,-13.32175660346275,61.21495555664948,296.31824615671405,264.6805788578032,-184.2618748228265,-305.99544242897827,-1.3256800948089977,-11.303420968742303,58.11240669916117,-3.5577036213225597,0.14230165016709861,11.714838624184239,-1.746947223717882,-1.4316049371021395,-2.0183356347204473,3.1025488574883084
EC-Earth-Consortium,EC-Earth3-Veg-LR,r1i1p1f1,gr,historical,1926-07,1926,7,218.14257401427878,295.8520529902468,-95.77080152424504,-323.74837333825815,-1.2384402923767657,-11.505390900294401,81.73162094935122,225.98526739919413,289.5888849412498,-106.74472434052524,-319.32788691162557,-0.19383547240358012,-10.584539231081097,78.72316638480842,-7.84269338491535,6.263168048997045,10.973922816280194,-4.4204864266325785,-1.0446048199731854,-0.9208516692133042,3.0084545645428022
EC-Earth-Consortium,EC-Earth3-Veg-LR,r1i1p1f1,gr,historical,1926-08,1926,8,145.05353175223797,289.58275420590513,-49.68623369426588,-324.05988556644553,-2.537138199601899,-15.419389320082281,42.93363917774753,143.965143639584,285.514983779784,-56.61969220867284,-317.4160441353086,-0.736401837272086,-11.828037470306784,42.8799517678077,1.0883881126539734,4.067770426121115,6.933458514406958,-6.643841431136934,-1.8007363623298132,-3.5913518497754975,0.05368740993983323
EC-Earth-Consortium,EC-Earth3-Veg-LR,r1i1p1f1,gr,historical,1926-09,1926,9,70.42630229931302,264.5443591103717,-24.678530757745516,-305.31094825133306,-5.626269347499139,-18.35828432174809,-19.003371268641086,72.23187531070974,254.64399326285204,-29.49217390513061,-295.7570914889987,-3.0077420278618163,-14.867742559467041,-16.248881407896377,-1.8055730113967172,9.90036584751968,4.813643147385093,-9.553856762334362,-2.618527319637323,-3.4905417622810493,-2.754489860744709
EC-Earth-Consortium,EC-Earth3-Veg-LR,r1i1p1f1,gr,historical,1926-10,1926,10,21.107675915534067,225.32268362084633,-7.191423438977996,-272.79836863130174,-10.298270170452364,-20.338729819643742,-64.19643252399545,21.17782998279387,219.68910623165684,-9.062038234793288,-263.59941570919926,-7.415014525185129,-17.082779513843093,-56.292311768570094,-0.07015406725980355,5.633577389189497,1.8706147958152926,-9.198952922102478,-2.8832556452672344,-3.255950305800649,-7.90412075542536
EC-Earth-Consortium,EC-Earth3-Veg-LR,r1i1p1f1,gr,historical,1926-11,1926,11,3.389579981794732,200.28204646721375,-0.976592980734753,-248.8000562136617,-15.822059371118083,-22.49255250157757,-84.41963461808362,3.573632890038961,193.44910051493784,-1.4677800076550447,-237.86279579461424,-8.81039866871152,-15.933404947758362,-67.05164601376235,-0.18405290824422904,6.832945952275907,0.4911870269202917,-10.937260419047448,-7.011660702406564,-6.5591475538192086,-17.36798860432127
EC-Earth-Consortium,EC-Earth3-Veg-LR,r1i1p1f1,gr,historical,1926-12,1926,12,0.7497110002568629,188.94759707109543,-0.29335571253969,-233.1884177008387,-4.903971610856075,-14.062422964317504,-62.750859917199676,0.8443239133056458,179.53984894273685,-0.40726912356645945,-223.33948846597266,-7.907125970966346,-14.520666974641335,-65.79037767910431,-0.09461291304878294,9.407748128358577,0.11391341102676944,-9.848929234866034,3.003154360110271,0.4582440103238312,3.0395177619046336
EC-Earth-Consortium,EC-Earth3-Veg-LR,r1i1p1f1,gr,historical,1927-01,1927,1,1.9057308415792271,181.61296410139664,-0.9787049892047768,-227.39587850045484,-12.143487787176596,-20.007808363485264,-77.00718469734562,1.9670428406081912,174.6451682692201,-1.1134382139788777,-217.91294889189962,-7.277542063475359,-14.28956539960937,-63.98128345913492,-0.061311999028964115,6.9677958321765345,0.13473322477410088,-9.482929608555224,-4.865945723701238,-5.718242963875895,-13.0259012382107
EC-Earth-Consortium,EC-Earth3-Veg-LR,r1i1p1f1,gr,historical,1927-02,1927,2,11.766021870308995,186.32287431912877,-7.250889018892969,-230.13284151864525,-8.60780813062902,-18.27848749180489,-66.18112997053436,12.445773582853347,174.25857569933385,-8.050053493794298,-217.59834553205962,-6.931894885320205,-14.11158454395435,-59.98752917294128,-0.679751712544352,12.064298619794926,0.7991644749013291,-12.534495986585625,-1.6759132453088155,-4.166902947850538,-6.193600797593078
EC-Earth-Consortium,EC-Earth3-Veg-LR,r1i1p1f1,gr,historical,1927-03,1927,3,57.82327237476948,189.17041143296876,-38.67532323627983,-236.70458403453492,-10.5254557538508,-19.018026173731933,-57.92970539065924,59.86295421939759,178.6380625638465,-42.42060087439643,-224.19115525659498,-5.777500516309919,-12.96961739527065,-46.8578572593279,-2.039681844628106,10.532348869122274,3.7452776381165975,-12.513428777939936,-4.7479552375408804,-6.048408778461283,-11.071848131331336
EC-Earth-Consortium,EC-Earth3-Veg-LR,r1i1p1f1,gr,historical,1927-04,1927,4,165.09796639188517,196.09827176511936,-116.78076711515818,-248.58853415349603,-4.29775285825049,-11.489050824705744,-19.95986679460593,165.54918549462982,193.94768773026806,-121.36911048471737,-244.71414659154436,-3.5592308420521506,-11.316720965746057,-21.462335659162093,-0.45121910274465904,2.150584034851306,4.588343369559183,-3.8743875619516643,-0.7385220161983397,-0.1723298589596869,1.502468864556164
EC-Earth-Consortium,EC-Earth3-Veg-LR,r1i1p1f1,gr,historical,1927-05,1927,5,269.93383302572727,228.16780021781992,-186.1206551807861,-280.5682956418233,-1.085768373038368,-10.531220254860722,19.795693793038723,275.6543792863859,224.5590747925627,-196.4506719906339,-277.14177299595417,-1.8042443237938772,-10.700238938634309,14.116525829932366,-5.720546260658637,3.608725425257205,10.33001680984782,-3.426522645869113,0.7184759507555092,0.16901868377358653,5.679167963106357
EC-Earth-Consortium,EC-Earth3-Veg-LR,r1i1p1f1,gr,historical,1927-06,1927,6,283.3293155638892,275.3094395766601,-160.70561928708253,-313.28427742359116,0.09313631942035572,-11.322069454955967,73.41992529434009,296.31824615671405,264.6805788578032,-184.2618748228265,-305.99544242897827,-1.3256800948089977,-11.303420968742303,58.11240669916117,-12.988930592824829,10.628860718856913,23.556255535743986,-7.288834994612898,1.4188164142293536,-0.018648486213663773,15.30751859517892
EC-Earth-Consortium,EC-Earth3-Veg-LR,r1i1p1f1,gr,historical,1927-07,1927,7,219.72316784884595,294.90064889414253,-86.34073107938968,-325.22964419807886,-1.4637375337168006,-13.61097476962383,87.97872916217938,225.98526739919413,289.5888849412498,-106.74472434052524,-319.32788691162557,-0.19383547240358012,-10.584539231081097,78.72316638480842,-6.262099550348182,5.311763952892761,20.403993261135554,-5.9017572864532895,-1.2699020613132204,-3.0264355385427333,9.255562777370955
EC-Earth-Consortium,EC-Earth3-Veg-LR,r1i1p1f1,gr,historical,1927-08,1927,8,142.46934751762402,290.3633877100758,-43.79248430343953,-325.36254776462175,-1.5862548960262965,-16.268551574188738,45.82289668942346,143.965143639584,285.514983779784,-56.61969220867284,-317.4160441353086,-0.736401837272086,-11.828037470306784,42.8799517678077,-1.4957961219599838,4.848403930291795,12.827207905233308,-7.946503629313156,-0.8498530587542106,-4.440514103881954,2.942944921615762
EC-Earth-Consortium,EC-Earth3-Veg-LR,r1i1p1f1,gr,historical,1927-09,1927,9,71.146795710215,263.7411520962138,-25.274234166458694,-303.740803417997,-2.104369201359311,-13.715099752420938,-9.946558731807164,72.23187531070974,254.64399326285204,-29.49217390513061,-295.7570914889987,-3.0077420278618163,-14.867742559467041,-16.248881407896377,-1.085079600494737,9.09715883336176,4.217939738671916,-7.983711928998275,0.9033728265025052,1.152642807046103,6.302322676089213
EC-Earth-Consortium,EC-Earth3-Veg-LR,r1i1p1f1,gr,historical,1927-10,1927,10,20.74692876252612,225.48416010612436,-7.387787724887989,-272.04425885333256,-9.743195251079255,-21.222582837533565,-64.1667357981829,21.17782998279387,219.68910623165684,-9.062038234793288,-263.59941570919926,-7.415014525185129,-17.082779513843093,-56.292311768570094,-0.43090122026774935,5.795053874467527,1.6742505099052991,-8.444843144133301,-2.328180725894126,-4.139803323690472,-7.874424029612804
EC-Earth-Consortium,EC-Earth3-Veg-LR,r1i1p1f1,gr,historical,1927-11,1927,11,3.4772313183111048,195.81629562668508,-0.9587051303462628,-244.85824804884115,-12.989780515445267,-20.506673751191947,-80.01988050082844,3.573632890038961,193.44910051493784,-1.4677800076550447,-237.86279579461424,-8.81039866871152,-15.933404947758362,-67.05164601376235,-0.09640157172785635,2.367195111747236,0.5090748773087819,-6.995452254226905,-4.179381846733747,-4.573268803433585,-12.968234487066084
EC-Earth-Consortium,EC-Earth3-Veg-LR,r1i1p1f1,gr,historical,1927-12,1927,12,0.8001305526118853,192.01283481390678,-0.33719687649716334,-235.22139812868403,-5.456141897018262,-15.091995759087927,-63.29376729476873,0.8443239133056458,179.53984894273685,-0.40726912356645945,-223.33948846597266,-7.907125970966346,-14.520666974641335,-65.79037767910431,-0.044193360693760564,12.472985871169925,0.0700722470692961,-11.881909662711365,2.450984073948084,-0.5713287844465924,2.4966103843355825
EC-Earth-Consortium,EC-Earth3-Veg-LR,r1i1p1f1,gr,historical,1928-01,1928,1,1.9129711193630947,183.0248043565321,-1.0105220754062008,-226.5309879617561,-7.027089266144876,-14.887970841970041,-64.51879466938203,1.9670428406081912,174.6451682692201,-1.1134382139788777,-217.91294889189962,-7.277542063475359,-14.28956539960937,-63.98128345913492,-0.054071721245096516,8.37963608731198,0.1029161385726769,-8.61803906985648,0.25045279733048265,-0.5984054423606722,-0.5375112102471107
EC-Earth-Consortium,EC-Earth3-Veg-LR,r1i1p1f1,gr,historical,1928-02,1928,2,12.517065709379722,182.02424678694294,-7.784457286103316,-224.4610897990594,-9.55970818420993,-16.254553686668665,-63.51849645971865,12.445773582853347,174.25857569933385,-8.050053493794298,-217.59834553205962,-6.931894885320205,-14.11158454395435,-59.98752917294128,0.07129212652637484,7.765671087609093,0.26559620769098213,-6.862744266999783,-2.6278132988897243,-2.142969142714314,-3.5309672867773685
EC-Earth-Consortium,EC-Earth3-Veg-LR,r1i1p1f1,gr,historical,1928-03,1928,3,61.37066639167466,179.0696902886026,-42.202091647445855,-225.17410933522766,-12.6171239155924,-17.954238926461777,-57.507207144450426,59.86295421939759,178.6380625638465,-42.42060087439643,-224.19115525659498,-5.777500516309919,-12.96961739527065,-46.8578572593279,1.507712172277074,0.4316277247561118,0.21850922695057307,-0.9829540786326731,-6.83962339928248,-4.984621531191127,-10.649349885122525
EC-Earth-Consortium,EC-Earth3-Veg-LR,r1i1p1f1,gr,historical,1928-04,1928,4,162.25238611548932,200.68862439160353,-116.0660637143836,-248.4641236136484,-2.7816520010205896,-10.456504652038136,-14.82733347399787,165.54918549462982,193.94768773026806,-121.36911048471737,-244.71414659154436,-3.5592308420521506,-11.316720965746057,-21.462335659162093,-3.2967993791405092,6.740936661335468,5.303046770333765,-3.749977022104048,0.7775788410315609,0.8602163137079213,6.635002185164224
EC-Earth-Consortium,EC-Earth3-Veg-LR,r1i1p1f1,gr,historical,1928-05,1928,5,272.1409562314046,232.11582225745508,-185.66070378554085,-283.4475426078509,-2.3602542658802657,-10.839275958600357,21.949001870987264,275.6543792863859,224.5590747925627,-196.4506719906339,-277.14177299595417,-1.8042443237938772,-10.700238938634309,14.116525829932366,-3.513423054981331,7.556747464892368,10.78996820509306,-6.3057696118967215,-0.5560099420863884,-0.13903701996604845,7.832476041054898
EC-Earth-Consortium,EC-Earth3-Veg-LR,r1i1p1f1,gr,historical,1928-06,1928,6,289.96209254489924,266.4844421774623,-170.47955993834668,-308.9997849803527,-1.6897789291465932,-12.320550541433258,62.95686033308231,296.31824615671405,264.6805788578032,-184.2618748228265,-305.99544242897827,-1.3256800948089977,-11.303420968742303,58.11240669916117,-6.356153611814818,1.803863319659115,13.782314884479831,-3.004342551374407,-0.3640988343375955,-1.0171295726909548,4.844453633921141
EC-Earth-Consortium,EC-Earth3-Veg-LR,r1i1p1f1,gr,historical,1928-07,1928,7,217.24267442602869,295.64507975958713,-90.740159974761,-325.02303205190276,-1.4799751355018242,-11.99545213387843,83.64913488957177,225.98526739919413,289.5888849412498,-106.74472434052524,-319.32788691162557,-0.19383547240358012,-10.584539231081097,78.72316638480842,-8.742592973165443,6.05619481833736,16.00456436576424,-5.695145140277191,-1.2861396630982442,-1.4109129027973335,4.925968504763347
EC-Earth-Consortium,EC-Earth3-Veg-LR,r1i1p1f1,gr,historical,1928-08,1928,8,137.5539710080531,292.1646509707255,-46.618036823363916,-324.5156951347245,-2.2128140198323023,-16.278726570468276,40.09334943038961,143.965143639584,285.514983779784,-56.61969220867284,-317.4160441353086,-0.736401837272086,-11.828037470306784,42.8799517678077,-6.411172631530889,6.6496671909415,10.001655385308922,-7.099650999415928,-1.4764121825602163,-4.450689100161492,-2.7866023374180884
EC-Earth-Consortium,EC-Earth3-Veg-LR,r1i1p1f1,gr,historical,1928-09,1928,9,68.49948691518583,264.5332796293169,-24.245058321518822,-304.7889421985403,-2.4769553099337935,-15.570802590411022,-14.048991875901248,72.23187531070974,254.64399326285204,-29.49217390513061,-295.7570914889987,-3.0077420278618163,-14.867742559467041,-16.248881407896377,-3.7323883955239125,9.889286366464859,5.247115583611787,-9.03185070954163,0.5307867179280228,-0.7030600309439805,2.1998895319951295
EC-Earth-Consortium,EC-Earth3-Veg-LR,r1i1p1f1,gr,historical,1928-10,1928,10,19.521388944640428,226.51642659556714,-7.004599704281913,-273.5695504858975,-12.277950112579827,-23.020189069064262,-69.83447383161591,21.17782998279387,219.68910623165684,-9.062038234793288,-263.59941570919926,-7.415014525185129,-17.082779513843093,-56.292311768570094,-1.6564410381534422,6.827320363910303,2.0574385305113756,-9.970134776698217,-4.862935587394698,-5.937409555221169,-13.542162063045815
EC-Earth-Consortium,EC-Earth3-Veg-LR,r1i1p1f1,gr,historical,1928-11,1928,11,3.2361145595828846,195.63305039791908,-0.9595529619783041,-244.09019390843468,-16.39622939526743,-23.309524869489575,-85.88633617766804,3.573632890038961,193.44910051493784,-1.4677800076550447,-237.86279579461424,-8.81039866871152,-15.933404947758362,-67.05164601376235,-0.3375183304560765,2.1839498829812385,0.5082270456767406,-6.227398113820442,-7.58583072655591,-7.376119921731213,-18.83469016390569
EC-Earth-Consortium,EC-Earth3-Veg-LR,r1i1p1f1,gr,historical,1928-12,1928,12,0.7732500421897552,186.73262304502785,-0.30853249480672257,-232.25481485890256,-8.34352340550954,-16.750928268762152,-70.15192594076338,0.8443239133056458,179.53984894273685,-0.40726912356645945,-223.33948846597266,-7.907125970966346,-14.520666974641335,-65.79037767910431,-0.07107387111589059,7.192774102290997,0.09873662875973688,-8.915326392929899,-0.4363974345431938,-2.230261294120817,-4.361548261659067
EC-Earth-Consortium,EC-Earth3-Veg-LR,r1i1p1f1,gr,historical,1929-01,1929,1,1.8595644681603292,171.7512560421611,-0.9893683425578514,-219.85379054308157,-12.481085036022607,-19.174789196814483,-78.88821260815509,1.9670428406081912,174.6451682692201,-1.1134382139788777,-217.91294889189962,-7.277542063475359,-14.28956539960937,-63.98128345913492,-0.10747837244786207,-2.893912227059019,0.12406987142102621,-1.9408416511819553,-5.203542972547249,-4.885223797205114,-14.906929149020165
EC-Earth-Consortium,EC-Earth3-Veg-LR,r1i1p1f1,gr,historical,1929-02,1929,2,12.637157409140649,177.2362779725725,-7.804382108511397,-222.9855775218276,-6.056058328824971,-15.226604745117607,-62.1991873225684,12.445773582853347,174.25857569933385,-8.050053493794298,-217.59834553205962,-6.931894885320205,-14.11158454395435,-59.98752917294128,0.19138382628730177,2.9777022732386627,0.24567138528290133,-5.387231989767969,0.8758365564952344,-1.1150202011632562,-2.2116581496271195
EC-Earth-Consortium,EC-Earth3-Veg-LR,r1i1p1f1,gr,historical,1929-03,1929,3,58.354232649291845,181.763431703162,-40.40445211036166,-228.89205759721412,-8.116490570464558,-15.32445759060241,-52.61979351618889,59.86295421939759,178.6380625638465,-42.42060087439643,-224.19115525659498,-5.777500516309919,-12.96961739527065,-46.8578572593279,-1.5087215701057417,3.1253691393155236,2.0161487640347673,-4.7009023406191375,-2.338990054154639,-2.354840195331761,-5.7619362568609915
EC-Earth-Consortium,EC-Earth3-Veg-LR,r1i1p1f1,gr,historical,1929-04,1929,4,162.08789174003775,195.01182454531806,-116.26496021435803,-246.46704468704303,-4.201885798153197,-12.312369667185996,-22.14654408138442,165.54918549462982,193.94768773026806,-121.36911048471737,-244.71414659154436,-3.5592308420521506,-11.316720965746057,-21.462335659162093,-3.461293754592077,1.0641368150500057,5.104150270359341,-1.752898095498665,-0.6426549561010462,-0.9956487014399382,-0.6842084222223264
EC-Earth-Consortium,EC-Earth3-Veg-LR,r1i1p1f1,gr,historical,1929-05,1929,5,271.69422085834844,227.58567049994534,-186.83761719458315,-280.5328340811637,-2.577076792152243,-11.754418638425943,17.577944651968764,275.6543792863859,224.5590747925627,-196.4506719906339,-277.14177299595417,-1.8042443237938772,-10.700238938634309,14.116525829932366,-3.9601584280374595,3.0265957073826257,9.613054796050761,-3.3910610852095147,-0.7728324683583656,-1.054179699791634,3.461418822036398
EC-Earth-Consortium,EC-Earth3-Veg-LR,r1i1p1f1,gr,historical,1929-06,1929,6,284.30691212252106,272.3606592972118,-164.57153726659544,-311.07043394769556,-0.9312659595371768,-11.844121343533358,68.25021290237136,296.31824615671405,264.6805788578032,-184.2618748228265,-305.99544242897827,-1.3256800948089977,-11.303420968742303,58.11240669916117,-12.011334034192998,7.680080439408584,19.69033755623107,-5.074991518717297,0.3944141352718209,-0.5407003747910544,10.13780620321019
EC-Earth-Consortium,EC-Earth3-Veg-LR,r1i1p1f1,gr,historical,1929-07,1929,7,223.5526086947885,290.321770210217,-93.27458726314391,-322.52822042770566,0.42006509084116433,-10.528711419464232,87.96292488553276,225.98526739919413,289.5888849412498,-106.74472434052524,-319.32788691162557,-0.19383547240358012,-10.584539231081097,78.72316638480842,-2.4326587044056396,0.732885268967209,13.470137077381324,-3.200333516080093,0.6139005632447445,0.05582781161686512,9.239758500724335
EC-Earth-Consortium,EC-Earth3-Veg-LR,r1i1p1f1,gr,historical,1929-08,1929,8,148.46737970771116,286.28106814291294,-53.039412795760434,-321.20717028210595,-0.47708037178699386,-11.859721324095375,48.16506307687533,143.965143639584,285.514983779784,-56.61969220867284,-317.4160441353086,-0.736401837272086,-11.828037470306784,42.8799517678077,4.502236068127161,0.7660843631289254,3.580279412912404,-3.791126146797353,0.2593214654850921,-0.031683853788591065,5.285111309067631
EC-Earth-Consortium,EC-Earth3-Veg-LR,r1i1p1f1,gr,historical,1929-09,1929,9,72.45947704780558,259.6365416404878,-27.69865055292871,-301.35720682828986,-2.8598890968612407,-17.52221292409816,-17.34194071388459,72.23187531070974,254.64399326285204,-29.49217390513061,-295.7570914889987,-3.0077420278618163,-14.867742559467041,-16.248881407896377,0.22760173709583853,4.992548377635757,1.7935233522018983,-5.600115339291165,0.14785293100057562,-2.654470364631118,-1.0930593059882128
EC-Earth-Consortium,EC-Earth3-Veg-LR,r1i1p1f1,gr,historical,1929-10,1929,10,21.754397328826236,221.56510111991852,-8.24799012130428,-268.92721557639584,-10.709454852552126,-23.16889538228762,-67.7340574837951,21.17782998279387,219.68910623165684,-9.062038234793288,-263.59941570919926,-7.415014525185129,-17.082779513843093,-56.292311768570094,0.5765673460323661,1.8759948882616868,0.8140481134890081,-5.327799867196575,-3.2944403273669964,-6.0861158684445265,-11.441745715225004
EC-Earth-Consortium,EC-Earth3-Veg-LR,r1i1p1f1,gr,historical,1929-11,1929,11,3.4215693054805225,203.17763226751595,-1.065824022547038,-247.72999599994856,-7.071326669754504,-17.123920651223173,-66.39186577047681,3.573632890038961,193.44910051493784,-1.4677800076550447,-237.86279579461424,-8.81039866871152,-15.933404947758362,-67.05164601376235,-0.1520635845584386,9.728531752578107,0.4019559851080068,-9.867200205334314,1.739071998957015,-1.1905157034648113,0.6597802432855389
EC-Earth-Consortium,EC-Earth3-Veg-LR,r1i1p1f1,gr,historical,1929-12,1929,12,0.7631466419811654,193.95683512173744,-0.3050307018736322,-235.96347891792303,-6.243291678049885,-14.622460308003726,-62.41427984213165,0.8443239133056458,179.53984894273685,-0.40726912356645945,-223.33948846597266,-7.907125970966346,-14.520666974641335,-65.79037767910431,-0.08117727132448038,14.416986179000588,0.10223842169282726,-12.623990451950363,1.6638342929164613,-0.10179333336239083,3.3760978369726615
EC-Earth-Consortium,EC-Earth3-Veg-LR,r1i1p1f1,gr,historical,1930-01,1930,1,1.8731149010387624,167.36761751100767,-1.0058323767033486,-213.80510981213138,-11.683001735510702,-17.290662108787565,-74.54387362108656,1.9670428406081912,174.6451682692201,-1.1134382139788777,-217.91294889189962,-7.277542063475359,-14.28956539960937,-63.98128345913492,-0.0939279395694288,-7.277550758212442,0.10760583727552908,4.10783907976824,-4.405459672035343,-3.0010967091781957,-10.56259016195164
EC-Earth-Consortium,EC-Earth3-Veg-LR,r1i1p1f1,gr,historical,1930-02,1930,2,11.878995591069247,177.72615700867286,-7.209727946246826,-222.16508506927946,-9.8760090367859,-17.11887879052764,-66.76454824309772,12.445773582853347,174.25857569933385,-8.050053493794298,-217.59834553205962,-6.931894885320205,-14.11158454395435,-59.98752917294128,-0.5667779917841003,3.4675813093390104,0.8403255475474722,-4.566739537219831,-2.944114151465695,-3.007294246573288,-6.777019070156442
EC-Earth-Consortium,EC-Earth3-Veg-LR,r1i1p1f1,gr,historical,1930-03,1930,3,58.08084414787881,179.35329723336997,-39.89244023692274,-226.1328755252676,-7.809667450476367,-14.67426521213029,-51.07510704354823,59.86295421939759,178.6380625638465,-42.42060087439643,-224.19115525659498,-5.777500516309919,-12.96961739527065,-46.8578572593279,-1.7821100715187796,0.7152346695234826,2.5281606374736896,-1.9417202686726114,-2.0321669341664474,-1.7046478168596408,-4.2172497842203285
EC-Earth-Consortium,EC-Earth3-Veg-LR,r1i1p1f1,gr,historical,1930-04,1930,4,164.3411906933219,192.603983862536,-118.97552532199843,-244.89880129456603,-4.9201971381626795,-12.650426881717431,-24.49977608058668,165.54918549462982,193.94768773026806,-121.36911048471737,-244.71414659154436,-3.5592308420521506,-11.316720965746057,-21.462335659162093,-1.2079948013079331,-1.3437038677320459,2.393585162718935,-0.1846547030216641,-1.3609662961105289,-1.3337059159713736,-3.037440421424588
EC-Earth-Consortium,EC-Earth3-Veg-LR,r1i1p1f1,gr,historical,1930-05,1930,5,270.3261941902415,225.88521666222164,-190.4526447026576,-277.192533170291,-1.2387216576336426,-9.809620624957336,17.517890696923573,275.6543792863859,224.5590747925627,-196.4506719906339,-277.14177299595417,-1.8042443237938772,-10.700238938634309,14.116525829932366,-5.328185096144409,1.326141869658926,5.998027287976299,-0.050760174336801356,0.5655226661602346,0.8906183136769723,3.401364866991207
EC-Earth-Consortium,EC-Earth3-Veg-LR,r1i1p1f1,gr,historical,1930-06,1930,6,290.28848018767115,268.6370926312797,-172.5959754973262,-309.0235959690599,-1.9854044190868347,-12.81757928051614,62.50301765296177,296.31824615671405,264.6805788578032,-184.2618748228265,-305.99544242897827,-1.3256800948089977,-11.303420968742303,58.11240669916117,-6.029765969042899,3.9565137734765017,11.665899325500305,-3.0281535400816324,-0.659724324277837,-1.514158311773837,4.3906109538006035
EC-Earth-Consortium,EC-Earth3-Veg-LR,r1i1p1f1,gr,historical,1930-07,1930,7,221.48168073510837,294.18351986158984,-95.5628778438246,-323.066340621241,0.7772418589378821,-9.508316063975224,88.30490792659529,225.98526739919413,289.5888849412498,-106.74472434052524,-319.32788691162557,-0.19383547240358012,-10.584539231081097,78.72316638480842,-4.503586664085759,4.59463492034007,11.181846496700643,-3.7384537096154418,0.9710773313414622,1.0762231671058728,9.581741541786869
EC-Earth-Consortium,EC-Earth3-Veg-LR,r1i1p1f1,gr,historical,1930-08,1930,8,142.07589939757602,292.99038220158195,-49.67378376622725,-323.9571262725375,-1.8822805748926141,-13.110232849529712,46.44285813597088,143.965143639584,285.514983779784,-56.61969220867284,-317.4160441353086,-0.736401837272086,-11.828037470306784,42.8799517678077,-1.889244242007976,7.475398421797934,6.945908442445585,-6.541082137228898,-1.1458787376205282,-1.2821953792229284,3.5629063681631834
EC-Earth-Consortium,EC-Earth3-Veg-LR,r1i1p1f1,gr,historical,1930-09,1930,9,71.70834529237392,260.13911012960585,-26.734630313662166,-302.4233185588187,-4.552510469814762,-17.570715710261357,-19.433719630577276,72.23187531070974,254.64399326285204,-29.49217390513061,-295.7570914889987,-3.0077420278618163,-14.867742559467041,-16.248881407896377,-0.5235300183358191,5.495116866753818,2.757543591468444,-6.6662270698200246,-1.5447684419529457,-2.7029731507943158,-3.1848382226808987
EC-Earth-Consortium,EC-Earth3-Veg-LR,r1i1p1f1,gr,historical,1930-10,1930,10,21.354115055447053,231.0999827080152,-7.819427420221886,-275.0363413036109,-10.293418577354899,-21.446877613311283,-62.141967151036766,21.17782998279387,219.68910623165684,-9.062038234793288,-263.59941570919926,-7.415014525185129,-17.082779513843093,-56.292311768570094,0.17628507265318305,11.410876476358368,1.2426108145714023,-11.436925594411662,-2.8784040521697696,-4.36409809946819,-5.849655382466672
EC-Earth-Consortium,EC-Earth3-Veg-LR,r1i1p1f1,gr,historical,1930-11,1930,11,3.235111286225008,197.9514818203996,-1.0442747631559046,-242.09619352336557,-9.452468257504238,-15.450146552331361,-66.85648998973244,3.573632890038961,193.44910051493784,-1.4677800076550447,-237.86279579461424,-8.81039866871152,-15.933404947758362,-67.05164601376235,-0.33852160381395313,4.502381305461768,0.42350524449914007,-4.233397728751328,-0.6420695887927188,0.48325839542700066,0.19515602402991306
EC-Earth-Consortium,EC-Earth3-Veg-LR,r1i1p1f1,gr,historical,1930-12,1930,12,0.7353747589509361,189.8450107480056,-0.31240584440344826,-233.21994861643813,-12.027352159466414,-18.980896998286994,-73.96021811163847,0.8443239133056458,179.53984894273685,-0.40726912356645945,-223.33948846597266,-7.907125970966346,-14.520666974641335,-65.79037767910431,-0.10894915435470975,10.305161805268739,0.09486327916301118,-9.880460150465467,-4.120226188500068,-4.460230023645659,-8.169840432534158
EC-Earth-Consortium,EC-Earth3-Veg-LR,r1i1p1f1,gr,historical,1931-01,1931,1,1.976722335486683,184.10207571630525,-1.0510935357365336,-223.8791667519716,-6.169924770908334,-13.931523088562662,-58.95291009538721,1.9670428406081912,174.6451682692201,-1.1134382139788777,-217.91294889189962,-7.277542063475359,-14.28956539960937,-63.98128345913492,0.009679494878491735,9.456907447085143,0.06234467824234402,-5.966217860071993,1.1076172925670251,0.3580423110467077,5.028373363747711
EC-Earth-Consortium,EC-Earth3-Veg-LR,r1i1p1f1,gr,historical,1931-02,1931,2,12.128479430727072,173.5022789684129,-7.4577183451083116,-219.50156083236118,-8.780434570199976,-17.721718589357806,-67.83067393788728,12.445773582853347,174.25857569933385,-8.050053493794298,-217.59834553205962,-6.931894885320205,-14.11158454395435,-59.98752917294128,-0.31729415212627465,-0.7562967309209512,0.5923351486859865,-1.9032153003015537,-1.8485396848797704,-3.6101340454034556,-7.843144764946004
EC-Earth-Consortium,EC-Earth3-Veg-LR,r1i1p1f1,gr,historical,1931-03,1931,3,59.80179181514774,168.2649720541295,-41.735923924273614,-215.95496790770693,-11.251916788319143,-15.873318418955135,-56.74936316997759,59.86295421939759,178.6380625638465,-42.42060087439643,-224.19115525659498,-5.777500516309919,-12.96961739527065,-46.8578572593279,-0.06116240424984909,-10.373090509717002,0.6846769501228138,8.236187348888052,-5.474416272009224,-2.9037010236844853,-9.891505910649691
EC-Earth-Consortium,EC-Earth3-Veg-LR,r1i1p1f1,gr,historical,1931-04,1931,4,160.8287390412228,193.60439093609696,-117.58785921380212,-243.63112748139784,-4.1599548151516625,-12.195226657955482,-23.141038190987338,165.54918549462982,193.94768773026806,-121.36911048471737,-244.71414659154436,-3.5592308420521506,-11.316720965746057,-21.462335659162093,-4.720446453407021,-0.3432967941710956,3.7812512709152486,1.0830191101465232,-0.600723973099512,-0.8785056922094245,-1.6787025318252446
EC-Earth-Consortium,EC-Earth3-Veg-LR,r1i1p1f1,gr,historical,1931-05,1931,5,268.71789273575246,233.37698697490407,-187.8426449582553,-284.1452673118144,-1.5530156845247551,-11.807128074041445,16.746823682020654,275.6543792863859,224.5590747925627,-196.4506719906339,-277.14177299595417,-1.8042443237938772,-10.700238938634309,14.116525829932366,-6.936486550633447,8.81791218234136,8.608027032378601,-7.003494315860223,0.2512286392691221,-1.1068891354071368,2.6302978520882885
EC-Earth-Consortium,EC-Earth3-Veg-LR,r1i1p1f1,gr,historical,1931-06,1931,6,285.1741358393469,272.90030179847395,-170.5224600166279,-311.5733610870358,-2.4706460909783474,-13.701208266840336,59.806762176338566,296.31824615671405,264.6805788578032,-184.2618748228265,-305.99544242897827,-1.3256800948089977,-11.303420968742303,58.11240669916117,-11.144110317367165,8.21972294067075,13.739414806198624,-5.577918658057513,-1.1449659961693497,-2.3977872980980326,1.694355477177396
EC-Earth-Consortium,EC-Earth3-Veg-LR,r1i1p1f1,gr,historical,1931-07,1931,7,223.52973116354843,293.2793156034796,-96.34815901148677,-324.11558455127056,-1.9542291704981452,-13.519910774270796,80.87116325950176,225.98526739919413,289.5888849412498,-106.74472434052524,-319.32788691162557,-0.19383547240358012,-10.584539231081097,78.72316638480842,-2.4555362356456953,3.690430662229801,10.396565329038467,-4.787697639644989,-1.760393698094565,-2.9353715431896994,2.147996874693334
EC-Earth-Consortium,EC-Earth3-Veg-LR,r1i1p1f1,gr,historical,1931-08,1931,8,140.08452926153967,292.65418601137935,-49.34910012000761,-323.67509718873094,-1.6803869728389595,-13.653495046118234,44.38063594522326,143.965143639584,285.514983779784,-56.61969220867284,-317.4160441353086,-0.736401837272086,-11.828037470306784,42.8799517678077,-3.880614378044328,7.139202231595334,7.270592088665225,-6.259053053422349,-0.9439851355668736,-1.8254575758114502,1.5006841774155646
EC-Earth-Consortium,EC-Earth3-Veg-LR,r1i1p1f1,gr,historical,1931-09,1931,9,73.32648614386855,259.7002902095811,-26.659644082289702,-301.7906425103558,-2.292093001931502,-14.384508673764715,-12.100111914891981,72.23187531070974,254.64399326285204,-29.49217390513061,-295.7570914889987,-3.0077420278618163,-14.867742559467041,-16.248881407896377,1.0946108331588107,5.056296946729077,2.8325298228409075,-6.033551021357084,0.7156490259303143,0.48323388570232595,4.148769493004396
EC-Earth-Consortium,EC-Earth3-Veg-LR,r1i1p1f1,gr,historical,1931-10,1931,10,20.336615130238258,224.65176119294273,-7.524784910903304,-268.7229256495578,-7.085852645616729,-16.89787885026384,-55.24306573316065,21.17782998279387,219.68910623165684,-9.062038234793288,-263.59941570919926,-7.415014525185129,-17.082779513843093,-56.292311768570094,-0.8412148525556127,4.962654961285892,1.537253323889984,-5.123509940358531,0.3291618795684004,0.18490066357925272,1.0492460354094462
EC-Earth-Consortium,EC-Earth3-Veg-LR,r1i1p1f1,gr,historical,1931-11,1931,11,3.354610109028765,203.8103197371612,-1.02317097379343,-247.5736194283108,-6.297712136834642,-16.219349495178527,-63.94892218792745,3.573632890038961,193.44910051493784,-1.4677800076550447,-237.86279579461424,-8.81039866871152,-15.933404947758362,-67.05164601376235,-0.2190227810101959,10.361219222223355,0.44460903386161466,-9.710823633696549,2.512686531876877,-0.28594454742016495,3.1027238258349
EC-Earth-Consortium,EC-Earth3-Veg-LR,r1i1p1f1,gr,historical,1931-12,1931,12,0.7722125752081117,186.72862820569384,-0.28704938494945087,-233.17422669841585,-8.714857552794173,-19.213285490770197,-73.88857834602774,0.8443239133056458,179.53984894273685,-0.40726912356645945,-223.33948846597266,-7.907125970966346,-14.520666974641335,-65.79037767910431,-0.07211133809753412,7.188779262956984,0.12021973861700858,-9.834738232443186,-0.8077315818278272,-4.692618516128862,-8.098200666923432
EC-Earth-Consortium,EC-Earth3-Veg-LR,r1i1p1f1,gr,historical,1932-01,1932,1,1.8570429402152286,169.5724216935659,-0.9370041588572944,-215.6400385603009,-13.614693329580351,-20.137598592224407,-78.89987000718182,1.9670428406081912,174.6451682692201,-1.1134382139788777,-217.91294889189962,-7.277542063475359,-14.28956539960937,-63.98128345913492,-0.10999990039296259,-5.072746575654207,0.17643405512158328,2.272910331598723,-6.337151266104993,-5.848033192615038,-14.918586548046896
EC-Earth-Consortium,EC-Earth3-Veg-LR,r1i1p1f1,gr,historical,1932-02,1932,2,12.573743123573351,169.57997675025976,-7.692685725596169,-216.0718691706465,-9.82205920431626,-18.38457232140799,-69.81746654813381,12.445773582853347,174.25857569933385,-8.050053493794298,-217.59834553205962,-6.931894885320205,-14.11158454395435,-59.98752917294128,0.1279695407200041,-4.678598949074086,0.3573677681981291,1.5264763614131311,-2.890164318996054,-4.27298777745364,-9.829937375192529
EC-Earth-Consortium,EC-Earth3-Veg-LR,r1i1p1f1,gr,historical,1932-03,1932,3,59.83630533885384,185.67484905206723,-41.501179391847394,-231.37656777630966,-3.4281466112791157,-13.869994609805987,-44.66473399832108,59.86295421939759,178.6380625638465,-42.42060087439643,-224.19115525659498,-5.777500516309919,-12.96961739527065,-46.8578572593279,-0.026648880543746145,7.036786488220741,0.9194214825490334,-7.185412519714674,2.3493539050308034,-0.9003772145353377,2.193123261006818
EC-Earth-Consortium,EC-Earth3-Veg-LR,r1i1p1f1,gr,historical,1932-04,1932,4,163.6376417222716,203.39462486333372,-118.05747887524053,-252.16838397984048,-6.687611654281481,-14.484248831923836,-24.365456755680995,165.54918549462982,193.94768773026806,-121.36911048471737,-244.71414659154436,-3.5592308420521506,-11.316720965746057,-21.462335659162093,-1.9115437723582147,9.44693713306566,3.3116316094768337,-7.4542373882961215,-3.1283808122293304,-3.167527866177778,-2.903121096518902
EC-Earth-Consortium,EC-Earth3-Veg-LR,r1i1p1f1,gr,historical,1932-05,1932,5,274.5291205810363,224.89131216425267,-193.78278811122135,-278.11637775658454,-3.875882614509207,-12.857080268619093,10.78830399435477,275.6543792863859,224.5590747925627,-196.4506719906339,-277.14177299595417,-1.8042443237938772,-10.700238938634309,14.116525829932366,-1.1252587053496086,0.33223737168995626,2.667883879412557,-0.9746047606303705,-2.0716382907153297,-2.1568413299847844,-3.3282218355775957
EC-Earth-Consortium,EC-Earth3-Veg-LR,r1i1p1f1,gr,historical,1932-06,1932,6,283.5816786424943,274.2075652846163,-171.44426316182893,-311.1811237565064,-1.217009429339594,-10.887088210835286,63.05975936860044,296.31824615671405,264.6805788578032,-184.2618748228265,-305.99544242897827,-1.3256800948089977,-11.303420968742303,58.11240669916117,-12.736567514219757,9.526986426813096,12.817611660997585,-5.18568132752813,0.10867066546940363,0.41633275790701774,4.947352669439269
EC-Earth-Consortium,EC-Earth3-Veg-LR,r1i1p1f1,gr,historical,1932-07,1932,7,224.68853304587364,290.87669652086294,-102.76160133485435,-320.8911115028906,-0.09027513735991415,-10.537704651880421,81.28453693975126,225.98526739919413,289.5888849412498,-106.74472434052524,-319.32788691162557,-0.19383547240358012,-10.584539231081097,78.72316638480842,-1.2967343533204883,1.2878115796131624,3.9831230056708904,-1.5632245912650546,0.10356033504366598,0.046834579200675464,2.5613705549428403
EC-Earth-Consortium,EC-Earth3-Veg-LR,r1i1p1f1,gr,historical,1932-08,1932,8,137.8665715657442,292.7234665113153,-49.004509443932285,-322.98790711538874,-2.156755568062794,-14.48394562555139,41.95692032412426,143.965143639584,285.514983779784,-56.61969220867284,-317.4160441353086,-0.736401837272086,-11.828037470306784,42.8799517678077,-6.09857207383979,7.208482731531262,7.615182764740553,-5.571862980080141,-1.4203537307907081,-2.6559081552446067,-0.9230314436834348
EC-Earth-Consortium,EC-Earth3-Veg-LR,r1i1p1f1,gr,historical,1932-09,1932,9,67.75156460428308,264.3595226568049,-25.40681005945542,-302.66049712803795,-1.677156627415612,-14.045587520605158,-11.678964074426137,72.23187531070974,254.64399326285204,-29.49217390513061,-295.7570914889987,-3.0077420278618163,-14.867742559467041,-16.248881407896377,-4.480310706426664,9.715529393952892,4.0853638456751895,-6.903405639039249,1.3305854004462043,0.822155038861883,4.56991733347024
EC-Earth-Consortium,EC-Earth3-Veg-LR,r1i1p1f1,gr,historical,1932-10,1932,10,19.96037122714714,225.7115989003553,-7.263344007776135,-270.15565830546353,-5.399820868196798,-17.12463891860726,-54.271491972541284,21.17782998279387,219.68910623165684,-9.062038234793288,-263.59941570919926,-7.415014525185129,-17.082779513843093,-56.292311768570094,-1.2174587556467316,6.022492668698476,1.7986942270171529,-6.556242596264269,2.0151936569883313,-0.04185940476416761,2.0208197960288103
EC-Earth-Consortium,EC-Earth3-Veg-LR,r1i1p1f1,gr,historical,1932-11,1932,11,3.1068410940084155,199.12152872464495,-1.0219801280006346,-242.23569940355787,-8.336147366741015,-16.61619541063621,-65.98165249028236,3.573632890038961,193.44910051493784,-1.4677800076550447,-237.86279579461424,-8.81039866871152,-15.933404947758362,-67.05164601376235,-0.46679179603054566,5.672428209707107,0.44579987965441004,-4.372903608943631,0.47425130197050436,-0.682790462877847,1.0699935234799938
EC-Earth-Consortium,EC-Earth3-Veg-LR,r1i1p1f1,gr,historical,1932-12,1932,12,0.7727689514752321,176.98121295196037,-0.3044483303012659,-224.2695904514905,-17.243856722117687,-22.487513516914905,-86.55142711738874,0.8443239133056458,179.53984894273685,-0.40726912356645945,-223.33948846597266,-7.907125970966346,-14.520666974641335,-65.79037767910431,-0.07155496183041377,-2.55863599077648,0.10282079326519356,-0.9301019855178367,-9.336730751151341,-7.96684654227357,-20.76104943828443
EC-Earth-Consortium,EC-Earth3-Veg-LR,r1i1p1f1,gr,historical,1933-01,1933,1,1.8417447591706806,182.14298398671306,-0.9595973722819763,-225.7679823547218,-7.483324176312525,-16.877009587366715,-67.10318474479924,1.9670428406081912,174.6451682692201,-1.1134382139788777,-217.91294889189962,-7.277542063475359,-14.28956539960937,-63.98128345913492,-0.12529808143751064,7.497815717492955,0.15384084169690138,-7.855033462822178,-0.2057821128371664,-2.5874441877573453,-3.1219012856643147
EC-Earth-Consortium,EC-Earth3-Veg-LR,r1i1p1f1,gr,historical,1933-02,1933,2,12.369979951577296,172.17923851167322,-7.717835513320946,-215.24723937057058,-7.407536381794362,-13.844475427324001,-59.667868229759364,12.445773582853347,174.25857569933385,-8.050053493794298,-217.59834553205962,-6.931894885320205,-14.11158454395435,-59.98752917294128,-0.07579363127605099,-2.0793371876606273,0.33221798047335227,2.3511061614890423,-0.47564149647415643,0.2671091166303494,0.3196609431819155
EC-Earth-Consortium,EC-Earth3-Veg-LR,r1i1p1f1,gr,historical,1933-03,1933,3,59.16188127532802,181.40816149140704,-41.007000820310964,-226.20549422567584,-4.782363036832431,-13.423071886861003,-44.84788720294516,59.86295421939759,178.6380625638465,-42.42060087439643,-224.19115525659498,-5.777500516309919,-12.96961739527065,-46.8578572593279,-0.7010729440695656,2.7700989275605536,1.4136000540854639,-2.0143389690808533,0.9951374794774885,-0.4534544915903531,2.009970056382741
EC-Earth-Consortium,EC-Earth3-Veg-LR,r1i1p1f1,gr,historical,1933-04,1933,4,163.6614487121333,196.8324787657118,-117.22679606137575,-247.90617247243387,-4.149707580974216,-12.37376750227596,-21.162516139214702,165.54918549462982,193.94768773026806,-121.36911048471737,-244.71414659154436,-3.5592308420521506,-11.316720965746057,-21.462335659162093,-1.8877367824965177,2.8847910354437545,4.142314423341617,-3.192025880889503,-0.5904767389220651,-1.0570465365299029,0.2998195199473912
EC-Earth-Consortium,EC-Earth3-Veg-LR,r1i1p1f1,gr,historical,1933-05,1933,5,271.9710986696335,226.45189541485362,-191.14761071752895,-280.7645899947082,-3.5771010145585755,-14.556839792238614,8.376852565452717,275.6543792863859,224.5590747925627,-196.4506719906339,-277.14177299595417,-1.8042443237938772,-10.700238938634309,14.116525829932366,-3.683280616752427,1.8928206222909125,5.303061273104959,-3.622816998754047,-1.7728566907646983,-3.8566008536043057,-5.739673264479649
EC-Earth-Consortium,EC-Earth3-Veg-LR,r1i1p1f1,gr,historical,1933-06,1933,6,290.5870728703707,270.7812178345109,-174.9598211366802,-310.2380726207918,-0.8133254267510778,-11.517309634331049,63.83976188632757,296.31824615671405,264.6805788578032,-184.2618748228265,-305.99544242897827,-1.3256800948089977,-11.303420968742303,58.11240669916117,-5.731173286343335,6.100638976707728,9.302053686146309,-4.242630191813532,0.51235466805792,-0.21388866558874575,5.727355187166403
EC-Earth-Consortium,EC-Earth3-Veg-LR,r1i1p1f1,gr,historical,1933-07,1933,7,214.50416108252034,296.1526813886775,-91.93500703626776,-322.73551053550875,1.7074702172174823,-9.985011778190547,87.70878333844826,225.98526739919413,289.5888849412498,-106.74472434052524,-319.32788691162557,-0.19383547240358012,-10.584539231081097,78.72316638480842,-11.481106316673788,6.5637964474277055,14.809717304257475,-3.4076236238831825,1.9013056896210623,0.5995274528905501,8.985616953639834
EC-Earth-Consortium,EC-Earth3-Veg-LR,r1i1p1f1,gr,historical,1933-08,1933,8,140.8244812424434,290.4276258969472,-45.10403757035618,-322.68749307675347,-2.2167161405518834,-13.894015083383264,47.349845268345746,143.965143639584,285.514983779784,-56.61969220867284,-317.4160441353086,-0.736401837272086,-11.828037470306784,42.8799517678077,-3.140662397140602,4.912642117163159,11.515654638316654,-5.2714489414448735,-1.4803143032797974,-2.0659776130764804,4.469893500538049
EC-Earth-Consortium,EC-Earth3-Veg-LR,r1i1p1f1,gr,historical,1933-09,1933,9,71.17481662571369,264.12708251056796,-24.65487172051481,-305.03351296046725,-3.1233438226499692,-16.353291043120215,-13.863120410470591,72.23187531070974,254.64399326285204,-29.49217390513061,-295.7570914889987,-3.0077420278618163,-14.867742559467041,-16.248881407896377,-1.0570586849960506,9.483089247715924,4.837302184615801,-9.276421471468552,-0.11560179478815291,-1.485548483653174,2.385760997425786
EC-Earth-Consortium,EC-Earth3-Veg-LR,r1i1p1f1,gr,historical,1933-10,1933,10,21.45131186989474,227.50188204977664,-7.825321081909003,-273.27968237168,-9.218015724473254,-19.701224520305647,-61.07104977869653,21.17782998279387,219.68910623165684,-9.062038234793288,-263.59941570919926,-7.415014525185129,-17.082779513843093,-56.292311768570094,0.2734818871008713,7.812775818119803,1.2367171528842853,-9.680266662480733,-1.8030011992881247,-2.6184450064625544,-4.778738010126439
EC-Earth-Consortium,EC-Earth3-Veg-LR,r1i1p1f1,gr,historical,1933-11,1933,11,3.452269992285277,205.80628264341442,-1.2630654785580278,-249.65008294828456,-10.491879369379962,-18.69969460846798,-70.84616976899083,3.573632890038961,193.44910051493784,-1.4677800076550447,-237.86279579461424,-8.81039866871152,-15.933404947758362,-67.05164601376235,-0.12136289775368425,12.35718212847658,0.20471452909701693,-11.78728715367032,-1.681480700668443,-2.7662896607096172,-3.7945237552284823
EC-Earth-Consortium,EC-Earth3-Veg-LR,r1i1p1f1,gr,historical,1933-12,1933,12,0.8312969115357307,184.38669348224565,-0.3927683671099066,-230.060374677267,-9.63412245312362,-17.78172007666803,-72.65099518038718,0.8443239133056458,179.53984894273685,-0.40726912356645945,-223.33948846597266,-7.907125970966346,-14.520666974641335,-65.79037767910431,-0.013027001769915114,4.846844539508794,0.014500756456552855,-6.720886211294328,-1.7269964821572739,-3.261053102026695,-6.860617501282874
EC-Earth-Consortium,EC-Earth3-Veg-LR,r1i1p1f1,gr,historical,1934-01,1934,1,1.943648489596997,178.52123401113434,-1.0702665098092012,-225.75582906916748,-17.991001917423315,-23.777218215765252,-88.1294332114339,1.9670428406081912,174.6451682692201,-1.1134382139788777,-217.91294889189962,-7.277542063475359,-14.28956539960937,-63.98128345913492,-0.023394351011194248,3.876065741914232,0.04317170416967642,-7.842880177267858,-10.713459853947956,-9.487652816155883,-24.148149752298984
EC-Earth-Consortium,EC-Earth3-Veg-LR,r1i1p1f1,gr,historical,1934-02,1934,2,11.961804617334899,184.1074708291356,-7.631809055442172,-227.80113403419384,-9.796678130298757,-17.134072334639285,-66.29441810810356,12.445773582853347,174.25857569933385,-8.050053493794298,-217.59834553205962,-6.931894885320205,-14.11158454395435,-59.98752917294128,-0.48396896551844826,9.848895129801747,0.41824443835212577,-10.202788502134212,-2.8647832449785513,-3.0224877906849343,-6.306888935162277
EC-Earth-Consortium,EC-Earth3-Veg-LR,r1i1p1f1,gr,historical,1934-03,1934,3,57.92338977439015,182.92964266379104,-39.70297120105214,-229.35352487229352,-5.05706464962755,-13.278840418898625,-46.53936870369061,59.86295421939759,178.6380625638465,-42.42060087439643,-224.19115525659498,-5.777500516309919,-12.96961739527065,-46.8578572593279,-1.9395644450074343,4.291580099944554,2.717629673344291,-5.1623696156985375,0.7204358666823687,-0.3092230236279754,0.3184885556372876
EC-Earth-Consortium,EC-Earth3-Veg-LR,r1i1p1f1,gr,historical,1934-04,1934,4,159.554252086286,192.35684164684417,-113.47019478929214,-246.12943829837567,-5.149209634280174,-13.913762699366737,-26.751511688184507,165.54918549462982,193.94768773026806,-121.36911048471737,-244.71414659154436,-3.5592308420521506,-11.316720965746057,-21.462335659162093,-5.994933408343826,-1.5908460834238838,7.898915695425231,-1.4152917068313116,-1.5899787922280235,-2.5970417336206797,-5.289176029022414
EC-Earth-Consortium,EC-Earth3-Veg-LR,r1i1p1f1,gr,historical,1934-05,1934,5,270.1337539082035,226.14812793735354,-184.82015979264492,-281.1155794393099,-2.8560859199494524,-13.336027064463229,14.154029629189557,275.6543792863859,224.5590747925627,-196.4506719906339,-277.14177299595417,-1.8042443237938772,-10.700238938634309,14.116525829932366,-5.5206253781823875,1.5890531447908245,11.630512197988992,-3.973806443355727,-1.0518415961555752,-2.6357881258289204,0.03750379925719116
EC-Earth-Consortium,EC-Earth3-Veg-LR,r1i1p1f1,gr,historical,1934-06,1934,6,287.43593651494285,270.87460570910696,-162.25306467043708,-312.4897464373447,-3.5729340253706954,-15.37790283254281,64.61689425835456,296.31824615671405,264.6805788578032,-184.2618748228265,-305.99544242897827,-1.3256800948089977,-11.303420968742303,58.11240669916117,-8.8823096417712,6.194026851303761,22.00881015238943,-6.494304008366441,-2.2472539305616976,-4.074481863800507,6.504487559193393
EC-Earth-Consortium,EC-Earth3-Veg-LR,r1i1p1f1,gr,historical,1934-07,1934,7,222.32227027735442,293.5957505650461,-92.88062091226408,-323.3841959995173,0.0007752441655490608,-10.814455152464538,88.83952402232018,225.98526739919413,289.5888849412498,-106.74472434052524,-319.32788691162557,-0.19383547240358012,-10.584539231081097,78.72316638480842,-3.662997121839709,4.00686562379633,13.86410342826116,-4.056309087891748,0.19461071656912918,-0.22991592138344075,10.116357637511754
EC-Earth-Consortium,EC-Earth3-Veg-LR,r1i1p1f1,gr,historical,1934-08,1934,8,141.26931412273413,289.73583996706884,-46.84890326949445,-322.98841977272735,-2.2692542661434376,-15.02430138724596,43.87427539419183,143.965143639584,285.514983779784,-56.61969220867284,-317.4160441353086,-0.736401837272086,-11.828037470306784,42.8799517678077,-2.6958295168498694,4.220856187284824,9.770788939178388,-5.572375637418759,-1.5328524288713516,-3.1962639169391753,0.99432362638413
EC-Earth-Consortium,EC-Earth3-Veg-LR,r1i1p1f1,gr,historical,1934-09,1934,9,68.4056876391144,271.3621818812946,-24.097563131051345,-307.75964656820696,-1.5487145048813207,-14.253038394358285,-7.89109307808889,72.23187531070974,254.64399326285204,-29.49217390513061,-295.7570914889987,-3.0077420278618163,-14.867742559467041,-16.248881407896377,-3.826187671595335,16.718188618442554,5.394610774079265,-12.002555079208264,1.4590275229804957,0.6147041651087566,8.357788329807487
EC-Earth-Consortium,EC-Earth3-Veg-LR,r1i1p1f1,gr,historical,1934-10,1934,10,20.633525658639424,237.4835075631137,-7.082549203059182,-281.20889521741753,-10.898817465207813,-22.41869142829488,-63.49192009222631,21.17782998279387,219.68910623165684,-9.062038234793288,-263.59941570919926,-7.415014525185129,-17.082779513843093,-56.292311768570094,-0.5443043241544459,17.794401331456868,1.979489031734106,-17.60947950821827,-3.4838029400226835,-5.335911914451788,-7.199608323656214
EC-Earth-Consortium,EC-Earth3-Veg-LR,r1i1p1f1,gr,historical,1934-11,1934,11,3.393419023374611,200.29564851793143,-1.0637004113409756,-248.905495514149,-15.093971817658836,-20.890275183500155,-82.26437538534296,3.573632890038961,193.44910051493784,-1.4677800076550447,-237.86279579461424,-8.81039866871152,-15.933404947758362,-67.05164601376235,-0.18021386666435024,6.846548002993586,0.4040795963140691,-11.042699719534767,-6.283573148947317,-4.956870235741793,-15.212729371580608
EC-Earth-Consortium,EC-Earth3-Veg-LR,r1i1p1f1,gr,historical,1934-12,1934,12,0.7940216967729555,180.03078611383813,-0.3609636268423163,-227.05517836792237,-10.802878705684977,-17.531461693138333,-74.92567458297691,0.8443239133056458,179.53984894273685,-0.40726912356645945,-223.33948846597266,-7.907125970966346,-14.520666974641335,-65.79037767910431,-0.05030221653269029,0.49093717110127955,0.046305496724143136,-3.715689901949702,-2.8957527347186307,-3.0107947184969976,-9.1352969038726
EC-Earth-Consortium,EC-Earth3-Veg-LR,r1i1p1f1,gr,historical,1935-01,1935,1,1.9234281735480763,177.8915321122085,-1.0577450627933394,-221.9141988704451,-7.527836778625868,-15.414294555601817,-66.09911498170955,1.9670428406081912,174.6451682692201,-1.1134382139788777,-217.91294889189962,-7.277542063475359,-14.28956539960937,-63.98128345913492,-0.043614667060114964,3.246363842988387,0.0556931511855383,-4.001249978545474,-0.2502947151505097,-1.1247291559924477,-2.117831522574626
EC-Earth-Consortium,EC-Earth3-Veg-LR,r1i1p1f1,gr,historical,1935-02,1935,2,11.941649716705086,180.6706569819434,-7.29305264959144,-226.5120224900229,-8.498910309202575,-17.71689094652556,-67.40856969669397,12.445773582853347,174.25857569933385,-8.050053493794298,-217.59834553205962,-6.931894885320205,-14.11158454395435,-59.98752917294128,-0.5041238661482605,6.412081282609563,0.7570008442028584,-8.913676957963276,-1.5670154238823697,-3.605306402571209,-7.421040523752694
EC-Earth-Consortium,EC-Earth3-Veg-LR,r1i1p1f1,gr,historical,1935-03,1935,3,58.450940293525356,192.97070061207367,-39.30162949658343,-238.0654991854232,-7.574180408054955,-16.262376273489703,-49.78204445795225,59.86295421939759,178.6380625638465,-42.42060087439643,-224.19115525659498,-5.777500516309919,-12.96961739527065,-46.8578572593279,-1.4120139258722304,14.332638048227182,3.118971377812997,-13.87434392882821,-1.7966798917450362,-3.292758878219054,-2.9241871986243524
EC-Earth-Consortium,EC-Earth3-Veg-LR,r1i1p1f1,gr,historical,1935-04,1935,4,161.21304285771816,199.06873273984056,-115.38183569436816,-252.133018746927,-8.3259510735675,-16.21498202424347,-31.774011941547393,165.54918549462982,193.94768773026806,-121.36911048471737,-244.71414659154436,-3.5592308420521506,-11.316720965746057,-21.462335659162093,-4.33614263691166,5.121045009572498,5.987274790349204,-7.418872155382644,-4.76672023151535,-4.898261058497411,-10.3116762823853
EC-Earth-Consortium,EC-Earth3-Veg-LR,r1i1p1f1,gr,historical,1935-05,1935,5,269.03144715556255,229.62908871959107,-185.27452095183887,-281.99844459714296,-3.133317234311517,-12.200382860044748,16.05387023181552,275.6543792863859,224.5590747925627,-196.4506719906339,-277.14177299595417,-1.8042443237938772,-10.700238938634309,14.116525829932366,-6.622932130823358,5.070013927028356,11.176151038795041,-4.856671601188793,-1.32907291051764,-1.500143921410439,1.9373444018831538
EC-Earth-Consortium,EC-Earth3-Veg-LR,r1i1p1f1,gr,historical,1935-06,1935,6,300.82965368267753,262.1673130438434,-175.50259724083156,-308.2358241588566,-2.685473919190596,-12.556476097938623,64.01659530970352,296.31824615671405,264.6805788578032,-184.2618748228265,-305.99544242897827,-1.3256800948089977,-11.303420968742303,58.11240669916117,4.511407525963477,-2.5132658139597766,8.75927758199495,-2.2403817298783224,-1.3597938243815983,-1.2530551291963192,5.904188610542349
EC-Earth-Consortium,EC-Earth3-Veg-LR,r1i1p1f1,gr,historical,1935-07,1935,7,225.73395216966247,293.20588226718706,-94.40493254523615,-324.1914981547157,0.0065786505610768015,-11.470373794960976,88.8796085924978,225.98526739919413,289.5888849412498,-106.74472434052524,-319.32788691162557,-0.19383547240358012,-10.584539231081097,78.72316638480842,-0.25131522953165586,3.616997325937291,12.339791795289088,-4.8636112430901335,0.20041412296465694,-0.8858345638798788,10.15644220768938
EC-Earth-Consortium,EC-Earth3-Veg-LR,r1i1p1f1,gr,historical,1935-08,1935,8,141.16794578432047,290.2334080062479,-48.00846774796643,-323.23960431509124,-1.8912304937450948,-15.072617778347821,43.18943345541774,143.965143639584,285.514983779784,-56.61969220867284,-317.4160441353086,-0.736401837272086,-11.828037470306784,42.8799517678077,-2.7971978552635335,4.718424226463867,8.61122446070641,-5.823560179782646,-1.1548286564730088,-3.244580308041037,0.30948168761004524
EC-Earth-Consortium,EC-Earth3-Veg-LR,r1i1p1f1,gr,historical,1935-09,1935,9,68.95078275491285,269.1290512055999,-24.073681309391848,-307.44106352850287,-4.050973810084431,-16.847831402312725,-14.333716089779136,72.23187531070974,254.64399326285204,-29.49217390513061,-295.7570914889987,-3.0077420278618163,-14.867742559467041,-16.248881407896377,-3.2810925557968886,14.485057942747886,5.418492595738762,-11.68397203950417,-1.0432317822226143,-1.9800888428456833,1.915165318117241
EC-Earth-Consortium,EC-Earth3-Veg-LR,r1i1p1f1,gr,historical,1935-10,1935,10,21.161745411315103,226.05251818393737,-7.687651928840563,-272.88050106742577,-9.202584487095345,-19.625312096000435,-62.181785984109624,21.17782998279387,219.68910623165684,-9.062038234793288,-263.59941570919926,-7.415014525185129,-17.082779513843093,-56.292311768570094,-0.01608457147876763,6.363411952280529,1.3743863059527248,-9.281085358226505,-1.7875699619102159,-2.5425325821573423,-5.889474215539529
EC-Earth-Consortium,EC-Earth3-Veg-LR,r1i1p1f1,gr,historical,1935-11,1935,11,3.422975382764746,195.30400495769575,-1.1673565997572548,-243.32538601679332,-10.853658523988242,-21.58761336889409,-78.2070341689724,3.573632890038961,193.44910051493784,-1.4677800076550447,-237.86279579461424,-8.81039866871152,-15.933404947758362,-67.05164601376235,-0.1506575072742149,1.8549044427579133,0.3004234078977899,-5.462590222179074,-2.043259855276723,-5.654208421135728,-11.155388155210048
EC-Earth-Consortium,EC-Earth3-Veg-LR,r1i1p1f1,gr,historical,1935-12,1935,12,0.7996122410664911,184.7246222182231,-0.3458450923973344,-230.76235443711852,-12.464527026447367,-20.651274057365544,-78.69976615403918,0.8443239133056458,179.53984894273685,-0.40726912356645945,-223.33948846597266,-7.907125970966346,-14.520666974641335,-65.79037767910431,-0.04471167223915473,5.184773275486236,0.06142403116912504,-7.422865971145853,-4.557401055481021,-6.130607082724209,-12.909388474934872
EC-Earth-Consortium,EC-Earth3-Veg-LR,r1i1p1f1,gr,historical,1936-01,1936,1,1.917495061905373,172.92601284183087,-1.0334523938244269,-219.6027289828294,-9.227785342771368,-17.595480090967357,-72.61593890665631,1.9670428406081912,174.6451682692201,-1.1134382139788777,-217.91294889189962,-7.277542063475359,-14.28956539960937,-63.98128345913492,-0.049547778702818235,-1.7191554273892393,0.07998582015445077,-1.689780090929787,-1.950243279296009,-3.3059146913579873,-8.63465544752139
EC-Earth-Consortium,EC-Earth3-Veg-LR,r1i1p1f1,gr,historical,1936-02,1936,2,12.7176671733626,173.0911115954703,-7.941159031856131,-220.63508263715693,-10.977653699409764,-19.460186230155927,-73.20530282974585,12.445773582853347,174.25857569933385,-8.050053493794298,-217.59834553205962,-6.931894885320205,-14.11158454395435,-59.98752917294128,0.27189359050925255,-1.1674641038635514,0.1088944619381671,-3.036737105097302,-4.045758814089559,-5.348601686201576,-13.217773656804567
EC-Earth-Consortium,EC-Earth3-Veg-LR,r1i1p1f1,gr,historical,1936-03,1936,3,60.22233749360691,182.18254577161372,-41.43578880410002,-232.49978869827112,-4.791694797785065,-16.224166309233425,-52.546555344168986,59.86295421939759,178.6380625638465,-42.42060087439643,-224.19115525659498,-5.777500516309919,-12.96961739527065,-46.8578572593279,0.35938327420932126,3.544483207767229,0.9848120702964067,-8.308633441676136,0.9858057185248539,-3.2545489139627755,-5.688698084841086
EC-Earth-Consortium,EC-Earth3-Veg-LR,r1i1p1f1,gr,historical,1936-04,1936,4,165.5300658829149,201.6165471444331,-117.67104326239593,-253.43876130188912,-3.093972909752545,-12.600132636482712,-19.657297083172303,165.54918549462982,193.94768773026806,-121.36911048471737,-244.71414659154436,-3.5592308420521506,-11.316720965746057,-21.462335659162093,-0.019119611714927487,7.668859414165041,3.6980672223214412,-8.724614710344753,0.46525793229960577,-1.2834116707366547,1.8050385759897907
EC-Earth-Consortium,EC-Earth3-Veg-LR,r1i1p1f1,gr,historical,1936-05,1936,5,272.35880923634824,232.52141416410743,-186.59481394994282,-285.22787922469433,-2.0629940261266633,-11.316748933005844,19.677787266685975,275.6543792863859,224.5590747925627,-196.4506719906339,-277.14177299595417,-1.8042443237938772,-10.700238938634309,14.116525829932366,-3.295570050037668,7.962339371544715,9.85585804069109,-8.086106228740164,-0.25874970233278605,-0.6165099943715351,5.561261436753609
EC-Earth-Consortium,EC-Earth3-Veg-LR,r1i1p1f1,gr,historical,1936-06,1936,6,278.46097275201595,275.1839247863103,-155.46228285821454,-313.82695236831466,0.6251021897942283,-12.957113343124872,72.02365115846636,296.31824615671405,264.6805788578032,-184.2618748228265,-305.99544242897827,-1.3256800948089977,-11.303420968742303,58.11240669916117,-17.857273404698105,10.503345928507088,28.799591964611977,-7.831509939336399,1.9507822846032261,-1.6536923743825689,13.911244459305195
EC-Earth-Consortium,EC-Earth3-Veg-LR,r1i1p1f1,gr,historical,1936-07,1936,7,216.51496530595023,294.8689062528367,-83.60380406099303,-324.90373237341777,0.2405443767410834,-11.515860760636917,91.60101874048034,225.98526739919413,289.5888849412498,-106.74472434052524,-319.32788691162557,-0.19383547240358012,-10.584539231081097,78.72316638480842,-9.470302093243902,5.28002131158695,23.14092027953221,-5.575845461792198,0.43437984914466354,-0.9313215295558201,12.87785235567192
EC-Earth-Consortium,EC-Earth3-Veg-LR,r1i1p1f1,gr,historical,1936-08,1936,8,134.916653740432,294.66353309298773,-43.9108394953106,-324.74102794215634,-1.4798745946196132,-13.013038990126145,46.435405811207005,143.965143639584,285.514983779784,-56.61969220867284,-317.4160441353086,-0.736401837272086,-11.828037470306784,42.8799517678077,-9.048489899152003,9.148549313203716,12.70885271336224,-7.32498380684774,-0.7434727573475273,-1.1850015198193606,3.5554540433993083
EC-Earth-Consortium,EC-Earth3-Veg-LR,r1i1p1f1,gr,historical,1936-09,1936,9,66.88639462764154,263.8029660513586,-21.530439482885274,-305.199935461781,-3.9145135893728304,-16.11806727434472,-16.0735951293837,72.23187531070974,254.64399326285204,-29.49217390513061,-295.7570914889987,-3.0077420278618163,-14.867742559467041,-16.248881407896377,-5.345480683068203,9.158972788506588,7.9617344222453355,-9.442843972782327,-0.9067715615110141,-1.2503247148776797,0.17528627851267586
EC-Earth-Consortium,EC-Earth3-Veg-LR,r1i1p1f1,gr,historical,1936-10,1936,10,20.244522971917252,218.0885663269106,-6.548755697055551,-270.08925258512664,-15.666599649151081,-26.779427243607522,-80.75094587611292,21.17782998279387,219.68910623165684,-9.062038234793288,-263.59941570919926,-7.415014525185129,-17.082779513843093,-56.292311768570094,-0.9333070108766179,-1.6005399047462276,2.5132825377377372,-6.489836875927381,-8.251585123965953,-9.696647729764429,-24.458634107542828
EC-Earth-Consortium,EC-Earth3-Veg-LR,r1i1p1f1,gr,historical,1936-11,1936,11,3.110170777071128,196.45395781894098,-0.8764871230823592,-245.2102995836069,-11.24922168182699,-19.38385119635304,-77.15573098885721,3.573632890038961,193.44910051493784,-1.4677800076550447,-237.86279579461424,-8.81039866871152,-15.933404947758362,-67.05164601376235,-0.46346211296783313,3.0048573040031386,0.5912928845726855,-7.347503788992668,-2.4388230131154707,-3.4504462485946767,-10.104084975094864
EC-Earth-Consortium,EC-Earth3-Veg-LR,r1i1p1f1,gr,historical,1936-12,1936,12,0.7588181963763081,187.7250524724473,-0.28900218093786617,-234.56126135815114,-8.726048708734517,-16.62701006542815,-71.71945164442809,0.8443239133056458,179.53984894273685,-0.40726912356645945,-223.33948846597266,-7.907125970966346,-14.520666974641335,-65.79037767910431,-0.08550571692933773,8.185203529710435,0.11826694262859327,-11.221772892178478,-0.8189227377681707,-2.1063430907868135,-5.929073965323781
EC-Earth-Consortium,EC-Earth3-Veg-LR,r1i1p1f1,gr,historical,1937-01,1937,1,1.854451617232408,179.92736745292544,-0.8974573176945451,-227.8152259368727,-15.735853109157485,-21.02794191201714,-83.69465920558405,1.9670428406081912,174.6451682692201,-1.1134382139788777,-217.91294889189962,-7.277542063475359,-14.28956539960937,-63.98128345913492,-0.11259122337578331,5.28219918370533,0.2159808962843326,-9.90227704497309,-8.458311045682127,-6.738376512407772,-19.713375746449124
EC-Earth-Consortium,EC-Earth3-Veg-LR,r1i1p1f1,gr,historical,1937-02,1937,2,11.563911901921696,176.69628615985806,-6.894366871819931,-221.02253266088562,-12.85165816507496,-16.40035476251321,-68.90871439851395,12.445773582853347,174.25857569933385,-8.050053493794298,-217.59834553205962,-6.931894885320205,-14.11158454395435,-59.98752917294128,-0.8818616809316513,2.4377104605242153,1.1556866219743673,-3.4241871288259915,-5.919763279754755,-2.2887702185588594,-8.921185225572671
EC-Earth-Consortium,EC-Earth3-Veg-LR,r1i1p1f1,gr,historical,1937-03,1937,3,59.209348337945485,177.46417875191102,-39.672282708188064,-228.71888130822362,-9.521747076524239,-17.173738897117023,-58.4131229001964,59.86295421939759,178.6380625638465,-42.42060087439643,-224.19115525659498,-5.777500516309919,-12.96961739527065,-46.8578572593279,-0.6536058814521013,-1.1738838119354682,2.7483181662083638,-4.527726051628633,-3.74424656021432,-4.204121501846373,-11.555265640868498
EC-Earth-Consortium,EC-Earth3-Veg-LR,r1i1p1f1,gr,historical,1937-04,1937,4,163.13574291304585,192.81475689788556,-114.29269023825015,-247.5305131261146,-7.034501188101924,-15.285520262534552,-28.1927250040698,165.54918549462982,193.94768773026806,-121.36911048471737,-244.71414659154436,-3.5592308420521506,-11.316720965746057,-21.462335659162093,-2.413442581583979,-1.132930832382499,7.076420246467222,-2.8163665345702498,-3.4752703460497734,-3.968799296788495,-6.730389344907707
EC-Earth-Consortium,EC-Earth3-Veg-LR,r1i1p1f1,gr,historical,1937-05,1937,5,265.04661255830786,231.71371921700813,-181.53704160938057,-283.3192629921565,-1.215696350227519,-11.459241900198949,19.229088923352435,275.6543792863859,224.5590747925627,-196.4506719906339,-277.14177299595417,-1.8042443237938772,-10.700238938634309,14.116525829932366,-10.607766728078047,7.154644424445422,14.913630381253341,-6.1774899962023255,0.5885479735663581,-0.7590029615646401,5.11256309342007
EC-Earth-Consortium,EC-Earth3-Veg-LR,r1i1p1f1,gr,historical,1937-06,1937,6,290.17960768051785,266.7037926890968,-171.2201421498994,-308.85315104942663,-1.9465734411903175,-12.628489379728872,62.23504434936949,296.31824615671405,264.6805788578032,-184.2618748228265,-305.99544242897827,-1.3256800948089977,-11.303420968742303,58.11240669916117,-6.138638476196206,2.023213831293617,13.041732672927111,-2.8577086204483635,-0.6208933463813198,-1.3250684109865691,4.122637650208318
EC-Earth-Consortium,EC-Earth3-Veg-LR,r1i1p1f1,gr,historical,1937-07,1937,7,223.122481280517,293.06464797248407,-91.94334526947235,-324.97595263026295,-1.1626234288597406,-12.985374706458156,85.11983321794791,225.98526739919413,289.5888849412498,-106.74472434052524,-319.32788691162557,-0.19383547240358012,-10.584539231081097,78.72316638480842,-2.8627861186771213,3.475763031234294,14.801379071052892,-5.648065718637383,-0.9687879564561604,-2.4008354753770593,6.396666833139491
EC-Earth-Consortium,EC-Earth3-Veg-LR,r1i1p1f1,gr,historical,1937-08,1937,8,139.85251182353983,293.8752720158799,-45.13890185660841,-326.0752670489568,-1.4304065317092038,-15.280764111771203,45.802444290374105,143.965143639584,285.514983779784,-56.61969220867284,-317.4160441353086,-0.736401837272086,-11.828037470306784,42.8799517678077,-4.112631816044171,8.360288236095869,11.480790352064425,-8.659222913648193,-0.6940046944371179,-3.4527266414644195,2.922492522566408
EC-Earth-Consortium,EC-Earth3-Veg-LR,r1i1p1f1,gr,historical,1937-09,1937,9,71.89420275797849,262.03178626195046,-23.026758310229194,-307.48299025074465,-6.036109118660975,-19.953166490657523,-22.57303515036341,72.23187531070974,254.64399326285204,-29.49217390513061,-295.7570914889987,-3.0077420278618163,-14.867742559467041,-16.248881407896377,-0.33767255273124874,7.387792999098423,6.465415594901415,-11.725898761745952,-3.0283670907991587,-5.085423931190482,-6.324153742467033
EC-Earth-Consortium,EC-Earth3-Veg-LR,r1i1p1f1,gr,historical,1937-10,1937,10,20.436134986315658,233.86855852900732,-6.549796790239482,-280.0874643790469,-10.660155078206442,-21.64007591692167,-64.63279864909148,21.17782998279387,219.68910623165684,-9.062038234793288,-263.59941570919926,-7.415014525185129,-17.082779513843093,-56.292311768570094,-0.7416949964782127,14.17945229735048,2.5122414445538066,-16.488048669847615,-3.2451405530213124,-4.557296403078578,-8.34048688052139
EC-Earth-Consortium,EC-Earth3-Veg-LR,r1i1p1f1,gr,historical,1937-11,1937,11,3.4388390447003148,198.9794850099416,-0.9634381568442967,-251.01772797034172,-21.004531170163283,-28.130792940499745,-98.69816618320714,3.573632890038961,193.44910051493784,-1.4677800076550447,-237.86279579461424,-8.81039866871152,-15.933404947758362,-67.05164601376235,-0.13479384533864636,5.530384495003773,0.504341850810748,-13.154932175727481,-12.194132501451763,-12.197387992741383,-31.646520169444784
EC-Earth-Consortium,EC-Earth3-Veg-LR,r1i1p1f1,gr,historical,1937-12,1937,12,0.7859875768796427,188.17009852253497,-0.30091576907820866,-234.193023608064,-16.518757891071658,-21.888933563008514,-83.94554473180779,0.8443239133056458,179.53984894273685,-0.40726912356645945,-223.33948846597266,-7.907125970966346,-14.520666974641335,-65.79037767910431,-0.05833633642600311,8.630249579798118,0.10635335448825078,-10.853535142091346,-8.611631920105312,-7.368266588367179,-18.155167052703476
EC-Earth-Consortium,EC-Earth3-Veg-LR,r1i1p1f1,gr,historical,1938-01,1938,1,1.9229929041224283,187.62348387586457,-1.0790788281597328,-230.9135762455632,-7.206515366522347,-16.577040558669918,-66.22973421892821,1.9670428406081912,174.6451682692201,-1.1134382139788777,-217.91294889189962,-7.277542063475359,-14.28956539960937,-63.98128345913492,-0.04404993648576294,12.978315606644458,0.03435938581914488,-13.000627353663589,0.07102669695301156,-2.2874751590605484,-2.2484507597932932
EC-Earth-Consortium,EC-Earth3-Veg-LR,r1i1p1f1,gr,historical,1938-02,1938,2,11.762886968628386,187.4101995252117,-7.202184554261936,-228.92138704678453,-2.245769657141939,-12.574902486839743,-51.77115725118807,12.445773582853347,174.25857569933385,-8.050053493794298,-217.59834553205962,-6.931894885320205,-14.11158454395435,-59.98752917294128,-0.6828866142249606,13.151623825877863,0.8478689395323622,-11.323041514724906,4.686125228178266,1.5366820571146071,8.216371921753208
EC-Earth-Consortium,EC-Earth3-Veg-LR,r1i1p1f1,gr,historical,1938-03,1938,3,59.17425409578646,174.03073087078644,-39.01148420527354,-224.13767111791248,-10.768848946094584,-16.55785760637015,-57.27087690907785,59.86295421939759,178.6380625638465,-42.42060087439643,-224.19115525659498,-5.777500516309919,-12.96961739527065,-46.8578572593279,-0.6887001236111274,-4.607331693060047,3.409116669122888,0.053484138682506455,-4.991348429784665,-3.5882402110994995,-10.413019649749948
EC-Earth-Consortium,EC-Earth3-Veg-LR,r1i1p1f1,gr,historical,1938-04,1938,4,161.0798992062679,193.80594889168248,-113.0758407455634,-247.60218764264977,-6.818958003421505,-14.784890341728666,-27.39602863541296,165.54918549462982,193.94768773026806,-121.36911048471737,-244.71414659154436,-3.5592308420521506,-11.316720965746057,-21.462335659162093,-4.469286288361928,-0.14173883858558156,8.29326973915397,-2.8880410511054038,-3.2597271613693546,-3.468169375982608,-5.9336929762508674
EC-Earth-Consortium,EC-Earth3-Veg-LR,r1i1p1f1,gr,historical,1938-05,1938,5,270.6697335784192,223.572977741046,-187.4013341822689,-278.04100778983604,-3.0893682384048677,-12.713796407004603,12.99720470195082,275.6543792863859,224.5590747925627,-196.4506719906339,-277.14177299595417,-1.8042443237938772,-10.700238938634309,14.116525829932366,-4.984645707966706,-0.9860970515167082,9.04933780836501,-0.8992347938818739,-1.2851239146109905,-2.013557468370294,-1.1193211279815465
EC-Earth-Consortium,EC-Earth3-Veg-LR,r1i1p1f1,gr,historical,1938-06,1938,6,283.8952624960024,271.42385547344406,-164.61500796487337,-310.52115713723276,-0.667053685645308,-12.689583986104525,66.82631519559047,296.31824615671405,264.6805788578032,-184.2618748228265,-305.99544242897827,-1.3256800948089977,-11.303420968742303,58.11240669916117,-12.42298366071168,6.743276615640866,19.646866857953142,-4.5257147082544975,0.6586264091636898,-1.3861630173622217,8.713908496429298
EC-Earth-Consortium,EC-Earth3-Veg-LR,r1i1p1f1,gr,historical,1938-07,1938,7,220.9069247414313,293.9058321413833,-92.79069592885376,-324.53512395812083,0.37641650811760996,-11.240886492316688,86.62246701164091,225.98526739919413,289.5888849412498,-106.74472434052524,-319.32788691162557,-0.19383547240358012,-10.584539231081097,78.72316638480842,-5.078342657762818,4.316947200133541,13.954028411671473,-5.2072370464952655,0.5702519805211901,-0.6563472612355916,7.899300626832485
EC-Earth-Consortium,EC-Earth3-Veg-LR,r1i1p1f1,gr,historical,1938-08,1938,8,139.59323005917133,293.64824544007,-47.18207821189467,-325.67189107322025,-1.5843643158422167,-15.123789659180574,43.679352239103615,143.965143639584,285.514983779784,-56.61969220867284,-317.4160441353086,-0.736401837272086,-11.828037470306784,42.8799517678077,-4.3719135804126665,8.133261660285996,9.437613996778168,-8.255846937911656,-0.8479624785701307,-3.2957521888737897,0.7994004712959182
EC-Earth-Consortium,EC-Earth3-Veg-LR,r1i1p1f1,gr,historical,1938-09,1938,9,70.48889795202393,265.8752434818351,-24.021720449415607,-307.7513457816905,-5.498264701579379,-18.7844124207173,-19.691601919543718,72.23187531070974,254.64399326285204,-29.49217390513061,-295.7570914889987,-3.0077420278618163,-14.867742559467041,-16.248881407896377,-1.7429773586858062,11.231250218983092,5.470453455715003,-11.994254292691778,-2.490522673717563,-3.9166698612502575,-3.442720511647341
EC-Earth-Consortium,EC-Earth3-Veg-LR,r1i1p1f1,gr,historical,1938-10,1938,10,20.73265202060801,232.83984421006235,-6.926442529929497,-278.6285092833035,-7.9544957404439325,-20.205586942826425,-60.142538265833,21.17782998279387,219.68910623165684,-9.062038234793288,-263.59941570919926,-7.415014525185129,-17.082779513843093,-56.292311768570094,-0.44517796218585914,13.150737978405516,2.135595704863791,-15.029093574104252,-0.5394812152588031,-3.1228074289833323,-3.850226497262902
EC-Earth-Consortium,EC-Earth3-Veg-LR,r1i1p1f1,gr,historical,1938-11,1938,11,3.4047804747019503,203.11414881337382,-1.0335867461701878,-250.19353049632184,-15.507088621417708,-22.8858954550709,-83.10117203090488,3.573632890038961,193.44910051493784,-1.4677800076550447,-237.86279579461424,-8.81039866871152,-15.933404947758362,-67.05164601376235,-0.16885241533701079,9.665048298435977,0.43419326148485693,-12.330734701707598,-6.696689952706189,-6.95249050731254,-16.049526017142526
EC-Earth-Consortium,EC-Earth3-Veg-LR,r1i1p1f1,gr,historical,1938-12,1938,12,0.7901374411408161,194.10301014963764,-0.3274750649461754,-240.55732992870804,-14.976031323468177,-22.852909408977286,-83.82059813532123,0.8443239133056458,179.53984894273685,-0.40726912356645945,-223.33948846597266,-7.907125970966346,-14.520666974641335,-65.79037767910431,-0.054186472164829746,14.563161206900787,0.07979405862028405,-17.21784146273538,-7.068905352501831,-8.332242434335951,-18.030220456216924
EC-Earth-Consortium,EC-Earth3-Veg-LR,r1i1p1f1,gr,historical,1939-01,1939,1,1.9193429893063658,177.7111052121374,-1.0043569530853955,-224.98981405395799,-15.442655172022464,-21.56144209702226,-83.36782007464434,1.9670428406081912,174.6451682692201,-1.1134382139788777,-217.91294889189962,-7.277542063475359,-14.28956539960937,-63.98128345913492,-0.04769985130182541,3.06593694291729,0.10908126089348213,-7.076865162058368,-8.165113108547105,-7.271876697412889,-19.38653661550942
EC-Earth-Consortium,EC-Earth3-Veg-LR,r1i1p1f1,gr,historical,1939-02,1939,2,12.391454516264746,174.39264758130074,-7.50715517755619,-221.9211342257363,-12.768667437730443,-19.69983208400982,-75.11268682746726,12.445773582853347,174.25857569933385,-8.050053493794298,-217.59834553205962,-6.931894885320205,-14.11158454395435,-59.98752917294128,-0.05431906658860086,0.13407188196688935,0.5428983162381078,-4.322788693676671,-5.836772552410237,-5.58824754005547,-15.125157654525978
EC-Earth-Consortium,EC-Earth3-Veg-LR,r1i1p1f1,gr,historical,1939-03,1939,3,57.11428385702912,186.49630266386808,-38.559219578193876,-235.36878215236158,-11.948111990401348,-21.814436287291336,-64.07996348735094,59.86295421939759,178.6380625638465,-42.42060087439643,-224.19115525659498,-5.777500516309919,-12.96961739527065,-46.8578572593279,-2.7486703623684647,7.85824010002159,3.861381296202552,-11.177626895766593,-6.170611474091428,-8.844818892020687,-17.222106228023037
EC-Earth-Consortium,EC-Earth3-Veg-LR,r1i1p1f1,gr,historical,1939-04,1939,4,158.86648667454045,200.756989142084,-112.94139762232383,-252.26709326510527,-7.838760185366827,-15.413562557582093,-28.837337813753564,165.54918549462982,193.94768773026806,-121.36911048471737,-244.71414659154436,-3.5592308420521506,-11.316720965746057,-21.462335659162093,-6.682698820089371,6.809301411815937,8.427712862393534,-7.5529466735609105,-4.279529343314676,-4.096841591836036,-7.375002154591471
EC-Earth-Consortium,EC-Earth3-Veg-LR,r1i1p1f1,gr,historical,1939-05,1939,5,266.5212995812046,231.65860956724325,-182.97531590788972,-282.8474244161748,-1.8979457281368088,-11.77216442691783,18.687058669328643,275.6543792863859,224.5590747925627,-196.4506719906339,-277.14177299595417,-1.8042443237938772,-10.700238938634309,14.116525829932366,-9.13307970518133,7.099534774680535,13.475356082744185,-5.705651420220647,-0.09370140434293162,-1.0719254882835205,4.570532839396277
EC-Earth-Consortium,EC-Earth3-Veg-LR,r1i1p1f1,gr,historical,1939-06,1939,6,296.01578589920825,263.73992506248663,-172.1140457681693,-307.9001849590983,-2.067974867090326,-11.916053051406365,65.75745231593059,296.31824615671405,264.6805788578032,-184.2618748228265,-305.99544242897827,-1.3256800948089977,-11.303420968742303,58.11240669916117,-0.30246025750579975,-0.9406537953165639,12.147829054657223,-1.9047425301200178,-0.7422947722813285,-0.6126320826640619,7.645045616769423
EC-Earth-Consortium,EC-Earth3-Veg-LR,r1i1p1f1,gr,historical,1939-07,1939,7,225.23008013599812,291.1465413017985,-97.72903533630915,-323.20338751181777,-1.448086797112479,-12.445304415642582,81.55080737691466,225.98526739919413,289.5888849412498,-106.74472434052524,-319.32788691162557,-0.19383547240358012,-10.584539231081097,78.72316638480842,-0.7551872631960066,1.5576563605487195,9.015689004216085,-3.875500600192197,-1.2542513247088989,-1.860765184561485,2.8276409921062395
EC-Earth-Consortium,EC-Earth3-Veg-LR,r1i1p1f1,gr,historical,1939-08,1939,8,139.9544646926513,292.222811788123,-48.89824756559597,-323.93644950019404,-0.13551634674593457,-13.16937483442419,46.03768823381417,143.965143639584,285.514983779784,-56.61969220867284,-317.4160441353086,-0.736401837272086,-11.828037470306784,42.8799517678077,-4.0106789469327,6.707828008338993,7.721444643076865,-6.520405364885448,0.6008854905261514,-1.3413373641174058,3.157736466006476
EC-Earth-Consortium,EC-Earth3-Veg-LR,r1i1p1f1,gr,historical,1939-09,1939,9,69.1098586918095,267.58779762139216,-23.987483961313373,-306.88276022012803,-2.8276325969449183,-16.600075523275994,-13.60029598846067,72.23187531070974,254.64399326285204,-29.49217390513061,-295.7570914889987,-3.0077420278618163,-14.867742559467041,-16.248881407896377,-3.1220166189002327,12.94380435854012,5.504689943817237,-11.125668731129338,0.18010943091689802,-1.7323329638089522,2.6485854194357064
EC-Earth-Consortium,EC-Earth3-Veg-LR,r1i1p1f1,gr,historical,1939-10,1939,10,20.717084998649746,234.55645533527667,-7.207916361064444,-279.2837758244373,-11.07669609397908,-23.032767270063278,-65.32761521561771,21.17782998279387,219.68910623165684,-9.062038234793288,-263.59941570919926,-7.415014525185129,-17.082779513843093,-56.292311768570094,-0.46074498414412446,14.86734910361983,1.854121873728844,-15.684360115238064,-3.6616815687939512,-5.949987756220185,-9.035303447047617
EC-Earth-Consortium,EC-Earth3-Veg-LR,r1i1p1f1,gr,historical,1939-11,1939,11,3.3887519348280173,210.65984663442575,-0.964318507257095,-254.7106448241124,-10.728042276995161,-19.80464473585394,-72.15905177496484,3.573632890038961,193.44910051493784,-1.4677800076550447,-237.86279579461424,-8.81039866871152,-15.933404947758362,-67.05164601376235,-0.18488095521094383,17.210746119487908,0.5034615003979497,-16.84784902949815,-1.917643608283642,-3.871239788095579,-5.107405761202486
EC-Earth-Consortium,EC-Earth3-Veg-LR,r1i1p1f1,gr,historical,1939-12,1939,12,0.7698442703017095,183.87278305530435,-0.30791886059047086,-231.6573295943573,-14.087552015532102,-20.88503002850019,-82.29520317337398,0.8443239133056458,179.53984894273685,-0.40726912356645945,-223.33948846597266,-7.907125970966346,-14.520666974641335,-65.79037767910431,-0.07447964300393628,4.3329341125675,0.09935026297598859,-8.317841128384629,-6.180426044565756,-6.364363053858854,-16.504825494269667
EC-Earth-Consortium,EC-Earth3-Veg-LR,r1i1p1f1,gr,historical,1940-01,1940,1,1.9053423871877488,189.889359442214,-0.9919707665077929,-235.8737165402327,-7.9866043821819375,-19.53394163465387,-72.59153149417456,1.9670428406081912,174.6451682692201,-1.1134382139788777,-217.91294889189962,-7.277542063475359,-14.28956539960937,-63.98128345913492,-0.06170045342044239,15.24419117299388,0.12146744747108473,-17.960767648333075,-0.7090623187065788,-5.244376235044502,-8.610248035039639
EC-Earth-Consortium,EC-Earth3-Veg-LR,r1i1p1f1,gr,historical,1940-02,1940,2,12.379937671929058,190.52837140864145,-7.498686927349494,-234.78987489057178,-6.1028151237331505,-15.840019489205812,-61.323087350289725,12.445773582853347,174.25857569933385,-8.050053493794298,-217.59834553205962,-6.931894885320205,-14.11158454395435,-59.98752917294128,-0.06583591092428875,16.2697957093076,0.5513665664448038,-17.191529358512156,0.8290797615870549,-1.7284349452514611,-1.335558177348446
EC-Earth-Consortium,EC-Earth3-Veg-LR,r1i1p1f1,gr,historical,1940-03,1940,3,59.41258652695756,183.8924314025473,-39.382928753821844,-231.7817864306346,-10.055295880874143,-17.811054298794463,-55.726047434620185,59.86295421939759,178.6380625638465,-42.42060087439643,-224.19115525659498,-5.777500516309919,-12.96961739527065,-46.8578572593279,-0.4503676924400253,5.254368838700799,3.037672120574584,-7.590631174039629,-4.2777953645642235,-4.841436903523814,-8.868190175292284
EC-Earth-Consortium,EC-Earth3-Veg-LR,r1i1p1f1,gr,historical,1940-04,1940,4,164.24363962232974,196.8314634756092,-112.30406856038607,-253.03609389179493,-8.450541915916263,-18.529201490777584,-31.244802760935904,165.54918549462982,193.94768773026806,-121.36911048471737,-244.71414659154436,-3.5592308420521506,-11.316720965746057,-21.462335659162093,-1.3055458723000868,2.883775745341154,9.065041924331297,-8.32194730025057,-4.891311073864113,-7.212480525031527,-9.782467101773811
EC-Earth-Consortium,EC-Earth3-Veg-LR,r1i1p1f1,gr,historical,1940-05,1940,5,268.53742533275897,234.81026130935558,-172.996081198735,-288.0947597927702,-2.740922890094615,-13.597995556810334,25.917927203704416,275.6543792863859,224.5590747925627,-196.4506719906339,-277.14177299595417,-1.8042443237938772,-10.700238938634309,14.116525829932366,-7.116953953626933,10.25118651679287,23.45459079189891,-10.952986796816049,-0.936678566300738,-2.8977566181760253,11.80140137377205
EC-Earth-Consortium,EC-Earth3-Veg-LR,r1i1p1f1,gr,historical,1940-06,1940,6,278.3202426999786,272.8017789478415,-146.59913655671096,-313.6087215906982,-1.3155860813173688,-13.058267449678407,76.54030996941518,296.31824615671405,264.6805788578032,-184.2618748228265,-305.99544242897827,-1.3256800948089977,-11.303420968742303,58.11240669916117,-17.998003456735432,8.121200090038315,37.662738266115554,-7.613279161719959,0.010094013491628973,-1.754846480936104,18.427903270254006
EC-Earth-Consortium,EC-Earth3-Veg-LR,r1i1p1f1,gr,historical,1940-07,1940,7,209.96527398711208,299.800793835503,-76.71027240665501,-329.1294988119901,-1.2244817296601367,-12.635656578921106,90.0661582953887,225.98526739919413,289.5888849412498,-106.74472434052524,-319.32788691162557,-0.19383547240358012,-10.584539231081097,78.72316638480842,-16.019993412082044,10.211908894253213,30.03445193387023,-9.801611900364549,-1.0306462572565565,-2.051117347840009,11.342991910580281
EC-Earth-Consortium,EC-Earth3-Veg-LR,r1i1p1f1,gr,historical,1940-08,1940,8,137.05263751505166,294.5010224970888,-43.9077216347158,-328.820856927548,-0.5609087032370264,-14.464565543450988,43.79960720318861,143.965143639584,285.514983779784,-56.61969220867284,-317.4160441353086,-0.736401837272086,-11.828037470306784,42.8799517678077,-6.912506124532342,8.98603871730478,12.71197057395704,-11.404812792239397,0.17549313403505962,-2.636528073144204,0.9196554353809105
EC-Earth-Consortium,EC-Earth3-Veg-LR,r1i1p1f1,gr,historical,1940-09,1940,9,67.12801192545183,270.450654225808,-22.09112897432725,-310.2930497312912,-4.2788586599668,-18.51177478237918,-17.596145996704568,72.23187531070974,254.64399326285204,-29.49217390513061,-295.7570914889987,-3.0077420278618163,-14.867742559467041,-16.248881407896377,-5.10386338525791,15.806660962955988,7.401044930803359,-14.535958242292509,-1.2711166321049836,-3.6440322229121396,-1.3472645888081907
EC-Earth-Consortium,EC-Earth3-Veg-LR,r1i1p1f1,gr,historical,1940-10,1940,10,19.293746602335837,235.30898967935164,-5.902226066149344,-279.70576273126346,-8.296091122178074,-20.7343967143246,-60.03574035222802,21.17782998279387,219.68910623165684,-9.062038234793288,-263.59941570919926,-7.415014525185129,-17.082779513843093,-56.292311768570094,-1.8840833804580335,15.619883447694804,3.1598121686439438,-16.1063470220642,-0.881076596992945,-3.651617200481507,-3.7434285836579235
EC-Earth-Consortium,EC-Earth3-Veg-LR,r1i1p1f1,gr,historical,1940-11,1940,11,3.142376128996952,206.99502570053195,-0.740436882924029,-254.85328102233794,-15.444082556623872,-25.413528800828367,-86.31392743318531,3.573632890038961,193.44910051493784,-1.4677800076550447,-237.86279579461424,-8.81039866871152,-15.933404947758362,-67.05164601376235,-0.4312567610420093,13.545925185594115,0.7273431247310157,-16.990485227723696,-6.633683887912353,-9.480123853070005,-19.262281419422962
EC-Earth-Consortium,EC-Earth3-Veg-LR,r1i1p1f1,gr,historical,1940-12,1940,12,0.7670392111532521,193.90983181596536,-0.2903833824124021,-240.7066629389821,-15.589656790271027,-24.517067291645287,-86.42689937619222,0.8443239133056458,179.53984894273685,-0.40726912356645945,-223.33948846597266,-7.907125970966346,-14.520666974641335,-65.79037767910431,-0.07728470215239369,14.369982873228508,0.11688574115405737,-17.36717447300944,-7.682530819304681,-9.996400317003951,-20.636521697087915
EC-Earth-Consortium,EC-Earth3-Veg-LR,r1i1p1f1,gr,historical,1941-01,1941,1,1.9732545758483666,184.00958313852323,-1.0269338555688687,-232.04812058853727,-11.730977910221599,-21.863685984720732,-80.68688062467689,1.9670428406081912,174.6451682692201,-1.1134382139788777,-217.91294889189962,-7.277542063475359,-14.28956539960937,-63.98128345913492,0.006211735240175376,9.364414869303118,0.08650435841000892,-14.135171696637656,-4.45343584674624,-7.574120585111363,-16.705597165541967
EC-Earth-Consortium,EC-Earth3-Veg-LR,r1i1p1f1,gr,historical,1941-02,1941,2,11.7333632540695,187.53702830027683,-6.929066051015808,-231.41761214192036,-12.683518766188069,-20.946913256784086,-72.706718661562,12.445773582853347,174.25857569933385,-8.050053493794298,-217.59834553205962,-6.931894885320205,-14.11158454395435,-59.98752917294128,-0.7124103287838466,13.278452600942984,1.1209874427784898,-13.819266609860733,-5.7516238808678635,-6.835328712829735,-12.719189488620714
EC-Earth-Consortium,EC-Earth3-Veg-LR,r1i1p1f1,gr,historical,1941-03,1941,3,55.87658302420735,196.1756488787952,-37.17602450806407,-241.1305541088476,-6.844607649110424,-16.91891129930537,-50.01786566232494,59.86295421939759,178.6380625638465,-42.42060087439643,-224.19115525659498,-5.777500516309919,-12.96961739527065,-46.8578572593279,-3.9863711951902374,17.537586314948697,5.24457636633236,-16.939398852252623,-1.0671071328005048,-3.9492939040347217,-3.160008402997036
EC-Earth-Consortium,EC-Earth3-Veg-LR,r1i1p1f1,gr,historical,1941-04,1941,4,156.50789511585148,210.20344623573075,-108.27577996943741,-261.22450630767463,-7.600117156538335,-17.222448030712588,-27.611510112780714,165.54918549462982,193.94768773026806,-121.36911048471737,-244.71414659154436,-3.5592308420521506,-11.316720965746057,-21.462335659162093,-9.041290378778342,16.255758505462694,13.093330515279959,-16.510359716130267,-4.040886314486185,-5.9057270649665305,-6.14917445361862
EC-Earth-Consortium,EC-Earth3-Veg-LR,r1i1p1f1,gr,historical,1941-05,1941,5,264.0278085693893,234.7561067004248,-174.5051975233716,-286.48168273299143,-3.08865436677134,-12.466819735559477,22.24156091112021,275.6543792863859,224.5590747925627,-196.4506719906339,-277.14177299595417,-1.8042443237938772,-10.700238938634309,14.116525829932366,-11.626570716996582,10.197031907862083,21.9454744672623,-9.33990973703726,-1.2844100429774628,-1.7665807969251688,8.125035081187844
EC-Earth-Consortium,EC-Earth3-Veg-LR,r1i1p1f1,gr,historical,1941-06,1941,6,281.39893033200156,274.49984239641293,-157.43592309973855,-313.4557946020066,-0.26072274201538653,-11.604972167601476,73.14136011705251,296.31824615671405,264.6805788578032,-184.2618748228265,-305.99544242897827,-1.3256800948089977,-11.303420968742303,58.11240669916117,-14.919315824712498,9.819263538609732,26.825951723087968,-7.460352173028355,1.0649573527936111,-0.3015511988591726,15.028953417891344
EC-Earth-Consortium,EC-Earth3-Veg-LR,r1i1p1f1,gr,historical,1941-07,1941,7,216.87914761907078,298.20557398607025,-80.87410080135686,-327.06305925684717,-0.34995461711203135,-11.17197354886627,95.62563338095867,225.98526739919413,289.5888849412498,-106.74472434052524,-319.32788691162557,-0.19383547240358012,-10.584539231081097,78.72316638480842,-9.10611978012335,8.616689044820475,25.870623539168378,-7.735172345221599,-0.15611914470845123,-0.5874343177851724,16.902466996150252
EC-Earth-Consortium,EC-Earth3-Veg-LR,r1i1p1f1,gr,historical,1941-08,1941,8,143.04084676075425,292.4957249433683,-44.72514043110426,-326.71641952035486,-0.5818293104403677,-15.08292054464541,48.4302618975777,143.965143639584,285.514983779784,-56.61969220867284,-317.4160441353086,-0.736401837272086,-11.828037470306784,42.8799517678077,-0.9242968788297503,6.980741163584298,11.89455177756858,-9.300375385046266,0.1545725268317183,-3.2548830743386254,5.550310129770004
EC-Earth-Consortium,EC-Earth3-Veg-LR,r1i1p1f1,gr,historical,1941-09,1941,9,69.52497622563278,270.5179955769786,-23.343327397598085,-310.5622585819319,-4.218122220975535,-20.19590505315486,-18.276641451049063,72.23187531070974,254.64399326285204,-29.49217390513061,-295.7570914889987,-3.0077420278618163,-14.867742559467041,-16.248881407896377,-2.706899085076955,15.874002314126557,6.148846507532525,-14.805167092933232,-1.2103801931137186,-5.3281624936878185,-2.0277600431526857
EC-Earth-Consortium,EC-Earth3-Veg-LR,r1i1p1f1,gr,historical,1941-10,1941,10,20.49896877241821,232.64735343638563,-6.756407561149583,-280.01711868383234,-10.915027708972993,-23.418238549498575,-67.96047029464965,21.17782998279387,219.68910623165684,-9.062038234793288,-263.59941570919926,-7.415014525185129,-17.082779513843093,-56.292311768570094,-0.6788612103756613,12.958247204728792,2.305630673643705,-16.417702974633073,-3.500013183787863,-6.335459035655482,-11.668158526079559
EC-Earth-Consortium,EC-Earth3-Veg-LR,r1i1p1f1,gr,historical,1941-11,1941,11,3.3511616209150374,213.21762144670788,-1.0137302892939515,-258.88171003951976,-8.272562353159906,-19.071767131506572,-70.67098674585728,3.573632890038961,193.44910051493784,-1.4677800076550447,-237.86279579461424,-8.81039866871152,-15.933404947758362,-67.05164601376235,-0.22247126912392368,19.76852093177004,0.4540497183610932,-21.018914244905517,0.5378363155516137,-3.1383621837482103,-3.6193407320949262
EC-Earth-Consortium,EC-Earth3-Veg-LR,r1i1p1f1,gr,historical,1941-12,1941,12,0.7725064683681873,201.08147493427333,-0.28518756791300703,-243.95159790028018,-6.803066828110466,-15.789412755815174,-64.97528364947729,0.8443239133056458,179.53984894273685,-0.40726912356645945,-223.33948846597266,-7.907125970966346,-14.520666974641335,-65.79037767910431,-0.07181744493745856,21.541625991536478,0.12208155565345241,-20.612109434307513,1.1040591428558804,-1.2687457811738394,0.8150940296270193
EC-Earth-Consortium,EC-Earth3-Veg-LR,r1i1p1f1,gr,historical,1942-01,1942,1,1.8352712326977538,185.82402356471619,-0.8368351783300412,-230.0574563361487,-13.365563088272157,-19.452563259824338,-76.05312306516129,1.9670428406081912,174.6451682692201,-1.1134382139788777,-217.91294889189962,-7.277542063475359,-14.28956539960937,-63.98128345913492,-0.1317716079104374,11.178855295496078,0.2766030356488365,-12.144507444249086,-6.088021024796799,-5.162997860214968,-12.071839606026366
EC-Earth-Consortium,EC-Earth3-Veg-LR,r1i1p1f1,gr,historical,1942-02,1942,2,11.355086600672575,182.25185926763638,-6.506182961279402,-226.26724965885765,-10.841296102256248,-16.27931171719463,-66.28709457127898,12.445773582853347,174.25857569933385,-8.050053493794298,-217.59834553205962,-6.931894885320205,-14.11158454395435,-59.98752917294128,-1.090686982180772,7.99328356830253,1.5438705325148963,-8.668904126798026,-3.9094012169360424,-2.16772717324028,-6.299565398337705
EC-Earth-Consortium,EC-Earth3-Veg-LR,r1i1p1f1,gr,historical,1942-03,1942,3,57.52224405142568,183.29524115261663,-37.82312155991411,-232.80930402227185,-12.754409499410118,-21.485441579381867,-64.05479145693565,59.86295421939759,178.6380625638465,-42.42060087439643,-224.19115525659498,-5.777500516309919,-12.96961739527065,-46.8578572593279,-2.3407101679719062,4.657178588770137,4.597479314482321,-8.618148765676864,-6.9769089831001985,-8.515824184111217,-17.196934197607746
EC-Earth-Consortium,EC-Earth3-Veg-LR,r1i1p1f1,gr,historical,1942-04,1942,4,155.90389354363603,210.42395772736438,-106.26743380798605,-259.52784209102646,-1.760312080331446,-12.16748573598367,-13.39522244432717,165.54918549462982,193.94768773026806,-121.36911048471737,-244.71414659154436,-3.5592308420521506,-11.316720965746057,-21.462335659162093,-9.645291950993794,16.476269997096324,15.101676676731316,-14.813695499482094,1.7989187617207045,-0.8507647702376122,8.067113214834924
EC-Earth-Consortium,EC-Earth3-Veg-LR,r1i1p1f1,gr,historical,1942-05,1942,5,261.2690428361223,235.74730140500557,-173.4479749975341,-286.198671956534,-1.1036686277001455,-10.786938033260137,25.479090626099527,275.6543792863859,224.5590747925627,-196.4506719906339,-277.14177299595417,-1.8042443237938772,-10.700238938634309,14.116525829932366,-14.385336450263594,11.188226612442861,23.002696993099818,-9.056898960579815,0.7005756960937317,-0.08669909462582837,11.362564796167161
EC-Earth-Consortium,EC-Earth3-Veg-LR,r1i1p1f1,gr,historical,1942-06,1942,6,275.2274810789036,278.2050084919403,-142.66437766255623,-317.136838257005,-0.6064751693853538,-14.112853576764067,78.91194490513323,296.31824615671405,264.6805788578032,-184.2618748228265,-305.99544242897827,-1.3256800948089977,-11.303420968742303,58.11240669916117,-21.09076507781043,13.524429634137107,41.59749716027028,-11.14139582802676,0.7192049254236439,-2.8094326080217638,20.799538205972055
EC-Earth-Consortium,EC-Earth3-Veg-LR,r1i1p1f1,gr,historical,1942-07,1942,7,217.2161137246172,297.8589947136185,-76.14833106121722,-328.8142963033744,-2.115301581004952,-14.515461415629211,93.4817180770099,225.98526739919413,289.5888849412498,-106.74472434052524,-319.32788691162557,-0.19383547240358012,-10.584539231081097,78.72316638480842,-8.769153674576927,8.270109772368698,30.596393279308018,-9.48640939174885,-1.9214661086013716,-3.9309221845481144,14.758551692201479
EC-Earth-Consortium,EC-Earth3-Veg-LR,r1i1p1f1,gr,historical,1942-08,1942,8,137.27033579304901,297.01598553574877,-39.09840797703816,-329.6274607420675,-1.7074714906151414,-15.503660066672488,48.34932105240448,143.965143639584,285.514983779784,-56.61969220867284,-317.4160441353086,-0.736401837272086,-11.828037470306784,42.8799517678077,-6.694807846534985,11.50100175596475,17.52128423163468,-12.211416606758917,-0.9710696533430554,-3.675622596365704,5.46936928459678
EC-Earth-Consortium,EC-Earth3-Veg-LR,r1i1p1f1,gr,historical,1942-09,1942,9,69.98981648385111,268.6361201188543,-21.173787142318474,-311.6169085126547,-5.438688998196609,-20.901035376493425,-20.504483426957734,72.23187531070974,254.64399326285204,-29.49217390513061,-295.7570914889987,-3.0077420278618163,-14.867742559467041,-16.248881407896377,-2.2420588268586243,13.992126856002272,8.318386762812136,-15.859817023655978,-2.4309469703347926,-6.033292817026384,-4.255602019061357
EC-Earth-Consortium,EC-Earth3-Veg-LR,r1i1p1f1,gr,historical,1942-10,1942,10,19.641346188211013,237.46806051454635,-6.236675936281383,-281.262717699438,-8.369259839444215,-20.25944938987014,-59.01869616227634,21.17782998279387,219.68910623165684,-9.062038234793288,-263.59941570919926,-7.415014525185129,-17.082779513843093,-56.292311768570094,-1.5364837945828569,17.778954282889515,2.825362298511905,-17.663301990238722,-0.9542453142590857,-3.1766698760270486,-2.7263843937062475
EC-Earth-Consortium,EC-Earth3-Veg-LR,r1i1p1f1,gr,historical,1942-11,1942,11,3.3255040119859314,215.5933191942007,-0.8533236083869004,-261.80459317359924,-13.809538813207656,-23.84642715523967,-81.39505954424682,3.573632890038961,193.44910051493784,-1.4677800076550447,-237.86279579461424,-8.81039866871152,-15.933404947758362,-67.05164601376235,-0.24812887805302974,22.14421867926285,0.6144563992681443,-23.941797378985,-4.9991401444961365,-7.913022207481308,-14.343413530484469
EC-Earth-Consortium,EC-Earth3-Veg-LR,r1i1p1f1,gr,historical,1942-12,1942,12,0.7629547436002807,196.0094896546922,-0.22743629707617966,-244.9817270928995,-15.765198100349195,-23.9359980700896,-88.13791516212196,0.8443239133056458,179.53984894273685,-0.40726912356645945,-223.33948846597266,-7.907125970966346,-14.520666974641335,-65.79037767910431,-0.08136916970536512,16.46964071195535,0.1798328264902798,-21.642238626926826,-7.858072129382849,-9.415331095448265,-22.347537483017646
EC-Earth-Consortium,EC-Earth3-Veg-LR,r1i1p1f1,gr,historical,1943-01,1943,1,1.8233126025772162,183.29759936813937,-0.8445163774768458,-231.0195281752351,-15.665293771081519,-22.915002454469885,-85.32342880754679,1.9670428406081912,174.6451682692201,-1.1134382139788777,-217.91294889189962,-7.277542063475359,-14.28956539960937,-63.98128345913492,-0.14373023803097507,8.652431098919266,0.26892183650203183,-13.106579283335492,-8.38775170760616,-8.625437054860516,-21.34214534841187
EC-Earth-Consortium,EC-Earth3-Veg-LR,r1i1p1f1,gr,historical,1943-02,1943,2,11.767278077461738,178.38588814127078,-6.959234095474031,-225.78872790542627,-13.343359201390061,-22.11458559927116,-78.05274058282899,12.445773582853347,174.25857569933385,-8.050053493794298,-217.59834553205962,-6.931894885320205,-14.11158454395435,-59.98752917294128,-0.6784955053916093,4.127312441936937,1.0908193983202672,-8.190382373366646,-6.411464316069856,-8.003001055316808,-18.06521140988771
EC-Earth-Consortium,EC-Earth3-Veg-LR,r1i1p1f1,gr,historical,1943-03,1943,3,55.992724856460974,190.19595804582994,-37.869213491865324,-236.4343726392399,-9.23562680482822,-18.607185106943607,-55.957715140586146,59.86295421939759,178.6380625638465,-42.42060087439643,-224.19115525659498,-5.777500516309919,-12.96961739527065,-46.8578572593279,-3.8702293629366125,11.55789548198345,4.551387382531104,-12.243217382644929,-3.458126288518301,-5.637567711672958,-9.099857881258245
EC-Earth-Consortium,EC-Earth3-Veg-LR,r1i1p1f1,gr,historical,1943-04,1943,4,156.46122274401623,206.59454691837598,-109.39743524831019,-255.75961022931892,-2.475403892099939,-11.07286888800832,-15.649548595345163,165.54918549462982,193.94768773026806,-121.36911048471737,-244.71414659154436,-3.5592308420521506,-11.316720965746057,-21.462335659162093,-9.087962750613599,12.646859188107925,11.97167523640718,-11.04546363777456,1.0838269499522117,0.24385207773773665,5.8127870638169306
EC-Earth-Consortium,EC-Earth3-Veg-LR,r1i1p1f1,gr,historical,1943-05,1943,5,261.6879012237793,235.8602295111907,-176.6415849452228,-285.94565266039734,-2.344137200089744,-12.51117597276004,20.105579956500083,275.6543792863859,224.5590747925627,-196.4506719906339,-277.14177299595417,-1.8042443237938772,-10.700238938634309,14.116525829932366,-13.966478062606598,11.301154718627998,19.809087045411104,-8.803879664443173,-0.5398928762958666,-1.8109370341257307,5.9890541265677175
EC-Earth-Consortium,EC-Earth3-Veg-LR,r1i1p1f1,gr,historical,1943-06,1943,6,283.1459613684418,272.6880441224939,-160.77802140887823,-312.1016759482555,-2.789392898137976,-13.913928805093978,66.2509864305701,296.31824615671405,264.6805788578032,-184.2618748228265,-305.99544242897827,-1.3256800948089977,-11.303420968742303,58.11240669916117,-13.172284788272236,8.007465264690723,23.48385341394828,-6.106233519277225,-1.4637128033289781,-2.6105078363516743,8.138579731408925
EC-Earth-Consortium,EC-Earth3-Veg-LR,r1i1p1f1,gr,historical,1943-07,1943,7,216.78357582916536,296.589414003068,-87.28100923113834,-325.9802980727867,-0.23611535138355394,-12.482108400924872,87.39345877599985,225.98526739919413,289.5888849412498,-106.74472434052524,-319.32788691162557,-0.19383547240358012,-10.584539231081097,78.72316638480842,-9.201691570028771,7.000529061818213,19.463715109386897,-6.652411161161126,-0.04227987897997382,-1.8975691698437753,8.670292391191424
EC-Earth-Consortium,EC-Earth3-Veg-LR,r1i1p1f1,gr,historical,1943-08,1943,8,141.49445615145427,294.09148942990885,-43.22093031924429,-326.3014192623855,0.5862269327939582,-12.073430591258127,54.5763923412692,143.965143639584,285.514983779784,-56.61969220867284,-317.4160441353086,-0.736401837272086,-11.828037470306784,42.8799517678077,-2.4706874881297267,8.57650565012483,13.398761889428549,-8.885375127076884,1.3226287700660442,-0.24539312095134314,11.696440573461501
EC-Earth-Consortium,EC-Earth3-Veg-LR,r1i1p1f1,gr,historical,1943-09,1943,9,69.11456954106986,265.51684883718485,-23.16550658054335,-307.30222890515097,-4.878406479839915,-18.59663836407345,-19.311361951353007,72.23187531070974,254.64399326285204,-29.49217390513061,-295.7570914889987,-3.0077420278618163,-14.867742559467041,-16.248881407896377,-3.1173057696398843,10.872855574332817,6.326667324587259,-11.545137416152272,-1.870664451978099,-3.728895804606408,-3.06248054345663
EC-Earth-Consortium,EC-Earth3-Veg-LR,r1i1p1f1,gr,historical,1943-10,1943,10,20.554653800987413,234.4632152711258,-6.817334057334795,-280.84919551946336,-11.883777325777487,-23.916362946620087,-68.44880077708252,21.17782998279387,219.68910623165684,-9.062038234793288,-263.59941570919926,-7.415014525185129,-17.082779513843093,-56.292311768570094,-0.623176181806457,14.774109039468954,2.244704177458493,-17.2497798102641,-4.468762800592358,-6.833583432776994,-12.15648900851243
EC-Earth-Consortium,EC-Earth3-Veg-LR,r1i1p1f1,gr,historical,1943-11,1943,11,3.3038533007506605,219.39449365026306,-0.8169984956047077,-261.58240434135786,-7.434965065344136,-17.6982140789757,-64.83423503026869,3.573632890038961,193.44910051493784,-1.4677800076550447,-237.86279579461424,-8.81039866871152,-15.933404947758362,-67.05164601376235,-0.2697795892883006,25.94539313532522,0.650781512050337,-23.719608546743615,1.3754336033673829,-1.764809131217337,2.2174109834936644
EC-Earth-Consortium,EC-Earth3-Veg-LR,r1i1p1f1,gr,historical,1943-12,1943,12,0.7554253763487004,203.80003076384332,-0.25632552563870453,-247.91646160552733,-10.644429527496017,-21.65005675774094,-75.91181727621097,0.8443239133056458,179.53984894273685,-0.40726912356645945,-223.33948846597266,-7.907125970966346,-14.520666974641335,-65.79037767910431,-0.08889853695694538,24.26018182110647,0.1509435979277549,-24.576973139554667,-2.737303556529671,-7.129389783099606,-10.121439597106658
EC-Earth-Consortium,EC-Earth3-Veg-LR,r1i1p1f1,gr,historical,1944-01,1944,1,1.8362236104627638,198.38980661736957,-0.8551485939638551,-241.10456462110787,-9.552887657188103,-18.46755908771595,-69.75412973214345,1.9670428406081912,174.6451682692201,-1.1134382139788777,-217.91294889189962,-7.277542063475359,-14.28956539960937,-63.98128345913492,-0.1308192301454274,23.744638348149465,0.25828962001502254,-23.19161572920825,-2.2753455937127445,-4.177993688106582,-5.772846273008533
EC-Earth-Consortium,EC-Earth3-Veg-LR,r1i1p1f1,gr,historical,1944-02,1944,2,11.850698429004652,194.56560864044803,-6.63474649396021,-240.29521408217065,-8.603478112384016,-21.664611333881272,-70.78174295294349,12.445773582853347,174.25857569933385,-8.050053493794298,-217.59834553205962,-6.931894885320205,-14.11158454395435,-59.98752917294128,-0.5950751538486951,20.307032941114187,1.4153069998340877,-22.69686855011102,-1.6715832270638105,-7.553026789926921,-10.79421378000221
EC-Earth-Consortium,EC-Earth3-Veg-LR,r1i1p1f1,gr,historical,1944-03,1944,3,59.2012787646602,189.1185160257971,-37.6252474088017,-237.81577269309398,-12.735669111211628,-19.56736152543127,-59.42425594808127,59.86295421939759,178.6380625638465,-42.42060087439643,-224.19115525659498,-5.777500516309919,-12.96961739527065,-46.8578572593279,-0.6616754547373844,10.480453461950617,4.795353465594729,-13.624617436498994,-6.958168594901709,-6.597744130160621,-12.566398688753367
EC-Earth-Consortium,EC-Earth3-Veg-LR,r1i1p1f1,gr,historical,1944-04,1944,4,165.52670222862997,203.71777274700287,-110.62027836067006,-259.6256294153141,-8.023560612929549,-18.026290461174913,-27.051283874455784,165.54918549462982,193.94768773026806,-121.36911048471737,-244.71414659154436,-3.5592308420521506,-11.316720965746057,-21.462335659162093,-0.02248326599985262,9.77008501673481,10.748832124047311,-14.911482823769745,-4.464329770877399,-6.709569495428855,-5.588948215293691
EC-Earth-Consortium,EC-Earth3-Veg-LR,r1i1p1f1,gr,historical,1944-05,1944,5,268.5187472562769,236.45762114458537,-172.04069925162838,-291.50757313957814,-3.506000163201544,-14.52697087181114,23.395124974643068,275.6543792863859,224.5590747925627,-196.4506719906339,-277.14177299595417,-1.8042443237938772,-10.700238938634309,14.116525829932366,-7.1356320301089795,11.898546352022663,24.409972739005525,-14.365800143623972,-1.7017558394076668,-3.8267319331768306,9.278599144710702
EC-Earth-Consortium,EC-Earth3-Veg-LR,r1i1p1f1,gr,historical,1944-06,1944,6,284.34693969494265,271.9472928717276,-149.5790937081807,-314.8537903785492,-2.280781705706972,-14.910722328458801,74.66984444577449,296.31824615671405,264.6805788578032,-184.2618748228265,-305.99544242897827,-1.3256800948089977,-11.303420968742303,58.11240669916117,-11.971306461771405,7.2667140139244,34.68278111464582,-8.858347949570941,-0.9551016108979744,-3.607301359716498,16.557437746613317
EC-Earth-Consortium,EC-Earth3-Veg-LR,r1i1p1f1,gr,historical,1944-07,1944,7,214.0570364444424,296.2453943626975,-84.90541012159048,-326.71903989148495,-1.6119201136974857,-13.731994208727233,83.33406647163976,225.98526739919413,289.5888849412498,-106.74472434052524,-319.32788691162557,-0.19383547240358012,-10.584539231081097,78.72316638480842,-11.92823095475174,6.6565094214477085,21.83931421893476,-7.391152979859385,-1.4180846412939054,-3.1474549776461362,4.610900086831336
EC-Earth-Consortium,EC-Earth3-Veg-LR,r1i1p1f1,gr,historical,1944-08,1944,8,138.3084288089645,291.0034429034737,-43.194013951063724,-326.8282785676421,-2.980370951044439,-16.950362464499413,39.358845778188524,143.965143639584,285.514983779784,-56.61969220867284,-317.4160441353086,-0.736401837272086,-11.828037470306784,42.8799517678077,-5.6567148306195065,5.488459123689665,13.425678257609114,-9.412234432333491,-2.243969113772353,-5.122324994192629,-3.5211059896191728
EC-Earth-Consortium,EC-Earth3-Veg-LR,r1i1p1f1,gr,historical,1944-09,1944,9,67.14701159631555,269.2041064865549,-19.630778516752358,-313.0939979409756,-7.99721349576693,-23.777099545888994,-28.147971416513407,72.23187531070974,254.64399326285204,-29.49217390513061,-295.7570914889987,-3.0077420278618163,-14.867742559467041,-16.248881407896377,-5.084863714394189,14.56011322370287,9.861395388378252,-17.336906451976915,-4.989471467905114,-8.909356986421953,-11.89909000861703
EC-Earth-Consortium,EC-Earth3-Veg-LR,r1i1p1f1,gr,historical,1944-10,1944,10,19.512933646691746,237.61873802425796,-5.720547877362294,-286.7523911851224,-14.803483894081134,-29.60868473230883,-79.75343601792497,21.17782998279387,219.68910623165684,-9.062038234793288,-263.59941570919926,-7.415014525185129,-17.082779513843093,-56.292311768570094,-1.6648963361021245,17.92963179260113,3.3414903574309944,-23.152975475923142,-7.388469368896005,-12.525905218465738,-23.461124249354874
EC-Earth-Consortium,EC-Earth3-Veg-LR,r1i1p1f1,gr,historical,1944-11,1944,11,3.090787346447867,203.2740542378396,-0.8433842797864629,-254.2034397998685,-14.51988413104642,-23.799821867311913,-87.00168849372585,3.573632890038961,193.44910051493784,-1.4677800076550447,-237.86279579461424,-8.81039866871152,-15.933404947758362,-67.05164601376235,-0.4828455435910941,9.824953722901768,0.6243957278685818,-16.340644005254262,-5.7094854623349,-7.866416919553551,-19.9500424799635
EC-Earth-Consortium,EC-Earth3-Veg-LR,r1i1p1f1,gr,historical,1944-12,1944,12,0.7842052601929563,195.16704690953017,-0.2678018573856117,-244.98366467456523,-15.740117035175807,-24.366958337818637,-89.40728973522218,0.8443239133056458,179.53984894273685,-0.40726912356645945,-223.33948846597266,-7.907125970966346,-14.520666974641335,-65.79037767910431,-0.06011865311268949,15.627197966793318,0.13946726618084776,-21.64417620859257,-7.832991064209461,-9.846291363177302,-23.61691205611787
EC-Earth-Consortium,EC-Earth3-Veg-LR,r1i1p1f1,gr,historical,1945-01,1945,1,1.8124218828173606,187.1986662029173,-0.8259692496485715,-233.0394122552471,-9.616061178413284,-17.79363372784865,-72.26398832542296,1.9670428406081912,174.6451682692201,-1.1134382139788777,-217.91294889189962,-7.277542063475359,-14.28956539960937,-63.98128345913492,-0.15462095779083063,12.553497933697201,0.2874689643303061,-15.126463363347483,-2.3385191149379256,-3.5040683282392813,-8.282704866288036
EC-Earth-Consortium,EC-Earth3-Veg-LR,r1i1p1f1,gr,historical,1945-02,1945,2,11.612617001103013,189.95544684752326,-6.660583048989749,-233.09368667406997,-5.634735832885469,-15.539899095812272,-59.36084080313117,12.445773582853347,174.25857569933385,-8.050053493794298,-217.59834553205962,-6.931894885320205,-14.11158454395435,-59.98752917294128,-0.8331565817503339,15.696871148189416,1.389470444804549,-15.495341142010346,1.2971590524347363,-1.4283145518579214,0.6266883698101111
EC-Earth-Consortium,EC-Earth3-Veg-LR,r1i1p1f1,gr,historical,1945-03,1945,3,58.03661740552732,184.13967923538948,-38.10713832200077,-234.3465863345452,-13.977281637233357,-21.75175939845831,-66.00646905132083,59.86295421939759,178.6380625638465,-42.42060087439643,-224.19115525659498,-5.777500516309919,-12.96961739527065,-46.8578572593279,-1.8263368138702631,5.50161667154299,4.313462552395656,-10.155431077950226,-8.199781120923438,-8.782142003187662,-19.148611791992934
EC-Earth-Consortium,EC-Earth3-Veg-LR,r1i1p1f1,gr,historical,1945-04,1945,4,158.8445244593532,200.89018546749605,-109.83619268856893,-252.80587713723017,-4.0196569461034,-13.680492149046122,-20.60750899409933,165.54918549462982,193.94768773026806,-121.36911048471737,-244.71414659154436,-3.5592308420521506,-11.316720965746057,-21.462335659162093,-6.704661035276615,6.9424977372279955,11.532917796148439,-8.091730545685806,-0.46042610405124984,-2.3637711833000647,0.8548266650627632
EC-Earth-Consortium,EC-Earth3-Veg-LR,r1i1p1f1,gr,historical,1945-05,1945,5,264.60446564818074,232.13469939805725,-178.9465661876041,-283.76699357383916,-1.6856252239871914,-12.218707909396052,20.121272151411482,275.6543792863859,224.5590747925627,-196.4506719906339,-277.14177299595417,-1.8042443237938772,-10.700238938634309,14.116525829932366,-11.049913638205169,7.575624605494539,17.504105803029802,-6.625220577884988,0.11861909980668583,-1.5184689707617434,6.004746321479116
EC-Earth-Consortium,EC-Earth3-Veg-LR,r1i1p1f1,gr,historical,1945-06,1945,6,283.2638028846354,273.6474731453366,-159.7038284789376,-313.32565804743587,-2.2852972210847406,-12.938472709164888,68.65801957334892,296.31824615671405,264.6805788578032,-184.2618748228265,-305.99544242897827,-1.3256800948089977,-11.303420968742303,58.11240669916117,-13.054443272078629,8.966894287533421,24.55804634388892,-7.330215618457601,-0.9596171262757429,-1.6350517404225844,10.545612874187754
EC-Earth-Consortium,EC-Earth3-Veg-LR,r1i1p1f1,gr,historical,1945-07,1945,7,215.51839521501418,296.83586780793894,-82.34712490753674,-326.6426540542916,0.08441148683302961,-12.623776255365376,90.82511929259242,225.98526739919413,289.5888849412498,-106.74472434052524,-319.32788691162557,-0.19383547240358012,-10.584539231081097,78.72316638480842,-10.466872184179948,7.246982866689166,24.3975994329885,-7.314767142666028,0.27824695923660975,-2.0392370242842794,12.101952907783996
EC-Earth-Consortium,EC-Earth3-Veg-LR,r1i1p1f1,gr,historical,1945-08,1945,8,139.36499962985968,294.0932586326163,-41.073600895554584,-326.84287835892013,-1.1276370353023,-14.65255516369234,49.7615868090066,143.965143639584,285.514983779784,-56.61969220867284,-317.4160441353086,-0.736401837272086,-11.828037470306784,42.8799517678077,-4.600144009724318,8.578274852832294,15.546091313118254,-9.426834223611536,-0.391235198030214,-2.8245176933855554,6.881635041198905
EC-Earth-Consortium,EC-Earth3-Veg-LR,r1i1p1f1,gr,historical,1945-09,1945,9,71.19308030152459,260.58441376059073,-25.06149062148291,-305.5533710237342,-4.221793932379304,-19.86450839771219,-22.923669913193244,72.23187531070974,254.64399326285204,-29.49217390513061,-295.7570914889987,-3.0077420278618163,-14.867742559467041,-16.248881407896377,-1.0387950091851508,5.9404204977387,4.430683283647699,-9.796279534735504,-1.214051904517488,-4.996765838245148,-6.674788505296867
EC-Earth-Consortium,EC-Earth3-Veg-LR,r1i1p1f1,gr,historical,1945-10,1945,10,20.76762541566537,228.35693504663485,-7.260468219898901,-274.56136152102385,-8.743487729667887,-21.449830763976863,-62.890587772267295,21.17782998279387,219.68910623165684,-9.062038234793288,-263.59941570919926,-7.415014525185129,-17.082779513843093,-56.292311768570094,-0.41020456712849906,8.667828814978009,1.801570014894387,-10.961945811824592,-1.3284732044827576,-4.36705125013377,-6.598276003697201
EC-Earth-Consortium,EC-Earth3-Veg-LR,r1i1p1f1,gr,historical,1945-11,1945,11,3.4336280368508123,205.0108798892946,-1.0815467628531905,-250.73850238516118,-11.186814952685706,-21.540143757187664,-76.1024999317423,3.573632890038961,193.44910051493784,-1.4677800076550447,-237.86279579461424,-8.81039866871152,-15.933404947758362,-67.05164601376235,-0.14000485318814881,11.561779374356774,0.38623324480185417,-12.87570659054694,-2.376416283974187,-5.606738809429302,-9.05085391797995
EC-Earth-Consortium,EC-Earth3-Veg-LR,r1i1p1f1,gr,historical,1945-12,1945,12,0.789781768655686,197.299415331409,-0.30313667462209354,-243.65484602276084,-9.00847556272611,-20.561791019457257,-75.43905217950163,0.8443239133056458,179.53984894273685,-0.40726912356645945,-223.33948846597266,-7.907125970966346,-14.520666974641335,-65.79037767910431,-0.05454214464995988,17.75956638867214,0.10413244894436591,-20.31535755678817,-1.1013495917597638,-6.041124044815922,-9.64867450039732
EC-Earth-Consortium,EC-Earth3-Veg-LR,r1i1p1f1,gr,historical,1946-01,1946,1,1.9573171320262637,188.44294786357636,-1.0076507193308601,-232.17558217472006,-7.125917642689105,-16.47426550290978,-66.38315104404717,1.9670428406081912,174.6451682692201,-1.1134382139788777,-217.91294889189962,-7.277542063475359,-14.28956539960937,-63.98128345913492,-0.009725708581927561,13.797779594356257,0.10578749464801751,-14.262633282820445,0.15162442078625382,-2.184700103300411,-2.401867584912246
EC-Earth-Consortium,EC-Earth3-Veg-LR,r1i1p1f1,gr,historical,1946-02,1946,2,11.790823165036224,180.58485084540843,-7.15674108938144,-224.915031501131,-17.87271306647423,-22.642164649739584,-80.21097629628161,12.445773582853347,174.25857569933385,-8.050053493794298,-217.59834553205962,-6.931894885320205,-14.11158454395435,-59.98752917294128,-0.6549504178171226,6.326275146074579,0.8933124044128578,-7.316685969071386,-10.940818181154025,-8.530580105785234,-20.223447123340335
EC-Earth-Consortium,EC-Earth3-Veg-LR,r1i1p1f1,gr,historical,1946-03,1946,3,59.00836759334141,179.64045388579603,-39.501288802382106,-231.24776981828433,-10.730431249776355,-20.04417918226928,-62.87484757357463,59.86295421939759,178.6380625638465,-42.42060087439643,-224.19115525659498,-5.777500516309919,-12.96961739527065,-46.8578572593279,-0.8545866260561752,1.0023913219495455,2.9193120720143213,-7.056614561689344,-4.952930733466436,-7.074561786998629,-16.016990314246726
EC-Earth-Consortium,EC-Earth3-Veg-LR,r1i1p1f1,gr,historical,1946-04,1946,4,158.75422240321177,205.97831196173337,-110.75125037275555,-256.38288161921463,-3.290988618915034,-13.860786450785776,-19.55337269672585,165.54918549462982,193.94768773026806,-121.36911048471737,-244.71414659154436,-3.5592308420521506,-11.316720965746057,-21.462335659162093,-6.7949630914180545,12.03062423146531,10.617860111961818,-11.668735027670266,0.26824222313711665,-2.5440654850397184,1.9089629624362416
EC-Earth-Consortium,EC-Earth3-Veg-LR,r1i1p1f1,gr,historical,1946-05,1946,5,267.33401342406233,229.24144176833028,-176.91749603691824,-282.8284709834013,-6.1161284325378915,-15.069049902670027,15.644309836865151,275.6543792863859,224.5590747925627,-196.4506719906339,-277.14177299595417,-1.8042443237938772,-10.700238938634309,14.116525829932366,-8.32036586232357,4.6823669757675646,19.53317595371567,-5.686697987447133,-4.311884108744014,-4.368810964035719,1.5277840069327855
EC-Earth-Consortium,EC-Earth3-Veg-LR,r1i1p1f1,gr,historical,1946-06,1946,6,283.4229125890425,272.3545711225191,-153.668928083951,-313.76620292512797,-1.4108944542249429,-13.707868330026729,73.22358991823096,296.31824615671405,264.6805788578032,-184.2618748228265,-305.99544242897827,-1.3256800948089977,-11.303420968742303,58.11240669916117,-12.895333567671571,7.673992264715878,30.592946738875526,-7.770760496149705,-0.08521435941594513,-2.4044473612844257,15.111183219069787
EC-Earth-Consortium,EC-Earth3-Veg-LR,r1i1p1f1,gr,historical,1946-07,1946,7,213.6551168458147,298.85483786775666,-75.67141385120247,-327.9207312340306,-0.6905876253237592,-12.949346654060594,95.27787534895391,225.98526739919413,289.5888849412498,-106.74472434052524,-319.32788691162557,-0.19383547240358012,-10.584539231081097,78.72316638480842,-12.33015055337944,9.265952926506884,31.073310489322765,-8.592844322405028,-0.49675215292017905,-2.3648074229794975,16.55470896414549
EC-Earth-Consortium,EC-Earth3-Veg-LR,r1i1p1f1,gr,historical,1946-08,1946,8,135.87463620851693,297.6188283038194,-38.66011083759122,-328.9185325023661,-1.4564828089156987,-13.89014178600116,50.568196577462196,143.965143639584,285.514983779784,-56.61969220867284,-317.4160441353086,-0.736401837272086,-11.828037470306784,42.8799517678077,-8.090507431067067,12.103844524035367,17.95958137108162,-11.502488367057481,-0.7200809716436127,-2.0621043156943752,7.688244809654499
EC-Earth-Consortium,EC-Earth3-Veg-LR,r1i1p1f1,gr,historical,1946-09,1946,9,71.05472624142787,264.53398085244334,-22.54732813241873,-309.80011057822173,-5.189610492237945,-19.785449235096348,-21.73379134410353,72.23187531070974,254.64399326285204,-29.49217390513061,-295.7570914889987,-3.0077420278618163,-14.867742559467041,-16.248881407896377,-1.1771490692818674,9.8899875895913,6.944845772711879,-14.043019089223037,-2.1818684643761284,-4.917706675629306,-5.484909936207153
EC-Earth-Consortium,EC-Earth3-Veg-LR,r1i1p1f1,gr,historical,1946-10,1946,10,20.982342970588576,234.6962228662408,-6.583039785683321,-282.8273795271011,-12.95422707292212,-25.26183840045293,-71.94791894933009,21.17782998279387,219.68910623165684,-9.062038234793288,-263.59941570919926,-7.415014525185129,-17.082779513843093,-56.292311768570094,-0.19548701220529452,15.007116634583952,2.478998449109967,-19.22796381790181,-5.53921254773699,-8.179058886609837,-15.655607180759993
EC-Earth-Consortium,EC-Earth3-Veg-LR,r1i1p1f1,gr,historical,1946-11,1946,11,3.464627750505098,206.9480228457375,-0.916015234702675,-255.40839233932803,-12.276024398269042,-21.027661359916337,-79.2154427359735,3.573632890038961,193.44910051493784,-1.4677800076550447,-237.86279579461424,-8.81039866871152,-15.933404947758362,-67.05164601376235,-0.10900513953386293,13.498922330799672,0.5517647729523697,-17.54559654471379,-3.465625729557523,-5.094256412157975,-12.163796722211146
EC-Earth-Consortium,EC-Earth3-Veg-LR,r1i1p1f1,gr,historical,1946-12,1946,12,0.7738966253317785,195.09369489326133,-0.28179852932906496,-241.26646567919968,-12.254919161303102,-21.56903920707274,-79.50463105831146,0.8443239133056458,179.53984894273685,-0.40726912356645945,-223.33948846597266,-7.907125970966346,-14.520666974641335,-65.79037767910431,-0.07042728797386733,15.553845950524476,0.12547059423739448,-17.92697721322702,-4.3477931903367555,-7.048372232431406,-13.71425337920715
EC-Earth-Consortium,EC-Earth3-Veg-LR,r1i1p1f1,gr,historical,1947-01,1947,1,2.0028882855531314,178.91929762577445,-0.9674326605292605,-229.96156597247474,-17.048859294525265,-24.157099280771092,-91.21277129697279,1.9670428406081912,174.6451682692201,-1.1134382139788777,-217.91294889189962,-7.277542063475359,-14.28956539960937,-63.98128345913492,0.03584544494494013,4.27412935655434,0.1460055534496172,-12.048617080575127,-9.771317231049906,-9.867533881161723,-27.231487837837868
EC-Earth-Consortium,EC-Earth3-Veg-LR,r1i1p1f1,gr,historical,1947-02,1947,2,12.012248839608194,191.26656541775077,-6.8556273580265055,-236.584232900486,-4.616295965435559,-16.403317867239238,-61.18065983382835,12.445773582853347,174.25857569933385,-8.050053493794298,-217.59834553205962,-6.931894885320205,-14.11158454395435,-59.98752917294128,-0.4335247432451528,17.007989718416923,1.1944261357677926,-18.985887368426376,2.3155989198846463,-2.2917333232848875,-1.1931306608870713
EC-Earth-Consortium,EC-Earth3-Veg-LR,r1i1p1f1,gr,historical,1947-03,1947,3,56.392368005517525,195.4401591979237,-36.96700257915014,-244.40720140075211,-11.559353081247147,-21.58065499455294,-62.68168485226114,59.86295421939759,178.6380625638465,-42.42060087439643,-224.19115525659498,-5.777500516309919,-12.96961739527065,-46.8578572593279,-3.470586213880061,16.802096634077202,5.453598295246287,-20.216046144157133,-5.781852564937228,-8.611037599282291,-15.823827592933242
EC-Earth-Consortium,EC-Earth3-Veg-LR,r1i1p1f1,gr,historical,1947-04,1947,4,156.48385213372717,203.09488728832173,-110.3640990089479,-252.7037925459414,-7.039359363301319,-15.816190295157348,-26.344701791299084,165.54918549462982,193.94768773026806,-121.36911048471737,-244.71414659154436,-3.5592308420521506,-11.316720965746057,-21.462335659162093,-9.065333360902656,9.147199558053671,11.005011475769464,-7.989645954397048,-3.4801285212491684,-4.499469329411291,-4.8823661321369904
EC-Earth-Consortium,EC-Earth3-Veg-LR,r1i1p1f1,gr,historical,1947-05,1947,5,269.7039640588847,230.50456372077173,-182.18778982833155,-284.4107323116308,-4.282881366070001,-13.896085650048402,15.43103862357572,275.6543792863859,224.5590747925627,-196.4506719906339,-277.14177299595417,-1.8042443237938772,-10.700238938634309,14.116525829932366,-5.950415227501196,5.945488928209016,14.262882162302361,-7.268959315676625,-2.4786370422761235,-3.1958467114140934,1.3145127936433543
EC-Earth-Consortium,EC-Earth3-Veg-LR,r1i1p1f1,gr,historical,1947-06,1947,6,282.64830013891645,272.3086907065405,-159.34024970059036,-312.06282039317017,-1.269779407268895,-11.701456368836022,70.58268497559155,296.31824615671405,264.6805788578032,-184.2618748228265,-305.99544242897827,-1.3256800948089977,-11.303420968742303,58.11240669916117,-13.6699460177976,7.628111848737319,24.92162512223615,-6.0673779641919054,0.05590068754010269,-0.3980354000937183,12.470278276430378
EC-Earth-Consortium,EC-Earth3-Veg-LR,r1i1p1f1,gr,historical,1947-07,1947,7,217.48839784304386,295.02184437923233,-84.49392004736693,-325.8473671401171,-0.8521484391345043,-12.555900683555809,88.76090591210188,225.98526739919413,289.5888849412498,-106.74472434052524,-319.32788691162557,-0.19383547240358012,-10.584539231081097,78.72316638480842,-8.496869556150273,5.432959437982561,22.25080429315831,-6.519480228491545,-0.6583129667309242,-1.9713614524747118,10.037739527293454
EC-Earth-Consortium,EC-Earth3-Veg-LR,r1i1p1f1,gr,historical,1947-08,1947,8,140.53833497701072,291.97747749225397,-43.67346146626808,-326.4017960104071,-0.8860135226100913,-15.490239645098638,46.06430182488078,143.965143639584,285.514983779784,-56.61969220867284,-317.4160441353086,-0.736401837272086,-11.828037470306784,42.8799517678077,-3.426808662573279,6.46249371246995,12.946230742404758,-8.985751875098515,-0.14961168533800528,-3.6622021747918545,3.1843500570730825
EC-Earth-Consortium,EC-Earth3-Veg-LR,r1i1p1f1,gr,historical,1947-09,1947,9,69.32099229914482,270.0512867094547,-22.915207932257132,-310.81889310846714,-2.4127822821906686,-16.8577464705109,-13.632350784826304,72.23187531070974,254.64399326285204,-29.49217390513061,-295.7570914889987,-3.0077420278618163,-14.867742559467041,-16.248881407896377,-2.91088301156492,15.407293446602665,6.576965972873477,-15.06180161946844,0.5949597456711477,-1.9900039110438588,2.616530623070073
EC-Earth-Consortium,EC-Earth3-Veg-LR,r1i1p1f1,gr,historical,1947-10,1947,10,20.755208200580498,234.60311289250117,-6.885470443088016,-279.6148762885093,-8.809825336222257,-21.14603647578966,-61.09788745052761,21.17782998279387,219.68910623165684,-9.062038234793288,-263.59941570919926,-7.415014525185129,-17.082779513843093,-56.292311768570094,-0.42262178221337265,14.914006660844336,2.1765677917052724,-16.01546057931006,-1.3948108110371278,-4.063256961946568,-4.805575681957514
EC-Earth-Consortium,EC-Earth3-Veg-LR,r1i1p1f1,gr,historical,1947-11,1947,11,3.4323105419871016,208.1501763866138,-1.0202809863033238,-254.52800407086835,-14.736126696123764,-24.089968784415635,-82.79189360911018,3.573632890038961,193.44910051493784,-1.4677800076550447,-237.86279579461424,-8.81039866871152,-15.933404947758362,-67.05164601376235,-0.1413223480518595,14.701075871675954,0.4474990213517209,-16.665208276254106,-5.925728027412244,-8.156563836657273,-15.740247595347824
EC-Earth-Consortium,EC-Earth3-Veg-LR,r1i1p1f1,gr,historical,1947-12,1947,12,0.7768861595933968,195.20440427229642,-0.3260413011544752,-237.93664709744994,-7.221725144211924,-16.610330867508058,-66.11345397843458,0.8443239133056458,179.53984894273685,-0.40726912356645945,-223.33948846597266,-7.907125970966346,-14.520666974641335,-65.79037767910431,-0.06743775371224903,15.664555329559562,0.08122782241198423,-14.59715863147727,0.6854008267544218,-2.0896638928667226,-0.3230762993302676
EC-Earth-Consortium,EC-Earth3-Veg-LR,r1i1p1f1,gr,historical,1948-01,1948,1,1.9323939509800545,188.71723246047455,-1.014100803418097,-232.06638325778687,-10.773793388993068,-19.74810234232819,-72.95275338107163,1.9670428406081912,174.6451682692201,-1.1134382139788777,-217.91294889189962,-7.277542063475359,-14.28956539960937,-63.98128345913492,-0.034648889628136725,14.07206419125444,0.09933741056078071,-14.15343436588725,-3.4962513255177097,-5.458536942718819,-8.97146992193671
EC-Earth-Consortium,EC-Earth3-Veg-LR,r1i1p1f1,gr,historical,1948-02,1948,2,12.463056937580188,182.5816810013979,-7.39366770023503,-227.17855792813853,-4.058604593364117,-14.68159255906258,-58.26768484182218,12.445773582853347,174.25857569933385,-8.050053493794298,-217.59834553205962,-6.931894885320205,-14.11158454395435,-59.98752917294128,0.017283354726840727,8.32310530206405,0.6563857935592683,-9.580212396078906,2.8732902919560885,-0.570008015108229,1.7198443311190985
EC-Earth-Consortium,EC-Earth3-Veg-LR,r1i1p1f1,gr,historical,1948-03,1948,3,59.591330425855126,193.97596409004137,-39.044708552855674,-240.26372311733917,-7.7533685051296,-17.781320757880028,-51.27582641730797,59.86295421939759,178.6380625638465,-42.42060087439643,-224.19115525659498,-5.777500516309919,-12.96961739527065,-46.8578572593279,-0.27162379354246013,15.337901526194884,3.3758923215407535,-16.072567860744186,-1.9758679888196813,-4.811703362609379,-4.4179691579800675
EC-Earth-Consortium,EC-Earth3-Veg-LR,r1i1p1f1,gr,historical,1948-04,1948,4,163.39687171971886,197.69896037042793,-113.8455192578049,-250.32258444487553,-7.5642297181984155,-15.848864168224592,-26.485365498956604,165.54918549462982,193.94768773026806,-121.36911048471737,-244.71414659154436,-3.5592308420521506,-11.316720965746057,-21.462335659162093,-2.152313774910965,3.7512726401598684,7.5235912269124725,-5.608437853331168,-4.004998876146265,-4.532143202478535,-5.023029839794511
EC-Earth-Consortium,EC-Earth3-Veg-LR,r1i1p1f1,gr,historical,1948-05,1948,5,269.09785065247775,232.35524135702346,-179.94582215900192,-286.3193763486525,-3.0247156518615865,-14.072863103378939,18.090314746606293,275.6543792863859,224.5590747925627,-196.4506719906339,-277.14177299595417,-1.8042443237938772,-10.700238938634309,14.116525829932366,-6.556528633908158,7.796166564460748,16.504849831631986,-9.177603352698327,-1.2204713280677093,-3.3726241647446304,3.973788916673927
EC-Earth-Consortium,EC-Earth3-Veg-LR,r1i1p1f1,gr,historical,1948-06,1948,6,276.2259466931554,279.18032600132443,-150.44353559274722,-316.1450965230058,-2.283514393858341,-12.736184649902752,73.79794153496572,296.31824615671405,264.6805788578032,-184.2618748228265,-305.99544242897827,-1.3256800948089977,-11.303420968742303,58.11240669916117,-20.092299463558675,14.499747143521233,33.81833923007929,-10.14965409402754,-0.9578342990493431,-1.4327636811604485,15.685534835804546
EC-Earth-Consortium,EC-Earth3-Veg-LR,r1i1p1f1,gr,historical,1948-07,1948,7,204.0394029942469,300.435614494984,-73.06113136093583,-327.60694468310055,-0.11139062204611973,-12.30202737268098,91.39352345046743,225.98526739919413,289.5888849412498,-106.74472434052524,-319.32788691162557,-0.19383547240358012,-10.584539231081097,78.72316638480842,-21.94586440494723,10.846729553734235,33.683592979589406,-8.279057771474982,0.0824448503574604,-1.7174881415998833,12.670357065659005
EC-Earth-Consortium,EC-Earth3-Veg-LR,r1i1p1f1,gr,historical,1948-08,1948,8,132.2466250846156,297.85930678430174,-35.895172382454966,-329.60568254619614,-0.5780983970080815,-15.578122101505572,48.448856441752554,143.965143639584,285.514983779784,-56.61969220867284,-317.4160441353086,-0.736401837272086,-11.828037470306784,42.8799517678077,-11.718518554968398,12.344323004517719,20.724519826217872,-12.18963841088754,0.15830344026400445,-3.7500846311987885,5.568904673944857
EC-Earth-Consortium,EC-Earth3-Veg-LR,r1i1p1f1,gr,historical,1948-09,1948,9,67.96348121549784,264.9923774819761,-21.85905401752735,-308.3833327366909,-3.6970466317386412,-17.762406216174032,-18.745980904656932,72.23187531070974,254.64399326285204,-29.49217390513061,-295.7570914889987,-3.0077420278618163,-14.867742559467041,-16.248881407896377,-4.268394095211903,10.348384219124085,7.633119887603261,-12.626241247692178,-0.6893046038768249,-2.8946636567069906,-2.497099496760555
EC-Earth-Consortium,EC-Earth3-Veg-LR,r1i1p1f1,gr,historical,1948-10,1948,10,19.23874095836697,235.91892389241883,-6.238508781399234,-281.1174125465977,-8.407674358389537,-19.369140320893163,-59.97507115649381,21.17782998279387,219.68910623165684,-9.062038234793288,-263.59941570919926,-7.415014525185129,-17.082779513843093,-56.292311768570094,-1.9390890244268988,16.229817660761995,2.8235294533940545,-17.517996837398414,-0.9926598332044074,-2.2863608070500696,-3.682759387923717
EC-Earth-Consortium,EC-Earth3-Veg-LR,r1i1p1f1,gr,historical,1948-11,1948,11,3.033090373255664,204.1061507684602,-0.8498145139113343,-252.4735287866543,-15.106297256350116,-23.806007965567872,-85.09640738076774,3.573632890038961,193.44910051493784,-1.4677800076550447,-237.86279579461424,-8.81039866871152,-15.933404947758362,-67.05164601376235,-0.5405425167832969,10.657050253522357,0.6179654937437103,-14.610732992040056,-6.295898587638597,-7.87260301780951,-18.044761367005393
EC-Earth-Consortium,EC-Earth3-Veg-LR,r1i1p1f1,gr,historical,1948-12,1948,12,0.7541170825944394,192.00235860382696,-0.28275223134429234,-240.75718566634978,-8.780643516567592,-18.94684698229233,-76.0109527101326,0.8443239133056458,179.53984894273685,-0.40726912356645945,-223.33948846597266,-7.907125970966346,-14.520666974641335,-65.79037767910431,-0.09020683071120639,12.46250966109011,0.12451689222216711,-17.41769720037712,-0.8735175456012456,-4.426180007650997,-10.22057503102829
EC-Earth-Consortium,EC-Earth3-Veg-LR,r1i1p1f1,gr,historical,1949-01,1949,1,1.8784589492276742,184.560109935896,-0.8728076600696199,-231.64872286191525,-14.398043869807188,-20.849970754053135,-81.3309762607215,1.9670428406081912,174.6451682692201,-1.1134382139788777,-217.91294889189962,-7.277542063475359,-14.28956539960937,-63.98128345913492,-0.08858389138051703,9.914941666675901,0.2406305539092578,-13.735773970015629,-7.120501806331829,-6.560405354443766,-17.349692801586578
EC-Earth-Consortium,EC-Earth3-Veg-LR,r1i1p1f1,gr,historical,1949-02,1949,2,11.66399278959461,180.00639158834002,-6.482387801791685,-229.30741695895534,-7.498191279295796,-18.19057908235772,-69.8081907444659,12.445773582853347,174.25857569933385,-8.050053493794298,-217.59834553205962,-6.931894885320205,-14.11158454395435,-59.98752917294128,-0.7817807932587364,5.747815889006176,1.5676656920026133,-11.709071426895719,-0.5662963939755903,-4.078994538403368,-9.820661571524624
EC-Earth-Consortium,EC-Earth3-Veg-LR,r1i1p1f1,gr,historical,1949-03,1949,3,57.11369250092128,194.1386957370079,-36.48872801825632,-242.69300796523368,-9.082327663986737,-18.65632606816284,-55.6680014777104,59.86295421939759,178.6380625638465,-42.42060087439643,-224.19115525659498,-5.777500516309919,-12.96961739527065,-46.8578572593279,-2.749261718476305,15.500633173161418,5.93187285614011,-18.501852708638694,-3.304827147676818,-5.686708672892191,-8.810144218382497
EC-Earth-Consortium,EC-Earth3-Veg-LR,r1i1p1f1,gr,historical,1949-04,1949,4,155.27767479805033,208.24917849235675,-104.45524044888745,-258.13879774166605,-2.613754875404033,-13.031302210833923,-14.712241986384413,165.54918549462982,193.94768773026806,-121.36911048471737,-244.71414659154436,-3.5592308420521506,-11.316720965746057,-21.462335659162093,-10.271510696579497,14.30149076208869,16.913870035829916,-13.42465115012169,0.9454759666481176,-1.7145812450878655,6.75009367277768
EC-Earth-Consortium,EC-Earth3-Veg-LR,r1i1p1f1,gr,historical,1949-05,1949,5,262.20625960632464,233.12347854604965,-176.4458769812612,-285.0954287550011,-1.065426605625582,-11.6350555409552,21.087950269531177,275.6543792863859,224.5590747925627,-196.4506719906339,-277.14177299595417,-1.8042443237938772,-10.700238938634309,14.116525829932366,-13.448119680061268,8.564403753486943,20.004795009372714,-7.95365575904691,0.7388177181682953,-0.9348166023208915,6.971424439598811
EC-Earth-Consortium,EC-Earth3-Veg-LR,r1i1p1f1,gr,historical,1949-06,1949,6,283.70764050395894,275.16244212622684,-160.0626387540118,-314.56832181421055,-3.0568019570976386,-14.82215989185806,66.36016021300779,296.31824615671405,264.6805788578032,-184.2618748228265,-305.99544242897827,-1.3256800948089977,-11.303420968742303,58.11240669916117,-12.610605652755112,10.481863268423638,24.199236068814713,-8.572879385232284,-1.7311218622886408,-3.518738923115757,8.247753513846618
EC-Earth-Consortium,EC-Earth3-Veg-LR,r1i1p1f1,gr,historical,1949-07,1949,7,218.03184042109964,296.9954072045871,-86.47376676019837,-327.3223122592707,-1.3224476927716364,-13.327434839240714,86.58128607420535,225.98526739919413,289.5888849412498,-106.74472434052524,-319.32788691162557,-0.19383547240358012,-10.584539231081097,78.72316638480842,-7.953426978094484,7.406522263337308,20.270957580326865,-7.9944253476451195,-1.1286122203680562,-2.7428956081596176,7.858119689396929
EC-Earth-Consortium,EC-Earth3-Veg-LR,r1i1p1f1,gr,historical,1949-08,1949,8,134.7921824236425,300.1313428424189,-36.661062000893615,-330.18987716990495,-0.6433575827554976,-14.237775100836275,53.19145341167109,143.965143639584,285.514983779784,-56.61969220867284,-317.4160441353086,-0.736401837272086,-11.828037470306784,42.8799517678077,-9.172961215941513,14.6163590626349,19.958630207779223,-12.77383303459635,0.09304425451658838,-2.4097376305294915,10.311501643863394
EC-Earth-Consortium,EC-Earth3-Veg-LR,r1i1p1f1,gr,historical,1949-09,1949,9,66.91802478554499,273.3646997425462,-20.04804819695709,-314.09974516995726,-3.771674476812881,-18.191704126158122,-15.828447441794166,72.23187531070974,254.64399326285204,-29.49217390513061,-295.7570914889987,-3.0077420278618163,-14.867742559467041,-16.248881407896377,-5.313850525164753,18.720706479694144,9.44412570817352,-18.342653680958563,-0.7639324489510648,-3.3239615666910804,0.42043396610221073
EC-Earth-Consortium,EC-Earth3-Veg-LR,r1i1p1f1,gr,historical,1949-10,1949,10,20.27358477287074,232.11383527133933,-6.288950828780904,-279.7420012764098,-11.049328825576634,-24.378254679079134,-69.07111556563639,21.17782998279387,219.68910623165684,-9.062038234793288,-263.59941570919926,-7.415014525185129,-17.082779513843093,-56.292311768570094,-0.9042452099231291,12.42472903968249,2.773087406012384,-16.142585567210517,-3.6343143003915044,-7.2954751652360414,-12.778803797066296
EC-Earth-Consortium,EC-Earth3-Veg-LR,r1i1p1f1,gr,historical,1949-11,1949,11,3.3467832950807344,214.23676181906933,-1.004645616986836,-260.4941258300526,-7.813227907625611,-20.01971170104962,-71.74816594156461,3.573632890038961,193.44910051493784,-1.4677800076550447,-237.86279579461424,-8.81039866871152,-15.933404947758362,-67.05164601376235,-0.22684959495822676,20.78766130413149,0.4631343906682086,-22.631330035438367,0.9971707610859086,-4.086306753291257,-4.696519927802257
EC-Earth-Consortium,EC-Earth3-Veg-LR,r1i1p1f1,gr,historical,1949-12,1949,12,0.7978113608184471,186.74635218484883,-0.32967852699053873,-235.62565317145393,-17.448935466186253,-23.295073773689772,-89.1551773926532,0.8443239133056458,179.53984894273685,-0.40726912356645945,-223.33948846597266,-7.907125970966346,-14.520666974641335,-65.79037767910431,-0.046512552487198766,7.206503242111978,0.07759059657592071,-12.28616470548127,-9.541809495219907,-8.774406799048437,-23.36479971354889
EC-Earth-Consortium,EC-Earth3-Veg-LR,r1i1p1f1,gr,historical,1950-01,1950,1,1.876783908016122,190.42598548563143,-0.960415717741555,-237.27011097449136,-14.690974742814227,-24.28568278070214,-84.90441482210176,1.9670428406081912,174.6451682692201,-1.1134382139788777,-217.91294889189962,-7.277542063475359,-14.28956539960937,-63.98128345913492,-0.0902589325920693,15.780817216411322,0.15302249623732267,-19.357162082591742,-7.413432679338868,-9.99611738109277,-20.923131362966835
EC-Earth-Consortium,EC-Earth3-Veg-LR,r1i1p1f1,gr,historical,1950-02,1950,2,11.848103296154896,183.8383131641157,-6.815662437612808,-230.90543815054446,-8.855313967997802,-19.811542163931662,-70.70154025981613,12.445773582853347,174.25857569933385,-8.050053493794298,-217.59834553205962,-6.931894885320205,-14.11158454395435,-59.98752917294128,-0.5976702866984507,9.579737464781857,1.2343910561814901,-13.30709261848483,-1.9234190826775963,-5.699957619977312,-10.714011086874848
EC-Earth-Consortium,EC-Earth3-Veg-LR,r1i1p1f1,gr,historical,1950-03,1950,3,57.293047705195725,188.96573302867355,-37.31847049879499,-237.39600704964298,-10.986967691819377,-21.26227026825587,-60.70493477464393,59.86295421939759,178.6380625638465,-42.42060087439643,-224.19115525659498,-5.777500516309919,-12.96961739527065,-46.8578572593279,-2.569906514201861,10.327670464827065,5.1021303756014404,-13.204851793047993,-5.209467175509458,-8.292652872985222,-13.84707751531603
EC-Earth-Consortium,EC-Earth3-Veg-LR,r1i1p1f1,gr,historical,1950-04,1950,4,157.62012441117187,206.4826379855171,-108.72927060044297,-257.5830073655082,-3.445854703586872,-14.103195461746568,-19.758565734595678,165.54918549462982,193.94768773026806,-121.36911048471737,-244.71414659154436,-3.5592308420521506,-11.316720965746057,-21.462335659162093,-7.9290610834579525,12.534950255249043,12.639839884274394,-12.868860773963831,0.1133761384652785,-2.78647449600051,1.7037699245664157
EC-Earth-Consortium,EC-Earth3-Veg-LR,r1i1p1f1,gr,historical,1950-05,1950,5,265.7881923112442,230.21416409568516,-177.01693429634935,-283.70005368666835,-2.770978745760702,-14.446366825172923,18.068022852978054,275.6543792863859,224.5590747925627,-196.4506719906339,-277.14177299595417,-1.8042443237938772,-10.700238938634309,14.116525829932366,-9.866186975141716,5.655089303122452,19.43373769428456,-6.558280690714184,-0.9667344219668248,-3.7461278865386145,3.951497023045688
EC-Earth-Consortium,EC-Earth3-Veg-LR,r1i1p1f1,gr,historical,1950-06,1950,6,290.41916560295834,265.5043493106402,-172.7778711235437,-308.27307724083886,-3.2033699042309967,-13.149395094888783,58.51980155009617,296.31824615671405,264.6805788578032,-184.2618748228265,-305.99544242897827,-1.3256800948089977,-11.303420968742303,58.11240669916117,-5.899080553755709,0.8237704528369818,11.484003699282823,-2.277634811860594,-1.877689809421999,-1.84597412614648,0.40739485093499894
EC-Earth-Consortium,EC-Earth3-Veg-LR,r1i1p1f1,gr,historical,1950-07,1950,7,211.39813395711886,298.8647810211121,-86.84607304836392,-325.4457039469488,0.4423769685645436,-10.746772112931655,87.6667428385511,225.98526739919413,289.5888849412498,-106.74472434052524,-319.32788691162557,-0.19383547240358012,-10.584539231081097,78.72316638480842,-14.58713344207527,9.27589607986232,19.89865129216132,-6.117817035323242,0.6362124409681238,-0.16223288185055829,8.94357645374268
EC-Earth-Consortium,EC-Earth3-Veg-LR,r1i1p1f1,gr,historical,1950-08,1950,8,134.06558295697468,295.85708423991895,-42.57156100619735,-325.8817971976712,-1.698440762336773,-14.630468157684021,45.1404000730043,143.965143639584,285.514983779784,-56.61969220867284,-317.4160441353086,-0.736401837272086,-11.828037470306784,42.8799517678077,-9.89956068260932,10.34210046013493,14.048131202475489,-8.46575306236258,-0.962038925064687,-2.802430687377237,2.2604483051966042
EC-Earth-Consortium,EC-Earth3-Veg-LR,r1i1p1f1,gr,historical,1950-09,1950,9,68.93320938728759,266.09750391303766,-22.671708150310256,-307.9101919846178,-3.2860930359841256,-17.209263501115103,-16.046543371702075,72.23187531070974,254.64399326285204,-29.49217390513061,-295.7570914889987,-3.0077420278618163,-14.867742559467041,-16.248881407896377,-3.298665923422149,11.45351065018562,6.820465754820354,-12.153100495619128,-0.2783510081223093,-2.341520941648062,0.2023380361943019
EC-Earth-Consortium,EC-Earth3-Veg-LR,r1i1p1f1,gr,historical,1950-10,1950,10,21.163714389437907,231.60600716677982,-7.284115514163296,-278.93172321635296,-9.517733164645621,-23.08867342838697,-66.05252376733112,21.17782998279387,219.68910623165684,-9.062038234793288,-263.59941570919926,-7.415014525185129,-17.082779513843093,-56.292311768570094,-0.014115593355963796,11.916900935122982,1.7779227206299923,-15.3323075071537,-2.102718639460492,-6.005893914543876,-9.76021199876103
EC-Earth-Consortium,EC-Earth3-Veg-LR,r1i1p1f1,gr,historical,1950-11,1950,11,3.450912576931571,207.74937800385345,-1.0437087589675291,-254.9450089845977,-12.627332970731262,-23.021518876648855,-80.43727901016035,3.573632890038961,193.44910051493784,-1.4677800076550447,-237.86279579461424,-8.81039866871152,-15.933404947758362,-67.05164601376235,-0.12272031310738996,14.300277488915611,0.42407124868751556,-17.082213189983463,-3.8169343020197424,-7.088113928890493,-13.385632996398002
EC-Earth-Consortium,EC-Earth3-Veg-LR,r1i1p1f1,gr,historical,1950-12,1950,12,0.762704073521623,194.44797239487497,-0.2980513517628697,-240.00564257742568,-12.800536574565472,-20.940788914425603,-78.83434294978301,0.8443239133056458,179.53984894273685,-0.40726912356645945,-223.33948846597266,-7.907125970966346,-14.520666974641335,-65.79037767910431,-0.08161983978402287,14.908123452138113,0.10921777180358977,-16.66615411145301,-4.893410603599126,-6.420121939784268,-13.043965270678697
EC-Earth-Consortium,EC-Earth3-Veg-LR,r1i1p1f1,gr,historical,1951-01,1951,1,1.8500857630451228,191.89916313654004,-0.9226961963852105,-236.79532101034397,-9.362319102051503,-20.08649063740393,-73.41757804659944,1.9670428406081912,174.6451682692201,-1.1134382139788777,-217.91294889189962,-7.277542063475359,-14.28956539960937,-63.98128345913492,-0.11695707756306839,17.253994867319932,0.19074201759366716,-18.88237211844435,-2.084777038576144,-5.796925237794561,-9.436294587464523
EC-Earth-Consortium,EC-Earth3-Veg-LR,r1i1p1f1,gr,historical,1951-02,1951,2,11.927830686468589,183.9298905999827,-7.030365113871886,-228.87008458113453,-5.385982897886026,-16.364004956121843,-61.79271626256299,12.445773582853347,174.25857569933385,-8.050053493794298,-217.59834553205962,-6.931894885320205,-14.11158454395435,-59.98752917294128,-0.5179428963847581,9.671314900648866,1.0196883799224121,-11.27173904907491,1.5459119874341791,-2.252420412167492,-1.805187089621711
EC-Earth-Consortium,EC-Earth3-Veg-LR,r1i1p1f1,gr,historical,1951-03,1951,3,57.14154748650502,187.49612306011613,-37.489907055267786,-236.5006476875868,-10.980664067188842,-20.553234829756878,-60.88678309317913,59.86295421939759,178.6380625638465,-42.42060087439643,-224.19115525659498,-5.777500516309919,-12.96961739527065,-46.8578572593279,-2.721406732892568,8.858060496269644,4.930693819128642,-12.30949243099181,-5.203163550878923,-7.583617434486229,-14.028925833851233
EC-Earth-Consortium,EC-Earth3-Veg-LR,r1i1p1f1,gr,historical,1951-04,1951,4,156.6253095331761,213.5033177650141,-107.14392249246798,-263.49367347775404,-5.086973545206921,-15.713152577926289,-21.30909479516508,165.54918549462982,193.94768773026806,-121.36911048471737,-244.71414659154436,-3.5592308420521506,-11.316720965746057,-21.462335659162093,-8.923875961453717,19.55563003474603,14.225187992249388,-18.77952688620968,-1.5277427031547703,-4.396431612180232,0.15324086399701287
EC-Earth-Consortium,EC-Earth3-Veg-LR,r1i1p1f1,gr,historical,1951-05,1951,5,260.6833986884692,235.7080767610648,-170.8052113769531,-285.6448566075072,-1.936141850000469,-11.300726745172032,26.704538869901167,275.6543792863859,224.5590747925627,-196.4506719906339,-277.14177299595417,-1.8042443237938772,-10.700238938634309,14.116525829932366,-14.970980597916707,11.149001968502091,25.645460613680797,-8.503083611553052,-0.1318975262065918,-0.600487806537723,12.588013039968802
EC-Earth-Consortium,EC-Earth3-Veg-LR,r1i1p1f1,gr,historical,1951-06,1951,6,284.7306730042158,272.4902193280025,-155.88430892702524,-314.1419900463771,-1.7194991882464425,-14.343032577915103,71.13206159265445,296.31824615671405,264.6805788578032,-184.2618748228265,-305.99544242897827,-1.3256800948089977,-11.303420968742303,58.11240669916117,-11.587573152498237,7.8096404701993265,28.37756589580127,-8.146547617398824,-0.3938190934374448,-3.0396116091728,13.019654893493282
EC-Earth-Consortium,EC-Earth3-Veg-LR,r1i1p1f1,gr,historical,1951-07,1951,7,209.90784257591312,300.3574279783617,-77.75478276753644,-328.7935121947515,0.5097103215524661,-11.301225789681473,92.9254601238579,225.98526739919413,289.5888849412498,-106.74472434052524,-319.32788691162557,-0.19383547240358012,-10.584539231081097,78.72316638480842,-16.077424823281007,10.768543037111954,28.989941572988798,-9.465625283125917,0.7035457939560462,-0.7166865586003759,14.20229373904948
EC-Earth-Consortium,EC-Earth3-Veg-LR,r1i1p1f1,gr,historical,1951-08,1951,8,136.87047384701634,297.8480424462008,-40.392128387719545,-329.6381948441452,-0.8665605380165334,-14.470172166903875,49.351460356432014,143.965143639584,285.514983779784,-56.61969220867284,-317.4160441353086,-0.736401837272086,-11.828037470306784,42.8799517678077,-7.094669792567657,12.333058666416775,16.227563820953293,-12.22215070883658,-0.13015870074444746,-2.6421346965970915,6.471508588624317
EC-Earth-Consortium,EC-Earth3-Veg-LR,r1i1p1f1,gr,historical,1951-09,1951,9,70.07950328401506,265.63321799312246,-21.353491253805906,-311.05178293006105,-6.36457565860939,-22.948774823107218,-26.005903388446026,72.23187531070974,254.64399326285204,-29.49217390513061,-295.7570914889987,-3.0077420278618163,-14.867742559467041,-16.248881407896377,-2.152372026694678,10.989224730270422,8.138682651324704,-15.294691441062355,-3.3568336307475732,-8.081032263640177,-9.757021980549649
EC-Earth-Consortium,EC-Earth3-Veg-LR,r1i1p1f1,gr,historical,1951-10,1951,10,20.620268538008094,234.7663052281963,-6.659605973574337,-281.8357337817651,-13.186213157571615,-27.11179642801913,-73.40677557472578,21.17782998279387,219.68910623165684,-9.062038234793288,-263.59941570919926,-7.415014525185129,-17.082779513843093,-56.292311768570094,-0.557561444785776,15.077198996539465,2.4024322612189515,-18.236318072565837,-5.7711986323864854,-10.029016914176037,-17.11446380615569
EC-Earth-Consortium,EC-Earth3-Veg-LR,r1i1p1f1,gr,historical,1951-11,1951,11,3.457599129625239,201.5821249006994,-1.1730323915319008,-251.63669530704158,-18.426595386298104,-25.390284195732374,-91.58688325027933,3.573632890038961,193.44910051493784,-1.4677800076550447,-237.86279579461424,-8.81039866871152,-15.933404947758362,-67.05164601376235,-0.11603376041372204,8.133024385761559,0.29474761612314393,-13.773899512427334,-9.616196717586584,-9.456879247974012,-24.535237236516977
EC-Earth-Consortium,EC-Earth3-Veg-LR,r1i1p1f1,gr,historical,1951-12,1951,12,0.7763690829265572,191.58689097486595,-0.3096836941647222,-240.17761802219948,-17.034012786581346,-23.819250761710276,-88.97730520686333,0.8443239133056458,179.53984894273685,-0.40726912356645945,-223.33948846597266,-7.907125970966346,-14.520666974641335,-65.79037767910431,-0.06795483037908867,12.047042032129099,0.09758542940173726,-16.838129556226818,-9.126886815615,-9.29858378706894,-23.186927527759025
EC-Earth-Consortium,EC-Earth3-Veg-LR,r1i1p1f1,gr,historical,1952-01,1952,1,1.8892801242567754,184.4118316181553,-0.8335715908207367,-237.37045475157947,-10.873848703786704,-21.455772874070377,-84.2325361778452,1.9670428406081912,174.6451682692201,-1.1134382139788777,-217.91294889189962,-7.277542063475359,-14.28956539960937,-63.98128345913492,-0.07776271635141585,9.766663348935197,0.2798666231581409,-19.457505859679856,-3.5963066403113455,-7.166207474461007,-20.251252718710283
EC-Earth-Consortium,EC-Earth3-Veg-LR,r1i1p1f1,gr,historical,1952-02,1952,2,12.31796619848915,182.69407642408677,-7.11758017084011,-229.64387230461796,-7.1796792887901795,-17.267199871716645,-66.19628901338896,12.445773582853347,174.25857569933385,-8.050053493794298,-217.59834553205962,-6.931894885320205,-14.11158454395435,-59.98752917294128,-0.12780738436419625,8.435500724752927,0.9324733229541877,-12.045526772558333,-0.2477844034699741,-3.1556153277622947,-6.208759840447684
EC-Earth-Consortium,EC-Earth3-Veg-LR,r1i1p1f1,gr,historical,1952-03,1952,3,60.05038261401286,188.62327338326506,-38.82550699323218,-238.08974413714822,-9.45793677210732,-18.42799986742677,-56.12753177263655,59.86295421939759,178.6380625638465,-42.42060087439643,-224.19115525659498,-5.777500516309919,-12.96961739527065,-46.8578572593279,0.18742839461527439,9.985210819418569,3.595093881164246,-13.898588880553234,-3.6804362557974013,-5.458382472156121,-9.26967451330865
EC-Earth-Consortium,EC-Earth3-Veg-LR,r1i1p1f1,gr,historical,1952-04,1952,4,160.99233705419348,204.98750341269806,-109.44026048922281,-257.5030397618769,-8.479216794312677,-16.889415179782986,-26.332091758303775,165.54918549462982,193.94768773026806,-121.36911048471737,-244.71414659154436,-3.5592308420521506,-11.316720965746057,-21.462335659162093,-4.55684844043634,11.039815682430003,11.92884999549456,-12.788893170332528,-4.919985952260527,-5.572694214036929,-4.869756099141682
EC-Earth-Consortium,EC-Earth3-Veg-LR,r1i1p1f1,gr,historical,1952-05,1952,5,264.0062076646148,236.86362878889506,-172.99096717946435,-287.6109286288543,-1.7453354131598526,-11.885482470205618,26.637122761825708,275.6543792863859,224.5590747925627,-196.4506719906339,-277.14177299595417,-1.8042443237938772,-10.700238938634309,14.116525829932366,-11.648171621771098,12.304553996332345,23.45970481116956,-10.46915563290014,0.05890891063402459,-1.1852435315713095,12.520596931893342
EC-Earth-Consortium,EC-Earth3-Veg-LR,r1i1p1f1,gr,historical,1952-06,1952,6,291.6076465789562,265.31746668691767,-163.43457542791103,-310.75944531298876,-1.939160769050004,-14.21875644440286,66.57317531152123,296.31824615671405,264.6805788578032,-184.2618748228265,-305.99544242897827,-1.3256800948089977,-11.303420968742303,58.11240669916117,-4.7105995777578755,0.6368878291144711,20.827299394915485,-4.764002884010495,-0.6134806742410062,-2.915335475660557,8.460768612360056
EC-Earth-Consortium,EC-Earth3-Veg-LR,r1i1p1f1,gr,historical,1952-07,1952,7,218.37266216209562,294.58333956949645,-91.02745713666646,-325.9809753790406,-0.8118185517417511,-12.450491148627963,82.68525951551533,225.98526739919413,289.5888849412498,-106.74472434052524,-319.32788691162557,-0.19383547240358012,-10.584539231081097,78.72316638480842,-7.6126052370985064,4.994454628246672,15.717267203858782,-6.653088467415046,-0.617983079338171,-1.865951917546866,3.9620931307069043
EC-Earth-Consortium,EC-Earth3-Veg-LR,r1i1p1f1,gr,historical,1952-08,1952,8,143.9210384777397,288.2801987689416,-47.51505083253866,-326.24002245340785,-2.4362797381831274,-16.01197992719245,39.99790429535922,143.965143639584,285.514983779784,-56.61969220867284,-317.4160441353086,-0.736401837272086,-11.828037470306784,42.8799517678077,-0.0441051618442998,2.7652149891575846,9.104641376134175,-8.82397831809925,-1.6998779009110414,-4.183942456885665,-2.882047472448477
EC-Earth-Consortium,EC-Earth3-Veg-LR,r1i1p1f1,gr,historical,1952-09,1952,9,68.10250520289698,265.2448130855242,-24.20843501411216,-306.6840884034038,-2.5799618587443263,-17.694469099326714,-17.819636087165865,72.23187531070974,254.64399326285204,-29.49217390513061,-295.7570914889987,-3.0077420278618163,-14.867742559467041,-16.248881407896377,-4.129370107812761,10.60081982267215,5.2837388910184515,-10.926996914405095,0.42778016911749006,-2.8267265398596724,-1.5707546792694878
EC-Earth-Consortium,EC-Earth3-Veg-LR,r1i1p1f1,gr,historical,1952-10,1952,10,19.785107572897385,230.63672663986716,-6.291971745792244,-278.4332974617448,-12.313105595202133,-25.557274257346748,-72.1738148473214,21.17782998279387,219.68910623165684,-9.062038234793288,-263.59941570919926,-7.415014525185129,-17.082779513843093,-56.292311768570094,-1.3927224098964857,10.947620408210327,2.770066489001044,-14.833881752545551,-4.898091070017004,-8.474494743503655,-15.881503078751301
EC-Earth-Consortium,EC-Earth3-Veg-LR,r1i1p1f1,gr,historical,1952-11,1952,11,3.129144196909345,201.18972580344015,-0.9195894257963504,-250.87662423239198,-18.756601540005853,-28.30000332089796,-94.53394851874262,3.573632890038961,193.44910051493784,-1.4677800076550447,-237.86279579461424,-8.81039866871152,-15.933404947758362,-67.05164601376235,-0.44448869312961614,7.740625288502315,0.5481905818586943,-13.013828437777732,-9.946202871294334,-12.366598373139599,-27.482302504980268
EC-Earth-Consortium,EC-Earth3-Veg-LR,r1i1p1f1,gr,historical,1952-12,1952,12,0.7262416583603578,200.6461372150651,-0.26790686369144856,-245.33461736815386,-12.151650468578056,-21.741211896023977,-78.12300772302189,0.8443239133056458,179.53984894273685,-0.40726912356645945,-223.33948846597266,-7.907125970966346,-14.520666974641335,-65.79037767910431,-0.11808225494528801,21.106288272328243,0.13936225987501089,-21.995128902181193,-4.24452449761171,-7.220544921382642,-12.332630043917575
EC-Earth-Consortium,EC-Earth3-Veg-LR,r1i1p1f1,gr,historical,1953-01,1953,1,1.7582612907511663,189.00103941675135,-0.8182399472566376,-235.1073782232677,-19.203816227334716,-25.84162066892404,-90.21175435928056,1.9670428406081912,174.6451682692201,-1.1134382139788777,-217.91294889189962,-7.277542063475359,-14.28956539960937,-63.98128345913492,-0.2087815498570249,14.355871147531246,0.29519826672224003,-17.19442933136807,-11.926274163859357,-11.552055269314671,-26.23047090014564
EC-Earth-Consortium,EC-Earth3-Veg-LR,r1i1p1f1,gr,historical,1953-02,1953,2,11.572834877144548,190.53036350098787,-6.696153288173231,-235.9004980928542,-12.313449368402347,-22.18811797594699,-74.99502034724436,12.445773582853347,174.25857569933385,-8.050053493794298,-217.59834553205962,-6.931894885320205,-14.11158454395435,-59.98752917294128,-0.8729387057087994,16.27178780165403,1.3539002056210672,-18.302152560794582,-5.381554483082142,-8.07653343199264,-15.007491174303084
EC-Earth-Consortium,EC-Earth3-Veg-LR,r1i1p1f1,gr,historical,1953-03,1953,3,55.67610996851243,192.242553185058,-36.079062776711844,-239.46233308489883,-11.857577212000733,-21.275045476470808,-60.75535539651179,59.86295421939759,178.6380625638465,-42.42060087439643,-224.19115525659498,-5.777500516309919,-12.96961739527065,-46.8578572593279,-4.186844250885159,13.60449062121151,6.341538097684584,-15.271177828303848,-6.080076695690813,-8.305428081200159,-13.897498137183888
EC-Earth-Consortium,EC-Earth3-Veg-LR,r1i1p1f1,gr,historical,1953-04,1953,4,158.97290311080775,204.04681129699466,-108.84380476938013,-256.79081167466296,-3.7328511345633615,-15.057332738991267,-21.405085909795293,165.54918549462982,193.94768773026806,-121.36911048471737,-244.71414659154436,-3.5592308420521506,-11.316720965746057,-21.462335659162093,-6.576282383822075,10.099123566726604,12.52530571533724,-12.076665083118598,-0.17362029251121092,-3.7406117732452095,0.05724974936680027
EC-Earth-Consortium,EC-Earth3-Veg-LR,r1i1p1f1,gr,historical,1953-05,1953,5,259.42966915108724,238.58718919045492,-170.46691338659804,-288.917081011073,-2.9831684006560244,-14.139352926711258,21.51034261650386,275.6543792863859,224.5590747925627,-196.4506719906339,-277.14177299595417,-1.8042443237938772,-10.700238938634309,14.116525829932366,-16.224710135298665,14.02811439789221,25.98375860403587,-11.77530801511881,-1.1789240768621472,-3.439113988076949,7.393816786571493
EC-Earth-Consortium,EC-Earth3-Veg-LR,r1i1p1f1,gr,historical,1953-06,1953,6,273.95709904158656,278.4570774205759,-150.17374247194292,-315.0016107579957,-1.9930028416262409,-14.133336742263223,71.1124836483344,296.31824615671405,264.6805788578032,-184.2618748228265,-305.99544242897827,-1.3256800948089977,-11.303420968742303,58.11240669916117,-22.361147115127494,13.776498562772701,34.0881323508836,-9.006168329017441,-0.6673227468172431,-2.82991577352092,13.000076949173234
EC-Earth-Consortium,EC-Earth3-Veg-LR,r1i1p1f1,gr,historical,1953-07,1953,7,209.27918731090003,300.9769944517049,-77.28022107644438,-328.86121525363365,-0.47091804147514105,-11.661996853525352,91.98183053752639,225.98526739919413,289.5888849412498,-106.74472434052524,-319.32788691162557,-0.19383547240358012,-10.584539231081097,78.72316638480842,-16.7060800882941,11.388109510455138,29.46450326408086,-9.533328342008076,-0.2770825690715609,-1.0774576224442551,13.25866415271797
EC-Earth-Consortium,EC-Earth3-Veg-LR,r1i1p1f1,gr,historical,1953-08,1953,8,137.2937715462872,295.4511502407037,-39.91260757165779,-329.45144797329186,-2.290612241925527,-15.846563234632688,45.24369076548302,143.965143639584,285.514983779784,-56.61969220867284,-317.4160441353086,-0.736401837272086,-11.828037470306784,42.8799517678077,-6.67137209329681,9.936166460919708,16.70708463701505,-12.035403837983267,-1.554210404653441,-4.018525764325904,2.36373899767532
EC-Earth-Consortium,EC-Earth3-Veg-LR,r1i1p1f1,gr,historical,1953-09,1953,9,69.18843649464365,270.22854347179936,-21.8294685257637,-312.09717147364603,-4.826066216580935,-20.913389339777716,-20.249115589325328,72.23187531070974,254.64399326285204,-29.49217390513061,-295.7570914889987,-3.0077420278618163,-14.867742559467041,-16.248881407896377,-3.043438816066086,15.58455020894732,7.662705379366908,-16.340079984647332,-1.818324188719119,-6.045646780310674,-4.000234181428951
EC-Earth-Consortium,EC-Earth3-Veg-LR,r1i1p1f1,gr,historical,1953-10,1953,10,20.172444209878194,239.28665517526537,-5.966547415408195,-284.83533551082553,-10.27519775297281,-23.76522723361999,-65.383208527683,21.17782998279387,219.68910623165684,-9.062038234793288,-263.59941570919926,-7.415014525185129,-17.082779513843093,-56.292311768570094,-1.0053857729156768,19.59754894360853,3.095490819385093,-21.235919801626267,-2.8601832277876804,-6.682447719776896,-9.090896759112901
EC-Earth-Consortium,EC-Earth3-Veg-LR,r1i1p1f1,gr,historical,1953-11,1953,11,3.386043245281938,208.30283454033327,-1.0390095959881176,-257.86756602087195,-18.51750783161383,-25.861780043756315,-91.596985706615,3.573632890038961,193.44910051493784,-1.4677800076550447,-237.86279579461424,-8.81039866871152,-15.933404947758362,-67.05164601376235,-0.18758964475702333,14.853734025395426,0.4287704116669271,-20.004770226257705,-9.707109162902311,-9.928375095997954,-24.54533969285265
EC-Earth-Consortium,EC-Earth3-Veg-LR,r1i1p1f1,gr,historical,1953-12,1953,12,0.744473001985623,184.9435419397201,-0.2771312371095923,-236.28954898535085,-13.805834686035892,-21.53698234641499,-86.2214823132056,0.8443239133056458,179.53984894273685,-0.40726912356645945,-223.33948846597266,-7.907125970966346,-14.520666974641335,-65.79037767910431,-0.09985091132002277,5.403692996983239,0.13013788645686714,-12.950060519378184,-5.898708715069546,-7.016315371773656,-20.43110463410129
EC-Earth-Consortium,EC-Earth3-Veg-LR,r1i1p1f1,gr,historical,1954-01,1954,1,1.83337621795861,181.36327177858993,-0.8706929009091386,-230.45979395544282,-17.70935510438595,-24.02157271241613,-89.86476667660551,1.9670428406081912,174.6451682692201,-1.1134382139788777,-217.91294889189962,-7.277542063475359,-14.28956539960937,-63.98128345913492,-0.1336666226495813,6.718103509369826,0.242745313069739,-12.546845063543202,-10.43181304091059,-9.732007312806761,-25.88348321747059
EC-Earth-Consortium,EC-Earth3-Veg-LR,r1i1p1f1,gr,historical,1954-02,1954,2,11.785802632984524,184.7312903455638,-6.52140418017334,-232.15842631464733,-7.565155380074678,-18.03534059820875,-67.76323349455579,12.445773582853347,174.25857569933385,-8.050053493794298,-217.59834553205962,-6.931894885320205,-14.11158454395435,-59.98752917294128,-0.6599709498688231,10.472714646229946,1.5286493136209582,-14.560080782587704,-0.6332604947544729,-3.923756054254401,-7.775704321614512
EC-Earth-Consortium,EC-Earth3-Veg-LR,r1i1p1f1,gr,historical,1954-03,1954,3,57.376464100239666,188.75452045767992,-37.134928120072885,-236.89344975707263,-9.43099719621721,-16.717437109184957,-54.04582762462809,59.86295421939759,178.6380625638465,-42.42060087439643,-224.19115525659498,-5.777500516309919,-12.96961739527065,-46.8578572593279,-2.4864901191579207,10.116457893833427,5.285672754323542,-12.702294500477649,-3.65349667990729,-3.747819713914307,-7.187970365300188
EC-Earth-Consortium,EC-Earth3-Veg-LR,r1i1p1f1,gr,historical,1954-04,1954,4,157.405010236809,201.98525442280547,-109.16036563336978,-252.88179271897874,-3.7283341180397604,-13.197627236541063,-19.577855047314916,165.54918549462982,193.94768773026806,-121.36911048471737,-244.71414659154436,-3.5592308420521506,-11.316720965746057,-21.462335659162093,-8.14417525782082,8.03756669253741,12.20874485134759,-8.16764612743438,-0.16910327598760988,-1.8809062707950055,1.8844806118471773
EC-Earth-Consortium,EC-Earth3-Veg-LR,r1i1p1f1,gr,historical,1954-05,1954,5,265.4886157023429,234.22824835211557,-174.35353709267295,-287.240512649952,-1.2263921740198753,-13.20500052372331,23.691421614090377,275.6543792863859,224.5590747925627,-196.4506719906339,-277.14177299595417,-1.8042443237938772,-10.700238938634309,14.116525829932366,-10.16576358404302,9.66917355955286,22.097134897960956,-10.098739653997825,0.5778521497740019,-2.5047615850890015,9.574895784158011
EC-Earth-Consortium,EC-Earth3-Veg-LR,r1i1p1f1,gr,historical,1954-06,1954,6,275.68035913968015,275.5185674683672,-148.27528016753539,-313.64926846182146,-1.4132011446617896,-12.189579466675546,75.67159736735323,296.31824615671405,264.6805788578032,-184.2618748228265,-305.99544242897827,-1.3256800948089977,-11.303420968742303,58.11240669916117,-20.637887017033904,10.837988610564025,35.98659465529113,-7.653826032843199,-0.08752104985279185,-0.8861584979332431,17.55919066819206
EC-Earth-Consortium,EC-Earth3-Veg-LR,r1i1p1f1,gr,historical,1954-07,1954,7,210.91810240278505,300.6090032765915,-72.46178847727977,-328.6638647029971,1.464265776291584,-9.698591549025972,102.16712672636532,225.98526739919413,289.5888849412498,-106.74472434052524,-319.32788691162557,-0.19383547240358012,-10.584539231081097,78.72316638480842,-15.067164996409076,11.02011833534175,34.28293586324547,-9.335977791371533,1.6581012486951643,0.8859476820551251,23.443960341556902
EC-Earth-Consortium,EC-Earth3-Veg-LR,r1i1p1f1,gr,historical,1954-08,1954,8,134.16876254880037,298.03916929680076,-35.34884980400689,-329.50636564495045,-1.9595794919054885,-15.470830833348066,49.92230607139026,143.965143639584,285.514983779784,-56.61969220867284,-317.4160441353086,-0.736401837272086,-11.828037470306784,42.8799517678077,-9.796381090783626,12.524185517016747,21.27084240466595,-12.090321509641853,-1.2231776546334026,-3.6427933630412817,7.042354303582563
EC-Earth-Consortium,EC-Earth3-Veg-LR,r1i1p1f1,gr,historical,1954-09,1954,9,67.59621692329797,271.9603524935411,-21.03004421588377,-312.4299458394793,-2.6472351836686148,-16.89077852317161,-13.441434345364206,72.23187531070974,254.64399326285204,-29.49217390513061,-295.7570914889987,-3.0077420278618163,-14.867742559467041,-16.248881407896377,-4.635658387411766,17.316359230689073,8.46212968924684,-16.672854350480577,0.36050684419320156,-2.023035963704567,2.8074470625321712
EC-Earth-Consortium,EC-Earth3-Veg-LR,r1i1p1f1,gr,historical,1954-10,1954,10,20.321141041917425,238.0895790302913,-5.988670783161573,-284.1365911985162,-9.216835143486001,-21.877747990598877,-62.80912504355394,21.17782998279387,219.68910623165684,-9.062038234793288,-263.59941570919926,-7.415014525185129,-17.082779513843093,-56.292311768570094,-0.8566889408764453,18.400472798634468,3.0733674516317153,-20.53717548931695,-1.801820618300872,-4.794968476755784,-6.516813274983846
EC-Earth-Consortium,EC-Earth3-Veg-LR,r1i1p1f1,gr,historical,1954-11,1954,11,3.390476500694428,208.4107865211958,-0.8610951612491637,-258.6816290466412,-13.108630412087862,-23.27466764046238,-84.12475923855037,3.573632890038961,193.44910051493784,-1.4677800076550447,-237.86279579461424,-8.81039866871152,-15.933404947758362,-67.05164601376235,-0.18315638934453293,14.961686006257963,0.6066848464058809,-20.818833252026963,-4.298231743376343,-7.341262692704017,-17.073113224788017
EC-Earth-Consortium,EC-Earth3-Veg-LR,r1i1p1f1,gr,historical,1954-12,1954,12,0.778345607668061,191.1397801568111,-0.2777780900904319,-240.52249272532825,-11.890642548437043,-21.173249397415518,-81.94603699679209,0.8443239133056458,179.53984894273685,-0.40726912356645945,-223.33948846597266,-7.907125970966346,-14.520666974641335,-65.79037767910431,-0.06597830563758478,11.599931214074246,0.12949103347602753,-17.183004259355585,-3.983516577470697,-6.6525824227741825,-16.15565931768778
EC-Earth-Consortium,EC-Earth3-Veg-LR,r1i1p1f1,gr,historical,1955-01,1955,1,1.7918153784710242,190.8778088358386,-0.8836836642399726,-234.662710019033,-8.252265072284732,-17.830832661340406,-68.95986720258848,1.9670428406081912,174.6451682692201,-1.1134382139788777,-217.91294889189962,-7.277542063475359,-14.28956539960937,-63.98128345913492,-0.175227462137167,16.2326405666185,0.22975454973890508,-16.749761127133382,-0.9747230088093737,-3.5412672617310363,-4.978583743453562
EC-Earth-Consortium,EC-Earth3-Veg-LR,r1i1p1f1,gr,historical,1955-02,1955,2,11.679029162300289,176.24635554159147,-6.942547873633485,-223.33997696810812,-14.642194871834711,-19.596231372868765,-76.59556638255333,12.445773582853347,174.25857569933385,-8.050053493794298,-217.59834553205962,-6.931894885320205,-14.11158454395435,-59.98752917294128,-0.7667444205530582,1.9877798422576234,1.107505620160813,-5.741631436048493,-7.710299986514506,-5.484646828914414,-16.60803720961205
EC-Earth-Consortium,EC-Earth3-Veg-LR,r1i1p1f1,gr,historical,1955-03,1955,3,56.789586487141996,190.57291877406504,-38.548239112814834,-236.3897894166384,-10.1821390406845,-16.723640427473782,-54.48130273640446,59.86295421939759,178.6380625638465,-42.42060087439643,-224.19115525659498,-5.777500516309919,-12.96961739527065,-46.8578572593279,-3.0733677322555906,11.934856210218555,3.872361761581594,-12.198634160043412,-4.404638524374581,-3.7540230322031327,-7.623445477076558
EC-Earth-Consortium,EC-Earth3-Veg-LR,r1i1p1f1,gr,historical,1955-04,1955,4,159.63365400936482,204.65647130743878,-111.40400000193313,-255.22965303826433,-6.556863034664073,-14.664432993287583,-23.564823751345518,165.54918549462982,193.94768773026806,-121.36911048471737,-244.71414659154436,-3.5592308420521506,-11.316720965746057,-21.462335659162093,-5.9155314852650065,10.70878357717072,9.96511048278424,-10.515506446719968,-2.9976321926119227,-3.347712027541526,-2.1024880921834246
EC-Earth-Consortium,EC-Earth3-Veg-LR,r1i1p1f1,gr,historical,1955-05,1955,5,269.8068863516063,227.9581149913102,-184.53448205369915,-282.51847281410096,-2.9227435793588454,-13.272017160864472,14.517285734893065,275.6543792863859,224.5590747925627,-196.4506719906339,-277.14177299595417,-1.8042443237938772,-10.700238938634309,14.116525829932366,-5.847492934779609,3.3990401987474854,11.916189936934757,-5.37669981814679,-1.1184992555649682,-2.5717782222301633,0.40075990496069913
EC-Earth-Consortium,EC-Earth3-Veg-LR,r1i1p1f1,gr,historical,1955-06,1955,6,282.0610791341427,273.1371347648251,-160.7983533207914,-312.4640057960325,0.3791808062715116,-11.985925644327862,70.32910994408749,296.31824615671405,264.6805788578032,-184.2618748228265,-305.99544242897827,-1.3256800948089977,-11.303420968742303,58.11240669916117,-14.257167022571366,8.45655590702188,23.46352150203512,-6.46856336705423,1.7048609010805094,-0.6825046755855588,12.216703244926322
EC-Earth-Consortium,EC-Earth3-Veg-LR,r1i1p1f1,gr,historical,1955-07,1955,7,211.2965957477583,297.61725339918587,-76.90373848388128,-326.0501398544458,-0.4936893882313939,-11.652292582220303,93.81398883816539,225.98526739919413,289.5888849412498,-106.74472434052524,-319.32788691162557,-0.19383547240358012,-10.584539231081097,78.72316638480842,-14.68867165143584,8.028368457936097,29.840985856643954,-6.722252942820205,-0.2998539158278138,-1.0677533511392063,15.090822453356964
EC-Earth-Consortium,EC-Earth3-Veg-LR,r1i1p1f1,gr,historical,1955-08,1955,8,132.9003786393545,296.8641887522394,-38.826807235222326,-326.75018461589985,-0.5297307920353517,-13.35760074455264,50.30024400388376,143.965143639584,285.514983779784,-56.61969220867284,-317.4160441353086,-0.736401837272086,-11.828037470306784,42.8799517678077,-11.0647650002295,11.349204972455368,17.792884973450512,-9.334140480591259,0.2066710452367343,-1.5295632742458558,7.420292236076065
EC-Earth-Consortium,EC-Earth3-Veg-LR,r1i1p1f1,gr,historical,1955-09,1955,9,68.22577866342182,268.7626225270634,-21.76608684161364,-309.17063753775005,-5.46355980033119,-18.72179961868272,-18.133682607892386,72.23187531070974,254.64399326285204,-29.49217390513061,-295.7570914889987,-3.0077420278618163,-14.867742559467041,-16.248881407896377,-4.006096647287919,14.118629264211364,7.726087063516971,-13.413546048751357,-2.4558177724693735,-3.8540570592156786,-1.8848011999960086
EC-Earth-Consortium,EC-Earth3-Veg-LR,r1i1p1f1,gr,historical,1955-10,1955,10,19.86567509249682,236.62049588657422,-6.664459992954918,-281.6430797854299,-6.697324850172263,-18.062271841857754,-56.58096549134379,21.17782998279387,219.68910623165684,-9.062038234793288,-263.59941570919926,-7.415014525185129,-17.082779513843093,-56.292311768570094,-1.3121548902970517,16.931389654917382,2.39757824183837,-18.04366407623064,0.7176896750128661,-0.9794923280146612,-0.28865372277369516
EC-Earth-Consortium,EC-Earth3-Veg-LR,r1i1p1f1,gr,historical,1955-11,1955,11,3.2533847069425983,200.31002015834835,-0.9870036183734717,-247.87887621258687,-9.210741001401365,-17.47850535734284,-71.99172132441362,3.573632890038961,193.44910051493784,-1.4677800076550447,-237.86279579461424,-8.81039866871152,-15.933404947758362,-67.05164601376235,-0.3202481830963628,6.8609196434105115,0.48077638928157296,-10.016080417972631,-0.40034233268984565,-1.545100409584478,-4.940075310651267
EC-Earth-Consortium,EC-Earth3-Veg-LR,r1i1p1f1,gr,historical,1955-12,1955,12,0.7907933280193387,180.27011314349286,-0.2780690700916422,-231.12856483668637,-14.42726951731418,-20.873075033029586,-85.64607198560958,0.8443239133056458,179.53984894273685,-0.40726912356645945,-223.33948846597266,-7.907125970966346,-14.520666974641335,-65.79037767910431,-0.053530585286307164,0.730264200756011,0.12920005347481722,-7.789076370713701,-6.520143546347834,-6.352408058388251,-19.85569430650527
EC-Earth-Consortium,EC-Earth3-Veg-LR,r1i1p1f1,gr,historical,1956-01,1956,1,1.8245025935158092,179.64763073249372,-0.9045260371713599,-226.41087556040878,-15.466199096491927,-21.29415973096596,-82.6036270990285,1.9670428406081912,174.6451682692201,-1.1134382139788777,-217.91294889189962,-7.277542063475359,-14.28956539960937,-63.98128345913492,-0.142540247092382,5.002462463273616,0.20891217680751772,-8.497926668509166,-8.188657033016568,-7.004594331356589,-18.62234363989358
EC-Earth-Consortium,EC-Earth3-Veg-LR,r1i1p1f1,gr,historical,1956-02,1956,2,12.296479331888534,184.16170542087323,-7.350974385206055,-229.90150213717072,-4.779729778847513,-16.44163033458839,-62.0156518830509,12.445773582853347,174.25857569933385,-8.050053493794298,-217.59834553205962,-6.931894885320205,-14.11158454395435,-59.98752917294128,-0.14929425096481275,9.903129721539386,0.6990791085882426,-12.303156605111099,2.152165106472692,-2.3300457906340384,-2.0281227101096206
EC-Earth-Consortium,EC-Earth3-Veg-LR,r1i1p1f1,gr,historical,1956-03,1956,3,58.148835320560714,189.54254811339354,-40.2833321960289,-234.47384352784795,-5.198485040766147,-14.899015874043181,-47.16329320473192,59.86295421939759,178.6380625638465,-42.42060087439643,-224.19115525659498,-5.777500516309919,-12.96961739527065,-46.8578572593279,-1.7141188988368725,10.904485549547047,2.1372686783675263,-10.282688271252965,0.5790154755437724,-1.9293984787725318,-0.30543594540402097
EC-Earth-Consortium,EC-Earth3-Veg-LR,r1i1p1f1,gr,historical,1956-04,1956,4,160.07018578170002,205.77358560854796,-115.55798103090927,-253.19655107027359,-4.461596196628557,-12.198486521976639,-19.570843429540076,165.54918549462982,193.94768773026806,-121.36911048471737,-244.71414659154436,-3.5592308420521506,-11.316720965746057,-21.462335659162093,-5.478999712929806,11.825897878279903,5.811129453808093,-8.482404478729222,-0.9023653545764065,-0.8817655562305813,1.891492229622017
EC-Earth-Consortium,EC-Earth3-Veg-LR,r1i1p1f1,gr,historical,1956-05,1956,5,269.7337636360316,230.79549015446287,-188.4869880203968,-282.31250073119236,-2.011171735770482,-10.58420875420927,17.134384548925517,275.6543792863859,224.5590747925627,-196.4506719906339,-277.14177299595417,-1.8042443237938772,-10.700238938634309,14.116525829932366,-5.920615650354307,6.236415361900157,7.963683970237099,-5.170727735238188,-0.2069274119766047,0.1160301844250391,3.0178587189931516
EC-Earth-Consortium,EC-Earth3-Veg-LR,r1i1p1f1,gr,historical,1956-06,1956,6,290.1675428341567,267.45630340504283,-173.8667899378751,-308.60460570185234,-0.6629611514408112,-12.37450341493867,62.11498603309268,296.31824615671405,264.6805788578032,-184.2618748228265,-305.99544242897827,-1.3256800948089977,-11.303420968742303,58.11240669916117,-6.150703322557376,2.7757245472396335,10.395084884951416,-2.6091632728740706,0.6627189433681865,-1.0710824461963675,4.002579333931507
EC-Earth-Consortium,EC-Earth3-Veg-LR,r1i1p1f1,gr,historical,1956-07,1956,7,213.0222391454843,298.06989600578044,-82.66642102256483,-326.3878231105746,1.0910888652902435,-10.70194714440905,92.42703273900658,225.98526739919413,289.5888849412498,-106.74472434052524,-319.32788691162557,-0.19383547240358012,-10.584539231081097,78.72316638480842,-12.963028253709837,8.481011064530662,24.078303317960405,-7.0599361989490035,1.2849243376938237,-0.11740791332795375,13.703866354198155
EC-Earth-Consortium,EC-Earth3-Veg-LR,r1i1p1f1,gr,historical,1956-08,1956,8,137.4857241224504,291.38028971501427,-42.31775412462194,-324.7513028697401,-1.7007473380364961,-16.239503756942224,43.856705748123915,143.965143639584,285.514983779784,-56.61969220867284,-317.4160441353086,-0.736401837272086,-11.828037470306784,42.8799517678077,-6.479419517133607,5.8653059352302535,14.301938084050896,-7.335258734431477,-0.9643455007644102,-4.41146628663544,0.976753980316218
EC-Earth-Consortium,EC-Earth3-Veg-LR,r1i1p1f1,gr,historical,1956-09,1956,9,70.00917156744092,259.2001491354113,-25.727849472667334,-304.01695884742645,-3.3382119172621705,-17.489710286341875,-21.363409820845632,72.23187531070974,254.64399326285204,-29.49217390513061,-295.7570914889987,-3.0077420278618163,-14.867742559467041,-16.248881407896377,-2.2227037432688235,4.5561558725592874,3.764324432463276,-8.259867358427755,-0.33046988940035416,-2.621967726874834,-5.114528412949255
EC-Earth-Consortium,EC-Earth3-Veg-LR,r1i1p1f1,gr,historical,1956-10,1956,10,20.307765513652335,224.3889955020996,-7.988664059571629,-270.99899747152944,-9.541071471974393,-21.837743099748156,-65.66971508707168,21.17782998279387,219.68910623165684,-9.062038234793288,-263.59941570919926,-7.415014525185129,-17.082779513843093,-56.292311768570094,-0.8700644691415356,4.699889270442753,1.0733741752216588,-7.399581762330172,-2.126056946789263,-4.754963585905063,-9.377403318501585
EC-Earth-Consortium,EC-Earth3-Veg-LR,r1i1p1f1,gr,historical,1956-11,1956,11,3.2268149645542783,202.97111880133843,-1.1514425527905363,-247.83099906303218,-13.150872909125377,-21.6264309494979,-77.56181170855328,3.573632890038961,193.44910051493784,-1.4677800076550447,-237.86279579461424,-8.81039866871152,-15.933404947758362,-67.05164601376235,-0.3468179254846828,9.522018286400595,0.31633745486450837,-9.968203268417938,-4.340474240413858,-5.69302600173954,-10.510165694790928
EC-Earth-Consortium,EC-Earth3-Veg-LR,r1i1p1f1,gr,historical,1956-12,1956,12,0.782693039736694,189.07285291271774,-0.3355235632268751,-233.42087066849,-8.2356449100086,-17.70353878070743,-69.84003196997848,0.8443239133056458,179.53984894273685,-0.40726912356645945,-223.33948846597266,-7.907125970966346,-14.520666974641335,-65.79037767910431,-0.061630873568951805,9.533003969980882,0.07174556033958435,-10.081382202517347,-0.3285189390422545,-3.1828718060660943,-4.049654290874173
EC-Earth-Consortium,EC-Earth3-Veg-LR,r1i1p1f1,gr,historical,1957-01,1957,1,1.7828006034625166,189.11086055328502,-0.9510485814546144,-229.26615660930858,-5.513109107650166,-15.333077235079118,-60.16973037674495,1.9670428406081912,174.6451682692201,-1.1134382139788777,-217.91294889189962,-7.277542063475359,-14.28956539960937,-63.98128345913492,-0.18424223714567467,14.465692284064914,0.1623896325242633,-11.353207717408964,1.7644329558251926,-1.043511835469749,3.8115530823899704
EC-Earth-Consortium,EC-Earth3-Veg-LR,r1i1p1f1,gr,historical,1957-02,1957,2,11.551845086763675,189.10225190642944,-6.972093808603864,-231.27977931913586,-3.345970287227446,-14.893779006611801,-55.83752542838584,12.445773582853347,174.25857569933385,-8.050053493794298,-217.59834553205962,-6.931894885320205,-14.11158454395435,-59.98752917294128,-0.8939284960896714,14.843676207095598,1.077959685190434,-13.68143378707623,3.585924598092759,-0.7821944626574506,4.150003744555441
EC-Earth-Consortium,EC-Earth3-Veg-LR,r1i1p1f1,gr,historical,1957-03,1957,3,57.43228410613185,186.6004548720494,-38.932684225824666,-233.3893597239298,-8.115123512714081,-17.412482185430257,-53.81691066971755,59.86295421939759,178.6380625638465,-42.42060087439643,-224.19115525659498,-5.777500516309919,-12.96961739527065,-46.8578572593279,-2.430670113265734,7.962392308202908,3.487916648571762,-9.198204467334818,-2.3376229964041624,-4.442864790159607,-6.95905341038965
EC-Earth-Consortium,EC-Earth3-Veg-LR,r1i1p1f1,gr,historical,1957-04,1957,4,158.5641866362759,200.13610619567604,-113.4579857745609,-250.73478657940962,-8.414234474053993,-16.629979994927194,-30.536693990999716,165.54918549462982,193.94768773026806,-121.36911048471737,-244.71414659154436,-3.5592308420521506,-11.316720965746057,-21.462335659162093,-6.984998858353919,6.1884184654079775,7.9111247101564715,-6.020639987865252,-4.855003632001843,-5.313259029181136,-9.074358331837622
EC-Earth-Consortium,EC-Earth3-Veg-LR,r1i1p1f1,gr,historical,1957-05,1957,5,265.2202371363975,227.51469073411258,-184.076270020883,-278.95994919161416,-2.148515347848293,-11.0383774726986,16.511815837466052,275.6543792863859,224.5590747925627,-196.4506719906339,-277.14177299595417,-1.8042443237938772,-10.700238938634309,14.116525829932366,-10.434142149988418,2.9556159415498655,12.37440196975092,-1.8181761956599871,-0.3442710240544158,-0.3381385340642922,2.3952900075336867
EC-Earth-Consortium,EC-Earth3-Veg-LR,r1i1p1f1,gr,historical,1957-06,1957,6,287.9323960081992,268.8253384818533,-174.5180208951221,-309.2746538761555,-1.056414750046148,-12.390827137274396,59.51781783145431,296.31824615671405,264.6805788578032,-184.2618748228265,-305.99544242897827,-1.3256800948089977,-11.303420968742303,58.11240669916117,-8.385850148514862,4.144759624050096,9.743853927704407,-3.2792114471772607,0.2692653447628497,-1.0874061685320928,1.405411132293139
EC-Earth-Consortium,EC-Earth3-Veg-LR,r1i1p1f1,gr,historical,1957-07,1957,7,214.48955500306664,295.89478180052953,-92.70154134233054,-323.0698600734896,0.5002282733211101,-11.003159245238143,84.110004415859,225.98526739919413,289.5888849412498,-106.74472434052524,-319.32788691162557,-0.19383547240358012,-10.584539231081097,78.72316638480842,-11.495712396127487,6.3058968592797555,14.043182998194695,-3.7419731618640526,0.6940637457246902,-0.41862001415704597,5.386838031050573
EC-Earth-Consortium,EC-Earth3-Veg-LR,r1i1p1f1,gr,historical,1957-08,1957,8,137.75478501990173,291.44823165001145,-48.092827654258095,-322.30371475948203,-0.8413415282575756,-12.448332942312875,45.516799785602586,143.965143639584,285.514983779784,-56.61969220867284,-317.4160441353086,-0.736401837272086,-11.828037470306784,42.8799517678077,-6.2103586196822675,5.933247870227433,8.526864554414743,-4.887670624173438,-0.10493969098548961,-0.6202954720060916,2.6368480177948896
EC-Earth-Consortium,EC-Earth3-Veg-LR,r1i1p1f1,gr,historical,1957-09,1957,9,71.88613240379095,261.43041407944384,-25.305604438405794,-303.4560322188848,-3.7064358363737986,-16.34549426376175,-15.497020274191343,72.23187531070974,254.64399326285204,-29.49217390513061,-295.7570914889987,-3.0077420278618163,-14.867742559467041,-16.248881407896377,-0.34574290691878673,6.7864208165918,4.186569466724816,-7.69894072988609,-0.6986938085119823,-1.4777517042947093,0.7518611337050345
EC-Earth-Consortium,EC-Earth3-Veg-LR,r1i1p1f1,gr,historical,1957-10,1957,10,19.64358318737485,226.6597002854708,-7.445876647765784,-270.47737542071695,-10.286793344062282,-20.406301970481945,-62.31306391018131,21.17782998279387,219.68910623165684,-9.062038234793288,-263.59941570919926,-7.415014525185129,-17.082779513843093,-56.292311768570094,-1.534246795419019,6.970594053813954,1.616161587027504,-6.87795971151769,-2.8717788188771527,-3.3235224566388517,-6.020752141611219
EC-Earth-Consortium,EC-Earth3-Veg-LR,r1i1p1f1,gr,historical,1957-11,1957,11,3.331508960697346,198.82468755450836,-1.0462778742529077,-246.3422681240905,-9.650343316315775,-18.92872546307557,-73.81141826252906,3.573632890038961,193.44910051493784,-1.4677800076550447,-237.86279579461424,-8.81039866871152,-15.933404947758362,-67.05164601376235,-0.24212392934161509,5.375587039570519,0.42150213340213694,-8.479472329476266,-0.8399446476042556,-2.995320515317207,-6.7597722487667085
EC-Earth-Consortium,EC-Earth3-Veg-LR,r1i1p1f1,gr,historical,1957-12,1957,12,0.7593060186454407,195.75114978388848,-0.28593237836133645,-239.52866760953464,-5.9458607727701915,-15.371926073576516,-64.62193103170875,0.8443239133056458,179.53984894273685,-0.40726912356645945,-223.33948846597266,-7.907125970966346,-14.520666974641335,-65.79037767910431,-0.08501789466020515,16.211300841151626,0.121336745205123,-16.189179143561972,1.9612651981961546,-0.8512590989351807,1.1684466473955553
EC-Earth-Consortium,EC-Earth3-Veg-LR,r1i1p1f1,gr,historical,1958-01,1958,1,1.8263623093151777,191.80038192605664,-0.9391631902820395,-233.7962496307645,-7.3379175786760635,-17.402789029372368,-65.84937519372313,1.9670428406081912,174.6451682692201,-1.1134382139788777,-217.91294889189962,-7.277542063475359,-14.28956539960937,-63.98128345913492,-0.1406805312930135,17.155213656836537,0.17427502369683812,-15.883300738864875,-0.06037551520070483,-3.1132236297629987,-1.8680917345882122
EC-Earth-Consortium,EC-Earth3-Veg-LR,r1i1p1f1,gr,historical,1958-02,1958,2,11.860884249485796,191.7168477073331,-7.060769426742866,-235.7212978347512,-7.203002721532302,-19.17033550932387,-65.57767353553135,12.445773582853347,174.25857569933385,-8.050053493794298,-217.59834553205962,-6.931894885320205,-14.11158454395435,-59.98752917294128,-0.5848893333675509,17.458272007999255,0.9892840670514325,-18.122952302691573,-0.27110783621209666,-5.058750965369519,-5.590144362590067
EC-Earth-Consortium,EC-Earth3-Veg-LR,r1i1p1f1,gr,historical,1958-03,1958,3,57.42501841132836,188.97050047800505,-38.61447215610048,-237.38243493722513,-12.815582755875022,-21.37447956593733,-63.79145052580455,59.86295421939759,178.6380625638465,-42.42060087439643,-224.19115525659498,-5.777500516309919,-12.96961739527065,-46.8578572593279,-2.437935808069227,10.332437914158561,3.8061287182959447,-13.191279680630146,-7.038082239565103,-8.404862170666682,-16.93359326647665
EC-Earth-Consortium,EC-Earth3-Veg-LR,r1i1p1f1,gr,historical,1958-04,1958,4,158.9379239240629,209.18812803420684,-109.39536059934801,-258.66184562600955,-2.7117325741274074,-12.46021036075543,-15.103097201970673,165.54918549462982,193.94768773026806,-121.36911048471737,-244.71414659154436,-3.5592308420521506,-11.316720965746057,-21.462335659162093,-6.611261570566938,15.240440303938783,11.973749885369358,-13.947699034465188,0.8474982679247431,-1.1434893950093734,6.35923845719142
EC-Earth-Consortium,EC-Earth3-Veg-LR,r1i1p1f1,gr,historical,1958-05,1958,5,267.6492301132184,232.01525437260167,-178.11669721179868,-285.7168199319077,-2.3528894861302097,-13.33949720283619,20.138580653147237,275.6543792863859,224.5590747925627,-196.4506719906339,-277.14177299595417,-1.8042443237938772,-10.700238938634309,14.116525829932366,-8.005149173167524,7.456179580038963,18.333974778835227,-8.575046935953537,-0.5486451623363324,-2.6392582642018816,6.022054823214871
EC-Earth-Consortium,EC-Earth3-Veg-LR,r1i1p1f1,gr,historical,1958-06,1958,6,279.97010969246816,274.52810810551733,-152.04165363590351,-314.6475216506786,-2.2981915661419845,-14.762159150894345,70.74869179436706,296.31824615671405,264.6805788578032,-184.2618748228265,-305.99544242897827,-1.3256800948089977,-11.303420968742303,58.11240669916117,-16.348136464245897,9.847529247714135,32.220221186923,-8.652079221700319,-0.9725114713329868,-3.4587381821520413,12.636285095205892
EC-Earth-Consortium,EC-Earth3-Veg-LR,r1i1p1f1,gr,historical,1958-07,1958,7,223.06018841879683,294.8882159742414,-81.79512560542503,-326.9683741879505,-0.7431090015778143,-13.337791915928062,95.10400368215684,225.98526739919413,289.5888849412498,-106.74472434052524,-319.32788691162557,-0.19383547240358012,-10.584539231081097,78.72316638480842,-2.925078980397302,5.299331032991631,24.94959873510021,-7.6404872763249045,-0.5492735291742342,-2.7532526848469647,16.38083729734842
EC-Earth-Consortium,EC-Earth3-Veg-LR,r1i1p1f1,gr,historical,1958-08,1958,8,139.20466037414985,294.33643893316184,-42.16269982879106,-327.7657539616252,-1.7771415178516607,-14.309679600302282,47.5258243987415,143.965143639584,285.514983779784,-56.61969220867284,-317.4160441353086,-0.736401837272086,-11.828037470306784,42.8799517678077,-4.7604832654341465,8.821455153377826,14.456992379881775,-10.349709826316598,-1.0407396805795748,-2.481642129995498,4.645872630933802
EC-Earth-Consortium,EC-Earth3-Veg-LR,r1i1p1f1,gr,historical,1958-09,1958,9,69.7945898274412,263.64149450280865,-23.13081552398197,-307.73921461643675,-6.663977300131281,-21.303080314597405,-25.40100342489758,72.23187531070974,254.64399326285204,-29.49217390513061,-295.7570914889987,-3.0077420278618163,-14.867742559467041,-16.248881407896377,-2.437285483268539,8.99750123995662,6.361358381148641,-11.982123127438058,-3.6562352722694644,-6.435337755130364,-9.152122017001204
EC-Earth-Consortium,EC-Earth3-Veg-LR,r1i1p1f1,gr,historical,1958-10,1958,10,20.208421987729636,231.15290694759864,-6.484086743912451,-278.4444406791791,-13.008525415200843,-24.889525179126327,-71.46524908209042,21.17782998279387,219.68910623165684,-9.062038234793288,-263.59941570919926,-7.415014525185129,-17.082779513843093,-56.292311768570094,-0.969407995064234,11.463800715941801,2.577951490880837,-14.845024969979818,-5.593510890015714,-7.806745665283234,-15.172937313520329
EC-Earth-Consortium,EC-Earth3-Veg-LR,r1i1p1f1,gr,historical,1958-11,1958,11,3.2924113481760036,206.8108831009277,-0.9115346746680232,-253.43275201069235,-11.608867482186264,-19.755938261399226,-75.60579797984215,3.573632890038961,193.44910051493784,-1.4677800076550447,-237.86279579461424,-8.81039866871152,-15.933404947758362,-67.05164601376235,-0.28122154186295756,13.361782585989857,0.5562453329870215,-15.569956216078111,-2.798468813474745,-3.8225333136408643,-8.5541519660798
EC-Earth-Consortium,EC-Earth3-Veg-LR,r1i1p1f1,gr,historical,1958-12,1958,12,0.7622484204698455,187.44612574681287,-0.28272763962162223,-234.32544358529125,-16.255435879567152,-22.87760215363861,-85.5328350908359,0.8443239133056458,179.53984894273685,-0.40726912356645945,-223.33948846597266,-7.907125970966346,-14.520666974641335,-65.79037767910431,-0.08207549283580029,7.906276804076015,0.12454148394483722,-10.98595511931859,-8.348309908600806,-8.356935178997274,-19.742457411731593
EC-Earth-Consortium,EC-Earth3-Veg-LR,r1i1p1f1,gr,historical,1959-01,1959,1,1.796762186594398,186.39793559848758,-0.8596879261422391,-234.14271073399203,-15.056020567199226,-24.43939434277534,-86.30311578502686,1.9670428406081912,174.6451682692201,-1.1134382139788777,-217.91294889189962,-7.277542063475359,-14.28956539960937,-63.98128345913492,-0.17028065401379333,11.75276732926747,0.25375028783663856,-16.229761842092415,-7.778478503723868,-10.149828943165971,-22.32183232589194
EC-Earth-Consortium,EC-Earth3-Veg-LR,r1i1p1f1,gr,historical,1959-02,1959,2,11.99404824583298,184.31503247085809,-6.856968769092849,-232.27277619080365,-12.397412714923599,-20.62546875898908,-75.84354571711812,12.445773582853347,174.25857569933385,-8.050053493794298,-217.59834553205962,-6.931894885320205,-14.11158454395435,-59.98752917294128,-0.4517253370203669,10.056456771524239,1.1930847247014489,-14.67443065874403,-5.465517829603393,-6.513884215034729,-15.856016544176839
EC-Earth-Consortium,EC-Earth3-Veg-LR,r1i1p1f1,gr,historical,1959-03,1959,3,55.56021656578194,192.20208760271976,-37.13437350855526,-237.27113334717848,-8.331245515823644,-16.12174880169314,-51.0961970047488,59.86295421939759,178.6380625638465,-42.42060087439643,-224.19115525659498,-5.777500516309919,-12.96961739527065,-46.8578572593279,-4.302737653615644,13.564025038873268,5.286227365841171,-13.079978090583495,-2.553744999513725,-3.152131406422491,-4.238339745420902
EC-Earth-Consortium,EC-Earth3-Veg-LR,r1i1p1f1,gr,historical,1959-04,1959,4,158.93391296571664,201.52475287806743,-111.39137660013193,-254.06012128787478,-6.993843921781864,-15.893199607176975,-27.879875573181504,165.54918549462982,193.94768773026806,-121.36911048471737,-244.71414659154436,-3.5592308420521506,-11.316720965746057,-21.462335659162093,-6.615272528913181,7.577065147799374,9.977733884585433,-9.345974696330416,-3.4346130797297136,-4.576478641430917,-6.417539914019411
EC-Earth-Consortium,EC-Earth3-Veg-LR,r1i1p1f1,gr,historical,1959-05,1959,5,269.3912195721021,230.27417053640252,-182.1711032189637,-283.490781885851,-3.5092748233696165,-12.080054775475341,18.414175404844997,275.6543792863859,224.5590747925627,-196.4506719906339,-277.14177299595417,-1.8042443237938772,-10.700238938634309,14.116525829932366,-6.263159714283802,5.715095743839811,14.2795687716702,-6.349008889896822,-1.7050304995757393,-1.3798158368410327,4.297649574912631
EC-Earth-Consortium,EC-Earth3-Veg-LR,r1i1p1f1,gr,historical,1959-06,1959,6,275.8538125970876,275.3405920900855,-152.92269785088519,-313.10493103616545,-2.3868109309652037,-12.68541956160879,70.09454530754849,296.31824615671405,264.6805788578032,-184.2618748228265,-305.99544242897827,-1.3256800948089977,-11.303420968742303,58.11240669916117,-20.464433559626457,10.660013232282324,31.339176971941328,-7.109488607187188,-1.061130836156206,-1.381998592866486,11.982138608387316
EC-Earth-Consortium,EC-Earth3-Veg-LR,r1i1p1f1,gr,historical,1959-07,1959,7,215.45056257845923,296.6539422113293,-80.10386232092638,-326.36888412918273,-1.0421896978944647,-12.446225839826583,92.14334280195833,225.98526739919413,289.5888849412498,-106.74472434052524,-319.32788691162557,-0.19383547240358012,-10.584539231081097,78.72316638480842,-10.534704820734902,7.065057270079535,26.640862019598856,-7.0409972175571625,-0.8483542254908846,-1.8616866087454866,13.420176417149904
EC-Earth-Consortium,EC-Earth3-Veg-LR,r1i1p1f1,gr,historical,1959-08,1959,8,133.1456420026177,297.1660794248152,-37.87115938027795,-327.5411184669051,-1.6713739700523715,-14.083658753324034,49.14441085687345,143.965143639584,285.514983779784,-56.61969220867284,-317.4160441353086,-0.736401837272086,-11.828037470306784,42.8799517678077,-10.819501636966294,11.651095645031205,18.748532828394886,-10.125074331596522,-0.9349721327802856,-2.25562128301725,6.2644590890657526
EC-Earth-Consortium,EC-Earth3-Veg-LR,r1i1p1f1,gr,historical,1959-09,1959,9,67.14025002608399,271.8778699309211,-20.363641986365852,-311.8250889078009,-5.214223795248237,-18.472773817762725,-16.85760855017256,72.23187531070974,254.64399326285204,-29.49217390513061,-295.7570914889987,-3.0077420278618163,-14.867742559467041,-16.248881407896377,-5.091625284625749,17.233876668069087,9.128531918764757,-16.06799741880218,-2.2064817673864203,-3.605031258295684,-0.6087271422761837
EC-Earth-Consortium,EC-Earth3-Veg-LR,r1i1p1f1,gr,historical,1959-10,1959,10,19.901749129015666,235.71117685951097,-6.272477294876135,-281.8447132259903,-11.25479975665201,-22.1891294332453,-65.94819372223711,21.17782998279387,219.68910623165684,-9.062038234793288,-263.59941570919926,-7.415014525185129,-17.082779513843093,-56.292311768570094,-1.276080853778204,16.022070627854134,2.789560939917153,-18.245297516791027,-3.839785231466881,-5.106349919402206,-9.655881953667013
EC-Earth-Consortium,EC-Earth3-Veg-LR,r1i1p1f1,gr,historical,1959-11,1959,11,3.322267744083827,211.69701960977946,-0.8830252396850982,-257.8121212794363,-12.293189210287261,-19.59585515976614,-75.56490353531154,3.573632890038961,193.44910051493784,-1.4677800076550447,-237.86279579461424,-8.81039866871152,-15.933404947758362,-67.05164601376235,-0.25136514595513404,18.24791909484162,0.5847547679699465,-19.949325484822083,-3.482790541575742,-3.6624502120077764,-8.513257521549193
EC-Earth-Consortium,EC-Earth3-Veg-LR,r1i1p1f1,gr,historical,1959-12,1959,12,0.746689579805117,197.872580580061,-0.26506230517817303,-244.1177660281967,-11.158327878861153,-20.214321933465246,-77.13620798583516,0.8443239133056458,179.53984894273685,-0.40726912356645945,-223.33948846597266,-7.907125970966346,-14.520666974641335,-65.79037767910431,-0.09763433350052886,18.332731637324144,0.14220681838828642,-20.778277562224048,-3.2512019078948065,-5.693654958823911,-11.345830306730846
EC-Earth-Consortium,EC-Earth3-Veg-LR,r1i1p1f1,gr,historical,1960-01,1960,1,1.8992563656005554,189.59543729870725,-1.0008459653701718,-233.65275265536718,-6.849980796287646,-15.728633972337818,-65.737519725055,1.9670428406081912,174.6451682692201,-1.1134382139788777,-217.91294889189962,-7.277542063475359,-14.28956539960937,-63.98128345913492,-0.0677864750076358,14.950269029487146,0.11259224860870587,-15.739803763467563,0.4275612671877127,-1.4390685727284485,-1.756236265920073
EC-Earth-Consortium,EC-Earth3-Veg-LR,r1i1p1f1,gr,historical,1960-02,1960,2,12.314560566141298,185.96455411700316,-7.446253063202324,-230.53505884606028,-8.70428106826173,-16.2030109950404,-64.60948928942028,12.445773582853347,174.25857569933385,-8.050053493794298,-217.59834553205962,-6.931894885320205,-14.11158454395435,-59.98752917294128,-0.13121301671204932,11.705978417669314,0.6038004305919742,-12.936713314000656,-1.772386182941525,-2.0914264510860505,-4.621960116479002
EC-Earth-Consortium,EC-Earth3-Veg-LR,r1i1p1f1,gr,historical,1960-03,1960,3,60.48138017778962,184.4481176476082,-39.80749716839806,-233.62134132315873,-8.538547662034592,-16.07955359324392,-53.11744192143746,59.86295421939759,178.6380625638465,-42.42060087439643,-224.19115525659498,-5.777500516309919,-12.96961739527065,-46.8578572593279,0.6184259583920309,5.810055083761711,2.6131037059983697,-9.43018606656375,-2.761047145724673,-3.109936197973269,-6.25958466210956
EC-Earth-Consortium,EC-Earth3-Veg-LR,r1i1p1f1,gr,historical,1960-04,1960,4,164.7318570361991,199.01509226242194,-112.90375125431831,-255.01548498570196,-8.222515467291997,-17.017379306151955,-29.412181714843143,165.54918549462982,193.94768773026806,-121.36911048471737,-244.71414659154436,-3.5592308420521506,-11.316720965746057,-21.462335659162093,-0.8173284584307225,5.067404532153887,8.46535923039906,-10.301338394157597,-4.6632846252398465,-5.700658340405898,-7.94984605568105
EC-Earth-Consortium,EC-Earth3-Veg-LR,r1i1p1f1,gr,historical,1960-05,1960,5,262.8010907061447,242.6465837817663,-169.39110966577357,-293.2855747652012,-2.4949276405765075,-13.213646686584555,27.062415729775168,275.6543792863859,224.5590747925627,-196.4506719906339,-277.14177299595417,-1.8042443237938772,-10.700238938634309,14.116525829932366,-12.853288580241212,18.0875089892036,27.059562324860337,-16.143801769247034,-0.6906833167826303,-2.5134077479502466,12.945889899842802
EC-Earth-Consortium,EC-Earth3-Veg-LR,r1i1p1f1,gr,historical,1960-06,1960,6,275.22060234161336,277.0588813594065,-142.02519724085593,-316.1605168346375,-1.698483379881549,-14.309188221188903,78.08609802445596,296.31824615671405,264.6805788578032,-184.2618748228265,-305.99544242897827,-1.3256800948089977,-11.303420968742303,58.11240669916117,-21.097643815100696,12.378302501603287,42.23667758197058,-10.165074405659254,-0.37280328507255134,-3.0057672524465993,19.973691325294794
EC-Earth-Consortium,EC-Earth3-Veg-LR,r1i1p1f1,gr,historical,1960-07,1960,7,206.39903710201813,300.17237286085145,-65.31882897756759,-329.8180131697328,-0.5202613798385746,-11.375645711880466,99.53866072385011,225.98526739919413,289.5888849412498,-106.74472434052524,-319.32788691162557,-0.19383547240358012,-10.584539231081097,78.72316638480842,-19.586230297176,10.58348791960168,41.42589536295765,-10.490126258107239,-0.32642590743499444,-0.7911064807993693,20.81549433904169
EC-Earth-Consortium,EC-Earth3-Veg-LR,r1i1p1f1,gr,historical,1960-08,1960,8,130.26422569490762,301.3921030011596,-32.30576052770625,-332.75652855902484,-1.1418836288761214,-15.151078414990609,50.30107756546944,143.965143639584,285.514983779784,-56.61969220867284,-317.4160441353086,-0.736401837272086,-11.828037470306784,42.8799517678077,-13.700917944676377,15.877119221375608,24.31393168096659,-15.340484423716248,-0.4054817916040354,-3.323040944683825,7.421125797661745
EC-Earth-Consortium,EC-Earth3-Veg-LR,r1i1p1f1,gr,historical,1960-09,1960,9,65.88315669494905,272.7234188403683,-18.366586922924487,-315.98701497186664,-5.486534503252381,-21.85623753907786,-23.089798401804046,72.23187531070974,254.64399326285204,-29.49217390513061,-295.7570914889987,-3.0077420278618163,-14.867742559467041,-16.248881407896377,-6.3487186157606885,18.079425577516275,11.125586982206123,-20.229923482867946,-2.4787924753905646,-6.9884949796108184,-6.840916993907669
EC-Earth-Consortium,EC-Earth3-Veg-LR,r1i1p1f1,gr,historical,1960-10,1960,10,19.42943867957296,242.46716639542348,-5.590005358044919,-290.44629022967626,-8.614239037950147,-22.431850053755078,-65.18577960442994,21.17782998279387,219.68910623165684,-9.062038234793288,-263.59941570919926,-7.415014525185129,-17.082779513843093,-56.292311768570094,-1.7483913032209095,22.77806016376664,3.4720328767483695,-26.846874520477,-1.199224512765018,-5.349070539911985,-8.893467835859845
EC-Earth-Consortium,EC-Earth3-Veg-LR,r1i1p1f1,gr,historical,1960-11,1960,11,3.1445181923859296,213.87084881040047,-0.8505889331655648,-261.5424098672256,-10.316070199870962,-19.07163848981931,-74.76534048729505,3.573632890038961,193.44910051493784,-1.4677800076550447,-237.86279579461424,-8.81039866871152,-15.933404947758362,-67.05164601376235,-0.42911469765303156,20.421748295462635,0.6171910744894799,-23.679614072611372,-1.505671531159443,-3.1382335420609486,-7.713694473532698
EC-Earth-Consortium,EC-Earth3-Veg-LR,r1i1p1f1,gr,historical,1960-12,1960,12,0.7388645071774448,186.65914444138167,-0.28094748682015935,-236.6565155467706,-17.07140249079728,-22.783030651189307,-89.39388722701824,0.8443239133056458,179.53984894273685,-0.40726912356645945,-223.33948846597266,-7.907125970966346,-14.520666974641335,-65.79037767910431,-0.10545940612820104,7.119295498644817,0.1263216367463001,-13.317027080797942,-9.164276519830933,-8.262363676547972,-23.60350954791393
EC-Earth-Consortium,EC-Earth3-Veg-LR,r1i1p1f1,gr,historical,1961-01,1961,1,1.9144311776891514,175.6464589700645,-0.9955793534551068,-223.63846083445824,-14.19174966354754,-18.94564697961345,-80.2105466833207,1.9670428406081912,174.6451682692201,-1.1134382139788777,-217.91294889189962,-7.277542063475359,-14.28956539960937,-63.98128345913492,-0.05261166291903985,1.001290700844379,0.11785886052377081,-5.725511942558626,-6.9142076000721815,-4.656081580004081,-16.22926322418578
EC-Earth-Consortium,EC-Earth3-Veg-LR,r1i1p1f1,gr,historical,1961-02,1961,2,12.285707688795906,175.63969002442437,-7.266460789247003,-224.98551905836342,-8.852999038852957,-18.806863575097097,-71.9864447483402,12.445773582853347,174.25857569933385,-8.050053493794298,-217.59834553205962,-6.931894885320205,-14.11158454395435,-59.98752917294128,-0.16006589405744087,1.3811143250905218,0.7835927045472948,-7.387173526303798,-1.9211041535327515,-4.695279031142746,-11.998915575398925
EC-Earth-Consortium,EC-Earth3-Veg-LR,r1i1p1f1,gr,historical,1961-03,1961,3,57.014705734277356,189.92410490729864,-37.947151271846415,-237.47676317132425,-3.7851468089165157,-14.30823275697026,-46.578483367481454,59.86295421939759,178.6380625638465,-42.42060087439643,-224.19115525659498,-5.777500516309919,-12.96961739527065,-46.8578572593279,-2.84824848512023,11.286042343452152,4.473449602550012,-13.285607914729269,1.9923537073934035,-1.3386153616996097,0.279373891846447
EC-Earth-Consortium,EC-Earth3-Veg-LR,r1i1p1f1,gr,historical,1961-04,1961,4,164.41294721452599,193.7219856519823,-114.37150037064475,-250.98015821367994,-6.522722238540822,-15.575722226974825,-29.315170183332064,165.54918549462982,193.94768773026806,-121.36911048471737,-244.71414659154436,-3.5592308420521506,-11.316720965746057,-21.462335659162093,-1.1362382801038393,-0.22570207828576372,6.997610114072614,-6.266011622135579,-2.963491396488671,-4.259001261228768,-7.852834524169971
EC-Earth-Consortium,EC-Earth3-Veg-LR,r1i1p1f1,gr,historical,1961-05,1961,5,266.19782887810857,230.65390722137016,-180.48180833824145,-284.2015257400156,-2.102410141356247,-13.302147671536236,16.763844208329168,275.6543792863859,224.5590747925627,-196.4506719906339,-277.14177299595417,-1.8042443237938772,-10.700238938634309,14.116525829932366,-9.456550408277337,6.09483242880745,15.968863652392457,-7.059752744061427,-0.2981658175623698,-2.6019087329019275,2.647318378396802
EC-Earth-Consortium,EC-Earth3-Veg-LR,r1i1p1f1,gr,historical,1961-06,1961,6,277.2254222738979,273.7798705576568,-155.48369614710495,-312.1885939186487,-1.0656321911604836,-12.239614984295821,70.02775559034473,296.31824615671405,264.6805788578032,-184.2618748228265,-305.99544242897827,-1.3256800948089977,-11.303420968742303,58.11240669916117,-19.092823882816162,9.099291699853609,28.778178675721563,-6.193151489670413,0.26004790364851416,-0.936194015553518,11.915348891183555
EC-Earth-Consortium,EC-Earth3-Veg-LR,r1i1p1f1,gr,historical,1961-07,1961,7,209.82002610860667,298.8610806808393,-74.9094532390646,-327.05903970468927,-0.5886895676464499,-12.309576127557522,93.81434815048812,225.98526739919413,289.5888849412498,-106.74472434052524,-319.32788691162557,-0.19383547240358012,-10.584539231081097,78.72316638480842,-16.16524129058746,9.272195739589506,31.835271101460634,-7.7311527930637,-0.39485409524286974,-1.7250368964764249,15.091181765679693
EC-Earth-Consortium,EC-Earth3-Veg-LR,r1i1p1f1,gr,historical,1961-08,1961,8,137.71891172054885,295.9573650762864,-38.76259309183528,-328.502483135683,-1.6915877179409042,-13.87793387664955,50.84167897472652,143.965143639584,285.514983779784,-56.61969220867284,-317.4160441353086,-0.736401837272086,-11.828037470306784,42.8799517678077,-6.246231919035154,10.44238129650239,17.85709911683756,-11.086439000374412,-0.9551858806688183,-2.049896406342766,7.961727206918823
EC-Earth-Consortium,EC-Earth3-Veg-LR,r1i1p1f1,gr,historical,1961-09,1961,9,68.72201602180978,268.25015153205504,-19.867510637629948,-311.565693664912,-6.23600199954475,-20.63718870448296,-21.3342274527048,72.23187531070974,254.64399326285204,-29.49217390513061,-295.7570914889987,-3.0077420278618163,-14.867742559467041,-16.248881407896377,-3.5098592888999605,13.606158269203007,9.624663267500662,-15.808602175913279,-3.2282599716829337,-5.769446145015918,-5.085346044808421
EC-Earth-Consortium,EC-Earth3-Veg-LR,r1i1p1f1,gr,historical,1961-10,1961,10,20.119329215624226,231.1069479390839,-6.374124232541606,-277.99391952601104,-10.066433818696373,-20.775060784090734,-63.98326120663164,21.17782998279387,219.68910623165684,-9.062038234793288,-263.59941570919926,-7.415014525185129,-17.082779513843093,-56.292311768570094,-1.0585007671696438,11.417841707427073,2.6879140022516825,-14.394503816811778,-2.6514192935112435,-3.6922812702476406,-7.690949438061544
EC-Earth-Consortium,EC-Earth3-Veg-LR,r1i1p1f1,gr,historical,1961-11,1961,11,3.3349983951532853,203.5417747865438,-0.8991521833030212,-253.09341034403514,-11.343704230372639,-22.640288243861868,-81.09978181987555,3.573632890038961,193.44910051493784,-1.4677800076550447,-237.86279579461424,-8.81039866871152,-15.933404947758362,-67.05164601376235,-0.23863449488567579,10.092674271605972,0.5686278243520235,-15.230614549420892,-2.5333055616611198,-6.706883296103506,-14.048135806113194
EC-Earth-Consortium,EC-Earth3-Veg-LR,r1i1p1f1,gr,historical,1961-12,1961,12,0.7688890650645143,177.00688784063604,-0.27102738207406096,-227.17776240966577,-15.36337760095704,-21.253491685705416,-86.28988217270174,0.8443239133056458,179.53984894273685,-0.40726912356645945,-223.33948846597266,-7.907125970966346,-14.520666974641335,-65.79037767910431,-0.07543484824113156,-2.5329611021008134,0.13624174149239848,-3.8382739436931104,-7.456251629990694,-6.732824711064081,-20.499504493597428
EC-Earth-Consortium,EC-Earth3-Veg-LR,r1i1p1f1,gr,historical,1962-01,1962,1,1.8295698046759297,189.75095822775023,-0.8641416563624793,-236.5379335732707,-11.714014199845018,-21.348465109730544,-78.88402650678256,1.9670428406081912,174.6451682692201,-1.1134382139788777,-217.91294889189962,-7.277542063475359,-14.28956539960937,-63.98128345913492,-0.13747303593226157,15.105789958530124,0.24929655761639835,-18.624984681371075,-4.436472136369659,-7.058899710121175,-14.90274304764764
EC-Earth-Consortium,EC-Earth3-Veg-LR,r1i1p1f1,gr,historical,1962-02,1962,2,11.713267459749801,180.73779011357232,-6.929615194050918,-228.6923647487124,-18.53990783503608,-26.438993775217966,-88.14982397969524,12.445773582853347,174.25857569933385,-8.050053493794298,-217.59834553205962,-6.931894885320205,-14.11158454395435,-59.98752917294128,-0.7325061231035459,6.47921441423847,1.1204382997433804,-11.094019216652782,-11.608012949715874,-12.327409231263616,-28.162294806753962
EC-Earth-Consortium,EC-Earth3-Veg-LR,r1i1p1f1,gr,historical,1962-03,1962,3,57.50160149440625,188.63769417770777,-37.837004739155,-237.38671224297255,-8.581243913294678,-18.133927394654958,-55.79959261796314,59.86295421939759,178.6380625638465,-42.42060087439643,-224.19115525659498,-5.777500516309919,-12.96961739527065,-46.8578572593279,-2.3613527249913346,9.999631613861283,4.583596135241429,-13.195556986377568,-2.8037433969847587,-5.164309999384308,-8.941735358635242
EC-Earth-Consortium,EC-Earth3-Veg-LR,r1i1p1f1,gr,historical,1962-04,1962,4,157.35743216518327,204.55810152050336,-109.52550329017464,-254.9141509750304,-4.988255688102764,-15.164222095917182,-22.676598363538357,165.54918549462982,193.94768773026806,-121.36911048471737,-244.71414659154436,-3.5592308420521506,-11.316720965746057,-21.462335659162093,-8.191753329446556,10.610413790235299,11.843607194542727,-10.200004383486032,-1.4290248460506132,-3.847501130171125,-1.2142627043762637
EC-Earth-Consortium,EC-Earth3-Veg-LR,r1i1p1f1,gr,historical,1962-05,1962,5,260.0222323148251,234.89317338128788,-174.6448289984202,-285.56030541907506,-2.9647506595685815,-14.434515790344097,17.31100482870509,275.6543792863859,224.5590747925627,-196.4506719906339,-277.14177299595417,-1.8042443237938772,-10.700238938634309,14.116525829932366,-15.632146971560815,10.334098588725169,21.805842992213712,-8.418532423120894,-1.1605063357747043,-3.7342768517097884,3.194478998772725
EC-Earth-Consortium,EC-Earth3-Veg-LR,r1i1p1f1,gr,historical,1962-06,1962,6,283.7460915319723,271.71707086549117,-163.27698654177513,-311.2834060738632,-2.753397637379771,-12.53306557317181,65.61630657127357,296.31824615671405,264.6805788578032,-184.2618748228265,-305.99544242897827,-1.3256800948089977,-11.303420968742303,58.11240669916117,-12.572154624741756,7.0364920076879685,20.984888281051383,-5.28796364488494,-1.427717542570773,-1.229644604429506,7.503899872112399
EC-Earth-Consortium,EC-Earth3-Veg-LR,r1i1p1f1,gr,historical,1962-07,1962,7,208.13865732739836,299.23710532340147,-82.483966731489,-326.50459761572745,-0.013430767882992939,-10.581921575869288,87.79184595983115,225.98526739919413,289.5888849412498,-106.74472434052524,-319.32788691162557,-0.19383547240358012,-10.584539231081097,78.72316638480842,-17.846610071795766,9.648220382151692,24.260757609036233,-7.176710704101879,0.18040470452058718,0.0026176552118091223,9.068679575022728
EC-Earth-Consortium,EC-Earth3-Veg-LR,r1i1p1f1,gr,historical,1962-08,1962,8,138.25269858152495,293.51050607363896,-43.919228970092725,-326.3667896064363,-1.3397089768951753,-14.558862907037936,45.578614194701764,143.965143639584,285.514983779784,-56.61969220867284,-317.4160441353086,-0.736401837272086,-11.828037470306784,42.8799517678077,-5.712445058059046,7.995522293854947,12.700463238580113,-8.950745471127732,-0.6033071396230894,-2.730825436731152,2.6986624268940673
EC-Earth-Consortium,EC-Earth3-Veg-LR,r1i1p1f1,gr,historical,1962-09,1962,9,70.37899463976514,265.3239833617616,-24.407109318669182,-308.04000648059656,-5.915988497547512,-20.567046627800238,-23.22717292308678,72.23187531070974,254.64399326285204,-29.49217390513061,-295.7570914889987,-3.0077420278618163,-14.867742559467041,-16.248881407896377,-1.8528806709446002,10.679990098909542,5.085064586461428,-12.282914991597863,-2.908246469685696,-5.699304068333197,-6.978291515190403
EC-Earth-Consortium,EC-Earth3-Veg-LR,r1i1p1f1,gr,historical,1962-10,1962,10,20.130534324904907,236.535979597708,-6.607643613331484,-280.95268990968265,-9.780371982877735,-23.25760621623158,-63.93179779951052,21.17782998279387,219.68910623165684,-9.062038234793288,-263.59941570919926,-7.415014525185129,-17.082779513843093,-56.292311768570094,-1.047295657888963,16.84687336605117,2.4543946214618044,-17.353274200483384,-2.365357457692606,-6.174826702388486,-7.639486030940425
EC-Earth-Consortium,EC-Earth3-Veg-LR,r1i1p1f1,gr,historical,1962-11,1962,11,3.2464363999672083,202.6847695104353,-0.9698963471001071,-251.21042889741258,-12.383114827546924,-22.735352538603713,-81.36758670026083,3.573632890038961,193.44910051493784,-1.4677800076550447,-237.86279579461424,-8.81039866871152,-15.933404947758362,-67.05164601376235,-0.3271964900717528,9.235668995497463,0.4978836605549376,-13.34763310279834,-3.572716158835405,-6.8019475908453515,-14.315940686498479
EC-Earth-Consortium,EC-Earth3-Veg-LR,r1i1p1f1,gr,historical,1962-12,1962,12,0.7812371080776753,182.74339837397187,-0.2815246402616586,-231.6803943916938,-14.159180898458775,-21.53567990256612,-84.1321443509308,0.8443239133056458,179.53984894273685,-0.40726912356645945,-223.33948846597266,-7.907125970966346,-14.520666974641335,-65.79037767910431,-0.0630868052279705,3.203549431235018,0.12574448330480087,-8.340905925721131,-6.252054927492429,-7.015012927924785,-18.34176667182649
EC-Earth-Consortium,EC-Earth3-Veg-LR,r1i1p1f1,gr,historical,1963-01,1963,1,1.80120003985478,194.73776772526094,-0.8976738121945133,-234.7928592516545,-5.413969546186791,-15.090246225957502,-59.65578107087758,1.9670428406081912,174.6451682692201,-1.1134382139788777,-217.91294889189962,-7.277542063475359,-14.28956539960937,-63.98128345913492,-0.16584280075341118,20.09259945604083,0.2157644017843644,-16.879910359754888,1.863572517288568,-0.8006808263481329,4.325502388257341
EC-Earth-Consortium,EC-Earth3-Veg-LR,r1i1p1f1,gr,historical,1963-02,1963,2,11.80024325417304,168.5905255903918,-6.99927385488217,-214.46930442862856,-11.895452092119315,-17.386502523866238,-70.35976405493146,12.445773582853347,174.25857569933385,-8.050053493794298,-217.59834553205962,-6.931894885320205,-14.11158454395435,-59.98752917294128,-0.6455303286803069,-5.6680501089420545,1.050779638912128,3.1290411034310637,-4.96355720679911,-3.274917979911887,-10.372234881990181
EC-Earth-Consortium,EC-Earth3-Veg-LR,r1i1p1f1,gr,historical,1963-03,1963,3,58.23165035407337,182.43182562830233,-38.7399846127293,-231.28044901325362,-13.705996645624218,-20.55118506495969,-63.614139354191124,59.86295421939759,178.6380625638465,-42.42060087439643,-224.19115525659498,-5.777500516309919,-12.96961739527065,-46.8578572593279,-1.6313038653242131,3.7937630644558453,3.680616261667126,-7.089293756658634,-7.928496129314299,-7.58156766968904,-16.756282094863224
EC-Earth-Consortium,EC-Earth3-Veg-LR,r1i1p1f1,gr,historical,1963-04,1963,4,155.98379664873136,210.76928205496705,-110.13490690184695,-258.9616827928912,-2.205013653141866,-11.976621065605974,-16.52514570978759,165.54918549462982,193.94768773026806,-121.36911048471737,-244.71414659154436,-3.5592308420521506,-11.316720965746057,-21.462335659162093,-9.565388845898468,16.821594324698992,11.234203582870421,-14.247536201346861,1.3542171889102845,-0.6599000998599163,4.937189949374503
EC-Earth-Consortium,EC-Earth3-Veg-LR,r1i1p1f1,gr,historical,1963-05,1963,5,269.4984422542242,225.86423156391533,-187.00955347589962,-280.22657612575006,-2.453555924398449,-12.105732457102485,13.567255834988897,275.6543792863859,224.5590747925627,-196.4506719906339,-277.14177299595417,-1.8042443237938772,-10.700238938634309,14.116525829932366,-6.155937032161717,1.305156771352614,9.441118514734285,-3.084803129795887,-0.6493116006045718,-1.4054935184681767,-0.5492699949434687
EC-Earth-Consortium,EC-Earth3-Veg-LR,r1i1p1f1,gr,historical,1963-06,1963,6,295.4999405055436,262.3506848306611,-184.17495940726045,-305.8961964384733,-1.5698362214598545,-11.720321189524025,54.48931207948718,296.31824615671405,264.6805788578032,-184.2618748228265,-305.99544242897827,-1.3256800948089977,-11.303420968742303,58.11240669916117,-0.8183056511704763,-2.3298940271420747,0.08691541556606808,0.09924599050498273,-0.24415612665085673,-0.41690022078172184,-3.623094619673992
EC-Earth-Consortium,EC-Earth3-Veg-LR,r1i1p1f1,gr,historical,1963-07,1963,7,223.4139033130064,292.1232321148241,-101.59451522436018,-322.8140065823354,0.4387428887458499,-11.47911547496038,80.0882410349203,225.98526739919413,289.5888849412498,-106.74472434052524,-319.32788691162557,-0.19383547240358012,-10.584539231081097,78.72316638480842,-2.5713640861877423,2.5343471735743037,5.150209116165058,-3.4861196707098543,0.63257836114943,-0.8945762438792837,1.365074650111879
EC-Earth-Consortium,EC-Earth3-Veg-LR,r1i1p1f1,gr,historical,1963-08,1963,8,146.65322690907152,287.83987333337996,-54.08057745610824,-322.4306353819647,-2.027236161945053,-13.332521963771958,42.622129278661525,143.965143639584,285.514983779784,-56.61969220867284,-317.4160441353086,-0.736401837272086,-11.828037470306784,42.8799517678077,2.688083269487521,2.3248895535959377,2.5391147525646005,-5.014591246656096,-1.2908343246729672,-1.5044844934651742,-0.25782248914617156
EC-Earth-Consortium,EC-Earth3-Veg-LR,r1i1p1f1,gr,historical,1963-09,1963,9,71.6049768551057,257.3519652966264,-27.62743881481923,-300.0886630191302,-4.70916808151923,-18.768534124245793,-22.236861887982354,72.23187531070974,254.64399326285204,-29.49217390513061,-295.7570914889987,-3.0077420278618163,-14.867742559467041,-16.248881407896377,-0.6268984556040351,2.7079720337743822,1.864735090311381,-4.331571530131498,-1.7014260536574133,-3.9007915647787517,-5.987980480085977
EC-Earth-Consortium,EC-Earth3-Veg-LR,r1i1p1f1,gr,historical,1963-10,1963,10,20.85195595221745,226.3818539985256,-7.273098114255948,-272.8723471021591,-11.150930824740358,-22.536903128727275,-66.59946921913964,21.17782998279387,219.68910623165684,-9.062038234793288,-263.59941570919926,-7.415014525185129,-17.082779513843093,-56.292311768570094,-0.32587403057642206,6.692747766868763,1.7889401205373403,-9.272931392959833,-3.735916299555229,-5.454123614884182,-10.307157450569541
EC-Earth-Consortium,EC-Earth3-Veg-LR,r1i1p1f1,gr,historical,1963-11,1963,11,3.35406780013945,197.18586140404923,-0.8991718835666127,-244.56851004469996,-10.523499718295547,-18.600719100058985,-74.05197154243243,3.573632890038961,193.44910051493784,-1.4677800076550447,-237.86279579461424,-8.81039866871152,-15.933404947758362,-67.05164601376235,-0.21956508989951118,3.7367608891113946,0.568608124088432,-6.70571425008572,-1.7131010495840275,-2.667314152300623,-7.000325528670075
EC-Earth-Consortium,EC-Earth3-Veg-LR,r1i1p1f1,gr,historical,1963-12,1963,12,0.7714237802818983,184.70484764111487,-0.28266846656349587,-231.19066306687566,-11.430056755442756,-19.032585553760796,-76.45970242124594,0.8443239133056458,179.53984894273685,-0.40726912356645945,-223.33948846597266,-7.907125970966346,-14.520666974641335,-65.79037767910431,-0.07290013302374754,5.164998698378014,0.12460065700296358,-7.8511746009029935,-3.5229307844764097,-4.511918579119461,-10.669324742141626
EC-Earth-Consortium,EC-Earth3-Veg-LR,r1i1p1f1,gr,historical,1964-01,1964,1,1.9004673243679666,173.65857171785765,-0.9007822660575829,-222.13324839757647,-17.220830340944346,-22.71034440203093,-87.40616636438368,1.9670428406081912,174.6451682692201,-1.1134382139788777,-217.91294889189962,-7.277542063475359,-14.28956539960937,-63.98128345913492,-0.06657551624022462,-0.9865965513624531,0.21265594792129472,-4.220299505676849,-9.943288277468987,-8.420779002421561,-23.424882905248758
EC-Earth-Consortium,EC-Earth3-Veg-LR,r1i1p1f1,gr,historical,1964-02,1964,2,12.244324401186876,178.8939742928974,-7.105213228770049,-225.1801337718734,-10.731487346087977,-19.662060234957167,-71.5405958876043,12.445773582853347,174.25857569933385,-8.050053493794298,-217.59834553205962,-6.931894885320205,-14.11158454395435,-59.98752917294128,-0.20144918166647052,4.635398593563565,0.9448402650242489,-7.581788239813761,-3.799592460767772,-5.550475691002816,-11.553066714663018
EC-Earth-Consortium,EC-Earth3-Veg-LR,r1i1p1f1,gr,historical,1964-03,1964,3,58.2480196617016,184.66642340966843,-39.397628346964524,-232.63539998547958,-8.213446629243514,-16.747962298416574,-54.079994188734176,59.86295421939759,178.6380625638465,-42.42060087439643,-224.19115525659498,-5.777500516309919,-12.96961739527065,-46.8578572593279,-1.6149345576959888,6.028360845821936,3.0229725274319037,-8.444244728884598,-2.4359461129335944,-3.778344903145925,-7.222136929406275
EC-Earth-Consortium,EC-Earth3-Veg-LR,r1i1p1f1,gr,historical,1964-04,1964,4,164.06133268216183,200.4039040646245,-114.92644442188181,-253.188555846155,-4.652103355452934,-14.89681800738126,-23.198684884084656,165.54918549462982,193.94768773026806,-121.36911048471737,-244.71414659154436,-3.5592308420521506,-11.316720965746057,-21.462335659162093,-1.4878528124679917,6.456216334356441,6.442666062835556,-8.474409254610634,-1.0928725134007835,-3.5800970416352023,-1.736349224922563
EC-Earth-Consortium,EC-Earth3-Veg-LR,r1i1p1f1,gr,historical,1964-05,1964,5,273.42436432089687,224.6456746000602,-189.77356561826704,-279.24234691609985,-2.437625380927405,-12.135266604828118,14.48123440083469,275.6543792863859,224.5590747925627,-196.4506719906339,-277.14177299595417,-1.8042443237938772,-10.700238938634309,14.116525829932366,-2.2300149654890333,0.08659980749749252,6.677106372366865,-2.1005739201456777,-0.6333810571335277,-1.4350276661938093,0.3647085709023248
EC-Earth-Consortium,EC-Earth3-Veg-LR,r1i1p1f1,gr,historical,1964-06,1964,6,282.45445938305517,270.5667155817034,-169.29399259853426,-309.9717212396005,-1.609464318340031,-13.292714045021352,58.85328276326236,296.31824615671405,264.6805788578032,-184.2618748228265,-305.99544242897827,-1.3256800948089977,-11.303420968742303,58.11240669916117,-13.863786773658887,5.886136723900222,14.967882224292254,-3.9762788106222615,-0.2837842235310333,-1.9892930762790488,0.7408760641011867
EC-Earth-Consortium,EC-Earth3-Veg-LR,r1i1p1f1,gr,historical,1964-07,1964,7,220.25144886371078,290.7567484232414,-100.34608222872068,-321.832051829961,-1.9159892419595552,-13.634909656137658,73.27916433017327,225.98526739919413,289.5888849412498,-106.74472434052524,-319.32788691162557,-0.19383547240358012,-10.584539231081097,78.72316638480842,-5.733818535483351,1.167863481991617,6.398642111804563,-2.504164918335448,-1.722153769555975,-3.0503704250565615,-5.444002054635149
EC-Earth-Consortium,EC-Earth3-Veg-LR,r1i1p1f1,gr,historical,1964-08,1964,8,139.7497168577348,289.43940047891124,-51.988948368302715,-320.9944816788384,-0.9607209344256018,-12.309574821026263,42.935391534053096,143.965143639584,285.514983779784,-56.61969220867284,-317.4160441353086,-0.736401837272086,-11.828037470306784,42.8799517678077,-4.215426781849203,3.924416699127221,4.630743840370123,-3.5784375435297875,-0.22431909715351583,-0.48153735071947956,0.05543976624539937
EC-Earth-Consortium,EC-Earth3-Veg-LR,r1i1p1f1,gr,historical,1964-09,1964,9,67.1012175805558,264.61591195516866,-24.523768303095494,-303.82130075867434,-4.2979239667081135,-18.479964938654664,-19.405828431408175,72.23187531070974,254.64399326285204,-29.49217390513061,-295.7570914889987,-3.0077420278618163,-14.867742559467041,-16.248881407896377,-5.130657730153942,9.97191869231662,4.968405602035116,-8.064209269675644,-1.2901819388462972,-3.6122223791876227,-3.1569470235117976
EC-Earth-Consortium,EC-Earth3-Veg-LR,r1i1p1f1,gr,historical,1964-10,1964,10,18.962894384178483,233.9753238094772,-6.60774087548064,-275.59999622863546,-6.990018750630517,-16.994635452322388,-53.2541731134133,21.17782998279387,219.68910623165684,-9.062038234793288,-263.59941570919926,-7.415014525185129,-17.082779513843093,-56.292311768570094,-2.214935598615387,14.286217577820366,2.4542973593126485,-12.000580519436198,0.42499577455461246,0.08814406152070475,3.038138655156793
EC-Earth-Consortium,EC-Earth3-Veg-LR,r1i1p1f1,gr,historical,1964-11,1964,11,3.203440204537212,192.8715634541499,-0.9521340123450981,-242.30290632409913,-18.164089800291084,-26.23703007916418,-91.58115655721237,3.573632890038961,193.44910051493784,-1.4677800076550447,-237.86279579461424,-8.81039866871152,-15.933404947758362,-67.05164601376235,-0.370192685501749,-0.5775370607879324,0.5156459953099466,-4.440110529484883,-9.353691131579565,-10.30362513140582,-24.529510543450016
EC-Earth-Consortium,EC-Earth3-Veg-LR,r1i1p1f1,gr,historical,1964-12,1964,12,0.7271442938771945,196.83927297240015,-0.27559309458230513,-239.72931454355387,-8.17177267913136,-19.363164406274443,-69.97342745726462,0.8443239133056458,179.53984894273685,-0.40726912356645945,-223.33948846597266,-7.907125970966346,-14.520666974641335,-65.79037767910431,-0.11717961942845134,17.2994240296633,0.13167602898415431,-16.389826077581205,-0.2646467081650137,-4.842497431633108,-4.18304977816031
EC-Earth-Consortium,EC-Earth3-Veg-LR,r1i1p1f1,gr,historical,1965-01,1965,1,1.8174168652645812,180.07753615212013,-0.9168024791629179,-224.99872295065873,-14.065947334100551,-20.774803452392657,-78.86132319893014,1.9670428406081912,174.6451682692201,-1.1134382139788777,-217.91294889189962,-7.277542063475359,-14.28956539960937,-63.98128345913492,-0.14962597534361,5.432367882900024,0.19663573481595975,-7.085774058759114,-6.7884052706251925,-6.485238052783288,-14.880039739795215
EC-Earth-Consortium,EC-Earth3-Veg-LR,r1i1p1f1,gr,historical,1965-02,1965,2,11.710863891053394,183.05926841341497,-7.361628987955096,-227.35460601952772,-9.255317472886027,-18.570397386154344,-67.77181756205482,12.445773582853347,174.25857569933385,-8.050053493794298,-217.59834553205962,-6.931894885320205,-14.11158454395435,-59.98752917294128,-0.7349096917999525,8.800692714081123,0.688424505839202,-9.756260487468097,-2.3234225875658217,-4.458812842199993,-7.7842883891135415
EC-Earth-Consortium,EC-Earth3-Veg-LR,r1i1p1f1,gr,historical,1965-03,1965,3,56.69751848765515,189.87536597814275,-39.322910324996656,-234.7364531408184,-6.971602849873176,-15.505855869992553,-49.9639377198829,59.86295421939759,178.6380625638465,-42.42060087439643,-224.19115525659498,-5.777500516309919,-12.96961739527065,-46.8578572593279,-3.165435731742434,11.237303414296264,3.097690549399772,-10.54529788422343,-1.194102333563257,-2.5362384747219036,-3.106080460554999
EC-Earth-Consortium,EC-Earth3-Veg-LR,r1i1p1f1,gr,historical,1965-04,1965,4,158.81230178260554,196.6143119087332,-113.48793612847787,-247.94688286049333,-3.0452826831295683,-12.663555400084952,-21.717043380847006,165.54918549462982,193.94768773026806,-121.36911048471737,-244.71414659154436,-3.5592308420521506,-11.316720965746057,-21.462335659162093,-6.73688371202428,2.666624178465156,7.881174356239498,-3.232736268948969,0.5139481589225823,-1.346834434338895,-0.2547077216849125
EC-Earth-Consortium,EC-Earth3-Veg-LR,r1i1p1f1,gr,historical,1965-05,1965,5,264.51889776708873,231.10809160259615,-182.5541210466287,-282.7754193318601,-3.703259740504978,-14.20167646638266,12.392512784308481,275.6543792863859,224.5590747925627,-196.4506719906339,-277.14177299595417,-1.8042443237938772,-10.700238938634309,14.116525829932366,-11.135481519297173,6.549016810033436,13.896550944005213,-5.633646335905951,-1.8990154167111006,-3.501437527748351,-1.7240130456238845
EC-Earth-Consortium,EC-Earth3-Veg-LR,r1i1p1f1,gr,historical,1965-06,1965,6,281.8557854436662,272.9752007558639,-165.47143674724927,-310.8735451142453,-0.8844523920152145,-10.666680794431635,66.93487115158865,296.31824615671405,264.6805788578032,-184.2618748228265,-305.99544242897827,-1.3256800948089977,-11.303420968742303,58.11240669916117,-14.462460713047847,8.294621898060711,18.790438075577242,-4.878102685267038,0.4412277027937832,0.6367401743106686,8.822464452427482
EC-Earth-Consortium,EC-Earth3-Veg-LR,r1i1p1f1,gr,historical,1965-07,1965,7,223.8640592552069,291.5975757923382,-100.03598128424015,-323.0628257865244,-1.3514211082431273,-12.625258252090026,78.38614861644737,225.98526739919413,289.5888849412498,-106.74472434052524,-319.32788691162557,-0.19383547240358012,-10.584539231081097,78.72316638480842,-2.121208143987218,2.0086908510884314,6.708743056285087,-3.7349388748988304,-1.1575856358395473,-2.040719021008929,-0.3370177683610507
EC-Earth-Consortium,EC-Earth3-Veg-LR,r1i1p1f1,gr,historical,1965-08,1965,8,143.165304441555,286.7815744688622,-55.77107925358616,-319.7867425681838,-1.0225164599130405,-13.753357167957352,39.61318346077684,143.965143639584,285.514983779784,-56.61969220867284,-317.4160441353086,-0.736401837272086,-11.828037470306784,42.8799517678077,-0.799839198028991,1.266590689078157,0.8486129550866792,-2.3706984328752014,-0.28611462264095455,-1.9253196976505684,-3.2667683070308584
EC-Earth-Consortium,EC-Earth3-Veg-LR,r1i1p1f1,gr,historical,1965-09,1965,9,72.45804993843238,257.5313532626903,-28.01649556527737,-299.2110757293488,-3.234381840388848,-16.138692455652638,-16.611242389544962,72.23187531070974,254.64399326285204,-29.49217390513061,-295.7570914889987,-3.0077420278618163,-14.867742559467041,-16.248881407896377,0.22617462772264219,2.887359999838253,1.4756783398532392,-3.4539842403501098,-0.22663981252703147,-1.2709498961855967,-0.3623609816485853
EC-Earth-Consortium,EC-Earth3-Veg-LR,r1i1p1f1,gr,historical,1965-10,1965,10,20.915774058010022,228.17186810512018,-7.935620383259492,-272.7241613021028,-8.85176479851627,-21.954195340917703,-62.378099661666084,21.17782998279387,219.68910623165684,-9.062038234793288,-263.59941570919926,-7.415014525185129,-17.082779513843093,-56.292311768570094,-0.26205592478384787,8.482761873463346,1.1264178515337964,-9.124745592903537,-1.43675027333114,-4.87141582707461,-6.08578789309599
EC-Earth-Consortium,EC-Earth3-Veg-LR,r1i1p1f1,gr,historical,1965-11,1965,11,3.4983688710354977,210.17961226475626,-1.0818415604330518,-254.01180196681776,-12.911205002444845,-21.127780002271336,-75.45464739617523,3.573632890038961,193.44910051493784,-1.4677800076550447,-237.86279579461424,-8.81039866871152,-15.933404947758362,-67.05164601376235,-0.07526401900346347,16.73051174981842,0.3859384472219929,-16.149006172203514,-4.100806333733326,-5.1943750545129745,-8.403001382412882
EC-Earth-Consortium,EC-Earth3-Veg-LR,r1i1p1f1,gr,historical,1965-12,1965,12,0.7905014810159638,189.96498400864257,-0.34118286947076637,-234.66730025369898,-15.973517519220952,-23.09635389645734,-83.32286904918952,0.8443239133056458,179.53984894273685,-0.40726912356645945,-223.33948846597266,-7.907125970966346,-14.520666974641335,-65.79037767910431,-0.053822432289681976,10.425135065905721,0.06608625409569308,-11.327811787726318,-8.066391548254606,-8.575686921816006,-17.53249137008521
EC-Earth-Consortium,EC-Earth3-Veg-LR,r1i1p1f1,gr,historical,1966-01,1966,1,1.8736884679727093,186.56762817516264,-1.0550030966953907,-229.21531760396982,-13.14368277126896,-20.721092978327924,-75.69377980712676,1.9670428406081912,174.6451682692201,-1.1134382139788777,-217.91294889189962,-7.277542063475359,-14.28956539960937,-63.98128345913492,-0.09335437263548196,11.922459905942532,0.05843511728348694,-11.302368712070205,-5.866140707793601,-6.431527578718555,-11.712496347991838
EC-Earth-Consortium,EC-Earth3-Veg-LR,r1i1p1f1,gr,historical,1966-02,1966,2,11.842152518832556,182.99667371124366,-7.347775578975496,-228.52244575882406,-11.687334423370114,-19.93087277068569,-72.64960230177914,12.445773582853347,174.25857569933385,-8.050053493794298,-217.59834553205962,-6.931894885320205,-14.11158454395435,-59.98752917294128,-0.6036210640207909,8.738098011909813,0.7022779148188016,-10.924100226764438,-4.755439538049909,-5.819288226731338,-12.66207312883786
EC-Earth-Consortium,EC-Earth3-Veg-LR,r1i1p1f1,gr,historical,1966-03,1966,3,58.00631959740761,182.42708697806165,-38.99545365037973,-230.07262190174478,-7.317930329596474,-15.830085302658372,-51.7826846089101,59.86295421939759,178.6380625638465,-42.42060087439643,-224.19115525659498,-5.777500516309919,-12.96961739527065,-46.8578572593279,-1.8566346219899756,3.789024414215163,3.4251472240166976,-5.8814666451498,-1.540429813286555,-2.860467907387722,-4.924827349582202
EC-Earth-Consortium,EC-Earth3-Veg-LR,r1i1p1f1,gr,historical,1966-04,1966,4,154.94610113000755,208.0958206423357,-109.20267793565472,-255.56187377395617,-3.749030218058544,-14.031569144021775,-19.50322929934796,165.54918549462982,193.94768773026806,-121.36911048471737,-244.71414659154436,-3.5592308420521506,-11.316720965746057,-21.462335659162093,-10.603084364622276,14.148132912067638,12.166432549062648,-10.847727182411802,-0.1897993760063934,-2.7148481782757177,1.9591063598141325
EC-Earth-Consortium,EC-Earth3-Veg-LR,r1i1p1f1,gr,historical,1966-05,1966,5,263.6497877054435,234.61356422309223,-177.2084708330862,-287.3980254378117,-2.2786889829089505,-13.78487040652788,17.593296268200948,275.6543792863859,224.5590747925627,-196.4506719906339,-277.14177299595417,-1.8042443237938772,-10.700238938634309,14.116525829932366,-12.004591580942417,10.054489430529514,19.242201157547697,-10.256252441857555,-0.4744446591150733,-3.084631467893571,3.4767704382685825
EC-Earth-Consortium,EC-Earth3-Veg-LR,r1i1p1f1,gr,historical,1966-06,1966,6,278.1979898287828,276.4038734817556,-156.79948199352975,-314.54013904817,-2.34987411939551,-13.308000506336516,67.60436764310667,296.31824615671405,264.6805788578032,-184.2618748228265,-305.99544242897827,-1.3256800948089977,-11.303420968742303,58.11240669916117,-18.12025632793126,11.723294623952427,27.46239282929676,-8.544696619191711,-1.0241940245865124,-2.0045795375942124,9.4919609439455
EC-Earth-Consortium,EC-Earth3-Veg-LR,r1i1p1f1,gr,historical,1966-07,1966,7,218.7607350327404,292.1790126348159,-90.76872525557398,-324.19667984065757,-0.9923554437009912,-13.620948605306378,81.36103852231734,225.98526739919413,289.5888849412498,-106.74472434052524,-319.32788691162557,-0.19383547240358012,-10.584539231081097,78.72316638480842,-7.2245323664537295,2.590127693566103,15.975999084951255,-4.868792929031997,-0.798519971297411,-3.036409374225281,2.6378721375089214
EC-Earth-Consortium,EC-Earth3-Veg-LR,r1i1p1f1,gr,historical,1966-08,1966,8,136.75717103645633,293.6202385396724,-46.60664027462468,-324.3142170949588,-0.7682820928018569,-13.666733711643504,45.02153640209991,143.965143639584,285.514983779784,-56.61969220867284,-317.4160441353086,-0.736401837272086,-11.828037470306784,42.8799517678077,-7.207972603127672,8.105254759888396,10.013051934048157,-6.898172959650196,-0.03188025552977092,-1.83869624133672,2.141584634292215
EC-Earth-Consortium,EC-Earth3-Veg-LR,r1i1p1f1,gr,historical,1966-09,1966,9,68.90228685566697,266.0749932240582,-23.59074810976013,-305.17713046451667,-5.772263912473286,-18.266374268189644,-17.829236675214588,72.23187531070974,254.64399326285204,-29.49217390513061,-295.7570914889987,-3.0077420278618163,-14.867742559467041,-16.248881407896377,-3.3295884550427672,11.43099996120614,5.9014257953704785,-9.420038975517969,-2.7645218846114696,-3.3986317087226023,-1.580355267318211
EC-Earth-Consortium,EC-Earth3-Veg-LR,r1i1p1f1,gr,historical,1966-10,1966,10,20.503402365418726,231.35565461828443,-7.039440222061663,-277.02152790386765,-7.6663130297463855,-18.9440500039327,-58.81227417590523,21.17782998279387,219.68910623165684,-9.062038234793288,-263.59941570919926,-7.415014525185129,-17.082779513843093,-56.292311768570094,-0.6744276173751445,11.666548386627596,2.022598012731625,-13.422112194668387,-0.25129850456125613,-1.8612704900896055,-2.519962407335136
EC-Earth-Consortium,EC-Earth3-Veg-LR,r1i1p1f1,gr,historical,1966-11,1966,11,3.419765891205972,204.5323392732001,-1.0931253821499918,-250.64961852607257,-11.26405912235497,-19.36070803646055,-74.41540590263202,3.573632890038961,193.44910051493784,-1.4677800076550447,-237.86279579461424,-8.81039866871152,-15.933404947758362,-67.05164601376235,-0.15386699883298904,11.083238758262269,0.3746546255050529,-12.78682273145833,-2.453660453643451,-3.427303088702189,-7.363759888869666
EC-Earth-Consortium,EC-Earth3-Veg-LR,r1i1p1f1,gr,historical,1966-12,1966,12,0.7732094669193758,189.9125623812093,-0.3042632052538713,-235.5792549696519,-14.15495622715921,-21.93574826046888,-81.28845081440518,0.8443239133056458,179.53984894273685,-0.40726912356645945,-223.33948846597266,-7.907125970966346,-14.520666974641335,-65.79037767910431,-0.07111444638627007,10.37271343847246,0.10300591831258815,-12.239766503679249,-6.247830256192865,-7.415081285827545,-15.49807313530087
EC-Earth-Consortium,EC-Earth3-Veg-LR,r1i1p1f1,gr,historical,1967-01,1967,1,1.9182935628219904,193.34263764843766,-1.0156508492581084,-237.29905118297364,-8.185655890085853,-21.174106507030253,-72.41353321808822,1.9670428406081912,174.6451682692201,-1.1134382139788777,-217.91294889189962,-7.277542063475359,-14.28956539960937,-63.98128345913492,-0.04874927778620086,18.69746937921755,0.09778736472076921,-19.386102291074025,-0.908113826610494,-6.884541107420883,-8.432249758953297
EC-Earth-Consortium,EC-Earth3-Veg-LR,r1i1p1f1,gr,historical,1967-02,1967,2,12.018896832419108,194.10413829299355,-6.9618872005094525,-239.26161798183395,-9.258268862215418,-21.039111803220745,-70.39785072236693,12.445773582853347,174.25857569933385,-8.050053493794298,-217.59834553205962,-6.931894885320205,-14.11158454395435,-59.98752917294128,-0.4268767504342392,19.845562593659707,1.0881662932848455,-21.663272449774325,-2.326373976895213,-6.927527259266395,-10.410321549425646
EC-Earth-Consortium,EC-Earth3-Veg-LR,r1i1p1f1,gr,historical,1967-03,1967,3,55.91629299344008,194.9163119546724,-37.515896348880794,-239.12830222855496,-7.51363133166783,-17.118727632989255,-50.44395259398037,59.86295421939759,178.6380625638465,-42.42060087439643,-224.19115525659498,-5.777500516309919,-12.96961739527065,-46.8578572593279,-3.946661225957506,16.27824939082592,4.904704525515633,-14.937146971959976,-1.7361308153579111,-4.149110237718606,-3.5860953346524695
EC-Earth-Consortium,EC-Earth3-Veg-LR,r1i1p1f1,gr,historical,1967-04,1967,4,159.388726882747,196.26277022788832,-112.87758507197968,-247.40786092625387,-8.272724409139391,-15.867411279658958,-28.7740845763966,165.54918549462982,193.94768773026806,-121.36911048471737,-244.71414659154436,-3.5592308420521506,-11.316720965746057,-21.462335659162093,-6.160458611882831,2.315082497620267,8.491525412737687,-2.6937143347095116,-4.713493567087241,-4.5506903139129005,-7.311748917234507
EC-Earth-Consortium,EC-Earth3-Veg-LR,r1i1p1f1,gr,historical,1967-05,1967,5,265.9048534336581,229.76262361765976,-181.80491342974358,-281.4475144620354,-2.5915687769373204,-13.131851130864835,16.691629251736753,275.6543792863859,224.5590747925627,-196.4506719906339,-277.14177299595417,-1.8042443237938772,-10.700238938634309,14.116525829932366,-9.7495258527278,5.2035488250970445,14.645758560890329,-4.3057414660812015,-0.7873244531434431,-2.431612192230526,2.5751034218043873
EC-Earth-Consortium,EC-Earth3-Veg-LR,r1i1p1f1,gr,historical,1967-06,1967,6,273.51540278002517,279.684993081845,-153.12540503100104,-315.3418781271841,-2.0062764726773525,-13.808753472142328,68.91808275886541,296.31824615671405,264.6805788578032,-184.2618748228265,-305.99544242897827,-1.3256800948089977,-11.303420968742303,58.11240669916117,-22.802843376688884,15.004414224041795,31.136469791825476,-9.346435698205823,-0.6805963778683548,-2.505332503400025,10.80567605970424
EC-Earth-Consortium,EC-Earth3-Veg-LR,r1i1p1f1,gr,historical,1967-07,1967,7,210.96618987614738,298.0542251550546,-81.87901582089889,-325.20930329920765,-0.050792408798183496,-9.947501891515694,91.93380161078159,225.98526739919413,289.5888849412498,-106.74472434052524,-319.32788691162557,-0.19383547240358012,-10.584539231081097,78.72316638480842,-15.019077523046747,8.465340213804836,24.865708519626352,-5.881416387582078,0.14304306360539662,0.6370373395654028,13.210635225973164
EC-Earth-Consortium,EC-Earth3-Veg-LR,r1i1p1f1,gr,historical,1967-08,1967,8,133.90520694429003,297.57711668298134,-41.49166969016605,-326.6530952624406,-0.6463437383001998,-12.921493796255943,49.76972114010856,143.965143639584,285.514983779784,-56.61969220867284,-317.4160441353086,-0.736401837272086,-11.828037470306784,42.8799517678077,-10.05993669529397,12.062132903197323,15.12802251850679,-9.23705112713202,0.09005809897188621,-1.093456325949159,6.8897693723008615
EC-Earth-Consortium,EC-Earth3-Veg-LR,r1i1p1f1,gr,historical,1967-09,1967,9,67.23839506714677,270.992025441449,-21.601596763164963,-309.7162403771449,-2.8848699167626632,-15.891869598114685,-11.864156146591412,72.23187531070974,254.64399326285204,-29.49217390513061,-295.7570914889987,-3.0077420278618163,-14.867742559467041,-16.248881407896377,-4.993480243562971,16.34803217859698,7.890577141965647,-13.959148888146217,0.12287211109915308,-1.0241270386476433,4.384725261304965
EC-Earth-Consortium,EC-Earth3-Veg-LR,r1i1p1f1,gr,historical,1967-10,1967,10,20.985318320441536,229.74104044594378,-6.662377958944804,-277.5414302402922,-11.776777564726581,-23.528183903278617,-68.78241090085686,21.17782998279387,219.68910623165684,-9.062038234793288,-263.59941570919926,-7.415014525185129,-17.082779513843093,-56.292311768570094,-0.1925116623523344,10.051934214286945,2.3996602758484844,-13.942014531092923,-4.361763039541452,-6.445404389435524,-12.490099132286765
EC-Earth-Consortium,EC-Earth3-Veg-LR,r1i1p1f1,gr,historical,1967-11,1967,11,3.361977019756228,206.61693075662734,-1.1012892740300968,-251.66224075251125,-14.148425616516612,-21.764964720961615,-78.69801258763601,3.573632890038961,193.44910051493784,-1.4677800076550447,-237.86279579461424,-8.81039866871152,-15.933404947758362,-67.05164601376235,-0.21165587028273292,13.1678302416895,0.3664907336249479,-13.799444957897009,-5.338026947805092,-5.831559773203253,-11.646366573873664
EC-Earth-Consortium,EC-Earth3-Veg-LR,r1i1p1f1,gr,historical,1967-12,1967,12,0.7570364680898457,180.34529297732536,-0.3342394402753336,-228.8969809701857,-14.047980786908914,-20.86049676060127,-83.03736851255601,0.8443239133056458,179.53984894273685,-0.40726912356645945,-223.33948846597266,-7.907125970966346,-14.520666974641335,-65.79037767910431,-0.08728744521580012,0.8054440345885041,0.07302968329112586,-5.55749250421303,-6.140854815942568,-6.3398297859599335,-17.246990833451704
EC-Earth-Consortium,EC-Earth3-Veg-LR,r1i1p1f1,gr,historical,1968-01,1968,1,1.8308983087980686,184.76452196552722,-0.9172872956609298,-232.605264184235,-13.118349380029686,-23.427406553432967,-83.47288713903333,1.9670428406081912,174.6451682692201,-1.1134382139788777,-217.91294889189962,-7.277542063475359,-14.28956539960937,-63.98128345913492,-0.13614453181012265,10.119353696307115,0.19615091831794784,-14.692315292335394,-5.8408073165543275,-9.137841153823597,-19.49160367989841
EC-Earth-Consortium,EC-Earth3-Veg-LR,r1i1p1f1,gr,historical,1968-02,1968,2,12.3006610385341,191.8252744184344,-7.156966639479174,-235.10255001721836,-7.312225229238796,-17.393957677264716,-62.83976410623258,12.445773582853347,174.25857569933385,-8.050053493794298,-217.59834553205962,-6.931894885320205,-14.11158454395435,-59.98752917294128,-0.1451125443192467,17.566698719100543,0.8930868543151238,-17.504204485158738,-0.38033034391859033,-3.282373133310365,-2.8522349332912995
EC-Earth-Consortium,EC-Earth3-Veg-LR,r1i1p1f1,gr,historical,1968-03,1968,3,57.153378167858186,191.74329275758421,-38.35198577913076,-237.0724258089375,-9.651526078695914,-16.94339742144728,-53.122664162769055,59.86295421939759,178.6380625638465,-42.42060087439643,-224.19115525659498,-5.777500516309919,-12.96961739527065,-46.8578572593279,-2.7095760515394005,13.105230193737725,4.06861509526567,-12.881270552342528,-3.874025562385995,-3.9737800261766303,-6.264806903441155
EC-Earth-Consortium,EC-Earth3-Veg-LR,r1i1p1f1,gr,historical,1968-04,1968,4,161.2512789484427,204.57509991732843,-111.64896695236031,-257.7842653311952,-6.439922982480626,-16.62179948944769,-26.668575889712663,165.54918549462982,193.94768773026806,-121.36911048471737,-244.71414659154436,-3.5592308420521506,-11.316720965746057,-21.462335659162093,-4.297906546187136,10.627412187060372,9.720143532357056,-13.070118739650809,-2.8806921404284753,-5.305078523701631,-5.20624023055057
EC-Earth-Consortium,EC-Earth3-Veg-LR,r1i1p1f1,gr,historical,1968-05,1968,5,270.08192381353535,229.6296081596178,-180.246488101324,-284.06048143012816,-3.3005859180360493,-13.40459029179781,18.69938623186713,275.6543792863859,224.5590747925627,-196.4506719906339,-277.14177299595417,-1.8042443237938772,-10.700238938634309,14.116525829932366,-5.5724554728505495,5.070533367055077,16.204183889309917,-6.918708434173993,-1.496341594242172,-2.704351353163501,4.582860401934765
EC-Earth-Consortium,EC-Earth3-Veg-LR,r1i1p1f1,gr,historical,1968-06,1968,6,274.8080908521128,277.01869283720754,-156.7422147556063,-313.20661976400896,-2.001846343885582,-11.83099291555114,68.04510991026835,296.31824615671405,264.6805788578032,-184.2618748228265,-305.99544242897827,-1.3256800948089977,-11.303420968742303,58.11240669916117,-21.510155304601255,12.33811397940434,27.5196600672202,-7.211177335030698,-0.6761662490765841,-0.5275719468088376,9.932703211107182
EC-Earth-Consortium,EC-Earth3-Veg-LR,r1i1p1f1,gr,historical,1968-07,1968,7,202.4059797610107,302.372183065216,-74.32798719962679,-327.8960983979769,0.8732538517744813,-11.05012264041816,92.37720843997937,225.98526739919413,289.5888849412498,-106.74472434052524,-319.32788691162557,-0.19383547240358012,-10.584539231081097,78.72316638480842,-23.579287638183416,12.783298123966233,32.41673714089845,-8.568211486351345,1.0670893241780615,-0.46558340933706255,13.654042055170947
EC-Earth-Consortium,EC-Earth3-Veg-LR,r1i1p1f1,gr,historical,1968-08,1968,8,131.8009394774487,295.07430471475095,-37.0841921022476,-326.74872129941156,-1.9752578618688608,-15.979614759953643,45.087458168718015,143.965143639584,285.514983779784,-56.61969220867284,-317.4160441353086,-0.736401837272086,-11.828037470306784,42.8799517678077,-12.164204162135292,9.559320934966934,19.53550010642524,-9.33267716410296,-1.2388560245967748,-4.151577289646859,2.2075064009103187
EC-Earth-Consortium,EC-Earth3-Veg-LR,r1i1p1f1,gr,historical,1968-09,1968,9,67.03150766471049,264.8589532951524,-21.204634784981586,-308.522525270753,-5.517798175655174,-21.112713822342428,-24.467211093869324,72.23187531070974,254.64399326285204,-29.49217390513061,-295.7570914889987,-3.0077420278618163,-14.867742559467041,-16.248881407896377,-5.2003676459992505,10.214960032300354,8.287539120149024,-12.765433781754325,-2.5100561477933576,-6.244971262875387,-8.218329685972947
EC-Earth-Consortium,EC-Earth3-Veg-LR,r1i1p1f1,gr,historical,1968-10,1968,10,19.997548239121866,227.1720566549182,-6.482854989632354,-276.6755779745617,-8.99503319672237,-21.21034279875757,-66.19420406563391,21.17782998279387,219.68910623165684,-9.062038234793288,-263.59941570919926,-7.415014525185129,-17.082779513843093,-56.292311768570094,-1.1802817436720048,7.4829504232613715,2.579183245160934,-13.076162265362427,-1.58001867153724,-4.127563284914476,-9.901892297063817
EC-Earth-Consortium,EC-Earth3-Veg-LR,r1i1p1f1,gr,historical,1968-11,1968,11,3.2823788781535743,203.94785361145105,-1.202976741990981,-251.3837554045367,-13.533801856550054,-22.139885801515824,-81.03018731498898,3.573632890038961,193.44910051493784,-1.4677800076550447,-237.86279579461424,-8.81039866871152,-15.933404947758362,-67.05164601376235,-0.2912540118853868,10.498753096513212,0.26480326566406376,-13.520959609922471,-4.723403187838535,-6.206480853757462,-13.978541301226628
EC-Earth-Consortium,EC-Earth3-Veg-LR,r1i1p1f1,gr,historical,1968-12,1968,12,0.7484516243613847,192.37763081824397,-0.348741381517578,-238.52093837406858,-11.92796139786357,-21.430872255283248,-79.10243096612761,0.8443239133056458,179.53984894273685,-0.40726912356645945,-223.33948846597266,-7.907125970966346,-14.520666974641335,-65.79037767910431,-0.09587228894426114,12.837781875507119,0.05852774204888145,-15.181449908095914,-4.020835426897223,-6.910205280641913,-13.312053287023303
EC-Earth-Consortium,EC-Earth3-Veg-LR,r1i1p1f1,gr,historical,1969-01,1969,1,1.8842617313652466,185.65388030021663,-0.9630712364231955,-230.694971071441,-8.922042868801372,-17.182898596174873,-70.22484174125853,1.9670428406081912,174.6451682692201,-1.1134382139788777,-217.91294889189962,-7.277542063475359,-14.28956539960937,-63.98128345913492,-0.08278110924294468,11.00871203099652,0.15036697755568218,-12.782022179541372,-1.6445008053260128,-2.8933331965655036,-6.243558282123608
EC-Earth-Consortium,EC-Earth3-Veg-LR,r1i1p1f1,gr,historical,1969-02,1969,2,11.900698991435233,184.5495845580113,-7.211493274129117,-230.37074180114277,-8.51333793567668,-17.944308661242108,-67.58959812274414,12.445773582853347,174.25857569933385,-8.050053493794298,-217.59834553205962,-6.931894885320205,-14.11158454395435,-59.98752917294128,-0.5450745914181141,10.291008858677458,0.8385602196651814,-12.772396269083146,-1.5814430503564738,-3.832724117287757,-7.602068949802856
EC-Earth-Consortium,EC-Earth3-Veg-LR,r1i1p1f1,gr,historical,1969-03,1969,3,56.16224605001661,192.55270068723604,-37.8804426750589,-240.15899602808935,-11.019387674089106,-22.192299749957122,-62.536179389941815,59.86295421939759,178.6380625638465,-42.42060087439643,-224.19115525659498,-5.777500516309919,-12.96961739527065,-46.8578572593279,-3.700708169380974,13.914638123389551,4.540158199337526,-15.967840771494366,-5.241887157779187,-9.222682354686473,-15.678322130613914
EC-Earth-Consortium,EC-Earth3-Veg-LR,r1i1p1f1,gr,historical,1969-04,1969,4,154.2653656998355,208.69546618307797,-108.22287331554901,-257.6232065382836,-5.499319121094845,-14.013385120921633,-22.39795221293566,165.54918549462982,193.94768773026806,-121.36911048471737,-244.71414659154436,-3.5592308420521506,-11.316720965746057,-21.462335659162093,-11.283819794794312,14.74777845280991,13.146237169168359,-12.909059946739262,-1.9400882790426945,-2.6966641551755757,-0.935616553773567
EC-Earth-Consortium,EC-Earth3-Veg-LR,r1i1p1f1,gr,historical,1969-05,1969,5,264.8956569729879,231.8636189734539,-178.1689500164472,-284.0836234034674,-2.156801386741073,-12.753728443475277,19.596172696310845,275.6543792863859,224.5590747925627,-196.4506719906339,-277.14177299595417,-1.8042443237938772,-10.700238938634309,14.116525829932366,-10.758722313397982,7.304544180891185,18.281721974186695,-6.941850407513243,-0.3525570629471959,-2.053489504840968,5.479646866378479
EC-Earth-Consortium,EC-Earth3-Veg-LR,r1i1p1f1,gr,historical,1969-06,1969,6,274.7911549162188,276.9786451882332,-156.84441879748638,-313.7180887763101,-1.0739914801991581,-12.45511784381692,67.67818320663946,296.31824615671405,264.6805788578032,-184.2618748228265,-305.99544242897827,-1.3256800948089977,-11.303420968742303,58.11240669916117,-21.52709124049528,12.298066330430004,27.41745602534013,-7.722646347331818,0.2516886146098396,-1.1516968750746166,9.56577650747829
EC-Earth-Consortium,EC-Earth3-Veg-LR,r1i1p1f1,gr,historical,1969-07,1969,7,207.95479120712534,299.3476576968412,-75.39918758734527,-327.036081518963,-1.043075465710946,-13.204035489802873,90.62006884214449,225.98526739919413,289.5888849412498,-106.74472434052524,-319.32788691162557,-0.19383547240358012,-10.584539231081097,78.72316638480842,-18.03047619206879,9.758772755591451,31.34553675317997,-7.708194607337418,-0.8492399933073659,-2.6194962587217763,11.896902457336068
EC-Earth-Consortium,EC-Earth3-Veg-LR,r1i1p1f1,gr,historical,1969-08,1969,8,133.8377581502461,296.7076214266741,-39.647892641336966,-327.4131876658118,-1.7630065833900843,-14.366572645301618,47.35472004107974,143.965143639584,285.514983779784,-56.61969220867284,-317.4160441353086,-0.736401837272086,-11.828037470306784,42.8799517678077,-10.127385489337911,11.192637646890091,16.97179956733587,-9.997143530503195,-1.0266047461179983,-2.538535174994834,4.474768273272041
EC-Earth-Consortium,EC-Earth3-Veg-LR,r1i1p1f1,gr,historical,1969-09,1969,9,66.47833229585261,270.9937773368413,-20.48529490482275,-311.0631831735941,-3.3219659301617237,-16.870156257403455,-14.268490633288128,72.23187531070974,254.64399326285204,-29.49217390513061,-295.7570914889987,-3.0077420278618163,-14.867742559467041,-16.248881407896377,-5.753543014857129,16.34978407398924,9.006879000307858,-15.306091684595401,-0.3142239022999074,-2.0024136979364133,1.9803907746082494
EC-Earth-Consortium,EC-Earth3-Veg-LR,r1i1p1f1,gr,historical,1969-10,1969,10,20.571403681652818,234.40801606951624,-6.2614292068739,-282.0518240363503,-12.151966841750022,-24.27012097806595,-69.75592131187113,21.17782998279387,219.68910623165684,-9.062038234793288,-263.59941570919926,-7.415014525185129,-17.082779513843093,-56.292311768570094,-0.6064263011410524,14.7189098378594,2.8006090279193883,-18.452408327151034,-4.736952316564893,-7.1873414642228575,-13.46360954330104
EC-Earth-Consortium,EC-Earth3-Veg-LR,r1i1p1f1,gr,historical,1969-11,1969,11,3.480592290309425,213.13785614735082,-1.0231678604442764,-261.7838928232633,-13.253274321729949,-24.615555483803735,-84.05744205158099,3.573632890038961,193.44910051493784,-1.4677800076550447,-237.86279579461424,-8.81039866871152,-15.933404947758362,-67.05164601376235,-0.09304059972953604,19.688755632412978,0.44461214721076825,-23.92109702864903,-4.4428756530184295,-8.682150536045373,-17.00579603781864
EC-Earth-Consortium,EC-Earth3-Veg-LR,r1i1p1f1,gr,historical,1969-12,1969,12,0.7919240239409838,192.16733681570065,-0.3425464485251849,-238.14643614166218,-10.58449051800698,-17.691262161869915,-73.8054744304226,0.8443239133056458,179.53984894273685,-0.40726912356645945,-223.33948846597266,-7.907125970966346,-14.520666974641335,-65.79037767910431,-0.052399889364662,12.627487872963798,0.06472267504127455,-14.806947675689514,-2.677364547040634,-3.17059518722858,-8.015096751318296
EC-Earth-Consortium,EC-Earth3-Veg-LR,r1i1p1f1,gr,historical,1970-01,1970,1,1.8875117230610163,184.67228945128514,-1.030863231978521,-228.73621133775194,-6.366907254614847,-15.095325975684846,-64.669506625684,1.9670428406081912,174.6451682692201,-1.1134382139788777,-217.91294889189962,-7.277542063475359,-14.28956539960937,-63.98128345913492,-0.0795311175471749,10.02712118206503,0.08257498200035673,-10.823262445852322,0.9106348088605118,-0.8057605760754765,-0.6882231665490721
EC-Earth-Consortium,EC-Earth3-Veg-LR,r1i1p1f1,gr,historical,1970-02,1970,2,11.579343783557553,188.780241093461,-7.246832721025492,-234.64379435929825,-9.763026446846716,-20.5980402363528,-71.8921088865047,12.445773582853347,174.25857569933385,-8.050053493794298,-217.59834553205962,-6.931894885320205,-14.11158454395435,-59.98752917294128,-0.8664297992957941,14.521665394127155,0.8032207727688059,-17.04544882723863,-2.8311315615265107,-6.486455692398451,-11.904579713563422
EC-Earth-Consortium,EC-Earth3-Veg-LR,r1i1p1f1,gr,historical,1970-03,1970,3,56.58145242700073,191.81376265743802,-37.78792102518013,-239.48642798695425,-5.504415451259898,-17.141833381763345,-51.525382760718884,59.86295421939759,178.6380625638465,-42.42060087439643,-224.19115525659498,-5.777500516309919,-12.96961739527065,-46.8578572593279,-3.2815017923968597,13.17570009359153,4.632679849216295,-15.295272730359272,0.2730850650500214,-4.172215986492695,-4.667525501390983
EC-Earth-Consortium,EC-Earth3-Veg-LR,r1i1p1f1,gr,historical,1970-04,1970,4,160.0951419737718,195.59004071340408,-112.55631676682756,-250.2522120142049,-8.138855133458586,-17.99356408000487,-33.25576530732004,165.54918549462982,193.94768773026806,-121.36911048471737,-244.71414659154436,-3.5592308420521506,-11.316720965746057,-21.462335659162093,-5.454043520858022,1.6423529831360213,8.812793717889804,-5.538065422660537,-4.579624291406436,-6.676843114258812,-11.793429648157947
EC-Earth-Consortium,EC-Earth3-Veg-LR,r1i1p1f1,gr,historical,1970-05,1970,5,261.94490081181493,235.79672508028406,-176.32634219817143,-286.87573140784514,-2.306320295728128,-13.232037956702873,19.001194033651423,275.6543792863859,224.5590747925627,-196.4506719906339,-277.14177299595417,-1.8042443237938772,-10.700238938634309,14.116525829932366,-13.709478474570972,11.237650287721351,20.124329792462476,-9.733958411890967,-0.5020759719342509,-2.5317990180685648,4.884668203719057
EC-Earth-Consortium,EC-Earth3-Veg-LR,r1i1p1f1,gr,historical,1970-06,1970,6,280.37215553861023,275.3671910698604,-153.0445933203468,-314.1187056137329,-1.014546265770574,-11.160060816912788,76.4014405917076,296.31824615671405,264.6805788578032,-184.2618748228265,-305.99544242897827,-1.3256800948089977,-11.303420968742303,58.11240669916117,-15.946090618103824,10.686612212057184,31.21728150247972,-8.123263184754649,0.3111338290384238,0.14336015182951556,18.289033892546428
EC-Earth-Consortium,EC-Earth3-Veg-LR,r1i1p1f1,gr,historical,1970-07,1970,7,212.21622261151234,298.48941574895605,-79.65154387147429,-327.05454445448123,0.43875670517858884,-10.41116346101229,94.02714327867912,225.98526739919413,289.5888849412498,-106.74472434052524,-319.32788691162557,-0.19383547240358012,-10.584539231081097,78.72316638480842,-13.769044787681793,8.900530807706275,27.09318046905095,-7.726657542855662,0.632592177582169,0.173375770068807,15.303976893870697
EC-Earth-Consortium,EC-Earth3-Veg-LR,r1i1p1f1,gr,historical,1970-08,1970,8,137.74758320936076,293.6546591315228,-43.74466599935963,-326.1024194956275,-2.2386981887361657,-15.274256673137344,44.04220198402291,143.965143639584,285.514983779784,-56.61969220867284,-317.4160441353086,-0.736401837272086,-11.828037470306784,42.8799517678077,-6.217560430223244,8.139675351738788,12.875026209313205,-8.686375360318891,-1.5022963514640797,-3.4462192028305605,1.162250216215213
EC-Earth-Consortium,EC-Earth3-Veg-LR,r1i1p1f1,gr,historical,1970-09,1970,9,68.47734251438432,268.32315351985517,-20.853240614138898,-309.400591522021,-5.598877452307506,-19.351171649380216,-18.40338520360812,72.23187531070974,254.64399326285204,-29.49217390513061,-295.7570914889987,-3.0077420278618163,-14.867742559467041,-16.248881407896377,-3.754532796325421,13.679160257003133,8.638933290991712,-13.643500033022292,-2.5911354244456897,-4.483429089913175,-2.1545037957117437
EC-Earth-Consortium,EC-Earth3-Veg-LR,r1i1p1f1,gr,historical,1970-10,1970,10,20.766484583816087,233.91386719104474,-6.899892144938552,-279.978502135857,-7.8448963594954595,-20.868161125401038,-60.91109999083122,21.17782998279387,219.68910623165684,-9.062038234793288,-263.59941570919926,-7.415014525185129,-17.082779513843093,-56.292311768570094,-0.4113453989777831,14.224760959387908,2.162146089854736,-16.37908642665775,-0.4298818343103301,-3.785381611557945,-4.618788222261124
EC-Earth-Consortium,EC-Earth3-Veg-LR,r1i1p1f1,gr,historical,1970-11,1970,11,3.349546923985138,211.0991592987962,-1.0742769601885418,-255.5611567202452,-5.054518336566466,-16.97342099763808,-64.21466679185696,3.573632890038961,193.44910051493784,-1.4677800076550447,-237.86279579461424,-8.81039866871152,-15.933404947758362,-67.05164601376235,-0.22408596605382325,17.650058783858356,0.3935030474665029,-17.698360925630965,3.755880332145053,-1.0400160498797177,2.836979221905395
EC-Earth-Consortium,EC-Earth3-Veg-LR,r1i1p1f1,gr,historical,1970-12,1970,12,0.7569921826275701,192.45497715818922,-0.3057186761519183,-240.9897896841175,-17.307007870277367,-26.386188646928805,-91.77673553665882,0.8443239133056458,179.53984894273685,-0.40726912356645945,-223.33948846597266,-7.907125970966346,-14.520666974641335,-65.79037767910431,-0.08733173067807576,12.91512821545237,0.10155044741454117,-17.650301218144847,-9.399881899311021,-11.86552167228747,-25.98635785755451
EC-Earth-Consortium,EC-Earth3-Veg-LR,r1i1p1f1,gr,historical,1971-01,1971,1,1.7997378866652427,186.41457868824278,-0.8476940964405932,-230.54223390670163,-12.46398793312291,-21.517739241308647,-77.15733860266575,1.9670428406081912,174.6451682692201,-1.1134382139788777,-217.91294889189962,-7.277542063475359,-14.28956539960937,-63.98128345913492,-0.16730495394294853,11.769410419022677,0.2657441175382844,-12.629285014802008,-5.186445869647551,-7.228173841699277,-13.176055143530824
EC-Earth-Consortium,EC-Earth3-Veg-LR,r1i1p1f1,gr,historical,1971-02,1971,2,11.958738594435157,178.33330501575924,-6.811856508337961,-226.12120180961884,-10.94023721560857,-19.76855429481234,-73.34980621818333,12.445773582853347,174.25857569933385,-8.050053493794298,-217.59834553205962,-6.931894885320205,-14.11158454395435,-59.98752917294128,-0.4870349884181895,4.07472931642539,1.2381969854563373,-8.522856277559214,-4.008342330288365,-5.656969750857989,-13.362277045242053
EC-Earth-Consortium,EC-Earth3-Veg-LR,r1i1p1f1,gr,historical,1971-03,1971,3,57.10254418067625,182.9131245006517,-37.54842841292382,-230.75771208400482,-9.870251183810817,-18.46100285881567,-56.621725858227165,59.86295421939759,178.6380625638465,-42.42060087439643,-224.19115525659498,-5.777500516309919,-12.96961739527065,-46.8578572593279,-2.7604100387213393,4.275061936805201,4.8721724614726085,-6.5665568274098405,-4.092750667500898,-5.491385463545022,-9.763868598899265
EC-Earth-Consortium,EC-Earth3-Veg-LR,r1i1p1f1,gr,historical,1971-04,1971,4,155.90911931942745,201.28363093132052,-108.54786131272556,-250.31409401252142,-3.096607633732277,-13.101421124032708,-17.867233832264002,165.54918549462982,193.94768773026806,-121.36911048471737,-244.71414659154436,-3.5592308420521506,-11.316720965746057,-21.462335659162093,-9.640066175202378,7.335943201052459,12.82124917199181,-5.59994742097706,0.4626232083198736,-1.7847001582866504,3.595101826898091
EC-Earth-Consortium,EC-Earth3-Veg-LR,r1i1p1f1,gr,historical,1971-05,1971,5,263.5419874291614,234.87461632621483,-175.9557165593965,-287.0999175751909,-1.7897587872835106,-12.719119815713071,20.852091017792226,275.6543792863859,224.5590747925627,-196.4506719906339,-277.14177299595417,-1.8042443237938772,-10.700238938634309,14.116525829932366,-12.112391857224509,10.315541533652123,20.4949554312374,-9.958144579236716,0.014485536510366659,-2.0188808770787627,6.73556518785986
EC-Earth-Consortium,EC-Earth3-Veg-LR,r1i1p1f1,gr,historical,1971-06,1971,6,286.09320320166995,269.8089374337195,-162.90169393398133,-311.6863394047118,-2.7450906652947054,-13.969117809826079,64.59989882157558,296.31824615671405,264.6805788578032,-184.2618748228265,-305.99544242897827,-1.3256800948089977,-11.303420968742303,58.11240669916117,-10.225042955044103,5.128358575916309,21.36018088884518,-5.690896975733551,-1.4194105704857076,-2.6656968410837756,6.487492122414409
EC-Earth-Consortium,EC-Earth3-Veg-LR,r1i1p1f1,gr,historical,1971-07,1971,7,216.83338838878632,296.2913828523296,-90.36441058177219,-325.89605287587204,-0.7381554212554853,-12.013226334443344,84.11292602777287,225.98526739919413,289.5888849412498,-106.74472434052524,-319.32788691162557,-0.19383547240358012,-10.584539231081097,78.72316638480842,-9.15187901040781,6.702497911079831,16.380313758753047,-6.568165964246475,-0.5443199488519052,-1.4286871033622468,5.389759642964449
EC-Earth-Consortium,EC-Earth3-Veg-LR,r1i1p1f1,gr,historical,1971-08,1971,8,138.87703958815612,294.5647055882056,-44.37703550938903,-327.16383535675885,-1.2178956887983776,-14.052862221407512,46.63011640000791,143.965143639584,285.514983779784,-56.61969220867284,-317.4160441353086,-0.736401837272086,-11.828037470306784,42.8799517678077,-5.088104051427877,9.049721808421566,12.242656699283806,-9.747791221450257,-0.48149385152629165,-2.224824751100728,3.7501646322002102
EC-Earth-Consortium,EC-Earth3-Veg-LR,r1i1p1f1,gr,historical,1971-09,1971,9,71.35142407414831,263.71093421099994,-24.81274727815273,-307.2847566103918,-4.2097627707096015,-19.504946632228933,-20.749855006334837,72.23187531070974,254.64399326285204,-29.49217390513061,-295.7570914889987,-3.0077420278618163,-14.867742559467041,-16.248881407896377,-0.8804512365614272,9.066940948147902,4.679426626977879,-11.527665121393113,-1.2020207428477852,-4.637204072761891,-4.50097359843846
EC-Earth-Consortium,EC-Earth3-Veg-LR,r1i1p1f1,gr,historical,1971-10,1971,10,20.202272179992313,233.83561099371406,-6.592184241760041,-280.2269318257237,-8.051073312512223,-21.518335826366297,-62.35064203265586,21.17782998279387,219.68910623165684,-9.062038234793288,-263.59941570919926,-7.415014525185129,-17.082779513843093,-56.292311768570094,-0.975557802801557,14.14650476205722,2.4698539930332473,-16.62751611652442,-0.6360587873270935,-4.435556312523204,-6.058330264085768
EC-Earth-Consortium,EC-Earth3-Veg-LR,r1i1p1f1,gr,historical,1971-11,1971,11,3.50539503020693,203.0910288828936,-1.0247488876968571,-251.34949874546766,-13.037080629182116,-22.653540800093403,-81.46844514933952,3.573632890038961,193.44910051493784,-1.4677800076550447,-237.86279579461424,-8.81039866871152,-15.933404947758362,-67.05164601376235,-0.06823785983203123,9.641928367955757,0.44303111995818756,-13.486702950853413,-4.2266819604705965,-6.720135852335041,-14.416799135577165
EC-Earth-Consortium,EC-Earth3-Veg-LR,r1i1p1f1,gr,historical,1971-12,1971,12,0.7434787451341224,200.25393200878918,-0.2813844611792937,-246.8284854301647,-12.469386075874933,-23.31939260737338,-81.90123782066902,0.8443239133056458,179.53984894273685,-0.40726912356645945,-223.33948846597266,-7.907125970966346,-14.520666974641335,-65.79037767910431,-0.10084516817152345,20.714083066052325,0.12588466238716572,-23.48899696419204,-4.562260104908587,-8.798725632732046,-16.110860141564714
EC-Earth-Consortium,EC-Earth3-Veg-LR,r1i1p1f1,gr,historical,1972-01,1972,1,1.8483061950277264,198.66478225350798,-0.7529154421633815,-244.56381421686655,-14.014510790616447,-24.16460064103369,-82.98275264214436,1.9670428406081912,174.6451682692201,-1.1134382139788777,-217.91294889189962,-7.277542063475359,-14.28956539960937,-63.98128345913492,-0.11873664558046482,24.019613984287872,0.3605227718154962,-26.65086532496693,-6.736968727141088,-9.875035241424321,-19.00146918300944
EC-Earth-Consortium,EC-Earth3-Veg-LR,r1i1p1f1,gr,historical,1972-02,1972,2,12.163239419241865,186.66670963747512,-6.842640347339224,-233.28476551448807,-13.891034021146337,-21.903831974716947,-77.09232280097359,12.445773582853347,174.25857569933385,-8.050053493794298,-217.59834553205962,-6.931894885320205,-14.11158454395435,-59.98752917294128,-0.28253416361148176,12.408133938141276,1.2074131464550737,-15.686419982428447,-6.959139135826132,-7.792247430762597,-17.10479362803231
EC-Earth-Consortium,EC-Earth3-Veg-LR,r1i1p1f1,gr,historical,1972-03,1972,3,57.16398622914092,192.45530428547738,-37.80031328935571,-237.62859715520847,-8.090779542306649,-17.089225596798702,-50.98962506905123,59.86295421939759,178.6380625638465,-42.42060087439643,-224.19115525659498,-5.777500516309919,-12.96961739527065,-46.8578572593279,-2.6989679902566692,13.817241721630893,4.620287585040721,-13.437441898613486,-2.3132790259967297,-4.119608201528052,-4.131767809723328
EC-Earth-Consortium,EC-Earth3-Veg-LR,r1i1p1f1,gr,historical,1972-04,1972,4,161.4481061225217,205.38587079039613,-112.15797604585586,-256.4442163159867,-6.013471929658911,-14.809373693192185,-22.591061071775833,165.54918549462982,193.94768773026806,-121.36911048471737,-244.71414659154436,-3.5592308420521506,-11.316720965746057,-21.462335659162093,-4.101079372108131,11.438183060128068,9.211134438861507,-11.73006972444233,-2.45424108760676,-3.492652727446128,-1.1287254126137398
EC-Earth-Consortium,EC-Earth3-Veg-LR,r1i1p1f1,gr,historical,1972-05,1972,5,268.6047117759867,230.6182835287355,-182.4247071073482,-281.9821122129597,-2.3788148686966624,-10.997399267478846,21.439961848238745,275.6543792863859,224.5590747925627,-196.4506719906339,-277.14177299595417,-1.8042443237938772,-10.700238938634309,14.116525829932366,-7.0496675103992175,6.059208736172792,14.025964883285695,-4.840339217005521,-0.5745705449027851,-0.29716032884453725,7.32343601830638
EC-Earth-Consortium,EC-Earth3-Veg-LR,r1i1p1f1,gr,historical,1972-06,1972,6,284.9437291813899,271.2022855298819,-166.5151525992212,-311.71815537846663,-2.265451375785465,-13.815196747130392,61.83205861066815,296.31824615671405,264.6805788578032,-184.2618748228265,-305.99544242897827,-1.3256800948089977,-11.303420968742303,58.11240669916117,-11.374516975324127,6.521706672078722,17.746722223605303,-5.722712949488368,-0.9397712809764673,-2.5117757783880883,3.719651911506979
EC-Earth-Consortium,EC-Earth3-Veg-LR,r1i1p1f1,gr,historical,1972-07,1972,7,215.23369656115764,297.11366473926194,-88.20655090940214,-325.6143134926395,0.3104907814556539,-10.832632885729684,88.00435479410393,225.98526739919413,289.5888849412498,-106.74472434052524,-319.32788691162557,-0.19383547240358012,-10.584539231081097,78.72316638480842,-10.751570838036486,7.524779798012162,18.5381734311231,-6.286426581013927,0.504326253859234,-0.2480936546485868,9.28118840929551
EC-Earth-Consortium,EC-Earth3-Veg-LR,r1i1p1f1,gr,historical,1972-08,1972,8,136.9596821679753,293.07045630658547,-44.12682116279283,-325.2034253079426,-1.5830109728530473,-14.141296974984126,44.975584055988136,143.965143639584,285.514983779784,-56.61969220867284,-317.4160441353086,-0.736401837272086,-11.828037470306784,42.8799517678077,-7.005461471608697,7.555472526801452,12.492871045880008,-7.787381172634014,-0.8466091355809613,-2.313259504677342,2.0956322881804397
EC-Earth-Consortium,EC-Earth3-Veg-LR,r1i1p1f1,gr,historical,1972-09,1972,9,67.31096479589654,261.5697460217691,-22.755874539296034,-304.70359330186477,-6.064746711303609,-19.28138066433762,-23.924884399136374,72.23187531070974,254.64399326285204,-29.49217390513061,-295.7570914889987,-3.0077420278618163,-14.867742559467041,-16.248881407896377,-4.920910514813201,6.925752758917071,6.736299365834576,-8.946501812866074,-3.057004683441793,-4.41363810487058,-7.676002991239997
EC-Earth-Consortium,EC-Earth3-Veg-LR,r1i1p1f1,gr,historical,1972-10,1972,10,19.111765761552036,235.94515387782664,-6.208050045398045,-278.13891368869173,-6.38067132715075,-16.84899342964404,-52.51970885150587,21.17782998279387,219.68910623165684,-9.062038234793288,-263.59941570919926,-7.415014525185129,-17.082779513843093,-56.292311768570094,-2.0660642212418345,16.256047646169804,2.853988189395243,-14.539497979492467,1.0343431980343798,0.23378608419905333,3.7726029170642263
EC-Earth-Consortium,EC-Earth3-Veg-LR,r1i1p1f1,gr,historical,1972-11,1972,11,3.1115545136864498,202.50962206632335,-0.9121045785102321,-250.27763701629203,-15.140081140871795,-24.017527020025177,-84.72617317568942,3.573632890038961,193.44910051493784,-1.4677800076550447,-237.86279579461424,-8.81039866871152,-15.933404947758362,-67.05164601376235,-0.46207837635251137,9.060521551385506,0.5556754291448126,-12.41484122167779,-6.329682472160275,-8.084122072266815,-17.674527161927074
EC-Earth-Consortium,EC-Earth3-Veg-LR,r1i1p1f1,gr,historical,1972-12,1972,12,0.7571681655066047,180.37757730579384,-0.3003113781914333,-229.58112441407832,-20.04108240552094,-26.307448720785864,-95.09522144727609,0.8443239133056458,179.53984894273685,-0.40726912356645945,-223.33948846597266,-7.907125970966346,-14.520666974641335,-65.79037767910431,-0.08715574779904112,0.8377283630569821,0.10695774537502617,-6.241635948105653,-12.133956434554593,-11.786781746144529,-29.30484376817178
EC-Earth-Consortium,EC-Earth3-Veg-LR,r1i1p1f1,gr,historical,1973-01,1973,1,1.921936629560069,180.53000730671496,-1.0259322929212638,-225.40425813310483,-14.731719459646492,-20.733470181096166,-79.44343613049372,1.9670428406081912,174.6451682692201,-1.1134382139788777,-217.91294889189962,-7.277542063475359,-14.28956539960937,-63.98128345913492,-0.04510621104812218,5.8848390374948565,0.0875059210576139,-7.491309241205215,-7.454177396171133,-6.443904781486797,-15.462152671358801
EC-Earth-Consortium,EC-Earth3-Veg-LR,r1i1p1f1,gr,historical,1973-02,1973,2,11.717363946498207,188.2313691654532,-7.135166489783063,-232.6015222169459,-0.39955613672480506,-13.929695338342158,-54.11720706984453,12.445773582853347,174.25857569933385,-8.050053493794298,-217.59834553205962,-6.931894885320205,-14.11158454395435,-59.98752917294128,-0.7284096363551402,13.972793466119356,0.9148870040112351,-15.003176684886284,6.5323387485954,0.18188920561219213,5.870322103096747
EC-Earth-Consortium,EC-Earth3-Veg-LR,r1i1p1f1,gr,historical,1973-03,1973,3,56.37857018480791,190.80754602267734,-37.8431345700449,-235.89566348145706,-5.41921965593925,-15.644225925316691,-47.61612742527263,59.86295421939759,178.6380625638465,-42.42060087439643,-224.19115525659498,-5.777500516309919,-12.96961739527065,-46.8578572593279,-3.4843840345896737,12.169483458830854,4.577466304351525,-11.704508224862082,0.35828086037066953,-2.674608530046042,-0.7582701659447295
EC-Earth-Consortium,EC-Earth3-Veg-LR,r1i1p1f1,gr,historical,1973-04,1973,4,159.00510826549865,201.49214133398743,-111.6513327672908,-252.8750909962879,-3.0951138616337435,-13.509947272611468,-20.63423529833785,165.54918549462982,193.94768773026806,-121.36911048471737,-244.71414659154436,-3.5592308420521506,-11.316720965746057,-21.462335659162093,-6.544077229131176,7.544453603719376,9.717777717426571,-8.160944404743532,0.4641169804184071,-2.1932263068654105,0.8281003608242443
EC-Earth-Consortium,EC-Earth3-Veg-LR,r1i1p1f1,gr,historical,1973-05,1973,5,268.50399093460584,227.97320631171092,-180.8975875988844,-283.1314697249828,-4.0435479467026605,-14.782665480275199,13.621926495471712,275.6543792863859,224.5590747925627,-196.4506719906339,-277.14177299595417,-1.8042443237938772,-10.700238938634309,14.116525829932366,-7.150388351780066,3.4141315191482136,15.553084391749508,-5.989696729028651,-2.2393036229087833,-4.08242654164089,-0.49459933446065385
EC-Earth-Consortium,EC-Earth3-Veg-LR,r1i1p1f1,gr,historical,1973-06,1973,6,278.1186034827242,274.70706010615896,-155.98962913188362,-312.9209997233664,0.3691180210090167,-10.580615589612698,73.70353716502947,296.31824615671405,264.6805788578032,-184.2618748228265,-305.99544242897827,-1.3256800948089977,-11.303420968742303,58.11240669916117,-18.199642673989842,10.026481248355765,28.272245690942896,-6.925557294388113,1.6947981158180143,0.7228053791296052,15.591130465868304
EC-Earth-Consortium,EC-Earth3-Veg-LR,r1i1p1f1,gr,historical,1973-07,1973,7,210.68694946315233,296.73140548102936,-76.95233753582367,-326.0671065646831,0.8392409972146785,-12.468765695327003,92.76938614556258,225.98526739919413,289.5888849412498,-106.74472434052524,-319.32788691162557,-0.19383547240358012,-10.584539231081097,78.72316638480842,-15.298317936041798,7.142520539779582,29.792386804701565,-6.739219653057546,1.0330764696182586,-1.8842264642459057,14.046219760754155
EC-Earth-Consortium,EC-Earth3-Veg-LR,r1i1p1f1,gr,historical,1973-08,1973,8,135.7522662187316,295.2690744712415,-41.751223620287064,-326.17027266885714,-0.39483906404600994,-13.69677860597683,49.00822673080599,143.965143639584,285.514983779784,-56.61969220867284,-317.4160441353086,-0.736401837272086,-11.828037470306784,42.8799517678077,-8.212877420852408,9.754090691457463,14.868468588385774,-8.754228533548542,0.34156277322607603,-1.8687411356700458,6.12827496299829
EC-Earth-Consortium,EC-Earth3-Veg-LR,r1i1p1f1,gr,historical,1973-09,1973,9,71.24195950817023,266.2383262035512,-24.144018482992564,-309.0766265246897,-4.577118509295362,-18.88737476025769,-19.204852565513896,72.23187531070974,254.64399326285204,-29.49217390513061,-295.7570914889987,-3.0077420278618163,-14.867742559467041,-16.248881407896377,-0.9899158025395138,11.59433294069916,5.348155422138046,-13.31953503569099,-1.5693764814335456,-4.019632200790648,-2.955971157617519
EC-Earth-Consortium,EC-Earth3-Veg-LR,r1i1p1f1,gr,historical,1973-10,1973,10,20.41482463650935,233.7971108928376,-7.3930543255928445,-279.4786434214802,-8.707632170856199,-22.245394174632516,-63.612788563214814,21.17782998279387,219.68910623165684,-9.062038234793288,-263.59941570919926,-7.415014525185129,-17.082779513843093,-56.292311768570094,-0.763005346284519,14.108004661180757,1.6689839092004437,-15.879227712280908,-1.2926176456710694,-5.162614660789423,-7.320476794644719
EC-Earth-Consortium,EC-Earth3-Veg-LR,r1i1p1f1,gr,historical,1973-11,1973,11,3.3753638781151443,210.55606986624943,-1.1985953575648802,-255.970537359794,-10.409337544396097,-20.557310140666818,-74.20434665805722,3.573632890038961,193.44910051493784,-1.4677800076550447,-237.86279579461424,-8.81039866871152,-15.933404947758362,-67.05164601376235,-0.19826901192381685,17.10696935131159,0.26918465009016446,-18.107741565179765,-1.5989388756845777,-4.623905192908456,-7.1527006442948675
EC-Earth-Consortium,EC-Earth3-Veg-LR,r1i1p1f1,gr,historical,1973-12,1973,12,0.8176417471122918,178.71973620845495,-0.4022557970077775,-229.38592807826166,-20.795087647150442,-26.403585055700987,-97.4494786225536,0.8443239133056458,179.53984894273685,-0.40726912356645945,-223.33948846597266,-7.907125970966346,-14.520666974641335,-65.79037767910431,-0.026682166193354062,-0.8201127342819063,0.005013326558681919,-6.046439612288992,-12.887961676184096,-11.882918081059652,-31.65910094344929
EC-Earth-Consortium,EC-Earth3-Veg-LR,r1i1p1f1,gr,historical,1974-01,1974,1,1.9271519886516557,190.5660724153892,-1.0527929223736037,-236.92509029906043,-12.353550908895938,-23.14923248642598,-80.98744221271514,1.9670428406081912,174.6451682692201,-1.1134382139788777,-217.91294889189962,-7.277542063475359,-14.28956539960937,-63.98128345913492,-0.03989085195653552,15.920904146169079,0.06064529160527399,-19.01214140716081,-5.07600884542058,-8.85966708681661,-17.006158753580216
EC-Earth-Consortium,EC-Earth3-Veg-LR,r1i1p1f1,gr,historical,1974-02,1974,2,11.671045957610287,186.65315661322808,-6.835177598658677,-233.3702866119945,-14.33010369078748,-23.59570260581541,-79.8070679364177,12.445773582853347,174.25857569933385,-8.050053493794298,-217.59834553205962,-6.931894885320205,-14.11158454395435,-59.98752917294128,-0.7747276252430595,12.394580913894231,1.2148758951356209,-15.771941079934862,-7.3982088054672746,-9.48411806186106,-19.819538763476416
EC-Earth-Consortium,EC-Earth3-Veg-LR,r1i1p1f1,gr,historical,1974-03,1974,3,57.032351706229214,189.37662341887932,-36.824159497538496,-239.7180493646711,-11.83716110467381,-21.568051497764277,-63.538446339539135,59.86295421939759,178.6380625638465,-42.42060087439643,-224.19115525659498,-5.777500516309919,-12.96961739527065,-46.8578572593279,-2.8306025131683725,10.73856085503283,5.596441376857932,-15.526894108076107,-6.05966058836389,-8.598434102493627,-16.680589080211234
EC-Earth-Consortium,EC-Earth3-Veg-LR,r1i1p1f1,gr,historical,1974-04,1974,4,154.7867606728787,210.67798452037138,-104.91398792564573,-260.7871069490722,-5.143547704354144,-15.582603018738062,-20.962500404560064,165.54918549462982,193.94768773026806,-121.36911048471737,-244.71414659154436,-3.5592308420521506,-11.316720965746057,-21.462335659162093,-10.762424821751125,16.730296790103324,16.45512255907164,-16.072960357527847,-1.5843168623019932,-4.265882052992005,0.49983525460202927
EC-Earth-Consortium,EC-Earth3-Veg-LR,r1i1p1f1,gr,historical,1974-05,1974,5,262.51384266237676,233.32878997984773,-170.4465341097198,-286.34416247084005,-3.0739684786670485,-14.04728627288131,21.93068131011625,275.6543792863859,224.5590747925627,-196.4506719906339,-277.14177299595417,-1.8042443237938772,-10.700238938634309,14.116525829932366,-13.140536624009144,8.769715187285016,26.0041378809141,-9.202389474885877,-1.2697241548731713,-3.3470473342470015,7.814155480183883
EC-Earth-Consortium,EC-Earth3-Veg-LR,r1i1p1f1,gr,historical,1974-06,1974,6,275.00389889005487,276.85422812889476,-146.21152372769512,-315.58256030690274,-2.4475211379656368,-14.07800651538105,73.53851533100509,296.31824615671405,264.6805788578032,-184.2618748228265,-305.99544242897827,-1.3256800948089977,-11.303420968742303,58.11240669916117,-21.314347266659183,12.173649271091563,38.05035109513139,-9.58711787792447,-1.121841043156639,-2.774585546638747,15.426108631843917
EC-Earth-Consortium,EC-Earth3-Veg-LR,r1i1p1f1,gr,historical,1974-07,1974,7,216.31987202650708,296.51820599837714,-84.64503675398811,-327.2724237398671,-0.5641499637940458,-12.319269025177169,88.03719854205778,225.98526739919413,289.5888849412498,-106.74472434052524,-319.32788691162557,-0.19383547240358012,-10.584539231081097,78.72316638480842,-9.665395372687044,6.929321057127368,22.09968758653713,-7.944536828241553,-0.3703144913904657,-1.7347297940960722,9.314032157249358
EC-Earth-Consortium,EC-Earth3-Veg-LR,r1i1p1f1,gr,historical,1974-08,1974,8,136.82014279889236,295.2139972469448,-41.3756815320576,-328.06056242368817,-1.979057571920549,-15.742355105861352,44.87648341230951,143.965143639584,285.514983779784,-56.61969220867284,-317.4160441353086,-0.736401837272086,-11.828037470306784,42.8799517678077,-7.145000840691637,9.699013467160796,15.24401067661524,-10.644518288379572,-1.242655734648463,-3.9143176355545677,1.9965316445018146
EC-Earth-Consortium,EC-Earth3-Veg-LR,r1i1p1f1,gr,historical,1974-09,1974,9,69.80762876642795,264.98963034806286,-22.326882993644908,-308.8811979798999,-5.775785867513495,-21.100072525676516,-23.28668025224402,72.23187531070974,254.64399326285204,-29.49217390513061,-295.7570914889987,-3.0077420278618163,-14.867742559467041,-16.248881407896377,-2.424246544281786,10.345637085210825,7.165290911485702,-13.124106490901227,-2.7680438396516784,-6.232329966209475,-7.037798844347645
EC-Earth-Consortium,EC-Earth3-Veg-LR,r1i1p1f1,gr,historical,1974-10,1974,10,20.46147295597636,233.30915030433084,-6.409325432514775,-280.5070191583149,-13.504732003813572,-26.52547935297624,-73.17593268731227,21.17782998279387,219.68910623165684,-9.062038234793288,-263.59941570919926,-7.415014525185129,-17.082779513843093,-56.292311768570094,-0.7163570268175086,13.620044072674006,2.652712802278513,-16.90760344911564,-6.089717478628443,-9.442699839133148,-16.883620918742174
EC-Earth-Consortium,EC-Earth3-Veg-LR,r1i1p1f1,gr,historical,1974-11,1974,11,3.3573090065175184,216.7157607935679,-0.96593586147411,-262.75407894779136,-8.08579931970675,-21.912996014930396,-73.64574034381721,3.573632890038961,193.44910051493784,-1.4677800076550447,-237.86279579461424,-8.81039866871152,-15.933404947758362,-67.05164601376235,-0.21632388352144272,23.26666027863007,0.5018441461809346,-24.891283153177113,0.7245993490047695,-5.979591067172034,-6.594094330054858
EC-Earth-Consortium,EC-Earth3-Veg-LR,r1i1p1f1,gr,historical,1974-12,1974,12,0.7991261458786485,203.28472573610776,-0.32704187562656545,-246.30502453219546,-13.67662430405943,-21.403305521918085,-77.62814435181313,0.8443239133056458,179.53984894273685,-0.40726912356645945,-223.33948846597266,-7.907125970966346,-14.520666974641335,-65.79037767910431,-0.045197767426997326,23.744876793370906,0.080227247939894,-22.965536066222796,-5.769498333093084,-6.88263854727675,-11.837766672708824
EC-Earth-Consortium,EC-Earth3-Veg-LR,r1i1p1f1,gr,historical,1975-01,1975,1,1.8982378470696777,189.5141294943368,-1.020986629088856,-239.272663024232,-7.818694427241972,-23.653316612484627,-80.35329335164099,1.9670428406081912,174.6451682692201,-1.1134382139788777,-217.91294889189962,-7.277542063475359,-14.28956539960937,-63.98128345913492,-0.06880499353851355,14.868961225116692,0.09245158489002159,-21.359714132332385,-0.5411523637666136,-9.363751212875258,-16.372009892506064
EC-Earth-Consortium,EC-Earth3-Veg-LR,r1i1p1f1,gr,historical,1975-02,1975,2,11.720593894350229,193.17306874846827,-7.065620126621485,-236.93897189500055,-11.182347649896975,-22.004625524808706,-72.29790255350923,12.445773582853347,174.25857569933385,-8.050053493794298,-217.59834553205962,-6.931894885320205,-14.11158454395435,-59.98752917294128,-0.7251796885031183,18.91449304913442,0.9844333671728132,-19.340626362940924,-4.25045276457677,-7.893040980854355,-12.310373380567952
EC-Earth-Consortium,EC-Earth3-Veg-LR,r1i1p1f1,gr,historical,1975-03,1975,3,55.89572627409509,189.69830967590272,-36.068653784416476,-238.44175563009998,-9.62155789800008,-19.40592058903591,-57.943851951554635,59.86295421939759,178.6380625638465,-42.42060087439643,-224.19115525659498,-5.777500516309919,-12.96961739527065,-46.8578572593279,-3.967227945302497,11.060247112056231,6.3519470899799515,-14.250600373504994,-3.8440573816901615,-6.436303193765262,-11.085994692226734
EC-Earth-Consortium,EC-Earth3-Veg-LR,r1i1p1f1,gr,historical,1975-04,1975,4,155.48910077093163,202.17275758114008,-103.93838610270869,-256.5960128587081,-12.783235320205026,-22.222358159049975,-37.87813408860009,165.54918549462982,193.94768773026806,-121.36911048471737,-244.71414659154436,-3.5592308420521506,-11.316720965746057,-21.462335659162093,-10.060084723698196,8.225069850872018,17.430724382008677,-11.88186626716373,-9.224004478152876,-10.905637193303917,-16.415798429438
EC-Earth-Consortium,EC-Earth3-Veg-LR,r1i1p1f1,gr,historical,1975-05,1975,5,265.82810707050976,229.8063839444141,-172.532288660376,-286.89245972356304,-4.440607287188536,-16.452999495182844,15.316135848613484,275.6543792863859,224.5590747925627,-196.4506719906339,-277.14177299595417,-1.8042443237938772,-10.700238938634309,14.116525829932366,-9.826272215876145,5.247309151851397,23.91838333025791,-9.750686727608866,-2.636362963394659,-5.752760556548536,1.1996100186811187
EC-Earth-Consortium,EC-Earth3-Veg-LR,r1i1p1f1,gr,historical,1975-06,1975,6,268.86270030692486,279.9960502093966,-142.564728196028,-317.06216276363153,-2.3049042205945542,-15.189167489741104,71.7377878463263,296.31824615671405,264.6805788578032,-184.2618748228265,-305.99544242897827,-1.3256800948089977,-11.303420968742303,58.11240669916117,-27.45554584978919,15.31547135159343,41.697146626798514,-11.066720334653269,-0.9792241257855565,-3.8857465209988007,13.625381147165129
EC-Earth-Consortium,EC-Earth3-Veg-LR,r1i1p1f1,gr,historical,1975-07,1975,7,204.83630889677917,300.06592128160105,-71.47813659975168,-327.45189130389366,1.6797885261197945,-9.523925951849318,98.12806484900538,225.98526739919413,289.5888849412498,-106.74472434052524,-319.32788691162557,-0.19383547240358012,-10.584539231081097,78.72316638480842,-21.148958502414956,10.477036340351276,35.26658774077356,-8.124004392268091,1.8736239985233745,1.060613279231779,19.40489846419696
EC-Earth-Consortium,EC-Earth3-Veg-LR,r1i1p1f1,gr,historical,1975-08,1975,8,134.70905666511115,295.8871511745083,-37.335507016354256,-328.60549793139813,-0.004782832967284521,-14.57897531669876,50.07144474220098,143.965143639584,285.514983779784,-56.61969220867284,-317.4160441353086,-0.736401837272086,-11.828037470306784,42.8799517678077,-9.25608697447285,10.372167394724272,19.28418519231858,-11.189453796089538,0.7316190043048014,-2.7509378463919756,7.1914929743932845
EC-Earth-Consortium,EC-Earth3-Veg-LR,r1i1p1f1,gr,historical,1975-09,1975,9,67.15663762437116,273.254711289357,-20.236370968518703,-314.4054101180054,-4.443006199396739,-21.082462831278402,-19.755901203471126,72.23187531070974,254.64399326285204,-29.49217390513061,-295.7570914889987,-3.0077420278618163,-14.867742559467041,-16.248881407896377,-5.075237686338582,18.61071802650494,9.255802936611907,-18.648318629006724,-1.4352641715349224,-6.214720271811361,-3.507019795574749
EC-Earth-Consortium,EC-Earth3-Veg-LR,r1i1p1f1,gr,historical,1975-10,1975,10,19.565301874161413,234.76141512302596,-6.305800955850324,-281.27337035929196,-9.379928283827791,-21.52742125918402,-64.15980386096673,21.17782998279387,219.68910623165684,-9.062038234793288,-263.59941570919926,-7.415014525185129,-17.082779513843093,-56.292311768570094,-1.612528108632457,15.072308891369119,2.7562372789429643,-17.673954650092696,-1.9649137586426617,-4.4446417453409275,-7.867492092396638
EC-Earth-Consortium,EC-Earth3-Veg-LR,r1i1p1f1,gr,historical,1975-11,1975,11,3.2103213814115654,205.8947899253108,-0.7839329620478559,-256.46619842554145,-18.95260431720583,-26.861924780946797,-93.95954917901956,3.573632890038961,193.44910051493784,-1.4677800076550447,-237.86279579461424,-8.81039866871152,-15.933404947758362,-67.05164601376235,-0.3633115086273957,12.44568941037295,0.6838470456071888,-18.603402630927206,-10.14220564849431,-10.928519833188435,-26.90790316525721
EC-Earth-Consortium,EC-Earth3-Veg-LR,r1i1p1f1,gr,historical,1975-12,1975,12,0.7689152771385527,193.19191281737557,-0.26617484657569,-241.23270128694048,-15.084094783912962,-22.497373773239513,-85.11951659615454,0.8443239133056458,179.53984894273685,-0.40726912356645945,-223.33948846597266,-7.907125970966346,-14.520666974641335,-65.79037767910431,-0.07540863616709315,13.652063874638714,0.14109427699076943,-17.89321282096782,-7.176968812946615,-7.976706798598178,-19.32913891705023
EC-Earth-Consortium,EC-Earth3-Veg-LR,r1i1p1f1,gr,historical,1976-01,1976,1,1.8589515133133026,179.87134834377736,-0.9249916247601797,-230.4513034263727,-20.56075247427702,-27.08660335605822,-97.29335102437744,1.9670428406081912,174.6451682692201,-1.1134382139788777,-217.91294889189962,-7.277542063475359,-14.28956539960937,-63.98128345913492,-0.10809132729488868,5.226180074557249,0.18844658921869795,-12.538354534473086,-13.283210410801662,-12.79703795644885,-33.31206756524252
EC-Earth-Consortium,EC-Earth3-Veg-LR,r1i1p1f1,gr,historical,1976-02,1976,2,11.699285556255195,198.4511148247439,-6.588177520425863,-242.1860260448494,-6.06714130364364,-19.162232216995356,-63.853176704915136,12.445773582853347,174.25857569933385,-8.050053493794298,-217.59834553205962,-6.931894885320205,-14.11158454395435,-59.98752917294128,-0.7464880265981524,24.192539125410065,1.4618759733684348,-24.587680512789774,0.864753581676565,-5.050647673041006,-3.865647531973856
EC-Earth-Consortium,EC-Earth3-Veg-LR,r1i1p1f1,gr,historical,1976-03,1976,3,58.19990328340316,193.0694725083132,-37.61521663315382,-240.69394703509514,-9.180614760709258,-19.300931049903813,-55.521333687145656,59.86295421939759,178.6380625638465,-42.42060087439643,-224.19115525659498,-5.777500516309919,-12.96961739527065,-46.8578572593279,-1.663050935994427,14.431409944466708,4.805384241242606,-16.502791778500153,-3.4031142443993385,-6.331313654633163,-8.663476427817756
EC-Earth-Consortium,EC-Earth3-Veg-LR,r1i1p1f1,gr,historical,1976-04,1976,4,160.8538252107731,205.33785825061847,-108.86866532266919,-259.531621240059,-7.995552348470083,-18.116030933597134,-28.320186383403836,165.54918549462982,193.94768773026806,-121.36911048471737,-244.71414659154436,-3.5592308420521506,-11.316720965746057,-21.462335659162093,-4.695360283856729,11.39017052035041,12.50044516204818,-14.817474648514633,-4.436321506417933,-6.799309967851077,-6.857850724241743
EC-Earth-Consortium,EC-Earth3-Veg-LR,r1i1p1f1,gr,historical,1976-05,1976,5,263.0299750254996,237.52204893360488,-171.86628314147677,-290.3112885159765,-3.2152131344388826,-14.910868390441932,20.248370776770344,275.6543792863859,224.5590747925627,-196.4506719906339,-277.14177299595417,-1.8042443237938772,-10.700238938634309,14.116525829932366,-12.624404260886308,12.962974141042167,24.584388849157136,-13.169515520022344,-1.4109688106450053,-4.210629451807623,6.131844946837978
EC-Earth-Consortium,EC-Earth3-Veg-LR,r1i1p1f1,gr,historical,1976-06,1976,6,279.58439307748563,273.1246654524236,-148.42248000144895,-314.8789259048832,-1.8094583417525318,-15.758231971273643,71.83996231055094,296.31824615671405,264.6805788578032,-184.2618748228265,-305.99544242897827,-1.3256800948089977,-11.303420968742303,58.11240669916117,-16.733853079228425,8.444086594620387,35.83939482137757,-8.883483475904939,-0.4837782469435341,-4.45481100253134,13.727555611389775
EC-Earth-Consortium,EC-Earth3-Veg-LR,r1i1p1f1,gr,historical,1976-07,1976,7,207.5276017192447,297.7449033018638,-75.46581108975667,-328.4133359712748,-0.9668841128355594,-13.759120512442607,86.6673533347988,225.98526739919413,289.5888849412498,-106.74472434052524,-319.32788691162557,-0.19383547240358012,-10.584539231081097,78.72316638480842,-18.45766567994943,8.156018360614041,31.278913250768568,-9.08544905964925,-0.7730486404319793,-3.17458128136151,7.944186949990382
EC-Earth-Consortium,EC-Earth3-Veg-LR,r1i1p1f1,gr,historical,1976-08,1976,8,129.0475981717953,298.437306407825,-37.059860075014,-329.4906879535639,-0.22975427844229612,-14.2783280916805,46.42627418091962,143.965143639584,285.514983779784,-56.61969220867284,-317.4160441353086,-0.736401837272086,-11.828037470306784,42.8799517678077,-14.917545467788699,12.922322628041002,19.559832133658837,-12.07464381825531,0.5066475588297898,-2.450290621373716,3.5463224131119233
EC-Earth-Consortium,EC-Earth3-Veg-LR,r1i1p1f1,gr,historical,1976-09,1976,9,64.55745717825091,271.98471068227633,-19.02265370354257,-313.169437080523,-4.975332159439311,-17.853257510975975,-18.478512593953614,72.23187531070974,254.64399326285204,-29.49217390513061,-295.7570914889987,-3.0077420278618163,-14.867742559467041,-16.248881407896377,-7.674418132458825,17.340717419424294,10.46952020158804,-17.412345591524286,-1.967590131577495,-2.985514951508934,-2.2296311860572366
EC-Earth-Consortium,EC-Earth3-Veg-LR,r1i1p1f1,gr,historical,1976-10,1976,10,19.193824206305667,232.27030730162568,-5.616997663643431,-281.5369497729434,-11.261213635978308,-24.330340460102114,-71.2813700247359,21.17782998279387,219.68910623165684,-9.062038234793288,-263.59941570919926,-7.415014525185129,-17.082779513843093,-56.292311768570094,-1.9840057764882033,12.581201069968841,3.445040571149857,-17.937534063744124,-3.8461991107931786,-7.247560946259021,-14.989058256165812
EC-Earth-Consortium,EC-Earth3-Veg-LR,r1i1p1f1,gr,historical,1976-11,1976,11,3.2314644042921614,212.38226133194496,-0.9663732761479323,-260.355071134846,-11.34489906313564,-22.48143720821611,-79.53405494610857,3.573632890038961,193.44910051493784,-1.4677800076550447,-237.86279579461424,-8.81039866871152,-15.933404947758362,-67.05164601376235,-0.3421684857467997,18.93316081700712,0.5014067315071123,-22.49227534023177,-2.5345003944241213,-6.548032260457749,-12.482408932346218
EC-Earth-Consortium,EC-Earth3-Veg-LR,r1i1p1f1,gr,historical,1976-12,1976,12,0.7828996006907178,184.36998505541894,-0.29661354446596133,-236.86211109398232,-18.666448597795323,-26.138841662409263,-96.81113024254323,0.8443239133056458,179.53984894273685,-0.40726912356645945,-223.33948846597266,-7.907125970966346,-14.520666974641335,-65.79037767910431,-0.06142431261492798,4.830136112682084,0.11065557910049811,-13.522622628009657,-10.759322626828977,-11.618174687767928,-31.02075256343892
EC-Earth-Consortium,EC-Earth3-Veg-LR,r1i1p1f1,gr,historical,1977-01,1977,1,1.9210607337891956,190.67712373212063,-0.9500857879700638,-238.1283414672088,-12.458634648537977,-22.33004282547015,-81.26892026327715,1.9670428406081912,174.6451682692201,-1.1134382139788777,-217.91294889189962,-7.277542063475359,-14.28956539960937,-63.98128345913492,-0.045982106818995616,16.031955462900527,0.16335242600881383,-20.21539257530918,-5.181092585062618,-8.040477425860782,-17.28763680414223
EC-Earth-Consortium,EC-Earth3-Veg-LR,r1i1p1f1,gr,historical,1977-02,1977,2,11.436228248208412,191.11611527444435,-6.519449011068517,-238.63801081832807,-11.830448586120381,-22.229122132981477,-76.6646870258457,12.445773582853347,174.25857569933385,-8.050053493794298,-217.59834553205962,-6.931894885320205,-14.11158454395435,-59.98752917294128,-1.009545334644935,16.857539575110508,1.5306044827257814,-21.039665286268445,-4.898553700800176,-8.117537589027126,-16.677157852904415
EC-Earth-Consortium,EC-Earth3-Veg-LR,r1i1p1f1,gr,historical,1977-03,1977,3,56.337171240538076,199.37553479802622,-36.19086659021722,-247.35449001385274,-8.195952304382603,-19.551617392707325,-55.580220262595574,59.86295421939759,178.6380625638465,-42.42060087439643,-224.19115525659498,-5.777500516309919,-12.96961739527065,-46.8578572593279,-3.5257829788595103,20.737472234179734,6.229734284179209,-23.163334757257758,-2.4184517880726837,-6.581999997436675,-8.722363003267674
EC-Earth-Consortium,EC-Earth3-Veg-LR,r1i1p1f1,gr,historical,1977-04,1977,4,153.9609556630298,210.28788228508805,-104.53579903524471,-259.6532117931109,-3.2045355447687953,-12.79269908510577,-15.937407510112376,165.54918549462982,193.94768773026806,-121.36911048471737,-244.71414659154436,-3.5592308420521506,-11.316720965746057,-21.462335659162093,-11.588229831600017,16.340194554819988,16.83331144947266,-14.939065201566564,0.35469529728335525,-1.4759781193597128,5.5249281490497175
EC-Earth-Consortium,EC-Earth3-Veg-LR,r1i1p1f1,gr,historical,1977-05,1977,5,259.3640981764134,239.75844242744608,-165.42586083418828,-292.52529038698816,-4.591822127389705,-16.645357465604796,19.934209789688502,275.6543792863859,224.5590747925627,-196.4506719906339,-277.14177299595417,-1.8042443237938772,-10.700238938634309,14.116525829932366,-16.29028110997251,15.199367634883373,31.024811156445622,-15.38351739103399,-2.7875778035958274,-5.945118526970488,5.8176839597561365
EC-Earth-Consortium,EC-Earth3-Veg-LR,r1i1p1f1,gr,historical,1977-06,1977,6,269.9922191681718,279.83602309500196,-141.63627641638513,-317.31851909852975,-1.5498273799254088,-13.06042390254936,76.26319546578404,296.31824615671405,264.6805788578032,-184.2618748228265,-305.99544242897827,-1.3256800948089977,-11.303420968742303,58.11240669916117,-26.326026988542253,15.155444237198765,42.625598406441384,-11.323076669551483,-0.22414728511641102,-1.7570029338070565,18.150788766622867
EC-Earth-Consortium,EC-Earth3-Veg-LR,r1i1p1f1,gr,historical,1977-07,1977,7,211.4299165579798,297.62336233082357,-73.4129738154127,-328.7571879399652,-1.6521528793617937,-14.561058753317543,90.66990550074613,225.98526739919413,289.5888849412498,-106.74472434052524,-319.32788691162557,-0.19383547240358012,-10.584539231081097,78.72316638480842,-14.555350841214334,8.034477389573794,33.33175052511254,-9.429301028339637,-1.4583174069582134,-3.976519522236446,11.946739115937703
EC-Earth-Consortium,EC-Earth3-Veg-LR,r1i1p1f1,gr,historical,1977-08,1977,8,131.47010188470975,299.83575066978875,-36.53578962052896,-330.28525219213805,-0.9978079763642952,-14.512992857665342,48.974009907801914,143.965143639584,285.514983779784,-56.61969220867284,-317.4160441353086,-0.736401837272086,-11.828037470306784,42.8799517678077,-12.49504175487425,14.320766890004734,20.08390258814388,-12.86920805682945,-0.2614061390922092,-2.684955387358558,6.0940581399942175
EC-Earth-Consortium,EC-Earth3-Veg-LR,r1i1p1f1,gr,historical,1977-09,1977,9,68.31256433723851,271.06000362412084,-19.922751279522412,-313.49004720870056,-4.333227926962043,-19.753721470940587,-18.127179924766267,72.23187531070974,254.64399326285204,-29.49217390513061,-295.7570914889987,-3.0077420278618163,-14.867742559467041,-16.248881407896377,-3.9193109734712266,16.416010361268803,9.569422625608198,-17.732955719701863,-1.3254858991002267,-4.885978911473545,-1.87829851686989
EC-Earth-Consortium,EC-Earth3-Veg-LR,r1i1p1f1,gr,historical,1977-10,1977,10,20.189586199550366,242.7719984503133,-5.986251598268708,-286.8781970006973,-10.391601857028027,-23.24510992361363,-63.53957572974403,21.17782998279387,219.68910623165684,-9.062038234793288,-263.59941570919926,-7.415014525185129,-17.082779513843093,-56.292311768570094,-0.9882437832435045,23.08289221865647,3.0757866365245805,-23.278781291498035,-2.9765873318428975,-6.1623304097705365,-7.247263961173935
EC-Earth-Consortium,EC-Earth3-Veg-LR,r1i1p1f1,gr,historical,1977-11,1977,11,3.360634432989966,208.89184240679404,-0.9066827294172262,-258.07589608071413,-13.58466640039787,-23.42867836736209,-83.7434467381073,3.573632890038961,193.44910051493784,-1.4677800076550447,-237.86279579461424,-8.81039866871152,-15.933404947758362,-67.05164601376235,-0.21299845704899534,15.442741891856201,0.5610972782378185,-20.213100286099888,-4.774267731686351,-7.495273419603727,-16.691800724344944
EC-Earth-Consortium,EC-Earth3-Veg-LR,r1i1p1f1,gr,historical,1977-12,1977,12,0.7756051382243172,188.7954813034433,-0.3056459897437034,-239.5277334475636,-17.62213209809391,-26.644304430841807,-94.52872952457543,0.8443239133056458,179.53984894273685,-0.40726912356645945,-223.33948846597266,-7.907125970966346,-14.520666974641335,-65.79037767910431,-0.06871877508132862,9.255632360706443,0.10162313382275606,-16.18824498159094,-9.715006127127564,-12.123637456200472,-28.738351845471115
EC-Earth-Consortium,EC-Earth3-Veg-LR,r1i1p1f1,gr,historical,1978-01,1978,1,1.8375637816064927,182.98735423230548,-0.8539360463731194,-232.46850898564117,-15.921820484711642,-25.977115481719437,-90.3964629845334,1.9670428406081912,174.6451682692201,-1.1134382139788777,-217.91294889189962,-7.277542063475359,-14.28956539960937,-63.98128345913492,-0.12947905900169854,8.34218596308537,0.2595021676057583,-14.555560093741548,-8.644278421236283,-11.687550082110068,-26.41517952539848
EC-Earth-Consortium,EC-Earth3-Veg-LR,r1i1p1f1,gr,historical,1978-02,1978,2,11.580864121648519,195.7139669405701,-6.426561256390206,-240.781199814191,-13.333294509554152,-25.188581196383865,-78.43480571430064,12.445773582853347,174.25857569933385,-8.050053493794298,-217.59834553205962,-6.931894885320205,-14.11158454395435,-59.98752917294128,-0.864909461204828,21.455391241236242,1.6234922374040917,-23.182854282131387,-6.401399624233947,-11.076996652429514,-18.447276541359358
EC-Earth-Consortium,EC-Earth3-Veg-LR,r1i1p1f1,gr,historical,1978-03,1978,3,55.25650049550916,193.2555626833728,-34.92594022292875,-241.31612527301985,-9.479969819461948,-19.279926193751717,-56.4898983302803,59.86295421939759,178.6380625638465,-42.42060087439643,-224.19115525659498,-5.777500516309919,-12.96961739527065,-46.8578572593279,-4.606453723888428,14.617500119526312,7.494660651467676,-17.124970016424868,-3.7024693031520286,-6.310308798481067,-9.632041070952397
EC-Earth-Consortium,EC-Earth3-Veg-LR,r1i1p1f1,gr,historical,1978-04,1978,4,154.57952129765224,205.4365249946021,-105.32039823311051,-257.19677543045503,-5.986102399800514,-17.021017008178905,-25.508246779290577,165.54918549462982,193.94768773026806,-121.36911048471737,-244.71414659154436,-3.5592308420521506,-11.316720965746057,-21.462335659162093,-10.96966419697759,11.488837264334052,16.048712251606858,-12.48262883891067,-2.4268715577483637,-5.704296042432848,-4.045911120128483
EC-Earth-Consortium,EC-Earth3-Veg-LR,r1i1p1f1,gr,historical,1978-05,1978,5,263.3124305898848,230.32981240099946,-173.69612918726114,-283.7886668537243,-1.899318447926867,-12.220836521487943,22.037291980484017,275.6543792863859,224.5590747925627,-196.4506719906339,-277.14177299595417,-1.8042443237938772,-10.700238938634309,14.116525829932366,-12.341948696501106,5.770737608436747,22.75454280337277,-6.646893857770124,-0.09507412413298977,-1.5205975828536342,7.920766150551652
EC-Earth-Consortium,EC-Earth3-Veg-LR,r1i1p1f1,gr,historical,1978-06,1978,6,289.1192070679372,265.1807309216158,-164.01814336954732,-310.3814395577904,-2.2975068952124134,-14.474217675043972,63.1286304919589,296.31824615671405,264.6805788578032,-184.2618748228265,-305.99544242897827,-1.3256800948089977,-11.303420968742303,58.11240669916117,-7.1990390887768285,0.5001520638126067,20.243731453279196,-4.385997128812107,-0.9718268004034156,-3.170796706301669,5.016223792797732
EC-Earth-Consortium,EC-Earth3-Veg-LR,r1i1p1f1,gr,historical,1978-07,1978,7,219.67777324122054,294.78648382076545,-91.49402677609005,-326.6094587247989,-0.42547633273124885,-13.262470106036652,82.67282512232916,225.98526739919413,289.5888849412498,-106.74472434052524,-319.32788691162557,-0.19383547240358012,-10.584539231081097,78.72316638480842,-6.3074941579735935,5.197598879515681,15.250697564435185,-7.281571813173343,-0.23164086032766873,-2.677930874955555,3.9496587375207355
EC-Earth-Consortium,EC-Earth3-Veg-LR,r1i1p1f1,gr,historical,1978-08,1978,8,137.24888027493938,294.5475849265808,-43.705230205749665,-327.7277557166753,-2.0071092649909277,-16.437115016067118,41.919254998037154,143.965143639584,285.514983779784,-56.61969220867284,-317.4160441353086,-0.736401837272086,-11.828037470306784,42.8799517678077,-6.716263364644618,9.032601146796765,12.914462002923173,-10.311711581366694,-1.2707074277188417,-4.609077545760334,-0.9606967697705429
EC-Earth-Consortium,EC-Earth3-Veg-LR,r1i1p1f1,gr,historical,1978-09,1978,9,69.09534136542061,271.3671094804642,-21.91511022357263,-311.32594028609265,-3.6211048809115947,-18.600920621008882,-15.00062516570096,72.23187531070974,254.64399326285204,-29.49217390513061,-295.7570914889987,-3.0077420278618163,-14.867742559467041,-16.248881407896377,-3.1365339452891305,16.72311621761216,7.577063681557981,-15.568848797093949,-0.6133628530497783,-3.7331780615418406,1.248256242195417
EC-Earth-Consortium,EC-Earth3-Veg-LR,r1i1p1f1,gr,historical,1978-10,1978,10,20.6795442428474,233.13017649877136,-6.668598805154397,-281.44635188935007,-10.914188249885179,-23.619415636181124,-68.838833838952,21.17782998279387,219.68910623165684,-9.062038234793288,-263.59941570919926,-7.415014525185129,-17.082779513843093,-56.292311768570094,-0.4982857399464713,13.441070267114526,2.3934394296388914,-17.846936180150806,-3.499173724700049,-6.536636122338031,-12.546522070381904
EC-Earth-Consortium,EC-Earth3-Veg-LR,r1i1p1f1,gr,historical,1978-11,1978,11,3.3139415738567424,205.35949700054124,-0.9565616903277097,-255.41607668903603,-17.620127129777003,-28.299483578975007,-93.61881051371776,3.573632890038961,193.44910051493784,-1.4677800076550447,-237.86279579461424,-8.81039866871152,-15.933404947758362,-67.05164601376235,-0.25969131618221875,11.9103964856034,0.511218317327335,-17.55328089442179,-8.809728461065484,-12.366078631216645,-26.56716449995541
EC-Earth-Consortium,EC-Earth3-Veg-LR,r1i1p1f1,gr,historical,1978-12,1978,12,0.7887616725079039,190.87879668580572,-0.3081223194126596,-239.6411348800287,-17.748754020742275,-25.499005560993563,-91.52945842286354,0.8443239133056458,179.53984894273685,-0.40726912356645945,-223.33948846597266,-7.907125970966346,-14.520666974641335,-65.79037767910431,-0.05556224079774197,11.338947743068871,0.09914680415379984,-16.301646414056023,-9.84162804977593,-10.978338586352228,-25.73908074375923
EC-Earth-Consortium,EC-Earth3-Veg-LR,r1i1p1f1,gr,historical,1979-01,1979,1,1.7987392547560523,199.19048856555608,-0.8811921896837288,-245.75214539012558,-16.086476048285263,-26.170062795112116,-87.90064860289456,1.9670428406081912,174.6451682692201,-1.1134382139788777,-217.91294889189962,-7.277542063475359,-14.28956539960937,-63.98128345913492,-0.1683035858521389,24.545320296335973,0.23224602429514885,-27.83919649822596,-8.808933984809904,-11.880497395502747,-23.91936514375964
EC-Earth-Consortium,EC-Earth3-Veg-LR,r1i1p1f1,gr,historical,1979-02,1979,2,11.247573918781658,197.42201380659876,-6.40543360765901,-241.18293843308527,-6.7896436062191325,-19.133493773794232,-64.84192169537722,12.445773582853347,174.25857569933385,-8.050053493794298,-217.59834553205962,-6.931894885320205,-14.11158454395435,-59.98752917294128,-1.198199664071689,23.16343810726491,1.6446198861352883,-23.584592901025644,0.14225127910107283,-5.021909229839881,-4.854392522435944
EC-Earth-Consortium,EC-Earth3-Veg-LR,r1i1p1f1,gr,historical,1979-03,1979,3,54.660948302069656,203.71893692520212,-34.58889967900194,-248.2997692824931,-4.763567548136607,-17.22100308408325,-46.49335436644313,59.86295421939759,178.6380625638465,-42.42060087439643,-224.19115525659498,-5.777500516309919,-12.96961739527065,-46.8578572593279,-5.202005917327931,25.080874361355626,7.831701195394487,-24.108614025898106,1.0139329681733118,-4.251385688812601,0.3645028928847722
EC-Earth-Consortium,EC-Earth3-Veg-LR,r1i1p1f1,gr,historical,1979-04,1979,4,154.42313116648563,211.31596545820548,-102.38677185460857,-264.0361532293319,-8.815703106313634,-17.90525802213988,-27.40478958770287,165.54918549462982,193.94768773026806,-121.36911048471737,-244.71414659154436,-3.5592308420521506,-11.316720965746057,-21.462335659162093,-11.126054328144193,17.368277727937425,18.9823386301088,-19.322006637787524,-5.256472264261484,-6.588537056393822,-5.942453928540775
EC-Earth-Consortium,EC-Earth3-Veg-LR,r1i1p1f1,gr,historical,1979-05,1979,5,258.5307531610844,239.73721261070833,-164.81068747444306,-292.1208511356445,-3.762254834559717,-15.123666587053119,22.450505740092378,275.6543792863859,224.5590747925627,-196.4506719906339,-277.14177299595417,-1.8042443237938772,-10.700238938634309,14.116525829932366,-17.123626125301485,15.178137818145615,31.63998451619085,-14.97907813969033,-1.9580105107658397,-4.42342764841881,8.333979910160012
EC-Earth-Consortium,EC-Earth3-Veg-LR,r1i1p1f1,gr,historical,1979-06,1979,6,270.55143799550825,280.7156479006627,-137.84668446147353,-317.6709732444461,-1.1648015594779764,-12.12428770761819,82.46033892315525,296.31824615671405,264.6805788578032,-184.2618748228265,-305.99544242897827,-1.3256800948089977,-11.303420968742303,58.11240669916117,-25.7668081612058,16.035069042859504,46.415190361352984,-11.675530815467823,0.16087853533102137,-0.8208667388758872,24.34793222399408
EC-Earth-Consortium,EC-Earth3-Veg-LR,r1i1p1f1,gr,historical,1979-07,1979,7,211.9065063360347,301.38273911631666,-71.01187385911278,-331.9204157388738,-1.4928275388174834,-12.64543130494037,96.21869701060689,225.98526739919413,289.5888849412498,-106.74472434052524,-319.32788691162557,-0.19383547240358012,-10.584539231081097,78.72316638480842,-14.078761063159419,11.793854175066883,35.732850481412456,-12.592528827248259,-1.2989920664139034,-2.0608920738592733,17.495530625798466
EC-Earth-Consortium,EC-Earth3-Veg-LR,r1i1p1f1,gr,historical,1979-08,1979,8,135.650905799409,297.6886242230232,-35.031413209119044,-332.65247532145787,-1.1315242943623154,-16.633678061368105,47.89043913612488,143.965143639584,285.514983779784,-56.61969220867284,-317.4160441353086,-0.736401837272086,-11.828037470306784,42.8799517678077,-8.314237840174997,12.173640443239208,21.588278999553793,-15.236431186149275,-0.3951224570902294,-4.805640591061321,5.010487368317186
EC-Earth-Consortium,EC-Earth3-Veg-LR,r1i1p1f1,gr,historical,1979-09,1979,9,67.56485198551239,274.9920453692742,-20.366986194044436,-315.9078510581431,-3.509434379289954,-20.220641304078917,-17.448015580769795,72.23187531070974,254.64399326285204,-29.49217390513061,-295.7570914889987,-3.0077420278618163,-14.867742559467041,-16.248881407896377,-4.6670233251973485,20.34805210642216,9.125187711086173,-20.150759569144384,-0.5016923514281375,-5.352898744611876,-1.1991341728734177
EC-Earth-Consortium,EC-Earth3-Veg-LR,r1i1p1f1,gr,historical,1979-10,1979,10,20.1277604704394,234.51208482758304,-6.363154146383019,-285.7197895378228,-15.296293571903831,-31.166303787387154,-83.90569574547436,21.17782998279387,219.68910623165684,-9.062038234793288,-263.59941570919926,-7.415014525185129,-17.082779513843093,-56.292311768570094,-1.0500695123544688,14.822978595926202,2.698884088410269,-22.120373828623542,-7.881279046718702,-14.083524273544061,-27.613383976904267
EC-Earth-Consortium,EC-Earth3-Veg-LR,r1i1p1f1,gr,historical,1979-11,1979,11,3.280695295180707,220.66734552647935,-0.9212907001291432,-265.8456235669256,-9.82609855318638,-21.389781868087116,-74.03475386666817,3.573632890038961,193.44910051493784,-1.4677800076550447,-237.86279579461424,-8.81039866871152,-15.933404947758362,-67.05164601376235,-0.292937594858254,27.218245011541512,0.5464893075259015,-27.982827772311367,-1.015699884474861,-5.456376920328754,-6.9831078529058175
EC-Earth-Consortium,EC-Earth3-Veg-LR,r1i1p1f1,gr,historical,1979-12,1979,12,0.761206196069585,200.56228750643547,-0.27664412189733756,-250.518658959373,-14.566597479122251,-23.94893243811754,-87.98733929600506,0.8443239133056458,179.53984894273685,-0.40726912356645945,-223.33948846597266,-7.907125970966346,-14.520666974641335,-65.79037767910431,-0.08311771723606087,21.022438563698614,0.1306250016691219,-27.179170493400335,-6.659471508155905,-9.428265463476206,-22.19696161690075
EC-Earth-Consortium,EC-Earth3-Veg-LR,r1i1p1f1,gr,historical,1980-01,1980,1,1.7692243835725752,191.58763050625066,-0.78171673584859,-238.84499476053713,-16.555213803369575,-23.52690216031786,-86.35197257024993,1.9670428406081912,174.6451682692201,-1.1134382139788777,-217.91294889189962,-7.277542063475359,-14.28956539960937,-63.98128345913492,-0.19781845703561607,16.942462237030554,0.33172147813028763,-20.932045868637516,-9.277671739894217,-9.23733676070849,-22.370689111115006
EC-Earth-Consortium,EC-Earth3-Veg-LR,r1i1p1f1,gr,historical,1980-02,1980,2,11.933387164860356,182.88917658557028,-6.705882551607828,-233.09606766491726,-17.570360613396602,-26.018160651174487,-88.56790773066552,12.445773582853347,174.25857569933385,-8.050053493794298,-217.59834553205962,-6.931894885320205,-14.11158454395435,-59.98752917294128,-0.5123864179929907,8.630600886236437,1.3441709421864703,-15.497722132857632,-10.638465728076397,-11.906576107220136,-28.580378557724245
EC-Earth-Consortium,EC-Earth3-Veg-LR,r1i1p1f1,gr,historical,1980-03,1980,3,57.93012975228948,198.515238852318,-36.53340654839194,-247.21566802398004,-15.8101805288919,-23.55970564708214,-66.67359214373855,59.86295421939759,178.6380625638465,-42.42060087439643,-224.19115525659498,-5.777500516309919,-12.96961739527065,-46.8578572593279,-1.9328244671081052,19.877176288471503,5.88719432600449,-23.024512767385062,-10.03268001258198,-10.59008825181149,-19.815734884410645
EC-Earth-Consortium,EC-Earth3-Veg-LR,r1i1p1f1,gr,historical,1980-04,1980,4,159.66024432849974,205.87950000455407,-105.98721712470723,-259.8014145530031,-7.83605441603748,-18.45494598740377,-26.53988774809776,165.54918549462982,193.94768773026806,-121.36911048471737,-244.71414659154436,-3.5592308420521506,-11.316720965746057,-21.462335659162093,-5.888941166130081,11.931812274286017,15.381893360010139,-15.087267961458735,-4.276823573985329,-7.138225021657714,-5.0775520889356685
EC-Earth-Consortium,EC-Earth3-Veg-LR,r1i1p1f1,gr,historical,1980-05,1980,5,262.03658037355325,239.96960654084998,-163.99863860207782,-292.5664821309436,-5.384298869569307,-16.447991732537176,23.60877557927533,275.6543792863859,224.5590747925627,-196.4506719906339,-277.14177299595417,-1.8042443237938772,-10.700238938634309,14.116525829932366,-13.617798912832654,15.41053174828727,32.45203338855609,-15.424709134989428,-3.5800545457754294,-5.747752793902867,9.492249749342966
EC-Earth-Consortium,EC-Earth3-Veg-LR,r1i1p1f1,gr,historical,1980-06,1980,6,269.8396057400332,279.8613984555816,-133.3675493169436,-318.3654180339531,-2.4587649383317935,-13.876738638453903,81.63253326793239,296.31824615671405,264.6805788578032,-184.2618748228265,-305.99544242897827,-1.3256800948089977,-11.303420968742303,58.11240669916117,-26.478640416680832,15.180819597778395,50.894325505882904,-12.369975604974854,-1.1330848435227958,-2.5733176697115994,23.520126568771218
EC-Earth-Consortium,EC-Earth3-Veg-LR,r1i1p1f1,gr,historical,1980-07,1980,7,208.9752690429184,297.08055235295984,-72.64049038418737,-329.0539330128951,-0.4270370874333559,-13.43405252286152,90.5003083885009,225.98526739919413,289.5888849412498,-106.74472434052524,-319.32788691162557,-0.19383547240358012,-10.584539231081097,78.72316638480842,-17.00999835627573,7.491667411710068,34.104233956337865,-9.726046101269503,-0.23320161502977577,-2.849513291780424,11.777142003692475
EC-Earth-Consortium,EC-Earth3-Veg-LR,r1i1p1f1,gr,historical,1980-08,1980,8,129.4843050615541,299.2255672502294,-36.338566389743434,-330.49208037271524,-0.05028111031400084,-13.915992849111879,47.91295158989893,143.965143639584,285.514983779784,-56.61969220867284,-317.4160441353086,-0.736401837272086,-11.828037470306784,42.8799517678077,-14.480838578029903,13.710583470445386,20.281125818929404,-13.07603623740664,0.6861207269580851,-2.087955378805095,5.032999822091234
EC-Earth-Consortium,EC-Earth3-Veg-LR,r1i1p1f1,gr,historical,1980-09,1980,9,64.13001662409775,277.25810281755275,-17.543202704546946,-316.9652512658967,-5.0655143665068945,-21.294310842244315,-19.480159737544405,72.23187531070974,254.64399326285204,-29.49217390513061,-295.7570914889987,-3.0077420278618163,-14.867742559467041,-16.248881407896377,-8.10185868661199,22.61410955470072,11.948971200583664,-21.208159776898015,-2.057772338645078,-6.426568282777273,-3.2312783296480276
EC-Earth-Consortium,EC-Earth3-Veg-LR,r1i1p1f1,gr,historical,1980-10,1980,10,18.925279978662136,235.54114591291895,-5.543155474105734,-285.8633424947789,-14.612374949729057,-27.53877324803544,-79.09122027506807,21.17782998279387,219.68910623165684,-9.062038234793288,-263.59941570919926,-7.415014525185129,-17.082779513843093,-56.292311768570094,-2.2525500041317343,15.852039681262113,3.5188827606875543,-22.263926785579656,-7.197360424543928,-10.455993734192347,-22.798908506497973
EC-Earth-Consortium,EC-Earth3-Veg-LR,r1i1p1f1,gr,historical,1980-11,1980,11,3.1431687631647387,203.98817558619928,-0.783869088458389,-256.62666857582155,-19.382568642058317,-27.380171653710285,-97.04193361068454,3.573632890038961,193.44910051493784,-1.4677800076550447,-237.86279579461424,-8.81039866871152,-15.933404947758362,-67.05164601376235,-0.4304641268742224,10.539075071261436,0.6839109191966557,-18.76387278120731,-10.572169973346798,-11.446766705951923,-29.990287596922187
EC-Earth-Consortium,EC-Earth3-Veg-LR,r1i1p1f1,gr,historical,1980-12,1980,12,0.7549763356640026,194.720110023761,-0.24455590980553282,-245.3648804267061,-14.382386644785877,-23.834856157308696,-88.3515927791812,0.8443239133056458,179.53984894273685,-0.40726912356645945,-223.33948846597266,-7.907125970966346,-14.520666974641335,-65.79037767910431,-0.08934757764164325,15.180261081024156,0.16271321376092662,-22.02539196073343,-6.47526067381953,-9.314189182667361,-22.561215100076893
EC-Earth-Consortium,EC-Earth3-Veg-LR,r1i1p1f1,gr,historical,1981-01,1981,1,1.8270607951702484,190.9417273678529,-0.7934161729292748,-238.35311826482607,-16.973528333811498,-25.471598627188758,-88.82287323573246,1.9670428406081912,174.6451682692201,-1.1134382139788777,-217.91294889189962,-7.277542063475359,-14.28956539960937,-63.98128345913492,-0.1399820454379428,16.296559098632798,0.32002204104960286,-20.440169372926448,-9.695986270336139,-11.182033227579389,-24.841589776597537
EC-Earth-Consortium,EC-Earth3-Veg-LR,r1i1p1f1,gr,historical,1981-02,1981,2,11.651034380107873,181.049518284491,-6.680750319163924,-230.49336020286447,-16.18326484821277,-26.03128877255908,-86.68811147820136,12.445773582853347,174.25857569933385,-8.050053493794298,-217.59834553205962,-6.931894885320205,-14.11158454395435,-59.98752917294128,-0.7947392027454736,6.790942585157154,1.3693031746303737,-12.89501467080484,-9.251369962892564,-11.91970422860473,-26.700582305260085
EC-Earth-Consortium,EC-Earth3-Veg-LR,r1i1p1f1,gr,historical,1981-03,1981,3,55.75185440832932,191.36818133383147,-36.189610784090625,-240.98307228872454,-8.706088220961286,-18.55758046307162,-57.3163160146873,59.86295421939759,178.6380625638465,-42.42060087439643,-224.19115525659498,-5.777500516309919,-12.96961739527065,-46.8578572593279,-4.111099811068264,12.730118769984983,6.230990090305802,-16.79191703212956,-2.928587704651367,-5.58796306780097,-10.458458755359402
EC-Earth-Consortium,EC-Earth3-Veg-LR,r1i1p1f1,gr,historical,1981-04,1981,4,153.4670339367188,207.04587080649992,-103.84814521068424,-257.96885974467114,-2.952582087774529,-14.2812257181829,-18.53790801809406,165.54918549462982,193.94768773026806,-121.36911048471737,-244.71414659154436,-3.5592308420521506,-11.316720965746057,-21.462335659162093,-12.082151557911033,13.098183076231862,17.52096527403313,-13.254713153126772,0.6066487542776215,-2.9645047524368433,2.924427641068032
EC-Earth-Consortium,EC-Earth3-Veg-LR,r1i1p1f1,gr,historical,1981-05,1981,5,263.84289875215717,227.47354064666052,-172.6247250606059,-282.85843937755885,-4.041921589730362,-15.151744949851885,16.639608421070697,275.6543792863859,224.5590747925627,-196.4506719906339,-277.14177299595417,-1.8042443237938772,-10.700238938634309,14.116525829932366,-11.811480534228735,2.914465854097813,23.82594693002801,-5.716666381604682,-2.2376772659364845,-4.451506011217576,2.5230825911383317
EC-Earth-Consortium,EC-Earth3-Veg-LR,r1i1p1f1,gr,historical,1981-06,1981,6,268.5878645015835,282.05605927625226,-142.12906692417954,-318.23450121769054,-0.7437260069507727,-13.089739271498818,76.44689035751611,296.31824615671405,264.6805788578032,-184.2618748228265,-305.99544242897827,-1.3256800948089977,-11.303420968742303,58.11240669916117,-27.730381655130543,17.375480418449058,42.13280789864697,-12.23905878871227,0.581954087858225,-1.7863183027565146,18.33448365835494
EC-Earth-Consortium,EC-Earth3-Veg-LR,r1i1p1f1,gr,historical,1981-07,1981,7,210.76513337763976,298.51882279460034,-76.25423428465993,-328.43005268599904,-1.365999807469504,-13.2681029830657,89.96556641104594,225.98526739919413,289.5888849412498,-106.74472434052524,-319.32788691162557,-0.19383547240358012,-10.584539231081097,78.72316638480842,-15.220134021554372,8.929937853350566,30.49049005586531,-9.102165774373475,-1.1721643350659239,-2.683563751984604,11.242400026237519
EC-Earth-Consortium,EC-Earth3-Veg-LR,r1i1p1f1,gr,historical,1981-08,1981,8,131.63577248555646,298.59471631417216,-36.55479060672965,-329.3651453110548,-1.4506034638825904,-14.484253092185517,48.37569632587609,143.965143639584,285.514983779784,-56.61969220867284,-317.4160441353086,-0.736401837272086,-11.828037470306784,42.8799517678077,-12.329371154027541,13.079732534388143,20.06490160194319,-11.949101175746193,-0.7142016266105045,-2.656215621878733,5.495744558068395
EC-Earth-Consortium,EC-Earth3-Veg-LR,r1i1p1f1,gr,historical,1981-09,1981,9,66.84665580937933,275.2432618349197,-19.670657521349916,-315.53513513115195,-4.809732076087347,-19.098284242397156,-17.023891326687366,72.23187531070974,254.64399326285204,-29.49217390513061,-295.7570914889987,-3.0077420278618163,-14.867742559467041,-16.248881407896377,-5.385219501330411,20.599268572067643,9.821516383780693,-19.77804364215325,-1.801990048225531,-4.230541682930115,-0.7750099187909889
EC-Earth-Consortium,EC-Earth3-Veg-LR,r1i1p1f1,gr,historical,1981-10,1981,10,20.93337376702801,236.5443426682268,-6.026686829606561,-286.689432918007,-11.861807306528513,-27.30548374207873,-74.40569436096598,21.17782998279387,219.68910623165684,-9.062038234793288,-263.59941570919926,-7.415014525185129,-17.082779513843093,-56.292311768570094,-0.24445621576586163,16.855236436569953,3.035351405186727,-23.09001720880775,-4.446792781343384,-10.222704228235639,-18.113382592395887
EC-Earth-Consortium,EC-Earth3-Veg-LR,r1i1p1f1,gr,historical,1981-11,1981,11,3.3221917648261376,211.0431196617023,-0.8805073409445694,-258.792936935153,-15.593499106801234,-25.729823899711473,-86.63145585608189,3.573632890038961,193.44910051493784,-1.4677800076550447,-237.86279579461424,-8.81039866871152,-15.933404947758362,-67.05164601376235,-0.25144112521282347,17.594019146764452,0.5872726667104753,-20.93014114053878,-6.783100438089715,-9.796418951953111,-19.579809842319534
EC-Earth-Consortium,EC-Earth3-Veg-LR,r1i1p1f1,gr,historical,1981-12,1981,12,0.7863156440531067,197.02982174799916,-0.3176736278720444,-244.45295162045653,-14.477421425494,-23.481852309071787,-84.91376159084209,0.8443239133056458,179.53984894273685,-0.40726912356645945,-223.33948846597266,-7.907125970966346,-14.520666974641335,-65.79037767910431,-0.0580082692525391,17.489972805262312,0.08959549569441505,-21.113463154483867,-6.570295454527654,-8.961185334430452,-19.123383911737776
EC-Earth-Consortium,EC-Earth3-Veg-LR,r1i1p1f1,gr,historical,1982-01,1982,1,1.8845244785145183,195.2821815747634,-0.8726749820287081,-243.17292991904637,-14.045401824267342,-22.846558395133002,-83.7708590671975,1.9670428406081912,174.6451682692201,-1.1134382139788777,-217.91294889189962,-7.277542063475359,-14.28956539960937,-63.98128345913492,-0.08251836209367291,20.63701330554329,0.24076323195016958,-25.25998102714675,-6.767859760791984,-8.556992995523633,-19.789575608062584
EC-Earth-Consortium,EC-Earth3-Veg-LR,r1i1p1f1,gr,historical,1982-02,1982,2,11.118784199331149,193.02028756970844,-6.365461131299945,-239.2101099565227,-11.424703599370172,-22.162025543321437,-75.02322846147467,12.445773582853347,174.25857569933385,-8.050053493794298,-217.59834553205962,-6.931894885320205,-14.11158454395435,-59.98752917294128,-1.3269893835221982,18.761711870374597,1.684592362494353,-21.611764424463075,-4.492808714049967,-8.050440999367087,-15.035699288533394
EC-Earth-Consortium,EC-Earth3-Veg-LR,r1i1p1f1,gr,historical,1982-03,1982,3,54.222015911775486,196.09686606438962,-35.29244055353496,-243.05534614051982,-12.262396104282798,-21.225391610123417,-61.51669243229589,59.86295421939759,178.6380625638465,-42.42060087439643,-224.19115525659498,-5.777500516309919,-12.96961739527065,-46.8578572593279,-5.6409383076221005,17.458803500543127,7.128160320861468,-18.864190883924834,-6.484895587972879,-8.255774214852767,-14.65883517296799
EC-Earth-Consortium,EC-Earth3-Veg-LR,r1i1p1f1,gr,historical,1982-04,1982,4,154.54567312795064,209.88566080249828,-103.59759500699577,-259.3923016616288,-3.1138233328319243,-12.166226344045258,-13.838612415052863,165.54918549462982,193.94768773026806,-121.36911048471737,-244.71414659154436,-3.5592308420521506,-11.316720965746057,-21.462335659162093,-11.003512366679189,15.937973072230221,17.771515477721593,-14.678155070084415,0.4454075092202263,-0.8495053782992006,7.623723244109231
EC-Earth-Consortium,EC-Earth3-Veg-LR,r1i1p1f1,gr,historical,1982-05,1982,5,261.60669963360857,231.47188605832898,-171.8192205704105,-284.1474796068173,-5.079561757404481,-14.588991833292674,17.443331924012583,275.6543792863859,224.5590747925627,-196.4506719906339,-277.14177299595417,-1.8042443237938772,-10.700238938634309,14.116525829932366,-14.047679652777333,6.9128112657662655,24.631451420223414,-7.005706610863115,-3.275317433610604,-3.8887528946583654,3.326806094080217
EC-Earth-Consortium,EC-Earth3-Veg-LR,r1i1p1f1,gr,historical,1982-06,1982,6,272.28608546120574,275.65895745869125,-147.5327965857027,-314.3068519665756,-2.2669587854856146,-13.596495350024,70.24194023210904,296.31824615671405,264.6805788578032,-184.2618748228265,-305.99544242897827,-1.3256800948089977,-11.303420968742303,58.11240669916117,-24.03216069550831,10.97837860088805,36.729078237123815,-8.311409537597342,-0.9412786906766168,-2.2930743812816967,12.129533532947875
EC-Earth-Consortium,EC-Earth3-Veg-LR,r1i1p1f1,gr,historical,1982-07,1982,7,206.58200217054608,302.09312407608047,-71.19472632292718,-330.56866597501283,-1.3827135014216911,-12.852786202380202,92.67623424488461,225.98526739919413,289.5888849412498,-106.74472434052524,-319.32788691162557,-0.19383547240358012,-10.584539231081097,78.72316638480842,-19.403265228648053,12.504239134830698,35.54999801759806,-11.240779063387265,-1.188878029018111,-2.2682469712991047,13.953067860076189
EC-Earth-Consortium,EC-Earth3-Veg-LR,r1i1p1f1,gr,historical,1982-08,1982,8,135.5161350742305,296.73063679032174,-37.720218280069076,-331.1444852890861,-2.4801196940102535,-17.526237673327845,43.375710928058965,143.965143639584,285.514983779784,-56.61969220867284,-317.4160441353086,-0.736401837272086,-11.828037470306784,42.8799517678077,-8.449008565353495,11.215653010537721,18.89947392860376,-13.72844115377751,-1.7437178567381675,-5.698200203021061,0.49575916025126787
EC-Earth-Consortium,EC-Earth3-Veg-LR,r1i1p1f1,gr,historical,1982-09,1982,9,67.61268558968449,268.18204869239736,-20.348342755387623,-312.5959311505921,-5.177590539174731,-20.194085967322817,-22.521216130395455,72.23187531070974,254.64399326285204,-29.49217390513061,-295.7570914889987,-3.0077420278618163,-14.867742559467041,-16.248881407896377,-4.619189721025251,13.538055429545324,9.143831149742986,-16.838839661593397,-2.1698485113129147,-5.326343407855775,-6.272334722499078
EC-Earth-Consortium,EC-Earth3-Veg-LR,r1i1p1f1,gr,historical,1982-10,1982,10,19.95102546594149,240.21992919497373,-6.263552652442509,-287.19551337094566,-15.703047200831568,-30.67300754844791,-79.66416611175241,21.17782998279387,219.68910623165684,-9.062038234793288,-263.59941570919926,-7.415014525185129,-17.082779513843093,-56.292311768570094,-1.2268045168523791,20.530822963316893,2.7984855823507795,-23.5960976617464,-8.288032675646438,-13.590228034604817,-23.371854343182314
EC-Earth-Consortium,EC-Earth3-Veg-LR,r1i1p1f1,gr,historical,1982-11,1982,11,3.2033688951893087,219.88836841267124,-0.8478557294993972,-265.45004035022487,-10.316026890745093,-20.94277812560477,-74.4649637882136,3.573632890038961,193.44910051493784,-1.4677800076550447,-237.86279579461424,-8.81039866871152,-15.933404947758362,-67.05164601376235,-0.37026399484965244,26.4392678977334,0.6199242781556474,-27.587244555610624,-1.5056282220335735,-5.00937317784641,-7.413317774451244
EC-Earth-Consortium,EC-Earth3-Veg-LR,r1i1p1f1,gr,historical,1982-12,1982,12,0.7376303269537332,192.31943130989697,-0.27162949412249615,-241.89936117981725,-21.90976959158846,-29.510675606474724,-100.53437423515221,0.8443239133056458,179.53984894273685,-0.40726912356645945,-223.33948846597266,-7.907125970966346,-14.520666974641335,-65.79037767910431,-0.10669358635191262,12.779582367160117,0.1356396294439633,-18.559872713844584,-14.002643620622115,-14.990008631833389,-34.743996556047904
EC-Earth-Consortium,EC-Earth3-Veg-LR,r1i1p1f1,gr,historical,1983-01,1983,1,1.8109522682474555,185.7477251133156,-0.9054329608950674,-234.1276844958697,-10.887808009274345,-19.75623191951423,-78.11848000399027,1.9670428406081912,174.6451682692201,-1.1134382139788777,-217.91294889189962,-7.277542063475359,-14.28956539960937,-63.98128345913492,-0.15609057236073576,11.102556844095488,0.20800525308381024,-16.21473560397007,-3.610265945798986,-5.466666519904862,-14.13719654485535
EC-Earth-Consortium,EC-Earth3-Veg-LR,r1i1p1f1,gr,historical,1983-02,1983,2,11.54889042664348,192.40816337598508,-6.5546748467413725,-239.43922013830954,-12.063622570361355,-22.051236020238225,-76.15169977302192,12.445773582853347,174.25857569933385,-8.050053493794298,-217.59834553205962,-6.931894885320205,-14.11158454395435,-59.98752917294128,-0.8968831562098671,18.149587676651237,1.4953786470529256,-21.840874606249912,-5.13172768504115,-7.939651476283874,-16.164170600080638
EC-Earth-Consortium,EC-Earth3-Veg-LR,r1i1p1f1,gr,historical,1983-03,1983,3,54.79120121935511,187.1172671062451,-35.59795397286624,-234.93971061104077,-13.550153908239464,-22.865701647669116,-65.04505181421537,59.86295421939759,178.6380625638465,-42.42060087439643,-224.19115525659498,-5.777500516309919,-12.96961739527065,-46.8578572593279,-5.071753000042477,8.479204542398605,6.8226469015301845,-10.748555354445784,-7.772653391929545,-9.896084252398467,-18.18719455488747
EC-Earth-Consortium,EC-Earth3-Veg-LR,r1i1p1f1,gr,historical,1983-04,1983,4,151.08197431955725,208.7650521018333,-102.70973188004864,-258.76258137720055,-6.627491552576137,-16.57388842218329,-24.8266668106181,165.54918549462982,193.94768773026806,-121.36911048471737,-244.71414659154436,-3.5592308420521506,-11.316720965746057,-21.462335659162093,-14.467211175072578,14.817364371565247,18.65937860466873,-14.048434785656184,-3.0682607105239863,-5.257167456437234,-3.364331151456007
EC-Earth-Consortium,EC-Earth3-Veg-LR,r1i1p1f1,gr,historical,1983-05,1983,5,259.6069117448857,233.44191391998942,-171.08225640797832,-286.6150890057329,-4.762946883823024,-15.476733714188,15.111799653152854,275.6543792863859,224.5590747925627,-196.4506719906339,-277.14177299595417,-1.8042443237938772,-10.700238938634309,14.116525829932366,-16.047467541500225,8.882839127426706,25.368415582655587,-9.473316009778728,-2.9587025600291468,-4.776494775553692,0.9952738232204883
EC-Earth-Consortium,EC-Earth3-Veg-LR,r1i1p1f1,gr,historical,1983-06,1983,6,272.84410151605084,275.2426118442027,-148.68915647722753,-314.7753990801571,-1.2495109818085162,-13.520319161181542,69.8523276598788,296.31824615671405,264.6805788578032,-184.2618748228265,-305.99544242897827,-1.3256800948089977,-11.303420968742303,58.11240669916117,-23.474144640663212,10.562032986399515,35.572718345598986,-8.77995665117885,0.07616911300048157,-2.2168981924392384,11.739920960717626
EC-Earth-Consortium,EC-Earth3-Veg-LR,r1i1p1f1,gr,historical,1983-07,1983,7,215.3895902946805,293.88671919207565,-84.31053401903807,-325.77199768695243,0.039996078587990036,-12.058850084318635,87.17492377503498,225.98526739919413,289.5888849412498,-106.74472434052524,-319.32788691162557,-0.19383547240358012,-10.584539231081097,78.72316638480842,-10.59567710451364,4.297834250825872,22.434190321487165,-6.4441107753268625,0.23383155099157016,-1.4743108532375384,8.451757390226561
EC-Earth-Consortium,EC-Earth3-Veg-LR,r1i1p1f1,gr,historical,1983-08,1983,8,138.17504756296069,289.89857280813334,-46.86683264031007,-324.05364169551336,-1.5944213247747785,-15.982738100200194,39.57598661029562,143.965143639584,285.514983779784,-56.61969220867284,-317.4160441353086,-0.736401837272086,-11.828037470306784,42.8799517678077,-5.790096076623314,4.38358902834932,9.752859568362766,-6.637597560204767,-0.8580194875026925,-4.15470062989341,-3.3039651575120743
EC-Earth-Consortium,EC-Earth3-Veg-LR,r1i1p1f1,gr,historical,1983-09,1983,9,68.94232877019435,265.37094003392485,-23.066539551693985,-307.72947022517826,-4.645051450836467,-19.73344471170017,-20.861237135289684,72.23187531070974,254.64399326285204,-29.49217390513061,-295.7570914889987,-3.0077420278618163,-14.867742559467041,-16.248881407896377,-3.2895465405153885,10.726946771072818,6.4256343534366245,-11.972378736179564,-1.637309422974651,-4.865702152233128,-4.612355727393307
EC-Earth-Consortium,EC-Earth3-Veg-LR,r1i1p1f1,gr,historical,1983-10,1983,10,20.165118824280682,234.19279273650383,-6.644033122868936,-279.89148348229486,-8.298171890325177,-22.44823182352662,-62.924008758231075,21.17782998279387,219.68910623165684,-9.062038234793288,-263.59941570919926,-7.415014525185129,-17.082779513843093,-56.292311768570094,-1.0127111585131878,14.503686504846996,2.4180051119243524,-16.292067773095596,-0.8831573651400477,-5.365452309683526,-6.6316969896609805
EC-Earth-Consortium,EC-Earth3-Veg-LR,r1i1p1f1,gr,historical,1983-11,1983,11,3.4686832904514286,202.39826984170327,-1.0645353872880083,-252.16022075572107,-20.247867711447924,-28.75323112241629,-96.3589018447186,3.573632890038961,193.44910051493784,-1.4677800076550447,-237.86279579461424,-8.81039866871152,-15.933404947758362,-67.05164601376235,-0.10494959958753247,8.949169326765428,0.40324462036703634,-14.297424961106827,-11.437469042736405,-12.81982617465793,-29.30725583095625
EC-Earth-Consortium,EC-Earth3-Veg-LR,r1i1p1f1,gr,historical,1983-12,1983,12,0.8024206253207632,190.11762514123302,-0.32458742902679494,-239.19572709085003,-17.950107411139836,-26.35822517202001,-92.90860133648289,0.8443239133056458,179.53984894273685,-0.40726912356645945,-223.33948846597266,-7.907125970966346,-14.520666974641335,-65.79037767910431,-0.04190328798488263,10.577776198496167,0.08268169453966451,-15.856238624877363,-10.04298144017349,-11.837558197378675,-27.11822365737858
EC-Earth-Consortium,EC-Earth3-Veg-LR,r1i1p1f1,gr,historical,1984-01,1984,1,1.8892898922135444,194.17036866116598,-0.97212123964752,-237.3897083271504,-7.967364681908562,-18.321720923327526,-68.59125661865448,1.9670428406081912,174.6451682692201,-1.1134382139788777,-217.91294889189962,-7.277542063475359,-14.28956539960937,-63.98128345913492,-0.07775294839464686,19.525200391945873,0.1413169743313577,-19.476759435250784,-0.6898226184332037,-4.032155523718156,-4.609973159519562
EC-Earth-Consortium,EC-Earth3-Veg-LR,r1i1p1f1,gr,historical,1984-02,1984,2,11.738950728676333,186.5843336080843,-6.85432454273913,-232.82438296757218,-19.805432986531102,-26.793707965692683,-87.95456412577445,12.445773582853347,174.25857569933385,-8.050053493794298,-217.59834553205962,-6.931894885320205,-14.11158454395435,-59.98752917294128,-0.7068228541770143,12.325757908750461,1.1957289510551679,-15.226037435512552,-12.873538101210897,-12.682123421738332,-27.967034952833174
EC-Earth-Consortium,EC-Earth3-Veg-LR,r1i1p1f1,gr,historical,1984-03,1984,3,57.72582037191949,196.93811915815485,-37.19933181402835,-244.01718067505212,-10.632659642256156,-21.211377117633965,-58.39660971889624,59.86295421939759,178.6380625638465,-42.42060087439643,-224.19115525659498,-5.777500516309919,-12.96961739527065,-46.8578572593279,-2.137133847478097,18.30005659430836,5.22126906036808,-19.826025418457135,-4.855159125946237,-8.241759722363316,-11.538752459568336
EC-Earth-Consortium,EC-Earth3-Veg-LR,r1i1p1f1,gr,historical,1984-04,1984,4,159.89851947017985,206.84108642604863,-106.52938635438682,-259.04935562073325,-6.225513389885301,-16.877947788591428,-21.94259725736834,165.54918549462982,193.94768773026806,-121.36911048471737,-244.71414659154436,-3.5592308420521506,-11.316720965746057,-21.462335659162093,-5.650666024449976,12.893398695780576,14.839724130330552,-14.335209029188889,-2.6662825478331507,-5.56122682284537,-0.4802615982062477
EC-Earth-Consortium,EC-Earth3-Veg-LR,r1i1p1f1,gr,historical,1984-05,1984,5,266.9788925020573,229.85177686805955,-172.79445874636454,-285.88020897296866,-4.832699535744061,-17.26884896746718,16.054453147572467,275.6543792863859,224.5590747925627,-196.4506719906339,-277.14177299595417,-1.8042443237938772,-10.700238938634309,14.116525829932366,-8.675486784328598,5.292702075496834,23.656213244269367,-8.73843597701449,-3.028455211950184,-6.56861002883287,1.937927317640101
EC-Earth-Consortium,EC-Earth3-Veg-LR,r1i1p1f1,gr,historical,1984-06,1984,6,268.7429472954435,280.82166479868636,-136.79261138163636,-318.4176375643047,-1.0156280787267966,-13.923017403754422,79.41571766570763,296.31824615671405,264.6805788578032,-184.2618748228265,-305.99544242897827,-1.3256800948089977,-11.303420968742303,58.11240669916117,-27.57529886127054,16.14108594088316,47.46926344119015,-12.422195135326433,0.3100520160822011,-2.6195964350121184,21.303310966546462
EC-Earth-Consortium,EC-Earth3-Veg-LR,r1i1p1f1,gr,historical,1984-07,1984,7,206.72802215952674,298.78686962004963,-73.58431868691605,-329.17629371467484,-1.2985293701610638,-13.216748562102067,88.23900144572235,225.98526739919413,289.5888849412498,-106.74472434052524,-319.32788691162557,-0.19383547240358012,-10.584539231081097,78.72316638480842,-19.257245239667384,9.197984678799855,33.16040565360919,-9.848406803049272,-1.1046938977574836,-2.63220933102097,9.515835060913929
EC-Earth-Consortium,EC-Earth3-Veg-LR,r1i1p1f1,gr,historical,1984-08,1984,8,131.81844144161707,298.48971720835016,-38.8298284490862,-330.2562052707808,-2.966602377200101,-16.01761638343886,42.237906169461255,143.965143639584,285.514983779784,-56.61969220867284,-317.4160441353086,-0.736401837272086,-11.828037470306784,42.8799517678077,-12.146702197966931,12.97473342856614,17.789863759586638,-12.840161135472215,-2.230200539928015,-4.189578913132076,-0.6420455983464421
EC-Earth-Consortium,EC-Earth3-Veg-LR,r1i1p1f1,gr,historical,1984-09,1984,9,65.39941192235455,273.98709438698927,-19.61394180596706,-315.03609542303815,-4.638247118102237,-19.739726630564054,-19.64150466832767,72.23187531070974,254.64399326285204,-29.49217390513061,-295.7570914889987,-3.0077420278618163,-14.867742559467041,-16.248881407896377,-6.832463388355194,19.343101124137235,9.87823209916355,-19.27900393403945,-1.6305050902404208,-4.871984071097012,-3.392623260431293
EC-Earth-Consortium,EC-Earth3-Veg-LR,r1i1p1f1,gr,historical,1984-10,1984,10,19.079525680628805,238.34027324476696,-5.7612262899724245,-286.560079402486,-13.056371134149432,-27.07198705580633,-75.02986495701843,21.17782998279387,219.68910623165684,-9.062038234793288,-263.59941570919926,-7.415014525185129,-17.082779513843093,-56.292311768570094,-2.098304302165065,18.651167013110125,3.3008119448208637,-22.960663693286733,-5.641356608964302,-9.989207541963236,-18.737553188448338
EC-Earth-Consortium,EC-Earth3-Veg-LR,r1i1p1f1,gr,historical,1984-11,1984,11,3.2214066936698846,202.39640434367152,-0.854287216532972,-253.61476879604064,-18.197880103234038,-25.296607497005947,-92.34573257547221,3.573632890038961,193.44910051493784,-1.4677800076550447,-237.86279579461424,-8.81039866871152,-15.933404947758362,-67.05164601376235,-0.3522261963690765,8.94730382873368,0.6134927911220727,-15.751973001426393,-9.387481434522519,-9.363202549247585,-25.29408656170986
EC-Earth-Consortium,EC-Earth3-Veg-LR,r1i1p1f1,gr,historical,1984-12,1984,12,0.7730995508881766,187.1543111072249,-0.2824288733389716,-239.02798184645798,-13.930606922195015,-25.42889288291982,-90.74249986679868,0.8443239133056458,179.53984894273685,-0.40726912356645945,-223.33948846597266,-7.907125970966346,-14.520666974641335,-65.79037767910431,-0.07122436241746921,7.61446216448806,0.12484025022748785,-15.688493380485312,-6.0234809512286684,-10.908225908278483,-24.95212218769437
EC-Earth-Consortium,EC-Earth3-Veg-LR,r1i1p1f1,gr,historical,1985-01,1985,1,1.829039746444572,190.96975744522362,-0.8626441393092039,-239.64846334158696,-7.046820081228899,-19.68612619745679,-74.44525656791365,1.9670428406081912,174.6451682692201,-1.1134382139788777,-217.91294889189962,-7.277542063475359,-14.28956539960937,-63.98128345913492,-0.13800309416361922,16.324589176003514,0.25079407466967374,-21.735514449687344,0.23072198224646012,-5.396560797847421,-10.463973108778724
EC-Earth-Consortium,EC-Earth3-Veg-LR,r1i1p1f1,gr,historical,1985-02,1985,2,11.48345226413538,191.3842584596639,-6.376298149783107,-236.88799089656405,-9.59065654232021,-19.761896161300466,-69.74913102616854,12.445773582853347,174.25857569933385,-8.050053493794298,-217.59834553205962,-6.931894885320205,-14.11158454395435,-59.98752917294128,-0.9623213187179669,17.12568276033005,1.673755344011191,-19.289645364504423,-2.658761657000004,-5.650311617346116,-9.761601853227262
EC-Earth-Consortium,EC-Earth3-Veg-LR,r1i1p1f1,gr,historical,1985-03,1985,3,55.34932822653368,190.22264914551093,-35.95621363943244,-237.23417102133234,-8.195052968056965,-18.45887698594954,-54.272337242726664,59.86295421939759,178.6380625638465,-42.42060087439643,-224.19115525659498,-5.777500516309919,-12.96961739527065,-46.8578572593279,-4.513625992863908,11.584586581664439,6.464387234963986,-13.043015764737362,-2.4175524517470457,-5.489259590678891,-7.414479983398763
EC-Earth-Consortium,EC-Earth3-Veg-LR,r1i1p1f1,gr,historical,1985-04,1985,4,155.8154753028816,206.70251016635834,-105.22757394173206,-257.18990133447653,-5.645729399567841,-14.745315859388214,-20.290535065924686,165.54918549462982,193.94768773026806,-121.36911048471737,-244.71414659154436,-3.5592308420521506,-11.316720965746057,-21.462335659162093,-9.73371019174823,12.75482243609028,16.141536542985307,-12.475754742932168,-2.0864985575156907,-3.428594893642156,1.171800593237407
EC-Earth-Consortium,EC-Earth3-Veg-LR,r1i1p1f1,gr,historical,1985-05,1985,5,264.2755417427741,233.17505341391131,-170.897468843864,-287.25020844511954,-4.08234546155699,-14.289837779021479,20.930734627123396,275.6543792863859,224.5590747925627,-196.4506719906339,-277.14177299595417,-1.8042443237938772,-10.700238938634309,14.116525829932366,-11.37883754361178,8.615978621348603,25.553203146769903,-10.10843544916537,-2.278101137763113,-3.58959884038717,6.81420879719103
EC-Earth-Consortium,EC-Earth3-Veg-LR,r1i1p1f1,gr,historical,1985-06,1985,6,272.5158313348499,278.17542447902156,-142.83380981071397,-316.8835320229041,-2.817340306053148,-15.817768581703929,72.33880509249634,296.31824615671405,264.6805788578032,-184.2618748228265,-305.99544242897827,-1.3256800948089977,-11.303420968742303,58.11240669916117,-23.802414821864147,13.49484562121836,41.42806501211254,-10.888089593925827,-1.4916602112441502,-4.514347612961625,14.226398393335174
EC-Earth-Consortium,EC-Earth3-Veg-LR,r1i1p1f1,gr,historical,1985-07,1985,7,208.9527963379543,300.1208810829238,-71.04673504139247,-328.81103393036256,-0.3709067705126808,-12.364511510699911,96.48049016791046,225.98526739919413,289.5888849412498,-106.74472434052524,-319.32788691162557,-0.19383547240358012,-10.584539231081097,78.72316638480842,-17.032471061239818,10.531996141674028,35.69798929913277,-9.483147018736986,-0.17707129810910066,-1.7799722796188142,17.757323783102038
EC-Earth-Consortium,EC-Earth3-Veg-LR,r1i1p1f1,gr,historical,1985-08,1985,8,131.35968281422996,300.1152471783688,-35.264830955821445,-330.5381557697561,-0.43418974110603864,-14.269813281075423,50.96794024483976,143.965143639584,285.514983779784,-56.61969220867284,-317.4160441353086,-0.736401837272086,-11.828037470306784,42.8799517678077,-12.605460825354044,14.600263398584787,21.354861252851393,-13.122111634447492,0.30221209616604733,-2.4417758107686396,8.087988477032063
EC-Earth-Consortium,EC-Earth3-Veg-LR,r1i1p1f1,gr,historical,1985-09,1985,9,66.10879580802784,275.5819671538177,-18.14469680888891,-316.2452265099372,-5.00511509464183,-20.202502171862715,-17.906777623485144,72.23187531070974,254.64399326285204,-29.49217390513061,-295.7570914889987,-3.0077420278618163,-14.867742559467041,-16.248881407896377,-6.123079502681904,20.93797389096565,11.3474770962417,-20.4881350209385,-1.997373066780014,-5.334759612395674,-1.6578962155887673
EC-Earth-Consortium,EC-Earth3-Veg-LR,r1i1p1f1,gr,historical,1985-10,1985,10,19.4524751446245,241.59697377425283,-5.7246159667060335,-287.88797788702067,-9.316474586913467,-21.933552737272972,-63.813172259035824,21.17782998279387,219.68910623165684,-9.062038234793288,-263.59941570919926,-7.415014525185129,-17.082779513843093,-56.292311768570094,-1.7253548381693697,21.907867542595994,3.3374222680872547,-24.288562177821404,-1.9014600617283373,-4.850773223429879,-7.520860490465729
EC-Earth-Consortium,EC-Earth3-Veg-LR,r1i1p1f1,gr,historical,1985-11,1985,11,3.257088887566231,217.06016266465176,-0.7915625471893153,-263.1718187679463,-11.09955605910204,-20.589660342075796,-75.33534616409551,3.573632890038961,193.44910051493784,-1.4677800076550447,-237.86279579461424,-8.81039866871152,-15.933404947758362,-67.05164601376235,-0.31654400247272996,23.611062149713916,0.6762174604657294,-25.309022973332077,-2.289157390390521,-4.656255394317434,-8.28370015033316
EC-Earth-Consortium,EC-Earth3-Veg-LR,r1i1p1f1,gr,historical,1985-12,1985,12,0.7477757137446478,191.26480157204156,-0.22388251442367932,-241.79691264560716,-17.358493316837006,-24.209916417631028,-91.57662760871267,0.8443239133056458,179.53984894273685,-0.40726912356645945,-223.33948846597266,-7.907125970966346,-14.520666974641335,-65.79037767910431,-0.09654819956099803,11.72495262930471,0.18338660914278013,-18.4574241796345,-9.45136734587066,-9.689249442989693,-25.78624992960836
EC-Earth-Consortium,EC-Earth3-Veg-LR,r1i1p1f1,gr,historical,1986-01,1986,1,1.7612930258632387,180.2609962343954,-0.8136034413425534,-230.2367332629903,-18.11729927568595,-25.825526739827673,-92.97087345958784,1.9670428406081912,174.6451682692201,-1.1134382139788777,-217.91294889189962,-7.277542063475359,-14.28956539960937,-63.98128345913492,-0.20574981474495257,5.615827965175299,0.2998347726363243,-12.323784371090682,-10.839757212210593,-11.535961340218304,-28.989590000452914
EC-Earth-Consortium,EC-Earth3-Veg-LR,r1i1p1f1,gr,historical,1986-02,1986,2,11.394913500667924,186.89449962903726,-6.353100468320009,-236.03007725914557,-18.501896128878247,-27.962267785973914,-90.55792851261256,12.445773582853347,174.25857569933385,-8.050053493794298,-217.59834553205962,-6.931894885320205,-14.11158454395435,-59.98752917294128,-1.050860082185423,12.63592392970341,1.696953025474289,-18.431731727085946,-11.570001243558043,-13.850683242019564,-30.570399339671283
EC-Earth-Consortium,EC-Earth3-Veg-LR,r1i1p1f1,gr,historical,1986-03,1986,3,54.43877372139649,203.85160145311107,-35.21021342032002,-249.02052078525264,-8.030296287964374,-18.093999199098967,-52.06465451812844,59.86295421939759,178.6380625638465,-42.42060087439643,-224.19115525659498,-5.777500516309919,-12.96961739527065,-46.8578572593279,-5.4241804980011,25.213538889264584,7.210387454076411,-24.82936552865766,-2.252795771654455,-5.124381803828317,-5.206797258800542
EC-Earth-Consortium,EC-Earth3-Veg-LR,r1i1p1f1,gr,historical,1986-04,1986,4,157.03230034252843,209.06674762779946,-106.09945350937481,-260.7668751174027,-5.257907019625708,-14.625284678902082,-20.650472354977445,165.54918549462982,193.94768773026806,-121.36911048471737,-244.71414659154436,-3.5592308420521506,-11.316720965746057,-21.462335659162093,-8.516885152101395,15.1190598975314,15.269656975342556,-16.052728525858356,-1.698676177573557,-3.3085637131560244,0.8118633041846479
EC-Earth-Consortium,EC-Earth3-Veg-LR,r1i1p1f1,gr,historical,1986-05,1986,5,257.49387779721917,241.37964449945684,-166.5132421041464,-291.43909311668733,-1.27169896426086,-12.005655172089977,27.64383293949145,275.6543792863859,224.5590747925627,-196.4506719906339,-277.14177299595417,-1.8042443237938772,-10.700238938634309,14.116525829932366,-18.160501489166734,16.820569706894133,29.937429886487507,-14.297320120733161,0.5325453595330172,-1.3054162334556683,13.527307109559084
EC-Earth-Consortium,EC-Earth3-Veg-LR,r1i1p1f1,gr,historical,1986-06,1986,6,271.5816366206739,278.24653765551994,-137.9418542058455,-317.5911371243377,-3.189281791441191,-15.815902810083696,75.28999834448575,296.31824615671405,264.6805788578032,-184.2618748228265,-305.99544242897827,-1.3256800948089977,-11.303420968742303,58.11240669916117,-24.736609536040135,13.565958797716746,46.320020616981026,-11.595694695359441,-1.8636016966321933,-4.512481841341392,17.177591645324583
EC-Earth-Consortium,EC-Earth3-Veg-LR,r1i1p1f1,gr,historical,1986-07,1986,7,203.40457661653318,300.47848516627283,-67.32436645755246,-329.92507879564516,-0.4026247447473961,-14.305606107185028,91.92538567767596,225.98526739919413,289.5888849412498,-106.74472434052524,-319.32788691162557,-0.19383547240358012,-10.584539231081097,78.72316638480842,-22.58069078266095,10.88960022502306,39.42035788297278,-10.597191884019594,-0.208789272343816,-3.721066876103931,13.20221929286754
EC-Earth-Consortium,EC-Earth3-Veg-LR,r1i1p1f1,gr,historical,1986-08,1986,8,133.82953146934958,299.22537579477836,-36.718392613660086,-332.0658814204042,-1.379012906841651,-14.9400435472493,47.9515767759727,143.965143639584,285.514983779784,-56.61969220867284,-317.4160441353086,-0.736401837272086,-11.828037470306784,42.8799517678077,-10.135612170234424,13.71039201499434,19.901299595012752,-14.6498372850956,-0.642611069569565,-3.1120060769425155,5.071625008165
EC-Earth-Consortium,EC-Earth3-Veg-LR,r1i1p1f1,gr,historical,1986-09,1986,9,67.64785838500383,274.96161218538475,-19.921645783728298,-317.26191758973243,-4.258163645052258,-20.875227127209584,-19.707483575334017,72.23187531070974,254.64399326285204,-29.49217390513061,-295.7570914889987,-3.0077420278618163,-14.867742559467041,-16.248881407896377,-4.58401692570591,20.317618922532716,9.570528121402312,-21.504826100733737,-1.250421617190442,-6.007484567742543,-3.4586021674376397
EC-Earth-Consortium,EC-Earth3-Veg-LR,r1i1p1f1,gr,historical,1986-10,1986,10,20.768320781570207,236.57187955180825,-6.090840269156739,-285.7132422173492,-12.48776279285576,-25.170347938960173,-72.12199288494342,21.17782998279387,219.68910623165684,-9.062038234793288,-263.59941570919926,-7.415014525185129,-17.082779513843093,-56.292311768570094,-0.4095092012236634,16.882773320151415,2.9711979656365495,-22.11382650814994,-5.07274826767063,-8.08756842511708,-15.82968111637333
EC-Earth-Consortium,EC-Earth3-Veg-LR,r1i1p1f1,gr,historical,1986-11,1986,11,3.1734587469923765,209.43695010677055,-0.7965479641465839,-258.74591996061264,-18.13118751390752,-27.02615378857781,-92.08940037348162,3.573632890038961,193.44910051493784,-1.4677800076550447,-237.86279579461424,-8.81039866871152,-15.933404947758362,-67.05164601376235,-0.4001741430465846,15.987849591832713,0.6712320435084608,-20.883124165998396,-9.320788845196,-11.092748840819446,-25.037754359719273
EC-Earth-Consortium,EC-Earth3-Veg-LR,r1i1p1f1,gr,historical,1986-12,1986,12,0.7858485686084562,193.5799839954236,-0.2904357409948032,-242.0683968248231,-12.833061732811176,-21.464792578656652,-82.2908543132537,0.8443239133056458,179.53984894273685,-0.40726912356645945,-223.33948846597266,-7.907125970966346,-14.520666974641335,-65.79037767910431,-0.058475344697189624,14.040135052686736,0.11683338257165626,-18.728908358850447,-4.92593576184483,-6.944125604015317,-16.500476634149393
EC-Earth-Consortium,EC-Earth3-Veg-LR,r1i1p1f1,gr,historical,1987-01,1987,1,1.8377766538169595,182.07967144384236,-0.8786596293138108,-231.64426103715178,-17.05933357888495,-26.11582259446079,-91.78062874215202,1.9670428406081912,174.6451682692201,-1.1134382139788777,-217.91294889189962,-7.277542063475359,-14.28956539960937,-63.98128345913492,-0.1292661867912317,7.43450317462225,0.23477858466506685,-13.731312145252161,-9.78179151540959,-11.826257194851422,-27.799345283017097
EC-Earth-Consortium,EC-Earth3-Veg-LR,r1i1p1f1,gr,historical,1987-02,1987,2,12.113695692301759,181.26928441777375,-6.851843751845314,-232.63402875877105,-15.101784597218709,-24.09753243759621,-85.30220943535579,12.445773582853347,174.25857569933385,-8.050053493794298,-217.59834553205962,-6.931894885320205,-14.11158454395435,-59.98752917294128,-0.332077890551588,7.010708718439901,1.1982097419489843,-15.035683226711427,-8.169889711898502,-9.98594789364186,-25.314680262414512
EC-Earth-Consortium,EC-Earth3-Veg-LR,r1i1p1f1,gr,historical,1987-03,1987,3,56.998842901200845,189.26730748156206,-37.09659193171085,-239.31385596271105,-10.09440409810358,-20.092501291834783,-60.33120290159734,59.86295421939759,178.6380625638465,-42.42060087439643,-224.19115525659498,-5.777500516309919,-12.96961739527065,-46.8578572593279,-2.8641113181967413,10.629244917715567,5.32400894268558,-15.122700706116063,-4.31690358179366,-7.122883896564133,-13.473345642269436
EC-Earth-Consortium,EC-Earth3-Veg-LR,r1i1p1f1,gr,historical,1987-04,1987,4,159.5744195058711,199.46900754954189,-110.01499332755724,-253.3051444995363,-6.820433807696554,-16.349128731075705,-27.446273310452856,165.54918549462982,193.94768773026806,-121.36911048471737,-244.71414659154436,-3.5592308420521506,-11.316720965746057,-21.462335659162093,-5.974765988758719,5.5213198192738275,11.354117157160132,-8.590997907991948,-3.261202965644403,-5.032407765329648,-5.983937651290763
EC-Earth-Consortium,EC-Earth3-Veg-LR,r1i1p1f1,gr,historical,1987-05,1987,5,260.0184968906628,237.7502264138046,-173.6262311153324,-288.0598510212066,-2.0665960472073497,-11.89123019814265,22.12481492257833,275.6543792863859,224.5590747925627,-196.4506719906339,-277.14177299595417,-1.8042443237938772,-10.700238938634309,14.116525829932366,-15.635882395723115,13.191151621241886,22.82444087530152,-10.918078025252441,-0.26235172341347246,-1.1909912595083405,8.008289092645965
EC-Earth-Consortium,EC-Earth3-Veg-LR,r1i1p1f1,gr,historical,1987-06,1987,6,278.2359446714622,276.0815698999182,-154.9049077299552,-314.8442265369221,-2.2091624873235602,-13.988307858361289,68.37090995881817,296.31824615671405,264.6805788578032,-184.2618748228265,-305.99544242897827,-1.3256800948089977,-11.303420968742303,58.11240669916117,-18.082301485251833,11.400991042114981,29.356967092871315,-8.848784107943857,-0.8834823925145625,-2.6848868896189853,10.258503259657004
EC-Earth-Consortium,EC-Earth3-Veg-LR,r1i1p1f1,gr,historical,1987-07,1987,7,211.86103932484872,298.31840856985195,-84.88716262449582,-327.398791343301,-0.6937617210086964,-12.336109035682322,84.8636231702128,225.98526739919413,289.5888849412498,-106.74472434052524,-319.32788691162557,-0.19383547240358012,-10.584539231081097,78.72316638480842,-14.12422807434541,8.72952362860218,21.857561716029423,-8.070904431675444,-0.49992624860511625,-1.7515698046012247,6.140456785404382
EC-Earth-Consortium,EC-Earth3-Veg-LR,r1i1p1f1,gr,historical,1987-08,1987,8,134.89304529083165,297.2700255364364,-42.04881482028244,-328.536463729016,-2.425830735327279,-15.443322987217647,43.70863855542466,143.965143639584,285.514983779784,-56.61969220867284,-317.4160441353086,-0.736401837272086,-11.828037470306784,42.8799517678077,-9.072098348752348,11.75504175665236,14.5708773883904,-11.120419593707425,-1.689428898055193,-3.6152855169108626,0.8286867876169666
EC-Earth-Consortium,EC-Earth3-Veg-LR,r1i1p1f1,gr,historical,1987-09,1987,9,69.0384312025737,271.3725064265124,-20.74454834788282,-312.6636504729043,-6.233653423044007,-20.75478439545388,-19.985699010198886,72.23187531070974,254.64399326285204,-29.49217390513061,-295.7570914889987,-3.0077420278618163,-14.867742559467041,-16.248881407896377,-3.1934441081360347,16.72851316366038,8.74762555724779,-16.906558983905597,-3.225911395182191,-5.887041835986837,-3.7368176023025086
EC-Earth-Consortium,EC-Earth3-Veg-LR,r1i1p1f1,gr,historical,1987-10,1987,10,20.406851045649606,232.61079092709053,-6.343395912077552,-281.48392441946396,-10.889235282636541,-24.783063067930186,-70.4819767093681,21.17782998279387,219.68910623165684,-9.062038234793288,-263.59941570919926,-7.415014525185129,-17.082779513843093,-56.292311768570094,-0.7709789371442639,12.921684695433697,2.718642322715736,-17.884508710264697,-3.4742207574514117,-7.700283554087093,-14.189664940798004
EC-Earth-Consortium,EC-Earth3-Veg-LR,r1i1p1f1,gr,historical,1987-11,1987,11,3.3712403624769567,203.50914897741055,-0.9454737256655531,-253.78081483050806,-16.389153425954927,-25.54648831511275,-89.7815409573538,3.573632890038961,193.44910051493784,-1.4677800076550447,-237.86279579461424,-8.81039866871152,-15.933404947758362,-67.05164601376235,-0.20239252756200443,10.060048462472707,0.5223062819894916,-15.91801903589382,-7.5787547572434075,-9.613083367354388,-22.729894943591447
EC-Earth-Consortium,EC-Earth3-Veg-LR,r1i1p1f1,gr,historical,1987-12,1987,12,0.7680416095157626,192.26885810394876,-0.2723085162632926,-238.63556853029593,-14.070574513800274,-20.578009612597914,-80.51956145949288,0.8443239133056458,179.53984894273685,-0.40726912356645945,-223.33948846597266,-7.907125970966346,-14.520666974641335,-65.79037767910431,-0.07628230378988321,12.729009161211906,0.13496060730316684,-15.296080064323263,-6.163448542833928,-6.0573426379565785,-14.729183780388567
EC-Earth-Consortium,EC-Earth3-Veg-LR,r1i1p1f1,gr,historical,1988-01,1988,1,1.8297744384996921,193.24390151538216,-0.8630902556751996,-237.94422626518764,-5.98989180060182,-17.332960573517312,-67.05649294110009,1.9670428406081912,174.6451682692201,-1.1134382139788777,-217.91294889189962,-7.277542063475359,-14.28956539960937,-63.98128345913492,-0.1372684021084991,18.598733246162055,0.25034795830367806,-20.03127737328802,1.2876502628735391,-3.0433951739079426,-3.0752094819651674
EC-Earth-Consortium,EC-Earth3-Veg-LR,r1i1p1f1,gr,historical,1988-02,1988,2,11.8624110463934,187.53346008707894,-6.703557805816705,-232.2095515399649,-6.039106169087384,-15.727924754382594,-61.284269135779255,12.445773582853347,174.25857569933385,-8.050053493794298,-217.59834553205962,-6.931894885320205,-14.11158454395435,-59.98752917294128,-0.5833625364599477,13.27488438774509,1.3464956879775931,-14.611206007905281,0.892788716232821,-1.616340210428243,-1.2967399628379752
EC-Earth-Consortium,EC-Earth3-Veg-LR,r1i1p1f1,gr,historical,1988-03,1988,3,59.718069051477066,190.94153192323694,-38.72198746360264,-240.5316338005616,-10.289205881830377,-20.279241595470342,-59.162467766750936,59.86295421939759,178.6380625638465,-42.42060087439643,-224.19115525659498,-5.777500516309919,-12.96961739527065,-46.8578572593279,-0.14488516792052053,12.303469359390448,3.69861341079379,-16.34047854396661,-4.5117053655204575,-7.309624200199693,-12.304610507423035
EC-Earth-Consortium,EC-Earth3-Veg-LR,r1i1p1f1,gr,historical,1988-04,1988,4,157.36818189133703,216.10705749333994,-108.25917153537551,-264.9208265309378,-2.7246354735887235,-13.998134886255503,-16.427529041480575,165.54918549462982,193.94768773026806,-121.36911048471737,-244.71414659154436,-3.5592308420521506,-11.316720965746057,-21.462335659162093,-8.181003603292794,22.15936976307188,13.109938949341853,-20.20667993939344,0.8345953684634271,-2.6814139205094456,5.034806617681518
EC-Earth-Consortium,EC-Earth3-Veg-LR,r1i1p1f1,gr,historical,1988-05,1988,5,265.8823201344711,234.15831787330006,-177.27834877268072,-287.79899345430624,-3.691063709460317,-15.236282110177715,16.03594996114619,275.6543792863859,224.5590747925627,-196.4506719906339,-277.14177299595417,-1.8042443237938772,-10.700238938634309,14.116525829932366,-9.772059151914789,9.599243080737352,19.172323217953192,-10.657220458352072,-1.8868193856664397,-4.536043171543406,1.919424131213825
EC-Earth-Consortium,EC-Earth3-Veg-LR,r1i1p1f1,gr,historical,1988-06,1988,6,275.4219528255563,275.67418224067615,-150.39640998951057,-314.1603366084139,-1.7607598213361941,-12.954089105371748,71.82453954159995,296.31824615671405,264.6805788578032,-184.2618748228265,-305.99544242897827,-1.3256800948089977,-11.303420968742303,58.11240669916117,-20.89629333115778,10.993603382872948,33.86546483331594,-8.164894179435635,-0.4350797265271964,-1.6506681366294451,13.712132842438777
EC-Earth-Consortium,EC-Earth3-Veg-LR,r1i1p1f1,gr,historical,1988-07,1988,7,209.35307067453448,299.71058987248335,-76.45928448999015,-328.7386565629467,-1.6256132525863383,-13.266205177872067,88.97390106362262,225.98526739919413,289.5888849412498,-106.74472434052524,-319.32788691162557,-0.19383547240358012,-10.584539231081097,78.72316638480842,-16.63219672465965,10.12170493123358,30.285439850535084,-9.410769651321118,-1.4317777801827583,-2.68166594679097,10.250734678814197
EC-Earth-Consortium,EC-Earth3-Veg-LR,r1i1p1f1,gr,historical,1988-08,1988,8,131.15662710728145,298.8845941903697,-38.23631788575526,-329.86090115410946,-1.4745975193640015,-14.182323331241607,46.287081407180786,143.965143639584,285.514983779784,-56.61969220867284,-317.4160441353086,-0.736401837272086,-11.828037470306784,42.8799517678077,-12.808516532302548,13.369610410585665,18.383374322917575,-12.44485701880086,-0.7381956820919156,-2.354285860934823,3.407129639373089
EC-Earth-Consortium,EC-Earth3-Veg-LR,r1i1p1f1,gr,historical,1988-09,1988,9,65.62013910621525,270.31075951857275,-20.070600633137982,-311.92230039575765,-5.740715283341575,-19.843837968108442,-21.64655565555762,72.23187531070974,254.64399326285204,-29.49217390513061,-295.7570914889987,-3.0077420278618163,-14.867742559467041,-16.248881407896377,-6.611736204494491,15.666766255720717,9.421573271992628,-16.16520890675895,-2.7329732554797586,-4.976095408641401,-5.397674247661243
EC-Earth-Consortium,EC-Earth3-Veg-LR,r1i1p1f1,gr,historical,1988-10,1988,10,18.955001899942502,240.42702914827402,-5.535128051312955,-285.2702904456499,-10.461320383782484,-23.215424482552354,-65.1001323150812,21.17782998279387,219.68910623165684,-9.062038234793288,-263.59941570919926,-7.415014525185129,-17.082779513843093,-56.292311768570094,-2.2228280828513682,20.73792291661718,3.526910183480333,-21.670874736450628,-3.0463058585973544,-6.132644968709261,-8.807820546511103
EC-Earth-Consortium,EC-Earth3-Veg-LR,r1i1p1f1,gr,historical,1988-11,1988,11,2.9902183883949967,206.63871081094368,-0.770468600759922,-256.2065521027523,-18.279630838640163,-26.717976496067532,-92.34569883888126,3.573632890038961,193.44910051493784,-1.4677800076550447,-237.86279579461424,-8.81039866871152,-15.933404947758362,-67.05164601376235,-0.5834145016439645,13.189610296005839,0.6973114068951227,-18.34375630813807,-9.469232169928643,-10.78457154830917,-25.29405282511891
EC-Earth-Consortium,EC-Earth3-Veg-LR,r1i1p1f1,gr,historical,1988-12,1988,12,0.7313000597491094,198.46243066897176,-0.2452368971244921,-243.34603646532742,-8.001010601483403,-18.248048199078436,-70.64660143429288,0.8443239133056458,179.53984894273685,-0.40726912356645945,-223.33948846597266,-7.907125970966346,-14.520666974641335,-65.79037767910431,-0.11302385355653644,18.92258172623491,0.16203222644196735,-20.00654799935475,-0.09388463051705642,-3.727381224437101,-4.856223755188566
EC-Earth-Consortium,EC-Earth3-Veg-LR,r1i1p1f1,gr,historical,1989-01,1989,1,1.7672080232893383,192.94613916704486,-0.79551005619272,-237.90499534483527,-14.013343490251815,-23.047129785208845,-81.04763148615444,1.9670428406081912,174.6451682692201,-1.1134382139788777,-217.91294889189962,-7.277542063475359,-14.28956539960937,-63.98128345913492,-0.1998348173188529,18.300970897824755,0.3179281577861577,-19.992046452935654,-6.735801426776456,-8.757564385599476,-17.066348027019522
EC-Earth-Consortium,EC-Earth3-Veg-LR,r1i1p1f1,gr,historical,1989-02,1989,2,11.396485320714689,183.24917398892234,-6.453805304934779,-231.61868063351665,-8.183691371971976,-20.178159295472877,-71.78867729625924,12.445773582853347,174.25857569933385,-8.050053493794298,-217.59834553205962,-6.931894885320205,-14.11158454395435,-59.98752917294128,-1.0492882621386581,8.99059828958849,1.5962481888595192,-14.020335101457022,-1.251796486651771,-6.066574751518527,-11.801148123317958
EC-Earth-Consortium,EC-Earth3-Veg-LR,r1i1p1f1,gr,historical,1989-03,1989,3,56.86485536371758,196.22949548299746,-37.0074720920374,-242.6666586638952,-8.045057938495,-18.392658431485444,-53.01749627919801,59.86295421939759,178.6380625638465,-42.42060087439643,-224.19115525659498,-5.777500516309919,-12.96961739527065,-46.8578572593279,-2.9980988556800057,17.591432919150975,5.413128782359024,-18.47550340730021,-2.2675574221850816,-5.423041036214794,-6.159639019870106
EC-Earth-Consortium,EC-Earth3-Veg-LR,r1i1p1f1,gr,historical,1989-04,1989,4,156.79893965788165,210.03224482709015,-107.99854637909452,-260.797424361766,-7.206686076952539,-18.633773977042395,-27.80524630988366,165.54918549462982,193.94768773026806,-121.36911048471737,-244.71414659154436,-3.5592308420521506,-11.316720965746057,-21.462335659162093,-8.750245836748178,16.084557096822095,13.370564105622847,-16.083277770221628,-3.6474552349003884,-7.317053011296338,-6.342910650721567
EC-Earth-Consortium,EC-Earth3-Veg-LR,r1i1p1f1,gr,historical,1989-05,1989,5,257.6586155382227,242.28465133008555,-168.0674467938074,-291.89545525961245,-1.92952220890698,-12.43239243433243,25.61845017164898,275.6543792863859,224.5590747925627,-196.4506719906339,-277.14177299595417,-1.8042443237938772,-10.700238938634309,14.116525829932366,-17.9957637481632,17.72557653752284,28.383225196826515,-14.753682263658277,-0.12527788511310267,-1.732153495698121,11.501924341716615
EC-Earth-Consortium,EC-Earth3-Veg-LR,r1i1p1f1,gr,historical,1989-06,1989,6,275.0325278004385,277.33558094431737,-145.7673959958585,-316.67102966035935,-2.0274876460454014,-13.9166476929954,73.98554774949727,296.31824615671405,264.6805788578032,-184.2618748228265,-305.99544242897827,-1.3256800948089977,-11.303420968742303,58.11240669916117,-21.285718356275538,12.655002086514173,38.49447882696802,-10.675587231381087,-0.7018075512364037,-2.6132267242530975,15.873141050336102
EC-Earth-Consortium,EC-Earth3-Veg-LR,r1i1p1f1,gr,historical,1989-07,1989,7,207.0211153490368,301.0653466342643,-73.96939629166887,-329.7476011457,-0.8540635120764329,-12.009739634064818,91.50566139979095,225.98526739919413,289.5888849412498,-106.74472434052524,-319.32788691162557,-0.19383547240358012,-10.584539231081097,78.72316638480842,-18.964152050157338,11.476461693014528,32.775328048856366,-10.419714234074434,-0.6602280396728528,-1.4252004029837213,12.78249501498253
EC-Earth-Consortium,EC-Earth3-Veg-LR,r1i1p1f1,gr,historical,1989-08,1989,8,132.38713067691452,299.4526350141762,-37.12426139326815,-330.7847025708003,-1.7746845293467168,-15.486228352495528,46.669888845180054,143.965143639584,285.514983779784,-56.61969220867284,-317.4160441353086,-0.736401837272086,-11.828037470306784,42.8799517678077,-11.578012962669476,13.937651234392206,19.49543081540469,-13.368658435491682,-1.0382826920746309,-3.6581908821887446,3.7899370773723575
EC-Earth-Consortium,EC-Earth3-Veg-LR,r1i1p1f1,gr,historical,1989-09,1989,9,65.51118206310079,275.61707158569857,-18.762662240989837,-314.6255921064763,-4.725779879902453,-19.813654196643988,-16.799434775213157,72.23187531070974,254.64399326285204,-29.49217390513061,-295.7570914889987,-3.0077420278618163,-14.867742559467041,-16.248881407896377,-6.720693247608949,20.973078322846533,10.729511664140773,-18.868500617477594,-1.718037852040637,-4.9459116371769465,-0.5505533673167804
EC-Earth-Consortium,EC-Earth3-Veg-LR,r1i1p1f1,gr,historical,1989-10,1989,10,20.055218196363594,238.4118764911479,-5.687577334977785,-286.5968056692261,-11.139485712559459,-25.023630129448723,-69.98040415870062,21.17782998279387,219.68910623165684,-9.062038234793288,-263.59941570919926,-7.415014525185129,-17.082779513843093,-56.292311768570094,-1.1226117864302765,18.722770259491057,3.374460899815503,-22.99738996002685,-3.7244711873743297,-7.94085061560563,-13.688092390130528
EC-Earth-Consortium,EC-Earth3-Veg-LR,r1i1p1f1,gr,historical,1989-11,1989,11,3.2487542681009867,205.82922632647472,-0.8019269784485796,-256.75508919296897,-21.20179533570065,-29.298395448277084,-98.97922636081958,3.573632890038961,193.44910051493784,-1.4677800076550447,-237.86279579461424,-8.81039866871152,-15.933404947758362,-67.05164601376235,-0.32487862193797445,12.380125811536885,0.665853029206465,-18.892293398354724,-12.39139666698913,-13.364990500518722,-31.92758034705723
EC-Earth-Consortium,EC-Earth3-Veg-LR,r1i1p1f1,gr,historical,1989-12,1989,12,0.7813991513467231,193.13598319895547,-0.2948486339308085,-241.73910585302804,-17.90011457879493,-25.741906774003617,-91.75859348945517,0.8443239133056458,179.53984894273685,-0.40726912356645945,-223.33948846597266,-7.907125970966346,-14.520666974641335,-65.79037767910431,-0.06292476195892271,13.596134256218619,0.11242048963565093,-18.399617387055372,-9.992988607828584,-11.221239799362282,-25.968215810350856
EC-Earth-Consortium,EC-Earth3-Veg-LR,r1i1p1f1,gr,historical,1990-01,1990,1,1.8223508692699628,194.89552147500427,-0.8979516118216222,-242.15844784203728,-15.83186772446975,-25.96479779999626,-88.13519263405065,1.9670428406081912,174.6451682692201,-1.1134382139788777,-217.91294889189962,-7.277542063475359,-14.28956539960937,-63.98128345913492,-0.14469197133822842,20.250353205784165,0.21548660215725546,-24.24549895013766,-8.554325660994392,-11.67523240038689,-24.153909174915732
EC-Earth-Consortium,EC-Earth3-Veg-LR,r1i1p1f1,gr,historical,1990-02,1990,2,11.225766253625647,190.7315329562779,-6.418252102884072,-236.81464000136612,-11.602715462105555,-23.23418031216047,-76.11248866861268,12.445773582853347,174.25857569933385,-8.050053493794298,-217.59834553205962,-6.931894885320205,-14.11158454395435,-59.98752917294128,-1.2200073292277,16.472957256944056,1.6318013909102262,-19.21629446930649,-4.67082057678535,-9.122595768206118,-16.124959495671405
EC-Earth-Consortium,EC-Earth3-Veg-LR,r1i1p1f1,gr,historical,1990-03,1990,3,55.71484436241919,193.59052066232172,-35.97310213137083,-241.25037218806133,-9.111256320523337,-20.799619564333454,-57.82898517954804,59.86295421939759,178.6380625638465,-42.42060087439643,-224.19115525659498,-5.777500516309919,-12.96961739527065,-46.8578572593279,-4.148109856978394,14.952458098475233,6.447498743025598,-17.059216931466352,-3.3337558042134177,-7.830002169062805,-10.971127920220141
EC-Earth-Consortium,EC-Earth3-Veg-LR,r1i1p1f1,gr,historical,1990-04,1990,4,158.52118784608905,204.19598039600575,-107.702994438058,-257.86620227678924,-7.6248959356210095,-17.88810968123913,-28.365034089612603,165.54918549462982,193.94768773026806,-121.36911048471737,-244.71414659154436,-3.5592308420521506,-11.316720965746057,-21.462335659162093,-7.027997648540776,10.248292665737694,13.666116046659369,-13.152055685244875,-4.0656650935688585,-6.571388715493072,-6.90269843045051
EC-Earth-Consortium,EC-Earth3-Veg-LR,r1i1p1f1,gr,historical,1990-05,1990,5,257.8304412583956,242.224115605372,-168.717653921733,-292.0801161737227,-3.6617547565424897,-14.66717898354459,20.92785302822486,275.6543792863859,224.5590747925627,-196.4506719906339,-277.14177299595417,-1.8042443237938772,-10.700238938634309,14.116525829932366,-17.823938027990323,17.66504081280928,27.73301806890092,-14.938343177768502,-1.8575104327486125,-3.966940044910281,6.811327198292494
EC-Earth-Consortium,EC-Earth3-Veg-LR,r1i1p1f1,gr,historical,1990-06,1990,6,281.64407242189554,273.5303618416831,-148.57368534565418,-315.153513012887,-3.3877871768547436,-15.622511893799738,72.43693683438293,296.31824615671405,264.6805788578032,-184.2618748228265,-305.99544242897827,-1.3256800948089977,-11.303420968742303,58.11240669916117,-14.67417373481851,8.84978298387989,35.68818947717233,-9.158070583908739,-2.062107082045746,-4.319090925057434,14.324530135221764
EC-Earth-Consortium,EC-Earth3-Veg-LR,r1i1p1f1,gr,historical,1990-07,1990,7,221.6709014979071,295.3625628793868,-84.60398025270933,-328.907288747661,-0.46013945768725606,-12.614790810025688,90.44726510921066,225.98526739919413,289.5888849412498,-106.74472434052524,-319.32788691162557,-0.19383547240358012,-10.584539231081097,78.72316638480842,-4.314365901287033,5.773677938137041,22.140744087815904,-9.579401836035458,-0.26630398528367594,-2.0302515789445916,11.72409872440224
EC-Earth-Consortium,EC-Earth3-Veg-LR,r1i1p1f1,gr,historical,1990-08,1990,8,136.69633518003775,298.14282160605205,-41.18258478838202,-330.3267961803518,-0.8756524993092638,-16.568848178035427,45.8852751400113,143.965143639584,285.514983779784,-56.61969220867284,-317.4160441353086,-0.736401837272086,-11.828037470306784,42.8799517678077,-7.26880845954625,12.627837826268035,15.437107420290815,-12.910752045043182,-0.13925066203717784,-4.740810707728643,3.0053233722036055
EC-Earth-Consortium,EC-Earth3-Veg-LR,r1i1p1f1,gr,historical,1990-09,1990,9,68.02600179201707,271.6939036423438,-21.068419986837995,-312.64868151141155,-5.563812159751339,-21.049662017190148,-20.610670240830167,72.23187531070974,254.64399326285204,-29.49217390513061,-295.7570914889987,-3.0077420278618163,-14.867742559467041,-16.248881407896377,-4.20587351869267,17.049910379491763,8.423753918292615,-16.891590022412856,-2.5560701318895225,-6.181919457723106,-4.36178883293379
EC-Earth-Consortium,EC-Earth3-Veg-LR,r1i1p1f1,gr,historical,1990-10,1990,10,19.709485264153688,240.77294412570845,-6.179266040990178,-284.79222901001594,-12.276890830165467,-23.8352034001811,-66.60115989149054,21.17782998279387,219.68910623165684,-9.062038234793288,-263.59941570919926,-7.415014525185129,-17.082779513843093,-56.292311768570094,-1.4683447186401821,21.083837894051612,2.8827721938031106,-21.19281330081668,-4.8618763049803375,-6.752423886338008,-10.308848122920445
EC-Earth-Consortium,EC-Earth3-Veg-LR,r1i1p1f1,gr,historical,1990-11,1990,11,3.342763522850001,207.75850743895685,-0.8751354102768182,-258.6833950182422,-18.67146551200912,-29.39616752197656,-96.52489250069786,3.573632890038961,193.44910051493784,-1.4677800076550447,-237.86279579461424,-8.81039866871152,-15.933404947758362,-67.05164601376235,-0.23086936718896034,14.309406924019015,0.5926445973782265,-20.820599223627966,-9.861066843297602,-13.4627625742182,-29.47324648693551
EC-Earth-Consortium,EC-Earth3-Veg-LR,r1i1p1f1,gr,historical,1990-12,1990,12,0.7354599173020151,208.36972235793553,-0.251850227277364,-251.44832350468118,-9.489172953062663,-20.910130490241848,-72.99429490002552,0.8443239133056458,179.53984894273685,-0.40726912356645945,-223.33948846597266,-7.907125970966346,-14.520666974641335,-65.79037767910431,-0.10886399600363073,28.829873415198676,0.15541889628909544,-28.10883503870852,-1.5820469820963172,-6.389463515600513,-7.203917220921213
EC-Earth-Consortium,EC-Earth3-Veg-LR,r1i1p1f1,gr,historical,1991-01,1991,1,1.8184664830986443,194.64335641562894,-0.8277968067371004,-239.67326081759194,-9.791290357533153,-20.343661161905768,-74.17418624504039,1.9670428406081912,174.6451682692201,-1.1134382139788777,-217.91294889189962,-7.277542063475359,-14.28956539960937,-63.98128345913492,-0.1485763575095469,19.998188146408836,0.2856414072417772,-21.76031192569232,-2.5137482940577947,-6.054095762296399,-10.192902785905467
EC-Earth-Consortium,EC-Earth3-Veg-LR,r1i1p1f1,gr,historical,1991-02,1991,2,11.962942183335006,185.4354746083377,-6.780456884530029,-233.71738359353225,-12.251376525681511,-21.29031770073745,-76.64111791280853,12.445773582853347,174.25857569933385,-8.050053493794298,-217.59834553205962,-6.931894885320205,-14.11158454395435,-59.98752917294128,-0.4828313995183411,11.176898909003853,1.2695966092642692,-16.119038061472622,-5.319481640361306,-7.1787331567831,-16.653588739867246
EC-Earth-Consortium,EC-Earth3-Veg-LR,r1i1p1f1,gr,historical,1991-03,1991,3,57.137931685192356,189.62811753733396,-37.13520950798082,-238.1720834241173,-7.0098684645048195,-17.81232380830738,-53.363435982384004,59.86295421939759,178.6380625638465,-42.42060087439643,-224.19115525659498,-5.777500516309919,-12.96961739527065,-46.8578572593279,-2.7250225342052303,10.990054973487474,5.28539136641561,-13.980928167522308,-1.2323679481949004,-4.84270641303673,-6.505578723056104
EC-Earth-Consortium,EC-Earth3-Veg-LR,r1i1p1f1,gr,historical,1991-04,1991,4,158.78464585890273,207.09875125739475,-107.15466790024887,-259.5843980786325,-8.500453304417618,-18.289252643481394,-27.645374810482867,165.54918549462982,193.94768773026806,-121.36911048471737,-244.71414659154436,-3.5592308420521506,-11.316720965746057,-21.462335659162093,-6.76453963572709,13.151063527126695,14.2144425844685,-14.870251487088126,-4.941222462365468,-6.972531677735336,-6.183039151320774
EC-Earth-Consortium,EC-Earth3-Veg-LR,r1i1p1f1,gr,historical,1991-05,1991,5,262.6455439419028,234.54293149177298,-170.36058557192212,-287.257928408777,-3.552740434107636,-13.301625052473348,22.715595966395675,275.6543792863859,224.5590747925627,-196.4506719906339,-277.14177299595417,-1.8042443237938772,-10.700238938634309,14.116525829932366,-13.008835344483089,9.983856699210264,26.090086418711792,-10.11615541282282,-1.7484961103137588,-2.6013861138390393,8.59907013646331
EC-Earth-Consortium,EC-Earth3-Veg-LR,r1i1p1f1,gr,historical,1991-06,1991,6,273.86155495807355,278.8303806055864,-142.29176173167176,-316.9778863527243,0.42133897194330355,-11.650018683120468,82.19360776808679,296.31824615671405,264.6805788578032,-184.2618748228265,-305.99544242897827,-1.3256800948089977,-11.303420968742303,58.11240669916117,-22.4566911986405,14.149801747783215,41.97011309115476,-10.982443923746018,1.7470190667523013,-0.34659771437816467,24.081201068925623
EC-Earth-Consortium,EC-Earth3-Veg-LR,r1i1p1f1,gr,historical,1991-07,1991,7,203.40382569704326,302.8491313198524,-71.34253539134927,-329.56987081822575,0.5032034891081113,-11.06071166800352,94.78304262842525,225.98526739919413,289.5888849412498,-106.74472434052524,-319.32788691162557,-0.19383547240358012,-10.584539231081097,78.72316638480842,-22.58144170215087,13.26024637860263,35.402188949175965,-10.241983906600183,0.6970389615116914,-0.4761724369224236,16.059876243616827
EC-Earth-Consortium,EC-Earth3-Veg-LR,r1i1p1f1,gr,historical,1991-08,1991,8,137.3972925386938,295.17354793952023,-38.24742712700667,-329.163914568573,-1.342173029052545,-15.91517231683939,47.902153436742395,143.965143639584,285.514983779784,-56.61969220867284,-317.4160441353086,-0.736401837272086,-11.828037470306784,42.8799517678077,-6.567851100890209,9.658564159736216,18.37226508166617,-11.747870433264382,-0.6057711917804591,-4.0871348465326065,5.022201668934699
EC-Earth-Consortium,EC-Earth3-Veg-LR,r1i1p1f1,gr,historical,1991-09,1991,9,68.76670272567459,268.92912369049486,-22.334974198519223,-311.08895172879113,-4.024796045814508,-20.195377598644257,-19.94827315559966,72.23187531070974,254.64399326285204,-29.49217390513061,-295.7570914889987,-3.0077420278618163,-14.867742559467041,-16.248881407896377,-3.4651725850351482,14.285130427642827,7.157199706611387,-15.331860239792434,-1.0170540179526917,-5.327635039177215,-3.6993917477032845
EC-Earth-Consortium,EC-Earth3-Veg-LR,r1i1p1f1,gr,historical,1991-10,1991,10,20.42043759200544,237.03006816168852,-6.829165235357941,-281.9367442025457,-10.057923120249281,-23.464883046765358,-64.83820985122432,21.17782998279387,219.68910623165684,-9.062038234793288,-263.59941570919926,-7.415014525185129,-17.082779513843093,-56.292311768570094,-0.7573923907884286,17.340961930031682,2.2328729994353473,-18.337328493346433,-2.642908595064152,-6.382103532922265,-8.545898082654226
EC-Earth-Consortium,EC-Earth3-Veg-LR,r1i1p1f1,gr,historical,1991-11,1991,11,3.3756595179868056,217.97531773114588,-1.0735495429944015,-261.18978587559917,-11.281865715067697,-21.895355359481815,-74.08957924401041,3.573632890038961,193.44910051493784,-1.4677800076550447,-237.86279579461424,-8.81039866871152,-15.933404947758362,-67.05164601376235,-0.19797337205215548,24.52621721620804,0.39423046466064315,-23.326990080984928,-2.471467046356178,-5.961950411723453,-7.037933230248058
EC-Earth-Consortium,EC-Earth3-Veg-LR,r1i1p1f1,gr,historical,1991-12,1991,12,0.7726250979479432,202.4829498174048,-0.3175132559988552,-246.0709647822638,-5.834890899668486,-18.615822142370504,-67.58361616494886,0.8443239133056458,179.53984894273685,-0.40726912356645945,-223.33948846597266,-7.907125970966346,-14.520666974641335,-65.79037767910431,-0.07169881535770262,22.943100874667948,0.08975586756760423,-22.731476316291122,2.07223507129786,-4.095155167729169,-1.7932384858445545
EC-Earth-Consortium,EC-Earth3-Veg-LR,r1i1p1f1,gr,historical,1992-01,1992,1,1.8564859967541005,181.57241756448636,-0.9015126352557923,-230.11595708873446,-12.229039981385416,-21.915048805694816,-81.73265494983002,1.9670428406081912,174.6451682692201,-1.1134382139788777,-217.91294889189962,-7.277542063475359,-14.28956539960937,-63.98128345913492,-0.1105568438540907,6.92724929526625,0.21192557872308537,-12.203008196834844,-4.951497917910057,-7.625483406085447,-17.7513714906951
EC-Earth-Consortium,EC-Earth3-Veg-LR,r1i1p1f1,gr,historical,1992-02,1992,2,11.990035325754546,183.9135224809625,-6.9136322849920235,-231.46757743293495,-16.597537900416313,-23.488306409327183,-82.5634962209534,12.445773582853347,174.25857569933385,-8.050053493794298,-217.59834553205962,-6.931894885320205,-14.11158454395435,-59.98752917294128,-0.4557382570988011,9.654946781628666,1.1364212088022745,-13.86923190087532,-9.665643015096109,-9.376721865372833,-22.575967048012117
EC-Earth-Consortium,EC-Earth3-Veg-LR,r1i1p1f1,gr,historical,1992-03,1992,3,56.45005871210322,196.226791147033,-36.621777433192214,-243.93638314718586,-9.331595146881606,-21.041453383854353,-58.25435925197783,59.86295421939759,178.6380625638465,-42.42060087439643,-224.19115525659498,-5.777500516309919,-12.96961739527065,-46.8578572593279,-3.4128955072943654,17.58872858318651,5.798823441204213,-19.745227890590883,-3.5540946305716865,-8.071835988583704,-11.396501992649931
EC-Earth-Consortium,EC-Earth3-Veg-LR,r1i1p1f1,gr,historical,1992-04,1992,4,155.80148638039856,208.39076545656155,-106.79124848836386,-258.8787980490927,-5.868731537121065,-16.986570410716062,-24.3330966483336,165.54918549462982,193.94768773026806,-121.36911048471737,-244.71414659154436,-3.5592308420521506,-11.316720965746057,-21.462335659162093,-9.747699114231267,14.443077726293495,14.577861996353505,-14.16465145754836,-2.3095006950689148,-5.669849444970005,-2.870760989171508
EC-Earth-Consortium,EC-Earth3-Veg-LR,r1i1p1f1,gr,historical,1992-05,1992,5,261.66729142799835,234.9412725371401,-169.51589274849826,-286.5463073724388,-3.6377408863673324,-14.480087998472113,22.428534959361933,275.6543792863859,224.5590747925627,-196.4506719906339,-277.14177299595417,-1.8042443237938772,-10.700238938634309,14.116525829932366,-13.987087858387554,10.382197744577383,26.934779242135647,-9.404534376484605,-1.8334965625734552,-3.7798490598378045,8.312009129429567
EC-Earth-Consortium,EC-Earth3-Veg-LR,r1i1p1f1,gr,historical,1992-06,1992,6,261.11770308346485,282.6007221735696,-136.91602623275313,-317.52962439800217,-1.7705397201569613,-12.213504780824525,75.28873012529762,296.31824615671405,264.6805788578032,-184.2618748228265,-305.99544242897827,-1.3256800948089977,-11.303420968742303,58.11240669916117,-35.20054307324921,17.92014331576638,47.34584859007339,-11.534181969023905,-0.4448596253479635,-0.9100838120822221,17.17632342613645
EC-Earth-Consortium,EC-Earth3-Veg-LR,r1i1p1f1,gr,historical,1992-07,1992,7,203.12431617709228,299.43086511080975,-70.3230955268625,-327.9551520776832,0.26677601249501415,-13.0741397319356,91.46956996391575,225.98526739919413,289.5888849412498,-106.74472434052524,-319.32788691162557,-0.19383547240358012,-10.584539231081097,78.72316638480842,-22.860951222101846,9.841980169559974,36.421628813662736,-8.627265166057612,0.46061148489859427,-2.489600500854504,12.746403579107323
EC-Earth-Consortium,EC-Earth3-Veg-LR,r1i1p1f1,gr,historical,1992-08,1992,8,129.10713999873468,296.99618053406476,-37.465877733232546,-328.43058118109025,-2.8202308355106545,-16.839814772985942,40.546816009980034,143.965143639584,285.514983779784,-56.61969220867284,-317.4160441353086,-0.736401837272086,-11.828037470306784,42.8799517678077,-14.858003640849319,11.481196754280745,19.153814475440292,-11.014537045781651,-2.0838289982385687,-5.0117773026791586,-2.3331357578276624
EC-Earth-Consortium,EC-Earth3-Veg-LR,r1i1p1f1,gr,historical,1992-09,1992,9,66.13744477112078,264.34423901122454,-20.56768139098922,-309.75907011965745,-5.9235653394262995,-21.51810806735871,-27.28674113508634,72.23187531070974,254.64399326285204,-29.49217390513061,-295.7570914889987,-3.0077420278618163,-14.867742559467041,-16.248881407896377,-6.094430539588956,9.70024574837251,8.924492514141388,-14.001978630658755,-2.915823311564483,-6.650365507891669,-11.037859727189964
EC-Earth-Consortium,EC-Earth3-Veg-LR,r1i1p1f1,gr,historical,1992-10,1992,10,19.291942835406523,230.59798289380436,-5.95358835036048,-280.6906099694458,-12.587254204630899,-26.203509784023588,-75.54503657924988,21.17782998279387,219.68910623165684,-9.062038234793288,-263.59941570919926,-7.415014525185129,-17.082779513843093,-56.292311768570094,-1.885887147387347,10.90887666214752,3.108449884432808,-17.09119426024654,-5.172239679445769,-9.120730270180495,-19.252724810679787
EC-Earth-Consortium,EC-Earth3-Veg-LR,r1i1p1f1,gr,historical,1992-11,1992,11,3.10061804259853,207.67633420290096,-0.9444301045464896,-258.05701268647033,-16.20039366808596,-26.791810250283305,-91.21669446388658,3.573632890038961,193.44910051493784,-1.4677800076550447,-237.86279579461424,-8.81039866871152,-15.933404947758362,-67.05164601376235,-0.4730148474404312,14.227233687963121,0.5233499031085551,-20.194216891856087,-7.3899949993744425,-10.858405302524943,-24.16504845012423
EC-Earth-Consortium,EC-Earth3-Veg-LR,r1i1p1f1,gr,historical,1992-12,1992,12,0.7513236244841655,198.21355461952385,-0.2529877275893055,-248.73000769447546,-15.717479015320475,-28.62992618274087,-94.3655223761181,0.8443239133056458,179.53984894273685,-0.40726912356645945,-223.33948846597266,-7.907125970966346,-14.520666974641335,-65.79037767910431,-0.09300028882148037,18.673705676786994,0.15428139597715396,-25.390519228502797,-7.8103530443541285,-14.109259208099536,-28.575144697013783
EC-Earth-Consortium,EC-Earth3-Veg-LR,r1i1p1f1,gr,historical,1993-01,1993,1,1.8013179102953953,192.67789717174875,-0.7485604010903527,-241.261101050196,-16.740421055688362,-25.88543950735347,-90.15630693228404,1.9670428406081912,174.6451682692201,-1.1134382139788777,-217.91294889189962,-7.277542063475359,-14.28956539960937,-63.98128345913492,-0.1657249303127959,18.032728902528646,0.36487781288852494,-23.348152158296386,-9.462878992213003,-11.595874107744102,-26.175023473149118
EC-Earth-Consortium,EC-Earth3-Veg-LR,r1i1p1f1,gr,historical,1993-02,1993,2,10.947440235072207,193.90986240297477,-5.782323571916574,-240.60989747985198,-15.12934579273035,-25.588469286060555,-82.25273349251249,12.445773582853347,174.25857569933385,-8.050053493794298,-217.59834553205962,-6.931894885320205,-14.11158454395435,-59.98752917294128,-1.4983333477811396,19.65128670364092,2.2677299218777236,-23.011551947792356,-8.197450907410143,-11.476884742106204,-22.26520431957121
EC-Earth-Consortium,EC-Earth3-Veg-LR,r1i1p1f1,gr,historical,1993-03,1993,3,54.61271675636845,198.40990870935184,-34.54886190499673,-247.26502023205165,-7.94341838223997,-19.699225249219584,-56.433900302787634,59.86295421939759,178.6380625638465,-42.42060087439643,-224.19115525659498,-5.777500516309919,-12.96961739527065,-46.8578572593279,-5.250237463029137,19.77184614550535,7.871738969399701,-23.073864975456672,-2.1659178659300506,-6.729607853948934,-9.576043043459734
EC-Earth-Consortium,EC-Earth3-Veg-LR,r1i1p1f1,gr,historical,1993-04,1993,4,152.16663860139164,209.79778101904122,-101.23509591152033,-260.0879680696736,-6.132513435712894,-14.844454043401557,-20.335611839875497,165.54918549462982,193.94768773026806,-121.36911048471737,-244.71414659154436,-3.5592308420521506,-11.316720965746057,-21.462335659162093,-13.382546893238185,15.850093288773166,20.134014573197035,-15.37382147812923,-2.573282593660743,-3.5277330776554994,1.126723819286596
EC-Earth-Consortium,EC-Earth3-Veg-LR,r1i1p1f1,gr,historical,1993-05,1993,5,262.0572131862991,234.84957702480776,-166.7233615088526,-288.4862502329803,-3.6116640638368644,-15.608017256209834,22.47749714922734,275.6543792863859,224.5590747925627,-196.4506719906339,-277.14177299595417,-1.8042443237938772,-10.700238938634309,14.116525829932366,-13.597166100086781,10.290502232245046,29.727310481781302,-11.344477237026126,-1.8074197400429872,-4.907778317575525,8.360971319294974
EC-Earth-Consortium,EC-Earth3-Veg-LR,r1i1p1f1,gr,historical,1993-06,1993,6,271.2017154527767,280.0603509681676,-139.3880395913707,-319.30628089936494,-3.502122194678373,-18.02606397745876,71.03955975807153,296.31824615671405,264.6805788578032,-184.2618748228265,-305.99544242897827,-1.3256800948089977,-11.303420968742303,58.11240669916117,-25.11653070393737,15.3797721103644,44.873835231455814,-13.31083847038667,-2.176442099869375,-6.722643008716458,12.927153058910363
EC-Earth-Consortium,EC-Earth3-Veg-LR,r1i1p1f1,gr,historical,1993-07,1993,7,212.26953186016314,296.37870747678227,-81.32633587789356,-328.21245220188706,-1.3040116333348544,-14.399657640745959,83.40578198308397,225.98526739919413,289.5888849412498,-106.74472434052524,-319.32788691162557,-0.19383547240358012,-10.584539231081097,78.72316638480842,-13.715735539030987,6.789822535532494,25.418388462631683,-8.884565290261492,-1.1101761609312741,-3.815118409664862,4.682615598275547
EC-Earth-Consortium,EC-Earth3-Veg-LR,r1i1p1f1,gr,historical,1993-08,1993,8,134.0446391960213,297.762181523086,-35.9315511179654,-331.69885470909276,-1.9019758453271458,-17.696596574129952,44.57784247259204,143.965143639584,285.514983779784,-56.61969220867284,-317.4160441353086,-0.736401837272086,-11.828037470306784,42.8799517678077,-9.920504443562692,12.247197743301967,20.68814109070744,-14.282810573784161,-1.1655740080550598,-5.868559103823168,1.6978907047843421
EC-Earth-Consortium,EC-Earth3-Veg-LR,r1i1p1f1,gr,historical,1993-09,1993,9,66.22330529156797,276.356855115849,-17.994050049416938,-317.6722623584578,-5.755594960901712,-21.53336485756184,-20.37511181892134,72.23187531070974,254.64399326285204,-29.49217390513061,-295.7570914889987,-3.0077420278618163,-14.867742559467041,-16.248881407896377,-6.0085700191417715,21.71286185299695,11.498123855713672,-21.915170869459075,-2.747852933039896,-6.665622298094798,-4.126230411024963
EC-Earth-Consortium,EC-Earth3-Veg-LR,r1i1p1f1,gr,historical,1993-10,1993,10,19.63763659336872,241.17315907002586,-5.063282800896477,-290.6047219766732,-13.926126801536165,-27.131166251626652,-75.91450216733793,21.17782998279387,219.68910623165684,-9.062038234793288,-263.59941570919926,-7.415014525185129,-17.082779513843093,-56.292311768570094,-1.540193389425152,21.484052838369024,3.998755433896811,-27.00530626747394,-6.511112276351036,-10.04838673778356,-19.622190398767835
EC-Earth-Consortium,EC-Earth3-Veg-LR,r1i1p1f1,gr,historical,1993-11,1993,11,3.2289331676625257,212.21909783927788,-0.7903513629712752,-264.6516731002923,-19.200247731297047,-28.336098855451027,-97.53034004307129,3.573632890038961,193.44910051493784,-1.4677800076550447,-237.86279579461424,-8.81039866871152,-15.933404947758362,-67.05164601376235,-0.3446997223764354,18.76999732434004,0.6774286446837695,-26.788877305678085,-10.389849062585528,-12.402693907692665,-30.47869402930894
EC-Earth-Consortium,EC-Earth3-Veg-LR,r1i1p1f1,gr,historical,1993-12,1993,12,0.7698026887203945,194.21209404129291,-0.26619834905627393,-243.78144672721436,-19.266569339353115,-26.639532858769815,-94.97185054438025,0.8443239133056458,179.53984894273685,-0.40726912356645945,-223.33948846597266,-7.907125970966346,-14.520666974641335,-65.79037767910431,-0.07452122458525134,14.672245098556061,0.14107077451018551,-20.441958261241695,-11.359443368386769,-12.11886588412848,-29.181472865275936
EC-Earth-Consortium,EC-Earth3-Veg-LR,r1i1p1f1,gr,historical,1994-01,1994,1,1.8518234588968763,192.00779458232353,-0.8796144457791122,-238.0805249494404,-12.182701150427533,-20.547491677089734,-77.83071418151636,1.9670428406081912,174.6451682692201,-1.1134382139788777,-217.91294889189962,-7.277542063475359,-14.28956539960937,-63.98128345913492,-0.11521938171131496,17.36262631310342,0.23382376819976547,-20.16757605754077,-4.905159086952175,-6.257926277480365,-13.849430722381435
EC-Earth-Consortium,EC-Earth3-Veg-LR,r1i1p1f1,gr,historical,1994-02,1994,2,11.363105624247895,189.16035920136673,-6.491086809867797,-235.63314526156293,-11.838532330078067,-21.006977349488515,-74.44627692538268,12.445773582853347,174.25857569933385,-8.050053493794298,-217.59834553205962,-6.931894885320205,-14.11158454395435,-59.98752917294128,-1.0826679586054517,14.901783502032885,1.558966683926501,-18.034799729503305,-4.906637444757862,-6.895392805534165,-14.458747752441397
EC-Earth-Consortium,EC-Earth3-Veg-LR,r1i1p1f1,gr,historical,1994-03,1994,3,57.21313326121241,190.36882830627943,-36.93232566370772,-241.06397850271335,-12.428336749379083,-21.663949905071096,-64.50662925337942,59.86295421939759,178.6380625638465,-42.42060087439643,-224.19115525659498,-5.777500516309919,-12.96961739527065,-46.8578572593279,-2.649820958185174,11.730765742432936,5.488275210688705,-16.872823246118372,-6.650836233069164,-8.694332509800446,-17.648771994051515
EC-Earth-Consortium,EC-Earth3-Veg-LR,r1i1p1f1,gr,historical,1994-04,1994,4,160.14176183482542,204.0061131856922,-107.0763718440491,-260.2018501490119,-11.397179493963538,-21.504045061773606,-36.031571528280494,165.54918549462982,193.94768773026806,-121.36911048471737,-244.71414659154436,-3.5592308420521506,-11.316720965746057,-21.462335659162093,-5.407423659804408,10.058425455424128,14.292738640668261,-15.487703557467512,-7.837948651911388,-10.187324096027549,-14.569235869118401
EC-Earth-Consortium,EC-Earth3-Veg-LR,r1i1p1f1,gr,historical,1994-05,1994,5,258.90791292565524,243.7153169603445,-166.19769197624242,-295.1275094550906,-3.1988698770023403,-14.583248041523795,23.515910536140602,275.6543792863859,224.5590747925627,-196.4506719906339,-277.14177299595417,-1.8042443237938772,-10.700238938634309,14.116525829932366,-16.746466360730665,19.156242167781784,30.252980014391483,-17.985736459136433,-1.394625553208463,-3.8830091028894866,9.399384706208236
EC-Earth-Consortium,EC-Earth3-Veg-LR,r1i1p1f1,gr,historical,1994-06,1994,6,263.0724296846384,285.52320373635325,-130.99796105673568,-319.54882203133155,-1.390698902336516,-13.514615640384879,83.14353579020298,296.31824615671405,264.6805788578032,-184.2618748228265,-305.99544242897827,-1.3256800948089977,-11.303420968742303,58.11240669916117,-33.24581647207566,20.842624878550055,53.26391376609084,-13.553379602353289,-0.06501880752751821,-2.211194671642575,25.031129091041805
EC-Earth-Consortium,EC-Earth3-Veg-LR,r1i1p1f1,gr,historical,1994-07,1994,7,200.80615894834784,303.7628010935867,-62.294206247967516,-330.713281114894,0.15874375369915078,-10.88438376183824,100.83583267093393,225.98526739919413,289.5888849412498,-106.74472434052524,-319.32788691162557,-0.19383547240358012,-10.584539231081097,78.72316638480842,-25.179108450846286,14.173916152336915,44.45051809255772,-11.385394203268447,0.3525792261027309,-0.29984453075714335,22.112666286125503
EC-Earth-Consortium,EC-Earth3-Veg-LR,r1i1p1f1,gr,historical,1994-08,1994,8,129.31009553382586,302.05273575296764,-29.95077558710882,-333.1188915080418,-1.4626800766842283,-16.05058912893696,50.779894986021674,143.965143639584,285.514983779784,-56.61969220867284,-317.4160441353086,-0.736401837272086,-11.828037470306784,42.8799517678077,-14.65504810575814,16.537751973183617,26.66891662156402,-15.702847372733231,-0.7262782394121423,-4.2225516586301755,7.899943218213977
EC-Earth-Consortium,EC-Earth3-Veg-LR,r1i1p1f1,gr,historical,1994-09,1994,9,66.97114446138951,273.6024405391469,-17.399917334816195,-317.3935736548977,-5.999813500675612,-22.487381660548134,-22.707101150401193,72.23187531070974,254.64399326285204,-29.49217390513061,-295.7570914889987,-3.0077420278618163,-14.867742559467041,-16.248881407896377,-5.260730849320225,18.95844727629489,12.092256570314415,-21.636482165898997,-2.9920714728137954,-7.619639101081093,-6.4582197425048165
EC-Earth-Consortium,EC-Earth3-Veg-LR,r1i1p1f1,gr,historical,1994-10,1994,10,19.56237885718481,243.20643246398532,-5.22567102709998,-290.75939824288673,-11.296463918789502,-24.28184257060686,-68.79456443821293,21.17782998279387,219.68910623165684,-9.062038234793288,-263.59941570919926,-7.415014525185129,-17.082779513843093,-56.292311768570094,-1.6154511256090593,23.517326232328486,3.836367207693308,-27.15998253368747,-3.881449393604373,-7.199063056763766,-12.502252669642836
EC-Earth-Consortium,EC-Earth3-Veg-LR,r1i1p1f1,gr,historical,1994-11,1994,11,3.303177510625267,209.1247689270785,-0.8893475274369124,-259.63459565022384,-15.931825105274498,-24.0508188498855,-88.078640695117,3.573632890038961,193.44910051493784,-1.4677800076550447,-237.86279579461424,-8.81039866871152,-15.933404947758362,-67.05164601376235,-0.2704553794136939,15.675668412140652,0.5784324802181323,-21.7717998556096,-7.121426436562979,-8.117413902127137,-21.02699468135465
EC-Earth-Consortium,EC-Earth3-Veg-LR,r1i1p1f1,gr,historical,1994-12,1994,12,0.7776994963782651,194.55962291070426,-0.28106633451571617,-243.6784730791654,-17.354551812245795,-24.837697473982377,-90.81446629282676,0.8443239133056458,179.53984894273685,-0.40726912356645945,-223.33948846597266,-7.907125970966346,-14.520666974641335,-65.79037767910431,-0.06662441692738075,15.01977396796741,0.12620278905074328,-20.338984613192736,-9.447425841279449,-10.317030499341042,-25.024088613722455
EC-Earth-Consortium,EC-Earth3-Veg-LR,r1i1p1f1,gr,historical,1995-01,1995,1,1.8693331107517568,187.64204569337497,-0.9094298127464719,-236.32417700309168,-12.982079420105185,-21.955063626720587,-82.6593710585372,1.9670428406081912,174.6451682692201,-1.1134382139788777,-217.91294889189962,-7.277542063475359,-14.28956539960937,-63.98128345913492,-0.09770972985643445,12.99687742415486,0.2040084012324057,-18.41122811119206,-5.704537356629826,-7.665498227111218,-18.678087599402282
EC-Earth-Consortium,EC-Earth3-Veg-LR,r1i1p1f1,gr,historical,1995-02,1995,2,11.932661414839545,182.13575749076784,-6.806594534118509,-232.285330400678,-14.363537885001753,-22.46602185686217,-81.85306577105305,12.445773582853347,174.25857569933385,-8.050053493794298,-217.59834553205962,-6.931894885320205,-14.11158454395435,-59.98752917294128,-0.5131121680138016,7.877181791433998,1.243458959675789,-14.686984868618367,-7.431642999681547,-8.35443731290782,-21.865536598111774
EC-Earth-Consortium,EC-Earth3-Veg-LR,r1i1p1f1,gr,historical,1995-03,1995,3,57.41339859635666,187.05073477143216,-37.42716828721908,-237.9914462920263,-13.457975179198973,-22.218740628272208,-66.63119701892775,59.86295421939759,178.6380625638465,-42.42060087439643,-224.19115525659498,-5.777500516309919,-12.96961739527065,-46.8578572593279,-2.449555623040929,8.412672207585672,4.993432587177345,-13.800291035431314,-7.680474662889054,-9.249123233001558,-19.77333975959985
EC-Earth-Consortium,EC-Earth3-Veg-LR,r1i1p1f1,gr,historical,1995-04,1995,4,157.07967869441907,206.30878289904751,-107.78451392554155,-258.1405923342104,-7.62760271162653,-16.281325236111062,-26.445572614022975,165.54918549462982,193.94768773026806,-121.36911048471737,-244.71414659154436,-3.5592308420521506,-11.316720965746057,-21.462335659162093,-8.469506800210752,12.361095168779457,13.584596559175822,-13.426445742666033,-4.06837186957438,-4.964604270365005,-4.983236954860882
EC-Earth-Consortium,EC-Earth3-Veg-LR,r1i1p1f1,gr,historical,1995-05,1995,5,263.483645287507,235.034643185078,-175.84428005176758,-287.26857602581225,-3.2890301199124643,-13.8481402140538,18.268262061038953,275.6543792863859,224.5590747925627,-196.4506719906339,-277.14177299595417,-1.8042443237938772,-10.700238938634309,14.116525829932366,-12.170733998878916,10.4755683925153,20.606391938866324,-10.126803029858081,-1.484785796118587,-3.147901275419491,4.151736231106588
EC-Earth-Consortium,EC-Earth3-Veg-LR,r1i1p1f1,gr,historical,1995-06,1995,6,274.82184888097373,276.65846224555753,-150.8851957418323,-313.91636117030936,-1.3198724914031101,-11.80133305473565,73.55754866825083,296.31824615671405,264.6805788578032,-184.2618748228265,-305.99544242897827,-1.3256800948089977,-11.303420968742303,58.11240669916117,-21.49639727574032,11.977883387754332,33.37667908099422,-7.920918741331093,0.005807603405887596,-0.497912085993347,15.445141969089661
EC-Earth-Consortium,EC-Earth3-Veg-LR,r1i1p1f1,gr,historical,1995-07,1995,7,206.03914336169018,302.21492198836444,-69.42709446860349,-328.5855926832418,-0.12797268967003003,-10.840016541058764,99.27338896748046,225.98526739919413,289.5888849412498,-106.74472434052524,-319.32788691162557,-0.19383547240358012,-10.584539231081097,78.72316638480842,-19.94612403750395,12.626037047114664,37.31762987192175,-9.257705771616259,0.06586278273355009,-0.2554773099776675,20.550222582672035
EC-Earth-Consortium,EC-Earth3-Veg-LR,r1i1p1f1,gr,historical,1995-08,1995,8,129.12729889590167,302.1131656021237,-32.781905748134704,-330.68569787812953,-0.023872917282065306,-12.833627335531228,54.91536061894782,143.965143639584,285.514983779784,-56.61969220867284,-317.4160441353086,-0.736401837272086,-11.828037470306784,42.8799517678077,-14.837844743682325,16.598181822339654,23.837786460538133,-13.269653742820935,0.7125289199900207,-1.0055898652244437,12.035408851140126
EC-Earth-Consortium,EC-Earth3-Veg-LR,r1i1p1f1,gr,historical,1995-09,1995,9,65.03105671484477,282.9649976148395,-17.226413263554868,-319.3153284843404,-3.5999577720319462,-18.63694931169325,-10.782594501936199,72.23187531070974,254.64399326285204,-29.49217390513061,-295.7570914889987,-3.0077420278618163,-14.867742559467041,-16.248881407896377,-7.200818595864973,28.321004351987455,12.265760641575742,-23.5582369953417,-0.5922157441701299,-3.769206752226209,5.466286905960178
EC-Earth-Consortium,EC-Earth3-Veg-LR,r1i1p1f1,gr,historical,1995-10,1995,10,19.715675031065413,245.891170455209,-5.309086613801545,-292.3965147728428,-9.029503910601541,-22.09955964606943,-63.22781945704092,21.17782998279387,219.68910623165684,-9.062038234793288,-263.59941570919926,-7.415014525185129,-17.082779513843093,-56.292311768570094,-1.4621549517284578,26.202064223552156,3.752951620991743,-28.797099063643543,-1.6144893854164115,-5.016780132226337,-6.935507688470828
EC-Earth-Consortium,EC-Earth3-Veg-LR,r1i1p1f1,gr,historical,1995-11,1995,11,3.417515932924006,206.13897573327387,-0.859406870189272,-259.30669547055135,-18.927150054305358,-27.872017825515364,-97.40877855436347,3.573632890038961,193.44910051493784,-1.4677800076550447,-237.86279579461424,-8.81039866871152,-15.933404947758362,-67.05164601376235,-0.1561169571149552,12.689875218336027,0.6083731374657727,-21.443899675937104,-10.116751385593838,-11.938612877757002,-30.357132540601114
EC-Earth-Consortium,EC-Earth3-Veg-LR,r1i1p1f1,gr,historical,1995-12,1995,12,0.773648304922333,191.84685907704377,-0.26116446036830643,-241.47535539871419,-14.920955917364104,-21.512336984981715,-85.5493053794622,0.8443239133056458,179.53984894273685,-0.40726912356645945,-223.33948846597266,-7.907125970966346,-14.520666974641335,-65.79037767910431,-0.07067560838331277,12.307010134306921,0.14610466319815302,-18.13586693274152,-7.013829946397758,-6.99167001034038,-19.758927700357887
EC-Earth-Consortium,EC-Earth3-Veg-LR,r1i1p1f1,gr,historical,1996-01,1996,1,1.8629288624943654,178.15582669353094,-0.9088686392700717,-229.93654325614105,-15.416186133474577,-23.28480382229091,-89.52764629515133,1.9670428406081912,174.6451682692201,-1.1134382139788777,-217.91294889189962,-7.277542063475359,-14.28956539960937,-63.98128345913492,-0.10411397811382583,3.510658424310833,0.204569574708806,-12.023594364241433,-8.138644069999218,-8.995238422681542,-25.546362836016407
EC-Earth-Consortium,EC-Earth3-Veg-LR,r1i1p1f1,gr,historical,1996-02,1996,2,12.182557020695082,188.10771120962045,-6.8594084023256485,-235.00441272635763,-8.250650332956226,-17.76640736689476,-67.59061059821875,12.445773582853347,174.25857569933385,-8.050053493794298,-217.59834553205962,-6.931894885320205,-14.11158454395435,-59.98752917294128,-0.2632165621582647,13.849135510286601,1.1906450914686495,-17.406067194298004,-1.318755447636021,-3.6548228229404103,-7.603081425277466
EC-Earth-Consortium,EC-Earth3-Veg-LR,r1i1p1f1,gr,historical,1996-03,1996,3,60.949017758768996,184.09096144439823,-39.39365326267336,-234.09009464837038,-6.849998270388771,-16.37975520708478,-51.67352218535005,59.86295421939759,178.6380625638465,-42.42060087439643,-224.19115525659498,-5.777500516309919,-12.96961739527065,-46.8578572593279,1.086063539371409,5.452898880551743,3.0269476117230667,-9.8989393917754,-1.072497754078852,-3.4101378118141312,-4.815664926022151
EC-Earth-Consortium,EC-Earth3-Veg-LR,r1i1p1f1,gr,historical,1996-04,1996,4,161.67098975002312,207.71336574833165,-108.35125861260937,-261.8955431584301,-6.30579989183437,-17.83963153728463,-25.00787770180368,165.54918549462982,193.94768773026806,-121.36911048471737,-244.71414659154436,-3.5592308420521506,-11.316720965746057,-21.462335659162093,-3.8781957446066997,13.765678018063596,13.017851872107997,-17.181396566885724,-2.7465690497822197,-6.522910571538574,-3.5455420426415856
EC-Earth-Consortium,EC-Earth3-Veg-LR,r1i1p1f1,gr,historical,1996-05,1996,5,260.7620865433658,239.89147561839357,-168.2974515959241,-291.12192652993696,-2.2731150605249777,-12.8058659812402,26.155202994133173,275.6543792863859,224.5590747925627,-196.4506719906339,-277.14177299595417,-1.8042443237938772,-10.700238938634309,14.116525829932366,-14.892292743020107,15.33240082583086,28.15322039470982,-13.980153533982786,-0.46887073673110047,-2.1056270426058905,12.038677164200807
EC-Earth-Consortium,EC-Earth3-Veg-LR,r1i1p1f1,gr,historical,1996-06,1996,6,270.09948050717946,278.8908294316831,-138.1101834715452,-316.9242873825842,-1.2840744598322837,-13.657210120740999,79.01455450415982,296.31824615671405,264.6805788578032,-184.2618748228265,-305.99544242897827,-1.3256800948089977,-11.303420968742303,58.11240669916117,-26.21876564953459,14.210250573879875,46.1516913512813,-10.92884495360596,0.04160563497671399,-2.3537891519986953,20.90214780499865
EC-Earth-Consortium,EC-Earth3-Veg-LR,r1i1p1f1,gr,historical,1996-07,1996,7,209.86673537284494,298.3083878837202,-74.49889742038633,-327.91616989604546,1.2711680876236833,-10.784840366867032,96.24638366088998,225.98526739919413,289.5888849412498,-106.74472434052524,-319.32788691162557,-0.19383547240358012,-10.584539231081097,78.72316638480842,-16.118532026349186,8.719502942470399,32.24582692013891,-8.588282984419891,1.4650035600272635,-0.200301135785935,17.523217276081553
EC-Earth-Consortium,EC-Earth3-Veg-LR,r1i1p1f1,gr,historical,1996-08,1996,8,131.5883266871869,295.8249354714498,-36.18648991448386,-328.38289104580866,-2.3469478587774173,-17.13181009907017,43.365123240496615,143.965143639584,285.514983779784,-56.61969220867284,-317.4160441353086,-0.736401837272086,-11.828037470306784,42.8799517678077,-12.376816952397093,10.309951691665788,20.43320229418898,-10.966846910500067,-1.6105460215053313,-5.303772628763385,0.48517147268891847
EC-Earth-Consortium,EC-Earth3-Veg-LR,r1i1p1f1,gr,historical,1996-09,1996,9,67.29138362154679,270.2864140237272,-20.41384971075284,-313.0619628493591,-3.4961416913269288,-20.114110401638484,-19.50826700780333,72.23187531070974,254.64399326285204,-29.49217390513061,-295.7570914889987,-3.0077420278618163,-14.867742559467041,-16.248881407896377,-4.940491689162954,15.642420760875183,9.078324194377771,-17.30487136036038,-0.48839966346511243,-5.246367842171443,-3.2593855999069525
EC-Earth-Consortium,EC-Earth3-Veg-LR,r1i1p1f1,gr,historical,1996-10,1996,10,19.796203500100784,231.9093328825116,-6.057910536370365,-281.61140182704946,-15.435320734824776,-28.203806217147683,-79.60290293277993,21.17782998279387,219.68910623165684,-9.062038234793288,-263.59941570919926,-7.415014525185129,-17.082779513843093,-56.292311768570094,-1.3816264826930862,12.220226650854755,3.0041276984229235,-18.0119861178502,-8.020306209639646,-11.12102670330459,-23.310591164209832
EC-Earth-Consortium,EC-Earth3-Veg-LR,r1i1p1f1,gr,historical,1996-11,1996,11,3.0991566722434536,208.0864566850797,-0.7751719404037332,-258.88276475894173,-20.401223879922917,-28.663572725875206,-97.53711994782046,3.573632890038961,193.44910051493784,-1.4677800076550447,-237.86279579461424,-8.81039866871152,-15.933404947758362,-67.05164601376235,-0.4744762177955075,14.637356170141857,0.6926080672513115,-21.01996896432749,-11.590825211211397,-12.730167778116844,-30.485473934058106
EC-Earth-Consortium,EC-Earth3-Veg-LR,r1i1p1f1,gr,historical,1996-12,1996,12,0.7166762345851158,195.78813710791462,-0.24391560181307845,-243.08254823111423,-11.737281736769887,-21.664558455930962,-80.22349068312842,0.8443239133056458,179.53984894273685,-0.40726912356645945,-223.33948846597266,-7.907125970966346,-14.520666974641335,-65.79037767910431,-0.12764767872053007,16.24828816517777,0.163353521753381,-19.743059765141567,-3.830155765803541,-7.143891481289627,-14.433113004024108
EC-Earth-Consortium,EC-Earth3-Veg-LR,r1i1p1f1,gr,historical,1997-01,1997,1,1.763764471167989,194.9489769862259,-0.8033922279484212,-240.76006076604492,-12.278990476369287,-22.45775182405669,-79.58745383702542,1.9670428406081912,174.6451682692201,-1.1134382139788777,-217.91294889189962,-7.277542063475359,-14.28956539960937,-63.98128345913492,-0.20327836944020228,20.30380871700578,0.3100459860304564,-22.8471118741453,-5.001448412893929,-8.16818642444732,-15.6061703778905
EC-Earth-Consortium,EC-Earth3-Veg-LR,r1i1p1f1,gr,historical,1997-02,1997,2,11.18488377266322,196.51862587372239,-6.187823852039996,-241.25313853567994,-5.691402911806274,-19.413898424354457,-64.84275407749504,12.445773582853347,174.25857569933385,-8.050053493794298,-217.59834553205962,-6.931894885320205,-14.11158454395435,-59.98752917294128,-1.2608898101901271,22.26005017438854,1.8622296417543023,-23.654793003620313,1.2404919735139313,-5.302313880400106,-4.855224904553765
EC-Earth-Consortium,EC-Earth3-Veg-LR,r1i1p1f1,gr,historical,1997-03,1997,3,55.93431109761211,195.34319615122212,-36.02674514375423,-243.74646118880526,-11.098121353508736,-20.452903167188957,-60.04672360442294,59.86295421939759,178.6380625638465,-42.42060087439643,-224.19115525659498,-5.777500516309919,-12.96961739527065,-46.8578572593279,-3.928643121785477,16.705133587375627,6.393855730642194,-19.555305932210274,-5.320620837198817,-7.4832857719183075,-13.188866345095036
EC-Earth-Consortium,EC-Earth3-Veg-LR,r1i1p1f1,gr,historical,1997-04,1997,4,159.89780623056637,207.67592908492193,-106.96684689135279,-260.3884442065278,-6.749448707785408,-16.548052920122842,-23.07905741030058,165.54918549462982,193.94768773026806,-121.36911048471737,-244.71414659154436,-3.5592308420521506,-11.316720965746057,-21.462335659162093,-5.651379264063451,13.728241354653875,14.40226359336458,-15.674297614983459,-3.1902178657332576,-5.231331954376785,-1.6167217511384884
EC-Earth-Consortium,EC-Earth3-Veg-LR,r1i1p1f1,gr,historical,1997-05,1997,5,260.3490962702726,240.70321390491316,-166.07599623161772,-290.56559291194105,-2.9203956973537304,-12.550424675721164,28.939900658552066,275.6543792863859,224.5590747925627,-196.4506719906339,-277.14177299595417,-1.8042443237938772,-10.700238938634309,14.116525829932366,-15.305283016113322,16.144139112350445,30.374675759016185,-13.423819915986883,-1.1161513735598532,-1.8501857370868553,14.8233748286197
EC-Earth-Consortium,EC-Earth3-Veg-LR,r1i1p1f1,gr,historical,1997-06,1997,6,266.2011067259601,282.55924629778735,-132.35307362828476,-318.7240542584396,-3.139607384921454,-14.747942527732079,79.79567522436963,296.31824615671405,264.6805788578032,-184.2618748228265,-305.99544242897827,-1.3256800948089977,-11.303420968742303,58.11240669916117,-30.11713943075398,17.878667439984156,51.90880119454175,-12.728611829461329,-1.8139272901124563,-3.4445215589897753,21.68326852520846
EC-Earth-Consortium,EC-Earth3-Veg-LR,r1i1p1f1,gr,historical,1997-07,1997,7,205.3697285813875,302.914259265108,-67.72370864639578,-330.6099140406609,-0.9663307396512766,-12.468259088199792,96.51577533158776,225.98526739919413,289.5888849412498,-106.74472434052524,-319.32788691162557,-0.19383547240358012,-10.584539231081097,78.72316638480842,-20.615538817806623,13.325374323858227,39.02101569412946,-11.282027129035328,-0.7724952672476965,-1.8837198571186953,17.79260894677934
EC-Earth-Consortium,EC-Earth3-Veg-LR,r1i1p1f1,gr,historical,1997-08,1997,8,134.56090453882763,299.6514390386696,-34.506969547682225,-332.62315650655154,-0.4253799921366723,-15.08082726807278,51.576010263054016,143.965143639584,285.514983779784,-56.61969220867284,-317.4160441353086,-0.736401837272086,-11.828037470306784,42.8799517678077,-9.40423910075637,14.136455258885576,22.112722660990613,-15.207112371242943,0.31102184513541364,-3.2527897977659954,8.69605849524632
EC-Earth-Consortium,EC-Earth3-Veg-LR,r1i1p1f1,gr,historical,1997-09,1997,9,65.10082315984923,276.6340448165344,-17.977361707469573,-317.4714706901182,-4.249213499224871,-19.0795842179142,-17.042762138343267,72.23187531070974,254.64399326285204,-29.49217390513061,-295.7570914889987,-3.0077420278618163,-14.867742559467041,-16.248881407896377,-7.131052150860512,21.990051553682378,11.514812197661037,-21.714379201119527,-1.241471471363055,-4.211841658447158,-0.7938807304468902
EC-Earth-Consortium,EC-Earth3-Veg-LR,r1i1p1f1,gr,historical,1997-10,1997,10,19.444201003527102,239.74680950338495,-5.254312175550688,-289.8493111290827,-13.007800939384634,-27.036375646245205,-75.9567893833512,21.17782998279387,219.68910623165684,-9.062038234793288,-263.59941570919926,-7.415014525185129,-17.082779513843093,-56.292311768570094,-1.7336289792667685,20.057703271728116,3.8077260592426,-26.249895419883444,-5.592786414199504,-9.953596132402112,-19.6644776147811
EC-Earth-Consortium,EC-Earth3-Veg-LR,r1i1p1f1,gr,historical,1997-11,1997,11,3.2769054455152378,221.45179043404838,-0.7579170533601878,-269.3601617234488,-16.96230446612454,-28.11541572813043,-90.46710309150035,3.573632890038961,193.44910051493784,-1.4677800076550447,-237.86279579461424,-8.81039866871152,-15.933404947758362,-67.05164601376235,-0.29672744452372335,28.002689919110537,0.7098629542948569,-31.49736592883457,-8.15190579741302,-12.182010780372067,-23.415457077737997
EC-Earth-Consortium,EC-Earth3-Veg-LR,r1i1p1f1,gr,historical,1997-12,1997,12,0.7521346085297771,198.76230469929303,-0.18318327636971712,-251.31682236919178,-17.508597470849484,-26.126367827510602,-95.62053163609876,0.8443239133056458,179.53984894273685,-0.40726912356645945,-223.33948846597266,-7.907125970966346,-14.520666974641335,-65.79037767910431,-0.09218930477586873,19.222455756556172,0.22408584719674232,-27.97733390321912,-9.601471499883138,-11.605700852869267,-29.83015395699445
EC-Earth-Consortium,EC-Earth3-Veg-LR,r1i1p1f1,gr,historical,1998-01,1998,1,1.75791492016693,194.46455164685824,-0.7558090231818064,-241.12316195159957,-12.394800633895187,-19.658575315695497,-77.70988035734688,1.9670428406081912,174.6451682692201,-1.1134382139788777,-217.91294889189962,-7.277542063475359,-14.28956539960937,-63.98128345913492,-0.20912792044126127,19.819383377638133,0.35762919079707123,-23.210213059699953,-5.117258570419828,-5.369009916086128,-13.728596898211954
EC-Earth-Consortium,EC-Earth3-Veg-LR,r1i1p1f1,gr,historical,1998-02,1998,2,11.670428228782031,184.66657605709221,-6.475988389775256,-232.54759407994482,-16.64059978487888,-21.745225143505245,-81.07240311222995,12.445773582853347,174.25857569933385,-8.050053493794298,-217.59834553205962,-6.931894885320205,-14.11158454395435,-59.98752917294128,-0.775345354071316,10.408000357758368,1.5740651040190423,-14.94924854788519,-9.708704899558676,-7.633640599550894,-21.08487393928867
EC-Earth-Consortium,EC-Earth3-Veg-LR,r1i1p1f1,gr,historical,1998-03,1998,3,56.60165626566546,190.3357442956702,-36.058238764805935,-238.69591244027558,-7.583707958846994,-17.344547468936547,-52.74500607152939,59.86295421939759,178.6380625638465,-42.42060087439643,-224.19115525659498,-5.777500516309919,-12.96961739527065,-46.8578572593279,-3.261297953732125,11.697681731823707,6.362362109590492,-14.504757183680596,-1.806207442537075,-4.374930073665897,-5.887148812201488
EC-Earth-Consortium,EC-Earth3-Veg-LR,r1i1p1f1,gr,historical,1998-04,1998,4,155.66287560807893,208.93656512120398,-104.29508427175598,-259.5629621382736,-5.447921551660114,-14.365651682644499,-19.07217891505121,165.54918549462982,193.94768773026806,-121.36911048471737,-244.71414659154436,-3.5592308420521506,-11.316720965746057,-21.462335659162093,-9.88630988655089,14.988877390935926,17.074026212961385,-14.848815546729213,-1.8886907096079635,-3.0489307168984414,2.3901567441108824
EC-Earth-Consortium,EC-Earth3-Veg-LR,r1i1p1f1,gr,historical,1998-05,1998,5,260.151538514493,239.99955443936497,-168.30714371335696,-289.668703284337,-0.42684386046506756,-10.07421317376948,31.67418892192947,275.6543792863859,224.5590747925627,-196.4506719906339,-277.14177299595417,-1.8042443237938772,-10.700238938634309,14.116525829932366,-15.50284077189292,15.44047964680226,28.143528277276943,-12.526930288382857,1.3774004633288097,0.6260257648648295,17.557663091997107
EC-Earth-Consortium,EC-Earth3-Veg-LR,r1i1p1f1,gr,historical,1998-06,1998,6,277.2471408265268,276.1363822727309,-145.19437643218876,-316.2800147623755,-1.8572063235950635,-13.695461652663678,76.35646392843468,296.31824615671405,264.6805788578032,-184.2618748228265,-305.99544242897827,-1.3256800948089977,-11.303420968742303,58.11240669916117,-19.071105330187265,11.455803414927686,39.06749839063775,-10.28457233339725,-0.5315262287860658,-2.3920406839213744,18.24405722927351
EC-Earth-Consortium,EC-Earth3-Veg-LR,r1i1p1f1,gr,historical,1998-07,1998,7,208.86418965791114,301.32892537805986,-72.438645319972,-331.510729794464,-1.8664583653643532,-14.900761926300765,89.47651962986988,225.98526739919413,289.5888849412498,-106.74472434052524,-319.32788691162557,-0.19383547240358012,-10.584539231081097,78.72316638480842,-17.12107774128299,11.74004043681009,34.30607902055324,-12.182842882838429,-1.672622892960773,-4.316222695219668,10.753353245061462
EC-Earth-Consortium,EC-Earth3-Veg-LR,r1i1p1f1,gr,historical,1998-08,1998,8,131.93959302439396,301.1311121113115,-33.9511059078332,-333.67231306567396,-2.0584548894367733,-18.014839541752366,45.37399173100914,143.965143639584,285.514983779784,-56.61969220867284,-317.4160441353086,-0.736401837272086,-11.828037470306784,42.8799517678077,-12.025550615190042,15.616128331527477,22.668586300839635,-16.256268930365366,-1.3220530521646874,-6.186802071445582,2.4940399632014447
EC-Earth-Consortium,EC-Earth3-Veg-LR,r1i1p1f1,gr,historical,1998-09,1998,9,65.13079395421923,277.5587477569657,-16.823355057624994,-318.9079683466155,-4.243365023082609,-19.972476308558097,-17.25762302469632,72.23187531070974,254.64399326285204,-29.49217390513061,-295.7570914889987,-3.0077420278618163,-14.867742559467041,-16.248881407896377,-7.101081356490511,22.91475449411368,12.668818847505616,-23.150876857616822,-1.235622995220793,-5.104733749091055,-1.0087416167999415
EC-Earth-Consortium,EC-Earth3-Veg-LR,r1i1p1f1,gr,historical,1998-10,1998,10,19.48742307051677,244.2938371789707,-5.048674891357458,-291.2990155573527,-13.537117242230279,-26.958340717290486,-73.06188815874344,21.17782998279387,219.68910623165684,-9.062038234793288,-263.59941570919926,-7.415014525185129,-17.082779513843093,-56.292311768570094,-1.6904069122771013,24.60473094731387,4.01336334343583,-27.69959984815341,-6.122102717045149,-9.875561203447393,-16.76957639017335
EC-Earth-Consortium,EC-Earth3-Veg-LR,r1i1p1f1,gr,historical,1998-11,1998,11,3.296563776134764,217.36542010347242,-0.775535907505136,-266.1866249171948,-13.86120720005115,-25.491839071001177,-85.6532232161451,3.573632890038961,193.44910051493784,-1.4677800076550447,-237.86279579461424,-8.81039866871152,-15.933404947758362,-67.05164601376235,-0.2770691139041972,23.916319588534577,0.6922441001499087,-28.323829122580577,-5.05080853133963,-9.558434123242815,-18.601577202382742
EC-Earth-Consortium,EC-Earth3-Veg-LR,r1i1p1f1,gr,historical,1998-12,1998,12,0.7547284276985593,207.03030164581762,-0.2576452447137254,-253.62409779624664,-10.147825627593509,-24.83353869577191,-81.07807729080962,0.8443239133056458,179.53984894273685,-0.40726912356645945,-223.33948846597266,-7.907125970966346,-14.520666974641335,-65.79037767910431,-0.08959548560708652,27.490452703080763,0.14962387885273404,-30.28460933027398,-2.2406996566271626,-10.312871721130575,-15.287699611705307
EC-Earth-Consortium,EC-Earth3-Veg-LR,r1i1p1f1,gr,historical,1999-01,1999,1,1.8604929753758475,183.15023347321227,-0.8212939197998514,-235.39948984538123,-21.858902910750274,-30.238961254955722,-103.30792148229895,1.9670428406081912,174.6451682692201,-1.1134382139788777,-217.91294889189962,-7.277542063475359,-14.28956539960937,-63.98128345913492,-0.10654986523234378,8.50506520399216,0.2921442941790262,-17.486540953481608,-14.581360847274915,-15.949395855346353,-39.32663802316403
EC-Earth-Consortium,EC-Earth3-Veg-LR,r1i1p1f1,gr,historical,1999-02,1999,2,11.459928456003558,202.76760947897768,-6.184324956751146,-247.22233719109337,-9.176622169782252,-20.884527004663713,-69.24027338730924,12.445773582853347,174.25857569933385,-8.050053493794298,-217.59834553205962,-6.931894885320205,-14.11158454395435,-59.98752917294128,-0.9858451268497888,28.50903377964383,1.865728537043152,-29.62399165903375,-2.244727284462047,-6.772942460709363,-9.252744214367965
EC-Earth-Consortium,EC-Earth3-Veg-LR,r1i1p1f1,gr,historical,1999-03,1999,3,54.43406241817362,200.26300849012142,-34.269685173456075,-246.51200324988253,-5.588295928221811,-16.66328236159511,-48.33619580486048,59.86295421939759,178.6380625638465,-42.42060087439643,-224.19115525659498,-5.777500516309919,-12.96961739527065,-46.8578572593279,-5.428891801223969,21.624945926274933,8.150915700940352,-22.320847993287543,0.18920458808810814,-3.6936649663244587,-1.47833854553258
EC-Earth-Consortium,EC-Earth3-Veg-LR,r1i1p1f1,gr,historical,1999-04,1999,4,158.75298015640752,207.99097921907156,-104.82135278312067,-262.2092589140695,-9.136192677252184,-18.21179622510832,-27.63464122407158,165.54918549462982,193.94768773026806,-121.36911048471737,-244.71414659154436,-3.5592308420521506,-11.316720965746057,-21.462335659162093,-6.7962053382223075,14.043291488803504,16.547757701596694,-17.49511232252513,-5.576961835200034,-6.895075259362262,-6.172305564909486
EC-Earth-Consortium,EC-Earth3-Veg-LR,r1i1p1f1,gr,historical,1999-05,1999,5,257.4327530013592,240.07652140486604,-163.20198961407772,-290.0248225422774,-3.0210804095459958,-13.40329673259765,27.858085107726506,275.6543792863859,224.5590747925627,-196.4506719906339,-277.14177299595417,-1.8042443237938772,-10.700238938634309,14.116525829932366,-18.22162628502673,15.517446612303331,33.24868237655619,-12.883049546323207,-1.2168360857521185,-2.7030577939633407,13.74155927779414
EC-Earth-Consortium,EC-Earth3-Veg-LR,r1i1p1f1,gr,historical,1999-06,1999,6,280.192454530007,276.2381969544736,-147.52642277998456,-316.8382804517974,-2.6428237687977565,-14.562208015224511,74.86091646867645,296.31824615671405,264.6805788578032,-184.2618748228265,-305.99544242897827,-1.3256800948089977,-11.303420968742303,58.11240669916117,-16.12579162670704,11.55761809667041,36.735452042841956,-10.842838022819137,-1.3171436739887588,-3.258787046482208,16.74850976951528
EC-Earth-Consortium,EC-Earth3-Veg-LR,r1i1p1f1,gr,historical,1999-07,1999,7,210.45307028931302,301.58370630839687,-76.37191846092095,-330.99888797774304,-0.494611258756804,-12.359225721371871,91.81213317891718,225.98526739919413,289.5888849412498,-106.74472434052524,-319.32788691162557,-0.19383547240358012,-10.584539231081097,78.72316638480842,-15.53219710988111,11.994821367147097,30.372805879604286,-11.67100106611747,-0.3007757863532239,-1.7746864902907742,13.088966794108757
EC-Earth-Consortium,EC-Earth3-Veg-LR,r1i1p1f1,gr,historical,1999-08,1999,8,133.3701747907468,301.29410092602427,-38.436906967640695,-331.539748590435,-0.4244482056290971,-15.05689622842937,49.20627572463687,143.965143639584,285.514983779784,-56.61969220867284,-317.4160441353086,-0.736401837272086,-11.828037470306784,42.8799517678077,-10.594968848837198,15.779117146240253,18.182785241032143,-14.123704455126415,0.3119536316429889,-3.228858758122586,6.326323956829171
EC-Earth-Consortium,EC-Earth3-Veg-LR,r1i1p1f1,gr,historical,1999-09,1999,9,66.43998058532321,275.91899931118496,-19.896587886561804,-316.3021214092999,-5.497871960971801,-22.202713409841092,-21.54031477016642,72.23187531070974,254.64399326285204,-29.49217390513061,-295.7570914889987,-3.0077420278618163,-14.867742559467041,-16.248881407896377,-5.791894725386527,21.275006048332926,9.595586018568806,-20.545029920301204,-2.4901299331099844,-7.3349708503740505,-5.291433362270045
EC-Earth-Consortium,EC-Earth3-Veg-LR,r1i1p1f1,gr,historical,1999-10,1999,10,19.8436608911757,239.7702504393223,-5.771757933657013,-288.1465550625505,-14.87807828370012,-28.834907785493765,-78.01738773490335,21.17782998279387,219.68910623165684,-9.062038234793288,-263.59941570919926,-7.415014525185129,-17.082779513843093,-56.292311768570094,-1.3341690916181719,20.08114420766546,3.290280301136275,-24.547139353351213,-7.46306375851499,-11.752128271650673,-21.725075966333257
EC-Earth-Consortium,EC-Earth3-Veg-LR,r1i1p1f1,gr,historical,1999-11,1999,11,3.1543904652928965,212.48323223694456,-0.7284051217748679,-263.57863464829194,-20.777281828144126,-30.19490304451599,-99.64160194048947,3.573632890038961,193.44910051493784,-1.4677800076550447,-237.86279579461424,-8.81039866871152,-15.933404947758362,-67.05164601376235,-0.41924242474606466,19.03413172200672,0.7393748858801767,-25.715838853677695,-11.966883159432607,-14.261498096757627,-32.589955926727114
EC-Earth-Consortium,EC-Earth3-Veg-LR,r1i1p1f1,gr,historical,1999-12,1999,12,0.7564179119445771,201.16016536492026,-0.22270702415223992,-248.9532908822325,-15.772065547220974,-23.8102297531859,-86.8417099299268,0.8443239133056458,179.53984894273685,-0.40726912356645945,-223.33948846597266,-7.907125970966346,-14.520666974641335,-65.79037767910431,-0.08790600136106874,21.620316422183407,0.18456209941421953,-25.61380241625983,-7.864939576254628,-9.289562778544566,-21.051332250822483
EC-Earth-Consortium,EC-Earth3-Veg-LR,r1i1p1f1,gr,historical,2000-01,2000,1,1.7467830630385646,193.35376236123162,-0.8169164957412962,-239.98656286802733,-12.838770554104006,-23.458432585252638,-82.00013707885509,1.9670428406081912,174.6451682692201,-1.1134382139788777,-217.91294889189962,-7.277542063475359,-14.28956539960937,-63.98128345913492,-0.22025977756962667,18.70859409201151,0.29652171823758144,-22.073613976127717,-5.561228490628647,-9.168867185643268,-18.01885361972017
EC-Earth-Consortium,EC-Earth3-Veg-LR,r1i1p1f1,gr,historical,2000-02,2000,2,12.288814208619343,188.28715930921518,-6.808998552059175,-239.10922705330154,-18.993195722651876,-27.504099829245153,-91.83954763942319,12.445773582853347,174.25857569933385,-8.050053493794298,-217.59834553205962,-6.931894885320205,-14.11158454395435,-59.98752917294128,-0.1569593742340043,14.028583609881338,1.2410549417351229,-21.510881521241913,-12.061300837331672,-13.392515285290802,-31.85201846648191
EC-Earth-Consortium,EC-Earth3-Veg-LR,r1i1p1f1,gr,historical,2000-03,2000,3,59.48612145429538,195.0666929845522,-36.663719571031926,-246.9122083654305,-14.747045651394703,-23.741450958976422,-67.51161010798597,59.86295421939759,178.6380625638465,-42.42060087439643,-224.19115525659498,-5.777500516309919,-12.96961739527065,-46.8578572593279,-0.37683276510220765,16.4286304207057,5.756881303364501,-22.72105310883552,-8.969545135084784,-10.771833563705773,-20.653752848658073
EC-Earth-Consortium,EC-Earth3-Veg-LR,r1i1p1f1,gr,historical,2000-04,2000,4,162.0648805575157,209.21961160335238,-107.69576033903144,-264.46174144786164,-5.487737587805003,-18.35246180950818,-24.713209023338194,165.54918549462982,193.94768773026806,-121.36911048471737,-244.71414659154436,-3.5592308420521506,-11.316720965746057,-21.462335659162093,-3.484304937114132,15.271923873084319,13.67335014568593,-19.747594856317278,-1.9285067457528524,-7.035740843762124,-3.250873364176101
EC-Earth-Consortium,EC-Earth3-Veg-LR,r1i1p1f1,gr,historical,2000-05,2000,5,259.7376890134735,242.62373267823045,-166.76301711080063,-292.7223187425176,-2.7858157470697833,-14.135522492524487,25.954747598791464,275.6543792863859,224.5590747925627,-196.4506719906339,-277.14177299595417,-1.8042443237938772,-10.700238938634309,14.116525829932366,-15.916690272912376,18.064657885667742,29.687654879833275,-15.580545746563416,-0.9815714232759061,-3.4352835538901783,11.838221768859098
EC-Earth-Consortium,EC-Earth3-Veg-LR,r1i1p1f1,gr,historical,2000-06,2000,6,259.18947189665784,286.2368935211097,-127.35972136320385,-319.1217526318622,-0.8184981811695635,-11.750428692065345,86.37596454946662,296.31824615671405,264.6805788578032,-184.2618748228265,-305.99544242897827,-1.3256800948089977,-11.303420968742303,58.11240669916117,-37.12877426005622,21.556314663306523,56.90215345962267,-13.126310202883928,0.5071819136394342,-0.4470077233230416,28.263557850305446
EC-Earth-Consortium,EC-Earth3-Veg-LR,r1i1p1f1,gr,historical,2000-07,2000,7,194.93369554508718,305.796456326349,-55.44505112187202,-332.221830470926,-0.28780147504115255,-11.371010499829517,101.40445830376746,225.98526739919413,289.5888849412498,-106.74472434052524,-319.32788691162557,-0.19383547240358012,-10.584539231081097,78.72316638480842,-31.051571854106953,16.207571385099243,51.29967321865322,-12.893943559300453,-0.09396600263757243,-0.7864712687484197,22.681291918959033
EC-Earth-Consortium,EC-Earth3-Veg-LR,r1i1p1f1,gr,historical,2000-08,2000,8,124.85537585762333,303.9939954706991,-30.1908317815136,-333.8311527012705,-1.7110836038067505,-15.983296245221506,47.13300699650998,143.965143639584,285.514983779784,-56.61969220867284,-317.4160441353086,-0.736401837272086,-11.828037470306784,42.8799517678077,-19.10976778196067,18.47901169091506,26.428860427159236,-16.41510856596193,-0.9746817665346645,-4.1552587749147225,4.25305522870228
EC-Earth-Consortium,EC-Earth3-Veg-LR,r1i1p1f1,gr,historical,2000-09,2000,9,64.35370327071897,275.56389878997436,-16.156002060653563,-318.02051682449337,-5.664672838361934,-21.240716627769018,-21.1643062905846,72.23187531070974,254.64399326285204,-29.49217390513061,-295.7570914889987,-3.0077420278618163,-14.867742559467041,-16.248881407896377,-7.878172039990773,20.919905527122324,13.336171844477047,-22.263425335494674,-2.6569308105001177,-6.372974068301977,-4.9154248826882245
EC-Earth-Consortium,EC-Earth3-Veg-LR,r1i1p1f1,gr,historical,2000-10,2000,10,19.23962677395088,238.82335766678554,-5.023826084674878,-290.2944276239029,-12.986418241659962,-28.444091251763915,-78.6857787612652,21.17782998279387,219.68910623165684,-9.062038234793288,-263.59941570919926,-7.415014525185129,-17.082779513843093,-56.292311768570094,-1.9382032088429888,19.134251435128704,4.03821215011841,-26.695011914703628,-5.5714037164748325,-11.361311737920822,-22.393466992695103
EC-Earth-Consortium,EC-Earth3-Veg-LR,r1i1p1f1,gr,historical,2000-11,2000,11,2.958965834827321,215.21531418246215,-0.7796809759633352,-262.22860037488056,-11.69602372758201,-20.56105484372963,-77.09107990486606,3.573632890038961,193.44910051493784,-1.4677800076550447,-237.86279579461424,-8.81039866871152,-15.933404947758362,-67.05164601376235,-0.61466705521164,21.766213667524312,0.6880990316917095,-24.365804580266314,-2.88562505887049,-4.627649895971267,-10.039433891103712
EC-Earth-Consortium,EC-Earth3-Veg-LR,r1i1p1f1,gr,historical,2000-12,2000,12,0.7416345051500605,196.78010650806172,-0.266406170340742,-246.72610982052248,-14.423654561721694,-22.825702333579166,-86.72013187295227,0.8443239133056458,179.53984894273685,-0.40726912356645945,-223.33948846597266,-7.907125970966346,-14.520666974641335,-65.79037767910431,-0.10268940815558536,17.240257565324868,0.14086295322571746,-23.386621354549817,-6.516528590755348,-8.30503535893783,-20.929754193847955
EC-Earth-Consortium,EC-Earth3-Veg-LR,r1i1p1f1,gr,historical,2001-01,2001,1,1.8022336649822326,190.84193369098907,-0.7470645986649584,-240.31118825486064,-13.479142149445881,-23.217184736353122,-85.1104123833533,1.9670428406081912,174.6451682692201,-1.1134382139788777,-217.91294889189962,-7.277542063475359,-14.28956539960937,-63.98128345913492,-0.16480917562595865,16.19676542176896,0.3663736153139192,-22.39823936296102,-6.201600085970522,-8.927619336743753,-21.129128924218385
EC-Earth-Consortium,EC-Earth3-Veg-LR,r1i1p1f1,gr,historical,2001-02,2001,2,11.539278709665123,195.8137262331155,-6.22339587707456,-240.89061831129698,-6.336867853997831,-17.138813812059606,-63.23669091164835,12.445773582853347,174.25857569933385,-8.050053493794298,-217.59834553205962,-6.931894885320205,-14.11158454395435,-59.98752917294128,-0.9064948731882243,21.555150533781642,1.8266576167197384,-23.29227277923735,0.595027031322374,-3.0272292681052555,-3.2491617387070733
EC-Earth-Consortium,EC-Earth3-Veg-LR,r1i1p1f1,gr,historical,2001-03,2001,3,56.1090266344683,185.96994230572724,-36.662111760492884,-234.69592132916256,-11.731044740038497,-19.73196568648966,-60.74207457598804,59.86295421939759,178.6380625638465,-42.42060087439643,-224.19115525659498,-5.777500516309919,-12.96961739527065,-46.8578572593279,-3.7539275849292864,7.331879741880755,5.7584891139035435,-10.504766072567577,-5.953544223728578,-6.762348291219009,-13.884217316660141
EC-Earth-Consortium,EC-Earth3-Veg-LR,r1i1p1f1,gr,historical,2001-04,2001,4,159.70264710959134,201.5227720567884,-109.2868210195548,-255.30564112584298,-6.120878503995026,-15.516502667025174,-25.00442415003821,165.54918549462982,193.94768773026806,-121.36911048471737,-244.71414659154436,-3.5592308420521506,-11.316720965746057,-21.462335659162093,-5.846538385038485,7.57508432652034,12.082289465162575,-10.591494534298619,-2.561647661942876,-4.199781701279116,-3.542088490876118
EC-Earth-Consortium,EC-Earth3-Veg-LR,r1i1p1f1,gr,historical,2001-05,2001,5,269.25271493892143,230.05000307363701,-178.64456137918626,-285.40375958724496,-4.232884807389793,-14.927373416410312,16.094138822327118,275.6543792863859,224.5590747925627,-196.4506719906339,-277.14177299595417,-1.8042443237938772,-10.700238938634309,14.116525829932366,-6.401664347464475,5.490928281074304,17.80611061144765,-8.261986591290793,-2.4286404835959154,-4.227134477776003,1.9776129923947519
EC-Earth-Consortium,EC-Earth3-Veg-LR,r1i1p1f1,gr,historical,2001-06,2001,6,280.39478883266645,274.36072482616316,-153.66847457884285,-313.904060514179,-1.1645035205176093,-12.05931988564088,73.9591551596493,296.31824615671405,264.6805788578032,-184.2618748228265,-305.99544242897827,-1.3256800948089977,-11.303420968742303,58.11240669916117,-15.923457324047604,9.680145968359966,30.593400243983666,-7.908618085200715,0.16117657429138843,-0.7558989168985768,15.84674846048813
EC-Earth-Consortium,EC-Earth3-Veg-LR,r1i1p1f1,gr,historical,2001-07,2001,7,213.43383638887138,299.67308190757154,-77.35157805060071,-329.0318616565511,-0.48285677237347435,-12.380833559516953,93.85978825740068,225.98526739919413,289.5888849412498,-106.74472434052524,-319.32788691162557,-0.19383547240358012,-10.584539231081097,78.72316638480842,-12.551431010322744,10.08419696632177,29.39314628992453,-9.703974744925517,-0.28902129996989423,-1.796294328435856,15.136621872592258
EC-Earth-Consortium,EC-Earth3-Veg-LR,r1i1p1f1,gr,historical,2001-08,2001,8,134.2888490349572,298.9453162483672,-34.8268765482086,-330.9136493437961,0.46317226722369903,-15.47765710305365,52.47915455548972,143.965143639584,285.514983779784,-56.61969220867284,-317.4160441353086,-0.736401837272086,-11.828037470306784,42.8799517678077,-9.676294604626804,13.430332468583174,21.792815660464235,-13.497605208487528,1.199574104495785,-3.649619632746866,9.599202787682025
EC-Earth-Consortium,EC-Earth3-Veg-LR,r1i1p1f1,gr,historical,2001-09,2001,9,67.1698878654656,273.7847929396566,-20.092460228917417,-314.40376304918664,-3.689176511131771,-19.066760873180765,-16.297479857294395,72.23187531070974,254.64399326285204,-29.49217390513061,-295.7570914889987,-3.0077420278618163,-14.867742559467041,-16.248881407896377,-5.061987445244142,19.140799676804562,9.399713676213192,-18.64667156018794,-0.6814344832699546,-4.199018313713724,-0.04859844939801761
EC-Earth-Consortium,EC-Earth3-Veg-LR,r1i1p1f1,gr,historical,2001-10,2001,10,20.671145613282103,235.78905988841768,-5.979211802272442,-284.6075142780323,-10.085104939955123,-22.043668669847992,-66.25529418840807,21.17782998279387,219.68910623165684,-9.062038234793288,-263.59941570919926,-7.415014525185129,-17.082779513843093,-56.292311768570094,-0.5066843695117669,16.099953656760846,3.0828264325208465,-21.00809856883302,-2.6700904147699935,-4.9608891560048995,-9.962982419837978
EC-Earth-Consortium,EC-Earth3-Veg-LR,r1i1p1f1,gr,historical,2001-11,2001,11,3.257894578249449,208.6100483093895,-0.8087924340467231,-258.28581579335577,-15.099725674437925,-26.004221808797904,-88.33061282299937,3.573632890038961,193.44910051493784,-1.4677800076550447,-237.86279579461424,-8.81039866871152,-15.933404947758362,-67.05164601376235,-0.31573831178951206,15.160947794451658,0.6589875736083216,-20.423019998741523,-6.289327005726406,-10.070816861039543,-21.27896680923702
EC-Earth-Consortium,EC-Earth3-Veg-LR,r1i1p1f1,gr,historical,2001-12,2001,12,0.7449545604442124,187.13829979213202,-0.2614711049015527,-237.3444942029078,-16.287376644317188,-24.07050677820342,-90.08059437775375,0.8443239133056458,179.53984894273685,-0.40726912356645945,-223.33948846597266,-7.907125970966346,-14.520666974641335,-65.79037767910431,-0.09936935286143345,7.598450849395164,0.14579801866490677,-14.005005736935146,-8.380250673350842,-9.549839803562085,-24.290216698649445
EC-Earth-Consortium,EC-Earth3-Veg-LR,r1i1p1f1,gr,historical,2002-01,2002,1,1.8295474210247322,189.60878389320033,-0.8599474684873756,-236.66964440031742,-16.04752038162843,-24.617950805084043,-86.75673174129221,1.9670428406081912,174.6451682692201,-1.1134382139788777,-217.91294889189962,-7.277542063475359,-14.28956539960937,-63.98128345913492,-0.137495419583459,14.963615623980218,0.2534907454915021,-18.756695508417806,-8.769978318153072,-10.328385405474673,-22.775448282157292
EC-Earth-Consortium,EC-Earth3-Veg-LR,r1i1p1f1,gr,historical,2002-02,2002,2,11.909533715235385,187.6859243138504,-6.540247535508264,-235.7246257959915,-13.381376643679117,-23.362083359028126,-79.41287530512122,12.445773582853347,174.25857569933385,-8.050053493794298,-217.59834553205962,-6.931894885320205,-14.11158454395435,-59.98752917294128,-0.5362398676179616,13.427348614516546,1.5098059582860337,-18.126280263931875,-6.449481758358911,-9.250498815073776,-19.42534613217994
EC-Earth-Consortium,EC-Earth3-Veg-LR,r1i1p1f1,gr,historical,2002-03,2002,3,56.167031085305744,191.05474768662276,-36.52657331583163,-239.41483228807652,-13.689419517877143,-22.68083555355927,-65.08988190341606,59.86295421939759,178.6380625638465,-42.42060087439643,-224.19115525659498,-5.777500516309919,-12.96961739527065,-46.8578572593279,-3.695923134091842,12.416685122776272,5.894027558564801,-15.223677031481543,-7.911919001567224,-9.71121815828862,-18.232024644088156
EC-Earth-Consortium,EC-Earth3-Veg-LR,r1i1p1f1,gr,historical,2002-04,2002,4,157.7845131090435,207.4919267750343,-108.55171829454183,-260.6080991830627,-5.389183898495912,-17.211128609095553,-26.483690101118153,165.54918549462982,193.94768773026806,-121.36911048471737,-244.71414659154436,-3.5592308420521506,-11.316720965746057,-21.462335659162093,-7.764672385586323,13.544239044766243,12.81739219017554,-15.893952591518314,-1.8299530564437618,-5.894407643349496,-5.02135444195606
EC-Earth-Consortium,EC-Earth3-Veg-LR,r1i1p1f1,gr,historical,2002-05,2002,5,258.83626037811916,241.73869429298526,-169.41204237309256,-291.4384047151047,-3.2029564918469804,-13.8082838192588,22.71326727180138,275.6543792863859,224.5590747925627,-196.4506719906339,-277.14177299595417,-1.8042443237938772,-10.700238938634309,14.116525829932366,-16.81811890826674,17.179619500422547,27.038629617541346,-14.296631719150525,-1.3987121680531032,-3.108044880624492,8.596741441869016
EC-Earth-Consortium,EC-Earth3-Veg-LR,r1i1p1f1,gr,historical,2002-06,2002,6,271.727920210918,282.87105244888096,-137.46736017797156,-318.2280553654232,-0.03202515718909852,-10.693755315108293,88.17777664410683,296.31824615671405,264.6805788578032,-184.2618748228265,-305.99544242897827,-1.3256800948089977,-11.303420968742303,58.11240669916117,-24.590325945796053,18.19047359107776,46.79451464485496,-12.232612936444923,1.2936549376198991,0.6096656536340106,30.065369944945658
EC-Earth-Consortium,EC-Earth3-Veg-LR,r1i1p1f1,gr,historical,2002-07,2002,7,209.9998043080701,302.53033068039196,-65.64551096790265,-331.03732259004727,0.6500213557520474,-11.150888546802383,105.3464342394619,225.98526739919413,289.5888849412498,-106.74472434052524,-319.32788691162557,-0.19383547240358012,-10.584539231081097,78.72316638480842,-15.985463091124018,12.941445739142182,41.099213372622586,-11.709435678421698,0.8438568281556276,-0.5663493157212862,26.623267854653477
EC-Earth-Consortium,EC-Earth3-Veg-LR,r1i1p1f1,gr,historical,2002-08,2002,8,134.2543767108637,300.9793244775461,-31.828324481146858,-332.60472409831624,-0.09755431581346528,-15.521482129504243,55.181616163628966,143.965143639584,285.514983779784,-56.61969220867284,-317.4160441353086,-0.736401837272086,-11.828037470306784,42.8799517678077,-9.71076692872029,15.464340697762054,24.79136772752598,-15.188679963007644,0.6388475214586207,-3.693444659197459,12.30166439582127
EC-Earth-Consortium,EC-Earth3-Veg-LR,r1i1p1f1,gr,historical,2002-09,2002,9,65.20600721360395,280.59113005654,-16.639654454892717,-320.0598306755964,-4.467901367946155,-20.862780564624586,-16.233029792915914,72.23187531070974,254.64399326285204,-29.49217390513061,-295.7570914889987,-3.0077420278618163,-14.867742559467041,-16.248881407896377,-7.025868097105786,25.947136793687974,12.852519450237892,-24.302739186597705,-1.4601593400843385,-5.995038005157545,0.015851614980462614
EC-Earth-Consortium,EC-Earth3-Veg-LR,r1i1p1f1,gr,historical,2002-10,2002,10,20.081561701575176,241.3461745524881,-5.816094786022827,-289.83950024010727,-11.530770706906564,-25.29146685468313,-71.05009633365651,21.17782998279387,219.68910623165684,-9.062038234793288,-263.59941570919926,-7.415014525185129,-17.082779513843093,-56.292311768570094,-1.0962682812186948,21.657068320831257,3.2459434487704613,-26.240084530908007,-4.1157561817214345,-8.208687340840036,-14.757784565086418
EC-Earth-Consortium,EC-Earth3-Veg-LR,r1i1p1f1,gr,historical,2002-11,2002,11,3.403327129010536,214.31642207695086,-0.9077813549732593,-265.11791061266985,-11.522858451396324,-22.554713688485283,-82.38351490156332,3.573632890038961,193.44910051493784,-1.4677800076550447,-237.86279579461424,-8.81039866871152,-15.933404947758362,-67.05164601376235,-0.1703057610284251,20.867321562013018,0.5599986526817854,-27.255114818055603,-2.712459782684805,-6.621308740726921,-15.331868887800965
EC-Earth-Consortium,EC-Earth3-Veg-LR,r1i1p1f1,gr,historical,2002-12,2002,12,0.7811845676648936,197.27896135695173,-0.272025556168787,-247.99319547473962,-10.606715975709234,-21.170435910536714,-81.98222699253773,0.8443239133056458,179.53984894273685,-0.40726912356645945,-223.33948846597266,-7.907125970966346,-14.520666974641335,-65.79037767910431,-0.06313934564075219,17.739112414214873,0.13524356739767246,-24.653707008766958,-2.6995900047428876,-6.649768935895379,-16.191849313433423
EC-Earth-Consortium,EC-Earth3-Veg-LR,r1i1p1f1,gr,historical,2003-01,2003,1,1.8228453904277948,200.67462951549064,-0.7134297629237879,-247.8305382963418,-9.314160160914897,-21.072585707610415,-76.43323902187248,1.9670428406081912,174.6451682692201,-1.1134382139788777,-217.91294889189962,-7.277542063475359,-14.28956539960937,-63.98128345913492,-0.14419745018039642,26.02946124627053,0.40000845105508975,-29.917589404442197,-2.036618097439538,-6.783020308001046,-12.45195556273756
EC-Earth-Consortium,EC-Earth3-Veg-LR,r1i1p1f1,gr,historical,2003-02,2003,2,11.615474251660503,189.66770711222668,-6.23712785406657,-238.72323054853592,-16.97187717807278,-24.995108788327673,-85.64416300511574,12.445773582853347,174.25857569933385,-8.050053493794298,-217.59834553205962,-6.931894885320205,-14.11158454395435,-59.98752917294128,-0.8302993311928439,15.409131412892833,1.8129256397277276,-21.1248850164763,-10.039982292752576,-10.883524244373323,-25.656633832174464
EC-Earth-Consortium,EC-Earth3-Veg-LR,r1i1p1f1,gr,historical,2003-03,2003,3,54.80529350483027,203.6920253599234,-35.53881665581568,-248.1203607879473,-13.582779406035167,-22.477651533464485,-61.22228951850899,59.86295421939759,178.6380625638465,-42.42060087439643,-224.19115525659498,-5.777500516309919,-12.96961739527065,-46.8578572593279,-5.057660714567319,25.053962796076917,6.881784218580748,-23.929205531352324,-7.805278889725248,-9.508034138193835,-14.364432259181086
EC-Earth-Consortium,EC-Earth3-Veg-LR,r1i1p1f1,gr,historical,2003-04,2003,4,155.52779612360698,212.77541309504224,-105.0705497449592,-263.57717320744297,-8.430545849845343,-17.97241654756861,-26.747476131166884,165.54918549462982,193.94768773026806,-121.36911048471737,-244.71414659154436,-3.5592308420521506,-11.316720965746057,-21.462335659162093,-10.021389371022849,18.82772536477418,16.298560739758173,-18.863026615898605,-4.871315007793193,-6.6556955818225525,-5.285140472004791
EC-Earth-Consortium,EC-Earth3-Veg-LR,r1i1p1f1,gr,historical,2003-05,2003,5,262.7055272911732,236.25892375782567,-170.4846832397139,-289.36909417563254,-3.7774985192937605,-15.183852084284132,20.149323030074534,275.6543792863859,224.5590747925627,-196.4506719906339,-277.14177299595417,-1.8042443237938772,-10.700238938634309,14.116525829932366,-12.948851995212692,11.699848965262959,25.96598875092002,-12.22732117967837,-1.9732541954998832,-4.483613145649823,6.032797200142168
EC-Earth-Consortium,EC-Earth3-Veg-LR,r1i1p1f1,gr,historical,2003-06,2003,6,267.64751570390314,284.61886306935895,-129.2603741063963,-319.8415415111034,-0.49691649550332173,-11.550736450803143,91.11681020945593,296.31824615671405,264.6805788578032,-184.2618748228265,-305.99544242897827,-1.3256800948089977,-11.303420968742303,58.11240669916117,-28.670730452810915,19.938284211555754,55.0015007164302,-13.846099082125136,0.828763599305676,-0.24731548206083964,33.004403510294765
EC-Earth-Consortium,EC-Earth3-Veg-LR,r1i1p1f1,gr,historical,2003-07,2003,7,212.1395386153096,301.9162737047099,-60.144030149482525,-333.4771182885017,-0.30946900798313554,-13.108681440109493,107.01651343394266,225.98526739919413,289.5888849412498,-106.74472434052524,-319.32788691162557,-0.19383547240358012,-10.584539231081097,78.72316638480842,-13.845728783884539,12.327388763460135,46.60069419104271,-14.149231376876116,-0.11563353557955541,-2.524142209028396,28.29334704913424
EC-Earth-Consortium,EC-Earth3-Veg-LR,r1i1p1f1,gr,historical,2003-08,2003,8,132.6245040613974,301.78110333054553,-29.280831360192938,-335.26507252269846,-0.568785177271486,-16.80443424741976,52.48648408436024,143.965143639584,285.514983779784,-56.61969220867284,-317.4160441353086,-0.736401837272086,-11.828037470306784,42.8799517678077,-11.340639578186597,16.266119550761516,27.3388608484799,-17.849028387389865,0.16761666000059994,-4.976396777112976,9.606532316552546
EC-Earth-Consortium,EC-Earth3-Veg-LR,r1i1p1f1,gr,historical,2003-09,2003,9,65.98698998654584,280.62611477185,-15.998998286221708,-321.1518057463231,-5.553421608532398,-22.610949362248395,-18.702070244929757,72.23187531070974,254.64399326285204,-29.49217390513061,-295.7570914889987,-3.0077420278618163,-14.867742559467041,-16.248881407896377,-6.244885324163903,25.98212150899795,13.493175618908902,-25.39471425732438,-2.5456795806705816,-7.743206802781353,-2.4531888370333803
EC-Earth-Consortium,EC-Earth3-Veg-LR,r1i1p1f1,gr,historical,2003-10,2003,10,19.321823954721552,244.56607962777178,-5.123613750578556,-292.9730841181003,-15.21225422004108,-28.40758546391586,-77.82863397014248,21.17782998279387,219.68910623165684,-9.062038234793288,-263.59941570919926,-7.415014525185129,-17.082779513843093,-56.292311768570094,-1.8560060280723185,24.87697339611495,3.938424484214732,-29.37366840890104,-7.797239694855951,-11.324805950072768,-21.536322201572382
EC-Earth-Consortium,EC-Earth3-Veg-LR,r1i1p1f1,gr,historical,2003-11,2003,11,3.279430448119761,207.04440273979372,-0.7679137628756657,-260.74557723032086,-15.936408923479293,-26.346158000157693,-93.47222472892003,3.573632890038961,193.44910051493784,-1.4677800076550447,-237.86279579461424,-8.81039866871152,-15.933404947758362,-67.05164601376235,-0.2942024419192002,13.595302224855885,0.699866244779379,-22.88278143570662,-7.126010254767774,-10.412753052399331,-26.420578715157674
EC-Earth-Consortium,EC-Earth3-Veg-LR,r1i1p1f1,gr,historical,2003-12,2003,12,0.7500308835898007,199.7064522552886,-0.24620281864365418,-248.70384778615303,-14.94861969655961,-25.20777703028331,-88.64996419276122,0.8443239133056458,179.53984894273685,-0.40726912356645945,-223.33948846597266,-7.907125970966346,-14.520666974641335,-65.79037767910431,-0.09429302971584508,20.166603312551757,0.16106630492280527,-25.36435932018037,-7.041493725593265,-10.687110055641975,-22.859586513656907
EC-Earth-Consortium,EC-Earth3-Veg-LR,r1i1p1f1,gr,historical,2004-01,2004,1,1.8742121331502468,185.5117592084967,-0.8224856424389174,-236.12410232409152,-17.193796544070878,-23.82543219498485,-90.57984536393923,1.9670428406081912,174.6451682692201,-1.1134382139788777,-217.91294889189962,-7.277542063475359,-14.28956539960937,-63.98128345913492,-0.09283070745794442,10.866590939276591,0.29095257153996024,-18.211153432191907,-9.91625448059552,-9.53586679537548,-26.598561904804306
EC-Earth-Consortium,EC-Earth3-Veg-LR,r1i1p1f1,gr,historical,2004-02,2004,2,11.77752620371775,189.3235830005602,-6.614556735360852,-235.83040291420934,-8.695338095014574,-19.90966433513219,-69.94885287543902,12.445773582853347,174.25857569933385,-8.050053493794298,-217.59834553205962,-6.931894885320205,-14.11158454395435,-59.98752917294128,-0.6682473791355967,15.065007301226359,1.4354967584334464,-18.23205738214972,-1.7634432096943682,-5.798079791177841,-9.961323702497737
EC-Earth-Consortium,EC-Earth3-Veg-LR,r1i1p1f1,gr,historical,2004-03,2004,3,58.46592196864965,192.2046272207385,-37.68926442344973,-242.3269021503108,-13.819853441411707,-23.324436822494025,-66.48990764827809,59.86295421939759,178.6380625638465,-42.42060087439643,-224.19115525659498,-5.777500516309919,-12.96961739527065,-46.8578572593279,-1.3970322507479338,13.566564656892012,4.731336450946699,-18.135746893715805,-8.042352925101788,-10.354819427223376,-19.63205038895019
EC-Earth-Consortium,EC-Earth3-Veg-LR,r1i1p1f1,gr,historical,2004-04,2004,4,162.1969138611657,207.63910976803498,-110.31540819146954,-262.102049133552,-7.10287026449526,-19.004351647064002,-28.688655607380124,165.54918549462982,193.94768773026806,-121.36911048471737,-244.71414659154436,-3.5592308420521506,-11.316720965746057,-21.462335659162093,-3.352271633464113,13.691422037766927,11.053702293247824,-17.387902542007623,-3.543639422443109,-7.687630681317945,-7.2263199482180305
EC-Earth-Consortium,EC-Earth3-Veg-LR,r1i1p1f1,gr,historical,2004-05,2004,5,261.55778315804093,242.70722093019307,-163.66732677621906,-293.44176034211904,-2.361070860745401,-13.34410313542357,31.45074297372697,275.6543792863859,224.5590747925627,-196.4506719906339,-277.14177299595417,-1.8042443237938772,-10.700238938634309,14.116525829932366,-14.09659612834497,18.148146137630363,32.78334521441485,-16.29998734616487,-0.5568265369515237,-2.643864196789261,17.334217143794604
EC-Earth-Consortium,EC-Earth3-Veg-LR,r1i1p1f1,gr,historical,2004-06,2004,6,269.0046118116342,280.37201340560534,-132.77130810371943,-318.4115299996877,-1.9744188656032033,-14.250724430069438,81.96864381815976,296.31824615671405,264.6805788578032,-184.2618748228265,-305.99544242897827,-1.3256800948089977,-11.303420968742303,58.11240669916117,-27.313634345079834,15.691434547802146,51.49056671910708,-12.416087570709408,-0.6487387707942056,-2.9473034613271345,23.856237118998592
EC-Earth-Consortium,EC-Earth3-Veg-LR,r1i1p1f1,gr,historical,2004-07,2004,7,205.64518325582227,304.1276322078689,-58.72407047221432,-333.53600233436373,1.083531127790546,-11.48283627070581,107.11343751419784,225.98526739919413,289.5888849412498,-106.74472434052524,-319.32788691162557,-0.19383547240358012,-10.584539231081097,78.72316638480842,-20.340084143371854,14.538747266619112,48.020653868310916,-14.20811542273816,1.2773666001941262,-0.8982970396247136,28.39027112938942
EC-Earth-Consortium,EC-Earth3-Veg-LR,r1i1p1f1,gr,historical,2004-08,2004,8,128.4885484644063,301.8393426927214,-26.777824346484316,-334.6795173344249,-1.6887805899482862,-17.02539315271285,50.15637573355744,143.965143639584,285.514983779784,-56.61969220867284,-317.4160441353086,-0.736401837272086,-11.828037470306784,42.8799517678077,-15.476595175177692,16.324358912937385,29.841867862188522,-17.263473199116277,-0.9523787526762002,-5.197355682406068,7.276423965749743
EC-Earth-Consortium,EC-Earth3-Veg-LR,r1i1p1f1,gr,historical,2004-09,2004,9,64.772643064901,274.05467455045556,-15.457732411434375,-319.0670191678747,-5.130303255948133,-21.874155325688513,-22.70189254558921,72.23187531070974,254.64399326285204,-29.49217390513061,-295.7570914889987,-3.0077420278618163,-14.867742559467041,-16.248881407896377,-7.459232245808735,19.410681287603524,14.034441493696235,-23.309927678876022,-2.122561228086317,-7.006412766221471,-6.453011137692833
EC-Earth-Consortium,EC-Earth3-Veg-LR,r1i1p1f1,gr,historical,2004-10,2004,10,18.918542226480017,239.21322446261033,-5.251555944824263,-291.012298137343,-14.352425853881815,-30.615053298725712,-83.09956654568447,21.17782998279387,219.68910623165684,-9.062038234793288,-263.59941570919926,-7.415014525185129,-17.082779513843093,-56.292311768570094,-2.259287756313853,19.52411823095349,3.810482289969025,-27.412882428143746,-6.937411328696686,-13.53227378488262,-26.807254777114373
EC-Earth-Consortium,EC-Earth3-Veg-LR,r1i1p1f1,gr,historical,2004-11,2004,11,3.1340624792742076,216.92678888396392,-0.7052822720329832,-269.0226311132226,-16.956306318589075,-28.586919201321926,-95.21028754192844,3.573632890038961,193.44910051493784,-1.4677800076550447,-237.86279579461424,-8.81039866871152,-15.933404947758362,-67.05164601376235,-0.43957041076475356,23.477688369026083,0.7624977356220615,-31.159835318608344,-8.145907649877556,-12.653514253563564,-28.158641528166086
EC-Earth-Consortium,EC-Earth3-Veg-LR,r1i1p1f1,gr,historical,2004-12,2004,12,0.7566190877410952,189.54373038611485,-0.24223901214324836,-246.11977033643882,-21.99604639217962,-30.685063224030007,-108.74276949093576,0.8443239133056458,179.53984894273685,-0.40726912356645945,-223.33948846597266,-7.907125970966346,-14.520666974641335,-65.79037767910431,-0.08770482556455061,10.003881443377992,0.16503011142321108,-22.780281870466155,-14.088920421213272,-16.164396249388673,-42.95239181183145
EC-Earth-Consortium,EC-Earth3-Veg-LR,r1i1p1f1,gr,historical,2005-01,2005,1,1.8925979079909325,194.30569340520555,-0.8834152914445655,-243.16017975279556,-16.486278587570062,-26.72511397364413,-91.05669629225785,1.9670428406081912,174.6451682692201,-1.1134382139788777,-217.91294889189962,-7.277542063475359,-14.28956539960937,-63.98128345913492,-0.07444493261725871,19.660525135985438,0.2300229225343121,-25.24723086089594,-9.208736524094704,-12.435548574034762,-27.075412833122932
EC-Earth-Consortium,EC-Earth3-Veg-LR,r1i1p1f1,gr,historical,2005-02,2005,2,11.737096062419402,201.31509398971215,-6.392385540009285,-248.48148662127448,-8.462212045149121,-21.066372703861074,-71.35026685816241,12.445773582853347,174.25857569933385,-8.050053493794298,-217.59834553205962,-6.931894885320205,-14.11158454395435,-59.98752917294128,-0.7086775204339446,27.056518290378307,1.6576679537850127,-30.88314108921486,-1.5303171598289156,-6.954788159906723,-11.362737685221134
EC-Earth-Consortium,EC-Earth3-Veg-LR,r1i1p1f1,gr,historical,2005-03,2005,3,56.03124655824581,197.22226442331444,-35.00778376449137,-247.00413885579349,-10.01173578667252,-19.32440986483213,-58.09455729022925,59.86295421939759,178.6380625638465,-42.42060087439643,-224.19115525659498,-5.777500516309919,-12.96961739527065,-46.8578572593279,-3.831707661151775,18.584201859467953,7.412817109905056,-22.812983599198503,-4.234235270362602,-6.354792469561481,-11.236700030901346
EC-Earth-Consortium,EC-Earth3-Veg-LR,r1i1p1f1,gr,historical,2005-04,2005,4,154.2895384975181,214.12309081566863,-101.61043684044817,-266.2371086452501,-8.774012144390953,-19.926917074165875,-28.135845391068408,165.54918549462982,193.94768773026806,-121.36911048471737,-244.71414659154436,-3.5592308420521506,-11.316720965746057,-21.462335659162093,-11.25964699711173,20.175403085400575,19.758673644269194,-21.522962053705726,-5.214781302338803,-8.610196108419817,-6.673509731906314
EC-Earth-Consortium,EC-Earth3-Veg-LR,r1i1p1f1,gr,historical,2005-05,2005,5,256.5110321880716,240.5356581780653,-162.774734745402,-291.1344287231797,-3.2299463319084127,-15.392813297444405,24.514767268202355,275.6543792863859,224.5590747925627,-196.4506719906339,-277.14177299595417,-1.8042443237938772,-10.700238938634309,14.116525829932366,-19.14334709831428,15.976583385502579,33.67593724523192,-13.992655727225554,-1.4257020081145355,-4.692574358810097,10.39824143826999
EC-Earth-Consortium,EC-Earth3-Veg-LR,r1i1p1f1,gr,historical,2005-06,2005,6,265.9177798182538,286.04096108978376,-123.6608760311664,-321.84588498495833,-0.787596518999967,-12.762047420430811,92.90233595248202,296.31824615671405,264.6805788578032,-184.2618748228265,-305.99544242897827,-1.3256800948089977,-11.303420968742303,58.11240669916117,-30.400466338460262,21.360382231980566,60.60099879166012,-15.850442555980067,0.5380835758090308,-1.4586264516885077,34.78992925332085
EC-Earth-Consortium,EC-Earth3-Veg-LR,r1i1p1f1,gr,historical,2005-07,2005,7,205.4256342186897,303.5750219056468,-56.927008425862695,-334.0720080938162,0.7735931290191042,-12.697556261851132,106.07767647182558,225.98526739919413,289.5888849412498,-106.74472434052524,-319.32788691162557,-0.19383547240358012,-10.584539231081097,78.72316638480842,-20.55963318050442,13.98613696439702,49.81771591466254,-14.74412118219061,0.9674286014226843,-2.1130170307700347,27.35451008701716
EC-Earth-Consortium,EC-Earth3-Veg-LR,r1i1p1f1,gr,historical,2005-08,2005,8,135.02853439670739,300.6565835537758,-30.830521357434467,-334.8209445685747,-2.165297986681015,-18.29417493797524,49.57417909981781,143.965143639584,285.514983779784,-56.61969220867284,-317.4160441353086,-0.736401837272086,-11.828037470306784,42.8799517678077,-8.936609242876614,15.1415997739918,25.78917085123837,-17.404900433266107,-1.428896149408929,-6.466137467668455,6.694227332010115
EC-Earth-Consortium,EC-Earth3-Veg-LR,r1i1p1f1,gr,historical,2005-09,2005,9,67.57059079417742,279.7054299144529,-18.201445522647642,-321.8916352424418,-4.381980725240661,-23.35435698715037,-20.55339776885016,72.23187531070974,254.64399326285204,-29.49217390513061,-295.7570914889987,-3.0077420278618163,-14.867742559467041,-16.248881407896377,-4.661284516532319,25.06143665160087,11.290728382482968,-26.134543753443097,-1.3742386973788445,-8.48661442768333,-4.304516360953784
EC-Earth-Consortium,EC-Earth3-Veg-LR,r1i1p1f1,gr,historical,2005-10,2005,10,20.000163013685732,240.37184124423047,-5.85252776833597,-289.4907052591799,-12.488798691016767,-26.656503913122062,-74.11653137373847,21.17782998279387,219.68910623165684,-9.062038234793288,-263.59941570919926,-7.415014525185129,-17.082779513843093,-56.292311768570094,-1.177666969108138,20.68273501257363,3.209510466457318,-25.891289549980627,-5.073784165831637,-9.57372439927897,-17.824219605168373
EC-Earth-Consortium,EC-Earth3-Veg-LR,r1i1p1f1,gr,historical,2005-11,2005,11,3.383204173187119,219.04866498533497,-0.7443326325259719,-269.86284898550736,-14.486967512565506,-26.173103758185704,-88.83538373026246,3.573632890038961,193.44910051493784,-1.4677800076550447,-237.86279579461424,-8.81039866871152,-15.933404947758362,-67.05164601376235,-0.19042871685184215,25.599564470397127,0.7234473751290728,-32.00005319089311,-5.676568843853987,-10.239698810427342,-21.783737716500113
EC-Earth-Consortium,EC-Earth3-Veg-LR,r1i1p1f1,gr,historical,2005-12,2005,12,0.7443784853765082,204.63620794466158,-0.22356291177767976,-253.2923176899171,-13.178834100861486,-23.962542907754532,-85.27667118027273,0.8443239133056458,179.53984894273685,-0.40726912356645945,-223.33948846597266,-7.907125970966346,-14.520666974641335,-65.79037767910431,-0.09994542792913763,25.096359001924725,0.1837062117887797,-29.952829223944434,-5.27170812989514,-9.441875933113197,-19.48629350116842
EC-Earth-Consortium,EC-Earth3-Veg-LR,r1i1p1f1,gr,historical,2006-01,2006,1,1.677118210894593,191.45104778786717,-0.755575210829098,-240.51101931705003,-9.466743611176003,-22.287062857560066,-79.89223499785342,1.9670428406081912,174.6451682692201,-1.1134382139788777,-217.91294889189962,-7.277542063475359,-14.28956539960937,-63.98128345913492,-0.2899246297135982,16.80587951864706,0.3578630031497797,-22.59807042515041,-2.1892015477006446,-7.997497457950697,-15.9109515387185
EC-Earth-Consortium,EC-Earth3-Veg-LR,r1i1p1f1,gr,historical,2006-02,2006,2,11.337700189355557,196.15568149136237,-6.2500385032319565,-241.59508259535102,-8.980175015624768,-19.980647700724994,-69.3125621342148,12.445773582853347,174.25857569933385,-8.050053493794298,-217.59834553205962,-6.931894885320205,-14.11158454395435,-59.98752917294128,-1.10807339349779,21.897105792028526,1.8000149905623415,-23.99673706329139,-2.048280130304563,-5.869063156770643,-9.325032961273521
EC-Earth-Consortium,EC-Earth3-Veg-LR,r1i1p1f1,gr,historical,2006-03,2006,3,55.05674737168517,201.18247560744373,-34.479776508071694,-246.99340600362973,-2.648368519250716,-14.465140233498023,-42.34746828532127,59.86295421939759,178.6380625638465,-42.42060087439643,-224.19115525659498,-5.777500516309919,-12.96961739527065,-46.8578572593279,-4.806206847712417,22.544413043597245,7.940824366324733,-22.802250747034748,3.1291319970592033,-1.495522838227373,4.510388974006631
EC-Earth-Consortium,EC-Earth3-Veg-LR,r1i1p1f1,gr,historical,2006-04,2006,4,153.11290743917107,215.00102386562398,-101.61529823019924,-265.5117012760396,-7.157667998499774,-18.616868430876078,-24.78760463081964,165.54918549462982,193.94768773026806,-121.36911048471737,-244.71414659154436,-3.5592308420521506,-11.316720965746057,-21.462335659162093,-12.436278055458757,21.05333613535592,19.753812254518124,-20.797554684495253,-3.598437156447624,-7.300147465130021,-3.3252689716575468
EC-Earth-Consortium,EC-Earth3-Veg-LR,r1i1p1f1,gr,historical,2006-05,2006,5,256.044926036583,241.2766568135032,-163.60231838801565,-292.06200220386995,-4.225244418263041,-16.081726544762613,21.35029129517495,275.6543792863859,224.5590747925627,-196.4506719906339,-277.14177299595417,-1.8042443237938772,-10.700238938634309,14.116525829932366,-19.609453249802925,16.717582020940483,32.84835360261826,-14.920229207915781,-2.421000094469164,-5.381487606128305,7.233765465242586
EC-Earth-Consortium,EC-Earth3-Veg-LR,r1i1p1f1,gr,historical,2006-06,2006,6,267.13944728380767,284.6263944100495,-129.59841952247012,-320.81343088927156,-2.049600487046207,-15.05172355161979,84.2526672434495,296.31824615671405,264.6805788578032,-184.2618748228265,-305.99544242897827,-1.3256800948089977,-11.303420968742303,58.11240669916117,-29.178798872906384,19.9458155522463,54.66345530035639,-14.817988460293293,-0.723920392237209,-3.7483025828774874,26.140260544288324
EC-Earth-Consortium,EC-Earth3-Veg-LR,r1i1p1f1,gr,historical,2006-07,2006,7,207.56459105512076,302.3114287408194,-60.24895689068511,-332.4437901923173,-1.2121617509836702,-13.66224638115499,102.30886458079905,225.98526739919413,289.5888849412498,-106.74472434052524,-319.32788691162557,-0.19383547240358012,-10.584539231081097,78.72316638480842,-18.42067634407337,12.722543799569621,46.49576744984013,-13.115903280691725,-1.0183262785800902,-3.077707150073893,23.58569819599063
EC-Earth-Consortium,EC-Earth3-Veg-LR,r1i1p1f1,gr,historical,2006-08,2006,8,129.05228982163723,303.60550610641326,-27.652402416661708,-335.40481937373823,-0.4463839214449426,-16.348275110915125,52.805915105290524,143.965143639584,285.514983779784,-56.61969220867284,-317.4160441353086,-0.736401837272086,-11.828037470306784,42.8799517678077,-14.912853817946768,18.09052232662924,28.96728979201113,-17.98877523842964,0.29001791582714337,-4.520237640608341,9.925963337482827
EC-Earth-Consortium,EC-Earth3-Veg-LR,r1i1p1f1,gr,historical,2006-09,2006,9,67.54147066816265,274.08080805977085,-17.75435945033861,-319.01176858194054,-5.026110363098664,-21.44530704957519,-21.615266717019534,72.23187531070974,254.64399326285204,-29.49217390513061,-295.7570914889987,-3.0077420278618163,-14.867742559467041,-16.248881407896377,-4.690404642547094,19.43681479691881,11.737814454791998,-23.254677092941847,-2.0183683352368478,-6.57756449010815,-5.366385309123157
EC-Earth-Consortium,EC-Earth3-Veg-LR,r1i1p1f1,gr,historical,2006-10,2006,10,19.42530259309764,243.8915033905225,-5.449542209741415,-291.04051174162737,-11.377725880031662,-25.103967068089013,-69.6549409158693,21.17782998279387,219.68910623165684,-9.062038234793288,-263.59941570919926,-7.415014525185129,-17.082779513843093,-56.292311768570094,-1.7525273896962297,24.202397158865665,3.6124960250518736,-27.441096032428106,-3.9627113548465323,-8.02118755424592,-13.36262914729921
EC-Earth-Consortium,EC-Earth3-Veg-LR,r1i1p1f1,gr,historical,2006-11,2006,11,3.24575141592243,212.0500011860051,-0.7526889592416774,-263.42172310845774,-16.941863281795197,-26.19691851690416,-92.01744126447126,3.573632890038961,193.44910051493784,-1.4677800076550447,-237.86279579461424,-8.81039866871152,-15.933404947758362,-67.05164601376235,-0.327881474116531,18.60090067106725,0.7150910484133672,-25.558927313843498,-8.131464613083677,-10.263513569145797,-24.965795250708908
EC-Earth-Consortium,EC-Earth3-Veg-LR,r1i1p1f1,gr,historical,2006-12,2006,12,0.7533796471556494,204.24491538000046,-0.21945985296771772,-252.95546415479518,-10.055999084988096,-22.680426791312485,-80.9130548569074,0.8443239133056458,179.53984894273685,-0.40726912356645945,-223.33948846597266,-7.907125970966346,-14.520666974641335,-65.79037767910431,-0.0909442661499964,24.70506643726361,0.18780927059874172,-29.615975688822516,-2.1488731140217503,-8.15975981667115,-15.122677177803084
EC-Earth-Consortium,EC-Earth3-Veg-LR,r1i1p1f1,gr,historical,2007-01,2007,1,1.692291277363202,208.47548564642818,-0.6910573396912585,-251.04548921637362,-5.781215763843637,-17.72622278033722,-65.07620817645436,1.9670428406081912,174.6451682692201,-1.1134382139788777,-217.91294889189962,-7.277542063475359,-14.28956539960937,-63.98128345913492,-0.2747515632449893,33.830317377208075,0.42238087428761917,-33.13254032447401,1.496326299631722,-3.4366573807278513,-1.0949247173194365
EC-Earth-Consortium,EC-Earth3-Veg-LR,r1i1p1f1,gr,historical,2007-02,2007,2,11.411079440573864,198.51728625310903,-5.740530136127955,-245.42641661771742,-13.840182146907328,-23.316657128634308,-78.39542033570409,12.445773582853347,174.25857569933385,-8.050053493794298,-217.59834553205962,-6.931894885320205,-14.11158454395435,-59.98752917294128,-1.0346941422794824,24.258710553775188,2.309523357666343,-27.828071085657797,-6.908287261587122,-9.205072584679957,-18.40789116276281
EC-Earth-Consortium,EC-Earth3-Veg-LR,r1i1p1f1,gr,historical,2007-03,2007,3,54.51396986348888,202.14757303809017,-32.493968026960914,-250.09674685085474,-10.379251955159935,-19.533525806852833,-55.84194973824934,59.86295421939759,178.6380625638465,-42.42060087439643,-224.19115525659498,-5.777500516309919,-12.96961739527065,-46.8578572593279,-5.348984355908705,23.509510474243683,9.926632847435513,-25.90559159425976,-4.601751438850016,-6.563908411582183,-8.98409247892144
EC-Earth-Consortium,EC-Earth3-Veg-LR,r1i1p1f1,gr,historical,2007-04,2007,4,154.62614687512567,212.8190961620826,-101.00369950668417,-265.6025673504773,-8.307745704801784,-19.057808173357273,-26.52657769811224,165.54918549462982,193.94768773026806,-121.36911048471737,-244.71414659154436,-3.5592308420521506,-11.316720965746057,-21.462335659162093,-10.923038619504155,18.87140843181453,20.365410978033196,-20.88842075893291,-4.748514862749634,-7.741087207611216,-5.064242038950148
EC-Earth-Consortium,EC-Earth3-Veg-LR,r1i1p1f1,gr,historical,2007-05,2007,5,255.55267909646145,243.88373419556527,-160.14474475440122,-294.2778413761427,-2.3460190926649545,-14.398973923055902,28.26883414576191,275.6543792863859,224.5590747925627,-196.4506719906339,-277.14177299595417,-1.8042443237938772,-10.700238938634309,14.116525829932366,-20.101700189924458,19.324659403002556,36.30592723623269,-17.136068380188533,-0.5417747688710772,-3.698734984421593,14.152308315829545
EC-Earth-Consortium,EC-Earth3-Veg-LR,r1i1p1f1,gr,historical,2007-06,2007,6,272.8316112730887,281.32688676041295,-132.2347840568893,-320.86440897846234,-3.209721335299724,-15.582069029944252,82.26751463290606,296.31824615671405,264.6805788578032,-184.2618748228265,-305.99544242897827,-1.3256800948089977,-11.303420968742303,58.11240669916117,-23.486634883625356,16.64630790260975,52.0270907659372,-14.868966549484071,-1.8840412404907263,-4.278648061201949,24.155107933744887
EC-Earth-Consortium,EC-Earth3-Veg-LR,r1i1p1f1,gr,historical,2007-07,2007,7,217.5079874321936,301.7221904339214,-66.39657368002949,-335.72227523247034,0.3530267729710318,-13.057892109500655,104.40646361708554,225.98526739919413,289.5888849412498,-106.74472434052524,-319.32788691162557,-0.19383547240358012,-10.584539231081097,78.72316638480842,-8.477279967000527,12.133305492671639,40.34815066049575,-16.39438832084477,0.5468622453746119,-2.4733528784195578,25.683297232277113
EC-Earth-Consortium,EC-Earth3-Veg-LR,r1i1p1f1,gr,historical,2007-08,2007,8,134.539266364495,304.41221906336267,-32.2358467957839,-337.03668307229,-2.2688860808196005,-17.897586481562104,49.51248299740209,143.965143639584,285.514983779784,-56.61969220867284,-317.4160441353086,-0.736401837272086,-11.828037470306784,42.8799517678077,-9.425877275088993,18.897235283578652,24.383845412888938,-19.62063893698138,-1.5324842435475146,-6.0695490112553205,6.632531229594392
EC-Earth-Consortium,EC-Earth3-Veg-LR,r1i1p1f1,gr,historical,2007-09,2007,9,67.91430109152232,278.0683305731101,-17.563441661415865,-321.9816487637981,-5.77618385278802,-22.774687251319982,-22.113329864689593,72.23187531070974,254.64399326285204,-29.49217390513061,-295.7570914889987,-3.0077420278618163,-14.867742559467041,-16.248881407896377,-4.317574219187421,23.42433731025804,11.928732243714744,-26.224557274799395,-2.768441824926204,-7.9069446918529405,-5.864448456793216
EC-Earth-Consortium,EC-Earth3-Veg-LR,r1i1p1f1,gr,historical,2007-10,2007,10,19.60524629060127,253.14012172697582,-5.4840281202155765,-296.7575715443294,-6.8895552829033875,-23.50866235517068,-59.8944492850419,21.17782998279387,219.68910623165684,-9.062038234793288,-263.59941570919926,-7.415014525185129,-17.082779513843093,-56.292311768570094,-1.5725836921926017,33.451015495318984,3.5780101145777117,-33.15815583513012,0.5254592422817419,-6.425882841327589,-3.6021375164718066
EC-Earth-Consortium,EC-Earth3-Veg-LR,r1i1p1f1,gr,historical,2007-11,2007,11,3.1878060712970906,228.335673653203,-0.7268038432144681,-273.60755057765437,-10.603756138961945,-22.739559164589,-76.15418999991967,3.573632890038961,193.44910051493784,-1.4677800076550447,-237.86279579461424,-8.81039866871152,-15.933404947758362,-67.05164601376235,-0.3858268187418705,34.88657313826516,0.7409761644405766,-35.74475478304012,-1.7933574702504256,-6.806154216830638,-9.102543986157315
EC-Earth-Consortium,EC-Earth3-Veg-LR,r1i1p1f1,gr,historical,2007-12,2007,12,0.7527805406996128,215.1960931882867,-0.24277128294248426,-262.6264996381028,-13.893575277883599,-26.49981081931233,-87.3137832892549,0.8443239133056458,179.53984894273685,-0.40726912356645945,-223.33948846597266,-7.907125970966346,-14.520666974641335,-65.79037767910431,-0.09154337260603307,35.65624424554986,0.16449784062397518,-39.28701117213015,-5.986449306917253,-11.979143844670995,-21.52340561015059
EC-Earth-Consortium,EC-Earth3-Veg-LR,r1i1p1f1,gr,historical,2008-01,2008,1,1.8111486480728844,197.44935745111152,-0.7454313983627476,-248.05273615377564,-21.518355072605324,-30.721448279732524,-101.77746480529183,1.9670428406081912,174.6451682692201,-1.1134382139788777,-217.91294889189962,-7.277542063475359,-14.28956539960937,-63.98128345913492,-0.15589419253530679,22.804189181891417,0.36800681561613,-30.139787261876023,-14.240813009129965,-16.431882880123155,-37.79618134615691
EC-Earth-Consortium,EC-Earth3-Veg-LR,r1i1p1f1,gr,historical,2008-02,2008,2,12.087705281344205,198.83299343678644,-5.808252440314017,-250.37746917111917,-17.67848105445781,-28.815753278977038,-91.7592572267374,12.445773582853347,174.25857569933385,-8.050053493794298,-217.59834553205962,-6.931894885320205,-14.11158454395435,-59.98752917294128,-0.3580683015091424,24.574417737452592,2.2418010534802812,-32.77912363905955,-10.746586169137604,-14.704168735022687,-31.771728053796124
EC-Earth-Consortium,EC-Earth3-Veg-LR,r1i1p1f1,gr,historical,2008-03,2008,3,58.337825362661576,193.37027814845547,-35.46596536102101,-246.46499187174948,-16.444048084148275,-26.383236570935793,-73.05013837673752,59.86295421939759,178.6380625638465,-42.42060087439643,-224.19115525659498,-5.777500516309919,-12.96961739527065,-46.8578572593279,-1.5251288567360106,14.73221558460898,6.954635513375415,-22.273836615154494,-10.666547567838355,-13.413619175665144,-26.19228111740962
EC-Earth-Consortium,EC-Earth3-Veg-LR,r1i1p1f1,gr,historical,2008-04,2008,4,156.96268151524598,217.53721633703486,-102.06788755232718,-269.51668231379466,-10.747407017792055,-21.17254669245238,-29.00462572408548,165.54918549462982,193.94768773026806,-121.36911048471737,-244.71414659154436,-3.5592308420521506,-11.316720965746057,-21.462335659162093,-8.58650397938385,23.589528606766805,19.30122293239019,-24.802535722250298,-7.188176175739905,-9.855825726706321,-7.542290064923385
EC-Earth-Consortium,EC-Earth3-Veg-LR,r1i1p1f1,gr,historical,2008-05,2008,5,259.6971574316938,242.85106201395095,-162.548373778043,-295.11214349040245,-4.800573498060125,-17.541060481407303,22.546068197731916,275.6543792863859,224.5590747925627,-196.4506719906339,-277.14177299595417,-1.8042443237938772,-10.700238938634309,14.116525829932366,-15.95722185469208,18.29198722138824,33.90229821259092,-17.970370494448275,-2.9963291742662475,-6.840821542772995,8.42954236779955
EC-Earth-Consortium,EC-Earth3-Veg-LR,r1i1p1f1,gr,historical,2008-06,2008,6,259.08859924248094,287.36363415522453,-126.06730415553038,-321.8051352561823,-2.0511867294023265,-14.175554409713794,82.35305284687657,296.31824615671405,264.6805788578032,-184.2618748228265,-305.99544242897827,-1.3256800948089977,-11.303420968742303,58.11240669916117,-37.229646914233115,22.683055297421333,58.194570667296134,-15.80969282720406,-0.7255066345933288,-2.8721334409714903,24.240646147715395
EC-Earth-Consortium,EC-Earth3-Veg-LR,r1i1p1f1,gr,historical,2008-07,2008,7,205.7267948897596,302.8359995303081,-64.62706860102791,-332.84548205470344,-0.41902547718656213,-13.547186064279195,97.12403222287057,225.98526739919413,289.5888849412498,-106.74472434052524,-319.32788691162557,-0.19383547240358012,-10.584539231081097,78.72316638480842,-20.25847250943454,13.247114589058299,42.11765573949732,-13.51759514307787,-0.225190004782982,-2.9626468331980984,18.400865838062145
EC-Earth-Consortium,EC-Earth3-Veg-LR,r1i1p1f1,gr,historical,2008-08,2008,8,127.37273684925201,303.2738042954054,-27.792295687547213,-335.59215168387476,-1.8104503728202206,-17.42673606889444,48.02490733152078,143.965143639584,285.514983779784,-56.61969220867284,-317.4160441353086,-0.736401837272086,-11.828037470306784,42.8799517678077,-16.592406790331992,17.75882051562138,28.827396521125625,-18.176107548566165,-1.0740485355481346,-5.598698598587655,5.144955563713083
EC-Earth-Consortium,EC-Earth3-Veg-LR,r1i1p1f1,gr,historical,2008-09,2008,9,64.94385222527167,273.66981934217085,-15.814671625016082,-318.96616447962384,-8.937230073752426,-27.464689027658455,-32.56908363860832,72.23187531070974,254.64399326285204,-29.49217390513061,-295.7570914889987,-3.0077420278618163,-14.867742559467041,-16.248881407896377,-7.28802308543807,19.02582607931882,13.677502280114528,-23.209072990625145,-5.92948804589061,-12.596946468191414,-16.320202230711942
EC-Earth-Consortium,EC-Earth3-Veg-LR,r1i1p1f1,gr,historical,2008-10,2008,10,18.118542546159496,246.46870004534927,-4.521234171317127,-293.2511723398972,-10.620294914249195,-24.28474747181645,-68.09020630577123,21.17782998279387,219.68910623165684,-9.062038234793288,-263.59941570919926,-7.415014525185129,-17.082779513843093,-56.292311768570094,-3.0592874366343743,26.77959381369243,4.540804063476161,-29.651756630697946,-3.2052803890640655,-7.2019679579733555,-11.797894537201138
EC-Earth-Consortium,EC-Earth3-Veg-LR,r1i1p1f1,gr,historical,2008-11,2008,11,3.133151761917572,223.79108379356512,-0.8212469911715904,-272.81531269390086,-15.524991566484758,-28.02805254676855,-90.26536824284308,3.573632890038961,193.44910051493784,-1.4677800076550447,-237.86279579461424,-8.81039866871152,-15.933404947758362,-67.05164601376235,-0.4404811281213892,30.341983278627282,0.6465330164834543,-34.95251689928662,-6.7145928977732385,-12.094647599010187,-23.21372222908073
EC-Earth-Consortium,EC-Earth3-Veg-LR,r1i1p1f1,gr,historical,2008-12,2008,12,0.7509621427800021,210.02056774849098,-0.24071084719250924,-257.45818345364944,-16.81962312628507,-25.996180926144685,-89.74316846200072,0.8443239133056458,179.53984894273685,-0.40726912356645945,-223.33948846597266,-7.907125970966346,-14.520666974641335,-65.79037767910431,-0.09336177052564376,30.480718805754123,0.1665582763739502,-34.118694987676776,-8.912497155318723,-11.47551395150335,-23.952790782896415
EC-Earth-Consortium,EC-Earth3-Veg-LR,r1i1p1f1,gr,historical,2009-01,2009,1,1.70939077409687,206.7922506357584,-0.6835151564255578,-251.3424728324334,-9.006459205292543,-20.544871423084803,-73.07567720738103,1.9670428406081912,174.6451682692201,-1.1134382139788777,-217.91294889189962,-7.277542063475359,-14.28956539960937,-63.98128345913492,-0.25765206651132133,32.147082366538285,0.42992305755331983,-33.429523940533784,-1.7289171418171847,-6.255306023475434,-9.094393748246112
EC-Earth-Consortium,EC-Earth3-Veg-LR,r1i1p1f1,gr,historical,2009-02,2009,2,11.6090318376425,193.14873410465242,-5.883011753792994,-240.63869305385342,-13.453643768800474,-22.288456593686465,-77.50603922783843,12.445773582853347,174.25857569933385,-8.050053493794298,-217.59834553205962,-6.931894885320205,-14.11158454395435,-59.98752917294128,-0.8367417452108477,18.890158405318573,2.167041740001304,-23.04034752179379,-6.521748883480268,-8.176872049732115,-17.51851005489715
EC-Earth-Consortium,EC-Earth3-Veg-LR,r1i1p1f1,gr,historical,2009-03,2009,3,56.25476928770846,192.76786053334797,-34.75802808592692,-244.50384617745465,-15.97590353098761,-26.811812980463493,-73.02696095377624,59.86295421939759,178.6380625638465,-42.42060087439643,-224.19115525659498,-5.777500516309919,-12.96961739527065,-46.8578572593279,-3.6081849316891237,14.129797969501482,7.662572788469511,-20.312690920859666,-10.198403014677691,-13.842195585192844,-26.16910369444834
EC-Earth-Consortium,EC-Earth3-Veg-LR,r1i1p1f1,gr,historical,2009-04,2009,4,159.95346585078494,205.4110954477856,-105.30038226523729,-262.6053908768352,-11.293859253008458,-23.009651182204376,-36.84472227871475,165.54918549462982,193.94768773026806,-121.36911048471737,-244.71414659154436,-3.5592308420521506,-11.316720965746057,-21.462335659162093,-5.5957196438448875,11.463407717517555,16.06872821948008,-17.89124428529084,-7.734628410956308,-11.692930216458318,-15.382386619552655
EC-Earth-Consortium,EC-Earth3-Veg-LR,r1i1p1f1,gr,historical,2009-05,2009,5,257.9862291014639,243.46306305067108,-161.54435863790226,-294.5258960510728,-2.2870133890267765,-13.918990221438898,29.173033852694203,275.6543792863859,224.5590747925627,-196.4506719906339,-277.14177299595417,-1.8042443237938772,-10.700238938634309,14.116525829932366,-17.668150184922013,18.90398825810837,34.906313352731644,-17.384123055118607,-0.4827690652328993,-3.2187512828045897,15.056508022761838
EC-Earth-Consortium,EC-Earth3-Veg-LR,r1i1p1f1,gr,historical,2009-06,2009,6,275.2292391723185,278.5143556643918,-138.21627051415788,-318.64991132252874,-1.8121473303678968,-13.987894869936465,81.07737079971939,296.31824615671405,264.6805788578032,-184.2618748228265,-305.99544242897827,-1.3256800948089977,-11.303420968742303,58.11240669916117,-21.089006984395553,13.833776806588617,46.04560430866863,-12.654468893550472,-0.48646723555889904,-2.6844739011941616,22.96496410055822
EC-Earth-Consortium,EC-Earth3-Veg-LR,r1i1p1f1,gr,historical,2009-07,2009,7,204.03293283552486,303.35742269202575,-64.92566716562881,-331.9479469506757,-0.8247517281445083,-14.301273771163933,95.39071591193763,225.98526739919413,289.5888849412498,-106.74472434052524,-319.32788691162557,-0.19383547240358012,-10.584539231081097,78.72316638480842,-21.952334563669268,13.768537750775977,41.81905717489643,-12.620060039050145,-0.6309162557409281,-3.716734540082836,16.66754952712921
EC-Earth-Consortium,EC-Earth3-Veg-LR,r1i1p1f1,gr,historical,2009-08,2009,8,127.3694722776093,305.6325639994232,-27.301700445198794,-335.84300096933055,-0.8671956012475528,-15.649372100488598,53.34076716076704,143.965143639584,285.514983779784,-56.61969220867284,-317.4160441353086,-0.736401837272086,-11.828037470306784,42.8799517678077,-16.595671361974695,20.117580219639194,29.317991763474044,-18.42695683402195,-0.13079376397546683,-3.8213346301818145,10.46081539295934
EC-Earth-Consortium,EC-Earth3-Veg-LR,r1i1p1f1,gr,historical,2009-09,2009,9,65.22185193815734,278.5136998420955,-16.105020922097466,-321.4919331540539,-5.011563077227026,-22.41971552594911,-21.29268089907472,72.23187531070974,254.64399326285204,-29.49217390513061,-295.7570914889987,-3.0077420278618163,-14.867742559467041,-16.248881407896377,-7.010023372552396,23.869706579243456,13.387152983033143,-25.734841665055228,-2.00382104936521,-7.551972966482067,-5.043799491178344
EC-Earth-Consortium,EC-Earth3-Veg-LR,r1i1p1f1,gr,historical,2009-10,2009,10,19.40878790915524,248.80199242714818,-5.240646148462661,-293.5260803768007,-8.903419626043883,-23.565499005843897,-63.024864820847704,21.17782998279387,219.68910623165684,-9.062038234793288,-263.59941570919926,-7.415014525185129,-17.082779513843093,-56.292311768570094,-1.76904207363863,29.112886195491342,3.8213920863306274,-29.926664667601415,-1.4884051008587535,-6.482719492000804,-6.732553052277609
EC-Earth-Consortium,EC-Earth3-Veg-LR,r1i1p1f1,gr,historical,2009-11,2009,11,3.1471492436458637,226.27437366102868,-0.757435156746235,-274.1921137722663,-13.418988093806757,-26.555808224734378,-85.50282234287911,3.573632890038961,193.44910051493784,-1.4677800076550447,-237.86279579461424,-8.81039866871152,-15.933404947758362,-67.05164601376235,-0.42648364639309744,32.82527314609084,0.7103448509088097,-36.32931797765204,-4.6085894250952375,-10.622403276976016,-18.451176329116763
EC-Earth-Consortium,EC-Earth3-Veg-LR,r1i1p1f1,gr,historical,2009-12,2009,12,0.7437357398867718,211.51796218361088,-0.23245664062054444,-257.42204752340933,-12.49334910926243,-23.341740794535983,-81.22789614433064,0.8443239133056458,179.53984894273685,-0.40726912356645945,-223.33948846597266,-7.907125970966346,-14.520666974641335,-65.79037767910431,-0.10058817341887405,31.978113240874023,0.174812482945915,-34.08255905743667,-4.586223138296084,-8.821073819894648,-15.437518465226333
EC-Earth-Consortium,EC-Earth3-Veg-LR,r1i1p1f1,gr,historical,2010-01,2010,1,1.7808404049903368,199.1022016290807,-0.696808606217637,-250.44157043455004,-20.09934811987334,-32.22983156191172,-102.58451668848173,1.9670428406081912,174.6451682692201,-1.1134382139788777,-217.91294889189962,-7.277542063475359,-14.28956539960937,-63.98128345913492,-0.18620243561785443,24.45703335986059,0.4166296077612407,-32.52862154265043,-12.821806056397982,-17.940266162302354,-38.603233229346806
EC-Earth-Consortium,EC-Earth3-Veg-LR,r1i1p1f1,gr,historical,2010-02,2010,2,11.503343436008189,195.4785155973451,-6.159773063151563,-243.53545271523012,-19.138571460022913,-28.39381135952182,-90.24574956457313,12.445773582853347,174.25857569933385,-8.050053493794298,-217.59834553205962,-6.931894885320205,-14.11158454395435,-59.98752917294128,-0.9424301468451581,21.219939898011262,1.8902804306427354,-25.937107183170497,-12.206676574702708,-14.28222681556747,-30.258220391631852
EC-Earth-Consortium,EC-Earth3-Veg-LR,r1i1p1f1,gr,historical,2010-03,2010,3,54.471723655798016,205.93799530923764,-33.82435462589053,-252.9101007286303,-9.060668737454513,-20.959249069591934,-56.344654196531614,59.86295421939759,178.6380625638465,-42.42060087439643,-224.19115525659498,-5.777500516309919,-12.96961739527065,-46.8578572593279,-5.391230563599571,27.299932745391146,8.5962462485059,-28.71894547203533,-3.283168221144594,-7.989631674321284,-9.486796937203714
EC-Earth-Consortium,EC-Earth3-Veg-LR,r1i1p1f1,gr,historical,2010-04,2010,4,153.19315739838217,221.19450620993797,-98.57137213867901,-273.00081989943806,-8.101005830507216,-19.977711240986284,-25.2632455012904,165.54918549462982,193.94768773026806,-121.36911048471737,-244.71414659154436,-3.5592308420521506,-11.316720965746057,-21.462335659162093,-12.356028096247655,27.246818479669912,22.797738346038358,-28.286673307893693,-4.5417749884550656,-8.660990275240227,-3.8009098421283056
EC-Earth-Consortium,EC-Earth3-Veg-LR,r1i1p1f1,gr,historical,2010-05,2010,5,256.0047099754611,243.00399637299503,-159.4714610030176,-293.456812894794,-1.6410699581176775,-12.635712376652489,31.80365011587443,275.6543792863859,224.5590747925627,-196.4506719906339,-277.14177299595417,-1.8042443237938772,-10.700238938634309,14.116525829932366,-19.64966931092482,18.44492158043232,36.97921098761631,-16.315039898839814,0.1631743656761997,-1.93547343801818,17.687124285942062
EC-Earth-Consortium,EC-Earth3-Veg-LR,r1i1p1f1,gr,historical,2010-06,2010,6,276.71501234067244,276.9942677683053,-138.47072813902574,-318.3115236407314,-2.132992574727264,-13.982361120484853,80.81167463400848,296.31824615671405,264.6805788578032,-184.2618748228265,-305.99544242897827,-1.3256800948089977,-11.303420968742303,58.11240669916117,-19.60323381604161,12.313688910502094,45.791146683800775,-12.316081211753158,-0.807312479918266,-2.67894015174255,22.699267934847313
EC-Earth-Consortium,EC-Earth3-Veg-LR,r1i1p1f1,gr,historical,2010-07,2010,7,207.90751548496627,305.55620213243293,-70.33280388654802,-333.76473370465357,0.833696622559915,-11.809570197925375,98.39030645083213,225.98526739919413,289.5888849412498,-106.74472434052524,-319.32788691162557,-0.19383547240358012,-10.584539231081097,78.72316638480842,-18.07775191422786,15.967317191183156,36.41192045397722,-14.436846793027996,1.0275320949634952,-1.2250309668442778,19.667140066023705
EC-Earth-Consortium,EC-Earth3-Veg-LR,r1i1p1f1,gr,historical,2010-08,2010,8,131.31381087406538,304.8365203728388,-30.49601579862963,-337.3799101590752,-1.3261865121904575,-17.95278161118379,48.99543716582505,143.965143639584,285.514983779784,-56.61969220867284,-317.4160441353086,-0.736401837272086,-11.828037470306784,42.8799517678077,-12.651332765518617,19.32153659305476,26.123676410043206,-19.963866023766627,-0.5897846749183715,-6.124744140877008,6.115485398017356
EC-Earth-Consortium,EC-Earth3-Veg-LR,r1i1p1f1,gr,historical,2010-09,2010,9,65.65401253123602,283.8279118434157,-15.700607633310815,-324.5789845018663,-3.489896510027232,-21.572227369777416,-15.85979164033002,72.23187531070974,254.64399326285204,-29.49217390513061,-295.7570914889987,-3.0077420278618163,-14.867742559467041,-16.248881407896377,-6.577862779473719,29.183918580563642,13.791566271819795,-28.821893012867577,-0.48215448216541557,-6.704484810310374,0.3890897675663574
EC-Earth-Consortium,EC-Earth3-Veg-LR,r1i1p1f1,gr,historical,2010-10,2010,10,19.686990048448187,247.5468794224453,-4.8963316347675265,-296.32340819589365,-11.99813373602219,-27.403944123873476,-73.38794821966339,21.17782998279387,219.68910623165684,-9.062038234793288,-263.59941570919926,-7.415014525185129,-17.082779513843093,-56.292311768570094,-1.4908399343456828,27.857773190788464,4.165706600025762,-32.723992486694385,-4.583119210837061,-10.321164610030383,-17.09563645109329
EC-Earth-Consortium,EC-Earth3-Veg-LR,r1i1p1f1,gr,historical,2010-11,2010,11,3.3709000357714394,231.0561410342867,-0.712183112203544,-277.21607651040733,-16.702429568893777,-29.00474900267222,-89.20839712411876,3.573632890038961,193.44910051493784,-1.4677800076550447,-237.86279579461424,-8.81039866871152,-15.933404947758362,-67.05164601376235,-0.20273285426752174,37.60704051934886,0.7555968954515007,-39.35328071579309,-7.892030900182258,-13.071344054913858,-22.15675111035641
EC-Earth-Consortium,EC-Earth3-Veg-LR,r1i1p1f1,gr,historical,2010-12,2010,12,0.7556078116276982,212.9321399782926,-0.23607183922686625,-257.71941226086466,-13.121621408175095,-22.287195936981266,-79.67655365532758,0.8443239133056458,179.53984894273685,-0.40726912356645945,-223.33948846597266,-7.907125970966346,-14.520666974641335,-65.79037767910431,-0.08871610167794763,33.39229103555576,0.1711972843395932,-34.379923794891994,-5.214495437208749,-7.766528962339931,-13.88617597622327
EC-Earth-Consortium,EC-Earth3-Veg-LR,r1i1p1f1,gr,historical,2011-01,2011,1,1.8508697506950196,204.59207472216562,-0.8600974780754184,-250.79010262189445,-9.28510884887351,-21.502222279585652,-75.9945867555684,1.9670428406081912,174.6451682692201,-1.1134382139788777,-217.91294889189962,-7.277542063475359,-14.28956539960937,-63.98128345913492,-0.11617308991317166,29.946906452945512,0.2533407359034593,-32.87715372999483,-2.0075667853981507,-7.212656879976283,-12.013303296433484
EC-Earth-Consortium,EC-Earth3-Veg-LR,r1i1p1f1,gr,historical,2011-02,2011,2,11.713317565865685,188.92011361098744,-6.236899875837508,-240.99948990370598,-13.557542696532623,-26.331052066666075,-86.49155336588906,12.445773582853347,174.25857569933385,-8.050053493794298,-217.59834553205962,-6.931894885320205,-14.11158454395435,-59.98752917294128,-0.7324560169876619,14.661537911653596,1.8131536179567904,-23.401144371646353,-6.625647811212418,-12.219467522711724,-26.50402419294778
EC-Earth-Consortium,EC-Earth3-Veg-LR,r1i1p1f1,gr,historical,2011-03,2011,3,53.629481652852526,201.15981197488367,-32.64235307201734,-248.8673876761721,-10.87000871221145,-22.13102795839091,-59.72148379105559,59.86295421939759,178.6380625638465,-42.42060087439643,-224.19115525659498,-5.777500516309919,-12.96961739527065,-46.8578572593279,-6.2334725665450605,22.521749411037177,9.778247802379084,-24.676232419577104,-5.09250819590153,-9.16141056312026,-12.86362653172769
EC-Earth-Consortium,EC-Earth3-Veg-LR,r1i1p1f1,gr,historical,2011-04,2011,4,151.21791499730926,218.81469823727653,-97.63731790294294,-268.20241286910334,-4.402009106497588,-16.380625720002474,-16.589752363960503,165.54918549462982,193.94768773026806,-121.36911048471737,-244.71414659154436,-3.5592308420521506,-11.316720965746057,-21.462335659162093,-14.33127049732056,24.867010507008473,23.731792581774428,-23.488266277558978,-0.8427782644454376,-5.063904754256416,4.87258329520159
EC-Earth-Consortium,EC-Earth3-Veg-LR,r1i1p1f1,gr,historical,2011-05,2011,5,258.38031148516046,242.21046465197463,-159.185241181239,-294.25352499284645,-2.000889023363743,-13.479641448094757,31.67147949159114,275.6543792863859,224.5590747925627,-196.4506719906339,-277.14177299595417,-1.8042443237938772,-10.700238938634309,14.116525829932366,-17.274067801225442,17.65138985941192,37.2654308093949,-17.11175199689228,-0.19664469956986563,-2.779402509460448,17.55495366165877
EC-Earth-Consortium,EC-Earth3-Veg-LR,r1i1p1f1,gr,historical,2011-06,2011,6,268.29602919756496,286.76726979994294,-127.80786484899039,-323.9438694383964,-1.6264784277872364,-15.472670097608288,86.21241618472558,296.31824615671405,264.6805788578032,-184.2618748228265,-305.99544242897827,-1.3256800948089977,-11.303420968742303,58.11240669916117,-28.02221695914909,22.08669094213974,56.45400997383612,-17.94842700941814,-0.30079833297823866,-4.169249128865985,28.100009485564414
EC-Earth-Consortium,EC-Earth3-Veg-LR,r1i1p1f1,gr,historical,2011-07,2011,7,213.61611219850582,303.89614009648767,-63.7179434186048,-336.3712103538985,-0.671209450714666,-14.686041160598988,102.06584791117648,225.98526739919413,289.5888849412498,-106.74472434052524,-319.32788691162557,-0.19383547240358012,-10.584539231081097,78.72316638480842,-12.369155200688311,14.307255155237897,43.02678092192044,-17.043323442272936,-0.47737397831108586,-4.101501929517891,23.342681526368054
EC-Earth-Consortium,EC-Earth3-Veg-LR,r1i1p1f1,gr,historical,2011-08,2011,8,128.86685125023567,304.9618146619507,-28.743191590877196,-337.23802688176613,-2.438153962770942,-19.22998639278857,46.17930708398352,143.965143639584,285.514983779784,-56.61969220867284,-317.4160441353086,-0.736401837272086,-11.828037470306784,42.8799517678077,-15.09829238934833,19.446830882166694,27.876500617795642,-19.821982746457536,-1.701752125498856,-7.401948922481788,3.29935531617582
EC-Earth-Consortium,EC-Earth3-Veg-LR,r1i1p1f1,gr,historical,2011-09,2011,9,66.21283503446386,279.30985556409274,-16.476848391340663,-322.42119950230176,-5.260481413369457,-21.992280061622765,-20.628118770078014,72.23187531070974,254.64399326285204,-29.49217390513061,-295.7570914889987,-3.0077420278618163,-14.867742559467041,-16.248881407896377,-6.019040276245875,24.665862301240708,13.015325513789946,-26.664108013303064,-2.252739385507641,-7.124537502155723,-4.379237362181637
EC-Earth-Consortium,EC-Earth3-Veg-LR,r1i1p1f1,gr,historical,2011-10,2011,10,19.978151208167144,250.37813866063374,-5.007677172825589,-298.3692717299979,-12.522315467892405,-29.706550410514236,-75.24952491242921,21.17782998279387,219.68910623165684,-9.062038234793288,-263.59941570919926,-7.415014525185129,-17.082779513843093,-56.292311768570094,-1.199678774626726,30.6890324289769,4.0543610619676995,-34.76985602079861,-5.107300942707275,-12.623770896671143,-18.957213143859114
EC-Earth-Consortium,EC-Earth3-Veg-LR,r1i1p1f1,gr,historical,2011-11,2011,11,3.2839323834759173,220.23449981339976,-0.7522106512824535,-270.1666910595331,-14.533042529855614,-28.357252143541494,-90.29076418733695,3.573632890038961,193.44910051493784,-1.4677800076550447,-237.86279579461424,-8.81039866871152,-15.933404947758362,-67.05164601376235,-0.2897005065630438,26.785399298461925,0.7155693563725912,-32.30389526491885,-5.722643861144094,-12.423847195783132,-23.239118173574596
EC-Earth-Consortium,EC-Earth3-Veg-LR,r1i1p1f1,gr,historical,2011-12,2011,12,0.7567769427748654,207.92652277656398,-0.2453023933951265,-257.09136685274746,-14.596498835818252,-27.93015751157905,-91.18002587420102,0.8443239133056458,179.53984894273685,-0.40726912356645945,-223.33948846597266,-7.907125970966346,-14.520666974641335,-65.79037767910431,-0.08754697053078042,28.386673833827132,0.16196673017133295,-33.75187838677479,-6.689372864851906,-13.409490536937716,-25.38964819509671
EC-Earth-Consortium,EC-Earth3-Veg-LR,r1i1p1f1,gr,historical,2012-01,2012,1,1.82575699028951,196.27332057133177,-0.7637652787915923,-247.2162423768615,-17.228481185774147,-28.019596942469835,-95.12900822227579,1.9670428406081912,174.6451682692201,-1.1134382139788777,-217.91294889189962,-7.277542063475359,-14.28956539960937,-63.98128345913492,-0.14128585031868113,21.62815230211166,0.34967293518728537,-29.30329348496187,-9.950939122298788,-13.730031542860466,-31.147724763140864
EC-Earth-Consortium,EC-Earth3-Veg-LR,r1i1p1f1,gr,historical,2012-02,2012,2,11.99913761648942,198.61557495214893,-6.577385504555839,-244.32881877657283,-12.738414883804971,-22.304519386992283,-75.33442598328756,12.445773582853347,174.25857569933385,-8.050053493794298,-217.59834553205962,-6.931894885320205,-14.11158454395435,-59.98752917294128,-0.44663596636392633,24.356999252815086,1.4726679892384587,-26.730473244513206,-5.806519998484766,-8.192934843037932,-15.34689681034628
EC-Earth-Consortium,EC-Earth3-Veg-LR,r1i1p1f1,gr,historical,2012-03,2012,3,58.61600747805649,198.22752990990682,-35.9653248337076,-248.700418428898,-12.331448775151369,-23.300870888502804,-63.454525538296465,59.86295421939759,178.6380625638465,-42.42060087439643,-224.19115525659498,-5.777500516309919,-12.96961739527065,-46.8578572593279,-1.2469467413410982,19.58946734606033,6.45527604068883,-24.509263172303008,-6.55394825884145,-10.331253493232154,-16.596668278968565
EC-Earth-Consortium,EC-Earth3-Veg-LR,r1i1p1f1,gr,historical,2012-04,2012,4,158.01802838662442,216.55786156347307,-99.76540131425605,-270.23603598154034,-10.935816990560978,-23.496565729425015,-29.857930065684926,165.54918549462982,193.94768773026806,-121.36911048471737,-244.71414659154436,-3.5592308420521506,-11.316720965746057,-21.462335659162093,-7.531157108005402,22.61017383320501,21.603709170461315,-25.521889389995977,-7.376586148508828,-12.179844763678958,-8.395594406522832
EC-Earth-Consortium,EC-Earth3-Veg-LR,r1i1p1f1,gr,historical,2012-05,2012,5,253.95555106708397,245.7611105655701,-155.5490778638089,-295.21999188332614,-1.2452237472362988,-13.169256966409561,34.533111171873244,275.6543792863859,224.5590747925627,-196.4506719906339,-277.14177299595417,-1.8042443237938772,-10.700238938634309,14.116525829932366,-21.69882821930193,21.202035773007395,40.90159412682502,-18.078218887371975,0.5590205765575784,-2.4690180277752525,20.41658534194088
EC-Earth-Consortium,EC-Earth3-Veg-LR,r1i1p1f1,gr,historical,2012-06,2012,6,264.5179456540094,284.63747587812475,-123.39618640036909,-321.94259272487415,-1.5164761604950463,-14.532704091028249,87.76746215536764,296.31824615671405,264.6805788578032,-184.2618748228265,-305.99544242897827,-1.3256800948089977,-11.303420968742303,58.11240669916117,-31.80030050270466,19.95689702032155,60.865688422457424,-15.94715029589588,-0.19079606568604857,-3.2292831222859455,29.65505545620647
EC-Earth-Consortium,EC-Earth3-Veg-LR,r1i1p1f1,gr,historical,2012-07,2012,7,199.49666846360057,306.16238329776996,-56.55800742840165,-334.72863071045765,0.45455698587934457,-12.810580342630857,102.0163902657597,225.98526739919413,289.5888849412498,-106.74472434052524,-319.32788691162557,-0.19383547240358012,-10.584539231081097,78.72316638480842,-26.488598935593558,16.57349835652019,50.186716912123586,-15.400743798832082,0.6483924582829247,-2.22604111154976,23.293223880951274
EC-Earth-Consortium,EC-Earth3-Veg-LR,r1i1p1f1,gr,historical,2012-08,2012,8,126.95655204970959,304.6122778759456,-27.621106083579456,-336.53801669944176,-2.0827127940706296,-17.68166143854558,47.64533291001783,143.965143639584,285.514983779784,-56.61969220867284,-317.4160441353086,-0.736401837272086,-11.828037470306784,42.8799517678077,-17.008591589874413,19.09729409616159,28.998586125093382,-19.12197256413316,-1.3463109567985436,-5.853623968238795,4.765381142210131
EC-Earth-Consortium,EC-Earth3-Veg-LR,r1i1p1f1,gr,historical,2012-09,2012,9,64.04197570631315,277.0012325809552,-15.897610998866462,-320.8286212381979,-6.062988345084443,-25.812649459227387,-27.558661754107824,72.23187531070974,254.64399326285204,-29.49217390513061,-295.7570914889987,-3.0077420278618163,-14.867742559467041,-16.248881407896377,-8.189899604396587,22.357239318103183,13.594562906264148,-25.071529749199215,-3.0552463172226263,-10.944906899760346,-11.309780346211447
EC-Earth-Consortium,EC-Earth3-Veg-LR,r1i1p1f1,gr,historical,2012-10,2012,10,18.643637716228064,251.4515956464844,-4.769964225259318,-298.5462005749164,-10.60304566961726,-26.515001910349646,-70.33897901743018,21.17782998279387,219.68910623165684,-9.062038234793288,-263.59941570919926,-7.415014525185129,-17.082779513843093,-56.292311768570094,-2.5341922665658068,31.76248941482757,4.2920740095339704,-34.94678486571712,-3.18803114443213,-9.432222396506553,-14.046667248860082
EC-Earth-Consortium,EC-Earth3-Veg-LR,r1i1p1f1,gr,historical,2012-11,2012,11,3.0119260073491354,221.03746050175687,-0.662929076473707,-272.2505025070796,-17.01443868002469,-30.869349522378375,-96.74783327685037,3.573632890038961,193.44910051493784,-1.4677800076550447,-237.86279579461424,-8.81039866871152,-15.933404947758362,-67.05164601376235,-0.5617068826898257,27.58835998681903,0.8048509311813377,-34.38770671246536,-8.20404001131317,-14.935944574620013,-29.69618726308802
EC-Earth-Consortium,EC-Earth3-Veg-LR,r1i1p1f1,gr,historical,2012-12,2012,12,0.7532167664493904,205.43670215060988,-0.21556370747822326,-257.7904496977254,-20.07933549222356,-31.823457264285874,-103.71888724465383,0.8443239133056458,179.53984894273685,-0.40726912356645945,-223.33948846597266,-7.907125970966346,-14.520666974641335,-65.79037767910431,-0.09110714685625543,25.896853207873022,0.19170541608823619,-34.45096123175276,-12.172209521257214,-17.30279028964454,-37.92850956554952
EC-Earth-Consortium,EC-Earth3-Veg-LR,r1i1p1f1,gr,historical,2013-01,2013,1,1.8650820555481893,198.35972471814964,-0.8193642486356648,-249.2082753032444,-14.735255960715305,-25.803621283677586,-90.34171002257511,1.9670428406081912,174.6451682692201,-1.1134382139788777,-217.91294889189962,-7.277542063475359,-14.28956539960937,-63.98128345913492,-0.10196078506000195,23.714556448929528,0.29407396534321284,-31.295326411344774,-7.457713897239946,-11.514055884068217,-26.360426563440193
EC-Earth-Consortium,EC-Earth3-Veg-LR,r1i1p1f1,gr,historical,2013-02,2013,2,12.049863562734629,189.63337163888943,-6.331594135388615,-243.77069938445416,-15.933107467825508,-28.06827472837803,-92.42044051442227,12.445773582853347,174.25857569933385,-8.050053493794298,-217.59834553205962,-6.931894885320205,-14.11158454395435,-59.98752917294128,-0.395910020118718,15.374795939555582,1.718459358405683,-26.172353852394536,-9.001212582505303,-13.956690184423678,-32.43291134148099
EC-Earth-Consortium,EC-Earth3-Veg-LR,r1i1p1f1,gr,historical,2013-03,2013,3,55.82733631008536,199.97263193471403,-34.09635852674084,-251.31472341468196,-10.794354352784124,-22.33044143590806,-62.7359094853156,59.86295421939759,178.6380625638465,-42.42060087439643,-224.19115525659498,-5.777500516309919,-12.96961739527065,-46.8578572593279,-4.035617909312229,21.33456937086754,8.324242347655584,-27.123568158086982,-5.016853836474205,-9.36082404063741,-15.878052225987702
EC-Earth-Consortium,EC-Earth3-Veg-LR,r1i1p1f1,gr,historical,2013-04,2013,4,154.71514246123525,210.9091789131091,-101.69186084172742,-263.66486960588384,-9.901399551887692,-20.345841859013444,-29.979650484168058,165.54918549462982,193.94768773026806,-121.36911048471737,-244.71414659154436,-3.5592308420521506,-11.316720965746057,-21.462335659162093,-10.834043033394579,16.96149118284103,19.67724964298995,-18.950723014339474,-6.342168709835542,-9.029120893267386,-8.517314825005965
EC-Earth-Consortium,EC-Earth3-Veg-LR,r1i1p1f1,gr,historical,2013-05,2013,5,256.01277041669783,245.17297809369515,-161.3311144356745,-295.1272457475567,-2.289826604624627,-13.066946543918762,29.37061517861836,275.6543792863859,224.5590747925627,-196.4506719906339,-277.14177299595417,-1.8042443237938772,-10.700238938634309,14.116525829932366,-19.64160886968807,20.61390330113244,35.119557554959414,-17.985472751602515,-0.4855822808307497,-2.3667076052844536,15.254089348685993
EC-Earth-Consortium,EC-Earth3-Veg-LR,r1i1p1f1,gr,historical,2013-06,2013,6,270.61227668880736,280.9813515228545,-138.476746562793,-319.1746599979669,-1.3214897870804443,-13.16724674213547,79.45348512168599,296.31824615671405,264.6805788578032,-184.2618748228265,-305.99544242897827,-1.3256800948089977,-11.303420968742303,58.11240669916117,-25.705969467906698,16.300772665051284,45.7851282600335,-13.179217568988634,0.004190307728553444,-1.8638257733931667,21.341078422524816
EC-Earth-Consortium,EC-Earth3-Veg-LR,r1i1p1f1,gr,historical,2013-07,2013,7,199.42946510665593,305.48132511077205,-63.86511581151299,-332.432919605382,0.6433939928433731,-12.369011455936521,96.88713733743982,225.98526739919413,289.5888849412498,-106.74472434052524,-319.32788691162557,-0.19383547240358012,-10.584539231081097,78.72316638480842,-26.555802292538203,15.892440169522274,42.879608529012245,-13.105032693756414,0.8372294652469532,-1.7844722248554241,18.163970952631402
EC-Earth-Consortium,EC-Earth3-Veg-LR,r1i1p1f1,gr,historical,2013-08,2013,8,131.1700163348873,303.53163580773867,-30.125552809486404,-334.73542118655365,-0.3741638744302237,-15.792635503625243,53.673878768530436,143.965143639584,285.514983779784,-56.61969220867284,-317.4160441353086,-0.736401837272086,-11.828037470306784,42.8799517678077,-12.795127304696706,18.01665202795465,26.494139399186434,-17.319377051245056,0.36223796284186227,-3.9645980333184596,10.79392700072274
EC-Earth-Consortium,EC-Earth3-Veg-LR,r1i1p1f1,gr,historical,2013-09,2013,9,68.34872923752565,274.79915721202644,-18.013549621564163,-319.427012541517,-5.8338691562635505,-24.10396510529775,-24.230509975090392,72.23187531070974,254.64399326285204,-29.49217390513061,-295.7570914889987,-3.0077420278618163,-14.867742559467041,-16.248881407896377,-3.8831460731840934,20.15516394917441,11.478624283566447,-23.669921052518305,-2.826127128401734,-9.236222545830708,-7.981628567194015
EC-Earth-Consortium,EC-Earth3-Veg-LR,r1i1p1f1,gr,historical,2013-10,2013,10,20.113598799360375,245.21481216560434,-5.5884019612124325,-293.0541060001633,-7.787129936075634,-24.174600863649694,-65.2758277961363,21.17782998279387,219.68910623165684,-9.062038234793288,-263.59941570919926,-7.415014525185129,-17.082779513843093,-56.292311768570094,-1.0642311834334954,25.525705933947506,3.4736362735808557,-29.454690290964038,-0.3721154108905047,-7.091821349806601,-8.983516027566203
EC-Earth-Consortium,EC-Earth3-Veg-LR,r1i1p1f1,gr,historical,2013-11,2013,11,3.3470343861810554,216.57158687506097,-0.7574697361557418,-267.5268827656486,-15.344867740730614,-26.683600572500463,-90.3941995537934,3.573632890038961,193.44910051493784,-1.4677800076550447,-237.86279579461424,-8.81039866871152,-15.933404947758362,-67.05164601376235,-0.2265985038579057,23.122486360123133,0.7103102714993029,-29.66408697103438,-6.534469072019094,-10.750195624742101,-23.342553540031048
EC-Earth-Consortium,EC-Earth3-Veg-LR,r1i1p1f1,gr,historical,2013-12,2013,12,0.7690248283271697,200.02287599352292,-0.23313808514702047,-251.36730082858787,-14.950785680595745,-25.91890757280032,-91.67823134528089,0.8443239133056458,179.53984894273685,-0.40726912356645945,-223.33948846597266,-7.907125970966346,-14.520666974641335,-65.79037767910431,-0.07529908497847615,20.483027050786063,0.17413103841943897,-28.027812362615208,-7.043659709629399,-11.398240598158987,-25.887853666176582
EC-Earth-Consortium,EC-Earth3-Veg-LR,r1i1p1f1,gr,historical,2014-01,2014,1,1.7502561705654407,198.4822835788862,-0.8106478059588615,-246.10968915625492,-17.3650489031538,-28.22364973007241,-92.27649584598832,1.9670428406081912,174.6451682692201,-1.1134382139788777,-217.91294889189962,-7.277542063475359,-14.28956539960937,-63.98128345913492,-0.21678667004275054,23.837115309666103,0.3027904080200161,-28.1967402643553,-10.08750683967844,-13.93408433046304,-28.2952123868534
EC-Earth-Consortium,EC-Earth3-Veg-LR,r1i1p1f1,gr,historical,2014-02,2014,2,11.720345147272067,198.68702390381023,-6.325192286477109,-246.16525133154835,-7.671029191488947,-19.60318890885478,-69.3572926672869,12.445773582853347,174.25857569933385,-8.050053493794298,-217.59834553205962,-6.931894885320205,-14.11158454395435,-59.98752917294128,-0.7254284355812803,24.428448204476382,1.724861207317189,-28.566905799488723,-0.7391343061687419,-5.491604364900429,-9.36976349434562
EC-Earth-Consortium,EC-Earth3-Veg-LR,r1i1p1f1,gr,historical,2014-03,2014,3,55.73763079095448,195.0949039002554,-34.616778876302114,-245.45815455482517,-10.94133184038982,-21.46136972271651,-61.64510030302374,59.86295421939759,178.6380625638465,-42.42060087439643,-224.19115525659498,-5.777500516309919,-12.96961739527065,-46.8578572593279,-4.125323428443103,16.4568413364089,7.803821998094314,-21.26699929823019,-5.163831324079901,-8.491752327445859,-14.787243043695838
EC-Earth-Consortium,EC-Earth3-Veg-LR,r1i1p1f1,gr,historical,2014-04,2014,4,154.89963861463994,210.94469624667803,-103.0158210841131,-261.8181960944447,-3.3697934867452592,-14.687253990368845,-17.046729794353944,165.54918549462982,193.94768773026806,-121.36911048471737,-244.71414659154436,-3.5592308420521506,-11.316720965746057,-21.462335659162093,-10.649546879989884,16.997008516409977,18.353289400604268,-17.104049502900352,0.18943735530689132,-3.3705330246227874,4.41560586480815
EC-Earth-Consortium,EC-Earth3-Veg-LR,r1i1p1f1,gr,historical,2014-05,2014,5,259.05605281120035,243.3951445757374,-164.23532561519687,-294.73552263575874,-1.8550706736572138,-14.025772508102746,27.59950595422216,275.6543792863859,224.5590747925627,-196.4506719906339,-277.14177299595417,-1.8042443237938772,-10.700238938634309,14.116525829932366,-16.59832647518556,18.83606978317468,32.215346375437036,-17.59374963980457,-0.05082634986333656,-3.325533569468437,13.482980124289794
EC-Earth-Consortium,EC-Earth3-Veg-LR,r1i1p1f1,gr,historical,2014-06,2014,6,275.2999633212378,278.7284571316727,-145.20022241694963,-317.5263880456676,-1.5821352019908974,-13.794176028113679,75.92549876018872,296.31824615671405,264.6805788578032,-184.2618748228265,-305.99544242897827,-1.3256800948089977,-11.303420968742303,58.11240669916117,-21.01828283547627,14.047878273869514,39.061652405876885,-11.530945616689337,-0.2564551071818997,-2.4907550593713754,17.813092061027547
EC-Earth-Consortium,EC-Earth3-Veg-LR,r1i1p1f1,gr,historical,2014-07,2014,7,202.2960050251352,306.38388875931406,-65.60056508825366,-332.71369810619035,0.06737730353970514,-12.32078762929562,98.11222026424933,225.98526739919413,289.5888849412498,-106.74472434052524,-319.32788691162557,-0.19383547240358012,-10.584539231081097,78.72316638480842,-23.689262374058927,16.795003818064288,41.14415925227158,-13.38581119456478,0.2612127759432853,-1.7362483982145225,19.389053879440908
EC-Earth-Consortium,EC-Earth3-Veg-LR,r1i1p1f1,gr,historical,2014-08,2014,8,130.96056872247405,305.20710806494344,-31.86374691323016,-335.3844116731559,-1.5212255217520594,-16.420857735023517,50.97743494425582,143.965143639584,285.514983779784,-56.61969220867284,-317.4160441353086,-0.736401837272086,-11.828037470306784,42.8799517678077,-13.004574917109949,19.692124285159423,24.75594529544268,-17.968367537847314,-0.7848236844799734,-4.5928202647167335,8.097483176448122
EC-Earth-Consortium,EC-Earth3-Veg-LR,r1i1p1f1,gr,historical,2014-09,2014,9,65.40364442934828,284.1173541165657,-17.14193605810675,-323.2428565282072,-3.727213549813399,-21.527257672194416,-16.118265262407782,72.23187531070974,254.64399326285204,-29.49217390513061,-295.7570914889987,-3.0077420278618163,-14.867742559467041,-16.248881407896377,-6.828230881361463,29.47336085371367,12.350237847023859,-27.485765039208502,-0.7194715219515828,-6.659515112727375,0.13061614548859524
EC-Earth-Consortium,EC-Earth3-Veg-LR,r1i1p1f1,gr,historical,2014-10,2014,10,19.679724164838145,253.62320158171684,-5.165329053984607,-299.5432133250922,-11.725501777320497,-28.429788179331858,-71.56090658917421,21.17782998279387,219.68910623165684,-9.062038234793288,-263.59941570919926,-7.415014525185129,-17.082779513843093,-56.292311768570094,-1.4981058179557252,33.934095350060005,3.8967091808086813,-35.94379761589295,-4.310487252135368,-11.347008665488765,-15.268594820604115
EC-Earth-Consortium,EC-Earth3-Veg-LR,r1i1p1f1,gr,historical,2014-11,2014,11,3.28441606074428,218.76785288421553,-0.7450247013270762,-270.55467382656434,-17.098209865449757,-28.867055526467688,-95.21269497484906,3.573632890038961,193.44910051493784,-1.4677800076550447,-237.86279579461424,-8.81039866871152,-15.933404947758362,-67.05164601376235,-0.28921682929468107,25.31875236927769,0.7227553063279685,-32.6918780319501,-8.287811196738238,-12.933650578709326,-28.161048961086706
EC-Earth-Consortium,EC-Earth3-Veg-LR,r1i1p1f1,gr,historical,2014-12,2014,12,0.7334487338280129,214.0824149402684,-0.2290525993624513,-259.7515137803021,-10.60407404288941,-22.168539248916755,-77.93731599737431,0.8443239133056458,179.53984894273685,-0.40726912356645945,-223.33948846597266,-7.907125970966346,-14.520666974641335,-65.79037767910431,-0.11087517947763292,34.54256599753154,0.17821652420400816,-36.41202531432944,-2.696948071923064,-7.64787227427542,-12.146938318270003
