institution,source,member,siconc_grid,experiment,time,year,month,sia_Mkm2,pi_clim_sia_Mkm2,sia_anom_Mkm2
CCCma,CanESM5-CanOE,r1i1p2f1,gn,ssp585,2015-01,2015,1,11.272772421720449,13.251214035251524,-1.978441613531075
CCCma,CanESM5-CanOE,r1i1p2f1,gn,ssp585,2015-02,2015,2,11.76499820934577,13.525822506334524,-1.7608242969887549
CCCma,CanESM5-CanOE,r1i1p2f1,gn,ssp585,2015-03,2015,3,11.758052147959871,13.578188594924526,-1.8201364469646553
CCCma,CanESM5-CanOE,r1i1p2f1,gn,ssp585,2015-04,2015,4,11.558460158803816,13.308599846758957,-1.7501396879551407
CCCma,CanESM5-CanOE,r1i1p2f1,gn,ssp585,2015-05,2015,5,10.680921478073133,12.37052721770178,-1.6896057396286466
CCCma,CanESM5-CanOE,r1i1p2f1,gn,ssp585,2015-06,2015,6,8.71096205472116,10.66865606616312,-1.9576940114419603
CCCma,CanESM5-CanOE,r1i1p2f1,gn,ssp585,2015-07,2015,7,5.718078047444728,8.636422928905555,-2.9183448814608264
CCCma,CanESM5-CanOE,r1i1p2f1,gn,ssp585,2015-08,2015,8,3.8074945420616992,7.053040128520861,-3.2455455864591616
CCCma,CanESM5-CanOE,r1i1p2f1,gn,ssp585,2015-09,2015,9,3.7421402634916365,7.297488990152345,-3.555348726660709
CCCma,CanESM5-CanOE,r1i1p2f1,gn,ssp585,2015-10,2015,10,5.71372173213732,9.082488709358213,-3.3687669772208926
CCCma,CanESM5-CanOE,r1i1p2f1,gn,ssp585,2015-11,2015,11,8.31588996498784,11.086882795139545,-2.7709928301517053
CCCma,CanESM5-CanOE,r1i1p2f1,gn,ssp585,2015-12,2015,12,10.061276011609957,12.549413654253712,-2.488137642643755
CCCma,CanESM5-CanOE,r1i1p2f1,gn,ssp585,2016-01,2016,1,11.392535070518443,13.251214035251524,-1.8586789647330804
CCCma,CanESM5-CanOE,r1i1p2f1,gn,ssp585,2016-02,2016,2,11.642511668878285,13.525822506334524,-1.8833108374562393
CCCma,CanESM5-CanOE,r1i1p2f1,gn,ssp585,2016-03,2016,3,11.824984944377727,13.578188594924526,-1.7532036505467996
CCCma,CanESM5-CanOE,r1i1p2f1,gn,ssp585,2016-04,2016,4,11.458869494714902,13.308599846758957,-1.8497303520440553
CCCma,CanESM5-CanOE,r1i1p2f1,gn,ssp585,2016-05,2016,5,10.507282897887354,12.37052721770178,-1.8632443198144255
CCCma,CanESM5-CanOE,r1i1p2f1,gn,ssp585,2016-06,2016,6,8.48702680070579,10.66865606616312,-2.18162926545733
CCCma,CanESM5-CanOE,r1i1p2f1,gn,ssp585,2016-07,2016,7,5.897140395609852,8.636422928905555,-2.739282533295703
CCCma,CanESM5-CanOE,r1i1p2f1,gn,ssp585,2016-08,2016,8,3.782139768496935,7.053040128520861,-3.270900360023926
CCCma,CanESM5-CanOE,r1i1p2f1,gn,ssp585,2016-09,2016,9,3.8521382756579223,7.297488990152345,-3.445350714494423
CCCma,CanESM5-CanOE,r1i1p2f1,gn,ssp585,2016-10,2016,10,5.994634623473831,9.082488709358213,-3.0878540858843815
CCCma,CanESM5-CanOE,r1i1p2f1,gn,ssp585,2016-11,2016,11,8.199843103316375,11.086882795139545,-2.887039691823169
CCCma,CanESM5-CanOE,r1i1p2f1,gn,ssp585,2016-12,2016,12,9.997918650206156,12.549413654253712,-2.551495004047556
CCCma,CanESM5-CanOE,r1i1p2f1,gn,ssp585,2017-01,2017,1,11.349916788203195,13.251214035251524,-1.901297247048328
CCCma,CanESM5-CanOE,r1i1p2f1,gn,ssp585,2017-02,2017,2,11.928530702242666,13.525822506334524,-1.5972918040918582
CCCma,CanESM5-CanOE,r1i1p2f1,gn,ssp585,2017-03,2017,3,11.919158736735055,13.578188594924526,-1.6590298581894718
CCCma,CanESM5-CanOE,r1i1p2f1,gn,ssp585,2017-04,2017,4,11.534847103944566,13.308599846758957,-1.7737527428143913
CCCma,CanESM5-CanOE,r1i1p2f1,gn,ssp585,2017-05,2017,5,10.17533128280621,12.37052721770178,-2.195195934895569
CCCma,CanESM5-CanOE,r1i1p2f1,gn,ssp585,2017-06,2017,6,7.703766574282491,10.66865606616312,-2.964889491880629
CCCma,CanESM5-CanOE,r1i1p2f1,gn,ssp585,2017-07,2017,7,5.113694875385588,8.636422928905555,-3.522728053519967
CCCma,CanESM5-CanOE,r1i1p2f1,gn,ssp585,2017-08,2017,8,3.3426133908111417,7.053040128520861,-3.710426737709719
CCCma,CanESM5-CanOE,r1i1p2f1,gn,ssp585,2017-09,2017,9,3.327916726736378,7.297488990152345,-3.9695722634159676
CCCma,CanESM5-CanOE,r1i1p2f1,gn,ssp585,2017-10,2017,10,4.896113865675616,9.082488709358213,-4.1863748436825965
CCCma,CanESM5-CanOE,r1i1p2f1,gn,ssp585,2017-11,2017,11,7.60981574485491,11.086882795139545,-3.477067050284634
CCCma,CanESM5-CanOE,r1i1p2f1,gn,ssp585,2017-12,2017,12,9.926530235748023,12.549413654253712,-2.6228834185056886
CCCma,CanESM5-CanOE,r1i1p2f1,gn,ssp585,2018-01,2018,1,11.133522998533676,13.251214035251524,-2.117691036717847
CCCma,CanESM5-CanOE,r1i1p2f1,gn,ssp585,2018-02,2018,2,11.737811833722668,13.525822506334524,-1.7880106726118559
CCCma,CanESM5-CanOE,r1i1p2f1,gn,ssp585,2018-03,2018,3,11.900645344031812,13.578188594924526,-1.6775432508927146
CCCma,CanESM5-CanOE,r1i1p2f1,gn,ssp585,2018-04,2018,4,11.418042951952813,13.308599846758957,-1.890556894806144
CCCma,CanESM5-CanOE,r1i1p2f1,gn,ssp585,2018-05,2018,5,10.184043846982135,12.37052721770178,-2.1864833707196443
CCCma,CanESM5-CanOE,r1i1p2f1,gn,ssp585,2018-06,2018,6,8.203925523227266,10.66865606616312,-2.464730542935854
CCCma,CanESM5-CanOE,r1i1p2f1,gn,ssp585,2018-07,2018,7,5.322583070931706,8.636422928905555,-3.313839857973849
CCCma,CanESM5-CanOE,r1i1p2f1,gn,ssp585,2018-08,2018,8,2.9381242637392773,7.053040128520861,-4.114915864781583
CCCma,CanESM5-CanOE,r1i1p2f1,gn,ssp585,2018-09,2018,9,2.7674051188140107,7.297488990152345,-4.530083871338334
CCCma,CanESM5-CanOE,r1i1p2f1,gn,ssp585,2018-10,2018,10,4.60123886379791,9.082488709358213,-4.481249845560303
CCCma,CanESM5-CanOE,r1i1p2f1,gn,ssp585,2018-11,2018,11,7.347448536677707,11.086882795139545,-3.739434258461838
CCCma,CanESM5-CanOE,r1i1p2f1,gn,ssp585,2018-12,2018,12,9.573858133073465,12.549413654253712,-2.9755555211802474
CCCma,CanESM5-CanOE,r1i1p2f1,gn,ssp585,2019-01,2019,1,10.63641064404981,13.251214035251524,-2.614803391201713
CCCma,CanESM5-CanOE,r1i1p2f1,gn,ssp585,2019-02,2019,2,11.116533587430666,13.525822506334524,-2.409288918903858
CCCma,CanESM5-CanOE,r1i1p2f1,gn,ssp585,2019-03,2019,3,11.249623727065925,13.578188594924526,-2.328564867858601
CCCma,CanESM5-CanOE,r1i1p2f1,gn,ssp585,2019-04,2019,4,10.874607880874645,13.308599846758957,-2.433991965884312
CCCma,CanESM5-CanOE,r1i1p2f1,gn,ssp585,2019-05,2019,5,9.65950107561382,12.37052721770178,-2.7110261420879596
CCCma,CanESM5-CanOE,r1i1p2f1,gn,ssp585,2019-06,2019,6,7.739852298656186,10.66865606616312,-2.928803767506934
CCCma,CanESM5-CanOE,r1i1p2f1,gn,ssp585,2019-07,2019,7,5.2639124003181035,8.636422928905555,-3.3725105285874513
CCCma,CanESM5-CanOE,r1i1p2f1,gn,ssp585,2019-08,2019,8,3.577359950394684,7.053040128520861,-3.475680178126177
CCCma,CanESM5-CanOE,r1i1p2f1,gn,ssp585,2019-09,2019,9,3.318958749821336,7.297488990152345,-3.9785302403310094
CCCma,CanESM5-CanOE,r1i1p2f1,gn,ssp585,2019-10,2019,10,4.817207345460321,9.082488709358213,-4.265281363897892
CCCma,CanESM5-CanOE,r1i1p2f1,gn,ssp585,2019-11,2019,11,7.034943983305134,11.086882795139545,-4.05193881183441
CCCma,CanESM5-CanOE,r1i1p2f1,gn,ssp585,2019-12,2019,12,8.943961546840503,12.549413654253712,-3.6054521074132087
CCCma,CanESM5-CanOE,r1i1p2f1,gn,ssp585,2020-01,2020,1,10.71952509147905,13.251214035251524,-2.5316889437724743
CCCma,CanESM5-CanOE,r1i1p2f1,gn,ssp585,2020-02,2020,2,11.69038770684195,13.525822506334524,-1.8354347994925746
CCCma,CanESM5-CanOE,r1i1p2f1,gn,ssp585,2020-03,2020,3,11.80746791415815,13.578188594924526,-1.7707206807663773
CCCma,CanESM5-CanOE,r1i1p2f1,gn,ssp585,2020-04,2020,4,11.424619242085496,13.308599846758957,-1.8839806046734608
CCCma,CanESM5-CanOE,r1i1p2f1,gn,ssp585,2020-05,2020,5,9.770669474918515,12.37052721770178,-2.5998577427832643
CCCma,CanESM5-CanOE,r1i1p2f1,gn,ssp585,2020-06,2020,6,7.549663872352153,10.66865606616312,-3.118992193810967
CCCma,CanESM5-CanOE,r1i1p2f1,gn,ssp585,2020-07,2020,7,5.037442062492887,8.636422928905555,-3.598980866412668
CCCma,CanESM5-CanOE,r1i1p2f1,gn,ssp585,2020-08,2020,8,3.0459233403166315,7.053040128520861,-4.007116788204229
CCCma,CanESM5-CanOE,r1i1p2f1,gn,ssp585,2020-09,2020,9,2.9681817400079287,7.297488990152345,-4.329307250144417
CCCma,CanESM5-CanOE,r1i1p2f1,gn,ssp585,2020-10,2020,10,4.765510502969564,9.082488709358213,-4.316978206388649
CCCma,CanESM5-CanOE,r1i1p2f1,gn,ssp585,2020-11,2020,11,7.664420217644867,11.086882795139545,-3.4224625774946773
CCCma,CanESM5-CanOE,r1i1p2f1,gn,ssp585,2020-12,2020,12,9.877501011114907,12.549413654253712,-2.671912643138805
CCCma,CanESM5-CanOE,r1i1p2f1,gn,ssp585,2021-01,2021,1,11.00688644502282,13.251214035251524,-2.2443275902287034
CCCma,CanESM5-CanOE,r1i1p2f1,gn,ssp585,2021-02,2021,2,11.737438367347863,13.525822506334524,-1.788384138986661
CCCma,CanESM5-CanOE,r1i1p2f1,gn,ssp585,2021-03,2021,3,11.935239735063279,13.578188594924526,-1.6429488598612476
CCCma,CanESM5-CanOE,r1i1p2f1,gn,ssp585,2021-04,2021,4,11.686947845505918,13.308599846758957,-1.6216520012530395
CCCma,CanESM5-CanOE,r1i1p2f1,gn,ssp585,2021-05,2021,5,10.379602772746056,12.37052721770178,-1.9909244449557235
CCCma,CanESM5-CanOE,r1i1p2f1,gn,ssp585,2021-06,2021,6,8.197015792119528,10.66865606616312,-2.471640274043592
CCCma,CanESM5-CanOE,r1i1p2f1,gn,ssp585,2021-07,2021,7,5.458292436598479,8.636422928905555,-3.1781304923070754
CCCma,CanESM5-CanOE,r1i1p2f1,gn,ssp585,2021-08,2021,8,3.1833256971710213,7.053040128520861,-3.8697144313498395
CCCma,CanESM5-CanOE,r1i1p2f1,gn,ssp585,2021-09,2021,9,3.370351036596794,7.297488990152345,-3.9271379535555515
CCCma,CanESM5-CanOE,r1i1p2f1,gn,ssp585,2021-10,2021,10,5.4953223742311295,9.082488709358213,-3.5871663351270833
CCCma,CanESM5-CanOE,r1i1p2f1,gn,ssp585,2021-11,2021,11,8.020716685973667,11.086882795139545,-3.066166109165877
CCCma,CanESM5-CanOE,r1i1p2f1,gn,ssp585,2021-12,2021,12,10.167648556126382,12.549413654253712,-2.38176509812733
CCCma,CanESM5-CanOE,r1i1p2f1,gn,ssp585,2022-01,2022,1,11.231579700234981,13.251214035251524,-2.0196343350165424
CCCma,CanESM5-CanOE,r1i1p2f1,gn,ssp585,2022-02,2022,2,11.627970012988635,13.525822506334524,-1.897852493345889
CCCma,CanESM5-CanOE,r1i1p2f1,gn,ssp585,2022-03,2022,3,11.58039281665074,13.578188594924526,-1.9977957782737867
CCCma,CanESM5-CanOE,r1i1p2f1,gn,ssp585,2022-04,2022,4,11.283663451581166,13.308599846758957,-2.0249363951777912
CCCma,CanESM5-CanOE,r1i1p2f1,gn,ssp585,2022-05,2022,5,10.018206594004466,12.37052721770178,-2.352320623697313
CCCma,CanESM5-CanOE,r1i1p2f1,gn,ssp585,2022-06,2022,6,8.086533454483686,10.66865606616312,-2.5821226116794342
CCCma,CanESM5-CanOE,r1i1p2f1,gn,ssp585,2022-07,2022,7,5.614932431549959,8.636422928905555,-3.021490497355596
CCCma,CanESM5-CanOE,r1i1p2f1,gn,ssp585,2022-08,2022,8,3.33498442839962,7.053040128520861,-3.7180557001212406
CCCma,CanESM5-CanOE,r1i1p2f1,gn,ssp585,2022-09,2022,9,3.0197335184334277,7.297488990152345,-4.277755471718917
CCCma,CanESM5-CanOE,r1i1p2f1,gn,ssp585,2022-10,2022,10,5.005387362828514,9.082488709358213,-4.077101346529699
CCCma,CanESM5-CanOE,r1i1p2f1,gn,ssp585,2022-11,2022,11,7.193256090047242,11.086882795139545,-3.893626705092302
CCCma,CanESM5-CanOE,r1i1p2f1,gn,ssp585,2022-12,2022,12,8.969917882451622,12.549413654253712,-3.5794957718020903
CCCma,CanESM5-CanOE,r1i1p2f1,gn,ssp585,2023-01,2023,1,10.613384833700382,13.251214035251524,-2.637829201551142
CCCma,CanESM5-CanOE,r1i1p2f1,gn,ssp585,2023-02,2023,2,11.423029341960055,13.525822506334524,-2.1027931643744697
CCCma,CanESM5-CanOE,r1i1p2f1,gn,ssp585,2023-03,2023,3,11.341342817683318,13.578188594924526,-2.236845777241209
CCCma,CanESM5-CanOE,r1i1p2f1,gn,ssp585,2023-04,2023,4,10.826377535250293,13.308599846758957,-2.4822223115086643
CCCma,CanESM5-CanOE,r1i1p2f1,gn,ssp585,2023-05,2023,5,9.432334190324067,12.37052721770178,-2.9381930273777126
CCCma,CanESM5-CanOE,r1i1p2f1,gn,ssp585,2023-06,2023,6,7.386201896482078,10.66865606616312,-3.282454169681042
CCCma,CanESM5-CanOE,r1i1p2f1,gn,ssp585,2023-07,2023,7,4.685244192660215,8.636422928905555,-3.95117873624534
CCCma,CanESM5-CanOE,r1i1p2f1,gn,ssp585,2023-08,2023,8,2.671806546279023,7.053040128520861,-4.381233582241838
CCCma,CanESM5-CanOE,r1i1p2f1,gn,ssp585,2023-09,2023,9,2.331236890988791,7.297488990152345,-4.966252099163555
CCCma,CanESM5-CanOE,r1i1p2f1,gn,ssp585,2023-10,2023,10,3.8894354482044093,9.082488709358213,-5.193053261153803
CCCma,CanESM5-CanOE,r1i1p2f1,gn,ssp585,2023-11,2023,11,6.367288951688008,11.086882795139545,-4.719593843451537
CCCma,CanESM5-CanOE,r1i1p2f1,gn,ssp585,2023-12,2023,12,9.234030285546918,12.549413654253712,-3.3153833687067937
CCCma,CanESM5-CanOE,r1i1p2f1,gn,ssp585,2024-01,2024,1,10.423443340474787,13.251214035251524,-2.8277706947767367
CCCma,CanESM5-CanOE,r1i1p2f1,gn,ssp585,2024-02,2024,2,11.046403575022316,13.525822506334524,-2.4794189313122086
CCCma,CanESM5-CanOE,r1i1p2f1,gn,ssp585,2024-03,2024,3,11.342680238736527,13.578188594924526,-2.2355083561879994
CCCma,CanESM5-CanOE,r1i1p2f1,gn,ssp585,2024-04,2024,4,10.759696426676193,13.308599846758957,-2.5489034200827643
CCCma,CanESM5-CanOE,r1i1p2f1,gn,ssp585,2024-05,2024,5,9.59758012187977,12.37052721770178,-2.77294709582201
CCCma,CanESM5-CanOE,r1i1p2f1,gn,ssp585,2024-06,2024,6,7.479979830836669,10.66865606616312,-3.188676235326451
CCCma,CanESM5-CanOE,r1i1p2f1,gn,ssp585,2024-07,2024,7,4.498264337875604,8.636422928905555,-4.138158591029951
CCCma,CanESM5-CanOE,r1i1p2f1,gn,ssp585,2024-08,2024,8,2.4917715140629735,7.053040128520861,-4.561268614457887
CCCma,CanESM5-CanOE,r1i1p2f1,gn,ssp585,2024-09,2024,9,2.4542957794871083,7.297488990152345,-4.843193210665238
CCCma,CanESM5-CanOE,r1i1p2f1,gn,ssp585,2024-10,2024,10,4.316501971095636,9.082488709358213,-4.765986738262577
CCCma,CanESM5-CanOE,r1i1p2f1,gn,ssp585,2024-11,2024,11,6.7772567275047395,11.086882795139545,-4.309626067634805
CCCma,CanESM5-CanOE,r1i1p2f1,gn,ssp585,2024-12,2024,12,9.16557133815441,12.549413654253712,-3.3838423160993027
CCCma,CanESM5-CanOE,r1i1p2f1,gn,ssp585,2025-01,2025,1,10.484141789440406,13.251214035251524,-2.767072245811118
CCCma,CanESM5-CanOE,r1i1p2f1,gn,ssp585,2025-02,2025,2,10.868120482459382,13.525822506334524,-2.6577020238751423
CCCma,CanESM5-CanOE,r1i1p2f1,gn,ssp585,2025-03,2025,3,11.136665342368723,13.578188594924526,-2.441523252555804
CCCma,CanESM5-CanOE,r1i1p2f1,gn,ssp585,2025-04,2025,4,10.383799348731706,13.308599846758957,-2.924800498027251
CCCma,CanESM5-CanOE,r1i1p2f1,gn,ssp585,2025-05,2025,5,9.18460210796071,12.37052721770178,-3.185925109741069
CCCma,CanESM5-CanOE,r1i1p2f1,gn,ssp585,2025-06,2025,6,7.365342169114045,10.66865606616312,-3.303313897049075
CCCma,CanESM5-CanOE,r1i1p2f1,gn,ssp585,2025-07,2025,7,4.503485335318446,8.636422928905555,-4.132937593587108
CCCma,CanESM5-CanOE,r1i1p2f1,gn,ssp585,2025-08,2025,8,2.422866360394617,7.053040128520861,-4.6301737681262445
CCCma,CanESM5-CanOE,r1i1p2f1,gn,ssp585,2025-09,2025,9,2.1930773920102165,7.297488990152345,-5.1044115981421285
CCCma,CanESM5-CanOE,r1i1p2f1,gn,ssp585,2025-10,2025,10,3.9534807754014376,9.082488709358213,-5.129007933956775
CCCma,CanESM5-CanOE,r1i1p2f1,gn,ssp585,2025-11,2025,11,6.583047508677949,11.086882795139545,-4.503835286461595
CCCma,CanESM5-CanOE,r1i1p2f1,gn,ssp585,2025-12,2025,12,8.955839059298304,12.549413654253712,-3.593574594955408
CCCma,CanESM5-CanOE,r1i1p2f1,gn,ssp585,2026-01,2026,1,10.42983094403889,13.251214035251524,-2.821383091212633
CCCma,CanESM5-CanOE,r1i1p2f1,gn,ssp585,2026-02,2026,2,10.804599599676209,13.525822506334524,-2.7212229066583156
CCCma,CanESM5-CanOE,r1i1p2f1,gn,ssp585,2026-03,2026,3,10.996031058054937,13.578188594924526,-2.5821575368695893
CCCma,CanESM5-CanOE,r1i1p2f1,gn,ssp585,2026-04,2026,4,10.572338953518507,13.308599846758957,-2.73626089324045
CCCma,CanESM5-CanOE,r1i1p2f1,gn,ssp585,2026-05,2026,5,9.165335118500476,12.37052721770178,-3.2051920992013034
CCCma,CanESM5-CanOE,r1i1p2f1,gn,ssp585,2026-06,2026,6,7.050921618812994,10.66865606616312,-3.6177344473501254
CCCma,CanESM5-CanOE,r1i1p2f1,gn,ssp585,2026-07,2026,7,4.293883288228413,8.636422928905555,-4.342539640677142
CCCma,CanESM5-CanOE,r1i1p2f1,gn,ssp585,2026-08,2026,8,2.3314122402743447,7.053040128520861,-4.721627888246516
CCCma,CanESM5-CanOE,r1i1p2f1,gn,ssp585,2026-09,2026,9,2.338401167626557,7.297488990152345,-4.959087822525788
CCCma,CanESM5-CanOE,r1i1p2f1,gn,ssp585,2026-10,2026,10,3.9004191836424793,9.082488709358213,-5.182069525715733
CCCma,CanESM5-CanOE,r1i1p2f1,gn,ssp585,2026-11,2026,11,6.0577291716519355,11.086882795139545,-5.029153623487609
CCCma,CanESM5-CanOE,r1i1p2f1,gn,ssp585,2026-12,2026,12,8.618405973890077,12.549413654253712,-3.931007680363635
CCCma,CanESM5-CanOE,r1i1p2f1,gn,ssp585,2027-01,2027,1,10.065544679325301,13.251214035251524,-3.1856693559262226
CCCma,CanESM5-CanOE,r1i1p2f1,gn,ssp585,2027-02,2027,2,11.128530035505996,13.525822506334524,-2.3972924708285284
CCCma,CanESM5-CanOE,r1i1p2f1,gn,ssp585,2027-03,2027,3,11.379336258968703,13.578188594924526,-2.1988523359558236
CCCma,CanESM5-CanOE,r1i1p2f1,gn,ssp585,2027-04,2027,4,10.857754031771195,13.308599846758957,-2.450845814987762
CCCma,CanESM5-CanOE,r1i1p2f1,gn,ssp585,2027-05,2027,5,9.474609676885617,12.37052721770178,-2.8959175408161624
CCCma,CanESM5-CanOE,r1i1p2f1,gn,ssp585,2027-06,2027,6,7.298665854607428,10.66865606616312,-3.3699902115556917
CCCma,CanESM5-CanOE,r1i1p2f1,gn,ssp585,2027-07,2027,7,4.209527531390901,8.636422928905555,-4.426895397514654
CCCma,CanESM5-CanOE,r1i1p2f1,gn,ssp585,2027-08,2027,8,2.089158214253638,7.053040128520861,-4.963881914267223
CCCma,CanESM5-CanOE,r1i1p2f1,gn,ssp585,2027-09,2027,9,1.8802195394743995,7.297488990152345,-5.417269450677946
CCCma,CanESM5-CanOE,r1i1p2f1,gn,ssp585,2027-10,2027,10,3.750820472003424,9.082488709358213,-5.331668237354789
CCCma,CanESM5-CanOE,r1i1p2f1,gn,ssp585,2027-11,2027,11,6.401115467000118,11.086882795139545,-4.685767328139427
CCCma,CanESM5-CanOE,r1i1p2f1,gn,ssp585,2027-12,2027,12,9.240885134991554,12.549413654253712,-3.3085285192621576
CCCma,CanESM5-CanOE,r1i1p2f1,gn,ssp585,2028-01,2028,1,10.632864127011727,13.251214035251524,-2.6183499082397965
CCCma,CanESM5-CanOE,r1i1p2f1,gn,ssp585,2028-02,2028,2,11.431225589749452,13.525822506334524,-2.094596916585072
CCCma,CanESM5-CanOE,r1i1p2f1,gn,ssp585,2028-03,2028,3,11.40950464860618,13.578188594924526,-2.168683946318346
CCCma,CanESM5-CanOE,r1i1p2f1,gn,ssp585,2028-04,2028,4,11.141847475010852,13.308599846758957,-2.166752371748105
CCCma,CanESM5-CanOE,r1i1p2f1,gn,ssp585,2028-05,2028,5,10.05680620230248,12.37052721770178,-2.313721015399299
CCCma,CanESM5-CanOE,r1i1p2f1,gn,ssp585,2028-06,2028,6,7.874129821236042,10.66865606616312,-2.794526244927078
CCCma,CanESM5-CanOE,r1i1p2f1,gn,ssp585,2028-07,2028,7,4.55292395345618,8.636422928905555,-4.083498975449375
CCCma,CanESM5-CanOE,r1i1p2f1,gn,ssp585,2028-08,2028,8,1.7021198318667077,7.053040128520861,-5.350920296654153
CCCma,CanESM5-CanOE,r1i1p2f1,gn,ssp585,2028-09,2028,9,1.173013122563911,7.297488990152345,-6.124475867588434
CCCma,CanESM5-CanOE,r1i1p2f1,gn,ssp585,2028-10,2028,10,3.4614239079975127,9.082488709358213,-5.6210648013607
CCCma,CanESM5-CanOE,r1i1p2f1,gn,ssp585,2028-11,2028,11,6.729466347219734,11.086882795139545,-4.35741644791981
CCCma,CanESM5-CanOE,r1i1p2f1,gn,ssp585,2028-12,2028,12,8.925449185944501,12.549413654253712,-3.623964468309211
CCCma,CanESM5-CanOE,r1i1p2f1,gn,ssp585,2029-01,2029,1,10.05746106515866,13.251214035251524,-3.193752970092863
CCCma,CanESM5-CanOE,r1i1p2f1,gn,ssp585,2029-02,2029,2,11.056668974162324,13.525822506334524,-2.4691535321722
CCCma,CanESM5-CanOE,r1i1p2f1,gn,ssp585,2029-03,2029,3,11.281294528413918,13.578188594924526,-2.2968940665106086
CCCma,CanESM5-CanOE,r1i1p2f1,gn,ssp585,2029-04,2029,4,10.729966582514805,13.308599846758957,-2.578633264244152
CCCma,CanESM5-CanOE,r1i1p2f1,gn,ssp585,2029-05,2029,5,9.411586578436477,12.37052721770178,-2.958940639265302
CCCma,CanESM5-CanOE,r1i1p2f1,gn,ssp585,2029-06,2029,6,7.249357784531813,10.66865606616312,-3.419298281631307
CCCma,CanESM5-CanOE,r1i1p2f1,gn,ssp585,2029-07,2029,7,3.9131202116262287,8.636422928905555,-4.723302717279326
CCCma,CanESM5-CanOE,r1i1p2f1,gn,ssp585,2029-08,2029,8,1.3581374674749382,7.053040128520861,-5.694902661045923
CCCma,CanESM5-CanOE,r1i1p2f1,gn,ssp585,2029-09,2029,9,0.976353107580761,7.297488990152345,-6.321135882571585
CCCma,CanESM5-CanOE,r1i1p2f1,gn,ssp585,2029-10,2029,10,2.869158935325096,9.082488709358213,-6.213329774033117
CCCma,CanESM5-CanOE,r1i1p2f1,gn,ssp585,2029-11,2029,11,6.099058096904534,11.086882795139545,-4.987824698235011
CCCma,CanESM5-CanOE,r1i1p2f1,gn,ssp585,2029-12,2029,12,8.669164099562929,12.549413654253712,-3.880249554690783
CCCma,CanESM5-CanOE,r1i1p2f1,gn,ssp585,2030-01,2030,1,10.076151157386581,13.251214035251524,-3.175062877864942
CCCma,CanESM5-CanOE,r1i1p2f1,gn,ssp585,2030-02,2030,2,10.955796483130902,13.525822506334524,-2.5700260232036225
CCCma,CanESM5-CanOE,r1i1p2f1,gn,ssp585,2030-03,2030,3,11.388533404695378,13.578188594924526,-2.189655190229148
CCCma,CanESM5-CanOE,r1i1p2f1,gn,ssp585,2030-04,2030,4,11.008076443368312,13.308599846758957,-2.3005234033906454
CCCma,CanESM5-CanOE,r1i1p2f1,gn,ssp585,2030-05,2030,5,9.812858500806245,12.37052721770178,-2.5576687168955345
CCCma,CanESM5-CanOE,r1i1p2f1,gn,ssp585,2030-06,2030,6,7.597681411683945,10.66865606616312,-3.0709746544791745
CCCma,CanESM5-CanOE,r1i1p2f1,gn,ssp585,2030-07,2030,7,4.547551885922186,8.636422928905555,-4.088871042983369
CCCma,CanESM5-CanOE,r1i1p2f1,gn,ssp585,2030-08,2030,8,2.3401010568261924,7.053040128520861,-4.712939071694668
CCCma,CanESM5-CanOE,r1i1p2f1,gn,ssp585,2030-09,2030,9,1.9263098793384434,7.297488990152345,-5.371179110813902
CCCma,CanESM5-CanOE,r1i1p2f1,gn,ssp585,2030-10,2030,10,3.3521061286685963,9.082488709358213,-5.730382580689616
CCCma,CanESM5-CanOE,r1i1p2f1,gn,ssp585,2030-11,2030,11,5.735072564733883,11.086882795139545,-5.351810230405661
CCCma,CanESM5-CanOE,r1i1p2f1,gn,ssp585,2030-12,2030,12,8.581942488205161,12.549413654253712,-3.9674711660485507
CCCma,CanESM5-CanOE,r1i1p2f1,gn,ssp585,2031-01,2031,1,10.124702618533103,13.251214035251524,-3.1265114167184205
CCCma,CanESM5-CanOE,r1i1p2f1,gn,ssp585,2031-02,2031,2,10.891288720016629,13.525822506334524,-2.6345337863178955
CCCma,CanESM5-CanOE,r1i1p2f1,gn,ssp585,2031-03,2031,3,10.99929524425891,13.578188594924526,-2.5788933506656164
CCCma,CanESM5-CanOE,r1i1p2f1,gn,ssp585,2031-04,2031,4,10.575775266954029,13.308599846758957,-2.7328245798049284
CCCma,CanESM5-CanOE,r1i1p2f1,gn,ssp585,2031-05,2031,5,9.232092523415375,12.37052721770178,-3.1384346942864045
CCCma,CanESM5-CanOE,r1i1p2f1,gn,ssp585,2031-06,2031,6,7.096293293077714,10.66865606616312,-3.5723627730854055
CCCma,CanESM5-CanOE,r1i1p2f1,gn,ssp585,2031-07,2031,7,4.531261862231535,8.636422928905555,-4.10516106667402
CCCma,CanESM5-CanOE,r1i1p2f1,gn,ssp585,2031-08,2031,8,2.6198749762009457,7.053040128520861,-4.433165152319916
CCCma,CanESM5-CanOE,r1i1p2f1,gn,ssp585,2031-09,2031,9,2.5125540806349442,7.297488990152345,-4.784934909517402
CCCma,CanESM5-CanOE,r1i1p2f1,gn,ssp585,2031-10,2031,10,4.074523436594949,9.082488709358213,-5.007965272763264
CCCma,CanESM5-CanOE,r1i1p2f1,gn,ssp585,2031-11,2031,11,6.274101472618094,11.086882795139545,-4.812781322521451
CCCma,CanESM5-CanOE,r1i1p2f1,gn,ssp585,2031-12,2031,12,8.585386392081128,12.549413654253712,-3.964027262172584
CCCma,CanESM5-CanOE,r1i1p2f1,gn,ssp585,2032-01,2032,1,9.892268876560374,13.251214035251524,-3.3589451586911494
CCCma,CanESM5-CanOE,r1i1p2f1,gn,ssp585,2032-02,2032,2,10.682111483589598,13.525822506334524,-2.8437110227449267
CCCma,CanESM5-CanOE,r1i1p2f1,gn,ssp585,2032-03,2032,3,10.922046909676615,13.578188594924526,-2.6561416852479116
CCCma,CanESM5-CanOE,r1i1p2f1,gn,ssp585,2032-04,2032,4,10.838198340630742,13.308599846758957,-2.4704015061282156
CCCma,CanESM5-CanOE,r1i1p2f1,gn,ssp585,2032-05,2032,5,9.565990032918558,12.37052721770178,-2.8045371847832214
CCCma,CanESM5-CanOE,r1i1p2f1,gn,ssp585,2032-06,2032,6,7.379515307639985,10.66865606616312,-3.2891407585231347
CCCma,CanESM5-CanOE,r1i1p2f1,gn,ssp585,2032-07,2032,7,4.677103215320473,8.636422928905555,-3.9593197135850815
CCCma,CanESM5-CanOE,r1i1p2f1,gn,ssp585,2032-08,2032,8,2.495837553844925,7.053040128520861,-4.5572025746759355
CCCma,CanESM5-CanOE,r1i1p2f1,gn,ssp585,2032-09,2032,9,2.5063475990205752,7.297488990152345,-4.79114139113177
CCCma,CanESM5-CanOE,r1i1p2f1,gn,ssp585,2032-10,2032,10,4.275859101292173,9.082488709358213,-4.806629608066039
CCCma,CanESM5-CanOE,r1i1p2f1,gn,ssp585,2032-11,2032,11,6.540870486135295,11.086882795139545,-4.54601230900425
CCCma,CanESM5-CanOE,r1i1p2f1,gn,ssp585,2032-12,2032,12,9.214983926361688,12.549413654253712,-3.334429727892024
CCCma,CanESM5-CanOE,r1i1p2f1,gn,ssp585,2033-01,2033,1,10.414910997690706,13.251214035251524,-2.8363030375608176
CCCma,CanESM5-CanOE,r1i1p2f1,gn,ssp585,2033-02,2033,2,11.118929964472649,13.525822506334524,-2.4068925418618754
CCCma,CanESM5-CanOE,r1i1p2f1,gn,ssp585,2033-03,2033,3,10.976138331633239,13.578188594924526,-2.6020502632912876
CCCma,CanESM5-CanOE,r1i1p2f1,gn,ssp585,2033-04,2033,4,10.730835225940407,13.308599846758957,-2.5777646208185505
CCCma,CanESM5-CanOE,r1i1p2f1,gn,ssp585,2033-05,2033,5,9.570020454084007,12.37052721770178,-2.800506763617772
CCCma,CanESM5-CanOE,r1i1p2f1,gn,ssp585,2033-06,2033,6,7.376524899382356,10.66865606616312,-3.292131166780764
CCCma,CanESM5-CanOE,r1i1p2f1,gn,ssp585,2033-07,2033,7,4.350952965963787,8.636422928905555,-4.285469962941768
CCCma,CanESM5-CanOE,r1i1p2f1,gn,ssp585,2033-08,2033,8,2.0892749188866615,7.053040128520861,-4.963765209634199
CCCma,CanESM5-CanOE,r1i1p2f1,gn,ssp585,2033-09,2033,9,1.9433873085878206,7.297488990152345,-5.354101681564525
CCCma,CanESM5-CanOE,r1i1p2f1,gn,ssp585,2033-10,2033,10,3.649995329372369,9.082488709358213,-5.432493379985844
CCCma,CanESM5-CanOE,r1i1p2f1,gn,ssp585,2033-11,2033,11,6.023697946444352,11.086882795139545,-5.063184848695193
CCCma,CanESM5-CanOE,r1i1p2f1,gn,ssp585,2033-12,2033,12,8.346096944238703,12.549413654253712,-4.2033167100150095
CCCma,CanESM5-CanOE,r1i1p2f1,gn,ssp585,2034-01,2034,1,9.759030802104316,13.251214035251524,-3.492183233147207
CCCma,CanESM5-CanOE,r1i1p2f1,gn,ssp585,2034-02,2034,2,10.37679194650395,13.525822506334524,-3.1490305598305746
CCCma,CanESM5-CanOE,r1i1p2f1,gn,ssp585,2034-03,2034,3,10.848735209777995,13.578188594924526,-2.729453385146531
CCCma,CanESM5-CanOE,r1i1p2f1,gn,ssp585,2034-04,2034,4,10.306049596122383,13.308599846758957,-3.002550250636574
CCCma,CanESM5-CanOE,r1i1p2f1,gn,ssp585,2034-05,2034,5,8.65978790271657,12.37052721770178,-3.7107393149852097
CCCma,CanESM5-CanOE,r1i1p2f1,gn,ssp585,2034-06,2034,6,6.529971400754743,10.66865606616312,-4.138684665408377
CCCma,CanESM5-CanOE,r1i1p2f1,gn,ssp585,2034-07,2034,7,3.498812075755744,8.636422928905555,-5.137610853149811
CCCma,CanESM5-CanOE,r1i1p2f1,gn,ssp585,2034-08,2034,8,1.6826151274890315,7.053040128520861,-5.37042500103183
CCCma,CanESM5-CanOE,r1i1p2f1,gn,ssp585,2034-09,2034,9,1.5403913670454044,7.297488990152345,-5.757097623106941
CCCma,CanESM5-CanOE,r1i1p2f1,gn,ssp585,2034-10,2034,10,3.053495009224627,9.082488709358213,-6.028993700133586
CCCma,CanESM5-CanOE,r1i1p2f1,gn,ssp585,2034-11,2034,11,5.4833299049852515,11.086882795139545,-5.603552890154293
CCCma,CanESM5-CanOE,r1i1p2f1,gn,ssp585,2034-12,2034,12,7.900508871465971,12.549413654253712,-4.648904782787741
CCCma,CanESM5-CanOE,r1i1p2f1,gn,ssp585,2035-01,2035,1,9.505937466157008,13.251214035251524,-3.745276569094516
CCCma,CanESM5-CanOE,r1i1p2f1,gn,ssp585,2035-02,2035,2,10.179972889148154,13.525822506334524,-3.3458496171863708
CCCma,CanESM5-CanOE,r1i1p2f1,gn,ssp585,2035-03,2035,3,10.463277761599299,13.578188594924526,-3.1149108333252276
CCCma,CanESM5-CanOE,r1i1p2f1,gn,ssp585,2035-04,2035,4,9.973708156358569,13.308599846758957,-3.3348916904003882
CCCma,CanESM5-CanOE,r1i1p2f1,gn,ssp585,2035-05,2035,5,8.649470847789784,12.37052721770178,-3.721056369911995
CCCma,CanESM5-CanOE,r1i1p2f1,gn,ssp585,2035-06,2035,6,6.571254493686996,10.66865606616312,-4.097401572476124
CCCma,CanESM5-CanOE,r1i1p2f1,gn,ssp585,2035-07,2035,7,3.2196694866603197,8.636422928905555,-5.416753442245235
CCCma,CanESM5-CanOE,r1i1p2f1,gn,ssp585,2035-08,2035,8,1.2384065667359465,7.053040128520861,-5.814633561784914
CCCma,CanESM5-CanOE,r1i1p2f1,gn,ssp585,2035-09,2035,9,0.9701771279568031,7.297488990152345,-6.327311862195542
CCCma,CanESM5-CanOE,r1i1p2f1,gn,ssp585,2035-10,2035,10,2.0046113843495723,9.082488709358213,-7.07787732500864
CCCma,CanESM5-CanOE,r1i1p2f1,gn,ssp585,2035-11,2035,11,4.485258329238735,11.086882795139545,-6.60162446590081
CCCma,CanESM5-CanOE,r1i1p2f1,gn,ssp585,2035-12,2035,12,7.325426911773055,12.549413654253712,-5.223986742480657
CCCma,CanESM5-CanOE,r1i1p2f1,gn,ssp585,2036-01,2036,1,9.122372969738255,13.251214035251524,-4.128841065513269
CCCma,CanESM5-CanOE,r1i1p2f1,gn,ssp585,2036-02,2036,2,10.04068605145415,13.525822506334524,-3.485136454880374
CCCma,CanESM5-CanOE,r1i1p2f1,gn,ssp585,2036-03,2036,3,10.091101116805149,13.578188594924526,-3.4870874781193777
CCCma,CanESM5-CanOE,r1i1p2f1,gn,ssp585,2036-04,2036,4,9.718840873458108,13.308599846758957,-3.5897589733008495
CCCma,CanESM5-CanOE,r1i1p2f1,gn,ssp585,2036-05,2036,5,8.458537456933207,12.37052721770178,-3.911989760768572
CCCma,CanESM5-CanOE,r1i1p2f1,gn,ssp585,2036-06,2036,6,6.102853901709612,10.66865606616312,-4.565802164453507
CCCma,CanESM5-CanOE,r1i1p2f1,gn,ssp585,2036-07,2036,7,3.6292476174012975,8.636422928905555,-5.007175311504257
CCCma,CanESM5-CanOE,r1i1p2f1,gn,ssp585,2036-08,2036,8,1.7995238990297768,7.053040128520861,-5.253516229491084
CCCma,CanESM5-CanOE,r1i1p2f1,gn,ssp585,2036-09,2036,9,1.5320950971690646,7.297488990152345,-5.765393892983281
CCCma,CanESM5-CanOE,r1i1p2f1,gn,ssp585,2036-10,2036,10,2.9405611588969194,9.082488709358213,-6.141927550461293
CCCma,CanESM5-CanOE,r1i1p2f1,gn,ssp585,2036-11,2036,11,5.183565165653219,11.086882795139545,-5.903317629486326
CCCma,CanESM5-CanOE,r1i1p2f1,gn,ssp585,2036-12,2036,12,7.626968320464178,12.549413654253712,-4.922445333789534
CCCma,CanESM5-CanOE,r1i1p2f1,gn,ssp585,2037-01,2037,1,9.470227850194561,13.251214035251524,-3.780986185056962
CCCma,CanESM5-CanOE,r1i1p2f1,gn,ssp585,2037-02,2037,2,10.323429828802325,13.525822506334524,-3.202392677532199
CCCma,CanESM5-CanOE,r1i1p2f1,gn,ssp585,2037-03,2037,3,10.66945061029455,13.578188594924526,-2.908737984629976
CCCma,CanESM5-CanOE,r1i1p2f1,gn,ssp585,2037-04,2037,4,10.507758634499336,13.308599846758957,-2.8008412122596216
CCCma,CanESM5-CanOE,r1i1p2f1,gn,ssp585,2037-05,2037,5,9.06471529208323,12.37052721770178,-3.305811925618549
CCCma,CanESM5-CanOE,r1i1p2f1,gn,ssp585,2037-06,2037,6,6.790155304522951,10.66865606616312,-3.8785007616401685
CCCma,CanESM5-CanOE,r1i1p2f1,gn,ssp585,2037-07,2037,7,3.772221675495041,8.636422928905555,-4.8642012534105135
CCCma,CanESM5-CanOE,r1i1p2f1,gn,ssp585,2037-08,2037,8,1.7128307293358898,7.053040128520861,-5.340209399184971
CCCma,CanESM5-CanOE,r1i1p2f1,gn,ssp585,2037-09,2037,9,1.2678231814231455,7.297488990152345,-6.0296658087292
CCCma,CanESM5-CanOE,r1i1p2f1,gn,ssp585,2037-10,2037,10,2.7891690673863705,9.082488709358213,-6.293319641971842
CCCma,CanESM5-CanOE,r1i1p2f1,gn,ssp585,2037-11,2037,11,5.535927027906555,11.086882795139545,-5.550955767232989
CCCma,CanESM5-CanOE,r1i1p2f1,gn,ssp585,2037-12,2037,12,8.201796698239535,12.549413654253712,-4.347616956014177
CCCma,CanESM5-CanOE,r1i1p2f1,gn,ssp585,2038-01,2038,1,9.876735584716652,13.251214035251524,-3.3744784505348715
CCCma,CanESM5-CanOE,r1i1p2f1,gn,ssp585,2038-02,2038,2,10.68955558038502,13.525822506334524,-2.836266925949504
CCCma,CanESM5-CanOE,r1i1p2f1,gn,ssp585,2038-03,2038,3,10.938970624889242,13.578188594924526,-2.6392179700352845
CCCma,CanESM5-CanOE,r1i1p2f1,gn,ssp585,2038-04,2038,4,10.265386800574015,13.308599846758957,-3.043213046184942
CCCma,CanESM5-CanOE,r1i1p2f1,gn,ssp585,2038-05,2038,5,8.906013177111634,12.37052721770178,-3.464514040590146
CCCma,CanESM5-CanOE,r1i1p2f1,gn,ssp585,2038-06,2038,6,6.697939902300674,10.66865606616312,-3.9707161638624457
CCCma,CanESM5-CanOE,r1i1p2f1,gn,ssp585,2038-07,2038,7,3.2317930883637485,8.636422928905555,-5.404629840541807
CCCma,CanESM5-CanOE,r1i1p2f1,gn,ssp585,2038-08,2038,8,1.1642454455743907,7.053040128520861,-5.88879468294647
CCCma,CanESM5-CanOE,r1i1p2f1,gn,ssp585,2038-09,2038,9,0.899097138211136,7.297488990152345,-6.398391851941209
CCCma,CanESM5-CanOE,r1i1p2f1,gn,ssp585,2038-10,2038,10,2.318213482434112,9.082488709358213,-6.7642752269241
CCCma,CanESM5-CanOE,r1i1p2f1,gn,ssp585,2038-11,2038,11,4.428612645917108,11.086882795139545,-6.658270149222437
CCCma,CanESM5-CanOE,r1i1p2f1,gn,ssp585,2038-12,2038,12,7.807340444130543,12.549413654253712,-4.742073210123169
CCCma,CanESM5-CanOE,r1i1p2f1,gn,ssp585,2039-01,2039,1,9.278146984755406,13.251214035251524,-3.973067050496118
CCCma,CanESM5-CanOE,r1i1p2f1,gn,ssp585,2039-02,2039,2,10.412946642842678,13.525822506334524,-3.112875863491846
CCCma,CanESM5-CanOE,r1i1p2f1,gn,ssp585,2039-03,2039,3,10.780147463624473,13.578188594924526,-2.798041131300053
CCCma,CanESM5-CanOE,r1i1p2f1,gn,ssp585,2039-04,2039,4,10.235637193115641,13.308599846758957,-3.072962653643316
CCCma,CanESM5-CanOE,r1i1p2f1,gn,ssp585,2039-05,2039,5,8.708873223039115,12.37052721770178,-3.6616539946626645
CCCma,CanESM5-CanOE,r1i1p2f1,gn,ssp585,2039-06,2039,6,6.135226123902373,10.66865606616312,-4.533429942260747
CCCma,CanESM5-CanOE,r1i1p2f1,gn,ssp585,2039-07,2039,7,2.8050947843057004,8.636422928905555,-5.831328144599855
CCCma,CanESM5-CanOE,r1i1p2f1,gn,ssp585,2039-08,2039,8,0.9196271778232441,7.053040128520861,-6.1334129506976165
CCCma,CanESM5-CanOE,r1i1p2f1,gn,ssp585,2039-09,2039,9,0.6891106545964143,7.297488990152345,-6.608378335555932
CCCma,CanESM5-CanOE,r1i1p2f1,gn,ssp585,2039-10,2039,10,1.6930515686077154,9.082488709358213,-7.3894371407504975
CCCma,CanESM5-CanOE,r1i1p2f1,gn,ssp585,2039-11,2039,11,3.9901130129877216,11.086882795139545,-7.0967697821518225
CCCma,CanESM5-CanOE,r1i1p2f1,gn,ssp585,2039-12,2039,12,6.9018270161287285,12.549413654253712,-5.6475866381249835
CCCma,CanESM5-CanOE,r1i1p2f1,gn,ssp585,2040-01,2040,1,9.382538383393591,13.251214035251524,-3.8686756518579326
CCCma,CanESM5-CanOE,r1i1p2f1,gn,ssp585,2040-02,2040,2,10.581414034942958,13.525822506334524,-2.944408471391567
CCCma,CanESM5-CanOE,r1i1p2f1,gn,ssp585,2040-03,2040,3,10.818974904746456,13.578188594924526,-2.75921369017807
CCCma,CanESM5-CanOE,r1i1p2f1,gn,ssp585,2040-04,2040,4,10.078647519278652,13.308599846758957,-3.229952327480305
CCCma,CanESM5-CanOE,r1i1p2f1,gn,ssp585,2040-05,2040,5,8.697353260070729,12.37052721770178,-3.6731739576310503
CCCma,CanESM5-CanOE,r1i1p2f1,gn,ssp585,2040-06,2040,6,6.171066659403661,10.66865606616312,-4.497589406759459
CCCma,CanESM5-CanOE,r1i1p2f1,gn,ssp585,2040-07,2040,7,2.3560324507513237,8.636422928905555,-6.2803904781542315
CCCma,CanESM5-CanOE,r1i1p2f1,gn,ssp585,2040-08,2040,8,0.6453120808243795,7.053040128520861,-6.407728047696481
CCCma,CanESM5-CanOE,r1i1p2f1,gn,ssp585,2040-09,2040,9,0.5026761888546504,7.297488990152345,-6.794812801297695
CCCma,CanESM5-CanOE,r1i1p2f1,gn,ssp585,2040-10,2040,10,1.2227195519546765,9.082488709358213,-7.859769157403536
CCCma,CanESM5-CanOE,r1i1p2f1,gn,ssp585,2040-11,2040,11,3.506806797371525,11.086882795139545,-7.58007599776802
CCCma,CanESM5-CanOE,r1i1p2f1,gn,ssp585,2040-12,2040,12,7.4750159238989795,12.549413654253712,-5.0743977303547325
CCCma,CanESM5-CanOE,r1i1p2f1,gn,ssp585,2041-01,2041,1,9.422454099227407,13.251214035251524,-3.8287599360241167
CCCma,CanESM5-CanOE,r1i1p2f1,gn,ssp585,2041-02,2041,2,10.510795456085594,13.525822506334524,-3.0150270502489303
CCCma,CanESM5-CanOE,r1i1p2f1,gn,ssp585,2041-03,2041,3,10.586058286266113,13.578188594924526,-2.992130308658414
CCCma,CanESM5-CanOE,r1i1p2f1,gn,ssp585,2041-04,2041,4,10.138911547260086,13.308599846758957,-3.169688299498871
CCCma,CanESM5-CanOE,r1i1p2f1,gn,ssp585,2041-05,2041,5,8.83455585747281,12.37052721770178,-3.53597136022897
CCCma,CanESM5-CanOE,r1i1p2f1,gn,ssp585,2041-06,2041,6,6.6968301722451695,10.66865606616312,-3.9718258939179503
CCCma,CanESM5-CanOE,r1i1p2f1,gn,ssp585,2041-07,2041,7,3.338011059528169,8.636422928905555,-5.298411869377386
CCCma,CanESM5-CanOE,r1i1p2f1,gn,ssp585,2041-08,2041,8,0.8430326938225685,7.053040128520861,-6.2100074346982925
CCCma,CanESM5-CanOE,r1i1p2f1,gn,ssp585,2041-09,2041,9,0.41465541451310833,7.297488990152345,-6.882833575639237
CCCma,CanESM5-CanOE,r1i1p2f1,gn,ssp585,2041-10,2041,10,1.8416418289022047,9.082488709358213,-7.240846880456008
CCCma,CanESM5-CanOE,r1i1p2f1,gn,ssp585,2041-11,2041,11,4.887656445486668,11.086882795139545,-6.199226349652877
CCCma,CanESM5-CanOE,r1i1p2f1,gn,ssp585,2041-12,2041,12,7.755345146244582,12.549413654253712,-4.79406850800913
CCCma,CanESM5-CanOE,r1i1p2f1,gn,ssp585,2042-01,2042,1,9.382064683079822,13.251214035251524,-3.8691493521717018
CCCma,CanESM5-CanOE,r1i1p2f1,gn,ssp585,2042-02,2042,2,10.34301589915307,13.525822506334524,-3.1828066071814547
CCCma,CanESM5-CanOE,r1i1p2f1,gn,ssp585,2042-03,2042,3,10.574926771425702,13.578188594924526,-3.003261823498825
CCCma,CanESM5-CanOE,r1i1p2f1,gn,ssp585,2042-04,2042,4,10.21321323969656,13.308599846758957,-3.095386607062398
CCCma,CanESM5-CanOE,r1i1p2f1,gn,ssp585,2042-05,2042,5,8.979340184955234,12.37052721770178,-3.3911870327465454
CCCma,CanESM5-CanOE,r1i1p2f1,gn,ssp585,2042-06,2042,6,6.73659344956282,10.66865606616312,-3.9320626166003
CCCma,CanESM5-CanOE,r1i1p2f1,gn,ssp585,2042-07,2042,7,3.652502547842048,8.636422928905555,-4.983920381063507
CCCma,CanESM5-CanOE,r1i1p2f1,gn,ssp585,2042-08,2042,8,1.3852803499127595,7.053040128520861,-5.667759778608101
CCCma,CanESM5-CanOE,r1i1p2f1,gn,ssp585,2042-09,2042,9,0.9323207341193936,7.297488990152345,-6.365168256032952
CCCma,CanESM5-CanOE,r1i1p2f1,gn,ssp585,2042-10,2042,10,2.225804670177888,9.082488709358213,-6.856684039180324
CCCma,CanESM5-CanOE,r1i1p2f1,gn,ssp585,2042-11,2042,11,4.645623119523137,11.086882795139545,-6.441259675616408
CCCma,CanESM5-CanOE,r1i1p2f1,gn,ssp585,2042-12,2042,12,7.390288463463849,12.549413654253712,-5.159125190789863
CCCma,CanESM5-CanOE,r1i1p2f1,gn,ssp585,2043-01,2043,1,9.159579936798137,13.251214035251524,-4.091634098453387
CCCma,CanESM5-CanOE,r1i1p2f1,gn,ssp585,2043-02,2043,2,10.078646997102728,13.525822506334524,-3.447175509231796
CCCma,CanESM5-CanOE,r1i1p2f1,gn,ssp585,2043-03,2043,3,10.36183946441414,13.578188594924526,-3.2163491305103857
CCCma,CanESM5-CanOE,r1i1p2f1,gn,ssp585,2043-04,2043,4,10.081796437518578,13.308599846758957,-3.226803409240379
CCCma,CanESM5-CanOE,r1i1p2f1,gn,ssp585,2043-05,2043,5,8.567451346026283,12.37052721770178,-3.803075871675496
CCCma,CanESM5-CanOE,r1i1p2f1,gn,ssp585,2043-06,2043,6,6.5204340367130085,10.66865606616312,-4.148222029450111
CCCma,CanESM5-CanOE,r1i1p2f1,gn,ssp585,2043-07,2043,7,3.3584828844318366,8.636422928905555,-5.277940044473718
CCCma,CanESM5-CanOE,r1i1p2f1,gn,ssp585,2043-08,2043,8,0.8970523274356266,7.053040128520861,-6.155987801085234
CCCma,CanESM5-CanOE,r1i1p2f1,gn,ssp585,2043-09,2043,9,0.35237338121987266,7.297488990152345,-6.945115608932473
CCCma,CanESM5-CanOE,r1i1p2f1,gn,ssp585,2043-10,2043,10,1.6174911278722228,9.082488709358213,-7.46499758148599
CCCma,CanESM5-CanOE,r1i1p2f1,gn,ssp585,2043-11,2043,11,4.621312562345258,11.086882795139545,-6.4655702327942866
CCCma,CanESM5-CanOE,r1i1p2f1,gn,ssp585,2043-12,2043,12,7.576906982724252,12.549413654253712,-4.97250667152946
CCCma,CanESM5-CanOE,r1i1p2f1,gn,ssp585,2044-01,2044,1,9.224320975846021,13.251214035251524,-4.026893059405502
CCCma,CanESM5-CanOE,r1i1p2f1,gn,ssp585,2044-02,2044,2,9.998151351219686,13.525822506334524,-3.527671155114838
CCCma,CanESM5-CanOE,r1i1p2f1,gn,ssp585,2044-03,2044,3,10.385932143426947,13.578188594924526,-3.1922564514975793
CCCma,CanESM5-CanOE,r1i1p2f1,gn,ssp585,2044-04,2044,4,10.033240033461961,13.308599846758957,-3.275359813296996
CCCma,CanESM5-CanOE,r1i1p2f1,gn,ssp585,2044-05,2044,5,8.497616055875076,12.37052721770178,-3.8729111618267034
CCCma,CanESM5-CanOE,r1i1p2f1,gn,ssp585,2044-06,2044,6,5.7699531913369535,10.66865606616312,-4.898702874826166
CCCma,CanESM5-CanOE,r1i1p2f1,gn,ssp585,2044-07,2044,7,2.6886008573422,8.636422928905555,-5.947822071563355
CCCma,CanESM5-CanOE,r1i1p2f1,gn,ssp585,2044-08,2044,8,1.1786896631369284,7.053040128520861,-5.874350465383932
CCCma,CanESM5-CanOE,r1i1p2f1,gn,ssp585,2044-09,2044,9,1.103055508986681,7.297488990152345,-6.194433481165665
CCCma,CanESM5-CanOE,r1i1p2f1,gn,ssp585,2044-10,2044,10,2.103220870254479,9.082488709358213,-6.979267839103734
CCCma,CanESM5-CanOE,r1i1p2f1,gn,ssp585,2044-11,2044,11,4.306475466850959,11.086882795139545,-6.780407328288586
CCCma,CanESM5-CanOE,r1i1p2f1,gn,ssp585,2044-12,2044,12,7.36662240641285,12.549413654253712,-5.182791247840862
CCCma,CanESM5-CanOE,r1i1p2f1,gn,ssp585,2045-01,2045,1,8.923134004770416,13.251214035251524,-4.328080030481107
CCCma,CanESM5-CanOE,r1i1p2f1,gn,ssp585,2045-02,2045,2,9.756009033650898,13.525822506334524,-3.7698134726836265
CCCma,CanESM5-CanOE,r1i1p2f1,gn,ssp585,2045-03,2045,3,9.88412358622636,13.578188594924526,-3.694065008698166
CCCma,CanESM5-CanOE,r1i1p2f1,gn,ssp585,2045-04,2045,4,9.617677125803274,13.308599846758957,-3.690922720955683
CCCma,CanESM5-CanOE,r1i1p2f1,gn,ssp585,2045-05,2045,5,8.13599889291755,12.37052721770178,-4.234528324784229
CCCma,CanESM5-CanOE,r1i1p2f1,gn,ssp585,2045-06,2045,6,6.095255518509865,10.66865606616312,-4.573400547653255
CCCma,CanESM5-CanOE,r1i1p2f1,gn,ssp585,2045-07,2045,7,3.4053094703692657,8.636422928905555,-5.231113458536289
CCCma,CanESM5-CanOE,r1i1p2f1,gn,ssp585,2045-08,2045,8,1.2532695835413987,7.053040128520861,-5.799770544979462
CCCma,CanESM5-CanOE,r1i1p2f1,gn,ssp585,2045-09,2045,9,0.7927678086239696,7.297488990152345,-6.504721181528376
CCCma,CanESM5-CanOE,r1i1p2f1,gn,ssp585,2045-10,2045,10,1.9361403418847902,9.082488709358213,-7.146348367473422
CCCma,CanESM5-CanOE,r1i1p2f1,gn,ssp585,2045-11,2045,11,4.595796328812623,11.086882795139545,-6.491086466326921
CCCma,CanESM5-CanOE,r1i1p2f1,gn,ssp585,2045-12,2045,12,6.943557313393986,12.549413654253712,-5.605856340859726
CCCma,CanESM5-CanOE,r1i1p2f1,gn,ssp585,2046-01,2046,1,9.203704343207326,13.251214035251524,-4.047509692044198
CCCma,CanESM5-CanOE,r1i1p2f1,gn,ssp585,2046-02,2046,2,10.210194709097058,13.525822506334524,-3.3156277972374664
CCCma,CanESM5-CanOE,r1i1p2f1,gn,ssp585,2046-03,2046,3,10.499270485034492,13.578188594924526,-3.0789181098900347
CCCma,CanESM5-CanOE,r1i1p2f1,gn,ssp585,2046-04,2046,4,9.729270582359531,13.308599846758957,-3.5793292643994263
CCCma,CanESM5-CanOE,r1i1p2f1,gn,ssp585,2046-05,2046,5,8.182652392675754,12.37052721770178,-4.187874825026025
CCCma,CanESM5-CanOE,r1i1p2f1,gn,ssp585,2046-06,2046,6,6.2049194124161815,10.66865606616312,-4.463736653746938
CCCma,CanESM5-CanOE,r1i1p2f1,gn,ssp585,2046-07,2046,7,3.39615650699016,8.636422928905555,-5.240266421915395
CCCma,CanESM5-CanOE,r1i1p2f1,gn,ssp585,2046-08,2046,8,1.455742729435619,7.053040128520861,-5.5972973990852415
CCCma,CanESM5-CanOE,r1i1p2f1,gn,ssp585,2046-09,2046,9,1.093500120315403,7.297488990152345,-6.203988869836943
CCCma,CanESM5-CanOE,r1i1p2f1,gn,ssp585,2046-10,2046,10,2.442268800990564,9.082488709358213,-6.640219908367649
CCCma,CanESM5-CanOE,r1i1p2f1,gn,ssp585,2046-11,2046,11,4.239905669026255,11.086882795139545,-6.8469771261132895
CCCma,CanESM5-CanOE,r1i1p2f1,gn,ssp585,2046-12,2046,12,7.009429312340963,12.549413654253712,-5.539984341912749
CCCma,CanESM5-CanOE,r1i1p2f1,gn,ssp585,2047-01,2047,1,9.121367362466886,13.251214035251524,-4.1298466727846375
CCCma,CanESM5-CanOE,r1i1p2f1,gn,ssp585,2047-02,2047,2,9.859634573375732,13.525822506334524,-3.666187932958792
CCCma,CanESM5-CanOE,r1i1p2f1,gn,ssp585,2047-03,2047,3,10.302587697435094,13.578188594924526,-3.275600897489433
CCCma,CanESM5-CanOE,r1i1p2f1,gn,ssp585,2047-04,2047,4,9.87153296764827,13.308599846758957,-3.437066879110688
CCCma,CanESM5-CanOE,r1i1p2f1,gn,ssp585,2047-05,2047,5,8.514617980635101,12.37052721770178,-3.855909237066678
CCCma,CanESM5-CanOE,r1i1p2f1,gn,ssp585,2047-06,2047,6,6.377331025136141,10.66865606616312,-4.291325041026979
CCCma,CanESM5-CanOE,r1i1p2f1,gn,ssp585,2047-07,2047,7,3.038706427512569,8.636422928905555,-5.597716501392986
CCCma,CanESM5-CanOE,r1i1p2f1,gn,ssp585,2047-08,2047,8,0.6321961656270522,7.053040128520861,-6.420843962893809
CCCma,CanESM5-CanOE,r1i1p2f1,gn,ssp585,2047-09,2047,9,0.2577721804387952,7.297488990152345,-7.03971680971355
CCCma,CanESM5-CanOE,r1i1p2f1,gn,ssp585,2047-10,2047,10,1.3235267914564686,9.082488709358213,-7.758961917901744
CCCma,CanESM5-CanOE,r1i1p2f1,gn,ssp585,2047-11,2047,11,3.872092632086906,11.086882795139545,-7.214790163052639
CCCma,CanESM5-CanOE,r1i1p2f1,gn,ssp585,2047-12,2047,12,6.977131206354008,12.549413654253712,-5.572282447899704
CCCma,CanESM5-CanOE,r1i1p2f1,gn,ssp585,2048-01,2048,1,8.996188618824686,13.251214035251524,-4.255025416426838
CCCma,CanESM5-CanOE,r1i1p2f1,gn,ssp585,2048-02,2048,2,9.775040415713828,13.525822506334524,-3.750782090620696
CCCma,CanESM5-CanOE,r1i1p2f1,gn,ssp585,2048-03,2048,3,9.868240226851297,13.578188594924526,-3.7099483680732295
CCCma,CanESM5-CanOE,r1i1p2f1,gn,ssp585,2048-04,2048,4,9.449530731722874,13.308599846758957,-3.8590691150360836
CCCma,CanESM5-CanOE,r1i1p2f1,gn,ssp585,2048-05,2048,5,7.965258802200092,12.37052721770178,-4.405268415501688
CCCma,CanESM5-CanOE,r1i1p2f1,gn,ssp585,2048-06,2048,6,5.260912728739208,10.66865606616312,-5.407743337423912
CCCma,CanESM5-CanOE,r1i1p2f1,gn,ssp585,2048-07,2048,7,2.1029871620903995,8.636422928905555,-6.533435766815155
CCCma,CanESM5-CanOE,r1i1p2f1,gn,ssp585,2048-08,2048,8,0.31282646410389675,7.053040128520861,-6.740213664416964
CCCma,CanESM5-CanOE,r1i1p2f1,gn,ssp585,2048-09,2048,9,0.16768312125631502,7.297488990152345,-7.12980586889603
CCCma,CanESM5-CanOE,r1i1p2f1,gn,ssp585,2048-10,2048,10,0.5616653650838869,9.082488709358213,-8.520823344274326
CCCma,CanESM5-CanOE,r1i1p2f1,gn,ssp585,2048-11,2048,11,2.503857875931124,11.086882795139545,-8.58302491920842
CCCma,CanESM5-CanOE,r1i1p2f1,gn,ssp585,2048-12,2048,12,6.181909293283146,12.549413654253712,-6.367504360970566
CCCma,CanESM5-CanOE,r1i1p2f1,gn,ssp585,2049-01,2049,1,8.818289719356285,13.251214035251524,-4.432924315895239
CCCma,CanESM5-CanOE,r1i1p2f1,gn,ssp585,2049-02,2049,2,9.477964393194934,13.525822506334524,-4.04785811313959
CCCma,CanESM5-CanOE,r1i1p2f1,gn,ssp585,2049-03,2049,3,9.671039205272118,13.578188594924526,-3.9071493896524085
CCCma,CanESM5-CanOE,r1i1p2f1,gn,ssp585,2049-04,2049,4,9.181047763472414,13.308599846758957,-4.1275520832865435
CCCma,CanESM5-CanOE,r1i1p2f1,gn,ssp585,2049-05,2049,5,7.472674187932264,12.37052721770178,-4.897853029769515
CCCma,CanESM5-CanOE,r1i1p2f1,gn,ssp585,2049-06,2049,6,5.309324379760555,10.66865606616312,-5.359331686402565
CCCma,CanESM5-CanOE,r1i1p2f1,gn,ssp585,2049-07,2049,7,1.560509101286732,8.636422928905555,-7.075913827618823
CCCma,CanESM5-CanOE,r1i1p2f1,gn,ssp585,2049-08,2049,8,0.21511054766664187,7.053040128520861,-6.837929580854219
CCCma,CanESM5-CanOE,r1i1p2f1,gn,ssp585,2049-09,2049,9,0.08878128893037612,7.297488990152345,-7.208707701221969
CCCma,CanESM5-CanOE,r1i1p2f1,gn,ssp585,2049-10,2049,10,0.44338353316035783,9.082488709358213,-8.639105176197855
CCCma,CanESM5-CanOE,r1i1p2f1,gn,ssp585,2049-11,2049,11,1.9541577380940183,11.086882795139545,-9.132725057045526
CCCma,CanESM5-CanOE,r1i1p2f1,gn,ssp585,2049-12,2049,12,5.3855700261625215,12.549413654253712,-7.163843628091191
CCCma,CanESM5-CanOE,r1i1p2f1,gn,ssp585,2050-01,2050,1,7.692296806006766,13.251214035251524,-5.5589172292447575
CCCma,CanESM5-CanOE,r1i1p2f1,gn,ssp585,2050-02,2050,2,8.950862988884207,13.525822506334524,-4.574959517450317
CCCma,CanESM5-CanOE,r1i1p2f1,gn,ssp585,2050-03,2050,3,9.0676914545248,13.578188594924526,-4.5104971403997265
CCCma,CanESM5-CanOE,r1i1p2f1,gn,ssp585,2050-04,2050,4,8.667608989375362,13.308599846758957,-4.640990857383596
CCCma,CanESM5-CanOE,r1i1p2f1,gn,ssp585,2050-05,2050,5,7.300177850034876,12.37052721770178,-5.070349367666903
CCCma,CanESM5-CanOE,r1i1p2f1,gn,ssp585,2050-06,2050,6,4.600247122120606,10.66865606616312,-6.068408944042514
CCCma,CanESM5-CanOE,r1i1p2f1,gn,ssp585,2050-07,2050,7,1.0656157003885032,8.636422928905555,-7.570807228517052
CCCma,CanESM5-CanOE,r1i1p2f1,gn,ssp585,2050-08,2050,8,0.13053283843441418,7.053040128520861,-6.922507290086447
CCCma,CanESM5-CanOE,r1i1p2f1,gn,ssp585,2050-09,2050,9,0.08312168810358044,7.297488990152345,-7.214367302048765
CCCma,CanESM5-CanOE,r1i1p2f1,gn,ssp585,2050-10,2050,10,0.27263532567126136,9.082488709358213,-8.809853383686951
CCCma,CanESM5-CanOE,r1i1p2f1,gn,ssp585,2050-11,2050,11,1.1518631487898003,11.086882795139545,-9.935019646349744
CCCma,CanESM5-CanOE,r1i1p2f1,gn,ssp585,2050-12,2050,12,4.679470207817726,12.549413654253712,-7.869943446435986
CCCma,CanESM5-CanOE,r1i1p2f1,gn,ssp585,2051-01,2051,1,7.556993712070297,13.251214035251524,-5.694220323181226
CCCma,CanESM5-CanOE,r1i1p2f1,gn,ssp585,2051-02,2051,2,8.79318657318428,13.525822506334524,-4.7326359331502434
CCCma,CanESM5-CanOE,r1i1p2f1,gn,ssp585,2051-03,2051,3,9.477107605295673,13.578188594924526,-4.101080989628853
CCCma,CanESM5-CanOE,r1i1p2f1,gn,ssp585,2051-04,2051,4,9.040292170302497,13.308599846758957,-4.268307676456461
CCCma,CanESM5-CanOE,r1i1p2f1,gn,ssp585,2051-05,2051,5,6.984293491338617,12.37052721770178,-5.386233726363162
CCCma,CanESM5-CanOE,r1i1p2f1,gn,ssp585,2051-06,2051,6,3.64188402401046,10.66865606616312,-7.026772042152659
CCCma,CanESM5-CanOE,r1i1p2f1,gn,ssp585,2051-07,2051,7,0.5348012943741166,8.636422928905555,-8.101621634531439
CCCma,CanESM5-CanOE,r1i1p2f1,gn,ssp585,2051-08,2051,8,0.07253703867104992,7.053040128520861,-6.980503089849811
CCCma,CanESM5-CanOE,r1i1p2f1,gn,ssp585,2051-09,2051,9,0.06274148201959867,7.297488990152345,-7.234747508132747
CCCma,CanESM5-CanOE,r1i1p2f1,gn,ssp585,2051-10,2051,10,0.2330202613887167,9.082488709358213,-8.849468447969496
CCCma,CanESM5-CanOE,r1i1p2f1,gn,ssp585,2051-11,2051,11,0.9319863619423892,11.086882795139545,-10.154896433197155
CCCma,CanESM5-CanOE,r1i1p2f1,gn,ssp585,2051-12,2051,12,2.849634758589085,12.549413654253712,-9.699778895664627
CCCma,CanESM5-CanOE,r1i1p2f1,gn,ssp585,2052-01,2052,1,6.075952575158547,13.251214035251524,-7.175261460092977
CCCma,CanESM5-CanOE,r1i1p2f1,gn,ssp585,2052-02,2052,2,8.357044971251593,13.525822506334524,-5.168777535082931
CCCma,CanESM5-CanOE,r1i1p2f1,gn,ssp585,2052-03,2052,3,9.274382888954552,13.578188594924526,-4.303805705969975
CCCma,CanESM5-CanOE,r1i1p2f1,gn,ssp585,2052-04,2052,4,8.83641765847775,13.308599846758957,-4.472182188281208
CCCma,CanESM5-CanOE,r1i1p2f1,gn,ssp585,2052-05,2052,5,6.88720378557939,12.37052721770178,-5.483323432122389
CCCma,CanESM5-CanOE,r1i1p2f1,gn,ssp585,2052-06,2052,6,3.5268331991637596,10.66865606616312,-7.141822866999361
CCCma,CanESM5-CanOE,r1i1p2f1,gn,ssp585,2052-07,2052,7,0.4063112487087331,8.636422928905555,-8.230111680196822
CCCma,CanESM5-CanOE,r1i1p2f1,gn,ssp585,2052-08,2052,8,0.0011526925554455494,7.053040128520861,-7.051887435965416
CCCma,CanESM5-CanOE,r1i1p2f1,gn,ssp585,2052-09,2052,9,0.004781063737201843,7.297488990152345,-7.292707926415144
CCCma,CanESM5-CanOE,r1i1p2f1,gn,ssp585,2052-10,2052,10,0.07889727146346041,9.082488709358213,-9.003591437894752
CCCma,CanESM5-CanOE,r1i1p2f1,gn,ssp585,2052-11,2052,11,0.8449236816610614,11.086882795139545,-10.241959113478483
CCCma,CanESM5-CanOE,r1i1p2f1,gn,ssp585,2052-12,2052,12,3.8715037067391065,12.549413654253712,-8.677909947514605
CCCma,CanESM5-CanOE,r1i1p2f1,gn,ssp585,2053-01,2053,1,7.188753543018304,13.251214035251524,-6.062460492233219
CCCma,CanESM5-CanOE,r1i1p2f1,gn,ssp585,2053-02,2053,2,8.863093688281491,13.525822506334524,-4.662728818053033
CCCma,CanESM5-CanOE,r1i1p2f1,gn,ssp585,2053-03,2053,3,9.259138037532265,13.578188594924526,-4.319050557392261
CCCma,CanESM5-CanOE,r1i1p2f1,gn,ssp585,2053-04,2053,4,8.959283738925887,13.308599846758957,-4.34931610783307
CCCma,CanESM5-CanOE,r1i1p2f1,gn,ssp585,2053-05,2053,5,7.60051354729241,12.37052721770178,-4.770013670409369
CCCma,CanESM5-CanOE,r1i1p2f1,gn,ssp585,2053-06,2053,6,4.9083723839174045,10.66865606616312,-5.760283682245715
CCCma,CanESM5-CanOE,r1i1p2f1,gn,ssp585,2053-07,2053,7,1.062017192331972,8.636422928905555,-7.574405736573583
CCCma,CanESM5-CanOE,r1i1p2f1,gn,ssp585,2053-08,2053,8,0.1804788756542613,7.053040128520861,-6.8725612528666
CCCma,CanESM5-CanOE,r1i1p2f1,gn,ssp585,2053-09,2053,9,0.14658550581946236,7.297488990152345,-7.150903484332883
CCCma,CanESM5-CanOE,r1i1p2f1,gn,ssp585,2053-10,2053,10,0.4631943026456465,9.082488709358213,-8.619294406712566
CCCma,CanESM5-CanOE,r1i1p2f1,gn,ssp585,2053-11,2053,11,1.698753873130775,11.086882795139545,-9.38812892200877
CCCma,CanESM5-CanOE,r1i1p2f1,gn,ssp585,2053-12,2053,12,4.717269147022809,12.549413654253712,-7.832144507230903
CCCma,CanESM5-CanOE,r1i1p2f1,gn,ssp585,2054-01,2054,1,7.427667635801447,13.251214035251524,-5.823546399450077
CCCma,CanESM5-CanOE,r1i1p2f1,gn,ssp585,2054-02,2054,2,9.261452998532636,13.525822506334524,-4.264369507801888
CCCma,CanESM5-CanOE,r1i1p2f1,gn,ssp585,2054-03,2054,3,9.513003110109757,13.578188594924526,-4.065185484814769
CCCma,CanESM5-CanOE,r1i1p2f1,gn,ssp585,2054-04,2054,4,9.132580174892167,13.308599846758957,-4.17601967186679
CCCma,CanESM5-CanOE,r1i1p2f1,gn,ssp585,2054-05,2054,5,7.759245371351928,12.37052721770178,-4.6112818463498515
CCCma,CanESM5-CanOE,r1i1p2f1,gn,ssp585,2054-06,2054,6,4.503539154836271,10.66865606616312,-6.165116911326849
CCCma,CanESM5-CanOE,r1i1p2f1,gn,ssp585,2054-07,2054,7,0.999502327888456,8.636422928905555,-7.636920601017099
CCCma,CanESM5-CanOE,r1i1p2f1,gn,ssp585,2054-08,2054,8,0.18244935928866296,7.053040128520861,-6.870590769232198
CCCma,CanESM5-CanOE,r1i1p2f1,gn,ssp585,2054-09,2054,9,0.11517369865134197,7.297488990152345,-7.182315291501004
CCCma,CanESM5-CanOE,r1i1p2f1,gn,ssp585,2054-10,2054,10,0.3683738677160765,9.082488709358213,-8.714114841642136
CCCma,CanESM5-CanOE,r1i1p2f1,gn,ssp585,2054-11,2054,11,0.9875449621991631,11.086882795139545,-10.099337832940382
CCCma,CanESM5-CanOE,r1i1p2f1,gn,ssp585,2054-12,2054,12,3.5999195961811115,12.549413654253712,-8.9494940580726
CCCma,CanESM5-CanOE,r1i1p2f1,gn,ssp585,2055-01,2055,1,6.360233207214516,13.251214035251524,-6.890980828037008
CCCma,CanESM5-CanOE,r1i1p2f1,gn,ssp585,2055-02,2055,2,8.417190648625903,13.525822506334524,-5.108631857708621
CCCma,CanESM5-CanOE,r1i1p2f1,gn,ssp585,2055-03,2055,3,9.316793765734067,13.578188594924526,-4.2613948291904595
CCCma,CanESM5-CanOE,r1i1p2f1,gn,ssp585,2055-04,2055,4,8.58599860081219,13.308599846758957,-4.722601245946768
CCCma,CanESM5-CanOE,r1i1p2f1,gn,ssp585,2055-05,2055,5,6.990481926916435,12.37052721770178,-5.380045290785344
CCCma,CanESM5-CanOE,r1i1p2f1,gn,ssp585,2055-06,2055,6,3.931729263687554,10.66865606616312,-6.7369268024755655
CCCma,CanESM5-CanOE,r1i1p2f1,gn,ssp585,2055-07,2055,7,1.221491561451384,8.636422928905555,-7.414931367454171
CCCma,CanESM5-CanOE,r1i1p2f1,gn,ssp585,2055-08,2055,8,0.23318383049795913,7.053040128520861,-6.819856298022902
CCCma,CanESM5-CanOE,r1i1p2f1,gn,ssp585,2055-09,2055,9,0.12888384837718647,7.297488990152345,-7.168605141775159
CCCma,CanESM5-CanOE,r1i1p2f1,gn,ssp585,2055-10,2055,10,0.4896770148678385,9.082488709358213,-8.592811694490374
CCCma,CanESM5-CanOE,r1i1p2f1,gn,ssp585,2055-11,2055,11,1.6993946965767417,11.086882795139545,-9.387488098562804
CCCma,CanESM5-CanOE,r1i1p2f1,gn,ssp585,2055-12,2055,12,3.2040710046334904,12.549413654253712,-9.345342649620221
CCCma,CanESM5-CanOE,r1i1p2f1,gn,ssp585,2056-01,2056,1,5.797811713846848,13.251214035251524,-7.453402321404676
CCCma,CanESM5-CanOE,r1i1p2f1,gn,ssp585,2056-02,2056,2,7.831195048506636,13.525822506334524,-5.694627457827888
CCCma,CanESM5-CanOE,r1i1p2f1,gn,ssp585,2056-03,2056,3,8.823773851117222,13.578188594924526,-4.754414743807304
CCCma,CanESM5-CanOE,r1i1p2f1,gn,ssp585,2056-04,2056,4,8.676622681667903,13.308599846758957,-4.631977165091055
CCCma,CanESM5-CanOE,r1i1p2f1,gn,ssp585,2056-05,2056,5,6.880547663058209,12.37052721770178,-5.48997955464357
CCCma,CanESM5-CanOE,r1i1p2f1,gn,ssp585,2056-06,2056,6,3.485836260955339,10.66865606616312,-7.182819805207781
CCCma,CanESM5-CanOE,r1i1p2f1,gn,ssp585,2056-07,2056,7,0.9163714227072048,8.636422928905555,-7.72005150619835
CCCma,CanESM5-CanOE,r1i1p2f1,gn,ssp585,2056-08,2056,8,0.11564181091688412,7.053040128520861,-6.937398317603977
CCCma,CanESM5-CanOE,r1i1p2f1,gn,ssp585,2056-09,2056,9,0.06746574157303986,7.297488990152345,-7.230023248579306
CCCma,CanESM5-CanOE,r1i1p2f1,gn,ssp585,2056-10,2056,10,0.15205464041832098,9.082488709358213,-8.930434068939892
CCCma,CanESM5-CanOE,r1i1p2f1,gn,ssp585,2056-11,2056,11,0.630623561566377,11.086882795139545,-10.456259233573167
CCCma,CanESM5-CanOE,r1i1p2f1,gn,ssp585,2056-12,2056,12,2.71704443469263,12.549413654253712,-9.832369219561082
CCCma,CanESM5-CanOE,r1i1p2f1,gn,ssp585,2057-01,2057,1,5.674462288962415,13.251214035251524,-7.5767517462891085
CCCma,CanESM5-CanOE,r1i1p2f1,gn,ssp585,2057-02,2057,2,8.089328167408231,13.525822506334524,-5.436494338926293
CCCma,CanESM5-CanOE,r1i1p2f1,gn,ssp585,2057-03,2057,3,8.661818122561542,13.578188594924526,-4.916370472362985
CCCma,CanESM5-CanOE,r1i1p2f1,gn,ssp585,2057-04,2057,4,8.15468087336413,13.308599846758957,-5.153918973394827
CCCma,CanESM5-CanOE,r1i1p2f1,gn,ssp585,2057-05,2057,5,6.445092344947229,12.37052721770178,-5.9254348727545505
CCCma,CanESM5-CanOE,r1i1p2f1,gn,ssp585,2057-06,2057,6,3.0898461990976545,10.66865606616312,-7.578809867065465
CCCma,CanESM5-CanOE,r1i1p2f1,gn,ssp585,2057-07,2057,7,0.6121079499024845,8.636422928905555,-8.024314979003071
CCCma,CanESM5-CanOE,r1i1p2f1,gn,ssp585,2057-08,2057,8,0.09664794998395593,7.053040128520861,-6.9563921785369045
CCCma,CanESM5-CanOE,r1i1p2f1,gn,ssp585,2057-09,2057,9,0.03807661259926237,7.297488990152345,-7.259412377553083
CCCma,CanESM5-CanOE,r1i1p2f1,gn,ssp585,2057-10,2057,10,0.2522641992257185,9.082488709358213,-8.830224510132494
CCCma,CanESM5-CanOE,r1i1p2f1,gn,ssp585,2057-11,2057,11,0.9373878216482556,11.086882795139545,-10.149494973491288
CCCma,CanESM5-CanOE,r1i1p2f1,gn,ssp585,2057-12,2057,12,2.610710412716958,12.549413654253712,-9.938703241536754
CCCma,CanESM5-CanOE,r1i1p2f1,gn,ssp585,2058-01,2058,1,5.141013849956379,13.251214035251524,-8.110200185295145
CCCma,CanESM5-CanOE,r1i1p2f1,gn,ssp585,2058-02,2058,2,6.732534862734244,13.525822506334524,-6.79328764360028
CCCma,CanESM5-CanOE,r1i1p2f1,gn,ssp585,2058-03,2058,3,7.999446964024805,13.578188594924526,-5.578741630899722
CCCma,CanESM5-CanOE,r1i1p2f1,gn,ssp585,2058-04,2058,4,7.705832911488145,13.308599846758957,-5.602766935270812
CCCma,CanESM5-CanOE,r1i1p2f1,gn,ssp585,2058-05,2058,5,5.876666191449804,12.37052721770178,-6.493861026251976
CCCma,CanESM5-CanOE,r1i1p2f1,gn,ssp585,2058-06,2058,6,2.184856276712443,10.66865606616312,-8.483799789450677
CCCma,CanESM5-CanOE,r1i1p2f1,gn,ssp585,2058-07,2058,7,0.20722607911028823,8.636422928905555,-8.429196849795266
CCCma,CanESM5-CanOE,r1i1p2f1,gn,ssp585,2058-08,2058,8,0.02237039888653557,7.053040128520861,-7.030669729634325
CCCma,CanESM5-CanOE,r1i1p2f1,gn,ssp585,2058-09,2058,9,0.004970714162133826,7.297488990152345,-7.292518275990211
CCCma,CanESM5-CanOE,r1i1p2f1,gn,ssp585,2058-10,2058,10,0.11191214331691128,9.082488709358213,-8.970576566041302
CCCma,CanESM5-CanOE,r1i1p2f1,gn,ssp585,2058-11,2058,11,0.4824360320748001,11.086882795139545,-10.604446763064745
CCCma,CanESM5-CanOE,r1i1p2f1,gn,ssp585,2058-12,2058,12,1.533923784445189,12.549413654253712,-11.015489869808523
CCCma,CanESM5-CanOE,r1i1p2f1,gn,ssp585,2059-01,2059,1,4.333791231347119,13.251214035251524,-8.917422803904405
CCCma,CanESM5-CanOE,r1i1p2f1,gn,ssp585,2059-02,2059,2,7.202579282373467,13.525822506334524,-6.323243223961057
CCCma,CanESM5-CanOE,r1i1p2f1,gn,ssp585,2059-03,2059,3,7.8533751218278995,13.578188594924526,-5.724813473096627
CCCma,CanESM5-CanOE,r1i1p2f1,gn,ssp585,2059-04,2059,4,7.475903838953034,13.308599846758957,-5.832696007805923
CCCma,CanESM5-CanOE,r1i1p2f1,gn,ssp585,2059-05,2059,5,5.910392664353137,12.37052721770178,-6.4601345533486425
CCCma,CanESM5-CanOE,r1i1p2f1,gn,ssp585,2059-06,2059,6,2.5791192598962707,10.66865606616312,-8.08953680626685
CCCma,CanESM5-CanOE,r1i1p2f1,gn,ssp585,2059-07,2059,7,0.2624935037593428,8.636422928905555,-8.373929425146212
CCCma,CanESM5-CanOE,r1i1p2f1,gn,ssp585,2059-08,2059,8,0.006205684239086678,7.053040128520861,-7.0468344442817745
CCCma,CanESM5-CanOE,r1i1p2f1,gn,ssp585,2059-09,2059,9,0.00018408355298324766,7.297488990152345,-7.297304906599362
CCCma,CanESM5-CanOE,r1i1p2f1,gn,ssp585,2059-10,2059,10,0.03018328567782962,9.082488709358213,-9.052305423680384
CCCma,CanESM5-CanOE,r1i1p2f1,gn,ssp585,2059-11,2059,11,0.24421250922142487,11.086882795139545,-10.84267028591812
CCCma,CanESM5-CanOE,r1i1p2f1,gn,ssp585,2059-12,2059,12,1.7538474969399556,12.549413654253712,-10.795566157313756
CCCma,CanESM5-CanOE,r1i1p2f1,gn,ssp585,2060-01,2060,1,4.802559686148117,13.251214035251524,-8.448654349103407
CCCma,CanESM5-CanOE,r1i1p2f1,gn,ssp585,2060-02,2060,2,7.4520503803026585,13.525822506334524,-6.073772126031866
CCCma,CanESM5-CanOE,r1i1p2f1,gn,ssp585,2060-03,2060,3,8.265228502617642,13.578188594924526,-5.312960092306884
CCCma,CanESM5-CanOE,r1i1p2f1,gn,ssp585,2060-04,2060,4,7.488636968191523,13.308599846758957,-5.819962878567434
CCCma,CanESM5-CanOE,r1i1p2f1,gn,ssp585,2060-05,2060,5,6.238051248538368,12.37052721770178,-6.132475969163411
CCCma,CanESM5-CanOE,r1i1p2f1,gn,ssp585,2060-06,2060,6,3.203272645019477,10.66865606616312,-7.465383421143643
CCCma,CanESM5-CanOE,r1i1p2f1,gn,ssp585,2060-07,2060,7,0.3695018865792795,8.636422928905555,-8.266921042326276
CCCma,CanESM5-CanOE,r1i1p2f1,gn,ssp585,2060-08,2060,8,0.03148886718280884,7.053040128520861,-7.021551261338052
CCCma,CanESM5-CanOE,r1i1p2f1,gn,ssp585,2060-09,2060,9,0.01807519981492894,7.297488990152345,-7.279413790337417
CCCma,CanESM5-CanOE,r1i1p2f1,gn,ssp585,2060-10,2060,10,0.08041732072745056,9.082488709358213,-9.002071388630762
CCCma,CanESM5-CanOE,r1i1p2f1,gn,ssp585,2060-11,2060,11,0.31481011307432677,11.086882795139545,-10.772072682065218
CCCma,CanESM5-CanOE,r1i1p2f1,gn,ssp585,2060-12,2060,12,1.2898107989564411,12.549413654253712,-11.25960285529727
CCCma,CanESM5-CanOE,r1i1p2f1,gn,ssp585,2061-01,2061,1,3.4942751168944874,13.251214035251524,-9.756938918357037
CCCma,CanESM5-CanOE,r1i1p2f1,gn,ssp585,2061-02,2061,2,5.924001809313281,13.525822506334524,-7.601820697021243
CCCma,CanESM5-CanOE,r1i1p2f1,gn,ssp585,2061-03,2061,3,7.713394097122903,13.578188594924526,-5.864794497801624
CCCma,CanESM5-CanOE,r1i1p2f1,gn,ssp585,2061-04,2061,4,7.680350302174863,13.308599846758957,-5.6282495445840945
CCCma,CanESM5-CanOE,r1i1p2f1,gn,ssp585,2061-05,2061,5,5.535316176064844,12.37052721770178,-6.835211041636935
CCCma,CanESM5-CanOE,r1i1p2f1,gn,ssp585,2061-06,2061,6,1.796063981814106,10.66865606616312,-8.872592084349014
CCCma,CanESM5-CanOE,r1i1p2f1,gn,ssp585,2061-07,2061,7,0.2470575406259658,8.636422928905555,-8.38936538827959
CCCma,CanESM5-CanOE,r1i1p2f1,gn,ssp585,2061-08,2061,8,0.02130334394086453,7.053040128520861,-7.031736784579996
CCCma,CanESM5-CanOE,r1i1p2f1,gn,ssp585,2061-09,2061,9,0.005742731213616344,7.297488990152345,-7.291746258938729
CCCma,CanESM5-CanOE,r1i1p2f1,gn,ssp585,2061-10,2061,10,0.1304666155502139,9.082488709358213,-8.952022093807999
CCCma,CanESM5-CanOE,r1i1p2f1,gn,ssp585,2061-11,2061,11,0.4668558572545672,11.086882795139545,-10.620026937884978
CCCma,CanESM5-CanOE,r1i1p2f1,gn,ssp585,2061-12,2061,12,1.9235636869283028,12.549413654253712,-10.62584996732541
CCCma,CanESM5-CanOE,r1i1p2f1,gn,ssp585,2062-01,2062,1,4.339534112929302,13.251214035251524,-8.911679922322222
CCCma,CanESM5-CanOE,r1i1p2f1,gn,ssp585,2062-02,2062,2,6.878803404827817,13.525822506334524,-6.647019101506707
CCCma,CanESM5-CanOE,r1i1p2f1,gn,ssp585,2062-03,2062,3,8.231390928453614,13.578188594924526,-5.346797666470913
CCCma,CanESM5-CanOE,r1i1p2f1,gn,ssp585,2062-04,2062,4,7.818083961346021,13.308599846758957,-5.490515885412936
CCCma,CanESM5-CanOE,r1i1p2f1,gn,ssp585,2062-05,2062,5,6.019927922401184,12.37052721770178,-6.350599295300595
CCCma,CanESM5-CanOE,r1i1p2f1,gn,ssp585,2062-06,2062,6,2.4016453871067216,10.66865606616312,-8.267010679056398
CCCma,CanESM5-CanOE,r1i1p2f1,gn,ssp585,2062-07,2062,7,0.2379432797217615,8.636422928905555,-8.398479649183793
CCCma,CanESM5-CanOE,r1i1p2f1,gn,ssp585,2062-08,2062,8,0.040918221108655076,7.053040128520861,-7.012121907412205
CCCma,CanESM5-CanOE,r1i1p2f1,gn,ssp585,2062-09,2062,9,0.0263200457977459,7.297488990152345,-7.271168944354599
CCCma,CanESM5-CanOE,r1i1p2f1,gn,ssp585,2062-10,2062,10,0.11190519287328637,9.082488709358213,-8.970583516484925
CCCma,CanESM5-CanOE,r1i1p2f1,gn,ssp585,2062-11,2062,11,0.42207452524136163,11.086882795139545,-10.664808269898183
CCCma,CanESM5-CanOE,r1i1p2f1,gn,ssp585,2062-12,2062,12,1.8939347419341344,12.549413654253712,-10.655478912319577
CCCma,CanESM5-CanOE,r1i1p2f1,gn,ssp585,2063-01,2063,1,4.793112689573588,13.251214035251524,-8.458101345677935
CCCma,CanESM5-CanOE,r1i1p2f1,gn,ssp585,2063-02,2063,2,7.575396635447877,13.525822506334524,-5.950425870886647
CCCma,CanESM5-CanOE,r1i1p2f1,gn,ssp585,2063-03,2063,3,8.193086142687147,13.578188594924526,-5.38510245223738
CCCma,CanESM5-CanOE,r1i1p2f1,gn,ssp585,2063-04,2063,4,7.603952806348998,13.308599846758957,-5.704647040409959
CCCma,CanESM5-CanOE,r1i1p2f1,gn,ssp585,2063-05,2063,5,6.246034646111216,12.37052721770178,-6.124492571590563
CCCma,CanESM5-CanOE,r1i1p2f1,gn,ssp585,2063-06,2063,6,3.3762862581536717,10.66865606616312,-7.292369808009449
CCCma,CanESM5-CanOE,r1i1p2f1,gn,ssp585,2063-07,2063,7,0.21043908165669792,8.636422928905555,-8.425983847248856
CCCma,CanESM5-CanOE,r1i1p2f1,gn,ssp585,2063-08,2063,8,0.010204301154245154,7.053040128520861,-7.042835827366615
CCCma,CanESM5-CanOE,r1i1p2f1,gn,ssp585,2063-09,2063,9,0.004827515377135483,7.297488990152345,-7.29266147477521
CCCma,CanESM5-CanOE,r1i1p2f1,gn,ssp585,2063-10,2063,10,0.0506602568034879,9.082488709358213,-9.031828452554725
CCCma,CanESM5-CanOE,r1i1p2f1,gn,ssp585,2063-11,2063,11,0.5449939005532713,11.086882795139545,-10.541888894586274
CCCma,CanESM5-CanOE,r1i1p2f1,gn,ssp585,2063-12,2063,12,2.529503856583359,12.549413654253712,-10.019909797670353
CCCma,CanESM5-CanOE,r1i1p2f1,gn,ssp585,2064-01,2064,1,5.41375811860493,13.251214035251524,-7.837455916646594
CCCma,CanESM5-CanOE,r1i1p2f1,gn,ssp585,2064-02,2064,2,7.750069362993109,13.525822506334524,-5.775753143341415
CCCma,CanESM5-CanOE,r1i1p2f1,gn,ssp585,2064-03,2064,3,8.215153567983839,13.578188594924526,-5.363035026940688
CCCma,CanESM5-CanOE,r1i1p2f1,gn,ssp585,2064-04,2064,4,7.357314554081385,13.308599846758957,-5.951285292677572
CCCma,CanESM5-CanOE,r1i1p2f1,gn,ssp585,2064-05,2064,5,5.362489972395967,12.37052721770178,-7.008037245305812
CCCma,CanESM5-CanOE,r1i1p2f1,gn,ssp585,2064-06,2064,6,2.565098764055291,10.66865606616312,-8.103557302107829
CCCma,CanESM5-CanOE,r1i1p2f1,gn,ssp585,2064-07,2064,7,0.26209245344944215,8.636422928905555,-8.374330475456112
CCCma,CanESM5-CanOE,r1i1p2f1,gn,ssp585,2064-08,2064,8,0.0023939268763060336,7.053040128520861,-7.050646201644555
CCCma,CanESM5-CanOE,r1i1p2f1,gn,ssp585,2064-09,2064,9,0.0009950859166634443,7.297488990152345,-7.296493904235682
CCCma,CanESM5-CanOE,r1i1p2f1,gn,ssp585,2064-10,2064,10,0.05037444865010695,9.082488709358213,-9.032114260708106
CCCma,CanESM5-CanOE,r1i1p2f1,gn,ssp585,2064-11,2064,11,0.32005572770849866,11.086882795139545,-10.766827067431047
CCCma,CanESM5-CanOE,r1i1p2f1,gn,ssp585,2064-12,2064,12,2.3976911355367854,12.549413654253712,-10.151722518716927
CCCma,CanESM5-CanOE,r1i1p2f1,gn,ssp585,2065-01,2065,1,4.925715812321422,13.251214035251524,-8.3254982229301
CCCma,CanESM5-CanOE,r1i1p2f1,gn,ssp585,2065-02,2065,2,7.395062552461476,13.525822506334524,-6.130759953873048
CCCma,CanESM5-CanOE,r1i1p2f1,gn,ssp585,2065-03,2065,3,8.058138054984632,13.578188594924526,-5.520050539939895
CCCma,CanESM5-CanOE,r1i1p2f1,gn,ssp585,2065-04,2065,4,7.658340730793702,13.308599846758957,-5.650259115965255
CCCma,CanESM5-CanOE,r1i1p2f1,gn,ssp585,2065-05,2065,5,5.992479042137096,12.37052721770178,-6.378048175564683
CCCma,CanESM5-CanOE,r1i1p2f1,gn,ssp585,2065-06,2065,6,2.037832251576593,10.66865606616312,-8.630823814586527
CCCma,CanESM5-CanOE,r1i1p2f1,gn,ssp585,2065-07,2065,7,0.1864725385690771,8.636422928905555,-8.449950390336477
CCCma,CanESM5-CanOE,r1i1p2f1,gn,ssp585,2065-08,2065,8,0.020623234944899278,7.053040128520861,-7.032416893575961
CCCma,CanESM5-CanOE,r1i1p2f1,gn,ssp585,2065-09,2065,9,0.0030310175040030945,7.297488990152345,-7.294457972648343
CCCma,CanESM5-CanOE,r1i1p2f1,gn,ssp585,2065-10,2065,10,0.08542519669979648,9.082488709358213,-8.997063512658416
CCCma,CanESM5-CanOE,r1i1p2f1,gn,ssp585,2065-11,2065,11,0.44047865969865085,11.086882795139545,-10.646404135440894
CCCma,CanESM5-CanOE,r1i1p2f1,gn,ssp585,2065-12,2065,12,1.6378554620755503,12.549413654253712,-10.911558192178163
CCCma,CanESM5-CanOE,r1i1p2f1,gn,ssp585,2066-01,2066,1,3.916651160570546,13.251214035251524,-9.334562874680977
CCCma,CanESM5-CanOE,r1i1p2f1,gn,ssp585,2066-02,2066,2,5.765317604595748,13.525822506334524,-7.760504901738776
CCCma,CanESM5-CanOE,r1i1p2f1,gn,ssp585,2066-03,2066,3,7.227656613496478,13.578188594924526,-6.350531981428048
CCCma,CanESM5-CanOE,r1i1p2f1,gn,ssp585,2066-04,2066,4,6.732047607875164,13.308599846758957,-6.576552238883793
CCCma,CanESM5-CanOE,r1i1p2f1,gn,ssp585,2066-05,2066,5,4.772347560655028,12.37052721770178,-7.598179657046751
CCCma,CanESM5-CanOE,r1i1p2f1,gn,ssp585,2066-06,2066,6,1.5073375540859273,10.66865606616312,-9.161318512077193
CCCma,CanESM5-CanOE,r1i1p2f1,gn,ssp585,2066-07,2066,7,0.21993798166767056,8.636422928905555,-8.416484947237883
CCCma,CanESM5-CanOE,r1i1p2f1,gn,ssp585,2066-08,2066,8,0.01695940127729248,7.053040128520861,-7.036080727243569
CCCma,CanESM5-CanOE,r1i1p2f1,gn,ssp585,2066-09,2066,9,0.0012970720298983575,7.297488990152345,-7.296191918122447
CCCma,CanESM5-CanOE,r1i1p2f1,gn,ssp585,2066-10,2066,10,0.05050554409687025,9.082488709358213,-9.031983165261343
CCCma,CanESM5-CanOE,r1i1p2f1,gn,ssp585,2066-11,2066,11,0.20903303178046606,11.086882795139545,-10.877849763359078
CCCma,CanESM5-CanOE,r1i1p2f1,gn,ssp585,2066-12,2066,12,1.1040576977049532,12.549413654253712,-11.44535595654876
CCCma,CanESM5-CanOE,r1i1p2f1,gn,ssp585,2067-01,2067,1,2.6818073729575214,13.251214035251524,-10.569406662294002
CCCma,CanESM5-CanOE,r1i1p2f1,gn,ssp585,2067-02,2067,2,4.631008385879354,13.525822506334524,-8.89481412045517
CCCma,CanESM5-CanOE,r1i1p2f1,gn,ssp585,2067-03,2067,3,6.423023719565881,13.578188594924526,-7.155164875358645
CCCma,CanESM5-CanOE,r1i1p2f1,gn,ssp585,2067-04,2067,4,6.173617365907453,13.308599846758957,-7.134982480851504
CCCma,CanESM5-CanOE,r1i1p2f1,gn,ssp585,2067-05,2067,5,3.838342444545592,12.37052721770178,-8.532184773156187
CCCma,CanESM5-CanOE,r1i1p2f1,gn,ssp585,2067-06,2067,6,0.7766890139232253,10.66865606616312,-9.891967052239895
CCCma,CanESM5-CanOE,r1i1p2f1,gn,ssp585,2067-07,2067,7,0.05766701418689686,8.636422928905555,-8.578755914718657
CCCma,CanESM5-CanOE,r1i1p2f1,gn,ssp585,2067-08,2067,8,0.0006788369571376586,7.053040128520861,-7.052361291563723
CCCma,CanESM5-CanOE,r1i1p2f1,gn,ssp585,2067-09,2067,9,0.0,7.297488990152345,-7.297488990152345
CCCma,CanESM5-CanOE,r1i1p2f1,gn,ssp585,2067-10,2067,10,0.025465439410873692,9.082488709358213,-9.057023269947338
CCCma,CanESM5-CanOE,r1i1p2f1,gn,ssp585,2067-11,2067,11,0.14178621321548565,11.086882795139545,-10.945096581924059
CCCma,CanESM5-CanOE,r1i1p2f1,gn,ssp585,2067-12,2067,12,1.0180027481863432,12.549413654253712,-11.531410906067368
CCCma,CanESM5-CanOE,r1i1p2f1,gn,ssp585,2068-01,2068,1,2.634169203501004,13.251214035251524,-10.617044831750519
CCCma,CanESM5-CanOE,r1i1p2f1,gn,ssp585,2068-02,2068,2,4.0843310442345,13.525822506334524,-9.441491462100025
CCCma,CanESM5-CanOE,r1i1p2f1,gn,ssp585,2068-03,2068,3,5.817321850949676,13.578188594924526,-7.760866743974851
CCCma,CanESM5-CanOE,r1i1p2f1,gn,ssp585,2068-04,2068,4,6.102414818340666,13.308599846758957,-7.206185028418291
CCCma,CanESM5-CanOE,r1i1p2f1,gn,ssp585,2068-05,2068,5,3.8604482249123255,12.37052721770178,-8.510078992789454
CCCma,CanESM5-CanOE,r1i1p2f1,gn,ssp585,2068-06,2068,6,0.9758654221739111,10.66865606616312,-9.692790643989209
CCCma,CanESM5-CanOE,r1i1p2f1,gn,ssp585,2068-07,2068,7,0.030976601319599877,8.636422928905555,-8.605446327585955
CCCma,CanESM5-CanOE,r1i1p2f1,gn,ssp585,2068-08,2068,8,0.000350920786146774,7.053040128520861,-7.052689207734714
CCCma,CanESM5-CanOE,r1i1p2f1,gn,ssp585,2068-09,2068,9,0.0,7.297488990152345,-7.297488990152345
CCCma,CanESM5-CanOE,r1i1p2f1,gn,ssp585,2068-10,2068,10,0.01879183663913731,9.082488709358213,-9.063696872719076
CCCma,CanESM5-CanOE,r1i1p2f1,gn,ssp585,2068-11,2068,11,0.09417415385503286,11.086882795139545,-10.992708641284512
CCCma,CanESM5-CanOE,r1i1p2f1,gn,ssp585,2068-12,2068,12,0.876672145282659,12.549413654253712,-11.672741508971052
CCCma,CanESM5-CanOE,r1i1p2f1,gn,ssp585,2069-01,2069,1,2.550009918521509,13.251214035251524,-10.701204116730015
CCCma,CanESM5-CanOE,r1i1p2f1,gn,ssp585,2069-02,2069,2,4.508441785572399,13.525822506334524,-9.017380720762127
CCCma,CanESM5-CanOE,r1i1p2f1,gn,ssp585,2069-03,2069,3,6.115372235961103,13.578188594924526,-7.4628163589634235
CCCma,CanESM5-CanOE,r1i1p2f1,gn,ssp585,2069-04,2069,4,6.036844802138149,13.308599846758957,-7.271755044620808
CCCma,CanESM5-CanOE,r1i1p2f1,gn,ssp585,2069-05,2069,5,3.426663997745893,12.37052721770178,-8.943863219955887
CCCma,CanESM5-CanOE,r1i1p2f1,gn,ssp585,2069-06,2069,6,0.8526133483302771,10.66865606616312,-9.816042717832843
CCCma,CanESM5-CanOE,r1i1p2f1,gn,ssp585,2069-07,2069,7,0.05740558674106035,8.636422928905555,-8.579017342164494
CCCma,CanESM5-CanOE,r1i1p2f1,gn,ssp585,2069-08,2069,8,0.0,7.053040128520861,-7.053040128520861
CCCma,CanESM5-CanOE,r1i1p2f1,gn,ssp585,2069-09,2069,9,5.3012439599307754e-05,7.297488990152345,-7.297435977712746
CCCma,CanESM5-CanOE,r1i1p2f1,gn,ssp585,2069-10,2069,10,0.028326849232987842,9.082488709358213,-9.054161860125225
CCCma,CanESM5-CanOE,r1i1p2f1,gn,ssp585,2069-11,2069,11,0.10891363906197231,11.086882795139545,-10.977969156077572
CCCma,CanESM5-CanOE,r1i1p2f1,gn,ssp585,2069-12,2069,12,0.8496454628237927,12.549413654253712,-11.69976819142992
CCCma,CanESM5-CanOE,r1i1p2f1,gn,ssp585,2070-01,2070,1,2.604685725819077,13.251214035251524,-10.646528309432446
CCCma,CanESM5-CanOE,r1i1p2f1,gn,ssp585,2070-02,2070,2,4.102953863746034,13.525822506334524,-9.42286864258849
CCCma,CanESM5-CanOE,r1i1p2f1,gn,ssp585,2070-03,2070,3,5.431709074482883,13.578188594924526,-8.146479520441645
CCCma,CanESM5-CanOE,r1i1p2f1,gn,ssp585,2070-04,2070,4,5.174558363356928,13.308599846758957,-8.13404148340203
CCCma,CanESM5-CanOE,r1i1p2f1,gn,ssp585,2070-05,2070,5,3.0289029630724364,12.37052721770178,-9.341624254629343
CCCma,CanESM5-CanOE,r1i1p2f1,gn,ssp585,2070-06,2070,6,0.8999069185926114,10.66865606616312,-9.768749147570508
CCCma,CanESM5-CanOE,r1i1p2f1,gn,ssp585,2070-07,2070,7,0.1373064672521267,8.636422928905555,-8.499116461653427
CCCma,CanESM5-CanOE,r1i1p2f1,gn,ssp585,2070-08,2070,8,0.004302127642176562,7.053040128520861,-7.048738000878684
CCCma,CanESM5-CanOE,r1i1p2f1,gn,ssp585,2070-09,2070,9,0.0,7.297488990152345,-7.297488990152345
CCCma,CanESM5-CanOE,r1i1p2f1,gn,ssp585,2070-10,2070,10,0.021253581776446442,9.082488709358213,-9.061235127581766
CCCma,CanESM5-CanOE,r1i1p2f1,gn,ssp585,2070-11,2070,11,0.22433609689365905,11.086882795139545,-10.862546698245886
CCCma,CanESM5-CanOE,r1i1p2f1,gn,ssp585,2070-12,2070,12,0.9665720705644091,12.549413654253712,-11.582841583689303
CCCma,CanESM5-CanOE,r1i1p2f1,gn,ssp585,2071-01,2071,1,2.6984873157339933,13.251214035251524,-10.55272671951753
CCCma,CanESM5-CanOE,r1i1p2f1,gn,ssp585,2071-02,2071,2,4.093441796481589,13.525822506334524,-9.432380709852936
CCCma,CanESM5-CanOE,r1i1p2f1,gn,ssp585,2071-03,2071,3,5.498378524092037,13.578188594924526,-8.07981007083249
CCCma,CanESM5-CanOE,r1i1p2f1,gn,ssp585,2071-04,2071,4,5.02266094141997,13.308599846758957,-8.285938905338988
CCCma,CanESM5-CanOE,r1i1p2f1,gn,ssp585,2071-05,2071,5,2.7379145389807817,12.37052721770178,-9.632612678720998
CCCma,CanESM5-CanOE,r1i1p2f1,gn,ssp585,2071-06,2071,6,0.8948808128446402,10.66865606616312,-9.77377525331848
CCCma,CanESM5-CanOE,r1i1p2f1,gn,ssp585,2071-07,2071,7,0.13179673173031597,8.636422928905555,-8.504626197175238
CCCma,CanESM5-CanOE,r1i1p2f1,gn,ssp585,2071-08,2071,8,0.012345655394887037,7.053040128520861,-7.040694473125974
CCCma,CanESM5-CanOE,r1i1p2f1,gn,ssp585,2071-09,2071,9,0.003804667537343686,7.297488990152345,-7.293684322615002
CCCma,CanESM5-CanOE,r1i1p2f1,gn,ssp585,2071-10,2071,10,0.047513673647221456,9.082488709358213,-9.03497503571099
CCCma,CanESM5-CanOE,r1i1p2f1,gn,ssp585,2071-11,2071,11,0.193394511898319,11.086882795139545,-10.893488283241226
CCCma,CanESM5-CanOE,r1i1p2f1,gn,ssp585,2071-12,2071,12,1.0330874047874967,12.549413654253712,-11.516326249466216
CCCma,CanESM5-CanOE,r1i1p2f1,gn,ssp585,2072-01,2072,1,2.522783788513847,13.251214035251524,-10.728430246737677
CCCma,CanESM5-CanOE,r1i1p2f1,gn,ssp585,2072-02,2072,2,3.9660984038880707,13.525822506334524,-9.559724102446454
CCCma,CanESM5-CanOE,r1i1p2f1,gn,ssp585,2072-03,2072,3,5.601371853880987,13.578188594924526,-7.97681674104354
CCCma,CanESM5-CanOE,r1i1p2f1,gn,ssp585,2072-04,2072,4,5.30736989647071,13.308599846758957,-8.001229950288248
CCCma,CanESM5-CanOE,r1i1p2f1,gn,ssp585,2072-05,2072,5,2.9661323381326694,12.37052721770178,-9.40439487956911
CCCma,CanESM5-CanOE,r1i1p2f1,gn,ssp585,2072-06,2072,6,0.7063131456418074,10.66865606616312,-9.962342920521312
CCCma,CanESM5-CanOE,r1i1p2f1,gn,ssp585,2072-07,2072,7,0.02158551789600221,8.636422928905555,-8.614837411009553
CCCma,CanESM5-CanOE,r1i1p2f1,gn,ssp585,2072-08,2072,8,0.0,7.053040128520861,-7.053040128520861
CCCma,CanESM5-CanOE,r1i1p2f1,gn,ssp585,2072-09,2072,9,0.0,7.297488990152345,-7.297488990152345
CCCma,CanESM5-CanOE,r1i1p2f1,gn,ssp585,2072-10,2072,10,0.013848627811210731,9.082488709358213,-9.068640081547002
CCCma,CanESM5-CanOE,r1i1p2f1,gn,ssp585,2072-11,2072,11,0.07530754553351142,11.086882795139545,-11.011575249606032
CCCma,CanESM5-CanOE,r1i1p2f1,gn,ssp585,2072-12,2072,12,0.6962141613150805,12.549413654253712,-11.853199492938632
CCCma,CanESM5-CanOE,r1i1p2f1,gn,ssp585,2073-01,2073,1,2.4464340551526322,13.251214035251524,-10.80477998009889
CCCma,CanESM5-CanOE,r1i1p2f1,gn,ssp585,2073-02,2073,2,3.9253150877564167,13.525822506334524,-9.600507418578108
CCCma,CanESM5-CanOE,r1i1p2f1,gn,ssp585,2073-03,2073,3,5.013777871956226,13.578188594924526,-8.5644107229683
CCCma,CanESM5-CanOE,r1i1p2f1,gn,ssp585,2073-04,2073,4,4.78929419432983,13.308599846758957,-8.519305652429127
CCCma,CanESM5-CanOE,r1i1p2f1,gn,ssp585,2073-05,2073,5,2.8227174473154757,12.37052721770178,-9.547809770386303
CCCma,CanESM5-CanOE,r1i1p2f1,gn,ssp585,2073-06,2073,6,0.6130692101023227,10.66865606616312,-10.055586856060797
CCCma,CanESM5-CanOE,r1i1p2f1,gn,ssp585,2073-07,2073,7,0.00743800845899016,8.636422928905555,-8.628984920446564
CCCma,CanESM5-CanOE,r1i1p2f1,gn,ssp585,2073-08,2073,8,0.0,7.053040128520861,-7.053040128520861
CCCma,CanESM5-CanOE,r1i1p2f1,gn,ssp585,2073-09,2073,9,0.0,7.297488990152345,-7.297488990152345
CCCma,CanESM5-CanOE,r1i1p2f1,gn,ssp585,2073-10,2073,10,0.01717645179459892,9.082488709358213,-9.065312257563614
CCCma,CanESM5-CanOE,r1i1p2f1,gn,ssp585,2073-11,2073,11,0.08888847242008219,11.086882795139545,-10.997994322719462
CCCma,CanESM5-CanOE,r1i1p2f1,gn,ssp585,2073-12,2073,12,0.7271285913996633,12.549413654253712,-11.822285062854048
CCCma,CanESM5-CanOE,r1i1p2f1,gn,ssp585,2074-01,2074,1,2.402219317956211,13.251214035251524,-10.848994717295312
CCCma,CanESM5-CanOE,r1i1p2f1,gn,ssp585,2074-02,2074,2,3.942328271633014,13.525822506334524,-9.58349423470151
CCCma,CanESM5-CanOE,r1i1p2f1,gn,ssp585,2074-03,2074,3,5.030082174613675,13.578188594924526,-8.548106420310852
CCCma,CanESM5-CanOE,r1i1p2f1,gn,ssp585,2074-04,2074,4,4.78941187227475,13.308599846758957,-8.519187974484208
CCCma,CanESM5-CanOE,r1i1p2f1,gn,ssp585,2074-05,2074,5,2.622158335524411,12.37052721770178,-9.748368882177369
CCCma,CanESM5-CanOE,r1i1p2f1,gn,ssp585,2074-06,2074,6,0.6850568270725246,10.66865606616312,-9.983599239090594
CCCma,CanESM5-CanOE,r1i1p2f1,gn,ssp585,2074-07,2074,7,0.08087764047307182,8.636422928905555,-8.555545288432484
CCCma,CanESM5-CanOE,r1i1p2f1,gn,ssp585,2074-08,2074,8,0.015551976192256596,7.053040128520861,-7.037488152328605
CCCma,CanESM5-CanOE,r1i1p2f1,gn,ssp585,2074-09,2074,9,0.004291551975759831,7.297488990152345,-7.293197438176586
CCCma,CanESM5-CanOE,r1i1p2f1,gn,ssp585,2074-10,2074,10,0.016379435776615176,9.082488709358213,-9.066109273581597
CCCma,CanESM5-CanOE,r1i1p2f1,gn,ssp585,2074-11,2074,11,0.08948423194382821,11.086882795139545,-10.997398563195716
CCCma,CanESM5-CanOE,r1i1p2f1,gn,ssp585,2074-12,2074,12,0.6000467651406212,12.549413654253712,-11.94936688911309
CCCma,CanESM5-CanOE,r1i1p2f1,gn,ssp585,2075-01,2075,1,2.129075186650674,13.251214035251524,-11.12213884860085
CCCma,CanESM5-CanOE,r1i1p2f1,gn,ssp585,2075-02,2075,2,3.5545406828442268,13.525822506334524,-9.971281823490298
CCCma,CanESM5-CanOE,r1i1p2f1,gn,ssp585,2075-03,2075,3,4.471234407052893,13.578188594924526,-9.106954187871633
CCCma,CanESM5-CanOE,r1i1p2f1,gn,ssp585,2075-04,2075,4,4.200688329922973,13.308599846758957,-9.107911516835983
CCCma,CanESM5-CanOE,r1i1p2f1,gn,ssp585,2075-05,2075,5,2.5432093038254444,12.37052721770178,-9.827317913876335
CCCma,CanESM5-CanOE,r1i1p2f1,gn,ssp585,2075-06,2075,6,0.42437191811487124,10.66865606616312,-10.244284148048248
CCCma,CanESM5-CanOE,r1i1p2f1,gn,ssp585,2075-07,2075,7,0.0028286649258383633,8.636422928905555,-8.633594263979717
CCCma,CanESM5-CanOE,r1i1p2f1,gn,ssp585,2075-08,2075,8,0.00021785185942015868,7.053040128520861,-7.05282227666144
CCCma,CanESM5-CanOE,r1i1p2f1,gn,ssp585,2075-09,2075,9,0.0,7.297488990152345,-7.297488990152345
CCCma,CanESM5-CanOE,r1i1p2f1,gn,ssp585,2075-10,2075,10,0.004324349277121835,9.082488709358213,-9.078164360081091
CCCma,CanESM5-CanOE,r1i1p2f1,gn,ssp585,2075-11,2075,11,0.11997258091346313,11.086882795139545,-10.96691021422608
CCCma,CanESM5-CanOE,r1i1p2f1,gn,ssp585,2075-12,2075,12,0.6548713402272764,12.549413654253712,-11.894542314026436
CCCma,CanESM5-CanOE,r1i1p2f1,gn,ssp585,2076-01,2076,1,2.0930963528367768,13.251214035251524,-11.158117682414748
CCCma,CanESM5-CanOE,r1i1p2f1,gn,ssp585,2076-02,2076,2,3.873201578809811,13.525822506334524,-9.652620927524714
CCCma,CanESM5-CanOE,r1i1p2f1,gn,ssp585,2076-03,2076,3,5.044149991942757,13.578188594924526,-8.53403860298177
CCCma,CanESM5-CanOE,r1i1p2f1,gn,ssp585,2076-04,2076,4,4.593138440565291,13.308599846758957,-8.715461406193667
CCCma,CanESM5-CanOE,r1i1p2f1,gn,ssp585,2076-05,2076,5,2.5208143111080235,12.37052721770178,-9.849712906593755
CCCma,CanESM5-CanOE,r1i1p2f1,gn,ssp585,2076-06,2076,6,0.46406122252459936,10.66865606616312,-10.204594843638521
CCCma,CanESM5-CanOE,r1i1p2f1,gn,ssp585,2076-07,2076,7,0.003555561441407842,8.636422928905555,-8.632867367464147
CCCma,CanESM5-CanOE,r1i1p2f1,gn,ssp585,2076-08,2076,8,0.0,7.053040128520861,-7.053040128520861
CCCma,CanESM5-CanOE,r1i1p2f1,gn,ssp585,2076-09,2076,9,0.0,7.297488990152345,-7.297488990152345
CCCma,CanESM5-CanOE,r1i1p2f1,gn,ssp585,2076-10,2076,10,0.007412537429980968,9.082488709358213,-9.075076171928231
CCCma,CanESM5-CanOE,r1i1p2f1,gn,ssp585,2076-11,2076,11,0.04620292564814865,11.086882795139545,-11.040679869491395
CCCma,CanESM5-CanOE,r1i1p2f1,gn,ssp585,2076-12,2076,12,0.38828888448887705,12.549413654253712,-12.161124769764834
CCCma,CanESM5-CanOE,r1i1p2f1,gn,ssp585,2077-01,2077,1,1.6022493956291923,13.251214035251524,-11.648964639622331
CCCma,CanESM5-CanOE,r1i1p2f1,gn,ssp585,2077-02,2077,2,3.1211465985003577,13.525822506334524,-10.404675907834166
CCCma,CanESM5-CanOE,r1i1p2f1,gn,ssp585,2077-03,2077,3,3.901815832576159,13.578188594924526,-9.676372762348368
CCCma,CanESM5-CanOE,r1i1p2f1,gn,ssp585,2077-04,2077,4,3.494804806805397,13.308599846758957,-9.813795039953561
CCCma,CanESM5-CanOE,r1i1p2f1,gn,ssp585,2077-05,2077,5,2.0421383874005103,12.37052721770178,-10.328388830301268
CCCma,CanESM5-CanOE,r1i1p2f1,gn,ssp585,2077-06,2077,6,0.34931141769800783,10.66865606616312,-10.319344648465112
CCCma,CanESM5-CanOE,r1i1p2f1,gn,ssp585,2077-07,2077,7,0.010333463018021865,8.636422928905555,-8.626089465887533
CCCma,CanESM5-CanOE,r1i1p2f1,gn,ssp585,2077-08,2077,8,0.0002949667926793701,7.053040128520861,-7.052745161728182
CCCma,CanESM5-CanOE,r1i1p2f1,gn,ssp585,2077-09,2077,9,0.0,7.297488990152345,-7.297488990152345
CCCma,CanESM5-CanOE,r1i1p2f1,gn,ssp585,2077-10,2077,10,0.0023722911944502353,9.082488709358213,-9.080116418163762
CCCma,CanESM5-CanOE,r1i1p2f1,gn,ssp585,2077-11,2077,11,0.021512163178928786,11.086882795139545,-11.065370631960615
CCCma,CanESM5-CanOE,r1i1p2f1,gn,ssp585,2077-12,2077,12,0.30285686496049585,12.549413654253712,-12.246556789293216
CCCma,CanESM5-CanOE,r1i1p2f1,gn,ssp585,2078-01,2078,1,1.2692103736594078,13.251214035251524,-11.982003661592115
CCCma,CanESM5-CanOE,r1i1p2f1,gn,ssp585,2078-02,2078,2,2.4533059057361015,13.525822506334524,-11.072516600598423
CCCma,CanESM5-CanOE,r1i1p2f1,gn,ssp585,2078-03,2078,3,3.14766628388905,13.578188594924526,-10.430522311035476
CCCma,CanESM5-CanOE,r1i1p2f1,gn,ssp585,2078-04,2078,4,2.9805898747653248,13.308599846758957,-10.328009971993632
CCCma,CanESM5-CanOE,r1i1p2f1,gn,ssp585,2078-05,2078,5,1.6851166998401643,12.37052721770178,-10.685410517861616
CCCma,CanESM5-CanOE,r1i1p2f1,gn,ssp585,2078-06,2078,6,0.34283652833806744,10.66865606616312,-10.325819537825053
CCCma,CanESM5-CanOE,r1i1p2f1,gn,ssp585,2078-07,2078,7,0.011261478218662715,8.636422928905555,-8.625161450686893
CCCma,CanESM5-CanOE,r1i1p2f1,gn,ssp585,2078-08,2078,8,0.001633506953089617,7.053040128520861,-7.0514066215677715
CCCma,CanESM5-CanOE,r1i1p2f1,gn,ssp585,2078-09,2078,9,4.3128292777317504e-05,7.297488990152345,-7.297445861859568
CCCma,CanESM5-CanOE,r1i1p2f1,gn,ssp585,2078-10,2078,10,0.0008036443033429017,9.082488709358213,-9.08168506505487
CCCma,CanESM5-CanOE,r1i1p2f1,gn,ssp585,2078-11,2078,11,0.04240891005160596,11.086882795139545,-11.044473885087939
CCCma,CanESM5-CanOE,r1i1p2f1,gn,ssp585,2078-12,2078,12,0.2620112829944148,12.549413654253712,-12.287402371259297
CCCma,CanESM5-CanOE,r1i1p2f1,gn,ssp585,2079-01,2079,1,1.499973378876107,13.251214035251524,-11.751240656375417
CCCma,CanESM5-CanOE,r1i1p2f1,gn,ssp585,2079-02,2079,2,3.0163919836195507,13.525822506334524,-10.509430522714974
CCCma,CanESM5-CanOE,r1i1p2f1,gn,ssp585,2079-03,2079,3,3.669982227937627,13.578188594924526,-9.9082063669869
CCCma,CanESM5-CanOE,r1i1p2f1,gn,ssp585,2079-04,2079,4,3.0600770480073223,13.308599846758957,-10.248522798751635
CCCma,CanESM5-CanOE,r1i1p2f1,gn,ssp585,2079-05,2079,5,1.7561993566250587,12.37052721770178,-10.61432786107672
CCCma,CanESM5-CanOE,r1i1p2f1,gn,ssp585,2079-06,2079,6,0.3231490485760736,10.66865606616312,-10.345507017587046
CCCma,CanESM5-CanOE,r1i1p2f1,gn,ssp585,2079-07,2079,7,0.003447625861677738,8.636422928905555,-8.632975303043876
CCCma,CanESM5-CanOE,r1i1p2f1,gn,ssp585,2079-08,2079,8,0.0,7.053040128520861,-7.053040128520861
CCCma,CanESM5-CanOE,r1i1p2f1,gn,ssp585,2079-09,2079,9,0.0,7.297488990152345,-7.297488990152345
CCCma,CanESM5-CanOE,r1i1p2f1,gn,ssp585,2079-10,2079,10,0.0,9.082488709358213,-9.082488709358213
CCCma,CanESM5-CanOE,r1i1p2f1,gn,ssp585,2079-11,2079,11,0.009472393955587575,11.086882795139545,-11.077410401183958
CCCma,CanESM5-CanOE,r1i1p2f1,gn,ssp585,2079-12,2079,12,0.21907766263546408,12.549413654253712,-12.330335991618249
CCCma,CanESM5-CanOE,r1i1p2f1,gn,ssp585,2080-01,2080,1,1.1298239183517236,13.251214035251524,-12.1213901168998
CCCma,CanESM5-CanOE,r1i1p2f1,gn,ssp585,2080-02,2080,2,2.333917370688215,13.525822506334524,-11.191905135646309
CCCma,CanESM5-CanOE,r1i1p2f1,gn,ssp585,2080-03,2080,3,3.2114580546971148,13.578188594924526,-10.366730540227412
CCCma,CanESM5-CanOE,r1i1p2f1,gn,ssp585,2080-04,2080,4,2.894049817414917,13.308599846758957,-10.41455002934404
CCCma,CanESM5-CanOE,r1i1p2f1,gn,ssp585,2080-05,2080,5,1.208183224820323,12.37052721770178,-11.162343992881457
CCCma,CanESM5-CanOE,r1i1p2f1,gn,ssp585,2080-06,2080,6,0.18051690717685948,10.66865606616312,-10.488139158986261
CCCma,CanESM5-CanOE,r1i1p2f1,gn,ssp585,2080-07,2080,7,0.0073933904919532495,8.636422928905555,-8.6290295384136
CCCma,CanESM5-CanOE,r1i1p2f1,gn,ssp585,2080-08,2080,8,0.0003108321582652734,7.053040128520861,-7.052729296362595
CCCma,CanESM5-CanOE,r1i1p2f1,gn,ssp585,2080-09,2080,9,0.0,7.297488990152345,-7.297488990152345
CCCma,CanESM5-CanOE,r1i1p2f1,gn,ssp585,2080-10,2080,10,0.000902154350363316,9.082488709358213,-9.08158655500785
CCCma,CanESM5-CanOE,r1i1p2f1,gn,ssp585,2080-11,2080,11,0.049160022206656884,11.086882795139545,-11.037722772932888
CCCma,CanESM5-CanOE,r1i1p2f1,gn,ssp585,2080-12,2080,12,0.3034046512399293,12.549413654253712,-12.246009003013782
CCCma,CanESM5-CanOE,r1i1p2f1,gn,ssp585,2081-01,2081,1,1.4865740735938235,13.251214035251524,-11.7646399616577
CCCma,CanESM5-CanOE,r1i1p2f1,gn,ssp585,2081-02,2081,2,2.9481090449858507,13.525822506334524,-10.577713461348674
CCCma,CanESM5-CanOE,r1i1p2f1,gn,ssp585,2081-03,2081,3,3.58900931599108,13.578188594924526,-9.989179278933447
CCCma,CanESM5-CanOE,r1i1p2f1,gn,ssp585,2081-04,2081,4,3.344211335868619,13.308599846758957,-9.964388510890338
CCCma,CanESM5-CanOE,r1i1p2f1,gn,ssp585,2081-05,2081,5,1.8204958193225302,12.37052721770178,-10.550031398379248
CCCma,CanESM5-CanOE,r1i1p2f1,gn,ssp585,2081-06,2081,6,0.24974084510239627,10.66865606616312,-10.418915221060724
CCCma,CanESM5-CanOE,r1i1p2f1,gn,ssp585,2081-07,2081,7,0.003970310919407866,8.636422928905555,-8.632452617986146
CCCma,CanESM5-CanOE,r1i1p2f1,gn,ssp585,2081-08,2081,8,1.699321789917282e-05,7.053040128520861,-7.053023135302961
CCCma,CanESM5-CanOE,r1i1p2f1,gn,ssp585,2081-09,2081,9,0.0,7.297488990152345,-7.297488990152345
CCCma,CanESM5-CanOE,r1i1p2f1,gn,ssp585,2081-10,2081,10,0.0016370365095001477,9.082488709358213,-9.080851672848713
CCCma,CanESM5-CanOE,r1i1p2f1,gn,ssp585,2081-11,2081,11,0.06290684961864901,11.086882795139545,-11.023975945520895
CCCma,CanESM5-CanOE,r1i1p2f1,gn,ssp585,2081-12,2081,12,0.37260024128131025,12.549413654253712,-12.176813412972402
CCCma,CanESM5-CanOE,r1i1p2f1,gn,ssp585,2082-01,2082,1,1.7626095526766392,13.251214035251524,-11.488604482574884
CCCma,CanESM5-CanOE,r1i1p2f1,gn,ssp585,2082-02,2082,2,2.740848737340153,13.525822506334524,-10.784973768994371
CCCma,CanESM5-CanOE,r1i1p2f1,gn,ssp585,2082-03,2082,3,3.5243504717427685,13.578188594924526,-10.053838123181759
CCCma,CanESM5-CanOE,r1i1p2f1,gn,ssp585,2082-04,2082,4,3.2772454579089376,13.308599846758957,-10.03135438885002
CCCma,CanESM5-CanOE,r1i1p2f1,gn,ssp585,2082-05,2082,5,1.9694813360616048,12.37052721770178,-10.401045881640174
CCCma,CanESM5-CanOE,r1i1p2f1,gn,ssp585,2082-06,2082,6,0.3551601316328656,10.66865606616312,-10.313495934530254
CCCma,CanESM5-CanOE,r1i1p2f1,gn,ssp585,2082-07,2082,7,0.01266887534963346,8.636422928905555,-8.62375405355592
CCCma,CanESM5-CanOE,r1i1p2f1,gn,ssp585,2082-08,2082,8,0.000389585148868109,7.053040128520861,-7.052650543371993
CCCma,CanESM5-CanOE,r1i1p2f1,gn,ssp585,2082-09,2082,9,0.0,7.297488990152345,-7.297488990152345
CCCma,CanESM5-CanOE,r1i1p2f1,gn,ssp585,2082-10,2082,10,0.0,9.082488709358213,-9.082488709358213
CCCma,CanESM5-CanOE,r1i1p2f1,gn,ssp585,2082-11,2082,11,0.04466708918414268,11.086882795139545,-11.042215705955401
CCCma,CanESM5-CanOE,r1i1p2f1,gn,ssp585,2082-12,2082,12,0.29785090700407835,12.549413654253712,-12.251562747249634
CCCma,CanESM5-CanOE,r1i1p2f1,gn,ssp585,2083-01,2083,1,1.4880296584270691,13.251214035251524,-11.763184376824455
CCCma,CanESM5-CanOE,r1i1p2f1,gn,ssp585,2083-02,2083,2,2.656049826994714,13.525822506334524,-10.86977267933981
CCCma,CanESM5-CanOE,r1i1p2f1,gn,ssp585,2083-03,2083,3,3.484196722359604,13.578188594924526,-10.093991872564922
CCCma,CanESM5-CanOE,r1i1p2f1,gn,ssp585,2083-04,2083,4,3.079752508283994,13.308599846758957,-10.228847338474964
CCCma,CanESM5-CanOE,r1i1p2f1,gn,ssp585,2083-05,2083,5,1.6835638585462787,12.37052721770178,-10.6869633591555
CCCma,CanESM5-CanOE,r1i1p2f1,gn,ssp585,2083-06,2083,6,0.20251046929519328,10.66865606616312,-10.466145596867927
CCCma,CanESM5-CanOE,r1i1p2f1,gn,ssp585,2083-07,2083,7,0.0035447879103860593,8.636422928905555,-8.63287814099517
CCCma,CanESM5-CanOE,r1i1p2f1,gn,ssp585,2083-08,2083,8,0.0,7.053040128520861,-7.053040128520861
CCCma,CanESM5-CanOE,r1i1p2f1,gn,ssp585,2083-09,2083,9,0.0,7.297488990152345,-7.297488990152345
CCCma,CanESM5-CanOE,r1i1p2f1,gn,ssp585,2083-10,2083,10,0.0,9.082488709358213,-9.082488709358213
CCCma,CanESM5-CanOE,r1i1p2f1,gn,ssp585,2083-11,2083,11,0.031082013200019017,11.086882795139545,-11.055800781939526
CCCma,CanESM5-CanOE,r1i1p2f1,gn,ssp585,2083-12,2083,12,0.26912572832398074,12.549413654253712,-12.28028792592973
CCCma,CanESM5-CanOE,r1i1p2f1,gn,ssp585,2084-01,2084,1,1.167672805758607,13.251214035251524,-12.083541229492916
CCCma,CanESM5-CanOE,r1i1p2f1,gn,ssp585,2084-02,2084,2,2.45804168545046,13.525822506334524,-11.067780820884064
CCCma,CanESM5-CanOE,r1i1p2f1,gn,ssp585,2084-03,2084,3,3.0435429582524414,13.578188594924526,-10.534645636672085
CCCma,CanESM5-CanOE,r1i1p2f1,gn,ssp585,2084-04,2084,4,2.699773276652736,13.308599846758957,-10.60882657010622
CCCma,CanESM5-CanOE,r1i1p2f1,gn,ssp585,2084-05,2084,5,1.381383506645588,12.37052721770178,-10.989143711056192
CCCma,CanESM5-CanOE,r1i1p2f1,gn,ssp585,2084-06,2084,6,0.19278443873906556,10.66865606616312,-10.475871627424054
CCCma,CanESM5-CanOE,r1i1p2f1,gn,ssp585,2084-07,2084,7,0.0040563646282102865,8.636422928905555,-8.632366564277344
CCCma,CanESM5-CanOE,r1i1p2f1,gn,ssp585,2084-08,2084,8,0.0,7.053040128520861,-7.053040128520861
CCCma,CanESM5-CanOE,r1i1p2f1,gn,ssp585,2084-09,2084,9,0.0,7.297488990152345,-7.297488990152345
CCCma,CanESM5-CanOE,r1i1p2f1,gn,ssp585,2084-10,2084,10,0.00521739352396579,9.082488709358213,-9.077271315834247
CCCma,CanESM5-CanOE,r1i1p2f1,gn,ssp585,2084-11,2084,11,0.02898657768749446,11.086882795139545,-11.05789621745205
CCCma,CanESM5-CanOE,r1i1p2f1,gn,ssp585,2084-12,2084,12,0.15948109369224692,12.549413654253712,-12.389932560561466
CCCma,CanESM5-CanOE,r1i1p2f1,gn,ssp585,2085-01,2085,1,0.9567965725017703,13.251214035251524,-12.294417462749752
CCCma,CanESM5-CanOE,r1i1p2f1,gn,ssp585,2085-02,2085,2,2.173072823305083,13.525822506334524,-11.35274968302944
CCCma,CanESM5-CanOE,r1i1p2f1,gn,ssp585,2085-03,2085,3,2.905492879290134,13.578188594924526,-10.672695715634394
CCCma,CanESM5-CanOE,r1i1p2f1,gn,ssp585,2085-04,2085,4,2.4070040379814834,13.308599846758957,-10.901595808777474
CCCma,CanESM5-CanOE,r1i1p2f1,gn,ssp585,2085-05,2085,5,1.1369214837117136,12.37052721770178,-11.233605733990066
CCCma,CanESM5-CanOE,r1i1p2f1,gn,ssp585,2085-06,2085,6,0.12174049952550949,10.66865606616312,-10.54691556663761
CCCma,CanESM5-CanOE,r1i1p2f1,gn,ssp585,2085-07,2085,7,0.0032879874964794834,8.636422928905555,-8.633134941409075
CCCma,CanESM5-CanOE,r1i1p2f1,gn,ssp585,2085-08,2085,8,0.0,7.053040128520861,-7.053040128520861
CCCma,CanESM5-CanOE,r1i1p2f1,gn,ssp585,2085-09,2085,9,0.0,7.297488990152345,-7.297488990152345
CCCma,CanESM5-CanOE,r1i1p2f1,gn,ssp585,2085-10,2085,10,0.0001675110007922758,9.082488709358213,-9.08232119835742
CCCma,CanESM5-CanOE,r1i1p2f1,gn,ssp585,2085-11,2085,11,0.031018087577590933,11.086882795139545,-11.055864707561954
CCCma,CanESM5-CanOE,r1i1p2f1,gn,ssp585,2085-12,2085,12,0.18814604644225102,12.549413654253712,-12.361267607811461
CCCma,CanESM5-CanOE,r1i1p2f1,gn,ssp585,2086-01,2086,1,0.9261877266053896,13.251214035251524,-12.325026308646134
CCCma,CanESM5-CanOE,r1i1p2f1,gn,ssp585,2086-02,2086,2,2.0167514686480628,13.525822506334524,-11.50907103768646
CCCma,CanESM5-CanOE,r1i1p2f1,gn,ssp585,2086-03,2086,3,2.3962589379002277,13.578188594924526,-11.181929657024298
CCCma,CanESM5-CanOE,r1i1p2f1,gn,ssp585,2086-04,2086,4,2.2664167538356623,13.308599846758957,-11.042183092923295
CCCma,CanESM5-CanOE,r1i1p2f1,gn,ssp585,2086-05,2086,5,1.2444342114991012,12.37052721770178,-11.126093006202678
CCCma,CanESM5-CanOE,r1i1p2f1,gn,ssp585,2086-06,2086,6,0.130931062833125,10.66865606616312,-10.537725003329994
CCCma,CanESM5-CanOE,r1i1p2f1,gn,ssp585,2086-07,2086,7,0.0007088097233479596,8.636422928905555,-8.635714119182207
CCCma,CanESM5-CanOE,r1i1p2f1,gn,ssp585,2086-08,2086,8,0.0,7.053040128520861,-7.053040128520861
CCCma,CanESM5-CanOE,r1i1p2f1,gn,ssp585,2086-09,2086,9,0.0,7.297488990152345,-7.297488990152345
CCCma,CanESM5-CanOE,r1i1p2f1,gn,ssp585,2086-10,2086,10,0.0,9.082488709358213,-9.082488709358213
CCCma,CanESM5-CanOE,r1i1p2f1,gn,ssp585,2086-11,2086,11,0.014516989101031875,11.086882795139545,-11.072365806038512
CCCma,CanESM5-CanOE,r1i1p2f1,gn,ssp585,2086-12,2086,12,0.14297602526805103,12.549413654253712,-12.40643762898566
CCCma,CanESM5-CanOE,r1i1p2f1,gn,ssp585,2087-01,2087,1,0.7972856049348886,13.251214035251524,-12.453928430316635
CCCma,CanESM5-CanOE,r1i1p2f1,gn,ssp585,2087-02,2087,2,1.7883414689951245,13.525822506334524,-11.7374810373394
CCCma,CanESM5-CanOE,r1i1p2f1,gn,ssp585,2087-03,2087,3,2.3518210767598027,13.578188594924526,-11.226367518164723
CCCma,CanESM5-CanOE,r1i1p2f1,gn,ssp585,2087-04,2087,4,2.193554700530606,13.308599846758957,-11.11504514622835
CCCma,CanESM5-CanOE,r1i1p2f1,gn,ssp585,2087-05,2087,5,1.1095747395667988,12.37052721770178,-11.26095247813498
CCCma,CanESM5-CanOE,r1i1p2f1,gn,ssp585,2087-06,2087,6,0.14571430180065043,10.66865606616312,-10.52294176436247
CCCma,CanESM5-CanOE,r1i1p2f1,gn,ssp585,2087-07,2087,7,0.0020587434880003316,8.636422928905555,-8.634364185417555
CCCma,CanESM5-CanOE,r1i1p2f1,gn,ssp585,2087-08,2087,8,2.1704222571140443e-05,7.053040128520861,-7.05301842429829
CCCma,CanESM5-CanOE,r1i1p2f1,gn,ssp585,2087-09,2087,9,0.0,7.297488990152345,-7.297488990152345
CCCma,CanESM5-CanOE,r1i1p2f1,gn,ssp585,2087-10,2087,10,0.0,9.082488709358213,-9.082488709358213
CCCma,CanESM5-CanOE,r1i1p2f1,gn,ssp585,2087-11,2087,11,0.019323002760795835,11.086882795139545,-11.067559792378749
CCCma,CanESM5-CanOE,r1i1p2f1,gn,ssp585,2087-12,2087,12,0.16904902448493145,12.549413654253712,-12.380364629768781
CCCma,CanESM5-CanOE,r1i1p2f1,gn,ssp585,2088-01,2088,1,0.9780219906916494,13.251214035251524,-12.273192044559874
CCCma,CanESM5-CanOE,r1i1p2f1,gn,ssp585,2088-02,2088,2,2.195350408087809,13.525822506334524,-11.330472098246716
CCCma,CanESM5-CanOE,r1i1p2f1,gn,ssp585,2088-03,2088,3,2.5859017477583106,13.578188594924526,-10.992286847166216
CCCma,CanESM5-CanOE,r1i1p2f1,gn,ssp585,2088-04,2088,4,2.334903528690458,13.308599846758957,-10.9736963180685
CCCma,CanESM5-CanOE,r1i1p2f1,gn,ssp585,2088-05,2088,5,1.1105578027171918,12.37052721770178,-11.259969414984587
CCCma,CanESM5-CanOE,r1i1p2f1,gn,ssp585,2088-06,2088,6,0.1028743352129376,10.66865606616312,-10.565781730950182
CCCma,CanESM5-CanOE,r1i1p2f1,gn,ssp585,2088-07,2088,7,0.00037112912586200944,8.636422928905555,-8.636051799779693
CCCma,CanESM5-CanOE,r1i1p2f1,gn,ssp585,2088-08,2088,8,0.0,7.053040128520861,-7.053040128520861
CCCma,CanESM5-CanOE,r1i1p2f1,gn,ssp585,2088-09,2088,9,0.0,7.297488990152345,-7.297488990152345
CCCma,CanESM5-CanOE,r1i1p2f1,gn,ssp585,2088-10,2088,10,0.0,9.082488709358213,-9.082488709358213
CCCma,CanESM5-CanOE,r1i1p2f1,gn,ssp585,2088-11,2088,11,0.03385108528001992,11.086882795139545,-11.053031709859525
CCCma,CanESM5-CanOE,r1i1p2f1,gn,ssp585,2088-12,2088,12,0.1868829799110729,12.549413654253712,-12.36253067434264
CCCma,CanESM5-CanOE,r1i1p2f1,gn,ssp585,2089-01,2089,1,1.1362245970827127,13.251214035251524,-12.114989438168811
CCCma,CanESM5-CanOE,r1i1p2f1,gn,ssp585,2089-02,2089,2,2.2574085289356334,13.525822506334524,-11.268413977398891
CCCma,CanESM5-CanOE,r1i1p2f1,gn,ssp585,2089-03,2089,3,2.693460691783183,13.578188594924526,-10.884727903141343
CCCma,CanESM5-CanOE,r1i1p2f1,gn,ssp585,2089-04,2089,4,2.495400076760124,13.308599846758957,-10.813199769998834
CCCma,CanESM5-CanOE,r1i1p2f1,gn,ssp585,2089-05,2089,5,1.437460151242469,12.37052721770178,-10.93306706645931
CCCma,CanESM5-CanOE,r1i1p2f1,gn,ssp585,2089-06,2089,6,0.1391786021980825,10.66865606616312,-10.529477463965037
CCCma,CanESM5-CanOE,r1i1p2f1,gn,ssp585,2089-07,2089,7,0.005913683797026123,8.636422928905555,-8.630509245108529
CCCma,CanESM5-CanOE,r1i1p2f1,gn,ssp585,2089-08,2089,8,0.0,7.053040128520861,-7.053040128520861
CCCma,CanESM5-CanOE,r1i1p2f1,gn,ssp585,2089-09,2089,9,0.0,7.297488990152345,-7.297488990152345
CCCma,CanESM5-CanOE,r1i1p2f1,gn,ssp585,2089-10,2089,10,0.0,9.082488709358213,-9.082488709358213
CCCma,CanESM5-CanOE,r1i1p2f1,gn,ssp585,2089-11,2089,11,0.00298943593698619,11.086882795139545,-11.083893359202559
CCCma,CanESM5-CanOE,r1i1p2f1,gn,ssp585,2089-12,2089,12,0.12854300143270475,12.549413654253712,-12.420870652821007
CCCma,CanESM5-CanOE,r1i1p2f1,gn,ssp585,2090-01,2090,1,0.8968118479168112,13.251214035251524,-12.354402187334712
CCCma,CanESM5-CanOE,r1i1p2f1,gn,ssp585,2090-02,2090,2,2.0499338973935735,13.525822506334524,-11.47588860894095
CCCma,CanESM5-CanOE,r1i1p2f1,gn,ssp585,2090-03,2090,3,2.9013844032733673,13.578188594924526,-10.67680419165116
CCCma,CanESM5-CanOE,r1i1p2f1,gn,ssp585,2090-04,2090,4,2.5284699527435563,13.308599846758957,-10.780129894015401
CCCma,CanESM5-CanOE,r1i1p2f1,gn,ssp585,2090-05,2090,5,0.8256030519672527,12.37052721770178,-11.544924165734527
CCCma,CanESM5-CanOE,r1i1p2f1,gn,ssp585,2090-06,2090,6,0.043912206095259386,10.66865606616312,-10.624743860067861
CCCma,CanESM5-CanOE,r1i1p2f1,gn,ssp585,2090-07,2090,7,0.00024940366631570697,8.636422928905555,-8.636173525239238
CCCma,CanESM5-CanOE,r1i1p2f1,gn,ssp585,2090-08,2090,8,0.0,7.053040128520861,-7.053040128520861
CCCma,CanESM5-CanOE,r1i1p2f1,gn,ssp585,2090-09,2090,9,0.0,7.297488990152345,-7.297488990152345
CCCma,CanESM5-CanOE,r1i1p2f1,gn,ssp585,2090-10,2090,10,0.0,9.082488709358213,-9.082488709358213
CCCma,CanESM5-CanOE,r1i1p2f1,gn,ssp585,2090-11,2090,11,0.03242691505498115,11.086882795139545,-11.054455880084564
CCCma,CanESM5-CanOE,r1i1p2f1,gn,ssp585,2090-12,2090,12,0.14208485529875012,12.549413654253712,-12.407328798954962
CCCma,CanESM5-CanOE,r1i1p2f1,gn,ssp585,2091-01,2091,1,0.6754609501839944,13.251214035251524,-12.575753085067529
CCCma,CanESM5-CanOE,r1i1p2f1,gn,ssp585,2091-02,2091,2,1.7260848274144698,13.525822506334524,-11.799737678920055
CCCma,CanESM5-CanOE,r1i1p2f1,gn,ssp585,2091-03,2091,3,2.1678415371493847,13.578188594924526,-11.410347057775141
CCCma,CanESM5-CanOE,r1i1p2f1,gn,ssp585,2091-04,2091,4,2.0082232046641217,13.308599846758957,-11.300376642094836
CCCma,CanESM5-CanOE,r1i1p2f1,gn,ssp585,2091-05,2091,5,0.9288988090845539,12.37052721770178,-11.441628408617225
CCCma,CanESM5-CanOE,r1i1p2f1,gn,ssp585,2091-06,2091,6,0.07556809430559497,10.66865606616312,-10.593087971857525
CCCma,CanESM5-CanOE,r1i1p2f1,gn,ssp585,2091-07,2091,7,0.0015349659205087841,8.636422928905555,-8.634887962985045
CCCma,CanESM5-CanOE,r1i1p2f1,gn,ssp585,2091-08,2091,8,0.0,7.053040128520861,-7.053040128520861
CCCma,CanESM5-CanOE,r1i1p2f1,gn,ssp585,2091-09,2091,9,0.0,7.297488990152345,-7.297488990152345
CCCma,CanESM5-CanOE,r1i1p2f1,gn,ssp585,2091-10,2091,10,0.0,9.082488709358213,-9.082488709358213
CCCma,CanESM5-CanOE,r1i1p2f1,gn,ssp585,2091-11,2091,11,0.014796933808494686,11.086882795139545,-11.07208586133105
CCCma,CanESM5-CanOE,r1i1p2f1,gn,ssp585,2091-12,2091,12,0.15175652584111013,12.549413654253712,-12.397657128412602
CCCma,CanESM5-CanOE,r1i1p2f1,gn,ssp585,2092-01,2092,1,0.7307420157877292,13.251214035251524,-12.520472019463794
CCCma,CanESM5-CanOE,r1i1p2f1,gn,ssp585,2092-02,2092,2,1.7252342806975522,13.525822506334524,-11.800588225636972
CCCma,CanESM5-CanOE,r1i1p2f1,gn,ssp585,2092-03,2092,3,2.134984129487974,13.578188594924526,-11.443204465436553
CCCma,CanESM5-CanOE,r1i1p2f1,gn,ssp585,2092-04,2092,4,1.6193394719079641,13.308599846758957,-11.689260374850994
CCCma,CanESM5-CanOE,r1i1p2f1,gn,ssp585,2092-05,2092,5,0.6169300787587202,12.37052721770178,-11.753597138943059
CCCma,CanESM5-CanOE,r1i1p2f1,gn,ssp585,2092-06,2092,6,0.05433616870232517,10.66865606616312,-10.614319897460794
CCCma,CanESM5-CanOE,r1i1p2f1,gn,ssp585,2092-07,2092,7,0.002170212170583745,8.636422928905555,-8.634252716734972
CCCma,CanESM5-CanOE,r1i1p2f1,gn,ssp585,2092-08,2092,8,0.0,7.053040128520861,-7.053040128520861
CCCma,CanESM5-CanOE,r1i1p2f1,gn,ssp585,2092-09,2092,9,0.0,7.297488990152345,-7.297488990152345
CCCma,CanESM5-CanOE,r1i1p2f1,gn,ssp585,2092-10,2092,10,0.0,9.082488709358213,-9.082488709358213
CCCma,CanESM5-CanOE,r1i1p2f1,gn,ssp585,2092-11,2092,11,0.0027249831631719025,11.086882795139545,-11.084157811976374
CCCma,CanESM5-CanOE,r1i1p2f1,gn,ssp585,2092-12,2092,12,0.07926662393227302,12.549413654253712,-12.470147030321439
CCCma,CanESM5-CanOE,r1i1p2f1,gn,ssp585,2093-01,2093,1,0.5979174209800481,13.251214035251524,-12.653296614271476
CCCma,CanESM5-CanOE,r1i1p2f1,gn,ssp585,2093-02,2093,2,1.6473970597841354,13.525822506334524,-11.87842544655039
CCCma,CanESM5-CanOE,r1i1p2f1,gn,ssp585,2093-03,2093,3,2.1243262449689215,13.578188594924526,-11.453862349955605
CCCma,CanESM5-CanOE,r1i1p2f1,gn,ssp585,2093-04,2093,4,1.823745500144048,13.308599846758957,-11.48485434661491
CCCma,CanESM5-CanOE,r1i1p2f1,gn,ssp585,2093-05,2093,5,0.8380095494660954,12.37052721770178,-11.532517668235684
CCCma,CanESM5-CanOE,r1i1p2f1,gn,ssp585,2093-06,2093,6,0.06574351972502077,10.66865606616312,-10.602912546438098
CCCma,CanESM5-CanOE,r1i1p2f1,gn,ssp585,2093-07,2093,7,0.0008074010417006061,8.636422928905555,-8.635615527863854
CCCma,CanESM5-CanOE,r1i1p2f1,gn,ssp585,2093-08,2093,8,0.0,7.053040128520861,-7.053040128520861
CCCma,CanESM5-CanOE,r1i1p2f1,gn,ssp585,2093-09,2093,9,0.0,7.297488990152345,-7.297488990152345
CCCma,CanESM5-CanOE,r1i1p2f1,gn,ssp585,2093-10,2093,10,0.0,9.082488709358213,-9.082488709358213
CCCma,CanESM5-CanOE,r1i1p2f1,gn,ssp585,2093-11,2093,11,0.0,11.086882795139545,-11.086882795139545
CCCma,CanESM5-CanOE,r1i1p2f1,gn,ssp585,2093-12,2093,12,0.05026178475009941,12.549413654253712,-12.499151869503613
CCCma,CanESM5-CanOE,r1i1p2f1,gn,ssp585,2094-01,2094,1,0.5793256145359453,13.251214035251524,-12.671888420715579
CCCma,CanESM5-CanOE,r1i1p2f1,gn,ssp585,2094-02,2094,2,1.4736480336648548,13.525822506334524,-12.05217447266967
CCCma,CanESM5-CanOE,r1i1p2f1,gn,ssp585,2094-03,2094,3,1.9082383374803287,13.578188594924526,-11.669950257444198
CCCma,CanESM5-CanOE,r1i1p2f1,gn,ssp585,2094-04,2094,4,1.4651804849404233,13.308599846758957,-11.843419361818533
CCCma,CanESM5-CanOE,r1i1p2f1,gn,ssp585,2094-05,2094,5,0.623974198684151,12.37052721770178,-11.746553019017629
CCCma,CanESM5-CanOE,r1i1p2f1,gn,ssp585,2094-06,2094,6,0.033784654028725845,10.66865606616312,-10.634871412134395
CCCma,CanESM5-CanOE,r1i1p2f1,gn,ssp585,2094-07,2094,7,0.00026901003100404143,8.636422928905555,-8.63615391887455
CCCma,CanESM5-CanOE,r1i1p2f1,gn,ssp585,2094-08,2094,8,0.0,7.053040128520861,-7.053040128520861
CCCma,CanESM5-CanOE,r1i1p2f1,gn,ssp585,2094-09,2094,9,0.0,7.297488990152345,-7.297488990152345
CCCma,CanESM5-CanOE,r1i1p2f1,gn,ssp585,2094-10,2094,10,0.0,9.082488709358213,-9.082488709358213
CCCma,CanESM5-CanOE,r1i1p2f1,gn,ssp585,2094-11,2094,11,0.0006940973329483796,11.086882795139545,-11.086188697806596
CCCma,CanESM5-CanOE,r1i1p2f1,gn,ssp585,2094-12,2094,12,0.06315577223409745,12.549413654253712,-12.486257882019615
CCCma,CanESM5-CanOE,r1i1p2f1,gn,ssp585,2095-01,2095,1,0.5048803434169448,13.251214035251524,-12.746333691834579
CCCma,CanESM5-CanOE,r1i1p2f1,gn,ssp585,2095-02,2095,2,1.2413439387388423,13.525822506334524,-12.284478567595682
CCCma,CanESM5-CanOE,r1i1p2f1,gn,ssp585,2095-03,2095,3,1.8406254810485336,13.578188594924526,-11.737563113875993
CCCma,CanESM5-CanOE,r1i1p2f1,gn,ssp585,2095-04,2095,4,1.640993357514548,13.308599846758957,-11.66760648924441
CCCma,CanESM5-CanOE,r1i1p2f1,gn,ssp585,2095-05,2095,5,0.5991671599549121,12.37052721770178,-11.771360057746866
CCCma,CanESM5-CanOE,r1i1p2f1,gn,ssp585,2095-06,2095,6,0.007575862509523607,10.66865606616312,-10.661080203653595
CCCma,CanESM5-CanOE,r1i1p2f1,gn,ssp585,2095-07,2095,7,0.0,8.636422928905555,-8.636422928905555
CCCma,CanESM5-CanOE,r1i1p2f1,gn,ssp585,2095-08,2095,8,0.0,7.053040128520861,-7.053040128520861
CCCma,CanESM5-CanOE,r1i1p2f1,gn,ssp585,2095-09,2095,9,0.0,7.297488990152345,-7.297488990152345
CCCma,CanESM5-CanOE,r1i1p2f1,gn,ssp585,2095-10,2095,10,0.0,9.082488709358213,-9.082488709358213
CCCma,CanESM5-CanOE,r1i1p2f1,gn,ssp585,2095-11,2095,11,0.0,11.086882795139545,-11.086882795139545
CCCma,CanESM5-CanOE,r1i1p2f1,gn,ssp585,2095-12,2095,12,0.023743958234698683,12.549413654253712,-12.525669696019014
CCCma,CanESM5-CanOE,r1i1p2f1,gn,ssp585,2096-01,2096,1,0.3965214493343707,13.251214035251524,-12.854692585917153
CCCma,CanESM5-CanOE,r1i1p2f1,gn,ssp585,2096-02,2096,2,1.205862569216566,13.525822506334524,-12.319959937117957
CCCma,CanESM5-CanOE,r1i1p2f1,gn,ssp585,2096-03,2096,3,1.7529850393294453,13.578188594924526,-11.825203555595081
CCCma,CanESM5-CanOE,r1i1p2f1,gn,ssp585,2096-04,2096,4,1.3974513893645129,13.308599846758957,-11.911148457394445
CCCma,CanESM5-CanOE,r1i1p2f1,gn,ssp585,2096-05,2096,5,0.37163509102268666,12.37052721770178,-11.998892126679092
CCCma,CanESM5-CanOE,r1i1p2f1,gn,ssp585,2096-06,2096,6,0.011366151346955258,10.66865606616312,-10.657289914816165
CCCma,CanESM5-CanOE,r1i1p2f1,gn,ssp585,2096-07,2096,7,0.0,8.636422928905555,-8.636422928905555
CCCma,CanESM5-CanOE,r1i1p2f1,gn,ssp585,2096-08,2096,8,0.0,7.053040128520861,-7.053040128520861
CCCma,CanESM5-CanOE,r1i1p2f1,gn,ssp585,2096-09,2096,9,0.0,7.297488990152345,-7.297488990152345
CCCma,CanESM5-CanOE,r1i1p2f1,gn,ssp585,2096-10,2096,10,0.0,9.082488709358213,-9.082488709358213
CCCma,CanESM5-CanOE,r1i1p2f1,gn,ssp585,2096-11,2096,11,0.0,11.086882795139545,-11.086882795139545
CCCma,CanESM5-CanOE,r1i1p2f1,gn,ssp585,2096-12,2096,12,0.03726274081603665,12.549413654253712,-12.512150913437676
CCCma,CanESM5-CanOE,r1i1p2f1,gn,ssp585,2097-01,2097,1,0.2777445948368428,13.251214035251524,-12.97346944041468
CCCma,CanESM5-CanOE,r1i1p2f1,gn,ssp585,2097-02,2097,2,1.0605437936637307,13.525822506334524,-12.465278712670793
CCCma,CanESM5-CanOE,r1i1p2f1,gn,ssp585,2097-03,2097,3,1.560290115738228,13.578188594924526,-12.017898479186298
CCCma,CanESM5-CanOE,r1i1p2f1,gn,ssp585,2097-04,2097,4,1.3505797619362745,13.308599846758957,-11.958020084822683
CCCma,CanESM5-CanOE,r1i1p2f1,gn,ssp585,2097-05,2097,5,0.3890690809835486,12.37052721770178,-11.981458136718231
CCCma,CanESM5-CanOE,r1i1p2f1,gn,ssp585,2097-06,2097,6,0.021446378122409734,10.66865606616312,-10.64720968804071
CCCma,CanESM5-CanOE,r1i1p2f1,gn,ssp585,2097-07,2097,7,0.0005729579559126241,8.636422928905555,-8.635849970949643
CCCma,CanESM5-CanOE,r1i1p2f1,gn,ssp585,2097-08,2097,8,0.0,7.053040128520861,-7.053040128520861
CCCma,CanESM5-CanOE,r1i1p2f1,gn,ssp585,2097-09,2097,9,0.0,7.297488990152345,-7.297488990152345
CCCma,CanESM5-CanOE,r1i1p2f1,gn,ssp585,2097-10,2097,10,0.0,9.082488709358213,-9.082488709358213
CCCma,CanESM5-CanOE,r1i1p2f1,gn,ssp585,2097-11,2097,11,0.0,11.086882795139545,-11.086882795139545
CCCma,CanESM5-CanOE,r1i1p2f1,gn,ssp585,2097-12,2097,12,0.052164184432795385,12.549413654253712,-12.497249469820916
CCCma,CanESM5-CanOE,r1i1p2f1,gn,ssp585,2098-01,2098,1,0.3052374632333758,13.251214035251524,-12.945976572018148
CCCma,CanESM5-CanOE,r1i1p2f1,gn,ssp585,2098-02,2098,2,1.0985582976108659,13.525822506334524,-12.427264208723658
CCCma,CanESM5-CanOE,r1i1p2f1,gn,ssp585,2098-03,2098,3,1.680740768352597,13.578188594924526,-11.897447826571929
CCCma,CanESM5-CanOE,r1i1p2f1,gn,ssp585,2098-04,2098,4,1.3560701224402514,13.308599846758957,-11.952529724318707
CCCma,CanESM5-CanOE,r1i1p2f1,gn,ssp585,2098-05,2098,5,0.4831560475773369,12.37052721770178,-11.887371170124442
CCCma,CanESM5-CanOE,r1i1p2f1,gn,ssp585,2098-06,2098,6,0.021546693484489694,10.66865606616312,-10.64710937267863
CCCma,CanESM5-CanOE,r1i1p2f1,gn,ssp585,2098-07,2098,7,0.0009770657500168603,8.636422928905555,-8.635445863155537
CCCma,CanESM5-CanOE,r1i1p2f1,gn,ssp585,2098-08,2098,8,0.0,7.053040128520861,-7.053040128520861
CCCma,CanESM5-CanOE,r1i1p2f1,gn,ssp585,2098-09,2098,9,0.0,7.297488990152345,-7.297488990152345
CCCma,CanESM5-CanOE,r1i1p2f1,gn,ssp585,2098-10,2098,10,0.0,9.082488709358213,-9.082488709358213
CCCma,CanESM5-CanOE,r1i1p2f1,gn,ssp585,2098-11,2098,11,8.503813415669733e-05,11.086882795139545,-11.086797757005387
CCCma,CanESM5-CanOE,r1i1p2f1,gn,ssp585,2098-12,2098,12,0.06165288449466945,12.549413654253712,-12.487760769759042
CCCma,CanESM5-CanOE,r1i1p2f1,gn,ssp585,2099-01,2099,1,0.32033367547308556,13.251214035251524,-12.930880359778438
CCCma,CanESM5-CanOE,r1i1p2f1,gn,ssp585,2099-02,2099,2,1.225256441085681,13.525822506334524,-12.300566065248843
CCCma,CanESM5-CanOE,r1i1p2f1,gn,ssp585,2099-03,2099,3,1.6022662866050763,13.578188594924526,-11.97592230831945
CCCma,CanESM5-CanOE,r1i1p2f1,gn,ssp585,2099-04,2099,4,1.3731154367339609,13.308599846758957,-11.935484410024996
CCCma,CanESM5-CanOE,r1i1p2f1,gn,ssp585,2099-05,2099,5,0.6258905386773029,12.37052721770178,-11.744636679024476
CCCma,CanESM5-CanOE,r1i1p2f1,gn,ssp585,2099-06,2099,6,0.039783292079201914,10.66865606616312,-10.628872774083918
CCCma,CanESM5-CanOE,r1i1p2f1,gn,ssp585,2099-07,2099,7,2.4062279371884216e-05,8.636422928905555,-8.636398866626182
CCCma,CanESM5-CanOE,r1i1p2f1,gn,ssp585,2099-08,2099,8,0.0,7.053040128520861,-7.053040128520861
CCCma,CanESM5-CanOE,r1i1p2f1,gn,ssp585,2099-09,2099,9,0.0,7.297488990152345,-7.297488990152345
CCCma,CanESM5-CanOE,r1i1p2f1,gn,ssp585,2099-10,2099,10,0.0,9.082488709358213,-9.082488709358213
CCCma,CanESM5-CanOE,r1i1p2f1,gn,ssp585,2099-11,2099,11,0.01188274384377171,11.086882795139545,-11.075000051295772
CCCma,CanESM5-CanOE,r1i1p2f1,gn,ssp585,2099-12,2099,12,0.07362732386526595,12.549413654253712,-12.475786330388447
CCCma,CanESM5-CanOE,r1i1p2f1,gn,ssp585,2100-01,2100,1,0.41039131639301807,13.251214035251524,-12.840822718858506
CCCma,CanESM5-CanOE,r1i1p2f1,gn,ssp585,2100-02,2100,2,0.9634551372139207,13.525822506334524,-12.562367369120604
CCCma,CanESM5-CanOE,r1i1p2f1,gn,ssp585,2100-03,2100,3,1.5131518971255538,13.578188594924526,-12.065036697798973
CCCma,CanESM5-CanOE,r1i1p2f1,gn,ssp585,2100-04,2100,4,1.0506420248107537,13.308599846758957,-12.257957821948203
CCCma,CanESM5-CanOE,r1i1p2f1,gn,ssp585,2100-05,2100,5,0.3268766556683506,12.37052721770178,-12.043650562033429
CCCma,CanESM5-CanOE,r1i1p2f1,gn,ssp585,2100-06,2100,6,0.01962142700094177,10.66865606616312,-10.649034639162178
CCCma,CanESM5-CanOE,r1i1p2f1,gn,ssp585,2100-07,2100,7,0.0,8.636422928905555,-8.636422928905555
CCCma,CanESM5-CanOE,r1i1p2f1,gn,ssp585,2100-08,2100,8,0.0,7.053040128520861,-7.053040128520861
CCCma,CanESM5-CanOE,r1i1p2f1,gn,ssp585,2100-09,2100,9,0.0,7.297488990152345,-7.297488990152345
CCCma,CanESM5-CanOE,r1i1p2f1,gn,ssp585,2100-10,2100,10,0.0,9.082488709358213,-9.082488709358213
CCCma,CanESM5-CanOE,r1i1p2f1,gn,ssp585,2100-11,2100,11,0.006773211473034235,11.086882795139545,-11.08010958366651
CCCma,CanESM5-CanOE,r1i1p2f1,gn,ssp585,2100-12,2100,12,0.054989401850729494,12.549413654253712,-12.494424252402982
