institution,source,member,grid,experiment,time,year,month,rsds_into_surface_Wm2,rlds_into_surface_Wm2,rsus_into_surface_Wm2,rlus_into_surface_Wm2,hfss_into_surface_Wm2,hfls_into_surface_Wm2,seb_Wm2,pi_clim_rsds_into_surface_Wm2,pi_clim_rlds_into_surface_Wm2,pi_clim_rsus_into_surface_Wm2,pi_clim_rlus_into_surface_Wm2,pi_clim_hfss_into_surface_Wm2,pi_clim_hfls_into_surface_Wm2,pi_clim_seb_Wm2,rsds_into_surface_Wm2_anom,rlds_into_surface_Wm2_anom,rsus_into_surface_Wm2_anom,rlus_into_surface_Wm2_anom,hfss_into_surface_Wm2_anom,hfls_into_surface_Wm2_anom,seb_anom_Wm2
CCCma,CanESM5-CanOE,r1i1p2f1,gn,ssp585,2015-01,2015,1,1.2956182708684514,210.42992382302424,-0.616618263601226,-252.32543948404873,-18.376748116836538,-23.767642177232084,-83.36090594782587,1.3942172339713994,176.9672228764132,-0.7437200236333381,-217.63140127830133,-15.69624865399158,-16.575668975850103,-72.28559882139174,-0.09859896310294802,33.46270094661105,0.12710176003211215,-34.694038205747404,-2.680499462844958,-7.19197320138198,-11.075307126434126
CCCma,CanESM5-CanOE,r1i1p2f1,gn,ssp585,2015-02,2015,2,9.405209332964805,199.98699702897963,-5.106875954191076,-241.8314939398718,-18.102329225180966,-21.45391532032733,-77.10240807762673,10.435125305198977,175.60313356881824,-6.187284967981398,-216.1570761380548,-13.895837664682768,-15.661279088587179,-65.86321898528892,-1.0299159722341713,24.383863460161393,1.0804090137903222,-25.674417801816986,-4.206491560498199,-5.7926362317401505,-11.23918909233781
CCCma,CanESM5-CanOE,r1i1p2f1,gn,ssp585,2015-03,2015,3,48.34670473708515,209.984848183249,-29.23949656893058,-249.36386657873473,-12.41750077596493,-17.752213792952272,-50.441524796248345,53.61840029548194,181.90905131575357,-34.67089409376744,-224.510982804252,-11.546834976313114,-14.228565682492963,-49.42982594558999,-5.271695558396793,28.075796867495427,5.431397524836857,-24.852883774482734,-0.8706657996518157,-3.523648110459309,-1.0116988506583553
CCCma,CanESM5-CanOE,r1i1p2f1,gn,ssp585,2015-04,2015,4,138.28463292986433,224.75075463242536,-84.67712569973344,-269.41740109236974,-9.586156908126558,-14.722836277447914,-15.368132415387997,150.89498619069317,203.6208955771701,-100.99704863032414,-251.65180393294378,-7.9311997876661655,-12.748308979152664,-18.812479562223483,-12.610353260828845,21.129859055255253,16.319922930590707,-17.765597159425965,-1.6549571204603923,-1.97452729829525,3.4443471468354865
CCCma,CanESM5-CanOE,r1i1p2f1,gn,ssp585,2015-05,2015,5,219.69596077818736,263.7791706565433,-134.57632526993544,-302.512959035165,-6.485817881938531,-13.768699554952304,26.1313296927394,248.79743010993508,243.09734417111952,-164.04568966482177,-289.5335198494272,-5.887403499858661,-12.858119228604854,19.570042038342113,-29.101469331747722,20.681826485423755,29.469364394886327,-12.979439185737817,-0.59841438207987,-0.9105803263474499,6.561287654397287
CCCma,CanESM5-CanOE,r1i1p2f1,gn,ssp585,2015-06,2015,6,244.0721289205656,294.6538526065324,-120.73214674808024,-321.83996142485483,-1.9623676214545258,-11.000510476546783,83.19099525616153,270.8609183255667,281.3191905962504,-161.1879435915762,-314.1864221932955,-4.112286789613121,-11.594284946025898,61.09917140130626,-26.78878940500107,13.334662010281988,40.455796843495946,-7.653539231559307,2.149919168158595,0.5937744694791149,22.09182385485527
CCCma,CanESM5-CanOE,r1i1p2f1,gn,ssp585,2015-07,2015,7,209.186613097846,305.70169828465305,-64.80790711210585,-330.963043533504,0.26453272865759786,-7.888573115975223,111.4933203495716,224.2551920881,294.89674293371723,-102.79903416576022,-321.87172155748266,-1.1109446312367832,-9.39464386725119,83.97559080008637,-15.068578990253997,10.804955350935813,37.99112705365437,-9.091321976021334,1.375477359894381,1.506070751275967,27.51772954948524
CCCma,CanESM5-CanOE,r1i1p2f1,gn,ssp585,2015-08,2015,8,120.92227426647783,309.54022414047785,-29.625680008428553,-332.461210649129,-1.7360920893718608,-11.018995153881956,55.62052050614429,138.04127284497537,293.51802779646516,-52.18284747390068,-320.37372679006006,-2.5062649386197706,-10.800937684864726,45.69552375399525,-17.11899857849754,16.022196344012684,22.557167465472126,-12.087483859068925,0.7701728492479099,-0.21805746901723033,9.924996752149035
CCCma,CanESM5-CanOE,r1i1p2f1,gn,ssp585,2015-09,2015,9,52.27081561085927,293.8076447191997,-11.741445993661518,-322.5353864450181,-9.826609456295433,-18.887467962906804,-16.912449527822854,63.18456348645751,266.70302478658806,-23.013406979202472,-300.93944393720716,-7.82200411290642,-15.449381194229838,-17.336647950500325,-10.91374787559824,27.104619932611627,11.271960985540954,-21.595942507810946,-2.004605343389013,-3.438086768676966,0.42419842267747043
CCCma,CanESM5-CanOE,r1i1p2f1,gn,ssp585,2015-10,2015,10,13.939829051657277,256.5471472768144,-3.1676774885328753,-297.3576190973542,-20.733738123603526,-26.16734292947765,-76.93940131049655,17.249578700676455,229.42952623657507,-6.05648776625267,-269.26043068333587,-15.60508683741619,-19.265371335151645,-63.508271684904834,-3.309749649019178,27.117621040239356,2.8888102777197946,-28.09718841401832,-5.128651286187337,-6.901971594326003,-13.431129625591716
CCCma,CanESM5-CanOE,r1i1p2f1,gn,ssp585,2015-11,2015,11,2.218973835023896,228.43142645884438,-0.5185842477369916,-273.90464834260257,-28.610357852745874,-29.462381443664007,-101.84557159288116,2.515336833744441,201.51629179882505,-0.852789140129987,-242.618099337239,-18.104257216232263,-18.594844834341938,-76.1383618953737,-0.29636299872054517,26.915134660019334,0.33420489239299533,-31.286549005363582,-10.506100636513612,-10.86753660932207,-25.70720969750745
CCCma,CanESM5-CanOE,r1i1p2f1,gn,ssp585,2015-12,2015,12,0.4361610941470064,219.969033566773,-0.13652009877907761,-259.29414788558194,-17.228252632208154,-22.14840470028702,-78.40213065593619,0.5047198763123734,185.0172678795254,-0.21808210897323796,-226.00776044781924,-16.448539416236862,-17.091682477943937,-74.2440766951355,-0.06855878216536698,34.95176568724759,0.08156201019416034,-33.2863874377627,-0.7797132159712916,-5.056722222343083,-4.158053960800686
CCCma,CanESM5-CanOE,r1i1p2f1,gn,ssp585,2016-01,2016,1,1.3029543450789034,196.43871454531887,-0.6222361046093318,-241.8186673980893,-23.698815099419686,-24.35030769436268,-92.74835740608322,1.3942172339713994,176.9672228764132,-0.7437200236333381,-217.63140127830133,-15.69624865399158,-16.575668975850103,-72.28559882139174,-0.09126288889249601,19.471491668905685,0.12148391902400635,-24.187266119787978,-8.002566445428107,-7.774638718512577,-20.46275858469147
CCCma,CanESM5-CanOE,r1i1p2f1,gn,ssp585,2016-02,2016,2,9.56332000139056,201.37661476985548,-5.288949138878736,-244.06751973096857,-17.1894513609427,-21.162172046171886,-76.76815750571585,10.435125305198977,175.60313356881824,-6.187284967981398,-216.1570761380548,-13.895837664682768,-15.661279088587179,-65.86321898528892,-0.8718053038084168,25.773481201037242,0.8983358291026624,-27.910443592913765,-3.293613696259934,-5.500892957584707,-10.904938520426924
CCCma,CanESM5-CanOE,r1i1p2f1,gn,ssp585,2016-03,2016,3,49.45513937186301,205.46192938432122,-28.761443000790962,-250.46965362292678,-16.663429092034825,-21.19595899914989,-62.17341595871824,53.61840029548194,181.90905131575357,-34.67089409376744,-224.510982804252,-11.546834976313114,-14.228565682492963,-49.42982594558999,-4.163260923618928,23.55287806856765,5.909451092976475,-25.95867081867479,-5.1165941157217105,-6.967393316656928,-12.743590013128248
CCCma,CanESM5-CanOE,r1i1p2f1,gn,ssp585,2016-04,2016,4,136.33014480044915,224.78157611351045,-83.14305628136484,-270.74977119625976,-10.419866364816635,-16.325758711274577,-19.526731639756147,150.89498619069317,203.6208955771701,-100.99704863032414,-251.65180393294378,-7.9311997876661655,-12.748308979152664,-18.812479562223483,-14.564841390244027,21.16068053634035,17.85399234895931,-19.09796726331598,-2.488666577150469,-3.577449732121913,-0.7142520775326631
CCCma,CanESM5-CanOE,r1i1p2f1,gn,ssp585,2016-05,2016,5,221.46422840671977,259.87990890893644,-131.92299304207978,-301.6951316430321,-7.022477371337263,-15.494466701250166,25.20906855795692,248.79743010993508,243.09734417111952,-164.04568966482177,-289.5335198494272,-5.887403499858661,-12.858119228604854,19.570042038342113,-27.33320170321531,16.782564737816926,32.122696622741984,-12.16161179360489,-1.1350738714786015,-2.636347472645312,5.639026519614806
CCCma,CanESM5-CanOE,r1i1p2f1,gn,ssp585,2016-06,2016,6,234.63221143512655,296.4145667635958,-114.48253857270902,-322.50191160787966,-2.8810121218673106,-9.908850873336178,81.27246502293016,270.8609183255667,281.3191905962504,-161.1879435915762,-314.1864221932955,-4.112286789613121,-11.594284946025898,61.09917140130626,-36.22870689044012,15.095376167345421,46.70540501886717,-8.315489414584135,1.2312746677458102,1.68543407268972,20.173293621623905
CCCma,CanESM5-CanOE,r1i1p2f1,gn,ssp585,2016-07,2016,7,194.75555346588507,308.09031016047084,-62.48806770291634,-329.7469261994869,2.044807897953716,-8.14133608685664,104.51434153504978,224.2551920881,294.89674293371723,-102.79903416576022,-321.87172155748266,-1.1109446312367832,-9.39464386725119,83.97559080008637,-29.499638622214917,13.1935672267536,40.31096646284388,-7.875204642004235,3.155752529190499,1.2533077803945503,20.538750734963415
CCCma,CanESM5-CanOE,r1i1p2f1,gn,ssp585,2016-08,2016,8,119.14530841946885,309.98792829776096,-28.389621246863264,-331.57281721647195,0.0671604535068718,-9.226959823874488,60.01099888352697,138.04127284497537,293.51802779646516,-52.18284747390068,-320.37372679006006,-2.5062649386197706,-10.800937684864726,45.69552375399525,-18.89596442550652,16.469900501295797,23.793226227037415,-11.199090426411885,2.5734253921266426,1.5739778609902384,14.31547512953172
CCCma,CanESM5-CanOE,r1i1p2f1,gn,ssp585,2016-09,2016,9,53.166933740032874,291.06622095031196,-12.069446947159044,-321.34688471465205,-7.534313593456264,-15.895226627269048,-12.61271719219162,63.18456348645751,266.70302478658806,-23.013406979202472,-300.93944393720716,-7.82200411290642,-15.449381194229838,-17.336647950500325,-10.017629746424639,24.3631961637239,10.943960032043428,-20.40744077744489,0.2876905194501562,-0.4458454330392101,4.723930758308704
CCCma,CanESM5-CanOE,r1i1p2f1,gn,ssp585,2016-10,2016,10,14.398714122203994,258.3639615208553,-3.1783072168987156,-298.75210015737076,-18.672734012973397,-24.637106158345528,-72.47757190252908,17.249578700676455,229.42952623657507,-6.05648776625267,-269.26043068333587,-15.60508683741619,-19.265371335151645,-63.508271684904834,-2.8508645784724607,28.934435284280227,2.8781805493539543,-29.491669474034893,-3.067647175557207,-5.371734823193883,-8.969300217624244
CCCma,CanESM5-CanOE,r1i1p2f1,gn,ssp585,2016-11,2016,11,2.2410467372540896,240.37646583039557,-0.5016718187709093,-280.66560644411476,-21.615390835650746,-25.94001191304849,-86.10516844393524,2.515336833744441,201.51629179882505,-0.852789140129987,-242.618099337239,-18.104257216232263,-18.594844834341938,-76.1383618953737,-0.2742900964903514,38.86017403157052,0.3511173213590777,-38.04750710687577,-3.5111336194184837,-7.345167078706552,-9.966806548561536
CCCma,CanESM5-CanOE,r1i1p2f1,gn,ssp585,2016-12,2016,12,0.4583597903019655,203.43578552091566,-0.11683322843297858,-254.0243149857321,-34.30824032909958,-31.20335213378717,-115.75859536583422,0.5047198763123734,185.0172678795254,-0.21808210897323796,-226.00776044781924,-16.448539416236862,-17.091682477943937,-74.2440766951355,-0.046360086010407864,18.418517641390252,0.10124888054025938,-28.016554537912867,-17.85970091286272,-14.111669655843233,-41.51451867069872
CCCma,CanESM5-CanOE,r1i1p2f1,gn,ssp585,2017-01,2017,1,1.3329490291702586,200.2841055238728,-0.578354984245383,-246.3196121138608,-21.979291559492573,-23.17914467582024,-90.43934878037594,1.3942172339713994,176.9672228764132,-0.7437200236333381,-217.63140127830133,-15.69624865399158,-16.575668975850103,-72.28559882139174,-0.06126820480114081,23.316882647459607,0.1653650393879551,-28.688210835559488,-6.283042905500993,-6.6034756999701365,-18.153749958984193
CCCma,CanESM5-CanOE,r1i1p2f1,gn,ssp585,2017-02,2017,2,9.621146420714455,199.49341075868912,-5.2111932183944765,-242.0115695722616,-21.105343157764477,-22.636372154091248,-81.84992092310821,10.435125305198977,175.60313356881824,-6.187284967981398,-216.1570761380548,-13.895837664682768,-15.661279088587179,-65.86321898528892,-0.8139788844845217,23.890277189870886,0.9760917495869217,-25.854493434206802,-7.209505493081709,-6.975093065504069,-15.98670193781929
CCCma,CanESM5-CanOE,r1i1p2f1,gn,ssp585,2017-03,2017,3,48.3291129995272,207.46862071887867,-28.979595525049103,-251.46249164492556,-17.25752104346489,-20.913518462336448,-62.815392957370115,53.61840029548194,181.90905131575357,-34.67089409376744,-224.510982804252,-11.546834976313114,-14.228565682492963,-49.42982594558999,-5.289287295954743,25.559569403125096,5.691298568718334,-26.95150884067357,-5.7106860671517765,-6.684952779843485,-13.385567011780125
CCCma,CanESM5-CanOE,r1i1p2f1,gn,ssp585,2017-04,2017,4,135.30828932720414,229.5806411587022,-83.89998309151991,-273.78082670699206,-7.917036956196335,-15.256989046644197,-15.965905315446133,150.89498619069317,203.6208955771701,-100.99704863032414,-251.65180393294378,-7.9311997876661655,-12.748308979152664,-18.812479562223483,-15.586696863489038,25.959745581532104,17.09706553880423,-22.12902277404828,0.01416283146983055,-2.5086800674915324,2.846574246777351
CCCma,CanESM5-CanOE,r1i1p2f1,gn,ssp585,2017-05,2017,5,219.9917311121378,267.88415997939745,-127.94064192010245,-305.4136625533316,-5.59207024292468,-12.342418055506934,36.587098319669586,248.79743010993508,243.09734417111952,-164.04568966482177,-289.5335198494272,-5.887403499858661,-12.858119228604854,19.570042038342113,-28.805698997797265,24.786815808277936,36.105047744719315,-15.880142703904426,0.29533325693398105,0.51570117309792,17.017056281327473
CCCma,CanESM5-CanOE,r1i1p2f1,gn,ssp585,2017-06,2017,6,245.13535081767478,291.5904207412265,-108.90339347791327,-322.50978283777596,-2.1856859931016865,-11.558980802984973,91.56792844712545,270.8609183255667,281.3191905962504,-161.1879435915762,-314.1864221932955,-4.112286789613121,-11.594284946025898,61.09917140130626,-25.725567507891896,10.27123014497613,52.28455011366292,-8.323360644480431,1.9266007965114342,0.035304143040924885,30.468757045819196
CCCma,CanESM5-CanOE,r1i1p2f1,gn,ssp585,2017-07,2017,7,196.97714357896209,306.68799152759874,-57.26076891869146,-330.7713621756265,0.27989276678108377,-8.962463165824497,106.95043361319944,224.2551920881,294.89674293371723,-102.79903416576022,-321.87172155748266,-1.1109446312367832,-9.39464386725119,83.97559080008637,-27.278048509137903,11.791248593881505,45.53826524706876,-8.899640618143849,1.390837398017867,0.4321807014266934,22.97484281311307
CCCma,CanESM5-CanOE,r1i1p2f1,gn,ssp585,2017-08,2017,8,117.64936815780693,310.1144277551537,-27.29744263935658,-332.370677585373,-2.984311839408832,-12.832629420934193,52.27873442788801,138.04127284497537,293.51802779646516,-52.18284747390068,-320.37372679006006,-2.5062649386197706,-10.800937684864726,45.69552375399525,-20.391904687168434,16.59639995868855,24.8854048345441,-11.996950795312955,-0.47804690078906154,-2.031691736069467,6.583210673892758
CCCma,CanESM5-CanOE,r1i1p2f1,gn,ssp585,2017-09,2017,9,51.09216609424575,295.22469043021215,-10.960480015767544,-322.96791314810616,-6.748935577542428,-15.667678673881126,-10.02815089083937,63.18456348645751,266.70302478658806,-23.013406979202472,-300.93944393720716,-7.82200411290642,-15.449381194229838,-17.336647950500325,-12.092397392211765,28.52166564362409,12.052926963434928,-22.028469210899004,1.0730685353639924,-0.21829747965128732,7.308497059660954
CCCma,CanESM5-CanOE,r1i1p2f1,gn,ssp585,2017-10,2017,10,14.090152386049986,264.4835333843521,-2.9810265169110868,-304.679078114603,-19.896459560715325,-25.665502470429203,-74.64838089225654,17.249578700676455,229.42952623657507,-6.05648776625267,-269.26043068333587,-15.60508683741619,-19.265371335151645,-63.508271684904834,-3.1594263146264687,35.054007147777014,3.075461249341583,-35.41864743126712,-4.291372723299135,-6.400131135277558,-11.140109207351706
CCCma,CanESM5-CanOE,r1i1p2f1,gn,ssp585,2017-11,2017,11,2.3069969904040044,230.69058093730249,-0.49954677881291143,-280.9691566901745,-29.286260862311646,-30.176089001243938,-107.9334754048365,2.515336833744441,201.51629179882505,-0.852789140129987,-242.618099337239,-18.104257216232263,-18.594844834341938,-76.1383618953737,-0.20833984334043665,29.174289138477434,0.35324236131707554,-38.3510573529355,-11.182003646079384,-11.581244166902,-31.795113509462794
CCCma,CanESM5-CanOE,r1i1p2f1,gn,ssp585,2017-12,2017,12,0.4618168722786588,216.39246564254478,-0.11707063086448827,-261.07155406838217,-24.82079088746652,-25.127572558109357,-94.28270562999907,0.5047198763123734,185.0172678795254,-0.21808210897323796,-226.00776044781924,-16.448539416236862,-17.091682477943937,-74.2440766951355,-0.042903004033714554,31.375197763019372,0.10101147810874969,-35.06379362056293,-8.372251471229657,-8.03589008016542,-20.038628934863567
CCCma,CanESM5-CanOE,r1i1p2f1,gn,ssp585,2018-01,2018,1,1.2502118818256245,206.23614096091842,-0.5372418396515792,-251.24032862261078,-17.957715950785342,-21.41234656623899,-83.66128013654264,1.3942172339713994,176.9672228764132,-0.7437200236333381,-217.63140127830133,-15.69624865399158,-16.575668975850103,-72.28559882139174,-0.14400535214577492,29.26891808450523,0.20647818398175888,-33.60892734430945,-2.2614672967937626,-4.836677590388888,-11.3756813151509
CCCma,CanESM5-CanOE,r1i1p2f1,gn,ssp585,2018-02,2018,2,9.438800841767538,198.92998540716727,-4.958296129705907,-243.32969740012516,-19.870314633908666,-21.97628863225669,-81.76581054706159,10.435125305198977,175.60313356881824,-6.187284967981398,-216.1570761380548,-13.895837664682768,-15.661279088587179,-65.86321898528892,-0.9963244634314385,23.32685183834903,1.228988838275491,-27.17262126207035,-5.974476969225899,-6.315009543669511,-15.902591561772667
CCCma,CanESM5-CanOE,r1i1p2f1,gn,ssp585,2018-03,2018,3,49.74643212565988,207.3274628265826,-29.398470448465243,-251.0461155676251,-15.546326904431195,-19.22719459550272,-58.14421256378178,53.61840029548194,181.90905131575357,-34.67089409376744,-224.510982804252,-11.546834976313114,-14.228565682492963,-49.42982594558999,-3.871968169822061,25.41841151082903,5.272423645302194,-26.5351327633731,-3.999491928118081,-4.998628913009757,-8.714386618191789
CCCma,CanESM5-CanOE,r1i1p2f1,gn,ssp585,2018-04,2018,4,134.9071219609139,232.16252475441814,-82.86040247477933,-274.5211589131002,-4.485598905033066,-11.626233951260188,-6.423747528840713,150.89498619069317,203.6208955771701,-100.99704863032414,-251.65180393294378,-7.9311997876661655,-12.748308979152664,-18.812479562223483,-15.987864229779262,28.54162917724804,18.13664615554481,-22.869354980156402,3.4456008826330997,1.1220750278924765,12.38873203338277
CCCma,CanESM5-CanOE,r1i1p2f1,gn,ssp585,2018-05,2018,5,228.12030414993401,257.8299858267226,-133.23673163552755,-300.7299085616117,-7.286379084581767,-14.869375801626138,29.827894893309388,248.79743010993508,243.09734417111952,-164.04568966482177,-289.5335198494272,-5.887403499858661,-12.858119228604854,19.570042038342113,-20.677125960001064,14.73264165560306,30.808958029294217,-11.1963887121845,-1.3989755847231056,-2.0112565730212832,10.257852854967275
CCCma,CanESM5-CanOE,r1i1p2f1,gn,ssp585,2018-06,2018,6,240.8104176313363,294.99558585365156,-113.21480111963588,-322.1204529298478,-1.9801311016801482,-10.31472687556547,88.1758914582586,270.8609183255667,281.3191905962504,-161.1879435915762,-314.1864221932955,-4.112286789613121,-11.594284946025898,61.09917140130626,-30.05050069423038,13.676395257401168,47.97314247194031,-7.934030736552245,2.132155687932973,1.2795580704604284,27.076720056952347
CCCma,CanESM5-CanOE,r1i1p2f1,gn,ssp585,2018-07,2018,7,201.09149878153173,303.17078902723637,-61.03473287431773,-328.7636643046263,0.6837713330243262,-9.658646789620525,105.48901517322786,224.2551920881,294.89674293371723,-102.79903416576022,-321.87172155748266,-1.1109446312367832,-9.39464386725119,83.97559080008637,-23.163693306568263,8.274046093519132,41.764301291442486,-6.8919427471436165,1.7947159642611095,-0.2640029223693343,21.51342437314149
CCCma,CanESM5-CanOE,r1i1p2f1,gn,ssp585,2018-08,2018,8,121.62789825123136,308.1757603156,-26.151236843617603,-330.87623147087874,-0.8662377654129723,-9.034779000690355,62.875173486231695,138.04127284497537,293.51802779646516,-52.18284747390068,-320.37372679006006,-2.5062649386197706,-10.800937684864726,45.69552375399525,-16.41337459374401,14.657732519134811,26.031610630283076,-10.502504680818674,1.6400271732067984,1.7661586841743713,17.17964973223644
CCCma,CanESM5-CanOE,r1i1p2f1,gn,ssp585,2018-09,2018,9,52.03779827391969,292.0617923127442,-10.500498327368218,-322.4075713030551,-10.050427576778732,-18.553071346281424,-17.411977966819563,63.18456348645751,266.70302478658806,-23.013406979202472,-300.93944393720716,-7.82200411290642,-15.449381194229838,-17.336647950500325,-11.146765212537822,25.358767526156157,12.512908651834254,-21.46812736584792,-2.2284234638723124,-3.103690152051586,-0.07533001631923852
CCCma,CanESM5-CanOE,r1i1p2f1,gn,ssp585,2018-10,2018,10,14.30470198379058,267.1826840191817,-2.9347643217989434,-306.84079619369214,-19.11864985712538,-26.46978351063238,-73.87660788027658,17.249578700676455,229.42952623657507,-6.05648776625267,-269.26043068333587,-15.60508683741619,-19.265371335151645,-63.508271684904834,-2.944876716885876,37.75315778260662,3.1217234444537265,-37.58036551035627,-3.5135630197091903,-7.2044121754807335,-10.368336195371747
CCCma,CanESM5-CanOE,r1i1p2f1,gn,ssp585,2018-11,2018,11,2.293457831916289,241.5859222742301,-0.5196420360543328,-285.29525282969206,-22.75735077333988,-25.76999845378552,-90.46286398672541,2.515336833744441,201.51629179882505,-0.852789140129987,-242.618099337239,-18.104257216232263,-18.594844834341938,-76.1383618953737,-0.22187900182815223,40.069630475405035,0.3331471040756542,-42.67715349245307,-4.653093557107617,-7.175153619443581,-14.324502091351704
CCCma,CanESM5-CanOE,r1i1p2f1,gn,ssp585,2018-12,2018,12,0.42371381983914314,218.50383145276797,-0.11149537352646381,-265.23697951610137,-25.59323133519411,-25.80105178031953,-97.81521273253433,0.5047198763123734,185.0172678795254,-0.21808210897323796,-226.00776044781924,-16.448539416236862,-17.091682477943937,-74.2440766951355,-0.08100605647323023,33.48656357324256,0.10658673544677415,-39.229219068282134,-9.144691918957246,-8.709369302375592,-23.57113603739883
CCCma,CanESM5-CanOE,r1i1p2f1,gn,ssp585,2019-01,2019,1,1.1766621702275368,219.9679918367736,-0.4595442324400993,-259.8918838945194,-14.058919487249124,-20.201699771423325,-73.46739337863085,1.3942172339713994,176.9672228764132,-0.7437200236333381,-217.63140127830133,-15.69624865399158,-16.575668975850103,-72.28559882139174,-0.21755506374386258,43.0007689603604,0.2841757911932388,-42.2604826162181,1.6373291667424557,-3.6260307955732216,-1.181794557239101
CCCma,CanESM5-CanOE,r1i1p2f1,gn,ssp585,2019-02,2019,2,9.114041718836514,211.9143815943576,-4.520692269093669,-253.55273818341354,-15.994766862962067,-21.72966870990955,-74.76944271218471,10.435125305198977,175.60313356881824,-6.187284967981398,-216.1570761380548,-13.895837664682768,-15.661279088587179,-65.86321898528892,-1.3210835863624624,36.311248025539356,1.6665926988877295,-37.39566204535873,-2.098929198279299,-6.068389621322371,-8.906223726895789
CCCma,CanESM5-CanOE,r1i1p2f1,gn,ssp585,2019-03,2019,3,47.56993956624379,213.13986446817088,-26.937707797270697,-254.91988024624285,-12.753635431424813,-18.735600627779338,-52.637020068303016,53.61840029548194,181.90905131575357,-34.67089409376744,-224.510982804252,-11.546834976313114,-14.228565682492963,-49.42982594558999,-6.048460729238151,31.230813152417312,7.73318629649674,-30.40889744199086,-1.2068004551116989,-4.5070349452863745,-3.2071941227130267
CCCma,CanESM5-CanOE,r1i1p2f1,gn,ssp585,2019-04,2019,4,139.44232544322378,226.12329912024782,-81.47898563113667,-273.94546640775496,-12.203309800678156,-17.222748322616447,-19.284885598714617,150.89498619069317,203.6208955771701,-100.99704863032414,-251.65180393294378,-7.9311997876661655,-12.748308979152664,-18.812479562223483,-11.452660747469395,22.50240354307772,19.518062999187478,-22.293662474811185,-4.27211001301199,-4.474439343463782,-0.4724060364911331
CCCma,CanESM5-CanOE,r1i1p2f1,gn,ssp585,2019-05,2019,5,223.35053500504318,263.28974801270226,-126.86007629787682,-304.245900382735,-7.164608507029311,-14.169300582024324,34.20039724807998,248.79743010993508,243.09734417111952,-164.04568966482177,-289.5335198494272,-5.887403499858661,-12.858119228604854,19.570042038342113,-25.446895104891894,20.192403841582745,37.18561336694495,-14.712380533307794,-1.2772050071706502,-1.3111813534194692,14.630355209737868
CCCma,CanESM5-CanOE,r1i1p2f1,gn,ssp585,2019-06,2019,6,239.02215806393534,294.4299661622158,-110.32769814698473,-322.4088945727104,-3.846228859999657,-12.072054771329668,84.79724787512666,270.8609183255667,281.3191905962504,-161.1879435915762,-314.1864221932955,-4.112286789613121,-11.594284946025898,61.09917140130626,-31.838760261631336,13.110775565965412,50.860245444591456,-8.222472379414853,0.266057929613464,-0.47776982530377055,23.6980764738204
CCCma,CanESM5-CanOE,r1i1p2f1,gn,ssp585,2019-07,2019,7,212.34192802506723,302.7732935598419,-64.38606475963483,-330.9453402477188,-1.1316236668372208,-9.96700700266488,108.68518590805341,224.2551920881,294.89674293371723,-102.79903416576022,-321.87172155748266,-1.1109446312367832,-9.39464386725119,83.97559080008637,-11.913264063032756,7.87655062612464,38.412969406125384,-9.073618690236117,-0.0206790356004376,-0.5723631354136902,24.709595107967047
CCCma,CanESM5-CanOE,r1i1p2f1,gn,ssp585,2019-08,2019,8,119.18004125828367,311.43036210547984,-27.841013053551247,-334.08718097881507,-1.475732316205493,-11.141581896326384,56.06489511886531,138.04127284497537,293.51802779646516,-52.18284747390068,-320.37372679006006,-2.5062649386197706,-10.800937684864726,45.69552375399525,-18.8612315866917,17.912334309014682,24.341834420349432,-13.713454188755009,1.0305326224142777,-0.34064421146165813,10.369371364870055
CCCma,CanESM5-CanOE,r1i1p2f1,gn,ssp585,2019-09,2019,9,50.55410481899547,296.9616461748178,-10.441835078824004,-325.28020443822925,-8.255454797825328,-19.21336490813434,-15.675108229199617,63.18456348645751,266.70302478658806,-23.013406979202472,-300.93944393720716,-7.82200411290642,-15.449381194229838,-17.336647950500325,-12.630458667462044,30.258621388229756,12.571571900378467,-24.34076050102209,-0.4334506849189079,-3.763983713904503,1.6615397213007075
CCCma,CanESM5-CanOE,r1i1p2f1,gn,ssp585,2019-10,2019,10,13.38608756121747,266.2512289834933,-2.514748343645308,-306.36411621393756,-20.954649610107317,-27.74409054417398,-77.94028816715334,17.249578700676455,229.42952623657507,-6.05648776625267,-269.26043068333587,-15.60508683741619,-19.265371335151645,-63.508271684904834,-3.8634911394589846,36.82170274691825,3.5417394226073617,-37.103685530601695,-5.349562772691128,-8.478719209022334,-14.432016482248507
CCCma,CanESM5-CanOE,r1i1p2f1,gn,ssp585,2019-11,2019,11,2.086264007716948,242.9749994947052,-0.41134420233600005,-284.0018772598772,-21.80396236182058,-25.205606413100337,-86.36152673471196,2.515336833744441,201.51629179882505,-0.852789140129987,-242.618099337239,-18.104257216232263,-18.594844834341938,-76.1383618953737,-0.4290728260274932,41.45870769588015,0.4414449377939869,-41.38377792263819,-3.699705145588318,-6.6107615787583995,-10.223164839338253
CCCma,CanESM5-CanOE,r1i1p2f1,gn,ssp585,2019-12,2019,12,0.4185679947010044,229.75418342924274,-0.10858531267790779,-271.61520785169955,-22.847793754643195,-24.52438173276657,-88.9232172278435,0.5047198763123734,185.0172678795254,-0.21808210897323796,-226.00776044781924,-16.448539416236862,-17.091682477943937,-74.2440766951355,-0.08615188161136894,44.73691554971734,0.10949679629533017,-45.607447403880315,-6.399254338406333,-7.432699254822634,-14.67914053270799
CCCma,CanESM5-CanOE,r1i1p2f1,gn,ssp585,2020-01,2020,1,1.298820338069615,202.23046385086394,-0.5033084920596983,-251.09686530932663,-26.35851903530773,-25.231460301478823,-99.6608689492393,1.3942172339713994,176.9672228764132,-0.7437200236333381,-217.63140127830133,-15.69624865399158,-16.575668975850103,-72.28559882139174,-0.09539689590178435,25.263240974450753,0.24041153157363981,-33.465464031025306,-10.66227038131615,-8.65579132562872,-27.375270127847557
CCCma,CanESM5-CanOE,r1i1p2f1,gn,ssp585,2020-02,2020,2,9.982605475045712,195.7587491017184,-5.039469101198292,-241.0488056896468,-17.811054418432096,-20.176076481573688,-78.33405111408675,10.435125305198977,175.60313356881824,-6.187284967981398,-216.1570761380548,-13.895837664682768,-15.661279088587179,-65.86321898528892,-0.452519830153264,20.155615532900157,1.1478158667831062,-24.891729551591993,-3.9152167537493288,-4.514797392986509,-12.470832128797824
CCCma,CanESM5-CanOE,r1i1p2f1,gn,ssp585,2020-03,2020,3,49.1475240942069,207.85032120141105,-28.92906617209803,-250.77098329506842,-15.159536241687228,-18.926507670096306,-56.78824808333205,53.61840029548194,181.90905131575357,-34.67089409376744,-224.510982804252,-11.546834976313114,-14.228565682492963,-49.42982594558999,-4.47087620127504,25.941269885657476,5.741827921669408,-26.260000490816424,-3.6127012653741133,-4.697941987603343,-7.35842213774206
CCCma,CanESM5-CanOE,r1i1p2f1,gn,ssp585,2020-04,2020,4,138.07335275520458,226.69113369609923,-83.38361145613874,-272.78244139956894,-10.14543801874297,-17.23626541193161,-18.783269835078443,150.89498619069317,203.6208955771701,-100.99704863032414,-251.65180393294378,-7.9311997876661655,-12.748308979152664,-18.812479562223483,-12.821633435488593,23.070238118929126,17.613437174185407,-21.13063746662516,-2.2142382310768047,-4.487956432778944,0.029209727145040887
CCCma,CanESM5-CanOE,r1i1p2f1,gn,ssp585,2020-05,2020,5,216.9100140684956,268.80823801643567,-123.74182040477935,-306.4993704976336,-4.210101186530451,-14.254826925311521,37.01213307067633,248.79743010993508,243.09734417111952,-164.04568966482177,-289.5335198494272,-5.887403499858661,-12.858119228604854,19.570042038342113,-31.88741604143948,25.71089384531615,40.30386926004242,-16.965850648206413,1.6773023133282097,-1.3967076967066667,17.442091032334215
CCCma,CanESM5-CanOE,r1i1p2f1,gn,ssp585,2020-06,2020,6,231.4056862786933,296.9640122213653,-100.08783943377391,-323.09340926507116,-2.66266949685946,-11.242394731575274,91.28338557277876,270.8609183255667,281.3191905962504,-161.1879435915762,-314.1864221932955,-4.112286789613121,-11.594284946025898,61.09917140130626,-39.45523204687336,15.6448216251149,61.10010415780228,-8.906987071775632,1.4496172927536608,0.3518902144506235,30.184214171472497
CCCma,CanESM5-CanOE,r1i1p2f1,gn,ssp585,2020-07,2020,7,203.2525448956945,308.6254890704668,-58.10037906256258,-332.5549493077459,-0.17579315800113757,-7.733977630982434,113.31293480686922,224.2551920881,294.89674293371723,-102.79903416576022,-321.87172155748266,-1.1109446312367832,-9.39464386725119,83.97559080008637,-21.002647192405476,13.728746136749578,44.69865510319764,-10.683227750263256,0.9351514732356456,1.6606662362687565,29.337344006782857
CCCma,CanESM5-CanOE,r1i1p2f1,gn,ssp585,2020-08,2020,8,123.9486854607407,307.59263951745305,-26.50688604706181,-333.93570105840666,-2.5861619331606645,-13.51396650398373,54.99860943558088,138.04127284497537,293.51802779646516,-52.18284747390068,-320.37372679006006,-2.5062649386197706,-10.800937684864726,45.69552375399525,-14.092587384234662,14.074611720987889,25.67596142683887,-13.561974268346603,-0.07989699454089383,-2.7130288191190033,9.303085681585628
CCCma,CanESM5-CanOE,r1i1p2f1,gn,ssp585,2020-09,2020,9,51.526812972228505,296.2807730551627,-10.515363965948922,-324.545316441241,-7.147503422559012,-15.585492838762324,-9.986090641120047,63.18456348645751,266.70302478658806,-23.013406979202472,-300.93944393720716,-7.82200411290642,-15.449381194229838,-17.336647950500325,-11.657750514229008,29.577748268574624,12.49804301325355,-23.60587250403387,0.6745006903474078,-0.1361116445324857,7.350557309380278
CCCma,CanESM5-CanOE,r1i1p2f1,gn,ssp585,2020-10,2020,10,14.021726834742468,265.53630777858365,-2.631454042043751,-306.88879648654574,-21.558914563098273,-29.39146411897917,-80.9125945973408,17.249578700676455,229.42952623657507,-6.05648776625267,-269.26043068333587,-15.60508683741619,-19.265371335151645,-63.508271684904834,-3.227851865933987,36.10678154200858,3.425033724208919,-37.628365803209874,-5.953827725682084,-10.126092783827524,-17.404322912435966
CCCma,CanESM5-CanOE,r1i1p2f1,gn,ssp585,2020-11,2020,11,2.223865012570486,229.98037253535122,-0.4481970327857816,-281.1173461724789,-32.60000451003014,-32.577576139948825,-114.53888630732195,2.515336833744441,201.51629179882505,-0.852789140129987,-242.618099337239,-18.104257216232263,-18.594844834341938,-76.1383618953737,-0.2914718211739551,28.46408073652617,0.40459210734420537,-38.499246835239916,-14.495747293797876,-13.982731305606887,-38.40052441194824
CCCma,CanESM5-CanOE,r1i1p2f1,gn,ssp585,2020-12,2020,12,0.4388358343206956,212.0624308476867,-0.10444307841794226,-259.99542797008957,-25.871355839856605,-26.327375327581656,-99.7973355339384,0.5047198763123734,185.0172678795254,-0.21808210897323796,-226.00776044781924,-16.448539416236862,-17.091682477943937,-74.2440766951355,-0.06588404199167774,27.045162968161293,0.1136390305552957,-33.98766752227033,-9.422816423619743,-9.235692849637719,-25.55325883880289
CCCma,CanESM5-CanOE,r1i1p2f1,gn,ssp585,2021-01,2021,1,1.2535274454855627,207.97459341792472,-0.5257317986477572,-253.6807016996904,-22.155382559495013,-23.504707743198303,-90.63840293762118,1.3942172339713994,176.9672228764132,-0.7437200236333381,-217.63140127830133,-15.69624865399158,-16.575668975850103,-72.28559882139174,-0.1406897884858367,31.007370541511534,0.2179882249855809,-36.04930042138906,-6.459133905503434,-6.9290387673481995,-18.352804116229436
CCCma,CanESM5-CanOE,r1i1p2f1,gn,ssp585,2021-02,2021,2,9.473249153105725,204.8017080149905,-5.1197963584458765,-246.8104633654665,-12.3594286392212,-17.866670395277303,-67.88140159031465,10.435125305198977,175.60313356881824,-6.187284967981398,-216.1570761380548,-13.895837664682768,-15.661279088587179,-65.86321898528892,-0.961876152093252,29.198574446172273,1.0674886095355216,-30.653387227411685,1.5364090254615679,-2.2053913066901245,-2.0181826050257285
CCCma,CanESM5-CanOE,r1i1p2f1,gn,ssp585,2021-03,2021,3,49.519778954784265,198.05381103275062,-28.844139006212764,-243.55426967285896,-16.176439285530563,-18.86208589939712,-59.863343876464526,53.61840029548194,181.90905131575357,-34.67089409376744,-224.510982804252,-11.546834976313114,-14.228565682492963,-49.42982594558999,-4.098621340697676,16.144759716997044,5.826755087554673,-19.04328686860697,-4.629604309217449,-4.633520216904156,-10.433517930874537
CCCma,CanESM5-CanOE,r1i1p2f1,gn,ssp585,2021-04,2021,4,137.48169248401445,223.99479337276742,-83.91173386086747,-268.9961329459934,-7.3967079524011154,-13.152892968541988,-11.980981871022063,150.89498619069317,203.6208955771701,-100.99704863032414,-251.65180393294378,-7.9311997876661655,-12.748308979152664,-18.812479562223483,-13.41329370667873,20.373897795597316,17.085314769456673,-17.344329013049617,0.5344918352650501,-0.40458398938932305,6.83149769120142
CCCma,CanESM5-CanOE,r1i1p2f1,gn,ssp585,2021-05,2021,5,221.05201235458065,263.8678533152301,-130.06132987820064,-303.79532252589144,-5.665245486872027,-14.049277514215378,31.348690264631273,248.79743010993508,243.09734417111952,-164.04568966482177,-289.5335198494272,-5.887403499858661,-12.858119228604854,19.570042038342113,-27.745417755354424,20.770509144110576,33.98435978662113,-14.261802676464242,0.2221580129866343,-1.1911582856105234,11.77864822628916
CCCma,CanESM5-CanOE,r1i1p2f1,gn,ssp585,2021-06,2021,6,233.0110904228702,298.1076190610517,-105.99390407324175,-323.3166689334637,-1.9466616328067017,-10.451876915018952,89.40959792939087,270.8609183255667,281.3191905962504,-161.1879435915762,-314.1864221932955,-4.112286789613121,-11.594284946025898,61.09917140130626,-37.84982790269646,16.788428464801314,55.194039518334435,-9.130246740168161,2.165625156806419,1.142408031006946,28.310426528084612
CCCma,CanESM5-CanOE,r1i1p2f1,gn,ssp585,2021-07,2021,7,203.60281960571936,306.26554905483954,-58.36847113057821,-331.1723618399371,0.6556811393096763,-7.900205396167572,113.08301143318569,224.2551920881,294.89674293371723,-102.79903416576022,-321.87172155748266,-1.1109446312367832,-9.39464386725119,83.97559080008637,-20.652372482380628,11.368806121122304,44.43056303518201,-9.300640282454424,1.7666257705464594,1.494438471083618,29.107420633099323
CCCma,CanESM5-CanOE,r1i1p2f1,gn,ssp585,2021-08,2021,8,128.24062998613064,304.26597989502926,-27.574834893584793,-332.4823871875047,-1.6059145350590787,-12.519239038497027,58.32423422651427,138.04127284497537,293.51802779646516,-52.18284747390068,-320.37372679006006,-2.5062649386197706,-10.800937684864726,45.69552375399525,-9.800642858844725,10.747952098564099,24.608012580315886,-12.108660397444623,0.900350403560692,-1.7183013536323006,12.628710472519018
CCCma,CanESM5-CanOE,r1i1p2f1,gn,ssp585,2021-09,2021,9,53.16115176200668,291.8364252599284,-11.386364535605896,-322.918056536597,-8.774027752154481,-18.7378300434689,-16.818701845891223,63.18456348645751,266.70302478658806,-23.013406979202472,-300.93944393720716,-7.82200411290642,-15.449381194229838,-17.336647950500325,-10.023411724450831,25.133400473340316,11.627042443596576,-21.978612599389862,-0.9520236392480612,-3.288448849239062,0.5179461046091021
CCCma,CanESM5-CanOE,r1i1p2f1,gn,ssp585,2021-10,2021,10,13.932472857889856,258.85392836761406,-2.861744892006088,-299.6260336523738,-21.054952996112643,-26.257436982475493,-77.01376729746407,17.249578700676455,229.42952623657507,-6.05648776625267,-269.26043068333587,-15.60508683741619,-19.265371335151645,-63.508271684904834,-3.3171058427865994,29.42440213103899,3.194742874246582,-30.365602969037923,-5.449866158696453,-6.992065647323848,-13.505495612559237
CCCma,CanESM5-CanOE,r1i1p2f1,gn,ssp585,2021-11,2021,11,2.151704606429569,230.9770845225731,-0.45120621128912497,-277.9321811749486,-28.176964946083448,-29.015647224010458,-102.44721042732894,2.515336833744441,201.51629179882505,-0.852789140129987,-242.618099337239,-18.104257216232263,-18.594844834341938,-76.1383618953737,-0.3636322273148722,29.460792723748057,0.401582928840862,-35.31408183770961,-10.072707729851185,-10.42080238966852,-26.308848531955235
CCCma,CanESM5-CanOE,r1i1p2f1,gn,ssp585,2021-12,2021,12,0.4220777715936239,206.82746587443202,-0.10642695352161152,-255.7024270161154,-27.283188742137764,-26.72633418055394,-102.56883324630306,0.5047198763123734,185.0172678795254,-0.21808210897323796,-226.00776044781924,-16.448539416236862,-17.091682477943937,-74.2440766951355,-0.08264210471874944,21.810197994906616,0.11165515545162644,-29.694666568296157,-10.834649325900902,-9.634651702610004,-28.324756551167553
CCCma,CanESM5-CanOE,r1i1p2f1,gn,ssp585,2022-01,2022,1,1.2919461553798888,203.14062035733656,-0.5472560322983598,-246.78523779272535,-18.916927285337636,-23.889285705633508,-85.7061403032784,1.3942172339713994,176.9672228764132,-0.7437200236333381,-217.63140127830133,-15.69624865399158,-16.575668975850103,-72.28559882139174,-0.10227107859151063,26.17339748092337,0.19646399133497827,-29.15383651442403,-3.220678631346056,-7.313616729783405,-13.420541481886659
CCCma,CanESM5-CanOE,r1i1p2f1,gn,ssp585,2022-02,2022,2,9.40143187472905,207.5327978314647,-5.023956695958653,-247.80262925860308,-16.751034229155394,-22.058927823074225,-74.7023183005976,10.435125305198977,175.60313356881824,-6.187284967981398,-216.1570761380548,-13.895837664682768,-15.661279088587179,-65.86321898528892,-1.033693430469926,31.92966426264647,1.1633282720227456,-31.64555312054827,-2.8551965644726263,-6.397648734487046,-8.839099315308673
CCCma,CanESM5-CanOE,r1i1p2f1,gn,ssp585,2022-03,2022,3,49.00543269061589,208.8472675100045,-28.562593385793633,-252.58008129378655,-16.71121849144993,-20.731234253129617,-60.73242722353932,53.61840029548194,181.90905131575357,-34.67089409376744,-224.510982804252,-11.546834976313114,-14.228565682492963,-49.42982594558999,-4.61296760486605,26.93821619425094,6.108300707973804,-28.069098489534554,-5.164383515136816,-6.502668570636654,-11.302601277949329
CCCma,CanESM5-CanOE,r1i1p2f1,gn,ssp585,2022-04,2022,4,137.42034463448599,231.25676213724563,-83.01229398637469,-276.7719426623803,-9.811235712502773,-18.138798609940096,-19.057164199466264,150.89498619069317,203.6208955771701,-100.99704863032414,-251.65180393294378,-7.9311997876661655,-12.748308979152664,-18.812479562223483,-13.474641556207189,27.635866560075527,17.984754643949458,-25.12013872943652,-1.8800359248366076,-5.390489630787432,-0.24468463724278067
CCCma,CanESM5-CanOE,r1i1p2f1,gn,ssp585,2022-05,2022,5,218.7532911173941,270.83143001928835,-126.62537736037102,-308.3878699444305,-5.319611161762348,-13.637577026859486,35.614285643259066,248.79743010993508,243.09734417111952,-164.04568966482177,-289.5335198494272,-5.887403499858661,-12.858119228604854,19.570042038342113,-30.04413899254098,27.73408584816883,37.420312304450746,-18.854350095003326,0.5677923380963135,-0.7794577982546311,16.044243604916954
CCCma,CanESM5-CanOE,r1i1p2f1,gn,ssp585,2022-06,2022,6,229.83267586096306,297.8354062663598,-109.55200604710322,-323.01084210275974,-5.15910103977929,-13.416207109583434,76.52992582809726,270.8609183255667,281.3191905962504,-161.1879435915762,-314.1864221932955,-4.112286789613121,-11.594284946025898,61.09917140130626,-41.02824246460361,16.516215670109432,51.63593754447297,-8.824419909464211,-1.046814250166169,-1.8219221635575362,15.430754426791005
CCCma,CanESM5-CanOE,r1i1p2f1,gn,ssp585,2022-07,2022,7,204.75013915982885,304.86315580372064,-61.969489703428984,-330.5693119340108,1.4164763694298264,-8.815500239683189,109.67546945585639,224.2551920881,294.89674293371723,-102.79903416576022,-321.87172155748266,-1.1109446312367832,-9.39464386725119,83.97559080008637,-19.50505292827114,9.96641287000341,40.829544462331235,-8.697590376528126,2.5274210006666094,0.5791436275680013,25.69987865577002
CCCma,CanESM5-CanOE,r1i1p2f1,gn,ssp585,2022-08,2022,8,120.41473618526945,311.0269782612627,-26.922706820031525,-332.74342305633354,-0.1757841079175071,-9.09695016795133,62.502850294298256,138.04127284497537,293.51802779646516,-52.18284747390068,-320.37372679006006,-2.5062649386197706,-10.800937684864726,45.69552375399525,-17.62653665970592,17.508950464797522,25.260140653869154,-12.369696266273479,2.3304808307022635,1.7039875169133953,16.807326540303002
CCCma,CanESM5-CanOE,r1i1p2f1,gn,ssp585,2022-09,2022,9,50.21477355461309,296.6953136880676,-10.054648937831915,-325.0216722902834,-8.258346171950105,-19.21408729629518,-15.638667453679929,63.18456348645751,266.70302478658806,-23.013406979202472,-300.93944393720716,-7.82200411290642,-15.449381194229838,-17.336647950500325,-12.969789931844424,29.992288901479526,12.958758041370556,-24.082228353076232,-0.4363420590436853,-3.7647061020653414,1.6979804968203958
CCCma,CanESM5-CanOE,r1i1p2f1,gn,ssp585,2022-10,2022,10,13.931958705433852,268.8402405979705,-2.7621985306571966,-306.7740679240903,-18.185079929113478,-25.49700452585503,-70.44615160631167,17.249578700676455,229.42952623657507,-6.05648776625267,-269.26043068333587,-15.60508683741619,-19.265371335151645,-63.508271684904834,-3.3176199952426035,39.41071436139541,3.2942892355954734,-37.513637240754406,-2.579993091697288,-6.231633190703384,-6.937879921406839
CCCma,CanESM5-CanOE,r1i1p2f1,gn,ssp585,2022-11,2022,11,2.215897314537863,249.25311668176238,-0.5113690792885986,-290.0207793009984,-17.961716399848715,-25.128333026077946,-82.1531838099134,2.515336833744441,201.51629179882505,-0.852789140129987,-242.618099337239,-18.104257216232263,-18.594844834341938,-76.1383618953737,-0.2994395192065782,47.73682488293733,0.3414200608413883,-47.402679963759425,0.14254081638354776,-6.533488191736009,-6.014821914539695
CCCma,CanESM5-CanOE,r1i1p2f1,gn,ssp585,2022-12,2022,12,0.4607304463505872,226.4783655669403,-0.12953291983716866,-271.30913551204435,-27.796483912839864,-29.268379631546992,-101.56443596297747,0.5047198763123734,185.0172678795254,-0.21808210897323796,-226.00776044781924,-16.448539416236862,-17.091682477943937,-74.2440766951355,-0.043989429961786175,41.461097687414906,0.0885491891360693,-45.30137506422511,-11.347944496603002,-12.176697153603055,-27.320359267841965
CCCma,CanESM5-CanOE,r1i1p2f1,gn,ssp585,2023-01,2023,1,1.2521012396387723,210.75375638575784,-0.5039821398445093,-255.29818198396268,-23.203412046919766,-25.015158222912692,-92.01487676824304,1.3942172339713994,176.9672228764132,-0.7437200236333381,-217.63140127830133,-15.69624865399158,-16.575668975850103,-72.28559882139174,-0.14211599433262712,33.78653350934465,0.23973788378882877,-37.66678070566135,-7.507163392928186,-8.439489247062589,-19.729277946851298
CCCma,CanESM5-CanOE,r1i1p2f1,gn,ssp585,2023-02,2023,2,9.424468899686298,206.31959805157518,-4.94532331076041,-250.0647804205514,-22.086916289368432,-24.13374576343902,-85.48669883285777,10.435125305198977,175.60313356881824,-6.187284967981398,-216.1570761380548,-13.895837664682768,-15.661279088587179,-65.86321898528892,-1.0106564055126785,30.716464482756948,1.2419616572209877,-33.90770428249658,-8.191078624685664,-8.472466674851841,-19.623479847568845
CCCma,CanESM5-CanOE,r1i1p2f1,gn,ssp585,2023-03,2023,3,48.35864809768964,212.81273412538368,-27.718514784577625,-256.24913118912866,-12.020337188522166,-19.688814598821043,-54.505415537976134,53.61840029548194,181.90905131575357,-34.67089409376744,-224.510982804252,-11.546834976313114,-14.228565682492963,-49.42982594558999,-5.259752197792302,30.903682809630112,6.952379309189812,-31.738148384876666,-0.473502212209052,-5.46024891632808,-5.0755895923861445
CCCma,CanESM5-CanOE,r1i1p2f1,gn,ssp585,2023-04,2023,4,135.60955554872163,231.53870828036727,-80.74829253229002,-276.21067293274746,-7.324728434327298,-17.888738131202675,-15.024168201478506,150.89498619069317,203.6208955771701,-100.99704863032414,-251.65180393294378,-7.9311997876661655,-12.748308979152664,-18.812479562223483,-15.285430641971544,27.91781270319717,20.24875609803412,-24.55886899980368,0.6064713533388675,-5.140429152050011,3.788311360744977
CCCma,CanESM5-CanOE,r1i1p2f1,gn,ssp585,2023-05,2023,5,211.28671808041832,273.55915327589,-118.60078813406473,-309.37974882919644,-3.6102343641686176,-13.661792270584506,39.59330775829407,248.79743010993508,243.09734417111952,-164.04568966482177,-289.5335198494272,-5.887403499858661,-12.858119228604854,19.570042038342113,-37.51071202951675,30.46180910477051,45.444901530757036,-19.84622897976925,2.2771691356900434,-0.8036730419796516,20.023265719951954
CCCma,CanESM5-CanOE,r1i1p2f1,gn,ssp585,2023-06,2023,6,240.4273358717826,296.51576917088585,-105.80818396559454,-325.05162625414687,-2.9281310205761875,-10.921134968508982,92.23402883384186,270.8609183255667,281.3191905962504,-161.1879435915762,-314.1864221932955,-4.112286789613121,-11.594284946025898,61.09917140130626,-30.433582453784084,15.196578574635453,55.37975962598165,-10.86520406085134,1.1841557690369333,0.6731499775169159,31.134857432535604
CCCma,CanESM5-CanOE,r1i1p2f1,gn,ssp585,2023-07,2023,7,196.00321289976478,310.53209919045133,-53.823916455841854,-334.2312495471177,0.664967404850636,-8.865705025950327,110.27940846615684,224.2551920881,294.89674293371723,-102.79903416576022,-321.87172155748266,-1.1109446312367832,-9.39464386725119,83.97559080008637,-28.251979188335213,15.635356256734099,48.975117709918365,-12.359527989635069,1.7759120360874192,0.5289388413008638,26.303817666070472
CCCma,CanESM5-CanOE,r1i1p2f1,gn,ssp585,2023-08,2023,8,114.85164533337831,314.38966675389315,-23.236474598753382,-336.11997186044454,-0.4576359055730939,-11.665164847126194,57.762064875374264,138.04127284497537,293.51802779646516,-52.18284747390068,-320.37372679006006,-2.5062649386197706,-10.800937684864726,45.69552375399525,-23.189627511597052,20.87163895742799,28.946372875147297,-15.746245070384475,2.0486290330466765,-0.8642271622614679,12.06654112137901
CCCma,CanESM5-CanOE,r1i1p2f1,gn,ssp585,2023-09,2023,9,48.974091767976454,300.3106311854636,-8.752110646797401,-328.17768393154415,-9.71395124123974,-20.3601499397854,-17.719172805926647,63.18456348645751,266.70302478658806,-23.013406979202472,-300.93944393720716,-7.82200411290642,-15.449381194229838,-17.336647950500325,-14.21047171848106,33.60760639887553,14.26129633240507,-27.238239994336993,-1.891947128333321,-4.910768745555563,-0.38252485542632186
CCCma,CanESM5-CanOE,r1i1p2f1,gn,ssp585,2023-10,2023,10,13.964891910258698,273.03648868098134,-2.5255464113562143,-312.58898495243074,-21.7884052655314,-29.909415364229044,-79.81097140230737,17.249578700676455,229.42952623657507,-6.05648776625267,-269.26043068333587,-15.60508683741619,-19.265371335151645,-63.508271684904834,-3.284686790417757,43.606962444406264,3.5309413548964557,-43.328554269094866,-6.183318428115209,-10.6440440290774,-16.30269971740254
CCCma,CanESM5-CanOE,r1i1p2f1,gn,ssp585,2023-11,2023,11,2.002245784662028,243.13138532733115,-0.4160906403431491,-291.00222703754133,-28.1125459595464,-29.415715017042004,-103.81294754247972,2.515336833744441,201.51629179882505,-0.852789140129987,-242.618099337239,-18.104257216232263,-18.594844834341938,-76.1383618953737,-0.513091049082413,41.615093528506094,0.4366984997868379,-48.384127700302344,-10.008288743314136,-10.820870182700066,-27.674585647106014
CCCma,CanESM5-CanOE,r1i1p2f1,gn,ssp585,2023-12,2023,12,0.4698934182386906,220.9827145165798,-0.13158504794938666,-268.42723038223056,-29.528823878204363,-29.835214031348524,-106.47024540491437,0.5047198763123734,185.0172678795254,-0.21808210897323796,-226.00776044781924,-16.448539416236862,-17.091682477943937,-74.2440766951355,-0.03482645807368279,35.965446637054384,0.0864970610238513,-42.419469934411325,-13.080284461967501,-12.743531553404587,-32.22616870977886
CCCma,CanESM5-CanOE,r1i1p2f1,gn,ssp585,2024-01,2024,1,1.234895730185552,212.70001654855082,-0.524285347159172,-261.98629603242347,-24.218193046326785,-28.07955520043521,-100.87341734760828,1.3942172339713994,176.9672228764132,-0.7437200236333381,-217.63140127830133,-15.69624865399158,-16.575668975850103,-72.28559882139174,-0.1593215037858473,35.73279367213763,0.21943467647416615,-44.35489475412214,-8.521944392335206,-11.503886224585106,-28.587818526216537
CCCma,CanESM5-CanOE,r1i1p2f1,gn,ssp585,2024-02,2024,2,9.86721337630628,200.01093386336146,-4.8991482117067635,-249.43732738580132,-23.563076630338678,-25.41210100188429,-93.43350599006335,10.435125305198977,175.60313356881824,-6.187284967981398,-216.1570761380548,-13.895837664682768,-15.661279088587179,-65.86321898528892,-0.5679119288926966,24.40780029454322,1.2881367562746346,-33.28025124774652,-9.66723896565591,-9.750821913297113,-27.57028700477443
CCCma,CanESM5-CanOE,r1i1p2f1,gn,ssp585,2024-03,2024,3,48.64560521931654,208.51421604900642,-27.71238027109571,-255.35762188303892,-16.718460160005453,-21.219941255710918,-63.848582301528026,53.61840029548194,181.90905131575357,-34.67089409376744,-224.510982804252,-11.546834976313114,-14.228565682492963,-49.42982594558999,-4.972795076165397,26.60516473325285,6.958513822671726,-30.84663907878692,-5.171625183692338,-6.9913755732179546,-14.418756355938037
CCCma,CanESM5-CanOE,r1i1p2f1,gn,ssp585,2024-04,2024,4,133.69019171727615,239.717303423626,-79.30796635304716,-283.0295295986997,-8.646075181650742,-16.34793843043162,-13.924014422927078,150.89498619069317,203.6208955771701,-100.99704863032414,-251.65180393294378,-7.9311997876661655,-12.748308979152664,-18.812479562223483,-17.204794473417024,36.09640784645589,21.68908227727698,-31.377725665755918,-0.7148753939845767,-3.599629451278954,4.888465139296406
CCCma,CanESM5-CanOE,r1i1p2f1,gn,ssp585,2024-05,2024,5,215.8176928104961,268.3140016032962,-123.63023141201272,-307.0287126207064,-7.348346112055259,-15.824576093192439,30.299828175825482,248.79743010993508,243.09734417111952,-164.04568966482177,-289.5335198494272,-5.887403499858661,-12.858119228604854,19.570042038342113,-32.979737299438966,25.216657432176703,40.415458252809046,-17.49519277127922,-1.4609426121965976,-2.9664568645875846,10.72978613748337
CCCma,CanESM5-CanOE,r1i1p2f1,gn,ssp585,2024-06,2024,6,224.0831169578404,298.52385977564035,-97.02889913014609,-323.41808815304614,-2.5127659281536974,-11.002563820115432,88.64465970201931,270.8609183255667,281.3191905962504,-161.1879435915762,-314.1864221932955,-4.112286789613121,-11.594284946025898,61.09917140130626,-46.77780136772628,17.204669179389953,64.1590444614301,-9.231665959750615,1.5995208614594234,0.5917211259104658,27.545488300713053
CCCma,CanESM5-CanOE,r1i1p2f1,gn,ssp585,2024-07,2024,7,196.10045251030098,308.27879996079633,-51.68214721500765,-331.75861909883326,0.27737448594370046,-7.8216950672792285,113.39416557592084,224.2551920881,294.89674293371723,-102.79903416576022,-321.87172155748266,-1.1109446312367832,-9.39464386725119,83.97559080008637,-28.154739577799006,13.3820570270791,51.116886950752566,-9.886897541350606,1.3883191171804836,1.5729487999719618,29.418574775834472
CCCma,CanESM5-CanOE,r1i1p2f1,gn,ssp585,2024-08,2024,8,120.87287938020953,310.4003306551311,-23.501624566276654,-334.25606753590296,-1.903158659032543,-12.138994494389909,59.4733647797386,138.04127284497537,293.51802779646516,-52.18284747390068,-320.37372679006006,-2.5062649386197706,-10.800937684864726,45.69552375399525,-17.168393464765842,16.882302858665923,28.681222907624026,-13.882340745842896,0.6031062795872275,-1.3380568095251828,13.77784102574335
CCCma,CanESM5-CanOE,r1i1p2f1,gn,ssp585,2024-09,2024,9,50.16553355191558,296.03122725598377,-9.196016574660765,-325.94766287855947,-9.33931749711273,-20.18199063654674,-18.468226778980334,63.18456348645751,266.70302478658806,-23.013406979202472,-300.93944393720716,-7.82200411290642,-15.449381194229838,-17.336647950500325,-13.019029934541933,29.328202469395706,13.817390404541706,-25.00821894135231,-1.517313384206311,-4.732609442316901,-1.1315788284800092
CCCma,CanESM5-CanOE,r1i1p2f1,gn,ssp585,2024-10,2024,10,13.593104490364649,267.4056322503564,-2.550227336310338,-308.9188789803356,-21.472592227638376,-27.616986792064182,-79.55994859562746,17.249578700676455,229.42952623657507,-6.05648776625267,-269.26043068333587,-15.60508683741619,-19.265371335151645,-63.508271684904834,-3.6564742103118064,37.97610601378133,3.506260429942332,-39.65844829699972,-5.8675053902221865,-8.351615456912537,-16.051676910722627
CCCma,CanESM5-CanOE,r1i1p2f1,gn,ssp585,2024-11,2024,11,2.015412480851867,245.80614649957795,-0.40539444615804865,-287.87959382916,-22.47374885162908,-26.549249072697418,-89.48642721921475,2.515336833744441,201.51629179882505,-0.852789140129987,-242.618099337239,-18.104257216232263,-18.594844834341938,-76.1383618953737,-0.49992435289257386,44.2898547007529,0.4473946939719383,-45.26149449192101,-4.369491635396816,-7.95440423835548,-13.348065323841041
CCCma,CanESM5-CanOE,r1i1p2f1,gn,ssp585,2024-12,2024,12,0.43602400817621956,213.84393967711839,-0.11111140261887748,-265.04907279926795,-32.218395081023644,-30.333673646270586,-113.43228924388646,0.5047198763123734,185.0172678795254,-0.21808210897323796,-226.00776044781924,-16.448539416236862,-17.091682477943937,-74.2440766951355,-0.0686958681361538,28.82667179759298,0.10697070635436048,-39.04131235144871,-15.769855664786782,-13.24199116832665,-39.188212548750954
CCCma,CanESM5-CanOE,r1i1p2f1,gn,ssp585,2025-01,2025,1,1.2133566833746363,211.4944148396265,-0.472779160953913,-257.6277108291971,-22.222996263954343,-24.930546100398136,-92.54626083150235,1.3942172339713994,176.9672228764132,-0.7437200236333381,-217.63140127830133,-15.69624865399158,-16.575668975850103,-72.28559882139174,-0.1808605505967631,34.52719196321331,0.27094086267942513,-39.996309550895774,-6.526747609962763,-8.354877124548032,-20.260662010110607
CCCma,CanESM5-CanOE,r1i1p2f1,gn,ssp585,2025-02,2025,2,9.566183710607493,214.11518932058883,-4.658217139448568,-256.6874436282419,-17.981450790526186,-22.95748404483519,-78.60322257185553,10.435125305198977,175.60313356881824,-6.187284967981398,-216.1570761380548,-13.895837664682768,-15.661279088587179,-65.86321898528892,-0.8689415945914831,38.51205575177059,1.5290678285328303,-40.5303674901871,-4.085613125843418,-7.296204956248012,-12.740003586566601
CCCma,CanESM5-CanOE,r1i1p2f1,gn,ssp585,2025-03,2025,3,46.6950745036052,210.65011686439215,-26.620811841790797,-255.73712959283523,-18.418863132353966,-22.269309389930655,-65.70092258891327,53.61840029548194,181.90905131575357,-34.67089409376744,-224.510982804252,-11.546834976313114,-14.228565682492963,-49.42982594558999,-6.923325791876742,28.741065548638574,8.05008225197664,-31.226146788583236,-6.872028156040852,-8.040743707437692,-16.271096643323283
CCCma,CanESM5-CanOE,r1i1p2f1,gn,ssp585,2025-04,2025,4,132.42487656765638,238.77763822392114,-75.71706653938851,-283.2167759462125,-8.446912407882564,-18.00751447638978,-14.185754578295835,150.89498619069317,203.6208955771701,-100.99704863032414,-251.65180393294378,-7.9311997876661655,-12.748308979152664,-18.812479562223483,-18.47010962303679,35.15674264675104,25.279982090935633,-31.564972013268743,-0.5157126202163989,-5.259205497237115,4.626724983927648
CCCma,CanESM5-CanOE,r1i1p2f1,gn,ssp585,2025-05,2025,5,215.35953951370882,270.4880303687848,-118.89241296032176,-308.7608285368978,-3.6258876658616432,-13.017655311023564,41.550785408388904,248.79743010993508,243.09734417111952,-164.04568966482177,-289.5335198494272,-5.887403499858661,-12.858119228604854,19.570042038342113,-33.437890596226254,27.390686197665275,45.1532767045,-19.22730868747061,2.261515833997018,-0.1595360824187093,21.980743370046792
CCCma,CanESM5-CanOE,r1i1p2f1,gn,ssp585,2025-06,2025,6,235.30308660219114,298.77470619323674,-103.91643182535292,-325.5305305686593,-1.8463330026790608,-9.803198872118292,92.98129852661832,270.8609183255667,281.3191905962504,-161.1879435915762,-314.1864221932955,-4.112286789613121,-11.594284946025898,61.09917140130626,-35.55783172337553,17.455515596986345,57.27151176622327,-11.34410837536376,2.26595378693406,1.7910860739076053,31.88212712531206
CCCma,CanESM5-CanOE,r1i1p2f1,gn,ssp585,2025-07,2025,7,203.53502147386234,308.1415201327523,-54.06223269771599,-334.01678538815224,-0.3717358282732424,-9.123514316146375,114.10227337632678,224.2551920881,294.89674293371723,-102.79903416576022,-321.87172155748266,-1.1109446312367832,-9.39464386725119,83.97559080008637,-20.720170614237645,13.24477719903507,48.73680146804423,-12.145063830669585,0.7392088029635409,0.2711295511048153,30.126682576240412
CCCma,CanESM5-CanOE,r1i1p2f1,gn,ssp585,2025-08,2025,8,116.29935427920344,313.3255420081424,-23.16384904231096,-335.77743664786044,-1.8369159577571292,-12.34464257176669,56.50205206765062,138.04127284497537,293.51802779646516,-52.18284747390068,-320.37372679006006,-2.5062649386197706,-10.800937684864726,45.69552375399525,-21.741918565771925,19.807514211677244,29.01899843158972,-15.40370985780038,0.6693489808626414,-1.5437048869019634,10.806528313655363
CCCma,CanESM5-CanOE,r1i1p2f1,gn,ssp585,2025-09,2025,9,49.05033603041687,299.2805898148265,-8.647421675323866,-328.12878380639967,-11.414919639169044,-22.38676593809218,-22.24696521374139,63.18456348645751,266.70302478658806,-23.013406979202472,-300.93944393720716,-7.82200411290642,-15.449381194229838,-17.336647950500325,-14.134227456040641,32.57756502823844,14.365985303878606,-27.18933986919251,-3.5929155262626242,-6.93738474386234,-4.910317263241065
CCCma,CanESM5-CanOE,r1i1p2f1,gn,ssp585,2025-10,2025,10,14.457192923982056,264.0141236584517,-2.7496734558705747,-309.46596463199995,-25.191292656087715,-32.012929158025166,-90.94854331954963,17.249578700676455,229.42952623657507,-6.05648776625267,-269.26043068333587,-15.60508683741619,-19.265371335151645,-63.508271684904834,-2.792385776694399,34.58459742187662,3.3068143103820953,-40.20553394866408,-9.586205818671525,-12.747557822873521,-27.440271634644795
CCCma,CanESM5-CanOE,r1i1p2f1,gn,ssp585,2025-11,2025,11,2.2173142688223213,245.4406534725972,-0.45337204975451983,-292.80433077010053,-26.41252504487498,-29.907725322865804,-101.9199854461763,2.515336833744441,201.51629179882505,-0.852789140129987,-242.618099337239,-18.104257216232263,-18.594844834341938,-76.1383618953737,-0.29802256492211976,43.924361673772154,0.39941709037546713,-50.18623143286155,-8.308267828642716,-11.312880488523867,-25.781623550802593
CCCma,CanESM5-CanOE,r1i1p2f1,gn,ssp585,2025-12,2025,12,0.4448206146868404,220.20989800827496,-0.10932166328706915,-269.67756138510487,-29.59282199990967,-28.911299764074332,-107.63628618941412,0.5047198763123734,185.0172678795254,-0.21808210897323796,-226.00776044781924,-16.448539416236862,-17.091682477943937,-74.2440766951355,-0.05989926162553294,35.192630128749556,0.10876044568616881,-43.66980093728563,-13.144282583672808,-11.819617286130395,-33.39220949427862
CCCma,CanESM5-CanOE,r1i1p2f1,gn,ssp585,2026-01,2026,1,1.3212226834571486,201.0984930681419,-0.5039126262375655,-251.50490581218756,-29.590764455719132,-28.184336309357086,-107.36420345190231,1.3942172339713994,176.9672228764132,-0.7437200236333381,-217.63140127830133,-15.69624865399158,-16.575668975850103,-72.28559882139174,-0.07299455051425086,24.131270191728703,0.23980739739577261,-33.87350453388623,-13.894515801727552,-11.608667333506983,-35.07860463051057
CCCma,CanESM5-CanOE,r1i1p2f1,gn,ssp585,2026-02,2026,2,9.50315611469172,215.04028946949364,-4.815975327184243,-259.68840837929594,-20.258833335202873,-25.130391844279917,-85.35016330177763,10.435125305198977,175.60313356881824,-6.187284967981398,-216.1570761380548,-13.895837664682768,-15.661279088587179,-65.86321898528892,-0.9319691905072567,39.43715590067541,1.371309640797155,-43.53133224124113,-6.362995670520105,-9.469112755692738,-19.486944316488703
CCCma,CanESM5-CanOE,r1i1p2f1,gn,ssp585,2026-03,2026,3,46.848265813213345,216.971611641096,-26.885729715762615,-258.70627557015206,-14.528281118303111,-20.352938867405364,-56.65334781731381,53.61840029548194,181.90905131575357,-34.67089409376744,-224.510982804252,-11.546834976313114,-14.228565682492963,-49.42982594558999,-6.770134482268595,35.06256032534242,7.785164378004822,-34.195292765900064,-2.9814461419899967,-6.1243731849124,-7.223521871723818
CCCma,CanESM5-CanOE,r1i1p2f1,gn,ssp585,2026-04,2026,4,139.17040707603908,225.36523408114098,-79.93839085211633,-277.2501840006547,-14.265778408651704,-20.466125601360876,-27.384837705603523,150.89498619069317,203.6208955771701,-100.99704863032414,-251.65180393294378,-7.9311997876661655,-12.748308979152664,-18.812479562223483,-11.724579114654091,21.74433850397088,21.058657778207817,-25.598380067710934,-6.334578620985538,-7.717816622208211,-8.57235814338004
CCCma,CanESM5-CanOE,r1i1p2f1,gn,ssp585,2026-05,2026,5,216.30991948569508,269.6924566826997,-118.50043702262161,-309.69194454075506,-7.717387094592254,-16.31242413706938,33.78018337335648,248.79743010993508,243.09734417111952,-164.04568966482177,-289.5335198494272,-5.887403499858661,-12.858119228604854,19.570042038342113,-32.48751062424,26.59511251158017,45.545252642200154,-20.158424691327866,-1.8299835947335925,-3.454304908464527,14.210141335014367
CCCma,CanESM5-CanOE,r1i1p2f1,gn,ssp585,2026-06,2026,6,229.0536826101006,296.78852512946526,-98.29581314345783,-323.6482839976803,-2.138721558679309,-10.60730482335741,91.15208421639099,270.8609183255667,281.3191905962504,-161.1879435915762,-314.1864221932955,-4.112286789613121,-11.594284946025898,61.09917140130626,-41.80723571546608,15.469334533214862,62.89213044811835,-9.461861804384796,1.9735652309338119,0.9869801226684878,30.05291281508473
CCCma,CanESM5-CanOE,r1i1p2f1,gn,ssp585,2026-07,2026,7,193.75054821001433,309.61549674876983,-50.70451227709613,-332.47843159675676,1.0530973076842838,-8.087475840066563,113.14872255254903,224.2551920881,294.89674293371723,-102.79903416576022,-321.87172155748266,-1.1109446312367832,-9.39464386725119,83.97559080008637,-30.50464387808566,14.718753815052594,52.09452188866409,-10.606710039274105,2.164041938921067,1.3071680271846269,29.173131752462666
CCCma,CanESM5-CanOE,r1i1p2f1,gn,ssp585,2026-08,2026,8,121.28266914139401,310.3625256720803,-23.865183052150726,-334.77933585831715,-0.9082682686557146,-10.567303103154602,61.52510453119616,138.04127284497537,293.51802779646516,-52.18284747390068,-320.37372679006006,-2.5062649386197706,-10.800937684864726,45.69552375399525,-16.758603703581358,16.84449787561516,28.317664421749953,-14.405609068257093,1.597996669964056,0.23363458171012397,15.82958077720091
CCCma,CanESM5-CanOE,r1i1p2f1,gn,ssp585,2026-09,2026,9,50.21924512332549,299.5382882838604,-9.501120868496052,-327.5561486432006,-8.88536622606899,-18.624732926264507,-14.809835256844211,63.18456348645751,266.70302478658806,-23.013406979202472,-300.93944393720716,-7.82200411290642,-15.449381194229838,-17.336647950500325,-12.96531836313202,32.835263497272365,13.51228611070642,-26.616704705993413,-1.0633621131625706,-3.1753517320346685,2.5268126936561135
CCCma,CanESM5-CanOE,r1i1p2f1,gn,ssp585,2026-10,2026,10,14.00770554372744,276.1401779174978,-2.853973482733602,-312.01827761009986,-17.578265937872608,-26.226385427349012,-68.52901899682985,17.249578700676455,229.42952623657507,-6.05648776625267,-269.26043068333587,-15.60508683741619,-19.265371335151645,-63.508271684904834,-3.2418731569490156,46.71065168092272,3.202514283519068,-42.75784692676399,-1.9731791004564183,-6.961014092197367,-5.020747311925014
CCCma,CanESM5-CanOE,r1i1p2f1,gn,ssp585,2026-11,2026,11,1.9852031476450365,253.33607044677956,-0.4147399225018599,-293.6133383035121,-22.46745146726685,-25.824358866214375,-86.9986149650706,2.515336833744441,201.51629179882505,-0.852789140129987,-242.618099337239,-18.104257216232263,-18.594844834341938,-76.1383618953737,-0.5301336860994046,51.81977864795451,0.43804921762812704,-50.99523896627309,-4.363194251034589,-7.229514031872437,-10.860253069696896
CCCma,CanESM5-CanOE,r1i1p2f1,gn,ssp585,2026-12,2026,12,0.4448063110077393,226.3618599323065,-0.1078772127425902,-274.64295120944513,-28.46619819027049,-30.276270775993794,-106.68663114513777,0.5047198763123734,185.0172678795254,-0.21808210897323796,-226.00776044781924,-16.448539416236862,-17.091682477943937,-74.2440766951355,-0.05991356530463404,41.34459205278108,0.11020489623064776,-48.63519076162589,-12.017658774033627,-13.184588298049857,-32.44255445000226
CCCma,CanESM5-CanOE,r1i1p2f1,gn,ssp585,2027-01,2027,1,1.240627122642162,215.96650469306672,-0.5115454894575608,-261.1183726601243,-26.228007266600876,-27.552997546701196,-98.20379114717505,1.3942172339713994,176.9672228764132,-0.7437200236333381,-217.63140127830133,-15.69624865399158,-16.575668975850103,-72.28559882139174,-0.1535901113292375,38.999281816653536,0.23217453417577727,-43.48697138182297,-10.531758612609297,-10.977328570851093,-25.91819232578331
CCCma,CanESM5-CanOE,r1i1p2f1,gn,ssp585,2027-02,2027,2,9.38189166653345,206.97398388353974,-4.934390630954835,-252.65727930276265,-23.57868498259353,-23.672154112553372,-88.48663347879118,10.435125305198977,175.60313356881824,-6.187284967981398,-216.1570761380548,-13.895837664682768,-15.661279088587179,-65.86321898528892,-1.0532336386655263,31.37085031472151,1.2528943370265635,-36.50020316470784,-9.682847317910761,-8.010875023966193,-22.623414493502253
CCCma,CanESM5-CanOE,r1i1p2f1,gn,ssp585,2027-03,2027,3,47.85561706264523,208.01947344311833,-27.579937874316062,-254.56664559490147,-18.614610212692757,-21.951990069638075,-66.83809324578482,53.61840029548194,181.90905131575357,-34.67089409376744,-224.510982804252,-11.546834976313114,-14.228565682492963,-49.42982594558999,-5.762783232836711,26.110422127364757,7.090956219451375,-30.055662790649478,-7.067775236379642,-7.723424387145112,-17.40826730019483
CCCma,CanESM5-CanOE,r1i1p2f1,gn,ssp585,2027-04,2027,4,136.3739470122668,226.3005390232575,-79.66717291477549,-275.2138442577264,-12.1401208983909,-19.4344955650355,-23.78114760040402,150.89498619069317,203.6208955771701,-100.99704863032414,-251.65180393294378,-7.9311997876661655,-12.748308979152664,-18.812479562223483,-14.521039178426378,22.679643446087397,21.329875715548653,-23.56204032478263,-4.208921110724735,-6.686186585882837,-4.968668038180535
CCCma,CanESM5-CanOE,r1i1p2f1,gn,ssp585,2027-05,2027,5,212.65325463165752,270.03462346778855,-121.25943250773167,-307.1237503490658,-7.108898068611351,-15.014341163627535,32.181456010409676,248.79743010993508,243.09734417111952,-164.04568966482177,-289.5335198494272,-5.887403499858661,-12.858119228604854,19.570042038342113,-36.14417547827756,26.937279296669033,42.78625715709009,-17.590230499638608,-1.2214945687526901,-2.15622193502268,12.611413972067563
CCCma,CanESM5-CanOE,r1i1p2f1,gn,ssp585,2027-06,2027,6,241.98022329398304,295.6990997670615,-99.7000925462976,-325.20284901220975,-0.8075843092601459,-9.932641764415747,102.03615542886132,270.8609183255667,281.3191905962504,-161.1879435915762,-314.1864221932955,-4.112286789613121,-11.594284946025898,61.09917140130626,-28.880695031583627,14.379909170811118,61.48785104527859,-11.016426818914226,3.304702480352975,1.6616431816101507,40.93698402755506
CCCma,CanESM5-CanOE,r1i1p2f1,gn,ssp585,2027-07,2027,7,203.8341062777304,307.2191762600489,-51.811085951164145,-333.92067335478936,0.5625455584838369,-9.059962608388798,116.82410618192081,224.2551920881,294.89674293371723,-102.79903416576022,-321.87172155748266,-1.1109446312367832,-9.39464386725119,83.97559080008637,-20.42108581036959,12.32243332633169,50.987948214596074,-12.0489517973067,1.6734901897206202,0.33468125886239264,32.848515381834446
CCCma,CanESM5-CanOE,r1i1p2f1,gn,ssp585,2027-08,2027,8,126.37979028730011,306.70459421551874,-23.685959762742065,-335.71229697223765,-1.5904938150703591,-13.204061287859439,58.89157266490934,138.04127284497537,293.51802779646516,-52.18284747390068,-320.37372679006006,-2.5062649386197706,-10.800937684864726,45.69552375399525,-11.661482557675257,13.186566419053577,28.496887711158614,-15.338570182177591,0.9157711235494115,-2.4031236029947127,13.196048910914087
CCCma,CanESM5-CanOE,r1i1p2f1,gn,ssp585,2027-09,2027,9,49.90585956339872,301.2311222806584,-8.683908120142275,-329.2415840718839,-9.952993479566516,-21.056592970137416,-17.798096797672997,63.18456348645751,266.70302478658806,-23.013406979202472,-300.93944393720716,-7.82200411290642,-15.449381194229838,-17.336647950500325,-13.278703923058792,34.52809749407032,14.329498859060196,-28.302140134676733,-2.1309893666600956,-5.607211775907578,-0.4614488471726723
CCCma,CanESM5-CanOE,r1i1p2f1,gn,ssp585,2027-10,2027,10,13.580268029065044,274.19810806933185,-2.4172119009685273,-312.19262708173926,-19.394577849657647,-26.455521528328568,-72.68156226229712,17.249578700676455,229.42952623657507,-6.05648776625267,-269.26043068333587,-15.60508683741619,-19.265371335151645,-63.508271684904834,-3.6693106716114112,44.76858183275678,3.6392758652841426,-42.93219639840339,-3.7894910122414576,-7.1901501931769225,-9.173290577392287
CCCma,CanESM5-CanOE,r1i1p2f1,gn,ssp585,2027-11,2027,11,1.9797468105492964,250.614778232318,-0.3987333495024329,-292.7662104606391,-22.13866053497176,-25.01278656600946,-87.72186586825546,2.515336833744441,201.51629179882505,-0.852789140129987,-242.618099337239,-18.104257216232263,-18.594844834341938,-76.1383618953737,-0.5355900231951447,49.09848643349295,0.4540557906275541,-50.14811112340013,-4.034403318739496,-6.417941731667522,-11.583503972881758
CCCma,CanESM5-CanOE,r1i1p2f1,gn,ssp585,2027-12,2027,12,0.4145757954090243,217.1484702218979,-0.1044014126595909,-264.47933487493805,-28.174322995182177,-26.275527172287383,-101.47054043776028,0.5047198763123734,185.0172678795254,-0.21808210897323796,-226.00776044781924,-16.448539416236862,-17.091682477943937,-74.2440766951355,-0.09014408090334908,32.13120234237249,0.11368069631364706,-38.47157442711881,-11.725783578945315,-9.183844694343446,-27.226463742624773
CCCma,CanESM5-CanOE,r1i1p2f1,gn,ssp585,2028-01,2028,1,1.2854288592506298,214.63112916005085,-0.5514861652599082,-259.83259122498316,-21.984230871338372,-23.753086541350395,-90.20483678363037,1.3942172339713994,176.9672228764132,-0.7437200236333381,-217.63140127830133,-15.69624865399158,-16.575668975850103,-72.28559882139174,-0.10878837472076963,37.66390628363766,0.19223385837342988,-42.201189946681836,-6.2879822173467925,-7.177417565500292,-17.919237962238626
CCCma,CanESM5-CanOE,r1i1p2f1,gn,ssp585,2028-02,2028,2,9.205105824174138,204.96021513842794,-4.855994956774235,-247.41167087190217,-16.285159889152602,-18.8466761649886,-73.23418092021554,10.435125305198977,175.60313356881824,-6.187284967981398,-216.1570761380548,-13.895837664682768,-15.661279088587179,-65.86321898528892,-1.2300194810248382,29.357081569609704,1.3312900112071633,-31.25459473384737,-2.3893222244698347,-3.185397076401422,-7.370961934926612
CCCma,CanESM5-CanOE,r1i1p2f1,gn,ssp585,2028-03,2028,3,48.001318042560875,213.95330210626946,-28.178077635314416,-254.9141525404131,-11.37926495627456,-17.090323721760484,-49.607198704932266,53.61840029548194,181.90905131575357,-34.67089409376744,-224.510982804252,-11.546834976313114,-14.228565682492963,-49.42982594558999,-5.617082252921065,32.04425079051589,6.492816458453021,-30.403169736161118,0.16757002003855526,-2.861758039267521,-0.17737275934227625
CCCma,CanESM5-CanOE,r1i1p2f1,gn,ssp585,2028-04,2028,4,136.3444968116436,229.06981263850642,-81.53684177926853,-275.06651642312113,-10.857159066078507,-17.397706220344965,-19.443914038663088,150.89498619069317,203.6208955771701,-100.99704863032414,-251.65180393294378,-7.9311997876661655,-12.748308979152664,-18.812479562223483,-14.550489379049566,25.448917061336317,19.460206851055617,-23.41471249017735,-2.925959278412342,-4.6493972411923,-0.6314344764396047
CCCma,CanESM5-CanOE,r1i1p2f1,gn,ssp585,2028-05,2028,5,224.93615886650986,263.67432951778926,-130.91563487050055,-304.5169294363461,-6.38940749329734,-13.706772609016127,33.08174397513895,248.79743010993508,243.09734417111952,-164.04568966482177,-289.5335198494272,-5.887403499858661,-12.858119228604854,19.570042038342113,-23.86127124342522,20.576985346669744,33.13005479432121,-14.983409586918924,-0.5020039934386791,-0.8486533804112728,13.511701936796836
CCCma,CanESM5-CanOE,r1i1p2f1,gn,ssp585,2028-06,2028,6,231.37935128553028,298.9048775210594,-101.93161291881307,-323.96700722735096,-1.5957063703737167,-10.383687211951884,92.40621507810005,270.8609183255667,281.3191905962504,-161.1879435915762,-314.1864221932955,-4.112286789613121,-11.594284946025898,61.09917140130626,-39.481567040036396,17.58568692480901,59.25633067276311,-9.780585034055434,2.5165804192394043,1.210597734074014,31.30704367679379
CCCma,CanESM5-CanOE,r1i1p2f1,gn,ssp585,2028-07,2028,7,198.91610319633756,308.2496518314479,-50.80076298118269,-330.9721058612608,2.5069688129803698,-8.120163549524504,119.7796914487979,224.2551920881,294.89674293371723,-102.79903416576022,-321.87172155748266,-1.1109446312367832,-9.39464386725119,83.97559080008637,-25.33908889176243,13.352908897730686,51.998271184577526,-9.100384303778128,3.617913444217153,1.2744803177266864,35.80410064871154
CCCma,CanESM5-CanOE,r1i1p2f1,gn,ssp585,2028-08,2028,8,116.80957887393761,310.3099720995432,-20.146486142706227,-333.70123369704936,-0.7545132386586454,-10.774999960965735,61.742317934100804,138.04127284497537,293.51802779646516,-52.18284747390068,-320.37372679006006,-2.5062649386197706,-10.800937684864726,45.69552375399525,-21.231693971037757,16.791944303078026,32.036361331194456,-13.3275069069893,1.7517516999611251,0.025937723898991294,16.04679418010555
CCCma,CanESM5-CanOE,r1i1p2f1,gn,ssp585,2028-09,2028,9,47.850159707710354,300.8643134304309,-7.337635370133284,-327.8145594210187,-8.96666571518419,-17.81323228045844,-13.217619648653356,63.18456348645751,266.70302478658806,-23.013406979202472,-300.93944393720716,-7.82200411290642,-15.449381194229838,-17.336647950500325,-15.33440377874716,34.16128864384285,15.675771609069187,-26.875115483811555,-1.14466160227777,-2.3638510862286015,4.119028301846969
CCCma,CanESM5-CanOE,r1i1p2f1,gn,ssp585,2028-10,2028,10,13.931491495522245,274.0082646895466,-2.432058157919758,-313.5190528260147,-19.66372527539002,-26.492749917391652,-74.16782999164724,17.249578700676455,229.42952623657507,-6.05648776625267,-269.26043068333587,-15.60508683741619,-19.265371335151645,-63.508271684904834,-3.3180872051542103,44.57873845297152,3.6244296083329117,-44.2586221426788,-4.058638437973832,-7.227378582240007,-10.659558306742404
CCCma,CanESM5-CanOE,r1i1p2f1,gn,ssp585,2028-11,2028,11,2.20028550372452,246.17624951662123,-0.4375870959839945,-291.16624076106496,-27.05139312516259,-29.78920664982012,-100.06789261168589,2.515336833744441,201.51629179882505,-0.852789140129987,-242.618099337239,-18.104257216232263,-18.594844834341938,-76.1383618953737,-0.31505133001992114,44.659957717796175,0.4152020441459925,-48.54814142382597,-8.947135908930328,-11.194361815478182,-23.929530716312186
CCCma,CanESM5-CanOE,r1i1p2f1,gn,ssp585,2028-12,2028,12,0.4440764976754325,232.83803645485358,-0.11960202406677045,-277.1368263147724,-21.91420304145165,-26.736467601845877,-92.6249860296077,0.5047198763123734,185.0172678795254,-0.21808210897323796,-226.00776044781924,-16.448539416236862,-17.091682477943937,-74.2440766951355,-0.06064337863694086,47.820768575328174,0.09848008490646751,-51.12906586695317,-5.465663625214788,-9.64478512390194,-18.380909334472193
CCCma,CanESM5-CanOE,r1i1p2f1,gn,ssp585,2029-01,2029,1,1.1934892251484632,226.50810217467736,-0.4420991215735095,-267.4368435031602,-17.11779920797244,-21.974499658618235,-79.26965009149859,1.3942172339713994,176.9672228764132,-0.7437200236333381,-217.63140127830133,-15.69624865399158,-16.575668975850103,-72.28559882139174,-0.20072800882293618,49.54087929826417,0.3016209020598286,-49.80544222485889,-1.4215505539808593,-5.398830682768132,-6.984051270106846
CCCma,CanESM5-CanOE,r1i1p2f1,gn,ssp585,2029-02,2029,2,9.375809658565307,210.86665830624125,-4.678486410963178,-254.7818076560137,-18.41792060258723,-22.682127902733487,-80.31787460749105,10.435125305198977,175.60313356881824,-6.187284967981398,-216.1570761380548,-13.895837664682768,-15.661279088587179,-65.86321898528892,-1.059315646633669,35.26352473742301,1.5087985570182205,-38.62473151795891,-4.522082937904463,-7.020848814146309,-14.454655622202125
CCCma,CanESM5-CanOE,r1i1p2f1,gn,ssp585,2029-03,2029,3,47.56384486166929,214.32839117601256,-26.988107999725955,-258.5822479740811,-16.7601931452252,-22.328595850489044,-62.766908931839446,53.61840029548194,181.90905131575357,-34.67089409376744,-224.510982804252,-11.546834976313114,-14.228565682492963,-49.42982594558999,-6.054555433812652,32.41933986025899,7.682786094041482,-34.071265169829104,-5.213358168912087,-8.100030167996081,-13.337082986249456
CCCma,CanESM5-CanOE,r1i1p2f1,gn,ssp585,2029-04,2029,4,134.02402073871866,232.71321571310514,-77.98791898624694,-278.3352931013863,-9.711005090101354,-18.736395880236266,-18.033376606147023,150.89498619069317,203.6208955771701,-100.99704863032414,-251.65180393294378,-7.9311997876661655,-12.748308979152664,-18.812479562223483,-16.870965451974513,29.09232013593504,23.009129644077206,-26.68348916844252,-1.7798053024351885,-5.9880869010836015,0.7791029560764606
CCCma,CanESM5-CanOE,r1i1p2f1,gn,ssp585,2029-05,2029,5,213.8792419474297,269.7442747224283,-120.98688181713194,-308.5674537939305,-6.618349793452284,-15.140592775108894,32.310238490234376,248.79743010993508,243.09734417111952,-164.04568966482177,-289.5335198494272,-5.887403499858661,-12.858119228604854,19.570042038342113,-34.91818816250537,26.6469305513088,43.05880784768982,-19.033933944503303,-0.7309462935936226,-2.2824735465040398,12.740196451892263
CCCma,CanESM5-CanOE,r1i1p2f1,gn,ssp585,2029-06,2029,6,232.48307503809764,298.66182184382586,-94.88246182201381,-325.22400277881974,-0.33299968783450173,-9.22875029772425,101.47668229553122,270.8609183255667,281.3191905962504,-161.1879435915762,-314.1864221932955,-4.112286789613121,-11.594284946025898,61.09917140130626,-38.377843287469034,17.34263124757547,66.30548176956238,-11.03758058552421,3.779287101778619,2.3655346483016473,40.37751089422496
CCCma,CanESM5-CanOE,r1i1p2f1,gn,ssp585,2029-07,2029,7,201.61979398644797,308.30536010792275,-47.200260943244,-333.033907503579,1.6310711354467184,-8.687040246791444,122.63501653620301,224.2551920881,294.89674293371723,-102.79903416576022,-321.87172155748266,-1.1109446312367832,-9.39464386725119,83.97559080008637,-22.635398101652015,13.408617174205517,55.59877322251622,-11.162185946096315,2.742015766683502,0.7076036204597465,38.659425736116646
CCCma,CanESM5-CanOE,r1i1p2f1,gn,ssp585,2029-08,2029,8,119.93685232810003,309.6100796542838,-18.773818120517443,-335.3156288616247,-2.27616376127302,-11.693352110340177,61.487969128628514,138.04127284497537,293.51802779646516,-52.18284747390068,-320.37372679006006,-2.5062649386197706,-10.800937684864726,45.69552375399525,-18.104420516875336,16.09205185781866,33.40902935338323,-14.941902071564641,0.2301011773467505,-0.8924144254754509,15.79244537463326
CCCma,CanESM5-CanOE,r1i1p2f1,gn,ssp585,2029-09,2029,9,49.24133039457647,303.1187145018061,-7.4835242154363995,-330.29904754395864,-9.330652760271581,-18.920806381741684,-13.673986005025688,63.18456348645751,266.70302478658806,-23.013406979202472,-300.93944393720716,-7.82200411290642,-15.449381194229838,-17.336647950500325,-13.94323309188104,36.415689715218036,15.529882763766071,-29.359603606751477,-1.5086486473651615,-3.471425187511846,3.662661945474637
CCCma,CanESM5-CanOE,r1i1p2f1,gn,ssp585,2029-10,2029,10,13.207107163182192,275.32386809835117,-2.2564176108656024,-316.1502600963356,-22.404704018320782,-29.456611377420984,-81.73701784140962,17.249578700676455,229.42952623657507,-6.05648776625267,-269.26043068333587,-15.60508683741619,-19.265371335151645,-63.508271684904834,-4.042471537494263,45.8943418617761,3.8000701553870675,-46.889829412999745,-6.799617180904592,-10.191240042269339,-18.22874615650479
CCCma,CanESM5-CanOE,r1i1p2f1,gn,ssp585,2029-11,2029,11,2.07135078890923,245.66327775740555,-0.3964533096592238,-295.32728029448936,-28.0567694132325,-30.05661491937576,-106.10248939044206,2.515336833744441,201.51629179882505,-0.852789140129987,-242.618099337239,-18.104257216232263,-18.594844834341938,-76.1383618953737,-0.44398604483521087,44.1469859585805,0.45633583047076315,-52.70918095725037,-9.952512197000239,-11.461770085033823,-29.964127495068354
CCCma,CanESM5-CanOE,r1i1p2f1,gn,ssp585,2029-12,2029,12,0.43163858759727597,228.75725349072277,-0.09414481917021382,-275.21095714633003,-27.043193828870532,-28.398274138195884,-101.55767785424663,0.5047198763123734,185.0172678795254,-0.21808210897323796,-226.00776044781924,-16.448539416236862,-17.091682477943937,-74.2440766951355,-0.07308128871509739,43.73998561119737,0.12393728980302414,-49.203196698510794,-10.59465441263367,-11.306591660251947,-27.31360115911113
CCCma,CanESM5-CanOE,r1i1p2f1,gn,ssp585,2030-01,2030,1,1.1592943836510368,217.13398181396545,-0.4070398009253142,-262.69624530892094,-21.71407431243188,-25.28480412489841,-91.80888734956005,1.3942172339713994,176.9672228764132,-0.7437200236333381,-217.63140127830133,-15.69624865399158,-16.575668975850103,-72.28559882139174,-0.23492285032036264,40.16675893755226,0.3366802227080239,-45.06484403061961,-6.0178256584403,-8.709135149048308,-19.523288528168308
CCCma,CanESM5-CanOE,r1i1p2f1,gn,ssp585,2030-02,2030,2,10.111199778289318,202.48964073700145,-4.630183593296662,-250.23967356912044,-24.515903576066993,-25.36168863117645,-92.14660885436977,10.435125305198977,175.60313356881824,-6.187284967981398,-216.1570761380548,-13.895837664682768,-15.661279088587179,-65.86321898528892,-0.32392552690965815,26.886507168183215,1.557101374684736,-34.082597431065636,-10.620065911384225,-9.70040954258927,-26.28338986908085
CCCma,CanESM5-CanOE,r1i1p2f1,gn,ssp585,2030-03,2030,3,49.37135616287932,206.75447574924524,-26.971256536326866,-255.3243220506374,-19.45189208602756,-23.064425825981207,-68.68606458684846,53.61840029548194,181.90905131575357,-34.67089409376744,-224.510982804252,-11.546834976313114,-14.228565682492963,-49.42982594558999,-4.247044132602618,24.845424433491672,7.699637557440571,-30.813339246385397,-7.905057109714445,-8.835860143488244,-19.25623864125847
CCCma,CanESM5-CanOE,r1i1p2f1,gn,ssp585,2030-04,2030,4,135.77366125327913,227.8088345736009,-79.29388870547864,-276.0332385754945,-13.07835221520836,-19.515361280055807,-24.33834494935728,150.89498619069317,203.6208955771701,-100.99704863032414,-251.65180393294378,-7.9311997876661655,-12.748308979152664,-18.812479562223483,-15.121324937414045,24.187938996430802,21.703159924845508,-24.381434642550744,-5.147152427542195,-6.767052300903142,-5.525865387133795
CCCma,CanESM5-CanOE,r1i1p2f1,gn,ssp585,2030-05,2030,5,219.0321998284729,268.97928964892026,-124.42502998372598,-307.91579753938726,-4.719597087405098,-13.87663772321383,37.07442714366105,248.79743010993508,243.09734417111952,-164.04568966482177,-289.5335198494272,-5.887403499858661,-12.858119228604854,19.570042038342113,-29.76523028146218,25.88194547780074,39.62065968109579,-18.382277689960063,1.1678064124535634,-1.0185184946089763,17.504385105318935
CCCma,CanESM5-CanOE,r1i1p2f1,gn,ssp585,2030-06,2030,6,238.17340114587083,294.8348001852683,-107.12845583543525,-323.4920988068047,-4.460796494202081,-13.760663260044417,84.16618693465273,270.8609183255667,281.3191905962504,-161.1879435915762,-314.1864221932955,-4.112286789613121,-11.594284946025898,61.09917140130626,-32.687517179695845,13.515609589017913,54.05948775614094,-9.30567661350915,-0.34850970458896047,-2.1663783140185195,23.06701553334647
CCCma,CanESM5-CanOE,r1i1p2f1,gn,ssp585,2030-07,2030,7,204.86771976033768,306.96398326341404,-53.9349267695185,-332.57755340972403,0.7179063718369365,-8.716698048494465,117.3204311678517,224.2551920881,294.89674293371723,-102.79903416576022,-321.87172155748266,-1.1109446312367832,-9.39464386725119,83.97559080008637,-19.38747232776231,12.067240329696801,48.86410739624172,-10.705831852241374,1.8288510030737197,0.6779458187567258,33.34484036776533
CCCma,CanESM5-CanOE,r1i1p2f1,gn,ssp585,2030-08,2030,8,117.67272785118654,313.1276725789969,-22.652351466929982,-335.81133978492613,-0.9598326982180202,-10.929589484499955,60.44728699560936,138.04127284497537,293.51802779646516,-52.18284747390068,-320.37372679006006,-2.5062649386197706,-10.800937684864726,45.69552375399525,-20.36854499378883,19.609644782531745,29.530496006970697,-15.437612994866072,1.5464322404017503,-0.12865179963522877,14.751763241614107
CCCma,CanESM5-CanOE,r1i1p2f1,gn,ssp585,2030-09,2030,9,49.92390765328151,304.1454365266687,-8.394953265348397,-329.8124762509956,-6.272968353388889,-16.067986571322574,-6.479040261105293,63.18456348645751,266.70302478658806,-23.013406979202472,-300.93944393720716,-7.82200411290642,-15.449381194229838,-17.336647950500325,-13.260655833176003,37.442411740080615,14.618453713854075,-28.87303231378843,1.5490357595175306,-0.6186053770927362,10.857607689395032
CCCma,CanESM5-CanOE,r1i1p2f1,gn,ssp585,2030-10,2030,10,13.033337910187802,274.8132887455966,-2.1938349495920426,-314.0748518299746,-21.80230758361883,-29.1514294317886,-79.37579713918964,17.249578700676455,229.42952623657507,-6.05648776625267,-269.26043068333587,-15.60508683741619,-19.265371335151645,-63.508271684904834,-4.216240790488653,45.38376250902152,3.8626528166606273,-44.81442114663872,-6.197220746202641,-9.886058096636955,-15.86752545428481
CCCma,CanESM5-CanOE,r1i1p2f1,gn,ssp585,2030-11,2030,11,2.1164377131022456,251.36341754805989,-0.4142609387550178,-297.51035783563424,-26.811516995064025,-30.581131879281187,-101.83741238757233,2.515336833744441,201.51629179882505,-0.852789140129987,-242.618099337239,-18.104257216232263,-18.594844834341938,-76.1383618953737,-0.39889912064219546,49.847125749234834,0.4385282013749692,-54.89225849839525,-8.707259778831762,-11.98628704493925,-25.699050492198623
CCCma,CanESM5-CanOE,r1i1p2f1,gn,ssp585,2030-12,2030,12,0.4238608779832564,231.0550525053883,-0.09767627786325946,-277.57664468440873,-25.164982552651598,-29.315742861005354,-100.6761329925574,0.5047198763123734,185.0172678795254,-0.21808210897323796,-226.00776044781924,-16.448539416236862,-17.091682477943937,-74.2440766951355,-0.08085899832911697,46.037784625862884,0.1204058311099785,-51.5688842365895,-8.716443136414735,-12.224060383061417,-26.432056297421894
CCCma,CanESM5-CanOE,r1i1p2f1,gn,ssp585,2031-01,2031,1,1.215695813971857,209.49103640193064,-0.4656037083813041,-258.09895926588194,-26.619833398381218,-28.57457348262911,-103.05223763937109,1.3942172339713994,176.9672228764132,-0.7437200236333381,-217.63140127830133,-15.69624865399158,-16.575668975850103,-72.28559882139174,-0.1785214199995424,32.523813525517454,0.278116315252034,-40.46755798758062,-10.923584744389638,-11.998904506779006,-30.76663881797934
CCCma,CanESM5-CanOE,r1i1p2f1,gn,ssp585,2031-02,2031,2,8.929274354163937,208.91293373807537,-4.363878115099534,-253.01792161515905,-20.215012903930372,-23.54927179800844,-83.3038763399581,10.435125305198977,175.60313356881824,-6.187284967981398,-216.1570761380548,-13.895837664682768,-15.661279088587179,-65.86321898528892,-1.5058509510350397,33.30980016925713,1.823406852881864,-36.86084547710425,-6.319175239247604,-7.887992709421262,-17.44065735466917
CCCma,CanESM5-CanOE,r1i1p2f1,gn,ssp585,2031-03,2031,3,47.19593734416403,218.9239771751496,-26.465291069108794,-261.8472550750622,-11.145660056418611,-19.04249049691705,-52.38078217819303,53.61840029548194,181.90905131575357,-34.67089409376744,-224.510982804252,-11.546834976313114,-14.228565682492963,-49.42982594558999,-6.422462951317911,37.014925859396016,8.205603024658643,-37.33627227081021,0.40117491989450293,-4.813924814424087,-2.9509562326030405
CCCma,CanESM5-CanOE,r1i1p2f1,gn,ssp585,2031-04,2031,4,131.97990658252118,238.15756225420174,-78.07786232792958,-281.3578166404266,-7.2148162983812725,-15.405507718547407,-11.91853414856199,150.89498619069317,203.6208955771701,-100.99704863032414,-251.65180393294378,-7.9311997876661655,-12.748308979152664,-18.812479562223483,-18.915079608171993,34.53666667703163,22.919186302394564,-29.70601270748284,0.716383489284893,-2.657198739394742,6.893945413661493
CCCma,CanESM5-CanOE,r1i1p2f1,gn,ssp585,2031-05,2031,5,215.525278951923,270.7736890401598,-120.32691293331415,-308.02939815654133,-6.283616507016853,-14.633494564494768,37.02554583071571,248.79743010993508,243.09734417111952,-164.04568966482177,-289.5335198494272,-5.887403499858661,-12.858119228604854,19.570042038342113,-33.272151158012065,27.676344869040292,43.71877673150762,-18.49587830711414,-0.39621300715819174,-1.7753753358899136,17.455503792373595
CCCma,CanESM5-CanOE,r1i1p2f1,gn,ssp585,2031-06,2031,6,235.649646537968,299.8770816759313,-99.07882284052768,-326.48361005703094,-2.315175466103599,-10.240251326266426,97.4088685239707,270.8609183255667,281.3191905962504,-161.1879435915762,-314.1864221932955,-4.112286789613121,-11.594284946025898,61.09917140130626,-35.21127178759866,18.557891079680928,62.10912075104851,-12.297187863735417,1.797111323509522,1.3540336197594716,36.30969712266444
CCCma,CanESM5-CanOE,r1i1p2f1,gn,ssp585,2031-07,2031,7,201.92651083065633,308.5840127102954,-53.37535078626147,-334.7546387320104,-0.026595433864647498,-9.870993014727022,112.48294557408813,224.2551920881,294.89674293371723,-102.79903416576022,-321.87172155748266,-1.1109446312367832,-9.39464386725119,83.97559080008637,-22.328681257443662,13.687269776578148,49.42368337949875,-12.882917174527734,1.0843491973721358,-0.47634914747583146,28.50735477400177
CCCma,CanESM5-CanOE,r1i1p2f1,gn,ssp585,2031-08,2031,8,117.77433898910112,313.12075781179095,-23.668494341505298,-336.12209229243194,0.39281148412092287,-10.013275050575505,61.484046600500236,138.04127284497537,293.51802779646516,-52.18284747390068,-320.37372679006006,-2.5062649386197706,-10.800937684864726,45.69552375399525,-20.266933855874242,19.60273001532579,28.51435313239538,-15.748365502371882,2.8990764227406935,0.7876626342892212,15.788522846504982
CCCma,CanESM5-CanOE,r1i1p2f1,gn,ssp585,2031-09,2031,9,50.86614095222188,297.551064321692,-9.661694268376943,-327.4579667192722,-9.781703073843007,-21.318468633633895,-19.802627421212122,63.18456348645751,266.70302478658806,-23.013406979202472,-300.93944393720716,-7.82200411290642,-15.449381194229838,-17.336647950500325,-12.31842253423563,30.848039535103965,13.35171271082553,-26.51852278206502,-1.9596989609365867,-5.869087439404057,-2.4659794707117975
CCCma,CanESM5-CanOE,r1i1p2f1,gn,ssp585,2031-10,2031,10,13.708720346079337,273.8235395611911,-2.5998057934186902,-312.0520888197311,-19.617792578508336,-28.55812919008065,-75.2955564744683,17.249578700676455,229.42952623657507,-6.05648776625267,-269.26043068333587,-15.60508683741619,-19.265371335151645,-63.508271684904834,-3.540858354597118,44.394013324616054,3.4566819728339797,-42.791658136395256,-4.012705741092146,-9.292757854929004,-11.787284789563465
CCCma,CanESM5-CanOE,r1i1p2f1,gn,ssp585,2031-11,2031,11,2.1926923980449193,250.34099332619718,-0.4369923061814007,-294.0126291183556,-23.547076519830725,-29.03096458977265,-94.49397680989829,2.515336833744441,201.51629179882505,-0.852789140129987,-242.618099337239,-18.104257216232263,-18.594844834341938,-76.1383618953737,-0.3226444356995217,48.82470152737213,0.41579683394858624,-51.39452978111663,-5.442819303598462,-10.436119755430713,-18.35561491452458
CCCma,CanESM5-CanOE,r1i1p2f1,gn,ssp585,2031-12,2031,12,0.43254437563875425,228.19917049760576,-0.10507081389778551,-272.7635879228501,-27.691585496683476,-29.318207064020473,-101.24673642420731,0.5047198763123734,185.0172678795254,-0.21808210897323796,-226.00776044781924,-16.448539416236862,-17.091682477943937,-74.2440766951355,-0.07217550067361911,43.18190261808036,0.11301129507545245,-46.755827475030856,-11.243046080446614,-12.226524586076536,-27.00265972907181
CCCma,CanESM5-CanOE,r1i1p2f1,gn,ssp585,2032-01,2032,1,1.1215342729556161,223.47700066529086,-0.43761802793930954,-264.0031048006414,-16.59249564354009,-21.902467093104818,-78.33715062697914,1.3942172339713994,176.9672228764132,-0.7437200236333381,-217.63140127830133,-15.69624865399158,-16.575668975850103,-72.28559882139174,-0.27268296101578327,46.50977778887767,0.3061019956940286,-46.371703522340056,-0.8962469895485103,-5.3267981172547145,-6.051551805587394
CCCma,CanESM5-CanOE,r1i1p2f1,gn,ssp585,2032-02,2032,2,9.464881519593545,212.44463071632177,-4.766719830578477,-256.40737917326487,-21.0400697905523,-24.89615320945965,-85.20080976793997,10.435125305198977,175.60313356881824,-6.187284967981398,-216.1570761380548,-13.895837664682768,-15.661279088587179,-65.86321898528892,-0.9702437856054313,36.84149714750353,1.420565137402921,-40.25030303521007,-7.144232125869534,-9.234874120872473,-19.33759078265105
CCCma,CanESM5-CanOE,r1i1p2f1,gn,ssp585,2032-03,2032,3,47.987091483335796,215.87407745420398,-26.703947500826356,-260.4122825369502,-13.946498518987134,-19.365058186663003,-56.56661780588692,53.61840029548194,181.90905131575357,-34.67089409376744,-224.510982804252,-11.546834976313114,-14.228565682492963,-49.42982594558999,-5.631308812146145,33.96502613845041,7.966946592941081,-35.90129973269822,-2.39966354267402,-5.1364925041700396,-7.136791860296931
CCCma,CanESM5-CanOE,r1i1p2f1,gn,ssp585,2032-04,2032,4,139.46444324443002,224.6848097451277,-80.85518026756618,-275.1599611117039,-16.368196360258633,-21.61123930572993,-29.845324055701003,150.89498619069317,203.6208955771701,-100.99704863032414,-251.65180393294378,-7.9311997876661655,-12.748308979152664,-18.812479562223483,-11.43054294626316,21.06391416795759,20.14186836275796,-23.508157178760143,-8.436996572592466,-8.862930326577267,-11.03284449347752
CCCma,CanESM5-CanOE,r1i1p2f1,gn,ssp585,2032-05,2032,5,222.82146305234488,263.8895720722468,-126.63752854165456,-305.5017974975534,-7.30300222698878,-15.99034094996648,31.27836590842844,248.79743010993508,243.09734417111952,-164.04568966482177,-289.5335198494272,-5.887403499858661,-12.858119228604854,19.570042038342113,-25.975967057590196,20.792227901127262,37.408161123167204,-15.968277648126218,-1.415598727130119,-3.132221721361626,11.708323870086328
CCCma,CanESM5-CanOE,r1i1p2f1,gn,ssp585,2032-06,2032,6,245.0275468261836,296.1605066453726,-103.97616448046556,-325.3833425487329,-2.4548832631031954,-10.494442807235693,98.87922037201889,270.8609183255667,281.3191905962504,-161.1879435915762,-314.1864221932955,-4.112286789613121,-11.594284946025898,61.09917140130626,-25.833371499383077,14.841316049122213,57.21177911111063,-11.196920355437385,1.6574035265099254,1.0998421387902049,37.780048970712635
CCCma,CanESM5-CanOE,r1i1p2f1,gn,ssp585,2032-07,2032,7,199.65473202609934,309.1781826969357,-54.53557535616129,-334.04514687378804,-0.0024068113291355405,-9.71754144544741,110.53224423630917,224.2551920881,294.89674293371723,-102.79903416576022,-321.87172155748266,-1.1109446312367832,-9.39464386725119,83.97559080008637,-24.60046006200065,14.281439763218486,48.26345880959893,-12.173425316305384,1.1085378199076477,-0.3228975781962191,26.556653436222803
CCCma,CanESM5-CanOE,r1i1p2f1,gn,ssp585,2032-08,2032,8,122.17913840835729,310.07883403499176,-23.9265949695622,-335.7125021114211,-2.431344863204415,-13.395463733589658,56.7920667655717,138.04127284497537,293.51802779646516,-52.18284747390068,-320.37372679006006,-2.5062649386197706,-10.800937684864726,45.69552375399525,-15.862134436618078,16.560806238526595,28.25625250433848,-15.338775321361027,0.07492007541535584,-2.5945260487249318,11.096543011576443
CCCma,CanESM5-CanOE,r1i1p2f1,gn,ssp585,2032-09,2032,9,51.40785105689673,296.0244957367683,-9.416871620561716,-327.20184142279476,-10.338521393750193,-20.66409665739045,-20.18898430083209,63.18456348645751,266.70302478658806,-23.013406979202472,-300.93944393720716,-7.82200411290642,-15.449381194229838,-17.336647950500325,-11.776712429560781,29.32147095018024,13.596535358640756,-26.2623974855876,-2.5165172808437735,-5.21471546316061,-2.8523363503317647
CCCma,CanESM5-CanOE,r1i1p2f1,gn,ssp585,2032-10,2032,10,13.315549209028411,274.06221440911645,-2.4525057821969183,-311.37648237393506,-17.519009834423592,-25.497911333909734,-69.46814570632044,17.249578700676455,229.42952623657507,-6.05648776625267,-269.26043068333587,-15.60508683741619,-19.265371335151645,-63.508271684904834,-3.934029491648044,44.63268817254138,3.6039819840557517,-42.11605169059919,-1.9139229970074023,-6.232539998758089,-5.959874021415608
CCCma,CanESM5-CanOE,r1i1p2f1,gn,ssp585,2032-11,2032,11,2.1422851671535805,240.32453369936954,-0.40397631949155394,-288.615943180025,-31.08077882967078,-32.672869797610346,-110.30674926027457,2.515336833744441,201.51629179882505,-0.852789140129987,-242.618099337239,-18.104257216232263,-18.594844834341938,-76.1383618953737,-0.37305166659086053,38.80824190054449,0.44881282063843303,-45.99784384278601,-12.976521613438518,-14.078024963268408,-34.168387364900866
CCCma,CanESM5-CanOE,r1i1p2f1,gn,ssp585,2032-12,2032,12,0.44085873070530945,214.44498485332326,-0.10798312787131424,-265.4903891728882,-30.305174152270276,-30.39338939629079,-111.41109226529196,0.5047198763123734,185.0172678795254,-0.21808210897323796,-226.00776044781924,-16.448539416236862,-17.091682477943937,-74.2440766951355,-0.06386114560706391,29.427716973797857,0.11009898110192372,-39.482628725068935,-13.856634736033413,-13.301706918346852,-37.16701557015645
CCCma,CanESM5-CanOE,r1i1p2f1,gn,ssp585,2033-01,2033,1,1.2035589597174858,208.1086444942736,-0.461683721196895,-254.6167586322537,-23.270604376664917,-26.130635404540197,-95.16747868066462,1.3942172339713994,176.9672228764132,-0.7437200236333381,-217.63140127830133,-15.69624865399158,-16.575668975850103,-72.28559882139174,-0.19065827425391357,31.141421617860402,0.2820363024364431,-36.98535735395237,-7.574355722673337,-9.554966428690093,-22.88187985927287
CCCma,CanESM5-CanOE,r1i1p2f1,gn,ssp585,2033-02,2033,2,9.207428774309234,201.97420017580924,-4.529232468528163,-250.50380424588104,-23.625530487724912,-26.306352276708814,-93.78329052872448,10.435125305198977,175.60313356881824,-6.187284967981398,-216.1570761380548,-13.895837664682768,-15.661279088587179,-65.86321898528892,-1.2276965308897427,26.371066606991008,1.6580524994532349,-34.34672810782624,-9.729692823042145,-10.645073188121636,-27.920071543435554
CCCma,CanESM5-CanOE,r1i1p2f1,gn,ssp585,2033-03,2033,3,47.01795010389006,216.49582596960437,-25.84158796913135,-260.10782845223474,-14.03272963613502,-21.04673675973776,-57.51510674374442,53.61840029548194,181.90905131575357,-34.67089409376744,-224.510982804252,-11.546834976313114,-14.228565682492963,-49.42982594558999,-6.600450191591882,34.586774653850796,8.829306124636087,-35.59684564798275,-2.4858946598219056,-6.8181710772447985,-8.085280798154429
CCCma,CanESM5-CanOE,r1i1p2f1,gn,ssp585,2033-04,2033,4,135.86990701734462,232.63503721900008,-78.68706184737884,-279.08373703935916,-11.557720609522898,-18.67053386751266,-19.49410912742885,150.89498619069317,203.6208955771701,-100.99704863032414,-251.65180393294378,-7.9311997876661655,-12.748308979152664,-18.812479562223483,-15.025079173348558,29.01414164182998,22.309986782945302,-27.431933106415386,-3.626520821856732,-5.922224888359995,-0.6816295652053661
CCCma,CanESM5-CanOE,r1i1p2f1,gn,ssp585,2033-05,2033,5,221.38186458112153,267.2978740512867,-123.98959808067906,-307.7700395969796,-4.43972715544623,-13.781648405720468,38.69872539358292,248.79743010993508,243.09734417111952,-164.04568966482177,-289.5335198494272,-5.887403499858661,-12.858119228604854,19.570042038342113,-27.415565528813545,24.20052988016721,40.056091584142706,-18.236519747552393,1.4476763444124314,-0.9235291771156131,19.128683355240806
CCCma,CanESM5-CanOE,r1i1p2f1,gn,ssp585,2033-06,2033,6,237.58196687398961,298.8022378080452,-100.00749942540365,-326.0904445552207,-3.017087479154751,-11.615700223121786,95.65347299913392,270.8609183255667,281.3191905962504,-161.1879435915762,-314.1864221932955,-4.112286789613121,-11.594284946025898,61.09917140130626,-33.27895145157706,17.483047211794826,61.180444166172535,-11.904022361925172,1.0951993104583697,-0.02141527709588864,34.55430159782767
CCCma,CanESM5-CanOE,r1i1p2f1,gn,ssp585,2033-07,2033,7,197.04587258753435,309.5478309446649,-49.26257135305003,-334.6889295596224,1.1346349599066068,-10.677651766078254,113.09918581335516,224.2551920881,294.89674293371723,-102.79903416576022,-321.87172155748266,-1.1109446312367832,-9.39464386725119,83.97559080008637,-27.20931950056564,14.65108801094766,53.53646281271019,-12.81720800213975,2.24557959114339,-1.283007898827064,29.123595013268798
CCCma,CanESM5-CanOE,r1i1p2f1,gn,ssp585,2033-08,2033,8,119.0485977756424,312.91240355727314,-22.329416667586724,-336.93569621504673,-2.9526189527971924,-13.475558026254042,56.26771147123086,138.04127284497537,293.51802779646516,-52.18284747390068,-320.37372679006006,-2.5062649386197706,-10.800937684864726,45.69552375399525,-18.99267506933296,19.394375760807975,29.853430806313956,-16.56196942498667,-0.4463540141774218,-2.674620341389316,10.572187717235607
CCCma,CanESM5-CanOE,r1i1p2f1,gn,ssp585,2033-09,2033,9,49.75697645444637,301.38462411382636,-8.495641953780833,-329.4909665159224,-7.433725237343053,-18.373164120460082,-12.65189725923364,63.18456348645751,266.70302478658806,-23.013406979202472,-300.93944393720716,-7.82200411290642,-15.449381194229838,-17.336647950500325,-13.427587032011147,34.6815993272383,14.517765025421639,-28.551522578715264,0.38827887556336727,-2.9237829262302437,4.684750691266684
CCCma,CanESM5-CanOE,r1i1p2f1,gn,ssp585,2033-10,2033,10,13.620402216934846,276.86156376532375,-2.444523157292855,-313.8915781895873,-16.938661903946794,-25.057771125574487,-67.85056839414281,17.249578700676455,229.42952623657507,-6.05648776625267,-269.26043068333587,-15.60508683741619,-19.265371335151645,-63.508271684904834,-3.6291764837416096,47.43203752874868,3.611964608959815,-44.63114750625141,-1.3335750665306048,-5.7923997904228415,-4.342296709237978
CCCma,CanESM5-CanOE,r1i1p2f1,gn,ssp585,2033-11,2033,11,2.066856686838812,258.94501324006256,-0.40231757682352204,-298.4941508951386,-21.564087048837905,-28.625629275090038,-88.07431486898867,2.515336833744441,201.51629179882505,-0.852789140129987,-242.618099337239,-18.104257216232263,-18.594844834341938,-76.1383618953737,-0.448480146905629,57.42872144123751,0.45047156330646493,-55.876051557899615,-3.4598298326056423,-10.0307844407481,-11.93595297361496
CCCma,CanESM5-CanOE,r1i1p2f1,gn,ssp585,2033-12,2033,12,0.42076975626799984,242.30359024436493,-0.10565501471297153,-281.3192403445189,-18.868949198759115,-24.117663877286812,-81.68714843464488,0.5047198763123734,185.0172678795254,-0.21808210897323796,-226.00776044781924,-16.448539416236862,-17.091682477943937,-74.2440766951355,-0.08395012004437352,57.28632236483952,0.11242709426026642,-55.311479896699666,-2.4204097825222526,-7.025981399342875,-7.443071739509378
CCCma,CanESM5-CanOE,r1i1p2f1,gn,ssp585,2034-01,2034,1,1.1787185757281993,225.3017158124913,-0.4518159505183054,-267.6491296768642,-16.994951366937194,-23.163267979523397,-81.7787305856236,1.3942172339713994,176.9672228764132,-0.7437200236333381,-217.63140127830133,-15.69624865399158,-16.575668975850103,-72.28559882139174,-0.21549865824320014,48.33449293607811,0.2919040731150327,-50.017728398562895,-1.2987027129456141,-6.587599003673294,-9.493131764231862
CCCma,CanESM5-CanOE,r1i1p2f1,gn,ssp585,2034-02,2034,2,9.30637476119733,215.41977588413772,-4.119051118685819,-261.97455917158806,-22.081910396992022,-25.413566656429794,-88.86293669836064,10.435125305198977,175.60313356881824,-6.187284967981398,-216.1570761380548,-13.895837664682768,-15.661279088587179,-65.86321898528892,-1.1287505440016457,39.816642315319484,2.068233849295579,-45.81748303353325,-8.186072732309254,-9.752287567842615,-22.999717713071718
CCCma,CanESM5-CanOE,r1i1p2f1,gn,ssp585,2034-03,2034,3,49.592266822301426,205.79537267331514,-26.30886091191625,-256.74051025157803,-25.5832520810489,-26.523948313750065,-79.76893206267668,53.61840029548194,181.90905131575357,-34.67089409376744,-224.510982804252,-11.546834976313114,-14.228565682492963,-49.42982594558999,-4.026133473180515,23.88632135756157,8.362033181851189,-32.229527447326035,-14.036417104735786,-12.295382631257102,-30.339106117086693
CCCma,CanESM5-CanOE,r1i1p2f1,gn,ssp585,2034-04,2034,4,137.5958968280759,233.0714667629054,-76.82320428210073,-280.3295105620819,-7.070970541950305,-18.794806452734722,-12.3511282478864,150.89498619069317,203.6208955771701,-100.99704863032414,-251.65180393294378,-7.9311997876661655,-12.748308979152664,-18.812479562223483,-13.29908936261728,29.4505711857353,24.17384434822341,-28.67770662913813,0.8602292457158605,-6.046497473582058,6.461351314337083
CCCma,CanESM5-CanOE,r1i1p2f1,gn,ssp585,2034-05,2034,5,210.73696432219654,277.78982571410984,-107.52829450671142,-314.11784748112603,-7.690539766642301,-15.491931770376524,43.698176511450086,248.79743010993508,243.09734417111952,-164.04568966482177,-289.5335198494272,-5.887403499858661,-12.858119228604854,19.570042038342113,-38.060465787738536,34.69248154299032,56.51739515811035,-24.58432763169884,-1.80313626678364,-2.63381254177167,24.128134473107973
CCCma,CanESM5-CanOE,r1i1p2f1,gn,ssp585,2034-06,2034,6,235.44272072408788,297.59507541739225,-92.20191093701655,-326.376720223791,-2.4092200913892734,-11.420498597361146,100.62944629192218,270.8609183255667,281.3191905962504,-161.1879435915762,-314.1864221932955,-4.112286789613121,-11.594284946025898,61.09917140130626,-35.418197601478795,16.275884821141858,68.98603265455964,-12.190298030495455,1.7030666982238474,0.17378634866475196,39.53027489061592
CCCma,CanESM5-CanOE,r1i1p2f1,gn,ssp585,2034-07,2034,7,202.67922225904954,309.5166833175233,-47.0506243444039,-335.83527094749786,0.5287692262659441,-9.31922937277439,120.51955013816264,224.2551920881,294.89674293371723,-102.79903416576022,-321.87172155748266,-1.1109446312367832,-9.39464386725119,83.97559080008637,-21.57596982905045,14.619940383806068,55.74840982135632,-13.963549390015203,1.6397138575027275,0.07541449447680115,36.54395933807628
CCCma,CanESM5-CanOE,r1i1p2f1,gn,ssp585,2034-08,2034,8,116.02735893470643,314.3712969770329,-20.13908171478498,-337.8377005360783,-2.4402918346509486,-12.656191700565296,57.32539012565979,138.04127284497537,293.51802779646516,-52.18284747390068,-320.37372679006006,-2.5062649386197706,-10.800937684864726,45.69552375399525,-22.01391391026894,20.853269180567736,32.0437657591157,-17.463973746018212,0.06597310396882206,-1.8552540157005701,11.629866371664534
CCCma,CanESM5-CanOE,r1i1p2f1,gn,ssp585,2034-09,2034,9,50.19354726490918,302.08028468140947,-8.319800773269707,-330.101245045065,-8.305620840892308,-18.890015678351798,-13.342850391260201,63.18456348645751,266.70302478658806,-23.013406979202472,-300.93944393720716,-7.82200411290642,-15.449381194229838,-17.336647950500325,-12.991016221548335,35.37725989482141,14.693606205932765,-29.161801107857855,-0.48361672798588806,-3.4406344841219596,3.9937975592401234
CCCma,CanESM5-CanOE,r1i1p2f1,gn,ssp585,2034-10,2034,10,13.556383792210386,277.2753935596512,-2.3967619990617415,-316.10811129208696,-20.51742071590862,-27.77774471582409,-75.96826137101984,17.249578700676455,229.42952623657507,-6.05648776625267,-269.26043068333587,-15.60508683741619,-19.265371335151645,-63.508271684904834,-3.6931949084660687,47.845867323076135,3.6597257671909285,-46.84768060875109,-4.912333878492431,-8.512373380672447,-12.459989686115001
CCCma,CanESM5-CanOE,r1i1p2f1,gn,ssp585,2034-11,2034,11,2.1165588988071056,250.59640526077737,-0.41491216796245545,-296.784003423624,-24.214554523741178,-30.71075045743446,-99.41125641317758,2.515336833744441,201.51629179882505,-0.852789140129987,-242.618099337239,-18.104257216232263,-18.594844834341938,-76.1383618953737,-0.3987779349373355,49.08011346195232,0.4378769721675315,-54.165904086384984,-6.110297307508915,-12.115905623092523,-23.272894517803877
CCCma,CanESM5-CanOE,r1i1p2f1,gn,ssp585,2034-12,2034,12,0.41191448888054977,234.51978555382823,-0.09435550776994704,-279.75430243945,-25.47484253628384,-27.798553002597366,-98.19035344339235,0.5047198763123734,185.0172678795254,-0.21808210897323796,-226.00776044781924,-16.448539416236862,-17.091682477943937,-74.2440766951355,-0.0928053874318236,49.50251767430282,0.12372660120329092,-53.74654199163075,-9.026303120046979,-10.706870524653429,-23.94627674825685
CCCma,CanESM5-CanOE,r1i1p2f1,gn,ssp585,2035-01,2035,1,1.1983457820125916,215.35656326942953,-0.41752156441067856,-263.71138697820606,-28.62604784553789,-29.64039823200117,-105.84044556871372,1.3942172339713994,176.9672228764132,-0.7437200236333381,-217.63140127830133,-15.69624865399158,-16.575668975850103,-72.28559882139174,-0.19587145195880784,38.38934039301634,0.32619845922265955,-46.07998569990474,-12.92979919154631,-13.064729256151068,-33.554846747321974
CCCma,CanESM5-CanOE,r1i1p2f1,gn,ssp585,2035-02,2035,2,9.076298912301956,215.0919802812834,-4.273810227983096,-260.8728440142452,-22.168521023683844,-27.112221786789725,-90.25911785911647,10.435125305198977,175.60313356881824,-6.187284967981398,-216.1570761380548,-13.895837664682768,-15.661279088587179,-65.86321898528892,-1.3588263928970203,39.488846712465175,1.9134747399983025,-44.71576787619037,-8.272683359001077,-11.450942698202546,-24.395898873827548
CCCma,CanESM5-CanOE,r1i1p2f1,gn,ssp585,2035-03,2035,3,47.68649091155174,219.27801693748845,-26.033584387156722,-266.16122395924674,-22.002820403780223,-26.73009875689107,-73.9632196580346,53.61840029548194,181.90905131575357,-34.67089409376744,-224.510982804252,-11.546834976313114,-14.228565682492963,-49.42982594558999,-5.931909383930197,37.36896562173487,8.637309706610715,-41.650241154994745,-10.455985427467109,-12.501533074398107,-24.533393712444614
CCCma,CanESM5-CanOE,r1i1p2f1,gn,ssp585,2035-04,2035,4,132.5600649318615,237.71195221629887,-75.11652166073416,-283.58436732224027,-9.057000607946863,-18.52396289539885,-16.00983533815983,150.89498619069317,203.6208955771701,-100.99704863032414,-251.65180393294378,-7.9311997876661655,-12.748308979152664,-18.812479562223483,-18.334921258831685,34.091056639128766,25.88052696958998,-31.93256338929649,-1.1258008202806975,-5.775653916246185,2.802644224063652
CCCma,CanESM5-CanOE,r1i1p2f1,gn,ssp585,2035-05,2035,5,205.7634488755559,276.0262495082929,-111.34707898980659,-311.5764383496569,-5.12273914201353,-14.812822407092858,38.93061949527887,248.79743010993508,243.09734417111952,-164.04568966482177,-289.5335198494272,-5.887403499858661,-12.858119228604854,19.570042038342113,-43.03398123437918,32.928905337173376,52.698610675015175,-22.04291850022969,0.7646643578451311,-1.9547031784880033,19.360577456936756
CCCma,CanESM5-CanOE,r1i1p2f1,gn,ssp585,2035-06,2035,6,222.2682959242643,302.11629952718283,-84.55987548141525,-326.71898080140136,-1.2062311748991172,-10.32746195576145,101.57204603796995,270.8609183255667,281.3191905962504,-161.1879435915762,-314.1864221932955,-4.112286789613121,-11.594284946025898,61.09917140130626,-48.59262240130238,20.79710893093244,76.62806811016094,-12.53255860810583,2.9060556147140035,1.2668229902644477,40.4728746366637
CCCma,CanESM5-CanOE,r1i1p2f1,gn,ssp585,2035-07,2035,7,193.96715838304397,312.7140158782413,-41.7067026003721,-336.14096332167395,2.2388255958086978,-8.337654792557991,122.73467914248994,224.2551920881,294.89674293371723,-102.79903416576022,-321.87172155748266,-1.1109446312367832,-9.39464386725119,83.97559080008637,-30.288033705056023,17.817272944524063,61.09233156538812,-14.269241764191293,3.349770227045481,1.056989074693199,38.75908834240357
CCCma,CanESM5-CanOE,r1i1p2f1,gn,ssp585,2035-08,2035,8,114.58682915358892,316.6731618400597,-17.884733107275114,-339.48554019820796,-0.7369020035956803,-11.586917270387156,61.565898414182776,138.04127284497537,293.51802779646516,-52.18284747390068,-320.37372679006006,-2.5062649386197706,-10.800937684864726,45.69552375399525,-23.454443691386444,23.155134043594558,34.29811436662557,-19.111813408147896,1.7693629350240903,-0.7859795855224299,15.870374660187522
CCCma,CanESM5-CanOE,r1i1p2f1,gn,ssp585,2035-09,2035,9,47.98955069236697,304.89827182240873,-7.150649223644119,-332.8142746755825,-10.61974404186798,-21.315842728193832,-19.01268815451275,63.18456348645751,266.70302478658806,-23.013406979202472,-300.93944393720716,-7.82200411290642,-15.449381194229838,-17.336647950500325,-15.195012794090545,38.19524703582067,15.862757755558352,-31.87483073837535,-2.79773992896156,-5.866461533963994,-1.676040204012427
CCCma,CanESM5-CanOE,r1i1p2f1,gn,ssp585,2035-10,2035,10,13.335116898393611,284.2525571937455,-2.1594323482404607,-321.247153356325,-21.052243697831845,-29.39050686956032,-76.2616621798185,17.249578700676455,229.42952623657507,-6.05648776625267,-269.26043068333587,-15.60508683741619,-19.265371335151645,-63.508271684904834,-3.914461802282844,54.8230309571704,3.8970554180122092,-51.98672267298912,-5.447156860415655,-10.125135534408674,-12.753390494913667
CCCma,CanESM5-CanOE,r1i1p2f1,gn,ssp585,2035-11,2035,11,1.8674960832667196,260.08177672733035,-0.34075485588552423,-304.5022065132572,-25.085271307294555,-30.11237576700507,-98.09133563284527,2.515336833744441,201.51629179882505,-0.852789140129987,-242.618099337239,-18.104257216232263,-18.594844834341938,-76.1383618953737,-0.6478407504777215,58.5654849285053,0.5120342842444627,-61.884107176018205,-6.981014091062292,-11.517530932663131,-21.952973737471567
CCCma,CanESM5-CanOE,r1i1p2f1,gn,ssp585,2035-12,2035,12,0.42674089376637236,238.04706507348465,-0.0917359941381658,-285.8535796386943,-26.748844527685527,-30.527241002920913,-104.7475951961879,0.5047198763123734,185.0172678795254,-0.21808210897323796,-226.00776044781924,-16.448539416236862,-17.091682477943937,-74.2440766951355,-0.077978982546001,53.02979719395924,0.12634611483507216,-59.84581919087509,-10.300305111448665,-13.435558524976976,-30.503518501052397
CCCma,CanESM5-CanOE,r1i1p2f1,gn,ssp585,2036-01,2036,1,1.1218905218996336,218.93318023253926,-0.3686976877642948,-271.7212254531811,-29.84198685655628,-31.988456864641467,-113.86529610770422,1.3942172339713994,176.9672228764132,-0.7437200236333381,-217.63140127830133,-15.69624865399158,-16.575668975850103,-72.28559882139174,-0.27232671207176584,41.96595735612607,0.3750223358690433,-54.089824174879766,-14.145738202564699,-15.412787888791364,-41.57969728631248
CCCma,CanESM5-CanOE,r1i1p2f1,gn,ssp585,2036-02,2036,2,9.297885801271294,214.99382488743677,-4.280533416332098,-264.2515366603986,-26.87314606937202,-28.55944066064821,-99.67294611804284,10.435125305198977,175.60313356881824,-6.187284967981398,-216.1570761380548,-13.895837664682768,-15.661279088587179,-65.86321898528892,-1.1372395039276828,39.390691318618536,1.9067515516493003,-48.09446052234378,-12.977308404689252,-12.898161572061031,-33.80972713275392
CCCma,CanESM5-CanOE,r1i1p2f1,gn,ssp585,2036-03,2036,3,46.33025997498598,231.03564875776527,-24.56015596004004,-273.22363960175795,-14.762340221080228,-21.5726451963117,-56.75287224643871,53.61840029548194,181.90905131575357,-34.67089409376744,-224.510982804252,-11.546834976313114,-14.228565682492963,-49.42982594558999,-7.2881403204959625,49.1265974420117,10.110738133727398,-48.71265679750596,-3.2155052447671135,-7.344079513818738,-7.323046300848723
CCCma,CanESM5-CanOE,r1i1p2f1,gn,ssp585,2036-04,2036,4,134.21463404593987,241.8308493438414,-72.51169781839195,-288.68139550187925,-12.136787968964718,-19.34643413459894,-16.63083203405358,150.89498619069317,203.6208955771701,-100.99704863032414,-251.65180393294378,-7.9311997876661655,-12.748308979152664,-18.812479562223483,-16.6803521447533,38.209953766671305,28.485350811932193,-37.02959156893547,-4.205588181298553,-6.598125155446276,2.181647528169904
CCCma,CanESM5-CanOE,r1i1p2f1,gn,ssp585,2036-05,2036,5,214.51763929711538,273.4562213034794,-110.4211457529342,-311.24297420921704,-7.569176100109875,-15.222391199819171,43.5181733385145,248.79743010993508,243.09734417111952,-164.04568966482177,-289.5335198494272,-5.887403499858661,-12.858119228604854,19.570042038342113,-34.2797908128197,30.358877132359908,53.62454391188757,-21.709454359789845,-1.6817726002512137,-2.3642719712143165,23.94813130017239
CCCma,CanESM5-CanOE,r1i1p2f1,gn,ssp585,2036-06,2036,6,236.5363227502213,297.3736035648256,-88.93346208194629,-327.3986072474474,-4.2391223378257195,-12.884004350123037,100.45473029770453,270.8609183255667,281.3191905962504,-161.1879435915762,-314.1864221932955,-4.112286789613121,-11.594284946025898,61.09917140130626,-34.32459557534537,16.054412968575207,72.2544815096299,-13.21218505415186,-0.12683554821259868,-1.2897194040971396,39.35555889639827
CCCma,CanESM5-CanOE,r1i1p2f1,gn,ssp585,2036-07,2036,7,193.90660481025057,313.1574911719667,-45.291894191654464,-337.06970163795023,0.31029493449407775,-8.938323752450295,116.07447133465635,224.2551920881,294.89674293371723,-102.79903416576022,-321.87172155748266,-1.1109446312367832,-9.39464386725119,83.97559080008637,-30.34858727784942,18.260748238249448,57.507139974105755,-15.197980080467573,1.421239565730861,0.45632011480089574,32.098880534569986
CCCma,CanESM5-CanOE,r1i1p2f1,gn,ssp585,2036-08,2036,8,116.21299511758251,316.00915529383064,-20.324902097775873,-339.6571633476855,-1.1991398368317743,-11.936751668022607,59.104193461097395,138.04127284497537,293.51802779646516,-52.18284747390068,-320.37372679006006,-2.5062649386197706,-10.800937684864726,45.69552375399525,-21.82827772739286,22.491127497365483,31.857945376124807,-19.283436557625464,1.3071251017879963,-1.135813983157881,13.408669707102142
CCCma,CanESM5-CanOE,r1i1p2f1,gn,ssp585,2036-09,2036,9,47.761638727390974,305.0687722019754,-7.502139541522851,-332.42329198706244,-9.435736053387721,-19.703151157143513,-16.233907809750203,63.18456348645751,266.70302478658806,-23.013406979202472,-300.93944393720716,-7.82200411290642,-15.449381194229838,-17.336647950500325,-15.42292475906654,38.36574741538732,15.51126743767962,-31.483848049855283,-1.6137319404813013,-4.253769962913674,1.1027401407501216
CCCma,CanESM5-CanOE,r1i1p2f1,gn,ssp585,2036-10,2036,10,12.765335256368596,283.8767593278794,-2.0310198338475454,-319.8434729229394,-19.823674418114006,-27.502903704732226,-72.55897629538515,17.249578700676455,229.42952623657507,-6.05648776625267,-269.26043068333587,-15.60508683741619,-19.265371335151645,-63.508271684904834,-4.484243444307859,54.447233091304355,4.025467932405125,-50.583042239603515,-4.218587580697816,-8.237532369580581,-9.050704610480317
CCCma,CanESM5-CanOE,r1i1p2f1,gn,ssp585,2036-11,2036,11,2.1949756684916863,250.3035975633449,-0.41243645617034685,-299.0572031281685,-31.1974239361928,-33.68172893895258,-111.85021922764764,2.515336833744441,201.51629179882505,-0.852789140129987,-242.618099337239,-18.104257216232263,-18.594844834341938,-76.1383618953737,-0.3203611652527547,48.78730576451986,0.4403526839596401,-56.43910379092952,-13.093166719960536,-15.086884104610643,-35.71185733227394
CCCma,CanESM5-CanOE,r1i1p2f1,gn,ssp585,2036-12,2036,12,0.42866723958451375,235.18021298100544,-0.08666392216177188,-283.82948491113865,-28.847101950602067,-31.513112568602555,-108.66748313191508,0.5047198763123734,185.0172678795254,-0.21808210897323796,-226.00776044781924,-16.448539416236862,-17.091682477943937,-74.2440766951355,-0.07605263672785961,50.162945101480034,0.13141818681146608,-57.82172446331941,-12.398562534365205,-14.421430090658617,-34.42340643677957
CCCma,CanESM5-CanOE,r1i1p2f1,gn,ssp585,2037-01,2037,1,1.2005960365791901,224.47262018068992,-0.4120503212186869,-267.85639335095544,-21.360412175433478,-23.6141780278931,-87.56981765823161,1.3942172339713994,176.9672228764132,-0.7437200236333381,-217.63140127830133,-15.69624865399158,-16.575668975850103,-72.28559882139174,-0.1936211973922093,47.50539730427673,0.3316697024146512,-50.22499207265412,-5.664163521441898,-7.038509052042997,-15.28421883683987
CCCma,CanESM5-CanOE,r1i1p2f1,gn,ssp585,2037-02,2037,2,8.633921941241853,222.9117005800743,-4.092824365202284,-267.42439475957286,-15.913033334196976,-21.819943990973403,-77.70457392862939,10.435125305198977,175.60313356881824,-6.187284967981398,-216.1570761380548,-13.895837664682768,-15.661279088587179,-65.86321898528892,-1.8012033639571232,47.30856701125606,2.0944606027791144,-51.26731862151806,-2.0171956695142086,-6.158664902386224,-11.841354943340463
CCCma,CanESM5-CanOE,r1i1p2f1,gn,ssp585,2037-03,2037,3,47.27558304259525,216.82531961490506,-26.022904694249,-261.55448491226775,-18.271451774107383,-21.705925778097363,-63.45386450122122,53.61840029548194,181.90905131575357,-34.67089409376744,-224.510982804252,-11.546834976313114,-14.228565682492963,-49.42982594558999,-6.3428172528866895,34.91626829915148,8.647989399518437,-37.04350210801576,-6.724616797794269,-7.4773600956044,-14.024038555631229
CCCma,CanESM5-CanOE,r1i1p2f1,gn,ssp585,2037-04,2037,4,136.53629435659985,232.20235892698463,-78.08443796649941,-280.4110872792615,-10.620694363953314,-18.633315664606414,-19.01088199073616,150.89498619069317,203.6208955771701,-100.99704863032414,-251.65180393294378,-7.9311997876661655,-12.748308979152664,-18.812479562223483,-14.358691834093321,28.581463349814527,22.912610663824736,-28.759283346317716,-2.6894945762871485,-5.8850066854537495,-0.19840242851267575
CCCma,CanESM5-CanOE,r1i1p2f1,gn,ssp585,2037-05,2037,5,216.01283077779198,271.95858074678586,-118.07202599143719,-309.85704349005454,-4.8465537447854095,-13.697300540814071,41.4984877574866,248.79743010993508,243.09734417111952,-164.04568966482177,-289.5335198494272,-5.887403499858661,-12.858119228604854,19.570042038342113,-32.7845993321431,28.86123657566634,45.97366367338458,-20.323523640627343,1.0408497550732516,-0.8391813122092167,21.928445719144488
CCCma,CanESM5-CanOE,r1i1p2f1,gn,ssp585,2037-06,2037,6,242.9647477569043,297.15088726586316,-95.06105320167187,-326.4570168057897,-0.9206544659944328,-9.39179521595338,108.2851153333581,270.8609183255667,281.3191905962504,-161.1879435915762,-314.1864221932955,-4.112286789613121,-11.594284946025898,61.09917140130626,-27.89617056866237,15.831696669612768,66.12689038990432,-12.270594612494165,3.191632323618688,2.202489730072518,47.18594393205185
CCCma,CanESM5-CanOE,r1i1p2f1,gn,ssp585,2037-07,2037,7,191.2471593279874,313.49199725062834,-44.679812875141494,-335.2079572289968,1.804738764680566,-7.257070476005827,119.39905476315221,224.2551920881,294.89674293371723,-102.79903416576022,-321.87172155748266,-1.1109446312367832,-9.39464386725119,83.97559080008637,-33.0080327601126,18.59525431691111,58.119221290618725,-13.336235671514146,2.915683395917349,2.137573391245363,35.42346396306584
CCCma,CanESM5-CanOE,r1i1p2f1,gn,ssp585,2037-08,2037,8,122.48440494309742,314.1315546551722,-20.47656509081087,-338.4877070771159,-0.3797026865146779,-10.453262011071589,66.81872273275654,138.04127284497537,293.51802779646516,-52.18284747390068,-320.37372679006006,-2.5062649386197706,-10.800937684864726,45.69552375399525,-15.55686790187795,20.61352685870702,31.70628238308981,-18.113980287055824,2.1265622521050926,0.34767567379313746,21.123198978761287
CCCma,CanESM5-CanOE,r1i1p2f1,gn,ssp585,2037-09,2037,9,49.39051006938504,303.93556439418035,-7.860871798801801,-331.37774827964165,-7.521726419863269,-19.256571451370473,-12.690843486111811,63.18456348645751,266.70302478658806,-23.013406979202472,-300.93944393720716,-7.82200411290642,-15.449381194229838,-17.336647950500325,-13.794053417072476,37.23253960759229,15.15253518040067,-30.438304342434492,0.3002776930431512,-3.8071902571406344,4.6458044643885135
CCCma,CanESM5-CanOE,r1i1p2f1,gn,ssp585,2037-10,2037,10,13.425505778757072,278.47079742496265,-2.2601862665819406,-316.8324639796047,-19.268988515188273,-27.655032365019682,-74.12036792267487,17.249578700676455,229.42952623657507,-6.05648776625267,-269.26043068333587,-15.60508683741619,-19.265371335151645,-63.508271684904834,-3.8240729219193828,49.04127118838758,3.7963014996707294,-47.57203329626884,-3.663901677772083,-8.389661029868037,-10.61209623777004
CCCma,CanESM5-CanOE,r1i1p2f1,gn,ssp585,2037-11,2037,11,2.217412212185577,245.08414129138342,-0.4268502338420577,-294.5344994337987,-30.916595940169458,-33.70194892628657,-112.27834103052783,2.515336833744441,201.51629179882505,-0.852789140129987,-242.618099337239,-18.104257216232263,-18.594844834341938,-76.1383618953737,-0.297924621558864,43.567849492558366,0.42593890628792924,-51.91640009655973,-12.812338723937195,-15.107104091944631,-36.13997913515412
CCCma,CanESM5-CanOE,r1i1p2f1,gn,ssp585,2037-12,2037,12,0.4418401294058868,226.67016357618837,-0.10062440667436919,-278.15972114769164,-31.232805009874077,-32.46197207579076,-114.8431189344366,0.5047198763123734,185.0172678795254,-0.21808210897323796,-226.00776044781924,-16.448539416236862,-17.091682477943937,-74.2440766951355,-0.06287974690648657,41.652895696662966,0.11745770229886877,-52.151960699872404,-14.784265593637215,-15.370289597846824,-40.5990422393011
CCCma,CanESM5-CanOE,r1i1p2f1,gn,ssp585,2038-01,2038,1,1.239280443210047,208.34756718232214,-0.45382504248213756,-259.11198883835243,-29.731647472561942,-29.693502541596544,-109.40411626946089,1.3942172339713994,176.9672228764132,-0.7437200236333381,-217.63140127830133,-15.69624865399158,-16.575668975850103,-72.28559882139174,-0.15493679076135236,31.38034430590895,0.28989498115120055,-41.480587560051106,-14.035398818570362,-13.11783356574644,-37.11851744806914
CCCma,CanESM5-CanOE,r1i1p2f1,gn,ssp585,2038-02,2038,2,9.689517608721298,208.80803786321192,-4.5837538810371505,-256.454827915863,-24.959422515594692,-26.987769072039427,-94.48821791260106,10.435125305198977,175.60313356881824,-6.187284967981398,-216.1570761380548,-13.895837664682768,-15.661279088587179,-65.86321898528892,-0.7456076964776788,33.204904294393685,1.6035310869442476,-40.2977517778082,-11.063584850911925,-11.326489983452248,-28.624998927312134
CCCma,CanESM5-CanOE,r1i1p2f1,gn,ssp585,2038-03,2038,3,48.211976921222906,213.09155896523146,-26.738305735358658,-259.2133750624136,-15.493091479601826,-22.032380886775794,-62.17361727769553,53.61840029548194,181.90905131575357,-34.67089409376744,-224.510982804252,-11.546834976313114,-14.228565682492963,-49.42982594558999,-5.406423374259035,31.182507649477884,7.932588358408779,-34.70239225816161,-3.946256503288712,-7.803815204282831,-12.743791332105538
CCCma,CanESM5-CanOE,r1i1p2f1,gn,ssp585,2038-04,2038,4,130.17216113167524,241.11227720192844,-74.92391183168053,-283.58655094673236,-9.101303749205341,-18.755445824125044,-15.082774018139569,150.89498619069317,203.6208955771701,-100.99704863032414,-251.65180393294378,-7.9311997876661655,-12.748308979152664,-18.812479562223483,-20.722825059017936,37.49138162475833,26.073136798643617,-31.93474701378858,-1.1701039615391755,-6.007136844972379,3.729705544083915
CCCma,CanESM5-CanOE,r1i1p2f1,gn,ssp585,2038-05,2038,5,212.15680193298945,272.1869324488157,-117.86144165427315,-309.68882972636817,-6.434112614797581,-15.374363517354185,34.98498686901202,248.79743010993508,243.09734417111952,-164.04568966482177,-289.5335198494272,-5.887403499858661,-12.858119228604854,19.570042038342113,-36.640628176945626,29.08958827769618,46.184248010548615,-20.155309876940976,-0.5467091149389196,-2.5162442887493306,15.414944830669906
CCCma,CanESM5-CanOE,r1i1p2f1,gn,ssp585,2038-06,2038,6,232.31456261038878,300.22788783368145,-88.13821506035131,-326.042773495728,0.002322137450983163,-9.32099166991487,109.04279235552708,270.8609183255667,281.3191905962504,-161.1879435915762,-314.1864221932955,-4.112286789613121,-11.594284946025898,61.09917140130626,-38.546355715177896,18.908697237431056,73.04972853122487,-11.856351302432472,4.114608927064104,2.273293276111028,47.943620954220826
CCCma,CanESM5-CanOE,r1i1p2f1,gn,ssp585,2038-07,2038,7,189.7847861553942,312.27532111216476,-42.44862517785131,-334.3191246703983,0.37688509299951806,-8.902381842104123,116.76686067020466,224.2551920881,294.89674293371723,-102.79903416576022,-321.87172155748266,-1.1109446312367832,-9.39464386725119,83.97559080008637,-34.4704059327058,17.378578178447526,60.35040898790891,-12.447403112915651,1.4878297242363012,0.49226202514706685,32.7912698701183
CCCma,CanESM5-CanOE,r1i1p2f1,gn,ssp585,2038-08,2038,8,113.00413132008177,315.98509986836507,-17.581483624472455,-337.9399195492333,0.01589837442620661,-10.905108263071853,62.578618126095435,138.04127284497537,293.51802779646516,-52.18284747390068,-320.37372679006006,-2.5062649386197706,-10.800937684864726,45.69552375399525,-25.0371415248936,22.467072071899906,34.601363849428225,-17.566192759173248,2.522163313045977,-0.1041705782071265,16.88309437210018
CCCma,CanESM5-CanOE,r1i1p2f1,gn,ssp585,2038-09,2038,9,48.78583069657891,304.3767658919232,-7.238920374439078,-331.82679527821824,-7.864410179003462,-19.402427423584523,-13.169956666743234,63.18456348645751,266.70302478658806,-23.013406979202472,-300.93944393720716,-7.82200411290642,-15.449381194229838,-17.336647950500325,-14.3987327898786,37.673741105335125,15.774486604763393,-30.887351341011083,-0.04240606609704223,-3.953046229354685,4.166691283757091
CCCma,CanESM5-CanOE,r1i1p2f1,gn,ssp585,2038-10,2038,10,13.253460621798641,284.0780789449223,-2.177857037407417,-320.02469543686794,-18.887010758440145,-27.181640848892457,-70.93966451488701,17.249578700676455,229.42952623657507,-6.05648776625267,-269.26043068333587,-15.60508683741619,-19.265371335151645,-63.508271684904834,-3.9961180788778137,54.64855270834724,3.878630728845253,-50.764264753532075,-3.281923921023955,-7.9162695137408114,-7.43139282998218
CCCma,CanESM5-CanOE,r1i1p2f1,gn,ssp585,2038-11,2038,11,2.084469366815467,259.89671690085123,-0.3802778722187509,-305.1620309209665,-26.33440718076971,-31.110280486799244,-101.00581019308751,2.515336833744441,201.51629179882505,-0.852789140129987,-242.618099337239,-18.104257216232263,-18.594844834341938,-76.1383618953737,-0.43086746692897426,58.38042510202618,0.47251126791123604,-62.54393158372753,-8.230149964537446,-12.515435652457306,-24.867448297713807
CCCma,CanESM5-CanOE,r1i1p2f1,gn,ssp585,2038-12,2038,12,0.4315644405326596,235.7159175495541,-0.10026386526487223,-282.97507661120585,-30.618793892507618,-32.00090362029113,-109.54755599918272,0.5047198763123734,185.0172678795254,-0.21808210897323796,-226.00776044781924,-16.448539416236862,-17.091682477943937,-74.2440766951355,-0.07315543577971378,50.698649670028686,0.11781824370836573,-56.96731616338661,-14.170254476270756,-14.909221142347196,-35.303479304047215
CCCma,CanESM5-CanOE,r1i1p2f1,gn,ssp585,2039-01,2039,1,1.1171023274755787,225.24931167236704,-0.4081709095565672,-271.70558426452646,-22.435182425703722,-27.978087890188714,-96.16061149013284,1.3942172339713994,176.9672228764132,-0.7437200236333381,-217.63140127830133,-15.69624865399158,-16.575668975850103,-72.28559882139174,-0.2771149064958207,48.282088795953854,0.3355491140767709,-54.07418298622514,-6.7389337717121425,-11.402418914338611,-23.875012668741093
CCCma,CanESM5-CanOE,r1i1p2f1,gn,ssp585,2039-02,2039,2,9.649346725308597,202.40745305190703,-4.702412067796467,-253.7502731921958,-32.53208402577197,-32.39408102876546,-111.32205053731411,10.435125305198977,175.60313356881824,-6.187284967981398,-216.1570761380548,-13.895837664682768,-15.661279088587179,-65.86321898528892,-0.7857785798903798,26.80431948308879,1.4848729001849312,-37.593197054141,-18.636246361089206,-16.732801940178284,-45.45883155202519
CCCma,CanESM5-CanOE,r1i1p2f1,gn,ssp585,2039-03,2039,3,47.90994533496013,213.30948962200907,-26.849102057339145,-259.80632285137335,-15.619950764206537,-22.220279284911847,-63.276220000861706,53.61840029548194,181.90905131575357,-34.67089409376744,-224.510982804252,-11.546834976313114,-14.228565682492963,-49.42982594558999,-5.708454960521813,31.400438306255495,7.821792036428292,-35.29534004712136,-4.073115787893423,-7.9917136024188835,-13.846394055271716
CCCma,CanESM5-CanOE,r1i1p2f1,gn,ssp585,2039-04,2039,4,130.9437184899654,236.1229077867898,-77.21000156981783,-280.62939678613634,-10.746702964242528,-17.87826629109052,-19.39774133453205,150.89498619069317,203.6208955771701,-100.99704863032414,-251.65180393294378,-7.9311997876661655,-12.748308979152664,-18.812479562223483,-19.951267700727783,32.50201220961969,23.78704706050631,-28.97759285319256,-2.815503176576363,-5.129957311937854,-0.5852617723085665
CCCma,CanESM5-CanOE,r1i1p2f1,gn,ssp585,2039-05,2039,5,213.6074839832243,274.22848134095466,-109.84133853112192,-312.60846084769884,-4.937210523029293,-14.958466931261961,45.490488491066934,248.79743010993508,243.09734417111952,-164.04568966482177,-289.5335198494272,-5.887403499858661,-12.858119228604854,19.570042038342113,-35.189946126710765,31.131137169835142,54.204351133699845,-23.074940998271643,0.950192976829368,-2.100347702657107,25.92044645272482
CCCma,CanESM5-CanOE,r1i1p2f1,gn,ssp585,2039-06,2039,6,238.15089057428258,298.68094428510904,-84.18357669768476,-328.2644828627994,-2.051714890698034,-10.991373807855947,111.34068660035345,270.8609183255667,281.3191905962504,-161.1879435915762,-314.1864221932955,-4.112286789613121,-11.594284946025898,61.09917140130626,-32.71002775128409,17.36175368885864,77.00436689389143,-14.078060669503884,2.0605718989150867,0.6029111381699508,50.24151519904719
CCCma,CanESM5-CanOE,r1i1p2f1,gn,ssp585,2039-07,2039,7,208.24237789039057,311.0714720769587,-41.18848691988271,-339.29093077100606,0.24547383732093023,-9.300520318075522,129.77938579570588,224.2551920881,294.89674293371723,-102.79903416576022,-321.87172155748266,-1.1109446312367832,-9.39464386725119,83.97559080008637,-16.012814197709417,16.17472914324145,61.610547245877505,-17.419209213523402,1.3564184685577134,0.09412354917566823,45.80379499561951
CCCma,CanESM5-CanOE,r1i1p2f1,gn,ssp585,2039-08,2039,8,114.76717394845933,317.9551177453794,-16.962150225024324,-342.08308661992845,-0.6517089815534786,-13.116929330347537,59.90841653698495,138.04127284497537,293.51802779646516,-52.18284747390068,-320.37372679006006,-2.5062649386197706,-10.800937684864726,45.69552375399525,-23.274098896516037,24.437089948914263,35.220697248876355,-21.70935982986839,1.854555957066292,-2.3159916454828107,14.212892782989698
CCCma,CanESM5-CanOE,r1i1p2f1,gn,ssp585,2039-09,2039,9,46.443705664106275,309.87912967270904,-6.651435347338284,-335.2277646274424,-7.445037216099683,-19.122961741484716,-12.124363595549772,63.18456348645751,266.70302478658806,-23.013406979202472,-300.93944393720716,-7.82200411290642,-15.449381194229838,-17.336647950500325,-16.740857822351238,43.17610488612098,16.361971631864186,-34.28832069023525,0.3769668968067368,-3.6735805472548773,5.212284354950553
CCCma,CanESM5-CanOE,r1i1p2f1,gn,ssp585,2039-10,2039,10,12.569728194213631,290.18090868420836,-1.9587181834831584,-323.80351942161496,-16.773504638620697,-25.31092256578848,-65.0960279310853,17.249578700676455,229.42952623657507,-6.05648776625267,-269.26043068333587,-15.60508683741619,-19.265371335151645,-63.508271684904834,-4.679850506462824,60.75138244763329,4.097769582769511,-54.543088738279096,-1.168417801204507,-6.0455512306368355,-1.5877562461804686
CCCma,CanESM5-CanOE,r1i1p2f1,gn,ssp585,2039-11,2039,11,2.1543120513899674,263.4451989318713,-0.3939322667487841,-309.3684868372976,-26.0108414152506,-32.55159464874329,-102.725344184779,2.515336833744441,201.51629179882505,-0.852789140129987,-242.618099337239,-18.104257216232263,-18.594844834341938,-76.1383618953737,-0.36102478235447366,61.92890713304624,0.45885687338120285,-66.75038750005862,-7.9065841990183365,-13.956749814401352,-26.5869822894053
CCCma,CanESM5-CanOE,r1i1p2f1,gn,ssp585,2039-12,2039,12,0.3797418088356949,242.44108221416585,-0.07707797759624635,-290.387636911258,-30.60384568222099,-31.60887733156529,-109.85661387963901,0.5047198763123734,185.0172678795254,-0.21808210897323796,-226.00776044781924,-16.448539416236862,-17.091682477943937,-74.2440766951355,-0.12497806747667844,57.42381433464044,0.1410041313769916,-64.37987646343879,-14.155306265984127,-14.517194853621351,-35.61253718450351
CCCma,CanESM5-CanOE,r1i1p2f1,gn,ssp585,2040-01,2040,1,1.29450337974077,228.01763093269037,-0.46224560596322684,-272.94663410967894,-24.914316217491862,-27.994806997456518,-97.00586861815941,1.3942172339713994,176.9672228764132,-0.7437200236333381,-217.63140127830133,-15.69624865399158,-16.575668975850103,-72.28559882139174,-0.0997138542306295,51.05040805627718,0.2814744176701113,-55.315232831377614,-9.218067563500282,-11.419138021606415,-24.720269796767667
CCCma,CanESM5-CanOE,r1i1p2f1,gn,ssp585,2040-02,2040,2,9.153978277176309,212.13364607153238,-4.309960316069449,-260.60548602185685,-23.557921243506716,-26.299614721213118,-93.48535795393741,10.435125305198977,175.60313356881824,-6.187284967981398,-216.1570761380548,-13.895837664682768,-15.661279088587179,-65.86321898528892,-1.2811470280226676,36.530512502714146,1.877324651911949,-44.44840988380204,-9.662083578823948,-10.638335632625939,-27.622138968648486
CCCma,CanESM5-CanOE,r1i1p2f1,gn,ssp585,2040-03,2040,3,47.81707392044485,220.79508557339173,-25.809717883562953,-266.93728926193285,-23.242056755196163,-26.052924607136248,-73.4298290139916,53.61840029548194,181.90905131575357,-34.67089409376744,-224.510982804252,-11.546834976313114,-14.228565682492963,-49.42982594558999,-5.8013263750370925,38.88603425763816,8.861176210204484,-42.42630645768085,-11.695221778883049,-11.824358924643285,-24.000003068401604
CCCma,CanESM5-CanOE,r1i1p2f1,gn,ssp585,2040-04,2040,4,132.6545673384239,237.77743769142228,-76.10757863302732,-282.1536384898919,-9.577695778270122,-17.27392145293916,-14.680829324282236,150.89498619069317,203.6208955771701,-100.99704863032414,-251.65180393294378,-7.9311997876661655,-12.748308979152664,-18.812479562223483,-18.240418852269272,34.156542114252176,24.88946999729683,-30.501834556948097,-1.646495990603957,-4.525612473786495,4.131650237941248
CCCma,CanESM5-CanOE,r1i1p2f1,gn,ssp585,2040-05,2040,5,209.81704150884127,273.54274749299924,-113.16118417505922,-309.71719412504547,-4.998743603422031,-14.865819177054936,40.61684792125889,248.79743010993508,243.09734417111952,-164.04568966482177,-289.5335198494272,-5.887403499858661,-12.858119228604854,19.570042038342113,-38.98038860109381,30.445403321879724,50.884505489762546,-20.183674275618273,0.8886598964366303,-2.0076999484500817,21.046805882916775
CCCma,CanESM5-CanOE,r1i1p2f1,gn,ssp585,2040-06,2040,6,224.69718550909343,301.7095544080463,-80.94176808857162,-327.0566002621749,1.3344115273074497,-9.022550837737672,110.72023225596294,270.8609183255667,281.3191905962504,-161.1879435915762,-314.1864221932955,-4.112286789613121,-11.594284946025898,61.09917140130626,-46.16373281647324,20.390363811795908,80.24617550300457,-12.870178068879397,5.44669831692057,2.5717341082882257,49.62106085465668
CCCma,CanESM5-CanOE,r1i1p2f1,gn,ssp585,2040-07,2040,7,187.88243467755717,313.6492113233239,-35.83142055281997,-336.0131106039083,2.7307829034543687,-7.6212339601041466,124.79666378750309,224.2551920881,294.89674293371723,-102.79903416576022,-321.87172155748266,-1.1109446312367832,-9.39464386725119,83.97559080008637,-36.37275741054282,18.75246838960669,66.96761361294026,-14.141389046425616,3.841727534691152,1.7734099071470437,40.82107298741673
CCCma,CanESM5-CanOE,r1i1p2f1,gn,ssp585,2040-08,2040,8,109.7516348235596,319.9841584870785,-15.233293299869288,-339.8069636467268,-0.5707824052837829,-11.101183346043976,63.02357061271427,138.04127284497537,293.51802779646516,-52.18284747390068,-320.37372679006006,-2.5062649386197706,-10.800937684864726,45.69552375399525,-28.28963802141577,26.46613069061334,36.94955417403139,-19.433236856666724,1.9354825333359877,-0.30024566117925033,17.32804685871902
CCCma,CanESM5-CanOE,r1i1p2f1,gn,ssp585,2040-09,2040,9,48.06366261023965,306.8027508068742,-6.674925463431047,-333.7060519666303,-8.277063166569725,-19.094868030601113,-12.886495210118355,63.18456348645751,266.70302478658806,-23.013406979202472,-300.93944393720716,-7.82200411290642,-15.449381194229838,-17.336647950500325,-15.12090087621786,40.09972602028614,16.338481515771424,-32.76660802942314,-0.45505905366330524,-3.6454868363712745,4.45015274038197
CCCma,CanESM5-CanOE,r1i1p2f1,gn,ssp585,2040-10,2040,10,12.731182081958812,288.38523677628467,-1.9565144419985865,-323.70765690158936,-19.989443289624745,-28.907365795720047,-73.44456157068925,17.249578700676455,229.42952623657507,-6.05648776625267,-269.26043068333587,-15.60508683741619,-19.265371335151645,-63.508271684904834,-4.518396618717643,58.9557105397096,4.0999733242540835,-54.44722621825349,-4.384356452208555,-9.641994460568402,-9.936289885784412
CCCma,CanESM5-CanOE,r1i1p2f1,gn,ssp585,2040-11,2040,11,1.9204882976226638,267.85008620427766,-0.3482868805214264,-310.0522465655378,-23.133007999316767,-28.844381067585683,-92.60734801106133,2.515336833744441,201.51629179882505,-0.852789140129987,-242.618099337239,-18.104257216232263,-18.594844834341938,-76.1383618953737,-0.5948485361217772,66.33379440545261,0.5045022596085605,-67.43414722829883,-5.028750783084504,-10.249536233243745,-16.468986115687628
CCCma,CanESM5-CanOE,r1i1p2f1,gn,ssp585,2040-12,2040,12,0.39851736238975066,237.19166041300403,-0.08668570464229386,-286.4314711185877,-29.09492827551129,-30.155319519435476,-108.17822684278298,0.5047198763123734,185.0172678795254,-0.21808210897323796,-226.00776044781924,-16.448539416236862,-17.091682477943937,-74.2440766951355,-0.1062025139226227,52.174392533478624,0.1313964043309441,-60.42371067076846,-12.646388859274428,-13.063637041491539,-33.93415014764747
CCCma,CanESM5-CanOE,r1i1p2f1,gn,ssp585,2041-01,2041,1,1.2341238863955102,222.47884662101865,-0.4088138950595533,-271.436169594157,-23.629665825545107,-26.983603256925438,-98.74528206427291,1.3942172339713994,176.9672228764132,-0.7437200236333381,-217.63140127830133,-15.69624865399158,-16.575668975850103,-72.28559882139174,-0.16009334757588922,45.51162374460546,0.3349061285737848,-53.804768315855654,-7.933417171553527,-10.407934281075335,-26.45968324288117
CCCma,CanESM5-CanOE,r1i1p2f1,gn,ssp585,2041-02,2041,2,9.214770613910815,213.50402400687747,-4.43704354570132,-260.001102626751,-24.641849204553882,-26.64005230568017,-93.00125306189808,10.435125305198977,175.60313356881824,-6.187284967981398,-216.1570761380548,-13.895837664682768,-15.661279088587179,-65.86321898528892,-1.2203546912881613,37.900890438059236,1.7502414222800784,-43.84402648869619,-10.746011539871114,-10.978773217092993,-27.13803407660916
CCCma,CanESM5-CanOE,r1i1p2f1,gn,ssp585,2041-03,2041,3,47.33535287723119,226.05675059024705,-26.014302678139213,-271.00742042683214,-15.625120403067559,-25.19591458096551,-64.45065462152617,53.61840029548194,181.90905131575357,-34.67089409376744,-224.510982804252,-11.546834976313114,-14.228565682492963,-49.42982594558999,-6.283047418250753,44.147699274493476,8.656591415628224,-46.496437622580146,-4.078285426754444,-10.967348898472547,-15.02082867593618
CCCma,CanESM5-CanOE,r1i1p2f1,gn,ssp585,2041-04,2041,4,132.20388692309905,241.07624123476876,-75.57559574204589,-284.22543643780085,-8.263906943513785,-17.304300836643602,-12.089111802136323,150.89498619069317,203.6208955771701,-100.99704863032414,-251.65180393294378,-7.9311997876661655,-12.748308979152664,-18.812479562223483,-18.691099267594126,37.455345657598656,25.421452888278253,-32.57363250485707,-0.33270715584761934,-4.5559918574909375,6.723367760087161
CCCma,CanESM5-CanOE,r1i1p2f1,gn,ssp585,2041-05,2041,5,207.36818496305372,275.8492731722911,-111.30559783348357,-311.71521392482674,-6.020452158221986,-14.410441421563952,39.765752797248545,248.79743010993508,243.09734417111952,-164.04568966482177,-289.5335198494272,-5.887403499858661,-12.858119228604854,19.570042038342113,-41.42924514688136,32.75192900117156,52.74009183133819,-22.181694075399548,-0.13304865836332525,-1.5523221929590978,20.195710758906433
CCCma,CanESM5-CanOE,r1i1p2f1,gn,ssp585,2041-06,2041,6,228.89302468872617,298.9671778291566,-94.20306587022456,-326.24645574339826,-2.7867084778357905,-12.458503428996726,92.16546899742738,270.8609183255667,281.3191905962504,-161.1879435915762,-314.1864221932955,-4.112286789613121,-11.594284946025898,61.09917140130626,-41.9678936368405,17.64798723290619,66.98487772135162,-12.06003355010273,1.3255783117773303,-0.8642184829708288,31.066297596121125
CCCma,CanESM5-CanOE,r1i1p2f1,gn,ssp585,2041-07,2041,7,197.7350898921156,312.4227021362945,-43.10531546828137,-335.7615404871542,2.010280872604004,-8.139506756661634,125.16171018891686,224.2551920881,294.89674293371723,-102.79903416576022,-321.87172155748266,-1.1109446312367832,-9.39464386725119,83.97559080008637,-26.52010219598438,17.52595920257727,59.69371869747885,-13.889818929671549,3.1212255038407872,1.2551371105895566,41.18611938883049
CCCma,CanESM5-CanOE,r1i1p2f1,gn,ssp585,2041-08,2041,8,118.77668422457961,316.33124584450985,-17.644959818528026,-339.6577699113563,-0.7604632319338605,-10.191703329148723,66.85303377812252,138.04127284497537,293.51802779646516,-52.18284747390068,-320.37372679006006,-2.5062649386197706,-10.800937684864726,45.69552375399525,-19.264588620395756,22.81321804804469,34.53788765537266,-19.284043121296236,1.7458017066859102,0.6092343557160032,21.15751002412727
CCCma,CanESM5-CanOE,r1i1p2f1,gn,ssp585,2041-09,2041,9,47.742466676085115,306.69930974447715,-6.596491851860952,-333.7807526198279,-9.914970513975318,-20.62739192143369,-16.477830486535588,63.18456348645751,266.70302478658806,-23.013406979202472,-300.93944393720716,-7.82200411290642,-15.449381194229838,-17.336647950500325,-15.442096810372398,39.99628495788909,16.416915127341518,-32.84130868262076,-2.0929664010688978,-5.178010727203853,0.858817463964737
CCCma,CanESM5-CanOE,r1i1p2f1,gn,ssp585,2041-10,2041,10,13.301120125547477,282.68420479795486,-2.025824750271926,-322.62160297756003,-22.78634938566446,-30.42497465361795,-81.87342684361202,17.249578700676455,229.42952623657507,-6.05648776625267,-269.26043068333587,-15.60508683741619,-19.265371335151645,-63.508271684904834,-3.948458575128978,53.25467856137979,4.030663015980744,-53.36117229422416,-7.181262548248272,-11.159603318466306,-18.36515515870719
CCCma,CanESM5-CanOE,r1i1p2f1,gn,ssp585,2041-11,2041,11,2.064904912136684,263.9607743209961,-0.3802727520203816,-304.4890789272719,-20.910292656517523,-27.814679035924804,-87.56864413860185,2.515336833744441,201.51629179882505,-0.852789140129987,-242.618099337239,-18.104257216232263,-18.594844834341938,-76.1383618953737,-0.45043192160775725,62.44448252217106,0.4725163881096054,-61.87097959003293,-2.8060354402852603,-9.219834201582866,-11.430282243228149
CCCma,CanESM5-CanOE,r1i1p2f1,gn,ssp585,2041-12,2041,12,0.38580523133318123,244.15650217041772,-0.08276153943062922,-286.2038850327312,-20.487345097877977,-25.834966517319053,-88.06665078560795,0.5047198763123734,185.0172678795254,-0.21808210897323796,-226.00776044781924,-16.448539416236862,-17.091682477943937,-74.2440766951355,-0.11891464497919213,59.13923429089232,0.13532056954260874,-60.196124584911956,-4.038805681641115,-8.743284039375116,-13.822574090472443
CCCma,CanESM5-CanOE,r1i1p2f1,gn,ssp585,2042-01,2042,1,1.1393188410188633,222.4842475414176,-0.3813594822171075,-267.16948397081666,-22.639698543977058,-24.726992228312508,-91.29396784288686,1.3942172339713994,176.9672228764132,-0.7437200236333381,-217.63140127830133,-15.69624865399158,-16.575668975850103,-72.28559882139174,-0.25489839295253613,45.51702466500441,0.3623605414162306,-49.53808269251533,-6.943449889985478,-8.151323252462404,-19.008369021495113
CCCma,CanESM5-CanOE,r1i1p2f1,gn,ssp585,2042-02,2042,2,8.813050972568274,219.46555592589408,-4.02259501309255,-264.73089203662863,-20.75693485141866,-24.9350250478959,-86.16684005057337,10.435125305198977,175.60313356881824,-6.187284967981398,-216.1570761380548,-13.895837664682768,-15.661279088587179,-65.86321898528892,-1.622074332630703,43.86242235707584,2.164689954888848,-48.57381589857383,-6.861097186735892,-9.27374595930872,-20.303621065284446
CCCma,CanESM5-CanOE,r1i1p2f1,gn,ssp585,2042-03,2042,3,47.76853259358927,217.0241743860542,-26.72534010339998,-260.8551465745334,-15.952222471482242,-21.238245769211456,-59.97824793898364,53.61840029548194,181.90905131575357,-34.67089409376744,-224.510982804252,-11.546834976313114,-14.228565682492963,-49.42982594558999,-5.84986770189267,35.115123070300626,7.945553990367458,-36.344163770281426,-4.405387495169128,-7.009680086718493,-10.548421993393653
CCCma,CanESM5-CanOE,r1i1p2f1,gn,ssp585,2042-04,2042,4,131.85453518978906,243.04445040502597,-75.96914736505423,-285.16153605452615,-8.687657281000828,-16.85678905204326,-11.776144157809465,150.89498619069317,203.6208955771701,-100.99704863032414,-251.65180393294378,-7.9311997876661655,-12.748308979152664,-18.812479562223483,-19.040451000904113,39.42355482785587,25.027901265269918,-33.509732121582374,-0.7564574933346622,-4.108480072890597,7.036335404414018
CCCma,CanESM5-CanOE,r1i1p2f1,gn,ssp585,2042-05,2042,5,211.36344576700188,273.13228625217147,-114.62334281950609,-310.00666162658365,-6.530394922879839,-16.06835068077336,37.26698196943043,248.79743010993508,243.09734417111952,-164.04568966482177,-289.5335198494272,-5.887403499858661,-12.858119228604854,19.570042038342113,-37.4339843429332,30.034942081051952,49.42234684531567,-20.473141777156457,-0.6429914230211775,-3.2102314521685056,17.69693993108832
CCCma,CanESM5-CanOE,r1i1p2f1,gn,ssp585,2042-06,2042,6,235.26040435369794,298.0035407996976,-93.92818631877095,-326.534155475255,-2.5364284136520343,-12.31308195492105,97.95209299079653,270.8609183255667,281.3191905962504,-161.1879435915762,-314.1864221932955,-4.112286789613121,-11.594284946025898,61.09917140130626,-35.600513971868736,16.684350203447195,67.25975727280523,-12.34773328195945,1.5758583759610865,-0.7187970088951516,36.85292158949027
CCCma,CanESM5-CanOE,r1i1p2f1,gn,ssp585,2042-07,2042,7,202.32877533482832,309.9340773288767,-46.86666044137017,-335.6454209877969,0.6116003585433046,-9.228756314822233,121.13361527825894,224.2551920881,294.89674293371723,-102.79903416576022,-321.87172155748266,-1.1109446312367832,-9.39464386725119,83.97559080008637,-21.926416753271667,15.037334395159462,55.93237372439005,-13.773699430314252,1.7225449897800877,0.16588755242895736,37.15802447817258
CCCma,CanESM5-CanOE,r1i1p2f1,gn,ssp585,2042-08,2042,8,115.04619297932568,318.5512294246209,-18.679755023907763,-339.48881487865975,-0.7641833400765743,-11.787155364844875,62.87751379645758,138.04127284497537,293.51802779646516,-52.18284747390068,-320.37372679006006,-2.5062649386197706,-10.800937684864726,45.69552375399525,-22.995079865649686,25.033201628155723,33.50309244999292,-19.11508808859969,1.7420815985431963,-0.9862176799801485,17.181990042462324
CCCma,CanESM5-CanOE,r1i1p2f1,gn,ssp585,2042-09,2042,9,50.225353710394664,303.2972360841088,-7.410345630017041,-333.07781418394995,-10.59555677499204,-22.44154870077274,-20.00267549522832,63.18456348645751,266.70302478658806,-23.013406979202472,-300.93944393720716,-7.82200411290642,-15.449381194229838,-17.336647950500325,-12.959209776062849,36.59421129752076,15.603061349185431,-32.138370246742795,-2.7735526620856206,-6.9921675065429,-2.6660275447279957
CCCma,CanESM5-CanOE,r1i1p2f1,gn,ssp585,2042-10,2042,10,12.503150602268507,287.64651303151805,-1.9841574315112849,-321.7751884347868,-14.820505660600144,-23.784571169238767,-62.2147590623504,17.249578700676455,229.42952623657507,-6.05648776625267,-269.26043068333587,-15.60508683741619,-19.265371335151645,-63.508271684904834,-4.746428098407948,58.21698679494298,4.072330334741385,-52.51475775145093,0.7845811768160456,-4.519199834087122,1.293512622554431
CCCma,CanESM5-CanOE,r1i1p2f1,gn,ssp585,2042-11,2042,11,1.9470863825789877,259.0533884937711,-0.3594990182599804,-303.6050068081717,-26.796201245663546,-30.68672049204346,-100.44695268778864,2.515336833744441,201.51629179882505,-0.852789140129987,-242.618099337239,-18.104257216232263,-18.594844834341938,-76.1383618953737,-0.5682504511654534,57.53709669494603,0.4932901218700066,-60.98690747093272,-8.691944029431284,-12.091875657701522,-24.308590792414932
CCCma,CanESM5-CanOE,r1i1p2f1,gn,ssp585,2042-12,2042,12,0.42156503350683416,241.84076455421587,-0.0899560164959588,-287.42883889188,-25.962862722892627,-28.94917728471482,-100.16850532826071,0.5047198763123734,185.0172678795254,-0.21808210897323796,-226.00776044781924,-16.448539416236862,-17.091682477943937,-74.2440766951355,-0.0831548428055392,56.82349667469046,0.12812609247727916,-61.421078444060754,-9.514323306655765,-11.857494806770884,-25.924428633125203
CCCma,CanESM5-CanOE,r1i1p2f1,gn,ssp585,2043-01,2043,1,1.165814254084906,228.22773296915858,-0.3833223176392756,-274.4006135756649,-25.587564737257253,-28.477298509745243,-99.45525191706322,1.3942172339713994,176.9672228764132,-0.7437200236333381,-217.63140127830133,-15.69624865399158,-16.575668975850103,-72.28559882139174,-0.2284029798864935,51.26051009274539,0.3603977059940625,-56.769212297363595,-9.891316083265673,-11.90162953389514,-27.169653095671478
CCCma,CanESM5-CanOE,r1i1p2f1,gn,ssp585,2043-02,2043,2,8.913730292592701,215.35920332563646,-4.2330843062385854,-259.16616407026777,-22.745735835260188,-26.732848856827722,-88.60489945036511,10.435125305198977,175.60313356881824,-6.187284967981398,-216.1570761380548,-13.895837664682768,-15.661279088587179,-65.86321898528892,-1.5213950126062752,39.75606975681822,1.9542006617428127,-43.009087932212964,-8.84989817057742,-11.071569768240543,-22.741680465076186
CCCma,CanESM5-CanOE,r1i1p2f1,gn,ssp585,2043-03,2043,3,47.26770530983115,223.98257430728262,-25.78833089428115,-267.56589347623117,-12.555142830288153,-19.146572387256118,-53.80565997094281,53.61840029548194,181.90905131575357,-34.67089409376744,-224.510982804252,-11.546834976313114,-14.228565682492963,-49.42982594558999,-6.35069498565079,42.073522991529046,8.882563199486288,-43.05491067197917,-1.0083078539750385,-4.918006704763155,-4.375834025352823
CCCma,CanESM5-CanOE,r1i1p2f1,gn,ssp585,2043-04,2043,4,131.40810802280345,236.77008880922193,-73.71783024780552,-282.66729647730324,-12.129754512049962,-20.234344177502084,-20.571028582635428,150.89498619069317,203.6208955771701,-100.99704863032414,-251.65180393294378,-7.9311997876661655,-12.748308979152664,-18.812479562223483,-19.486878167889728,33.14919323205183,27.27921838251862,-31.01549254435946,-4.198554724383796,-7.48603519834942,-1.7585490204119445
CCCma,CanESM5-CanOE,r1i1p2f1,gn,ssp585,2043-05,2043,5,215.23974149823428,273.2987295466201,-114.20363938223366,-311.7855410911137,-7.234603395609582,-15.20999125666849,40.104695919229,248.79743010993508,243.09734417111952,-164.04568966482177,-289.5335198494272,-5.887403499858661,-12.858119228604854,19.570042038342113,-33.5576886117008,30.201385375500593,49.842050282588104,-22.25202124168652,-1.3471998957509213,-2.351872028063635,20.53465388088689
CCCma,CanESM5-CanOE,r1i1p2f1,gn,ssp585,2043-06,2043,6,240.20575355966284,298.87617442549634,-91.45368447682118,-328.3118770065731,-1.2083991356823498,-10.191626344106837,107.91634102197564,270.8609183255667,281.3191905962504,-161.1879435915762,-314.1864221932955,-4.112286789613121,-11.594284946025898,61.09917140130626,-30.655164765903834,17.55698382924595,69.734259114755,-14.1254548132776,2.903887653930771,1.402658601919061,46.81716962066938
CCCma,CanESM5-CanOE,r1i1p2f1,gn,ssp585,2043-07,2043,7,199.5412022406644,314.21867971800475,-43.62609266143326,-338.81912367516384,-0.1848756788264266,-9.055519817918476,122.07427012532719,224.2551920881,294.89674293371723,-102.79903416576022,-321.87172155748266,-1.1109446312367832,-9.39464386725119,83.97559080008637,-24.713989847435585,19.321936784287516,59.17294150432696,-16.94740211768118,0.9260689524103566,0.3391240493327139,38.09867932524082
CCCma,CanESM5-CanOE,r1i1p2f1,gn,ssp585,2043-08,2043,8,116.15746231300476,320.6077868870098,-17.196839822320662,-342.2719557361441,1.102944922896553,-10.344043348771443,68.05535521567492,138.04127284497537,293.51802779646516,-52.18284747390068,-320.37372679006006,-2.5062649386197706,-10.800937684864726,45.69552375399525,-21.88381053197061,27.089759090544646,34.98600765158002,-21.898228946084032,3.609209861516324,0.4568943360932831,22.35983146167967
CCCma,CanESM5-CanOE,r1i1p2f1,gn,ssp585,2043-09,2043,9,48.63110978696517,309.01985857491974,-6.6847569681066865,-335.6066142996532,-9.05929482448614,-20.18249512791873,-13.882192858279835,63.18456348645751,266.70302478658806,-23.013406979202472,-300.93944393720716,-7.82200411290642,-15.449381194229838,-17.336647950500325,-14.553453699492344,42.31683378833168,16.328650011095785,-34.66717036244603,-1.2372907115797194,-4.733113933688893,3.45445509222049
CCCma,CanESM5-CanOE,r1i1p2f1,gn,ssp585,2043-10,2043,10,12.272909021674304,289.8798336361707,-1.8328013700985808,-324.4235077376857,-18.51000444607383,-26.354020308538978,-68.96759120455212,17.249578700676455,229.42952623657507,-6.05648776625267,-269.26043068333587,-15.60508683741619,-19.265371335151645,-63.508271684904834,-4.976669679002152,60.45030739959563,4.223686396154089,-55.163077054349856,-2.904917608657639,-7.088648973387333,-5.459319519647288
CCCma,CanESM5-CanOE,r1i1p2f1,gn,ssp585,2043-11,2043,11,2.0699794765749266,257.76532814531157,-0.36272691316616845,-304.81387469954853,-31.956533543299056,-35.08966159221694,-112.3874891263442,2.515336833744441,201.51629179882505,-0.852789140129987,-242.618099337239,-18.104257216232263,-18.594844834341938,-76.1383618953737,-0.4453573571695144,56.24903634648652,0.4900622269638185,-62.19577536230955,-13.852276327066793,-16.494816757875004,-36.2491272309705
CCCma,CanESM5-CanOE,r1i1p2f1,gn,ssp585,2043-12,2043,12,0.42720865521855744,241.83338176074923,-0.08678402685665695,-286.62443836019787,-24.720438836841318,-28.46780928502419,-97.63888009295225,0.5047198763123734,185.0172678795254,-0.21808210897323796,-226.00776044781924,-16.448539416236862,-17.091682477943937,-74.2440766951355,-0.07751122109381592,56.81611388122383,0.131298082116581,-60.616677912378634,-8.271899420604456,-11.376126807080254,-23.394803397816744
CCCma,CanESM5-CanOE,r1i1p2f1,gn,ssp585,2044-01,2044,1,1.224861430598958,231.51420711706857,-0.3984733246442125,-274.40873446480225,-21.500090483847487,-26.523190472964085,-90.09142019859051,1.3942172339713994,176.9672228764132,-0.7437200236333381,-217.63140127830133,-15.69624865399158,-16.575668975850103,-72.28559882139174,-0.16935580337244138,54.54698424065538,0.34524669898912563,-56.777333186500925,-5.803841829855907,-9.947521497113982,-17.805821377198768
CCCma,CanESM5-CanOE,r1i1p2f1,gn,ssp585,2044-02,2044,2,9.284038847585169,221.08751865455966,-4.368488695174423,-265.3452895952266,-18.58478310597973,-24.09109089542184,-82.01809478965772,10.435125305198977,175.60313356881824,-6.187284967981398,-216.1570761380548,-13.895837664682768,-15.661279088587179,-65.86321898528892,-1.1510864576138076,45.48438508574142,1.818796272806975,-49.18821345717177,-4.688945441296964,-8.42981180683466,-16.1548758043688
CCCma,CanESM5-CanOE,r1i1p2f1,gn,ssp585,2044-03,2044,3,47.250111356066505,216.20274176523262,-25.354560409545016,-263.4180840162451,-18.020426155206927,-23.194960959593764,-66.53517841929163,53.61840029548194,181.90905131575357,-34.67089409376744,-224.510982804252,-11.546834976313114,-14.228565682492963,-49.42982594558999,-6.368288939415436,34.293690449479044,9.316333684222421,-38.90710121199308,-6.4735911788938125,-8.966395277100801,-17.105352473701636
CCCma,CanESM5-CanOE,r1i1p2f1,gn,ssp585,2044-04,2044,4,133.64822399346997,235.63495665853142,-74.41577458533507,-283.6714494275318,-13.62717139571552,-23.17438421478383,-25.60559897136477,150.89498619069317,203.6208955771701,-100.99704863032414,-251.65180393294378,-7.9311997876661655,-12.748308979152664,-18.812479562223483,-17.246762197223205,32.01406108136132,26.581274044989073,-32.01964549458802,-5.695971608049354,-10.426075235631167,-6.793119409141287
CCCma,CanESM5-CanOE,r1i1p2f1,gn,ssp585,2044-05,2044,5,212.77899471935083,276.72057579667444,-107.66939451139493,-314.7969784467683,-4.923202920922481,-15.749127349535925,46.36086728740368,248.79743010993508,243.09734417111952,-164.04568966482177,-289.5335198494272,-5.887403499858661,-12.858119228604854,19.570042038342113,-36.018435390584244,33.62323162555492,56.37629515342684,-25.263458597341128,0.9642005789361798,-2.8910081209310707,26.790825249061566
CCCma,CanESM5-CanOE,r1i1p2f1,gn,ssp585,2044-06,2044,6,224.40155444961954,303.8038823759026,-75.65290276026347,-328.2224377165446,-0.7910312926726928,-9.656405758478513,113.88265929756284,270.8609183255667,281.3191905962504,-161.1879435915762,-314.1864221932955,-4.112286789613121,-11.594284946025898,61.09917140130626,-46.45936387594713,22.484691779652223,85.53504083131271,-14.036015523249091,3.321255496940428,1.9378791875473844,52.78348789625658
CCCma,CanESM5-CanOE,r1i1p2f1,gn,ssp585,2044-07,2044,7,208.20245217934274,310.66980879851417,-41.56288325822462,-339.0387471132479,0.167846705787382,-8.52323539661663,129.91524191555519,224.2551920881,294.89674293371723,-102.79903416576022,-321.87172155748266,-1.1109446312367832,-9.39464386725119,83.97559080008637,-16.052739908757246,15.773065864796934,61.236150907535595,-17.167025555765235,1.2787913370241653,0.8714084706345595,45.93965111546882
CCCma,CanESM5-CanOE,r1i1p2f1,gn,ssp585,2044-08,2044,8,118.86587973992155,315.3879375459333,-18.175299543821243,-341.8889706272285,-2.010034447803324,-13.235372906101718,58.944139760900086,138.04127284497537,293.51802779646516,-52.18284747390068,-320.37372679006006,-2.5062649386197706,-10.800937684864726,45.69552375399525,-19.175393105053814,21.86990974946815,34.00754793007944,-21.51524383716844,0.49623049081644677,-2.434435221236992,13.248616006904832
CCCma,CanESM5-CanOE,r1i1p2f1,gn,ssp585,2044-09,2044,9,48.83800282100771,308.927944277918,-7.659338211380166,-335.0669246682672,-7.1868958234383244,-18.635640049516006,-10.78285165367593,63.18456348645751,266.70302478658806,-23.013406979202472,-300.93944393720716,-7.82200411290642,-15.449381194229838,-17.336647950500325,-14.3465606654498,42.224919491329956,15.354068767822305,-34.12748073106002,0.6351082894680955,-3.1862588552861677,6.553796296824395
CCCma,CanESM5-CanOE,r1i1p2f1,gn,ssp585,2044-10,2044,10,13.003587806238853,283.6896926862855,-2.093038234583421,-322.3869204942954,-23.708550560436546,-33.038644447939475,-84.5338732447305,17.249578700676455,229.42952623657507,-6.05648776625267,-269.26043068333587,-15.60508683741619,-19.265371335151645,-63.508271684904834,-4.245990894437602,54.260166449710454,3.963449531669249,-53.12648981095953,-8.103463723020356,-13.77327311278783,-21.025601559825667
CCCma,CanESM5-CanOE,r1i1p2f1,gn,ssp585,2044-11,2044,11,1.9218629625517347,260.3929623283152,-0.3521856936359586,-304.5733226891208,-26.64511911235011,-31.847458201694344,-101.10326040593421,2.515336833744441,201.51629179882505,-0.852789140129987,-242.618099337239,-18.104257216232263,-18.594844834341938,-76.1383618953737,-0.5934738711927063,58.876670529490156,0.5006034464940283,-61.95522335188181,-8.540861896117846,-13.252613367352406,-24.964898510560502
CCCma,CanESM5-CanOE,r1i1p2f1,gn,ssp585,2044-12,2044,12,0.4299113169589706,239.98448074209963,-0.0856764718563925,-287.9308049644104,-26.152975426853608,-30.747757167537852,-104.50282197159967,0.5047198763123734,185.0172678795254,-0.21808210897323796,-226.00776044781924,-16.448539416236862,-17.091682477943937,-74.2440766951355,-0.07480855935340275,54.96721286257423,0.13240563711684544,-61.923044516591176,-9.704436010616746,-13.656074689593915,-30.25874527646417
CCCma,CanESM5-CanOE,r1i1p2f1,gn,ssp585,2045-01,2045,1,1.0923002300688613,230.935634774684,-0.3497108286840507,-275.6072921857437,-22.159100015016836,-26.751543554966297,-92.839711579658,1.3942172339713994,176.9672228764132,-0.7437200236333381,-217.63140127830133,-15.69624865399158,-16.575668975850103,-72.28559882139174,-0.30191700390253806,53.9684118982708,0.39400919494928743,-57.97589090744236,-6.4628513610252565,-10.175874579116194,-20.554112758266257
CCCma,CanESM5-CanOE,r1i1p2f1,gn,ssp585,2045-02,2045,2,9.014562012114952,230.32642061753606,-4.057432556712673,-271.4591474164779,-18.024492805263186,-25.081647342625637,-79.28173749142837,10.435125305198977,175.60313356881824,-6.187284967981398,-216.1570761380548,-13.895837664682768,-15.661279088587179,-65.86321898528892,-1.4205632930840242,54.72328704871782,2.1298524112687254,-55.302071278423085,-4.128655140580419,-9.420368254038458,-13.41851850613945
CCCma,CanESM5-CanOE,r1i1p2f1,gn,ssp585,2045-03,2045,3,47.835524958186106,230.01113610625188,-25.17573964781355,-274.9743811560614,-18.35647630925718,-25.14566315691672,-65.80559920561086,53.61840029548194,181.90905131575357,-34.67089409376744,-224.510982804252,-11.546834976313114,-14.228565682492963,-49.42982594558999,-5.782875337295835,48.10208479049831,9.495154445953887,-50.46339835180939,-6.809641332944064,-10.917097474423755,-16.37577326002087
CCCma,CanESM5-CanOE,r1i1p2f1,gn,ssp585,2045-04,2045,4,132.79969343469062,240.88306735202107,-72.38194469846587,-287.2824408818217,-12.465212279704803,-20.66085088182674,-19.1076879551074,150.89498619069317,203.6208955771701,-100.99704863032414,-251.65180393294378,-7.9311997876661655,-12.748308979152664,-18.812479562223483,-18.09529275600255,37.26217177485097,28.615103931858272,-35.63063694887791,-4.534012492038637,-7.912541902674075,-0.295208392883918
CCCma,CanESM5-CanOE,r1i1p2f1,gn,ssp585,2045-05,2045,5,213.10838108270107,274.7863429424501,-108.00093907197176,-312.16850211936605,-4.346251201995687,-13.861198190269729,49.51783344154795,248.79743010993508,243.09734417111952,-164.04568966482177,-289.5335198494272,-5.887403499858661,-12.858119228604854,19.570042038342113,-35.689049027234006,31.688998771330603,56.04475059285001,-22.63498226993886,1.5411522978629737,-1.0030789616648743,29.947791403205837
CCCma,CanESM5-CanOE,r1i1p2f1,gn,ssp585,2045-06,2045,6,225.46922927399433,303.81655079947785,-84.85039884688622,-328.7315197267917,-2.413930601336903,-10.443454726342285,102.84647617211512,270.8609183255667,281.3191905962504,-161.1879435915762,-314.1864221932955,-4.112286789613121,-11.594284946025898,61.09917140130626,-45.39168905157234,22.49736020322746,76.33754474468996,-14.545097533496175,1.6983561882762177,1.1508302196836127,41.74730477080886
CCCma,CanESM5-CanOE,r1i1p2f1,gn,ssp585,2045-07,2045,7,203.36122232921412,316.7328800276296,-44.800992858652535,-339.96977567394845,2.435024402799293,-6.14865122947746,131.60970699756453,224.2551920881,294.89674293371723,-102.79903416576022,-321.87172155748266,-1.1109446312367832,-9.39464386725119,83.97559080008637,-20.893969758885873,21.836137093912384,57.998041307107684,-18.09805411646579,3.545969034036076,3.24599263777373,47.634116197478164
CCCma,CanESM5-CanOE,r1i1p2f1,gn,ssp585,2045-08,2045,8,115.49803641202975,322.62236042220707,-18.30452036637601,-342.8483658468091,0.9944605400720403,-9.554182334530969,68.40778882659278,138.04127284497537,293.51802779646516,-52.18284747390068,-320.37372679006006,-2.5062649386197706,-10.800937684864726,45.69552375399525,-22.54323643294562,29.104332625741904,33.87832710752467,-22.474639056749027,3.5007254786918107,1.246755350333757,22.712265072597525
CCCma,CanESM5-CanOE,r1i1p2f1,gn,ssp585,2045-09,2045,9,48.1557504316367,309.25935002673725,-7.072475312438239,-336.1873061949954,-8.819851789845838,-21.523276954364093,-16.187809793269647,63.18456348645751,266.70302478658806,-23.013406979202472,-300.93944393720716,-7.82200411290642,-15.449381194229838,-17.336647950500325,-15.028813054820816,42.55632524014919,15.940931666764232,-35.247862257788256,-0.9978476769394184,-6.0738957601342545,1.1488381572306778
CCCma,CanESM5-CanOE,r1i1p2f1,gn,ssp585,2045-10,2045,10,12.945026982309507,283.6931532950459,-2.0592902492862746,-322.4835488077746,-21.32285231307949,-30.085562523303263,-79.31307361608823,17.249578700676455,229.42952623657507,-6.05648776625267,-269.26043068333587,-15.60508683741619,-19.265371335151645,-63.508271684904834,-4.304551718366948,54.2636270584708,3.9971975169663954,-53.22311812443871,-5.717765475663301,-10.820191188151618,-15.804801931183398
CCCma,CanESM5-CanOE,r1i1p2f1,gn,ssp585,2045-11,2045,11,2.0853382230795967,265.3509304867867,-0.3815696367090002,-306.7672272263149,-22.88998091907633,-30.57414168661486,-93.17665075884881,2.515336833744441,201.51629179882505,-0.852789140129987,-242.618099337239,-18.104257216232263,-18.594844834341938,-76.1383618953737,-0.42999861066484435,63.83463868796164,0.4712195034209868,-64.14912788907591,-4.7857237028440665,-11.97929685227292,-17.038288863475103
CCCma,CanESM5-CanOE,r1i1p2f1,gn,ssp585,2045-12,2045,12,0.44563454024391524,236.4642237509678,-0.09510306933967916,-286.1467325633483,-34.229735581449724,-36.01030063764986,-119.57201356057584,0.5047198763123734,185.0172678795254,-0.21808210897323796,-226.00776044781924,-16.448539416236862,-17.091682477943937,-74.2440766951355,-0.059085336068458116,51.446955871442384,0.1229790396335588,-60.13897211552904,-17.78119616521286,-18.918618159705925,-45.327936865440336
CCCma,CanESM5-CanOE,r1i1p2f1,gn,ssp585,2046-01,2046,1,1.2390730148003886,220.71758473570554,-0.4533607740711929,-269.605477840169,-29.637071510955202,-32.05351349133155,-109.792765866021,1.3942172339713994,176.9672228764132,-0.7437200236333381,-217.63140127830133,-15.69624865399158,-16.575668975850103,-72.28559882139174,-0.15514421917101084,43.750361859292354,0.2903592495621452,-51.97407656186766,-13.940822856963623,-15.477844515481447,-37.507167044629256
CCCma,CanESM5-CanOE,r1i1p2f1,gn,ssp585,2046-02,2046,2,9.20376691293814,212.5500960951655,-4.43620511957416,-259.9066950355353,-26.183178180802663,-28.86405967781146,-97.63627500561995,10.435125305198977,175.60313356881824,-6.187284967981398,-216.1570761380548,-13.895837664682768,-15.661279088587179,-65.86321898528892,-1.2313583922608373,36.94696252634725,1.7510798484072385,-43.749618897480474,-12.287340516119896,-13.202780589224282,-31.773056020331026
CCCma,CanESM5-CanOE,r1i1p2f1,gn,ssp585,2046-03,2046,3,46.25098553823571,223.23512676186635,-25.768840333280718,-267.27575137138143,-17.230720969068056,-24.540553833121795,-65.32975420674995,53.61840029548194,181.90905131575357,-34.67089409376744,-224.510982804252,-11.546834976313114,-14.228565682492963,-49.42982594558999,-7.36741475724623,41.32607544611278,8.90205376048672,-42.76476856712944,-5.683885992754941,-10.311988150628832,-15.899928261159964
CCCma,CanESM5-CanOE,r1i1p2f1,gn,ssp585,2046-04,2046,4,126.49905098069621,248.79416073863146,-71.10068991466214,-291.48228003430984,-9.775252707146354,-21.24103319502436,-18.306044131815007,150.89498619069317,203.6208955771701,-100.99704863032414,-251.65180393294378,-7.9311997876661655,-12.748308979152664,-18.812479562223483,-24.395935209996964,45.17326516146136,29.896358715662004,-39.83047610136606,-1.8440529194801885,-8.492724215871696,0.5064354304084766
CCCma,CanESM5-CanOE,r1i1p2f1,gn,ssp585,2046-05,2046,5,212.6203471442064,274.8550738465121,-111.66331654818035,-312.3284952749564,-4.853526374034045,-14.572494120778801,44.05758867276889,248.79743010993508,243.09734417111952,-164.04568966482177,-289.5335198494272,-5.887403499858661,-12.858119228604854,19.570042038342113,-36.17708296572869,31.757729675392568,52.38237311664142,-22.79497542552923,1.033877125824616,-1.7143748921739466,24.487546634426774
CCCma,CanESM5-CanOE,r1i1p2f1,gn,ssp585,2046-06,2046,6,229.55808884886773,302.2253648850039,-89.96566390233001,-328.65128158886694,-2.0188206342219024,-11.332318555706339,99.81536905274646,270.8609183255667,281.3191905962504,-161.1879435915762,-314.1864221932955,-4.112286789613121,-11.594284946025898,61.09917140130626,-41.302829476698946,20.906174288753505,71.22227968924618,-14.464859395571409,2.0934661553912184,0.26196639031955904,38.716197651440204
CCCma,CanESM5-CanOE,r1i1p2f1,gn,ssp585,2046-07,2046,7,194.6936884265893,313.99752823566195,-43.814731149640764,-338.03617955593506,1.5674818213135828,-8.862805872746081,119.54498190524292,224.2551920881,294.89674293371723,-102.79903416576022,-321.87172155748266,-1.1109446312367832,-9.39464386725119,83.97559080008637,-29.5615036615107,19.10078530194471,58.984303016119455,-16.164457998452406,2.678426452550366,0.5318379945051088,35.569391105156555
CCCma,CanESM5-CanOE,r1i1p2f1,gn,ssp585,2046-08,2046,8,119.30083551679846,316.0410463170445,-19.607588340344794,-341.18338525717513,-0.8710999947330798,-13.348816544528898,60.33099169706105,138.04127284497537,293.51802779646516,-52.18284747390068,-320.37372679006006,-2.5062649386197706,-10.800937684864726,45.69552375399525,-18.74043732817691,22.523018520579342,32.57525913355589,-20.80965846711507,1.6351649438866909,-2.5478788596641717,14.635467943065798
CCCma,CanESM5-CanOE,r1i1p2f1,gn,ssp585,2046-09,2046,9,48.113213255787564,308.44326728943696,-7.18343406925416,-334.9641684276203,-6.997436173065107,-19.911414023466588,-12.499972148181577,63.18456348645751,266.70302478658806,-23.013406979202472,-300.93944393720716,-7.82200411290642,-15.449381194229838,-17.336647950500325,-15.07135023066995,41.7402425028489,15.829972909948312,-34.02472449041312,0.8245679398413133,-4.462032829236749,4.836675802318748
CCCma,CanESM5-CanOE,r1i1p2f1,gn,ssp585,2046-10,2046,10,13.096398711160102,286.85101335299663,-2.0218828721473434,-322.4063936233543,-20.59135986025706,-28.4193588473982,-73.49158313900017,17.249578700676455,229.42952623657507,-6.05648776625267,-269.26043068333587,-15.60508683741619,-19.265371335151645,-63.508271684904834,-4.153179989516353,57.42148711642156,4.0346048941053265,-53.14596294001842,-4.986273022840871,-9.153987512246555,-9.983311454095336
CCCma,CanESM5-CanOE,r1i1p2f1,gn,ssp585,2046-11,2046,11,1.9696320106992888,266.64741760038805,-0.3463546650551208,-307.3569838796946,-23.724860851068215,-30.010255631419888,-92.8214054161505,2.515336833744441,201.51629179882505,-0.852789140129987,-242.618099337239,-18.104257216232263,-18.594844834341938,-76.1383618953737,-0.5457048230451522,65.131125801563,0.5064344750748662,-64.73888454245562,-5.620603634835952,-11.41541079707795,-16.683043520776792
CCCma,CanESM5-CanOE,r1i1p2f1,gn,ssp585,2046-12,2046,12,0.3893749424998036,235.22950730971843,-0.077933406579724,-286.33522044962365,-33.635235166695274,-34.76647123558359,-119.195978006264,0.5047198763123734,185.0172678795254,-0.21808210897323796,-226.00776044781924,-16.448539416236862,-17.091682477943937,-74.2440766951355,-0.11534493381256977,50.21223943019302,0.14014870239351396,-60.32746000180441,-17.186695750458412,-17.67478875763965,-44.951901311128495
CCCma,CanESM5-CanOE,r1i1p2f1,gn,ssp585,2047-01,2047,1,1.1267973218796876,216.08250896864104,-0.37674567876476256,-269.692431458661,-31.963259797405506,-31.86580419484601,-116.68893483915657,1.3942172339713994,176.9672228764132,-0.7437200236333381,-217.63140127830133,-15.69624865399158,-16.575668975850103,-72.28559882139174,-0.2674199120917118,39.11528609222785,0.36697434486857555,-52.061030180359694,-16.267011143413924,-15.290135218995907,-44.40333601776483
CCCma,CanESM5-CanOE,r1i1p2f1,gn,ssp585,2047-02,2047,2,8.516545163511939,222.03499662093057,-3.9937138347367913,-267.787549903723,-22.294930893739764,-25.084552994266765,-88.60920584202378,10.435125305198977,175.60313356881824,-6.187284967981398,-216.1570761380548,-13.895837664682768,-15.661279088587179,-65.86321898528892,-1.9185801416870376,46.431863052112334,2.193571133244607,-51.6304737656682,-8.399093229056996,-9.423273905679586,-22.74598685673486
CCCma,CanESM5-CanOE,r1i1p2f1,gn,ssp585,2047-03,2047,3,46.082609728259314,227.11527068252488,-25.373477457754603,-270.06021064750996,-15.129849710111866,-21.68772198809199,-59.053379392684235,53.61840029548194,181.90905131575357,-34.67089409376744,-224.510982804252,-11.546834976313114,-14.228565682492963,-49.42982594558999,-7.535790567222627,45.20621936677131,9.297416636012834,-45.54922784325797,-3.583014733798752,-7.459156305599027,-9.623553447094245
CCCma,CanESM5-CanOE,r1i1p2f1,gn,ssp585,2047-04,2047,4,130.19370338885616,240.36916797132253,-74.33989901443863,-284.9419529009179,-11.762999723173913,-18.54475486161809,-19.02673513996984,150.89498619069317,203.6208955771701,-100.99704863032414,-251.65180393294378,-7.9311997876661655,-12.748308979152664,-18.812479562223483,-20.70128280183701,36.74827239415242,26.657149615885515,-33.29014896797412,-3.831799935507747,-5.796445882465427,-0.21425557774635706
CCCma,CanESM5-CanOE,r1i1p2f1,gn,ssp585,2047-05,2047,5,209.9213236093547,275.1988299367396,-112.03715710579782,-311.4111296221457,-5.9950699519663475,-14.208656634095414,41.468140232089056,248.79743010993508,243.09734417111952,-164.04568966482177,-289.5335198494272,-5.887403499858661,-12.858119228604854,19.570042038342113,-38.87610650058039,32.10148576562011,52.00853255902395,-21.87760977271853,-0.10766645210768644,-1.3505374054905595,21.898098193746943
CCCma,CanESM5-CanOE,r1i1p2f1,gn,ssp585,2047-06,2047,6,227.4559102456433,302.01032825003296,-83.95335289353827,-327.92311825375634,-1.6503040503348478,-11.066902372444538,104.87256092560227,270.8609183255667,281.3191905962504,-161.1879435915762,-314.1864221932955,-4.112286789613121,-11.594284946025898,61.09917140130626,-43.40500807992336,20.69113765378256,77.23459069803792,-13.736696060460815,2.461982739278273,0.5273825735813595,43.773389524296014
CCCma,CanESM5-CanOE,r1i1p2f1,gn,ssp585,2047-07,2047,7,200.48692763394027,312.2806315985633,-41.66662061928596,-336.3605324056433,0.8892653922225956,-8.223782996357773,127.40588860343915,224.2551920881,294.89674293371723,-102.79903416576022,-321.87172155748266,-1.1109446312367832,-9.39464386725119,83.97559080008637,-23.76826445415972,17.38388866484604,61.13241354647426,-14.488810848160654,2.000210023459379,1.1708608708934172,43.430297803352786
CCCma,CanESM5-CanOE,r1i1p2f1,gn,ssp585,2047-08,2047,8,119.2657052458666,315.40978532185335,-16.851927230888577,-340.86662357396705,-0.8741907393177177,-11.205963666610778,64.87678535693587,138.04127284497537,293.51802779646516,-52.18284747390068,-320.37372679006006,-2.5062649386197706,-10.800937684864726,45.69552375399525,-18.77556759910877,21.891757525388186,35.3309202430121,-20.492896783906986,1.6320741993020529,-0.40502598174605176,19.181261602940616
CCCma,CanESM5-CanOE,r1i1p2f1,gn,ssp585,2047-09,2047,9,49.50350881534772,308.17661335040333,-6.735945435661229,-335.2260080012601,-6.840923478955656,-18.505870736334465,-9.628625486460354,63.18456348645751,266.70302478658806,-23.013406979202472,-300.93944393720716,-7.82200411290642,-15.449381194229838,-17.336647950500325,-13.681054671109791,41.47358856381527,16.277461543541243,-34.286564064052925,0.9810806339507643,-3.056489542104627,7.708022464039971
CCCma,CanESM5-CanOE,r1i1p2f1,gn,ssp585,2047-10,2047,10,13.21368084998562,284.92451792305854,-2.017431907236805,-325.0773765031993,-22.23223021491406,-31.283426903838247,-82.47226675614422,17.249578700676455,229.42952623657507,-6.05648776625267,-269.26043068333587,-15.60508683741619,-19.265371335151645,-63.508271684904834,-4.035897850690835,55.49499168648347,4.039055859015865,-55.816945819863406,-6.627143377497871,-12.018055568686602,-18.96399507123939
CCCma,CanESM5-CanOE,r1i1p2f1,gn,ssp585,2047-11,2047,11,2.146124660147431,266.1585782935847,-0.37842619803459904,-309.1606352124557,-24.220632770144796,-30.826701514299838,-96.2816927412028,2.515336833744441,201.51629179882505,-0.852789140129987,-242.618099337239,-18.104257216232263,-18.594844834341938,-76.1383618953737,-0.3692121735970102,64.64228649475965,0.47436294209538793,-66.54253587521671,-6.116375553912533,-12.2318566799579,-20.143330845829098
CCCma,CanESM5-CanOE,r1i1p2f1,gn,ssp585,2047-12,2047,12,0.40238763835206237,242.71925711746786,-0.08593577128701706,-288.4862828914964,-28.10581343831589,-30.232253363422103,-103.78864070870148,0.5047198763123734,185.0172678795254,-0.21808210897323796,-226.00776044781924,-16.448539416236862,-17.091682477943937,-74.2440766951355,-0.10233223796031099,57.701989237942456,0.13214633768622092,-62.47852244367715,-11.65727402207903,-13.140570885478166,-29.544564013565974
CCCma,CanESM5-CanOE,r1i1p2f1,gn,ssp585,2048-01,2048,1,1.167094494707435,223.66805880104675,-0.3769028975499588,-273.6368994666635,-29.30688915914199,-30.641430762087715,-109.126968989689,1.3942172339713994,176.9672228764132,-0.7437200236333381,-217.63140127830133,-15.69624865399158,-16.575668975850103,-72.28559882139174,-0.2271227392639643,46.700835924633566,0.3668171260833793,-56.005498188362196,-13.610640505150409,-14.065761786237612,-36.84137016829726
CCCma,CanESM5-CanOE,r1i1p2f1,gn,ssp585,2048-02,2048,2,9.163354309428344,223.13414705520913,-4.422280106060236,-266.60910059375004,-24.924286423493978,-29.538838038933136,-93.19700379759993,10.435125305198977,175.60313356881824,-6.187284967981398,-216.1570761380548,-13.895837664682768,-15.661279088587179,-65.86321898528892,-1.2717709957706322,47.53101348639089,1.7650048619211622,-50.45202445569524,-11.02844875881121,-13.877558950345957,-27.33378481231101
CCCma,CanESM5-CanOE,r1i1p2f1,gn,ssp585,2048-03,2048,3,45.89657285372597,231.5898132335838,-25.181341630287204,-273.3875874601277,-14.892887034790512,-22.256668232555526,-58.232098270451154,53.61840029548194,181.90905131575357,-34.67089409376744,-224.510982804252,-11.546834976313114,-14.228565682492963,-49.42982594558999,-7.72182744175597,49.68076191783024,9.489552463480234,-48.876604655875695,-3.3460520584773974,-8.028102550062563,-8.802272324861164
CCCma,CanESM5-CanOE,r1i1p2f1,gn,ssp585,2048-04,2048,4,132.29813457542724,241.8613308388795,-72.69845664646522,-288.50439047172085,-13.465195195873168,-21.655749737419566,-22.164326637172067,150.89498619069317,203.6208955771701,-100.99704863032414,-251.65180393294378,-7.9311997876661655,-12.748308979152664,-18.812479562223483,-18.596851615265933,38.24043526170939,28.298591983858927,-36.852586538777075,-5.533995408207002,-8.907440758266901,-3.3518470749485836
CCCma,CanESM5-CanOE,r1i1p2f1,gn,ssp585,2048-05,2048,5,213.8555098780126,273.0462624834704,-107.46269833424618,-312.47489453396787,-7.676615972030953,-16.19312231292842,43.09444120830963,248.79743010993508,243.09734417111952,-164.04568966482177,-289.5335198494272,-5.887403499858661,-12.858119228604854,19.570042038342113,-34.94192023192247,29.948918312350884,56.58299133057558,-22.941374684540676,-1.7892124721722915,-3.3350030843235654,23.52439916996752
CCCma,CanESM5-CanOE,r1i1p2f1,gn,ssp585,2048-06,2048,6,216.80671075682054,304.2294795549738,-69.71012470612837,-329.00054551514256,-2.136121781705538,-11.121865214002323,109.0675330948156,270.8609183255667,281.3191905962504,-161.1879435915762,-314.1864221932955,-4.112286789613121,-11.594284946025898,61.09917140130626,-54.054207568746136,22.910288958723413,91.47781888544782,-14.814123321847035,1.976165007907583,0.47241973202357457,47.968361693509344
CCCma,CanESM5-CanOE,r1i1p2f1,gn,ssp585,2048-07,2048,7,199.95278471603584,314.62246595213264,-35.162019411327606,-339.7123874522415,0.9127714242610043,-7.990362303288247,132.6232529255721,224.2551920881,294.89674293371723,-102.79903416576022,-321.87172155748266,-1.1109446312367832,-9.39464386725119,83.97559080008637,-24.302407372064152,19.725723018415408,67.63701475443261,-17.840665894758843,2.0237160554977875,1.4042815639629431,48.64766212548574
CCCma,CanESM5-CanOE,r1i1p2f1,gn,ssp585,2048-08,2048,8,116.16799111499017,321.87759980273813,-15.303637682325727,-344.8641428059615,0.3628906433589026,-11.096181627955865,67.14451944484418,138.04127284497537,293.51802779646516,-52.18284747390068,-320.37372679006006,-2.5062649386197706,-10.800937684864726,45.69552375399525,-21.873281729985194,28.35957200627297,36.87920979157495,-24.490416015901417,2.8691555819786734,-0.29524394309113866,21.448995690848925
CCCma,CanESM5-CanOE,r1i1p2f1,gn,ssp585,2048-09,2048,9,48.02857539815571,313.2328872904197,-6.417333096680142,-339.09477168593844,-7.185616685551404,-18.89030685183456,-10.326565631429107,63.18456348645751,266.70302478658806,-23.013406979202472,-300.93944393720716,-7.82200411290642,-15.449381194229838,-17.336647950500325,-15.155988088301804,46.52986250383162,16.59607388252233,-38.15532774873128,0.6363874273550163,-3.440925657604721,7.010082319071218
CCCma,CanESM5-CanOE,r1i1p2f1,gn,ssp585,2048-10,2048,10,12.651645608803616,292.140281465487,-1.836709065994402,-328.74922942705416,-21.257861607741777,-30.235050046367277,-77.28692307286697,17.249578700676455,229.42952623657507,-6.05648776625267,-269.26043068333587,-15.60508683741619,-19.265371335151645,-63.508271684904834,-4.597933091872839,62.71075522891195,4.219778700258268,-59.48879874371829,-5.652774770325587,-10.969678711215632,-13.778651387962135
CCCma,CanESM5-CanOE,r1i1p2f1,gn,ssp585,2048-11,2048,11,1.8981276835751797,272.4130538816823,-0.3365726011014375,-315.8609168832368,-28.16462373545043,-32.88657523805854,-102.9375068925898,2.515336833744441,201.51629179882505,-0.852789140129987,-242.618099337239,-18.104257216232263,-18.594844834341938,-76.1383618953737,-0.6172091501692614,70.89676208285724,0.5162165390285495,-73.24281754599784,-10.060366519218167,-14.291730403716603,-26.79914499721609
CCCma,CanESM5-CanOE,r1i1p2f1,gn,ssp585,2048-12,2048,12,0.40409609072549035,245.62319812170085,-0.08638221307562544,-295.7573383436761,-33.292801291777174,-33.62430519901517,-116.73353283511776,0.5047198763123734,185.0172678795254,-0.21808210897323796,-226.00776044781924,-16.448539416236862,-17.091682477943937,-74.2440766951355,-0.10062378558688301,60.60593024217545,0.13169989589761252,-69.74957789585687,-16.84426187554031,-16.53262272107123,-42.48945613998225
CCCma,CanESM5-CanOE,r1i1p2f1,gn,ssp585,2049-01,2049,1,1.156907113511307,227.23974910939395,-0.4059279060167505,-276.67880021686267,-28.561187585294473,-30.14346562092475,-107.39272510619341,1.3942172339713994,176.9672228764132,-0.7437200236333381,-217.63140127830133,-15.69624865399158,-16.575668975850103,-72.28559882139174,-0.23731012046009248,50.272526232980766,0.3377921176165876,-59.047398938561344,-12.864938931302893,-13.567796645074647,-35.107126284801666
CCCma,CanESM5-CanOE,r1i1p2f1,gn,ssp585,2049-02,2049,2,9.706065771495219,226.20406351083318,-4.350837905547531,-275.2583555449922,-22.00973530592495,-27.23928560382612,-92.94808507796239,10.435125305198977,175.60313356881824,-6.187284967981398,-216.1570761380548,-13.895837664682768,-15.661279088587179,-65.86321898528892,-0.729059533703758,50.60092994201494,1.8364470624338676,-59.10127940693738,-8.11389764124218,-11.57800651523894,-27.084866092673465
CCCma,CanESM5-CanOE,r1i1p2f1,gn,ssp585,2049-03,2049,3,47.260638811833935,230.30813032198938,-24.73342484738743,-276.16744211179093,-15.177249323424068,-21.83124546739278,-60.34059261617189,53.61840029548194,181.90905131575357,-34.67089409376744,-224.510982804252,-11.546834976313114,-14.228565682492963,-49.42982594558999,-6.357761483648005,48.39907900623581,9.937469246380008,-51.65645930753894,-3.6304143471109533,-7.602679784899816,-10.9107666705819
CCCma,CanESM5-CanOE,r1i1p2f1,gn,ssp585,2049-04,2049,4,129.51648830873913,245.50318135217293,-69.93938363582419,-289.75156287284875,-9.083767687948814,-17.89021483103303,-11.645259366742696,150.89498619069317,203.6208955771701,-100.99704863032414,-251.65180393294378,-7.9311997876661655,-12.748308979152664,-18.812479562223483,-21.378497881954047,41.88228577500283,31.05766499449996,-38.09975893990497,-1.1525679002826488,-5.141905851880367,7.1672201954807875
CCCma,CanESM5-CanOE,r1i1p2f1,gn,ssp585,2049-05,2049,5,204.91182480657002,276.3659223751436,-100.16780543803576,-313.42959914861433,-5.930562173553671,-16.893753992921535,44.85602642858831,248.79743010993508,243.09734417111952,-164.04568966482177,-289.5335198494272,-5.887403499858661,-12.858119228604854,19.570042038342113,-43.885605303365054,33.268578204024095,63.87788422678601,-23.896079299187136,-0.04315867369501003,-4.035634764316681,25.285984390246195
CCCma,CanESM5-CanOE,r1i1p2f1,gn,ssp585,2049-06,2049,6,235.87926136718505,299.95766364052014,-77.91872675286609,-328.1182980063078,0.13635623839557257,-9.26131542907935,120.67494105784756,270.8609183255667,281.3191905962504,-161.1879435915762,-314.1864221932955,-4.112286789613121,-11.594284946025898,61.09917140130626,-34.98165695838162,18.638473044269745,83.2692168387101,-13.931875813012255,4.2486430280086935,2.332969516946548,59.575769656541304
CCCma,CanESM5-CanOE,r1i1p2f1,gn,ssp585,2049-07,2049,7,190.64905612469417,315.73894933103156,-30.726655436006116,-339.18297655382173,1.8901228416630984,-7.152320636294479,131.2161756712665,224.2551920881,294.89674293371723,-102.79903416576022,-321.87172155748266,-1.1109446312367832,-9.39464386725119,83.97559080008637,-33.60613596340582,20.842206397314328,72.0723787297541,-17.311254996339073,3.001067472899882,2.2423232309567114,47.24058487118015
CCCma,CanESM5-CanOE,r1i1p2f1,gn,ssp585,2049-08,2049,8,122.02986097539885,319.7246465130576,-15.752913716815758,-344.20629738661904,-0.1377374437487718,-10.100890390772518,71.55666855050033,138.04127284497537,293.51802779646516,-52.18284747390068,-320.37372679006006,-2.5062649386197706,-10.800937684864726,45.69552375399525,-16.01141186957652,26.20661871659246,36.429933757084925,-23.83257059655898,2.3685274948709987,0.700047294092208,25.86114479650508
CCCma,CanESM5-CanOE,r1i1p2f1,gn,ssp585,2049-09,2049,9,47.047269588512464,316.806214611429,-6.212207680959342,-339.1316332063933,-4.245797404003613,-14.9718370388086,-0.7079911302233928,63.18456348645751,266.70302478658806,-23.013406979202472,-300.93944393720716,-7.82200411290642,-15.449381194229838,-17.336647950500325,-16.13729389794505,50.10318982484097,16.80119929824313,-38.192189269186144,3.5762067089028067,0.4775441554212385,16.62865682027693
CCCma,CanESM5-CanOE,r1i1p2f1,gn,ssp585,2049-10,2049,10,12.425346507724472,297.79334965632205,-1.8016473214508737,-330.36984277454883,-16.83643483230064,-26.341757570960972,-65.1309863352148,17.249578700676455,229.42952623657507,-6.05648776625267,-269.26043068333587,-15.60508683741619,-19.265371335151645,-63.508271684904834,-4.824232192951984,68.36382341974698,4.254840444801796,-61.10941209121296,-1.23134799488445,-7.076386235809327,-1.622714650309966
CCCma,CanESM5-CanOE,r1i1p2f1,gn,ssp585,2049-11,2049,11,1.917375514362461,273.0294588097399,-0.33550955776279695,-318.00616358075405,-29.540485253767347,-35.13037711133315,-108.06570117951503,2.515336833744441,201.51629179882505,-0.852789140129987,-242.618099337239,-18.104257216232263,-18.594844834341938,-76.1383618953737,-0.5979613193819802,71.51316701091483,0.5172795823671901,-75.38806424351506,-11.436228037535084,-16.535532276991216,-31.927339284141325
CCCma,CanESM5-CanOE,r1i1p2f1,gn,ssp585,2049-12,2049,12,0.4163150651397598,251.2270620971764,-0.0781068424561691,-299.9957941047851,-32.394010631802715,-34.67406175372802,-115.49859617045584,0.5047198763123734,185.0172678795254,-0.21808210897323796,-226.00776044781924,-16.448539416236862,-17.091682477943937,-74.2440766951355,-0.08840481117261356,66.209794217651,0.13997526651706887,-73.98803365696585,-15.945471215565853,-17.58237927578408,-41.254519475320336
CCCma,CanESM5-CanOE,r1i1p2f1,gn,ssp585,2050-01,2050,1,1.1596109297454085,231.01341855787135,-0.32070253776275787,-281.8680398862001,-31.140684478160978,-33.13127627949119,-114.28767369399829,1.3942172339713994,176.9672228764132,-0.7437200236333381,-217.63140127830133,-15.69624865399158,-16.575668975850103,-72.28559882139174,-0.23460630422599094,54.04619568145816,0.42301748587058025,-64.23663860789878,-15.444435824169398,-16.555607303641086,-42.00207487260654
CCCma,CanESM5-CanOE,r1i1p2f1,gn,ssp585,2050-02,2050,2,9.044162504370547,229.15107350711781,-3.967186683985051,-275.5510979125737,-25.291206338066566,-28.941029946356373,-95.55528486949333,10.435125305198977,175.60313356881824,-6.187284967981398,-216.1570761380548,-13.895837664682768,-15.661279088587179,-65.86321898528892,-1.3909628008284294,53.54793993829958,2.220098283996347,-59.394021774518905,-11.395368673383798,-13.279750857769194,-29.69206588420441
CCCma,CanESM5-CanOE,r1i1p2f1,gn,ssp585,2050-03,2050,3,44.331576208621456,243.8394650602318,-22.751008513543407,-281.8457270658365,-10.050952028985419,-18.21919462884755,-44.69584096835966,53.61840029548194,181.90905131575357,-34.67089409376744,-224.510982804252,-11.546834976313114,-14.228565682492963,-49.42982594558999,-9.286824086860484,61.930413744478216,11.91988558022403,-57.33474426158452,1.4958829473276953,-3.9906289463545868,4.733984977230328
CCCma,CanESM5-CanOE,r1i1p2f1,gn,ssp585,2050-04,2050,4,125.86995511865796,250.88783133429803,-66.12589602694852,-293.05544646240315,-8.173767717750442,-17.58556256417152,-8.18288631831763,150.89498619069317,203.6208955771701,-100.99704863032414,-251.65180393294378,-7.9311997876661655,-12.748308979152664,-18.812479562223483,-25.02503107203522,47.266935757127925,34.87115260337562,-41.403642529459376,-0.24256793008427646,-4.837253585018857,10.629593243905854
CCCma,CanESM5-CanOE,r1i1p2f1,gn,ssp585,2050-05,2050,5,198.28130241037903,283.2037341544993,-97.06581379000892,-315.7070091547817,-5.006179524663301,-12.837335518814752,50.86869857660965,248.79743010993508,243.09734417111952,-164.04568966482177,-289.5335198494272,-5.887403499858661,-12.858119228604854,19.570042038342113,-50.51612769955605,40.106389983379756,66.97987587481285,-26.173489305354508,0.8812239751953603,0.020783709790102023,31.29865653826754
CCCma,CanESM5-CanOE,r1i1p2f1,gn,ssp585,2050-06,2050,6,225.39198712481178,304.51767248818885,-65.62007768994894,-331.83235104421,-0.996941526563605,-10.595781740816435,120.8645076114616,270.8609183255667,281.3191905962504,-161.1879435915762,-314.1864221932955,-4.112286789613121,-11.594284946025898,61.09917140130626,-45.468931200754895,23.198481891938457,95.56786590162724,-17.64592885091446,3.115345263049516,0.9985032052094631,59.76533621015535
CCCma,CanESM5-CanOE,r1i1p2f1,gn,ssp585,2050-07,2050,7,194.67381357495748,315.1472160916644,-29.141302996018382,-341.73274788546547,0.02419324148603641,-10.807266913746464,128.1639051128776,224.2551920881,294.89674293371723,-102.79903416576022,-321.87172155748266,-1.1109446312367832,-9.39464386725119,83.97559080008637,-29.58137851314251,20.25047315794717,73.65773116974184,-19.861026327982813,1.1351378727228196,-1.4126230464952734,44.18831431279122
CCCma,CanESM5-CanOE,r1i1p2f1,gn,ssp585,2050-08,2050,8,115.63289955937883,324.76485164838306,-14.591476906720828,-346.79028924133024,-0.04796825260583448,-10.916503643368193,68.0515131637368,138.04127284497537,293.51802779646516,-52.18284747390068,-320.37372679006006,-2.5062649386197706,-10.800937684864726,45.69552375399525,-22.40837328559654,31.246823851917895,37.59137056717985,-26.41656245127018,2.458296686013936,-0.11556595850346696,22.355989409741547
CCCma,CanESM5-CanOE,r1i1p2f1,gn,ssp585,2050-09,2050,9,46.1200265046516,312.3986295128641,-5.873692623967535,-339.56245485306107,-10.518073226567102,-23.50522359165546,-20.94078827773548,63.18456348645751,266.70302478658806,-23.013406979202472,-300.93944393720716,-7.82200411290642,-15.449381194229838,-17.336647950500325,-17.064536981805915,45.69560472627603,17.139714355234936,-38.62301091585391,-2.6960691136606822,-8.055842397425623,-3.6041403272351538
CCCma,CanESM5-CanOE,r1i1p2f1,gn,ssp585,2050-10,2050,10,12.020710800187771,299.66437361005313,-1.6931985148519617,-331.0111269159032,-17.698548855990968,-28.011015454349256,-66.72880533085453,17.249578700676455,229.42952623657507,-6.05648776625267,-269.26043068333587,-15.60508683741619,-19.265371335151645,-63.508271684904834,-5.228867900488684,70.23484737347806,4.363289251400708,-61.75069623256735,-2.093462018574778,-8.74564411919761,-3.2205336459496934
CCCma,CanESM5-CanOE,r1i1p2f1,gn,ssp585,2050-11,2050,11,2.040991140335197,274.1698648184464,-0.3494222425997531,-320.44185715823147,-30.719660476522886,-35.65894224933134,-110.95902616790383,2.515336833744441,201.51629179882505,-0.852789140129987,-242.618099337239,-18.104257216232263,-18.594844834341938,-76.1383618953737,-0.47434569340924426,72.65357301962135,0.5033668975302339,-77.82375782099248,-12.615403260290623,-17.0640974149894,-34.820664272530124
CCCma,CanESM5-CanOE,r1i1p2f1,gn,ssp585,2050-12,2050,12,0.4038135407390042,253.62904229366535,-0.08131254179531011,-305.0626270520382,-31.52602665976111,-35.58552504277526,-118.22263546196551,0.5047198763123734,185.0172678795254,-0.21808210897323796,-226.00776044781924,-16.448539416236862,-17.091682477943937,-74.2440766951355,-0.10090633557336914,68.61177441413994,0.13676956717792785,-79.05486660421894,-15.07748724352425,-18.493842564831322,-43.978558766830005
CCCma,CanESM5-CanOE,r1i1p2f1,gn,ssp585,2051-01,2051,1,1.1767236621963326,238.17327542294802,-0.3449984038012869,-287.4626656045045,-30.162753746277055,-32.83778617739599,-111.45820484683446,1.3942172339713994,176.9672228764132,-0.7437200236333381,-217.63140127830133,-15.69624865399158,-16.575668975850103,-72.28559882139174,-0.21749357177506679,61.206052546534835,0.39872161983205123,-69.83126432620315,-14.466505092285475,-16.262117201545887,-39.17260602544272
CCCma,CanESM5-CanOE,r1i1p2f1,gn,ssp585,2051-02,2051,2,9.149624412164153,235.68112544019763,-4.158514592593024,-280.9347043654628,-25.758314867351142,-28.842769658473255,-94.86355363151844,10.435125305198977,175.60313356881824,-6.187284967981398,-216.1570761380548,-13.895837664682768,-15.661279088587179,-65.86321898528892,-1.2855008930348237,60.077991871379396,2.0287703753883743,-64.77762822740797,-11.862477202668375,-13.181490569886076,-29.00033464622952
CCCma,CanESM5-CanOE,r1i1p2f1,gn,ssp585,2051-03,2051,3,46.30916567997755,229.23808832933153,-24.569914779682797,-274.9171072395627,-21.257048582982232,-25.441108042010494,-70.63792463492915,53.61840029548194,181.90905131575357,-34.67089409376744,-224.510982804252,-11.546834976313114,-14.228565682492963,-49.42982594558999,-7.309234615504387,47.32903701357796,10.10097931408464,-50.406124435310716,-9.710213606669118,-11.212542359517531,-21.20809868933916
CCCma,CanESM5-CanOE,r1i1p2f1,gn,ssp585,2051-04,2051,4,124.36123617120137,250.05055342226484,-65.65885909645428,-293.50951780068976,-11.116441692968866,-20.075473833879336,-15.948502830526063,150.89498619069317,203.6208955771701,-100.99704863032414,-251.65180393294378,-7.9311997876661655,-12.748308979152664,-18.812479562223483,-26.533750019491805,46.42965784509474,35.338189533869865,-41.857713867745986,-3.185241905302701,-7.3271648547266715,2.86397673169742
CCCma,CanESM5-CanOE,r1i1p2f1,gn,ssp585,2051-05,2051,5,199.05741337372353,283.789834477211,-89.07019058459127,-318.0363726456569,-5.7862788098739175,-14.664958543160608,55.28944726765182,248.79743010993508,243.09734417111952,-164.04568966482177,-289.5335198494272,-5.887403499858661,-12.858119228604854,19.570042038342113,-49.740016736211544,40.692490306091486,74.97549908023049,-28.502852796229718,0.10112468998474355,-1.806839314555754,35.719405229309714
CCCma,CanESM5-CanOE,r1i1p2f1,gn,ssp585,2051-06,2051,6,233.31896757747526,300.29742163570467,-58.95798271585753,-331.38546634216425,-0.9099864377762888,-10.83419203813367,131.52876167924813,270.8609183255667,281.3191905962504,-161.1879435915762,-314.1864221932955,-4.112286789613121,-11.594284946025898,61.09917140130626,-37.54195074809141,18.978231039454272,102.22996087571866,-17.199044148868722,3.202300351836832,0.7600929078922274,70.42959027794188
CCCma,CanESM5-CanOE,r1i1p2f1,gn,ssp585,2051-07,2051,7,195.08418307205795,317.9889019405663,-26.109964379276917,-346.00825977629876,0.18990467888959264,-9.701404107818,131.44336142812017,224.2551920881,294.89674293371723,-102.79903416576022,-321.87172155748266,-1.1109446312367832,-9.39464386725119,83.97559080008637,-29.171009016042035,23.092159006849045,76.6890697864833,-24.1365382188161,1.3008493101263758,-0.3067602405668097,47.467770628033804
CCCma,CanESM5-CanOE,r1i1p2f1,gn,ssp585,2051-08,2051,8,117.44758650040319,323.7108226025142,-14.627802185584024,-349.00350271509916,-0.7605454234506736,-13.29808721782908,63.46847156095447,138.04127284497537,293.51802779646516,-52.18284747390068,-320.37372679006006,-2.5062649386197706,-10.800937684864726,45.69552375399525,-20.593686344572177,30.19279480604905,37.555045288316656,-28.629775925039098,1.745719515169097,-2.497149532964354,17.772947806959216
CCCma,CanESM5-CanOE,r1i1p2f1,gn,ssp585,2051-09,2051,9,48.680374466287155,314.15502140795155,-6.351228229480166,-341.6573787345091,-9.168497682180542,-22.77840861014939,-17.1201173820805,63.18456348645751,266.70302478658806,-23.013406979202472,-300.93944393720716,-7.82200411290642,-15.449381194229838,-17.336647950500325,-14.504189020170358,47.45199662136349,16.662178749722305,-40.71793479730195,-1.3464935692741218,-7.329027415919553,0.21653056841982377
CCCma,CanESM5-CanOE,r1i1p2f1,gn,ssp585,2051-10,2051,10,12.495601922073392,297.07962520777664,-1.789806597849134,-331.7823186534145,-20.78061313291584,-32.303938908608714,-77.08145016293815,17.249578700676455,229.42952623657507,-6.05648776625267,-269.26043068333587,-15.60508683741619,-19.265371335151645,-63.508271684904834,-4.753976778603063,67.65009897120157,4.266681168403536,-62.52188797007864,-5.175526295499649,-13.038567573457069,-13.57317847803332
CCCma,CanESM5-CanOE,r1i1p2f1,gn,ssp585,2051-11,2051,11,2.0778908923025052,279.76502145003514,-0.3741919665895226,-322.0689902099201,-29.267690606456803,-33.92793879527261,-103.79589923590143,2.515336833744441,201.51629179882505,-0.852789140129987,-242.618099337239,-18.104257216232263,-18.594844834341938,-76.1383618953737,-0.4374459414419358,78.24872965121008,0.4785971735404644,-79.45089087268113,-11.16343339022454,-15.333093960930672,-27.657537340527725
CCCma,CanESM5-CanOE,r1i1p2f1,gn,ssp585,2051-12,2051,12,0.3770832903242134,268.2939470692499,-0.07263046943269255,-311.64825064692104,-28.530464815084365,-33.344474781217166,-104.92479035308116,0.5047198763123734,185.0172678795254,-0.21808210897323796,-226.00776044781924,-16.448539416236862,-17.091682477943937,-74.2440766951355,-0.12763658598815997,83.27667918972449,0.1454516395405454,-85.6404901991018,-12.081925398847503,-16.252792303273228,-30.68071365794566
CCCma,CanESM5-CanOE,r1i1p2f1,gn,ssp585,2052-01,2052,1,1.1408934664406076,243.87901585345227,-0.30382448138475593,-295.6561062344267,-32.19562302850864,-35.50263781319164,-118.63828223761887,1.3942172339713994,176.9672228764132,-0.7437200236333381,-217.63140127830133,-15.69624865399158,-16.575668975850103,-72.28559882139174,-0.2533237675307918,66.91179297703908,0.4398955422485822,-78.02470495612539,-16.49937437451706,-18.926968837341537,-46.35268341622712
CCCma,CanESM5-CanOE,r1i1p2f1,gn,ssp585,2052-02,2052,2,9.378685847289328,228.68535174711278,-3.5980024641876587,-282.4223673325737,-32.203716492616074,-32.37877543070974,-112.53882412568507,10.435125305198977,175.60313356881824,-6.187284967981398,-216.1570761380548,-13.895837664682768,-15.661279088587179,-65.86321898528892,-1.056439457909649,53.08221817829454,2.5892825037937395,-66.26529119451888,-18.30787882793331,-16.71749634212256,-46.675605140396144
CCCma,CanESM5-CanOE,r1i1p2f1,gn,ssp585,2052-03,2052,3,44.45182216779338,234.27793126322575,-22.18909982490662,-281.99994964115945,-19.482266107682204,-25.903365472656287,-70.84492761538542,53.61840029548194,181.90905131575357,-34.67089409376744,-224.510982804252,-11.546834976313114,-14.228565682492963,-49.42982594558999,-9.16657812768856,52.36887994747218,12.481794268860817,-57.48896683690745,-7.935431131369089,-11.674799790163323,-21.415101669795426
CCCma,CanESM5-CanOE,r1i1p2f1,gn,ssp585,2052-04,2052,4,128.54752126706063,248.196649809064,-65.18500504293878,-294.91413308471715,-11.540469670770953,-21.23438294851315,-16.12981967081538,150.89498619069317,203.6208955771701,-100.99704863032414,-251.65180393294378,-7.9311997876661655,-12.748308979152664,-18.812479562223483,-22.347464923632543,44.57575423189391,35.81204358738536,-43.26232915177337,-3.609269883104788,-8.486073969360486,2.682659891408104
CCCma,CanESM5-CanOE,r1i1p2f1,gn,ssp585,2052-05,2052,5,198.4596883060481,284.03807419038736,-89.14987381911236,-317.95156050480125,-4.6172463868951565,-13.589754124460187,57.189327661166516,248.79743010993508,243.09734417111952,-164.04568966482177,-289.5335198494272,-5.887403499858661,-12.858119228604854,19.570042038342113,-50.337741803886985,40.940730019267846,74.89581584570941,-28.418040655374057,1.2701571129635045,-0.7316348958553327,37.61928562282441
CCCma,CanESM5-CanOE,r1i1p2f1,gn,ssp585,2052-06,2052,6,219.26470181958246,303.8199528611008,-51.850169151182016,-330.9541825939647,-2.4074003997502933,-11.07323481123663,126.79966772454964,270.8609183255667,281.3191905962504,-161.1879435915762,-314.1864221932955,-4.112286789613121,-11.594284946025898,61.09917140130626,-51.596216505984216,22.50076226485038,109.33777444039417,-16.767760400669147,1.7048863898628275,0.5210501347892684,65.70049632324339
CCCma,CanESM5-CanOE,r1i1p2f1,gn,ssp585,2052-07,2052,7,193.80953518730345,317.53921127397734,-24.55325165049705,-343.966929561607,0.17512645691501538,-9.29491656936694,133.70877513672488,224.2551920881,294.89674293371723,-102.79903416576022,-321.87172155748266,-1.1109446312367832,-9.39464386725119,83.97559080008637,-30.445656900796536,22.64246834026011,78.24578251526317,-22.095208004124345,1.2860710881517985,0.09972729788425028,49.733184336638516
CCCma,CanESM5-CanOE,r1i1p2f1,gn,ssp585,2052-08,2052,8,115.7998215554507,324.9141362653178,-14.166742674628997,-348.43834968897795,-0.7412111490402942,-10.505956207250888,66.86169810087034,138.04127284497537,293.51802779646516,-52.18284747390068,-320.37372679006006,-2.5062649386197706,-10.800937684864726,45.69552375399525,-22.24145128952466,31.396108468852617,38.01610479927168,-28.06462289891789,1.7650537895794765,0.2949814776138382,21.16617434687509
CCCma,CanESM5-CanOE,r1i1p2f1,gn,ssp585,2052-09,2052,9,47.73374872338198,315.96173037891384,-6.179499003411998,-342.2729060422148,-6.494641433011532,-19.868476769519066,-11.12004414586154,63.18456348645751,266.70302478658806,-23.013406979202472,-300.93944393720716,-7.82200411290642,-15.449381194229838,-17.336647950500325,-15.450814763075535,49.25870559232578,16.833907975790474,-41.33346210500764,1.3273626798948879,-4.419095575289228,6.216603804638785
CCCma,CanESM5-CanOE,r1i1p2f1,gn,ssp585,2052-10,2052,10,12.07980513861103,300.40000795569335,-1.6989521858427226,-333.17479016636065,-17.38027917160464,-27.265867460474322,-67.04007588997791,17.249578700676455,229.42952623657507,-6.05648776625267,-269.26043068333587,-15.60508683741619,-19.265371335151645,-63.508271684904834,-5.169773562065425,70.97048171911828,4.357535580409947,-63.91435948302478,-1.7751923341884517,-8.000496125322677,-3.5318042050730796
CCCma,CanESM5-CanOE,r1i1p2f1,gn,ssp585,2052-11,2052,11,1.8636114236958945,276.43213822586046,-0.3157795989689093,-322.50914112392525,-30.795012230818568,-35.87899227536904,-111.20317557952542,2.515336833744441,201.51629179882505,-0.852789140129987,-242.618099337239,-18.104257216232263,-18.594844834341938,-76.1383618953737,-0.6517254100485466,74.9158464270354,0.5370095411610777,-79.89104178668626,-12.690755014586305,-17.284147441027105,-35.064813684151716
CCCma,CanESM5-CanOE,r1i1p2f1,gn,ssp585,2052-12,2052,12,0.38862635281782,255.35923894846758,-0.07110675636966633,-307.08831671732486,-34.29500652606728,-36.487680116508294,-122.1942448149847,0.5047198763123734,185.0172678795254,-0.21808210897323796,-226.00776044781924,-16.448539416236862,-17.091682477943937,-74.2440766951355,-0.11609352349455337,70.34197106894217,0.14697535260357164,-81.08055626950562,-17.84646710983042,-19.395997638564356,-47.950168119849195
CCCma,CanESM5-CanOE,r1i1p2f1,gn,ssp585,2053-01,2053,1,1.1256999168301094,238.28503092936785,-0.31894704883929365,-290.0662168047635,-33.38748294304776,-34.62515733210894,-118.98707328256152,1.3942172339713994,176.9672228764132,-0.7437200236333381,-217.63140127830133,-15.69624865399158,-16.575668975850103,-72.28559882139174,-0.26851731714129,61.31780805295466,0.42477297479404447,-72.43481552646216,-17.691234289056176,-18.049488356258838,-46.70147446116978
CCCma,CanESM5-CanOE,r1i1p2f1,gn,ssp585,2053-02,2053,2,8.826117880979995,232.78653302609698,-3.7301652018659897,-280.53328964118094,-23.860673204642243,-27.709322672871984,-94.22079981348418,10.435125305198977,175.60313356881824,-6.187284967981398,-216.1570761380548,-13.895837664682768,-15.661279088587179,-65.86321898528892,-1.6090074242189818,57.18339945727874,2.4571197661154085,-64.37621350312614,-9.964835539959475,-12.048043584284805,-28.357580828195253
CCCma,CanESM5-CanOE,r1i1p2f1,gn,ssp585,2053-03,2053,3,45.12143037690845,237.38912593389608,-22.666080723279077,-282.76807845557016,-19.16773917044532,-27.05868134726653,-69.15002338575657,53.61840029548194,181.90905131575357,-34.67089409376744,-224.510982804252,-11.546834976313114,-14.228565682492963,-49.42982594558999,-8.496969918573491,55.48007461814251,12.00481337048836,-58.25709565131817,-7.620904194132205,-12.830115664773565,-19.72019744016658
CCCma,CanESM5-CanOE,r1i1p2f1,gn,ssp585,2053-04,2053,4,129.00622964181014,248.29841834792717,-68.13923719663877,-292.95716408559224,-10.064073046842802,-18.730656472346293,-12.58648281168279,150.89498619069317,203.6208955771701,-100.99704863032414,-251.65180393294378,-7.9311997876661655,-12.748308979152664,-18.812479562223483,-21.888756548883038,44.677522770757065,32.85781143368537,-41.30536015264846,-2.1328732591766366,-5.982347493193629,6.225996750540693
CCCma,CanESM5-CanOE,r1i1p2f1,gn,ssp585,2053-05,2053,5,209.45584244192423,277.097998096557,-103.15514969682077,-314.54928165502145,-5.649315923066797,-14.13403848783803,49.06605477573416,248.79743010993508,243.09734417111952,-164.04568966482177,-289.5335198494272,-5.887403499858661,-12.858119228604854,19.570042038342113,-39.341587668010845,34.00065392543746,60.890539968000994,-25.015761805594252,0.2380875767918642,-1.2759192592331754,29.496012737392046
CCCma,CanESM5-CanOE,r1i1p2f1,gn,ssp585,2053-06,2053,6,228.58686567807558,303.2803949807238,-67.405739202962,-331.09255123035456,-0.20718418740414846,-9.952931231123396,123.20885480695533,270.8609183255667,281.3191905962504,-161.1879435915762,-314.1864221932955,-4.112286789613121,-11.594284946025898,61.09917140130626,-42.27405264749109,21.961204384473433,93.78220438861419,-16.90612903705903,3.9051026022089723,1.6413537149025021,62.10968340564907
CCCma,CanESM5-CanOE,r1i1p2f1,gn,ssp585,2053-07,2053,7,192.66704564371912,315.01573265723033,-27.628506809237233,-341.58668299953047,1.2587239453282444,-9.539727223640085,130.1865852138699,224.2551920881,294.89674293371723,-102.79903416576022,-321.87172155748266,-1.1109446312367832,-9.39464386725119,83.97559080008637,-31.588146444380868,20.118989723513096,75.17052735652298,-19.71496144204781,2.3696685765650276,-0.1450833563888949,46.21099441378354
CCCma,CanESM5-CanOE,r1i1p2f1,gn,ssp585,2053-08,2053,8,116.03679986545274,320.1616036187911,-14.786334702364005,-344.859586134338,-1.2468629481946283,-12.916262020522463,62.389357678824766,138.04127284497537,293.51802779646516,-52.18284747390068,-320.37372679006006,-2.5062649386197706,-10.800937684864726,45.69552375399525,-22.00447297952263,26.643575822325943,37.39651277153668,-24.485859344277912,1.2594019904251423,-2.1153243356577374,16.693833924829512
CCCma,CanESM5-CanOE,r1i1p2f1,gn,ssp585,2053-09,2053,9,47.13198986606679,314.818250635407,-6.1696753281079255,-339.5128021501963,-6.729863296905105,-19.48590289590481,-9.948003169640366,63.18456348645751,266.70302478658806,-23.013406979202472,-300.93944393720716,-7.82200411290642,-15.449381194229838,-17.336647950500325,-16.052573620390724,48.115225848818966,16.843731651094547,-38.57335821298915,1.092140816001315,-4.036521701674973,7.388644780859959
CCCma,CanESM5-CanOE,r1i1p2f1,gn,ssp585,2053-10,2053,10,12.774001169401851,296.29830590766073,-1.9083460856593057,-329.9872158677963,-18.139480782208594,-28.272948692551523,-69.23568435115315,17.249578700676455,229.42952623657507,-6.05648776625267,-269.26043068333587,-15.60508683741619,-19.265371335151645,-63.508271684904834,-4.475577531274604,66.86877967108566,4.148141680593364,-60.726785184460425,-2.534393944792404,-9.007577357399878,-5.72741266624832
CCCma,CanESM5-CanOE,r1i1p2f1,gn,ssp585,2053-11,2053,11,2.0396750291680923,279.81106244047754,-0.364445745799672,-319.1493851326331,-23.356507564583595,-31.072226210583363,-92.09182718395408,2.515336833744441,201.51629179882505,-0.852789140129987,-242.618099337239,-18.104257216232263,-18.594844834341938,-76.1383618953737,-0.47566180457634877,78.29477064165249,0.488343394330315,-76.5312857953941,-5.252250348351332,-12.477381376241425,-15.953465288580375
CCCma,CanESM5-CanOE,r1i1p2f1,gn,ssp585,2053-12,2053,12,0.40264247723615876,256.01309860799597,-0.07884554408141921,-303.4310741149833,-29.04971113019737,-32.21237654275865,-108.35626624678862,0.5047198763123734,185.0172678795254,-0.21808210897323796,-226.00776044781924,-16.448539416236862,-17.091682477943937,-74.2440766951355,-0.1020773990762146,70.99583072847057,0.13923656489181874,-77.42331366716405,-12.601171713960508,-15.12069406481471,-34.11218955165312
CCCma,CanESM5-CanOE,r1i1p2f1,gn,ssp585,2054-01,2054,1,1.1620172213976023,243.63829524149088,-0.3573602451462981,-289.7361228937952,-28.776566333978383,-31.961086492727908,-106.03082350275932,1.3942172339713994,176.9672228764132,-0.7437200236333381,-217.63140127830133,-15.69624865399158,-16.575668975850103,-72.28559882139174,-0.23220001257379708,66.67107236507769,0.38635977848704,-72.10472161549387,-13.080317679986804,-15.385417516877805,-33.745224681367574
CCCma,CanESM5-CanOE,r1i1p2f1,gn,ssp585,2054-02,2054,2,9.156403623071132,224.0642863818211,-4.347757792692426,-273.39004962823753,-26.621760925952998,-30.263681389746104,-101.40255973173683,10.435125305198977,175.60313356881824,-6.187284967981398,-216.1570761380548,-13.895837664682768,-15.661279088587179,-65.86321898528892,-1.2787216821278449,48.461152813002855,1.8395271752889721,-57.23297349018273,-12.72592326127023,-14.602402301158925,-35.539340746447905
CCCma,CanESM5-CanOE,r1i1p2f1,gn,ssp585,2054-03,2054,3,44.771113497841135,236.7520614987136,-24.32971653401324,-277.1287727988646,-11.610493219839112,-19.562904997428884,-51.108712553591076,53.61840029548194,181.90905131575357,-34.67089409376744,-224.510982804252,-11.546834976313114,-14.228565682492963,-49.42982594558999,-8.847286797640805,54.84301018296003,10.341177559754197,-52.61778999461259,-0.0636582435259978,-5.334339314935921,-1.6788866080010862
CCCma,CanESM5-CanOE,r1i1p2f1,gn,ssp585,2054-04,2054,4,131.2182889178053,244.01247910442873,-70.95779506860335,-289.33879626424056,-11.31634318573678,-19.572320049408457,-15.954486545755096,150.89498619069317,203.6208955771701,-100.99704863032414,-251.65180393294378,-7.9311997876661655,-12.748308979152664,-18.812479562223483,-19.67669727288788,40.39158352725863,30.0392535617208,-37.68699233129678,-3.385143398070615,-6.824011070255793,2.857993016468388
CCCma,CanESM5-CanOE,r1i1p2f1,gn,ssp585,2054-05,2054,5,207.9030567075851,280.127369956626,-98.50842868236475,-316.638704790322,-5.229313064777152,-14.369511953565452,53.28446817318178,248.79743010993508,243.09734417111952,-164.04568966482177,-289.5335198494272,-5.887403499858661,-12.858119228604854,19.570042038342113,-40.89437340234997,37.030025785506496,65.53726098245701,-27.105184940894787,0.6580904350815091,-1.5113927249605972,33.71442613483967
CCCma,CanESM5-CanOE,r1i1p2f1,gn,ssp585,2054-06,2054,6,214.48018149587193,304.942145282337,-58.36403053501878,-330.09596952513175,-1.1723768547060756,-11.76637251198299,118.0235773513693,270.8609183255667,281.3191905962504,-161.1879435915762,-314.1864221932955,-4.112286789613121,-11.594284946025898,61.09917140130626,-56.38073682969474,23.622954686086587,102.82391305655742,-15.909547331836222,2.939909934907045,-0.17208756595709218,56.92440595006304
CCCma,CanESM5-CanOE,r1i1p2f1,gn,ssp585,2054-07,2054,7,186.19778985584102,318.51965390255026,-27.17577709243837,-341.5304687545465,1.2116024972946304,-7.3941036839422285,129.82869672475877,224.2551920881,294.89674293371723,-102.79903416576022,-321.87172155748266,-1.1109446312367832,-9.39464386725119,83.97559080008637,-38.057402232258966,23.622910968833025,75.62325707332185,-19.65874719706386,2.3225471285314137,2.0005401833089618,45.853105924672406
CCCma,CanESM5-CanOE,r1i1p2f1,gn,ssp585,2054-08,2054,8,115.61216473180542,322.01166407748076,-14.66907785495661,-345.294431540116,-0.18262178059175352,-11.418954608774326,66.05874302484749,138.04127284497537,293.51802779646516,-52.18284747390068,-320.37372679006006,-2.5062649386197706,-10.800937684864726,45.69552375399525,-22.429108113169946,28.493636281015597,37.51376961894407,-24.92070475005596,2.323643158028017,-0.6180169239096003,20.363219270852234
CCCma,CanESM5-CanOE,r1i1p2f1,gn,ssp585,2054-09,2054,9,47.63208041618135,314.97278384398254,-6.198563826609018,-340.2879183085662,-8.325025947581796,-20.513957099972373,-12.720600922565499,63.18456348645751,266.70302478658806,-23.013406979202472,-300.93944393720716,-7.82200411290642,-15.449381194229838,-17.336647950500325,-15.55248307027616,48.26975905739448,16.814843152593454,-39.34847437135903,-0.5030218346753763,-5.064575905742535,4.616047027934826
CCCma,CanESM5-CanOE,r1i1p2f1,gn,ssp585,2054-10,2054,10,12.698872135684317,297.7682432838975,-1.9014146531812204,-330.65063252687867,-18.10626292537468,-30.277689325598466,-70.46888401145122,17.249578700676455,229.42952623657507,-6.05648776625267,-269.26043068333587,-15.60508683741619,-19.265371335151645,-63.508271684904834,-4.550706564992138,68.33871704732243,4.15507311307145,-61.3902018435428,-2.5011760879584894,-11.012317990446821,-6.960612326546389
CCCma,CanESM5-CanOE,r1i1p2f1,gn,ssp585,2054-11,2054,11,2.070784201886523,280.53195162405467,-0.362178208481356,-322.20341625249984,-26.23646288653699,-33.54330781958714,-99.74262934116413,2.515336833744441,201.51629179882505,-0.852789140129987,-242.618099337239,-18.104257216232263,-18.594844834341938,-76.1383618953737,-0.44455263185791827,79.01565982522962,0.49061093164863095,-79.58531691526085,-8.132205670304728,-14.948462985245204,-23.604267445790427
CCCma,CanESM5-CanOE,r1i1p2f1,gn,ssp585,2054-12,2054,12,0.3783056888628246,260.44977148874466,-0.0755343446412876,-308.85497833723593,-32.529035671025845,-36.64081633016905,-117.27228750546465,0.5047198763123734,185.0172678795254,-0.21808210897323796,-226.00776044781924,-16.448539416236862,-17.091682477943937,-74.2440766951355,-0.12641418744954874,75.43250360921925,0.14254776433195038,-82.8472178894167,-16.080496254788983,-19.549133852225115,-43.02821081032914
CCCma,CanESM5-CanOE,r1i1p2f1,gn,ssp585,2055-01,2055,1,1.1809357917465975,247.72789362891012,-0.36459640172345364,-295.9063295270857,-26.343065118846756,-31.69221881464541,-105.39738044164457,1.3942172339713994,176.9672228764132,-0.7437200236333381,-217.63140127830133,-15.69624865399158,-16.575668975850103,-72.28559882139174,-0.21328144222480194,70.76067075249694,0.37912362190988447,-78.27492824878436,-10.646816464855176,-15.116549838795308,-33.11178162025283
CCCma,CanESM5-CanOE,r1i1p2f1,gn,ssp585,2055-02,2055,2,8.592087561973917,232.64926381886815,-3.6177009838626883,-278.78394927277054,-26.958701607881324,-28.104215861281745,-96.22321634495421,10.435125305198977,175.60313356881824,-6.187284967981398,-216.1570761380548,-13.895837664682768,-15.661279088587179,-65.86321898528892,-1.843037743225059,57.04613025004991,2.56958398411871,-62.62687313471574,-13.062863943198556,-12.442936772694566,-30.359997359665286
CCCma,CanESM5-CanOE,r1i1p2f1,gn,ssp585,2055-03,2055,3,45.640221819999034,236.24211379448212,-22.726781148277315,-282.69790481794684,-20.398615449762268,-28.484389951459548,-72.4253557529648,53.61840029548194,181.90905131575357,-34.67089409376744,-224.510982804252,-11.546834976313114,-14.228565682492963,-49.42982594558999,-7.978178475482906,54.33306247872855,11.944112945490122,-58.18692201369484,-8.851780473449153,-14.255824268966585,-22.995529807374815
CCCma,CanESM5-CanOE,r1i1p2f1,gn,ssp585,2055-04,2055,4,125.18219031238168,253.58200205354038,-64.43168545216969,-296.7246093263339,-10.818082348855198,-21.14095905309496,-14.351143814531708,150.89498619069317,203.6208955771701,-100.99704863032414,-251.65180393294378,-7.9311997876661655,-12.748308979152664,-18.812479562223483,-25.712795878311496,49.961106476370276,36.565363178154456,-45.07280539339013,-2.886882561189032,-8.392650073942296,4.461335747691775
CCCma,CanESM5-CanOE,r1i1p2f1,gn,ssp585,2055-05,2055,5,193.67345441649394,283.4052125263424,-88.48232535416625,-317.29922841166166,-5.909110031342833,-16.746526476094694,48.64147666957086,248.79743010993508,243.09734417111952,-164.04568966482177,-289.5335198494272,-5.887403499858661,-12.858119228604854,19.570042038342113,-55.12397569344114,40.307868355222865,75.56336431065552,-27.765708562234465,-0.02170653148417223,-3.8884072474898392,29.071434631228744
CCCma,CanESM5-CanOE,r1i1p2f1,gn,ssp585,2055-06,2055,6,219.9005734300707,303.50959695407255,-61.52554695099011,-330.6712664786714,-1.9567470583807436,-11.990753135437,117.265856760664,270.8609183255667,281.3191905962504,-161.1879435915762,-314.1864221932955,-4.112286789613121,-11.594284946025898,61.09917140130626,-50.96034489549598,22.190406357822155,99.66239664058608,-16.484844285375857,2.155539731232377,-0.3964681894111024,56.166685359357736
CCCma,CanESM5-CanOE,r1i1p2f1,gn,ssp585,2055-07,2055,7,184.5637069724812,319.714978681612,-27.564467722271658,-342.54200683504496,1.7188481179291462,-8.311090186244353,127.5799690284614,224.2551920881,294.89674293371723,-102.79903416576022,-321.87172155748266,-1.1109446312367832,-9.39464386725119,83.97559080008637,-39.691485115618775,24.81823574789479,75.23456644348856,-20.6702852775623,2.8297927491659296,1.083553681006837,43.60437822837504
CCCma,CanESM5-CanOE,r1i1p2f1,gn,ssp585,2055-08,2055,8,114.94058399294005,325.01203268801976,-14.902870076401108,-346.88954207408636,0.8804741908660434,-9.53506472245894,69.50561399887945,138.04127284497537,293.51802779646516,-52.18284747390068,-320.37372679006006,-2.5062649386197706,-10.800937684864726,45.69552375399525,-23.10068885203532,31.494004891554596,37.27997739749957,-26.515815284026303,3.386739129485814,1.2658729624057852,23.8100902448842
CCCma,CanESM5-CanOE,r1i1p2f1,gn,ssp585,2055-09,2055,9,46.8928507637214,317.7706255036718,-6.202896989123478,-341.93763496838795,-5.688385653226268,-19.18277854144677,-8.348219884791257,63.18456348645751,266.70302478658806,-23.013406979202472,-300.93944393720716,-7.82200411290642,-15.449381194229838,-17.336647950500325,-16.291712722736115,51.067600717083735,16.810509990078994,-40.998191031180795,2.133618459680152,-3.733397347216931,8.988428065709067
CCCma,CanESM5-CanOE,r1i1p2f1,gn,ssp585,2055-10,2055,10,12.37267458089457,299.3107628023013,-1.8296652361164871,-332.369841692381,-19.19911468214828,-29.884371951595906,-71.59955617904579,17.249578700676455,229.42952623657507,-6.05648776625267,-269.26043068333587,-15.60508683741619,-19.265371335151645,-63.508271684904834,-4.876904119781885,69.88123656572625,4.226822530136182,-63.10941100904512,-3.594027844732091,-10.61900061644426,-8.091284494140957
CCCma,CanESM5-CanOE,r1i1p2f1,gn,ssp585,2055-11,2055,11,2.2056937963929046,271.31935901057403,-0.3927173844021061,-320.6637296836455,-34.9019589556483,-41.54950097323296,-123.98285418996193,2.515336833744441,201.51629179882505,-0.852789140129987,-242.618099337239,-18.104257216232263,-18.594844834341938,-76.1383618953737,-0.3096430373515364,69.80306721174898,0.4600717557278809,-78.04563034640651,-16.797701739416034,-22.95465613889102,-47.84449229458822
CCCma,CanESM5-CanOE,r1i1p2f1,gn,ssp585,2055-12,2055,12,0.3939914012549567,269.79144996308065,-0.0747915329040139,-311.5798920403614,-26.92007833936755,-33.62718761289206,-102.01650816118942,0.5047198763123734,185.0172678795254,-0.21808210897323796,-226.00776044781924,-16.448539416236862,-17.091682477943937,-74.2440766951355,-0.11072847505741668,84.77418208355525,0.14329057606922407,-85.57213159254218,-10.471538923130687,-16.53550513494812,-27.772431466053916
CCCma,CanESM5-CanOE,r1i1p2f1,gn,ssp585,2056-01,2056,1,1.1077600626087925,257.4997481186956,-0.3291052109778215,-298.93491593880805,-25.964150677865625,-30.128344501471823,-96.74900814781893,1.3942172339713994,176.9672228764132,-0.7437200236333381,-217.63140127830133,-15.69624865399158,-16.575668975850103,-72.28559882139174,-0.28645717136260695,80.53252524228242,0.4146148126555166,-81.30351466050672,-10.267902023874045,-13.55267552562172,-24.463409326427183
CCCma,CanESM5-CanOE,r1i1p2f1,gn,ssp585,2056-02,2056,2,8.511579766663372,237.9194107533025,-3.273622593754595,-285.81390651313416,-27.68699452580016,-30.707020182259182,-101.05055329498224,10.435125305198977,175.60313356881824,-6.187284967981398,-216.1570761380548,-13.895837664682768,-15.661279088587179,-65.86321898528892,-1.9235455385356044,62.31627718448425,2.9136623742268033,-69.65683037507935,-13.791156861117392,-15.045741093672003,-35.18733430969331
CCCma,CanESM5-CanOE,r1i1p2f1,gn,ssp585,2056-03,2056,3,45.67313756110835,237.3987613998823,-20.918443538941002,-286.5904457750649,-20.847110384053412,-27.25931976547358,-72.54342050254222,53.61840029548194,181.90905131575357,-34.67089409376744,-224.510982804252,-11.546834976313114,-14.228565682492963,-49.42982594558999,-7.945262734373593,55.48971008412872,13.752450554826435,-62.0794629708129,-9.300275407740298,-13.030754082980618,-23.11359455695223
CCCma,CanESM5-CanOE,r1i1p2f1,gn,ssp585,2056-04,2056,4,126.1092735011015,253.26141705918562,-63.92577105926041,-297.1489083127113,-12.882873296932846,-21.204965545706592,-15.791827654323992,150.89498619069317,203.6208955771701,-100.99704863032414,-251.65180393294378,-7.9311997876661655,-12.748308979152664,-18.812479562223483,-24.785712689591676,49.640521482015515,37.07127757106373,-45.49710437976751,-4.951673509266681,-8.456656566553928,3.0206519078994916
CCCma,CanESM5-CanOE,r1i1p2f1,gn,ssp585,2056-05,2056,5,197.61622332483537,285.32129234688495,-84.43324785686059,-319.5763482152713,-4.461786340877507,-13.82602045204799,60.64011280666295,248.79743010993508,243.09734417111952,-164.04568966482177,-289.5335198494272,-5.887403499858661,-12.858119228604854,19.570042038342113,-51.181206785099704,42.22394817576543,79.61244180796118,-30.042828365844116,1.4256171589811544,-0.9679012234431354,41.07007076832083
CCCma,CanESM5-CanOE,r1i1p2f1,gn,ssp585,2056-06,2056,6,225.81073292702257,302.19652888024456,-58.234482929046194,-332.2789674159878,-2.3307199831090704,-12.331635418047327,122.83145606107676,270.8609183255667,281.3191905962504,-161.1879435915762,-314.1864221932955,-4.112286789613121,-11.594284946025898,61.09917140130626,-45.0501853985441,20.877338283994163,102.95346066252999,-18.09254522269225,1.7815668065040504,-0.7373504720214292,61.73228465977051
CCCma,CanESM5-CanOE,r1i1p2f1,gn,ssp585,2056-07,2056,7,193.7301912384512,319.65400676088996,-27.81470204366499,-344.9059074199511,1.1885915407146632,-8.924046385757057,132.92813369068267,224.2551920881,294.89674293371723,-102.79903416576022,-321.87172155748266,-1.1109446312367832,-9.39464386725119,83.97559080008637,-30.52500084964879,24.75726382717272,74.98433212209522,-23.034185862468462,2.2995361719514467,0.47059748149413316,48.952542890596305
CCCma,CanESM5-CanOE,r1i1p2f1,gn,ssp585,2056-08,2056,8,114.82624207584422,327.20831318073886,-14.402481154534916,-349.960655792455,-1.1733089130359384,-11.961399280292541,64.53671011626467,138.04127284497537,293.51802779646516,-52.18284747390068,-320.37372679006006,-2.5062649386197706,-10.800937684864726,45.69552375399525,-23.215030769131147,33.69028538427369,37.78036631936576,-29.586929002394925,1.3329560255838322,-1.1604615954278152,18.84118636226942
CCCma,CanESM5-CanOE,r1i1p2f1,gn,ssp585,2056-09,2056,9,46.592335667287074,318.3833508008786,-6.005056528393806,-343.6345981235677,-7.282868027874405,-22.122806826002456,-14.069643037672677,63.18456348645751,266.70302478658806,-23.013406979202472,-300.93944393720716,-7.82200411290642,-15.449381194229838,-17.336647950500325,-16.59222781917044,51.68032601429053,17.008350450808667,-42.695154186360526,0.5391360850320153,-6.673425631772618,3.267004912827648
CCCma,CanESM5-CanOE,r1i1p2f1,gn,ssp585,2056-10,2056,10,12.444624491650261,304.6472512550907,-1.7880673878990538,-335.35543253753804,-16.343470328537627,-28.68141359879515,-65.07650810602894,17.249578700676455,229.42952623657507,-6.05648776625267,-269.26043068333587,-15.60508683741619,-19.265371335151645,-63.508271684904834,-4.804954209026194,75.21772501851561,4.268420378353616,-66.09500185420217,-0.7383834911214375,-9.416042263643504,-1.568236421124105
CCCma,CanESM5-CanOE,r1i1p2f1,gn,ssp585,2056-11,2056,11,1.9343595125118174,286.1398047076244,-0.31330248118965737,-325.8912636361922,-26.66802626001856,-33.97449049297672,-98.77291865024091,2.515336833744441,201.51629179882505,-0.852789140129987,-242.618099337239,-18.104257216232263,-18.594844834341938,-76.1383618953737,-0.5809773212326237,84.62351290879937,0.5394866589403295,-83.27316429895322,-8.563769043786298,-15.379645658634782,-22.634556754867205
CCCma,CanESM5-CanOE,r1i1p2f1,gn,ssp585,2056-12,2056,12,0.3773702260501261,262.5177909844963,-0.06781184997923517,-312.9688298248376,-34.23293232252212,-38.52394324123302,-122.89835602802557,0.5047198763123734,185.0172678795254,-0.21808210897323796,-226.00776044781924,-16.448539416236862,-17.091682477943937,-74.2440766951355,-0.12734965026224726,77.50052310497088,0.1502702589940028,-86.96106937701836,-17.784392906285255,-21.432260763289083,-48.65427933289007
CCCma,CanESM5-CanOE,r1i1p2f1,gn,ssp585,2057-01,2057,1,0.9677320514932748,248.95306000368146,-0.25235601422976256,-299.3831827015012,-33.09580033164632,-35.15582730632125,-117.96637429852382,1.3942172339713994,176.9672228764132,-0.7437200236333381,-217.63140127830133,-15.69624865399158,-16.575668975850103,-72.28559882139174,-0.4264851824781246,71.98583712726827,0.49136400940357555,-81.75178142319987,-17.399551677654742,-18.580158330471146,-45.68077547713207
CCCma,CanESM5-CanOE,r1i1p2f1,gn,ssp585,2057-02,2057,2,8.40964759344228,231.62071154037037,-3.1642458415900903,-285.7430041534111,-30.06272897996123,-32.650358945069584,-111.58997878621936,10.435125305198977,175.60313356881824,-6.187284967981398,-216.1570761380548,-13.895837664682768,-15.661279088587179,-65.86321898528892,-2.0254777117566967,56.01757797155213,3.023039126391308,-69.5859280153563,-16.166891315278463,-16.989079856482405,-45.72675980093044
CCCma,CanESM5-CanOE,r1i1p2f1,gn,ssp585,2057-03,2057,3,46.45401111144157,238.8720673126778,-21.55054287137817,-287.56585611115213,-20.775171644524974,-29.829674033626933,-74.39516623656284,53.61840029548194,181.90905131575357,-34.67089409376744,-224.510982804252,-11.546834976313114,-14.228565682492963,-49.42982594558999,-7.164389184040374,56.96301599692424,13.120351222389267,-63.054873306900134,-9.22833666821186,-15.60110835113397,-24.965340290972854
CCCma,CanESM5-CanOE,r1i1p2f1,gn,ssp585,2057-04,2057,4,122.68899545046906,256.2078437065454,-62.01772902656358,-298.3790872905928,-9.980927313539441,-20.645249113371595,-12.126153587052931,150.89498619069317,203.6208955771701,-100.99704863032414,-251.65180393294378,-7.9311997876661655,-12.748308979152664,-18.812479562223483,-28.20599074022411,52.586948129375315,38.979319603760565,-46.727283357649014,-2.0497275258732754,-7.89694013421893,6.686325975170552
CCCma,CanESM5-CanOE,r1i1p2f1,gn,ssp585,2057-05,2057,5,188.1528562697041,285.4965649099627,-79.77037501865047,-318.14989349370643,-6.225348157411199,-16.302180780457803,53.20162372944084,248.79743010993508,243.09734417111952,-164.04568966482177,-289.5335198494272,-5.887403499858661,-12.858119228604854,19.570042038342113,-60.644573840230976,42.399220738843155,84.2753146461713,-28.616373644279236,-0.337944657552538,-3.4440615518529487,33.63158169109873
CCCma,CanESM5-CanOE,r1i1p2f1,gn,ssp585,2057-06,2057,6,215.46647643221095,306.90411659357835,-49.5790207787486,-333.27475450227195,-2.1751384378931116,-11.202226222803521,126.1394530840721,270.8609183255667,281.3191905962504,-161.1879435915762,-314.1864221932955,-4.112286789613121,-11.594284946025898,61.09917140130626,-55.39444189335572,25.584925997327957,111.60892281282759,-19.08833230897642,1.9371483517200092,0.39205872322237667,65.04028168276585
CCCma,CanESM5-CanOE,r1i1p2f1,gn,ssp585,2057-07,2057,7,188.46001931169434,323.45675283938397,-25.155871474268796,-346.60085800376555,1.8312966759123799,-7.884206886619473,134.10713246233686,224.2551920881,294.89674293371723,-102.79903416576022,-321.87172155748266,-1.1109446312367832,-9.39464386725119,83.97559080008637,-35.79517277640565,28.560009905666732,77.64316269149143,-24.729136446282894,2.942241307149163,1.5104369806317175,50.1315416622505
CCCma,CanESM5-CanOE,r1i1p2f1,gn,ssp585,2057-08,2057,8,113.4920914361859,327.9912241514409,-13.948208156274474,-350.58665261865923,-0.5485327599349227,-11.624874705603489,64.7750473471547,138.04127284497537,293.51802779646516,-52.18284747390068,-320.37372679006006,-2.5062649386197706,-10.800937684864726,45.69552375399525,-24.549181408789465,34.473196354975755,38.234639317626204,-30.212925828599168,1.9577321786848478,-0.8239370207387626,19.079523593159443
CCCma,CanESM5-CanOE,r1i1p2f1,gn,ssp585,2057-09,2057,9,46.42419770483873,318.43429214462594,-5.964007900614917,-344.1965686358747,-9.068073917906325,-22.447906974121807,-16.818067579053128,63.18456348645751,266.70302478658806,-23.013406979202472,-300.93944393720716,-7.82200411290642,-15.449381194229838,-17.336647950500325,-16.76036578161878,51.73126735803788,17.049399078587555,-43.25712469866755,-1.2460698049999053,-6.998525779891969,0.5185803714471966
CCCma,CanESM5-CanOE,r1i1p2f1,gn,ssp585,2057-10,2057,10,12.812691308474738,300.97783579380007,-1.8904533286098109,-334.44390617821875,-19.943307234012195,-32.92323328809365,-75.41037292665962,17.249578700676455,229.42952623657507,-6.05648776625267,-269.26043068333587,-15.60508683741619,-19.265371335151645,-63.508271684904834,-4.436887392201717,71.548309557225,4.166034437642859,-65.18347549488288,-4.338220396596006,-13.657861952942003,-11.902101241754785
CCCma,CanESM5-CanOE,r1i1p2f1,gn,ssp585,2057-11,2057,11,1.969363566024159,283.7016621221411,-0.3237577233948995,-324.91854976865744,-28.485042870017676,-37.2214378856962,-105.27776255960094,2.515336833744441,201.51629179882505,-0.852789140129987,-242.618099337239,-18.104257216232263,-18.594844834341938,-76.1383618953737,-0.545973267720282,82.18537032331605,0.5290314167350875,-82.30045043141845,-10.380785653785413,-18.62659305135426,-29.13940066422724
CCCma,CanESM5-CanOE,r1i1p2f1,gn,ssp585,2057-12,2057,12,0.42128578716152426,265.95307905748496,-0.0799695071333841,-314.24677700750743,-34.780662183951,-37.219799273549135,-119.95284312749448,0.5047198763123734,185.0172678795254,-0.21808210897323796,-226.00776044781924,-16.448539416236862,-17.091682477943937,-74.2440766951355,-0.0834340891508491,80.93581117795955,0.13811260183985385,-88.2390165596882,-18.33212276771414,-20.128116795605198,-45.70876643235897
CCCma,CanESM5-CanOE,r1i1p2f1,gn,ssp585,2058-01,2058,1,1.076443460327689,248.15307596229158,-0.28114455915892267,-300.1147671948062,-33.4803386967267,-36.51972544169649,-121.16645646976903,1.3942172339713994,176.9672228764132,-0.7437200236333381,-217.63140127830133,-15.69624865399158,-16.575668975850103,-72.28559882139174,-0.3177737736437105,71.18585308587839,0.46257546447441544,-82.48336591650485,-17.784090042735116,-19.944056465846383,-48.88085764837729
CCCma,CanESM5-CanOE,r1i1p2f1,gn,ssp585,2058-02,2058,2,8.882213859027397,244.24806296180148,-3.2914115948668323,-292.6082692439198,-32.59838202134904,-35.604501448033574,-110.97228748734037,10.435125305198977,175.60313356881824,-6.187284967981398,-216.1570761380548,-13.895837664682768,-15.661279088587179,-65.86321898528892,-1.5529114461715796,68.64492939298324,2.895873373114566,-76.45119310586497,-18.702544356666273,-19.943222359446395,-45.10906850205144
CCCma,CanESM5-CanOE,r1i1p2f1,gn,ssp585,2058-03,2058,3,44.361409573334626,243.31168448697917,-19.770008715940445,-289.4134990743739,-23.121326928298878,-28.9324076976209,-73.56414835592027,53.61840029548194,181.90905131575357,-34.67089409376744,-224.510982804252,-11.546834976313114,-14.228565682492963,-49.42982594558999,-9.256990722147314,61.4026331712256,14.900885377826992,-64.90251627012188,-11.574491951985763,-14.703842015127936,-24.134322410330277
CCCma,CanESM5-CanOE,r1i1p2f1,gn,ssp585,2058-04,2058,4,119.0757042522527,262.4112100419268,-55.03279626021691,-302.9036247630465,-7.718161462901966,-18.046338674090496,-2.214006866076369,150.89498619069317,203.6208955771701,-100.99704863032414,-251.65180393294378,-7.9311997876661655,-12.748308979152664,-18.812479562223483,-31.81928193844047,58.790314464756676,45.96425237010723,-51.2518208301027,0.2130383247641996,-5.298029694937831,16.598472696147113
CCCma,CanESM5-CanOE,r1i1p2f1,gn,ssp585,2058-05,2058,5,193.23266673812208,286.00527901954285,-70.50813687028906,-321.24812683924324,-6.345286061019073,-15.77558520072987,65.36081078638367,248.79743010993508,243.09734417111952,-164.04568966482177,-289.5335198494272,-5.887403499858661,-12.858119228604854,19.570042038342113,-55.564763371813,42.90793484842334,93.5375527945327,-31.714606989816048,-0.45788256116041204,-2.917465972125015,45.79076874804156
CCCma,CanESM5-CanOE,r1i1p2f1,gn,ssp585,2058-06,2058,6,212.6093092180073,307.5678060103915,-39.384217004579085,-334.9808855372428,-0.38044198270525215,-9.648115722714321,135.78345498115738,270.8609183255667,281.3191905962504,-161.1879435915762,-314.1864221932955,-4.112286789613121,-11.594284946025898,61.09917140130626,-58.251609107559375,26.248615414141113,121.8037265869971,-20.794463343947257,3.7318448069078687,1.9461692233115766,74.68428357985113
CCCma,CanESM5-CanOE,r1i1p2f1,gn,ssp585,2058-07,2058,7,196.36830989079152,322.0059451258869,-24.327030420834564,-349.3151907297391,0.6093194499447699,-9.30268979246051,136.03866352358912,224.2551920881,294.89674293371723,-102.79903416576022,-321.87172155748266,-1.1109446312367832,-9.39464386725119,83.97559080008637,-27.886882197308466,27.109202192169676,78.47200374492566,-27.443469172256414,1.7202640811815533,0.09195407479067974,52.063072723502756
CCCma,CanESM5-CanOE,r1i1p2f1,gn,ssp585,2058-08,2058,8,109.48716868264994,329.07499340362807,-13.246034823411554,-351.45065343160667,-1.6378762431624412,-13.37754413600252,58.85005345209485,138.04127284497537,293.51802779646516,-52.18284747390068,-320.37372679006006,-2.5062649386197706,-10.800937684864726,45.69552375399525,-28.55410416232543,35.55696560716291,38.936812650489124,-31.076926641546606,0.8683886954573294,-2.5766064511377937,13.154529698099594
CCCma,CanESM5-CanOE,r1i1p2f1,gn,ssp585,2058-09,2058,9,46.44234585715822,318.67686407670004,-5.953310673200949,-344.57536815930587,-8.397219893170572,-23.754710484186425,-17.56139927600558,63.18456348645751,266.70302478658806,-23.013406979202472,-300.93944393720716,-7.82200411290642,-15.449381194229838,-17.336647950500325,-16.74221762929929,51.97383929011198,17.060096306001522,-43.63592422209871,-0.575215780264152,-8.305329289956587,-0.224751325505256
CCCma,CanESM5-CanOE,r1i1p2f1,gn,ssp585,2058-10,2058,10,12.137633915557924,305.11423045987107,-1.687857390395336,-335.938632629321,-18.420823947132863,-30.32426827774299,-69.11971786916318,17.249578700676455,229.42952623657507,-6.05648776625267,-269.26043068333587,-15.60508683741619,-19.265371335151645,-63.508271684904834,-5.111944785118531,75.684704223296,4.368630375857334,-66.67820194598511,-2.8157371097166735,-11.058896942591346,-5.611446184258348
CCCma,CanESM5-CanOE,r1i1p2f1,gn,ssp585,2058-11,2058,11,1.822717862293649,288.50964138645566,-0.28340087541966846,-327.4222965042925,-25.786367134839754,-33.235478904671574,-96.39518417047418,2.515336833744441,201.51629179882505,-0.852789140129987,-242.618099337239,-18.104257216232263,-18.594844834341938,-76.1383618953737,-0.692618971450792,86.9933495876306,0.5693882647103186,-84.8041971670535,-7.682109918607491,-14.640634070329636,-20.256822275100475
CCCma,CanESM5-CanOE,r1i1p2f1,gn,ssp585,2058-12,2058,12,0.3779378362913589,270.57909732183026,-0.06355074221302391,-318.68483907326396,-34.610728475552136,-39.04409050160603,-121.44617363451349,0.5047198763123734,185.0172678795254,-0.21808210897323796,-226.00776044781924,-16.448539416236862,-17.091682477943937,-74.2440766951355,-0.12678204002101445,85.56182944230486,0.15453136676021406,-92.67707862544472,-18.162189059315274,-21.95240802366209,-47.20209693937798
CCCma,CanESM5-CanOE,r1i1p2f1,gn,ssp585,2059-01,2059,1,1.0394253962822517,252.7243401873229,-0.2612036481329328,-304.97642328581884,-35.20824737823175,-36.62984437287753,-123.31195310145591,1.3942172339713994,176.9672228764132,-0.7437200236333381,-217.63140127830133,-15.69624865399158,-16.575668975850103,-72.28559882139174,-0.3547918376891477,75.7571173109097,0.4825163755004053,-87.34502200751751,-19.511998724240172,-20.054175397027425,-51.02635428006417
CCCma,CanESM5-CanOE,r1i1p2f1,gn,ssp585,2059-02,2059,2,8.468563126473407,246.47290202750014,-3.12555060217293,-294.1053105717669,-23.615690445010134,-28.611442574309276,-94.51652903928567,10.435125305198977,175.60313356881824,-6.187284967981398,-216.1570761380548,-13.895837664682768,-15.661279088587179,-65.86321898528892,-1.9665621787255692,70.8697684586819,3.0617343658084684,-77.94823443371209,-9.719852780327367,-12.950163485722097,-28.653310053996748
CCCma,CanESM5-CanOE,r1i1p2f1,gn,ssp585,2059-03,2059,3,41.19635514320285,254.55262217741802,-19.000853935212387,-294.3700400533263,-14.034844878227721,-22.370049507769032,-54.0268110539146,53.61840029548194,181.90905131575357,-34.67089409376744,-224.510982804252,-11.546834976313114,-14.228565682492963,-49.42982594558999,-12.42204515227909,72.64357086166444,15.67004015855505,-69.85905724907431,-2.488009901914607,-8.141483825276069,-4.59698510832461
CCCma,CanESM5-CanOE,r1i1p2f1,gn,ssp585,2059-04,2059,4,128.7043656211924,254.9079395449074,-60.4938791689809,-301.6342810826414,-15.194801298855287,-22.601168201879858,-16.311824586257593,150.89498619069317,203.6208955771701,-100.99704863032414,-251.65180393294378,-7.9311997876661655,-12.748308979152664,-18.812479562223483,-22.190620569500766,51.287043967737304,40.50316946134325,-49.982477149697615,-7.263601511189122,-9.852859222727194,2.5006549759658903
CCCma,CanESM5-CanOE,r1i1p2f1,gn,ssp585,2059-05,2059,5,196.49333608572218,284.98892373979334,-78.71134489886562,-320.03513640919533,-6.232061126883272,-15.478377454655167,61.025339935916115,248.79743010993508,243.09734417111952,-164.04568966482177,-289.5335198494272,-5.887403499858661,-12.858119228604854,19.570042038342113,-52.3040940242129,41.89157956867382,85.33434476595615,-30.501616559768138,-0.34465762702461067,-2.6202582260503124,41.455297897574
CCCma,CanESM5-CanOE,r1i1p2f1,gn,ssp585,2059-06,2059,6,226.51172067313394,306.26470035516417,-48.073121803126966,-334.9408631733375,-1.0270046966582134,-10.295290926819664,138.44014042835568,270.8609183255667,281.3191905962504,-161.1879435915762,-314.1864221932955,-4.112286789613121,-11.594284946025898,61.09917140130626,-44.349197652432736,24.945509758913772,113.11482178844922,-20.754440980041977,3.085282092954907,1.2989940192062335,77.34096902704943
CCCma,CanESM5-CanOE,r1i1p2f1,gn,ssp585,2059-07,2059,7,190.31515426730522,323.3269582244887,-23.48778920749554,-348.9895628939634,0.19578857810549238,-9.591993546709359,131.7685554217311,224.2551920881,294.89674293371723,-102.79903416576022,-321.87172155748266,-1.1109446312367832,-9.39464386725119,83.97559080008637,-33.94003782079477,28.430215290771457,79.31124495826468,-27.11784133648075,1.3067332093422757,-0.19734967945816884,47.79296462164473
CCCma,CanESM5-CanOE,r1i1p2f1,gn,ssp585,2059-08,2059,8,113.15577888020853,330.16772528548967,-13.654630201108475,-352.1444927992086,-1.3438831480283768,-13.033250867871985,63.147247149480734,138.04127284497537,293.51802779646516,-52.18284747390068,-320.37372679006006,-2.5062649386197706,-10.800937684864726,45.69552375399525,-24.885493964766837,36.649697489024504,38.528217272792205,-31.77076600914853,1.1623817905913938,-2.2323131830072587,17.45172339548548
CCCma,CanESM5-CanOE,r1i1p2f1,gn,ssp585,2059-09,2059,9,44.86152397799204,323.21019861968006,-5.6628797261109565,-346.34138138787563,-7.116977580708911,-20.921829876306855,-11.971345973330246,63.18456348645751,266.70302478658806,-23.013406979202472,-300.93944393720716,-7.82200411290642,-15.449381194229838,-17.336647950500325,-18.32303950846547,56.507173833092,17.350527253091514,-45.40193745066847,0.7050265321975093,-5.472448682077017,5.365301977170079
CCCma,CanESM5-CanOE,r1i1p2f1,gn,ssp585,2059-10,2059,10,12.352298127950194,302.00868897598014,-1.6571982938872885,-335.9601200512626,-21.850108007539397,-33.52027729787393,-78.6267165466329,17.249578700676455,229.42952623657507,-6.05648776625267,-269.26043068333587,-15.60508683741619,-19.265371335151645,-63.508271684904834,-4.897280572726261,72.57916273940506,4.399289472365382,-66.69968936792674,-6.2450211701232075,-14.254905962722287,-15.118444861728072
CCCma,CanESM5-CanOE,r1i1p2f1,gn,ssp585,2059-11,2059,11,1.9785205703001842,286.65588707102205,-0.32640491679540856,-327.16933890124733,-28.318768663008232,-37.37999160525348,-104.56009644498221,2.515336833744441,201.51629179882505,-0.852789140129987,-242.618099337239,-18.104257216232263,-18.594844834341938,-76.1383618953737,-0.5368162634442568,85.139595272197,0.5263842233345783,-84.55123956400834,-10.214511446775969,-18.785146770911542,-28.4217345496085
CCCma,CanESM5-CanOE,r1i1p2f1,gn,ssp585,2059-12,2059,12,0.38107554824363216,269.33070907914356,-0.06757484278663839,-316.6668182321966,-36.2982980434109,-38.52383017638484,-121.8447366673918,0.5047198763123734,185.0172678795254,-0.21808210897323796,-226.00776044781924,-16.448539416236862,-17.091682477943937,-74.2440766951355,-0.1236443280687412,84.31344119961815,0.15050726618659957,-90.65905778437735,-19.84975862717404,-21.432147698440904,-47.600659972256295
CCCma,CanESM5-CanOE,r1i1p2f1,gn,ssp585,2060-01,2060,1,1.094148548612563,249.71770362180175,-0.27715142341305465,-301.4568916626013,-36.82747565348418,-37.43392298280805,-125.18358955189228,1.3942172339713994,176.9672228764132,-0.7437200236333381,-217.63140127830133,-15.69624865399158,-16.575668975850103,-72.28559882139174,-0.30006868535883635,72.75048074538856,0.46656860022028346,-83.8254903843,-21.131226999492597,-20.858254006957946,-52.89799073050054
CCCma,CanESM5-CanOE,r1i1p2f1,gn,ssp585,2060-02,2060,2,8.70897081197213,237.938893108106,-3.2472149899546023,-289.7808484325809,-31.9197471054852,-35.940625343901665,-114.24057195184426,10.435125305198977,175.60313356881824,-6.187284967981398,-216.1570761380548,-13.895837664682768,-15.661279088587179,-65.86321898528892,-1.726154493226847,62.33575953928775,2.940069978026796,-73.6237722945261,-18.023909440802434,-20.279346255314486,-48.377352966555335
CCCma,CanESM5-CanOE,r1i1p2f1,gn,ssp585,2060-03,2060,3,42.647189169489316,243.89834851634367,-20.204191029004566,-288.6639731073657,-15.869860835453284,-25.626835580001035,-63.81932286599157,53.61840029548194,181.90905131575357,-34.67089409376744,-224.510982804252,-11.546834976313114,-14.228565682492963,-49.42982594558999,-10.971211125992625,61.9892972005901,14.466703064762871,-64.15299030311368,-4.32302585914017,-11.398269897508072,-14.389496920401584
CCCma,CanESM5-CanOE,r1i1p2f1,gn,ssp585,2060-04,2060,4,118.98557132937724,263.48232589371855,-57.54429083039833,-303.0192817304596,-10.745905519413837,-18.746950309173226,-7.588531166349208,150.89498619069317,203.6208955771701,-100.99704863032414,-251.65180393294378,-7.9311997876661655,-12.748308979152664,-18.812479562223483,-31.909414861315938,59.86143031654845,43.45275779992581,-51.367477797515846,-2.8147057317476714,-5.998641330020561,11.223948395874276
CCCma,CanESM5-CanOE,r1i1p2f1,gn,ssp585,2060-05,2060,5,195.1534151848009,286.25964529636934,-85.88783158203206,-319.0527546980338,-3.2892172768964723,-13.062899985738609,60.1203569384693,248.79743010993508,243.09734417111952,-164.04568966482177,-289.5335198494272,-5.887403499858661,-12.858119228604854,19.570042038342113,-53.64401492513417,43.162301125249826,78.1578580827897,-29.51923484860663,2.598186222962189,-0.20478075713375432,40.55031490012719
CCCma,CanESM5-CanOE,r1i1p2f1,gn,ssp585,2060-06,2060,6,229.22128167940795,303.4329689186973,-52.69095911209201,-333.703760932959,-0.7104173330946786,-10.971407556179962,134.57770566377957,270.8609183255667,281.3191905962504,-161.1879435915762,-314.1864221932955,-4.112286789613121,-11.594284946025898,61.09917140130626,-41.63963664615872,22.113778322446933,108.49698447948418,-19.5173387396635,3.401869456518442,0.6228773898459359,73.47853426247332
CCCma,CanESM5-CanOE,r1i1p2f1,gn,ssp585,2060-07,2060,7,205.16151864884807,320.77898584202507,-26.37618584639943,-349.80662549904923,0.08333393190586824,-9.507086317730753,140.3339407595995,224.2551920881,294.89674293371723,-102.79903416576022,-321.87172155748266,-1.1109446312367832,-9.39464386725119,83.97559080008637,-19.093673439251916,25.88224290830783,76.42284831936078,-27.934903941566574,1.1942785631426514,-0.1124424504795627,56.358349959513134
CCCma,CanESM5-CanOE,r1i1p2f1,gn,ssp585,2060-08,2060,8,112.89692753437484,331.8556896353855,-13.744530652715776,-353.26371184278,-0.18503687665024482,-11.42849983288415,66.13083796473018,138.04127284497537,293.51802779646516,-52.18284747390068,-320.37372679006006,-2.5062649386197706,-10.800937684864726,45.69552375399525,-25.144345310600528,38.337661838920326,38.438316821184905,-32.889985052719965,2.321228061969526,-0.6275621480194236,20.435314210734923
CCCma,CanESM5-CanOE,r1i1p2f1,gn,ssp585,2060-09,2060,9,45.868928982280096,321.7848674495993,-5.878842486733631,-346.52105019990796,-7.511584699792637,-22.337157723637233,-14.594838678192035,63.18456348645751,266.70302478658806,-23.013406979202472,-300.93944393720716,-7.82200411290642,-15.449381194229838,-17.336647950500325,-17.315634504177417,55.08184266301123,17.13456449246884,-45.5816062627008,0.31041941311378274,-6.887776529407395,2.7418092723082896
CCCma,CanESM5-CanOE,r1i1p2f1,gn,ssp585,2060-10,2060,10,12.949078019348182,303.59653910208203,-1.8522004443652151,-336.3936140965277,-19.360915947692575,-32.691956512064486,-73.75306987921977,17.249578700676455,229.42952623657507,-6.05648776625267,-269.26043068333587,-15.60508683741619,-19.265371335151645,-63.508271684904834,-4.300500681328273,74.16701286550696,4.204287321887454,-67.13318341319183,-3.7558291102763857,-13.426585176912841,-10.244798194314932
CCCma,CanESM5-CanOE,r1i1p2f1,gn,ssp585,2060-11,2060,11,1.784785697647872,289.4503088419729,-0.2793689383495199,-328.23104708150646,-25.614498213119827,-34.33230587971234,-97.22212557306739,2.515336833744441,201.51629179882505,-0.852789140129987,-242.618099337239,-18.104257216232263,-18.594844834341938,-76.1383618953737,-0.7305511360965691,87.93401704314786,0.573420201780467,-85.61294774426747,-7.510240996887564,-15.737461045370399,-21.083763677693682
CCCma,CanESM5-CanOE,r1i1p2f1,gn,ssp585,2060-12,2060,12,0.381509373996571,276.64601887583217,-0.06519531675749804,-319.8444185121958,-28.350980171796614,-34.16143158414624,-105.39449733506743,0.5047198763123734,185.0172678795254,-0.21808210897323796,-226.00776044781924,-16.448539416236862,-17.091682477943937,-74.2440766951355,-0.12321050231580238,91.62875099630676,0.15288679221573992,-93.83665806437654,-11.902440755559752,-17.069749106202305,-31.150420639931923
CCCma,CanESM5-CanOE,r1i1p2f1,gn,ssp585,2061-01,2061,1,1.1383932038773648,263.3236192996918,-0.28462043597451475,-308.9039255198132,-33.01064744274084,-37.35198947521343,-115.08917037017278,1.3942172339713994,176.9672228764132,-0.7437200236333381,-217.63140127830133,-15.69624865399158,-16.575668975850103,-72.28559882139174,-0.25582403009403465,86.35639642327862,0.45909958765882336,-91.27252424151186,-17.31439878874926,-20.776320499363326,-42.803571548781036
CCCma,CanESM5-CanOE,r1i1p2f1,gn,ssp585,2061-02,2061,2,8.11959328128923,251.95622483366031,-2.9765805189058625,-299.2933103058046,-25.907976392514435,-32.50691710176476,-100.60896620404012,10.435125305198977,175.60313356881824,-6.187284967981398,-216.1570761380548,-13.895837664682768,-15.661279088587179,-65.86321898528892,-2.3155320239097463,76.35309126484208,3.2107044490755356,-83.13623416774979,-12.012138727831667,-16.845638013177584,-34.74574721875119
CCCma,CanESM5-CanOE,r1i1p2f1,gn,ssp585,2061-03,2061,3,44.69219579727183,241.44670262218014,-19.80614056303712,-291.76972322319085,-24.40188832501755,-31.14552266884236,-80.98437636063592,53.61840029548194,181.90905131575357,-34.67089409376744,-224.510982804252,-11.546834976313114,-14.228565682492963,-49.42982594558999,-8.926204498210112,59.53765130642657,14.864753530730319,-67.25874041893886,-12.855053348704434,-16.916956986349398,-31.55455041504593
CCCma,CanESM5-CanOE,r1i1p2f1,gn,ssp585,2061-04,2061,4,122.83314235078473,256.57274037144657,-58.02330182886031,-302.0640126962089,-11.30217232210271,-20.62824534386226,-12.61184946880292,150.89498619069317,203.6208955771701,-100.99704863032414,-251.65180393294378,-7.9311997876661655,-12.748308979152664,-18.812479562223483,-28.061843839908448,52.95184479427647,42.97374680146383,-50.41220876326514,-3.370972534436544,-7.879936364709597,6.200630093420564
CCCma,CanESM5-CanOE,r1i1p2f1,gn,ssp585,2061-05,2061,5,191.14710742294983,287.3589487016062,-68.67325680510442,-322.1524425559176,-7.497859413852977,-17.02869867841191,63.153798671269115,248.79743010993508,243.09734417111952,-164.04568966482177,-289.5335198494272,-5.887403499858661,-12.858119228604854,19.570042038342113,-57.65032268698525,44.26160453048669,95.37243285971735,-32.61892270649042,-1.6104559139943158,-4.170579449807056,43.583756632927006
CCCma,CanESM5-CanOE,r1i1p2f1,gn,ssp585,2061-06,2061,6,207.4077811875019,308.8967264158869,-36.88028635198947,-334.9865855204562,-0.10075296668546639,-10.140924544835118,134.19595821942264,270.8609183255667,281.3191905962504,-161.1879435915762,-314.1864221932955,-4.112286789613121,-11.594284946025898,61.09917140130626,-63.45313713806476,27.577535819636523,124.30765723958672,-20.800163327160647,4.011533822927654,1.4533604011907801,73.09678681811639
CCCma,CanESM5-CanOE,r1i1p2f1,gn,ssp585,2061-07,2061,7,194.24355646125147,321.44640485628935,-24.27941478342915,-348.9875865423482,-0.37742261641996677,-10.534259655819316,131.51127771952414,224.2551920881,294.89674293371723,-102.79903416576022,-321.87172155748266,-1.1109446312367832,-9.39464386725119,83.97559080008637,-30.011635626848516,26.549661922572113,78.51961938233107,-27.11586498486554,0.7335220148168164,-1.1396157885681255,47.53568691943778
CCCma,CanESM5-CanOE,r1i1p2f1,gn,ssp585,2061-08,2061,8,116.48088558318175,329.2150166205158,-14.314532561977565,-353.54956589354765,-0.8939160908541799,-12.26967635013288,64.66821130718532,138.04127284497537,293.51802779646516,-52.18284747390068,-320.37372679006006,-2.5062649386197706,-10.800937684864726,45.69552375399525,-21.560387261793622,35.69698882405066,37.868314911923115,-33.17583910348759,1.6123488477655907,-1.4687386652681536,18.972687553190063
CCCma,CanESM5-CanOE,r1i1p2f1,gn,ssp585,2061-09,2061,9,45.6583740807373,322.1471560715731,-5.749162680962452,-346.5465293651069,-7.211184110648502,-21.685394840775384,-13.386740845182853,63.18456348645751,266.70302478658806,-23.013406979202472,-300.93944393720716,-7.82200411290642,-15.449381194229838,-17.336647950500325,-17.52618940572021,55.44413128498502,17.26424429824002,-45.60708542789973,0.6108200022579178,-6.236013646545546,3.9499071053174717
CCCma,CanESM5-CanOE,r1i1p2f1,gn,ssp585,2061-10,2061,10,12.316632561401937,302.1930544145465,-1.7870163927421137,-336.7736873610688,-19.990520006351012,-32.395654438911826,-76.4371912231253,17.249578700676455,229.42952623657507,-6.05648776625267,-269.26043068333587,-15.60508683741619,-19.265371335151645,-63.508271684904834,-4.932946139274518,72.76352817797144,4.269471373510556,-67.51325667773295,-4.3854331689348225,-13.130283103760181,-12.928919538220462
CCCma,CanESM5-CanOE,r1i1p2f1,gn,ssp585,2061-11,2061,11,1.9300418086628865,285.00249403636866,-0.30611066531814357,-327.4844109767979,-28.27568707240621,-36.95197262717325,-106.08564549666396,2.515336833744441,201.51629179882505,-0.852789140129987,-242.618099337239,-18.104257216232263,-18.594844834341938,-76.1383618953737,-0.5852950250815545,83.48620223754361,0.5466784748118434,-84.86631163955892,-10.171429856173948,-18.35712779283131,-29.947283601290252
CCCma,CanESM5-CanOE,r1i1p2f1,gn,ssp585,2061-12,2061,12,0.3890783842496304,272.558513492732,-0.06948450763270111,-317.46190383515085,-31.876847652185408,-38.137261898784,-114.59790601677133,0.5047198763123734,185.0172678795254,-0.21808210897323796,-226.00776044781924,-16.448539416236862,-17.091682477943937,-74.2440766951355,-0.11564149206274293,87.5412456132066,0.14859760134053684,-91.45414338733161,-15.428308235948546,-21.04557942084006,-40.35382932163583
CCCma,CanESM5-CanOE,r1i1p2f1,gn,ssp585,2062-01,2062,1,1.121255398416744,251.43516062781416,-0.2908870936634805,-304.9495795589602,-34.97555853241972,-37.63368224681107,-125.29329140562356,1.3942172339713994,176.9672228764132,-0.7437200236333381,-217.63140127830133,-15.69624865399158,-16.575668975850103,-72.28559882139174,-0.2729618355546555,74.46793775140097,0.45283292996985763,-87.31817828065886,-19.279309878428137,-21.058013270960966,-53.00769258423182
CCCma,CanESM5-CanOE,r1i1p2f1,gn,ssp585,2062-02,2062,2,8.68422105331204,250.3975372206874,-3.4214850149488716,-295.944604330425,-23.762998580729047,-29.00435896712972,-93.05168861923319,10.435125305198977,175.60313356881824,-6.187284967981398,-216.1570761380548,-13.895837664682768,-15.661279088587179,-65.86321898528892,-1.7509042518869364,74.79440365186917,2.7657999530325266,-79.78752819237022,-9.867160916046279,-13.34307987854254,-27.188469633944266
CCCma,CanESM5-CanOE,r1i1p2f1,gn,ssp585,2062-03,2062,3,45.57571642167456,242.06795318082013,-20.972656245175358,-289.7073829038458,-20.32336460935179,-26.566038284084126,-69.9257724399624,53.61840029548194,181.90905131575357,-34.67089409376744,-224.510982804252,-11.546834976313114,-14.228565682492963,-49.42982594558999,-8.042683873807384,60.158901865066554,13.698237848592079,-65.19640009959383,-8.776529633038674,-12.337472601591163,-20.49594649437241
CCCma,CanESM5-CanOE,r1i1p2f1,gn,ssp585,2062-04,2062,4,122.34583120181748,259.03753937384556,-58.765252124985395,-302.2347552866099,-11.722799643692001,-20.83075691866798,-12.170193398292279,150.89498619069317,203.6208955771701,-100.99704863032414,-251.65180393294378,-7.9311997876661655,-12.748308979152664,-18.812479562223483,-28.5491549888757,55.41664379667546,42.23179650533875,-50.58295135366615,-3.7915998560258357,-8.082447939515315,6.642286163931205
CCCma,CanESM5-CanOE,r1i1p2f1,gn,ssp585,2062-05,2062,5,197.22684684362227,284.260731672982,-79.56489853067266,-320.38461057122885,-4.6231144300570595,-14.581820243521278,62.33313474112437,248.79743010993508,243.09734417111952,-164.04568966482177,-289.5335198494272,-5.887403499858661,-12.858119228604854,19.570042038342113,-51.57058326631281,41.16338750186247,84.4807911341491,-30.851090721801654,1.2642890698016016,-1.7237010149164238,42.76309270278226
CCCma,CanESM5-CanOE,r1i1p2f1,gn,ssp585,2062-06,2062,6,222.53284376389178,306.3340323319114,-43.52839461435378,-334.6068790090324,-0.032372275479872314,-9.993205313026685,140.7060248839104,270.8609183255667,281.3191905962504,-161.1879435915762,-314.1864221932955,-4.112286789613121,-11.594284946025898,61.09917140130626,-48.328074561674896,25.01484173566098,117.65954897722241,-20.420456815736884,4.0799145141332485,1.6010796329992125,79.60685348260415
CCCma,CanESM5-CanOE,r1i1p2f1,gn,ssp585,2062-07,2062,7,189.41068259661523,327.0725151243042,-23.413661568243302,-350.4155673279466,1.2913109425766585,-7.5958792718562504,136.34940049544994,224.2551920881,294.89674293371723,-102.79903416576022,-321.87172155748266,-1.1109446312367832,-9.39464386725119,83.97559080008637,-34.84450949148476,32.17577219058694,79.38537259751692,-28.543845770463918,2.4022555738134415,1.7987645953949398,52.373809695363576
CCCma,CanESM5-CanOE,r1i1p2f1,gn,ssp585,2062-08,2062,8,112.60538801499767,333.3776348092514,-13.806757036763658,-353.8922279537502,0.23111170967428094,-10.443149730100082,68.07199981330942,138.04127284497537,293.51802779646516,-52.18284747390068,-320.37372679006006,-2.5062649386197706,-10.800937684864726,45.69552375399525,-25.435884829977695,39.85960701278623,38.37609043713702,-33.51850116369013,2.7373766482940516,0.3577879547646443,22.376476059314165
CCCma,CanESM5-CanOE,r1i1p2f1,gn,ssp585,2062-09,2062,9,47.023213234326384,319.6540371329006,-5.936415011226301,-346.3570081367657,-8.52255757107782,-24.808840098175136,-18.947570450018013,63.18456348645751,266.70302478658806,-23.013406979202472,-300.93944393720716,-7.82200411290642,-15.449381194229838,-17.336647950500325,-16.16135025213113,52.95101234631255,17.07699196797617,-45.41756419955857,-0.7005534581714006,-9.359458903945297,-1.610922499517688
CCCma,CanESM5-CanOE,r1i1p2f1,gn,ssp585,2062-10,2062,10,12.328673763202469,305.53111030090963,-1.7576717083842466,-336.61866189836996,-17.23794367877204,-31.49985867513119,-69.25435189654534,17.249578700676455,229.42952623657507,-6.05648776625267,-269.26043068333587,-15.60508683741619,-19.265371335151645,-63.508271684904834,-4.920904937473987,76.10158406433456,4.298816057868423,-67.3582312150341,-1.632856841355851,-12.234487339979545,-5.7460802116405105
CCCma,CanESM5-CanOE,r1i1p2f1,gn,ssp585,2062-11,2062,11,1.838717455159972,285.38508084800003,-0.28702914901184395,-327.4015356663726,-29.9733351923012,-38.271581870780054,-108.7096835753057,2.515336833744441,201.51629179882505,-0.852789140129987,-242.618099337239,-18.104257216232263,-18.594844834341938,-76.1383618953737,-0.676619378584469,83.86878904917498,0.565759991118143,-84.7834363291336,-11.869077976068937,-19.676737036438116,-32.571321679932
CCCma,CanESM5-CanOE,r1i1p2f1,gn,ssp585,2062-12,2062,12,0.3884732592834261,266.9087500955509,-0.06755356561128784,-316.6879250473467,-35.265240430794954,-38.621691811705816,-123.34518750062442,0.5047198763123734,185.0172678795254,-0.21808210897323796,-226.00776044781924,-16.448539416236862,-17.091682477943937,-74.2440766951355,-0.11624661702894729,81.89148221602548,0.15052854336195012,-90.68016459952747,-18.81670101455809,-21.53000933376188,-49.101110805488915
CCCma,CanESM5-CanOE,r1i1p2f1,gn,ssp585,2063-01,2063,1,1.144261138754808,243.91914157182757,-0.30294096020716904,-302.84775335689324,-37.88534554748099,-40.74238664145139,-136.7150237954504,1.3942172339713994,176.9672228764132,-0.7437200236333381,-217.63140127830133,-15.69624865399158,-16.575668975850103,-72.28559882139174,-0.24995609521659135,66.95191869541438,0.44077906342616907,-85.21635207859191,-22.189096893489406,-24.166717665601286,-64.42942497405866
CCCma,CanESM5-CanOE,r1i1p2f1,gn,ssp585,2063-02,2063,2,9.127655077706022,242.9253432039878,-3.7239446042806685,-291.57715342296353,-25.885292233175814,-31.73576998195758,-100.86916196068378,10.435125305198977,175.60313356881824,-6.187284967981398,-216.1570761380548,-13.895837664682768,-15.661279088587179,-65.86321898528892,-1.3074702274929546,67.32220963516957,2.4633403637007296,-75.42007728490873,-11.989454568493047,-16.074490893370402,-35.00594297539486
CCCma,CanESM5-CanOE,r1i1p2f1,gn,ssp585,2063-03,2063,3,44.155749163107586,244.76822661241465,-21.163102436523857,-289.10901270129256,-17.735620019989394,-25.805822255052927,-64.88958163733648,53.61840029548194,181.90905131575357,-34.67089409376744,-224.510982804252,-11.546834976313114,-14.228565682492963,-49.42982594558999,-9.462651132374354,62.85917529666108,13.50779165724358,-64.59802989704056,-6.18878504367628,-11.577256572559964,-15.459755691746487
CCCma,CanESM5-CanOE,r1i1p2f1,gn,ssp585,2063-04,2063,4,125.12714867868459,257.069950686482,-59.81402819814989,-302.0499650349239,-13.316877254675976,-22.971732862309032,-15.955503984892228,150.89498619069317,203.6208955771701,-100.99704863032414,-251.65180393294378,-7.9311997876661655,-12.748308979152664,-18.812479562223483,-25.767837512008583,53.4490551093119,41.18302043217425,-50.39816110198012,-5.385677467009811,-10.223423883156368,2.856975577331255
CCCma,CanESM5-CanOE,r1i1p2f1,gn,ssp585,2063-05,2063,5,197.1425093092832,281.55454186286175,-89.50312355037157,-317.03295393967903,-5.0411367077950064,-15.027810299028328,52.092026675270986,248.79743010993508,243.09734417111952,-164.04568966482177,-289.5335198494272,-5.887403499858661,-12.858119228604854,19.570042038342113,-51.654920800651865,38.45719769174224,74.5425661144502,-27.49943409025184,0.8462667920636546,-2.1696910704234735,32.52198463692888
CCCma,CanESM5-CanOE,r1i1p2f1,gn,ssp585,2063-06,2063,6,218.3584547948335,306.97029921183184,-56.04899194197851,-332.66340059252195,-0.8160490446870416,-10.534103426425952,125.26620900105189,270.8609183255667,281.3191905962504,-161.1879435915762,-314.1864221932955,-4.112286789613121,-11.594284946025898,61.09917140130626,-52.502463530733166,25.65110861558145,105.13895164959769,-18.476978399226425,3.296237744926079,1.0601815195999453,64.16703759974564
CCCma,CanESM5-CanOE,r1i1p2f1,gn,ssp585,2063-07,2063,7,190.2569768048573,321.7452115541227,-23.253917607909234,-346.32514221475327,1.7941290967257497,-9.057975666243564,135.1592819667997,224.2551920881,294.89674293371723,-102.79903416576022,-321.87172155748266,-1.1109446312367832,-9.39464386725119,83.97559080008637,-33.9982152832427,26.84846862040547,79.54511655785099,-24.453420657270613,2.9050737279625327,0.33666820100762607,51.183691166713345
CCCma,CanESM5-CanOE,r1i1p2f1,gn,ssp585,2063-08,2063,8,117.24006254756361,329.4290008113739,-14.4147547449501,-351.63060203536963,1.3592471612530355,-9.509329564510049,72.47362417536075,138.04127284497537,293.51802779646516,-52.18284747390068,-320.37372679006006,-2.5062649386197706,-10.800937684864726,45.69552375399525,-20.801210297411757,35.910973014908734,37.76809272895058,-31.256875245309573,3.865512099872806,1.2916081203546774,26.7781004213655
CCCma,CanESM5-CanOE,r1i1p2f1,gn,ssp585,2063-09,2063,9,45.662279449932804,320.2544326613235,-5.89390272870643,-345.8390167768049,-7.069766652010031,-20.69020027291715,-13.57617431918224,63.18456348645751,266.70302478658806,-23.013406979202472,-300.93944393720716,-7.82200411290642,-15.449381194229838,-17.336647950500325,-17.52228403652471,53.551407874735446,17.119504250496043,-44.89957283959774,0.7522374608963887,-5.240819078687311,3.760473631318085
CCCma,CanESM5-CanOE,r1i1p2f1,gn,ssp585,2063-10,2063,10,12.117823921217258,302.55365539001394,-1.6631301017908091,-335.66567083106537,-20.530890587466196,-32.255992122118975,-75.4442043312101,17.249578700676455,229.42952623657507,-6.05648776625267,-269.26043068333587,-15.60508683741619,-19.265371335151645,-63.508271684904834,-5.131754779459197,73.12412915343887,4.393357664461861,-66.4052401477295,-4.925803750050006,-12.99062078696733,-11.935932646305268
CCCma,CanESM5-CanOE,r1i1p2f1,gn,ssp585,2063-11,2063,11,1.962346239821072,280.38664398747846,-0.3249346426939395,-325.6452396475405,-31.277971070919783,-39.619427375503,-114.51858250935774,2.515336833744441,201.51629179882505,-0.852789140129987,-242.618099337239,-18.104257216232263,-18.594844834341938,-76.1383618953737,-0.552990593923369,78.87035218865341,0.5278544974360475,-83.02714031030152,-13.17371385468752,-21.024582541161063,-38.38022061398404
CCCma,CanESM5-CanOE,r1i1p2f1,gn,ssp585,2063-12,2063,12,0.38230372371243726,271.6705533920547,-0.06974551340011541,-315.2518750847532,-28.54582370350179,-35.0961121664763,-106.91069935236422,0.5047198763123734,185.0172678795254,-0.21808210897323796,-226.00776044781924,-16.448539416236862,-17.091682477943937,-74.2440766951355,-0.1224161525999361,86.65328551252932,0.14833659557312256,-89.24411463693394,-12.097284287264927,-18.004429688532365,-32.666622657228714
CCCma,CanESM5-CanOE,r1i1p2f1,gn,ssp585,2064-01,2064,1,1.0354993598397182,257.142652818046,-0.2754137791715874,-301.44186033000386,-28.45511472155343,-31.615477220490675,-103.60971387333385,1.3942172339713994,176.9672228764132,-0.7437200236333381,-217.63140127830133,-15.69624865399158,-16.575668975850103,-72.28559882139174,-0.3587178741316812,80.17542994163279,0.46830624446175073,-83.81045905170254,-12.758866067561849,-15.039808244640572,-31.3241150519421
CCCma,CanESM5-CanOE,r1i1p2f1,gn,ssp585,2064-02,2064,2,8.555084900576883,240.5144040818058,-3.6217364318277405,-286.93803648101766,-24.08946847774991,-27.98829370742878,-93.56804611564142,10.435125305198977,175.60313356881824,-6.187284967981398,-216.1570761380548,-13.895837664682768,-15.661279088587179,-65.86321898528892,-1.8800404046220933,64.91127051298756,2.5655485361536576,-70.78096034296286,-10.193630813067143,-12.327014618841602,-27.7048271303525
CCCma,CanESM5-CanOE,r1i1p2f1,gn,ssp585,2064-03,2064,3,43.94069525375288,247.82869436808593,-21.595350567823893,-291.1717725104682,-17.931825741596814,-27.532100349447845,-66.46165954749797,53.61840029548194,181.90905131575357,-34.67089409376744,-224.510982804252,-11.546834976313114,-14.228565682492963,-49.42982594558999,-9.677705041729062,65.91964305233236,13.075543525943544,-66.6607897062162,-6.3849907652837,-13.303534666954882,-17.031833601907984
CCCma,CanESM5-CanOE,r1i1p2f1,gn,ssp585,2064-04,2064,4,122.91253370132657,260.93484707215066,-58.248625110080084,-304.6219681493467,-10.92320879986544,-21.784024891424405,-11.730446177239402,150.89498619069317,203.6208955771701,-100.99704863032414,-251.65180393294378,-7.9311997876661655,-12.748308979152664,-18.812479562223483,-27.982452489366608,57.31395149498056,42.74842352024406,-52.97016421640291,-2.992009012199275,-9.03571591227174,7.082033384984081
CCCma,CanESM5-CanOE,r1i1p2f1,gn,ssp585,2064-05,2064,5,193.60660775774693,286.2878471632357,-78.22560719621153,-320.2235332942349,-5.549213177724645,-14.267920636236118,61.62818061657544,248.79743010993508,243.09734417111952,-164.04568966482177,-289.5335198494272,-5.887403499858661,-12.858119228604854,19.570042038342113,-55.19082235218815,43.190502992116194,85.82008246861024,-30.690013444807732,0.33819032213401634,-1.4098014076312637,42.058138578233326
CCCma,CanESM5-CanOE,r1i1p2f1,gn,ssp585,2064-06,2064,6,219.82307978312173,305.7010406423642,-51.496836974747985,-333.1708233973667,-1.0575912706189854,-9.572470226526812,130.22639855622555,270.8609183255667,281.3191905962504,-161.1879435915762,-314.1864221932955,-4.112286789613121,-11.594284946025898,61.09917140130626,-51.037838542444945,24.38185004611381,109.6911066168282,-18.984401204071162,3.0546955189941354,2.021814719499085,69.1272271549193
CCCma,CanESM5-CanOE,r1i1p2f1,gn,ssp585,2064-07,2064,7,187.30724864584937,320.8826370282233,-23.302367683072674,-345.7782760947262,1.326382301937446,-8.522580441662722,131.91304375654852,224.2551920881,294.89674293371723,-102.79903416576022,-321.87172155748266,-1.1109446312367832,-9.39464386725119,83.97559080008637,-36.94794344225062,25.98589409450608,79.49666648268754,-23.90655453724355,2.437326933174229,0.8720634255884683,47.93745295646215
CCCma,CanESM5-CanOE,r1i1p2f1,gn,ssp585,2064-08,2064,8,115.56001081248554,329.6857446613702,-14.019024278980833,-351.4520372552176,-0.7629744934937229,-11.647043569868751,67.36467587629483,138.04127284497537,293.51802779646516,-52.18284747390068,-320.37372679006006,-2.5062649386197706,-10.800937684864726,45.69552375399525,-22.481262032489823,36.16771686490506,38.16382319491984,-31.07831046515753,1.7432904451260476,-0.8461058850040253,21.66915212229957
CCCma,CanESM5-CanOE,r1i1p2f1,gn,ssp585,2064-09,2064,9,47.35951020726763,321.41482012083407,-5.951200054353194,-345.6257498496514,-6.027705320329198,-19.68616354734639,-8.516488443578481,63.18456348645751,266.70302478658806,-23.013406979202472,-300.93944393720716,-7.82200411290642,-15.449381194229838,-17.336647950500325,-15.82505327918988,54.711795334246005,17.062206924849278,-44.686305912444254,1.794298792577222,-4.236782353116551,8.820159506921843
CCCma,CanESM5-CanOE,r1i1p2f1,gn,ssp585,2064-10,2064,10,11.934487847839476,303.2559772365601,-1.6914141245911618,-335.6935891963518,-19.369029983476445,-30.422059792923715,-71.98562801294355,17.249578700676455,229.42952623657507,-6.05648776625267,-269.26043068333587,-15.60508683741619,-19.265371335151645,-63.508271684904834,-5.315090852836979,73.82645099998504,4.365073641661509,-66.43315851301594,-3.763943146060255,-11.15668845777207,-8.477356328038717
CCCma,CanESM5-CanOE,r1i1p2f1,gn,ssp585,2064-11,2064,11,1.8936645139327681,279.8834309956688,-0.29794745543861706,-325.8555469061359,-31.58322815801107,-38.301936143667334,-114.26156315365131,2.515336833744441,201.51629179882505,-0.852789140129987,-242.618099337239,-18.104257216232263,-18.594844834341938,-76.1383618953737,-0.6216723198116729,78.36713919684374,0.55484168469137,-83.2374475688969,-13.478970941778808,-19.707091309325396,-38.123201258277604
CCCma,CanESM5-CanOE,r1i1p2f1,gn,ssp585,2064-12,2064,12,0.3861086547184106,265.89555415294996,-0.06871294816566688,-315.6928137338549,-33.56204903302135,-38.81772220001747,-121.85963510739107,0.5047198763123734,185.0172678795254,-0.21808210897323796,-226.00776044781924,-16.448539416236862,-17.091682477943937,-74.2440766951355,-0.11861122159396276,80.87828627342455,0.14936916080757107,-89.68505328603567,-17.11350961678449,-21.726039722073534,-47.61555841225557
CCCma,CanESM5-CanOE,r1i1p2f1,gn,ssp585,2065-01,2065,1,1.0708271763501072,254.83312172523776,-0.2721517656052821,-303.3218881700821,-31.179808096456586,-35.08771303871061,-113.95761216926672,1.3942172339713994,176.9672228764132,-0.7437200236333381,-217.63140127830133,-15.69624865399158,-16.575668975850103,-72.28559882139174,-0.32339005762129225,77.86589884882457,0.471568258028056,-85.69048689178078,-15.483559442465006,-18.512044062860507,-41.67201334787498
CCCma,CanESM5-CanOE,r1i1p2f1,gn,ssp585,2065-02,2065,2,8.018807345390673,244.1224744310889,-3.246209584475798,-289.1494599609854,-25.777432912049072,-28.593242375972153,-94.62506305700282,10.435125305198977,175.60313356881824,-6.187284967981398,-216.1570761380548,-13.895837664682768,-15.661279088587179,-65.86321898528892,-2.4163179598083033,68.51934086227067,2.9410753835056003,-72.99238382293058,-11.881595247366304,-12.931963287384974,-28.761844071713895
CCCma,CanESM5-CanOE,r1i1p2f1,gn,ssp585,2065-03,2065,3,42.982124388194876,248.9089200780851,-20.619016076001895,-291.051206658072,-14.514281196206818,-21.729723000205443,-56.023182464206215,53.61840029548194,181.90905131575357,-34.67089409376744,-224.510982804252,-11.546834976313114,-14.228565682492963,-49.42982594558999,-10.636275907287065,66.99986876233152,14.051878017765542,-66.54022385381998,-2.967446219893704,-7.5011573177124795,-6.5933565186162255
CCCma,CanESM5-CanOE,r1i1p2f1,gn,ssp585,2065-04,2065,4,121.0354522399196,261.1238290429054,-58.170940763056635,-303.22386549058353,-11.80665683458722,-20.346868810266084,-11.389050615668467,150.89498619069317,203.6208955771701,-100.99704863032414,-251.65180393294378,-7.9311997876661655,-12.748308979152664,-18.812479562223483,-29.85953395077358,57.50293346573531,42.82610786726751,-51.572061557639756,-3.8754570469210536,-7.59855983111342,7.423428946555017
CCCma,CanESM5-CanOE,r1i1p2f1,gn,ssp585,2065-05,2065,5,191.38543509045218,288.92924448646505,-76.06089301737401,-320.99152906244194,-4.789722024502242,-13.979249242058835,64.49328623054018,248.79743010993508,243.09734417111952,-164.04568966482177,-289.5335198494272,-5.887403499858661,-12.858119228604854,19.570042038342113,-57.4119950194829,45.831900315345536,87.98479664744775,-31.458009213014748,1.0976814753564188,-1.1211300134539801,44.92324419219807
CCCma,CanESM5-CanOE,r1i1p2f1,gn,ssp585,2065-06,2065,6,221.49146255671164,307.2372853521927,-40.27301407630235,-335.55945563601017,-0.15486143541967637,-9.622917447109748,143.11849931406238,270.8609183255667,281.3191905962504,-161.1879435915762,-314.1864221932955,-4.112286789613121,-11.594284946025898,61.09917140130626,-49.36945576885503,25.91809475594232,120.91492951527383,-21.373033442714643,3.9574253541934445,1.97136749891615,82.01932791275613
CCCma,CanESM5-CanOE,r1i1p2f1,gn,ssp585,2065-07,2065,7,195.0403729665422,322.9523186800835,-23.39141155099821,-349.20189126360714,1.9114863385971614,-8.193599001709842,139.11727616890772,224.2551920881,294.89674293371723,-102.79903416576022,-321.87172155748266,-1.1109446312367832,-9.39464386725119,83.97559080008637,-29.21481912155778,28.055575746366287,79.407622614762,-27.33016970612448,3.0224309698339447,1.2010448655413484,55.141685368821356
CCCma,CanESM5-CanOE,r1i1p2f1,gn,ssp585,2065-08,2065,8,116.75571906816629,329.41375024786294,-14.593410729802786,-352.6103004067239,0.14984152262608394,-10.48693039997627,68.62866930215235,138.04127284497537,293.51802779646516,-52.18284747390068,-320.37372679006006,-2.5062649386197706,-10.800937684864726,45.69552375399525,-21.28555377680908,35.89572245139777,37.589436744097895,-32.23657361666386,2.6561064612458547,0.3140072848884561,22.933145548157093
CCCma,CanESM5-CanOE,r1i1p2f1,gn,ssp585,2065-09,2065,9,45.24585617512669,324.95723708928796,-5.672217839099454,-347.35818538478264,-5.376236149213018,-19.343444806721944,-7.546990915402432,63.18456348645751,266.70302478658806,-23.013406979202472,-300.93944393720716,-7.82200411290642,-15.449381194229838,-17.336647950500325,-17.938707311330823,58.2542123026999,17.34118914010302,-46.418741447575485,2.4457679636934015,-3.894063612492106,9.789657035097893
CCCma,CanESM5-CanOE,r1i1p2f1,gn,ssp585,2065-10,2065,10,11.81236267336662,307.28583767913665,-1.6291774706895827,-337.9687544587745,-17.138545904809252,-29.67725426741607,-67.31553174918614,17.249578700676455,229.42952623657507,-6.05648776625267,-269.26043068333587,-15.60508683741619,-19.265371335151645,-63.508271684904834,-5.4372160273098356,77.85631144256158,4.427310295563087,-68.70832377543866,-1.5334590673930624,-10.411882932264426,-3.8072600642813015
CCCma,CanESM5-CanOE,r1i1p2f1,gn,ssp585,2065-11,2065,11,1.8103615901884091,288.26256279760406,-0.28363771609062927,-328.102443742148,-29.297116525668873,-35.78036102106558,-103.39063461718067,2.515336833744441,201.51629179882505,-0.852789140129987,-242.618099337239,-18.104257216232263,-18.594844834341938,-76.1383618953737,-0.7049752435560319,86.74627099877901,0.5691514240393577,-85.48434440490902,-11.19285930943661,-17.185516186723643,-27.25227272180696
CCCma,CanESM5-CanOE,r1i1p2f1,gn,ssp585,2065-12,2065,12,0.3898996025124165,274.8613227590028,-0.0684580237880348,-318.8087777857034,-28.711441565522392,-34.460180893446356,-106.79763590694498,0.5047198763123734,185.0172678795254,-0.21808210897323796,-226.00776044781924,-16.448539416236862,-17.091682477943937,-74.2440766951355,-0.11482027379995685,89.8440548794774,0.14962408518520315,-92.80101733788416,-12.26290214928553,-17.36849841550242,-32.55355921180947
CCCma,CanESM5-CanOE,r1i1p2f1,gn,ssp585,2066-01,2066,1,1.0596751776094493,257.7945172630874,-0.24379072937406443,-307.0611896894821,-34.09094217910391,-36.03324180185889,-118.57497195912207,1.3942172339713994,176.9672228764132,-0.7437200236333381,-217.63140127830133,-15.69624865399158,-16.575668975850103,-72.28559882139174,-0.3345420563619501,80.82729438667423,0.4999292942592737,-89.42978841118077,-18.39469352511233,-19.45757282600879,-46.28937313773032
CCCma,CanESM5-CanOE,r1i1p2f1,gn,ssp585,2066-02,2066,2,7.84560850438568,255.50764462832723,-2.756966894924617,-299.95491745037464,-22.4739215714,-27.98141131980054,-89.81396410378692,10.435125305198977,175.60313356881824,-6.187284967981398,-216.1570761380548,-13.895837664682768,-15.661279088587179,-65.86321898528892,-2.5895168008132963,79.90451105950899,3.4303180730567813,-83.79784131231983,-8.57808390671723,-12.32013223121336,-23.95074511849799
CCCma,CanESM5-CanOE,r1i1p2f1,gn,ssp585,2066-03,2066,3,41.827376010836225,252.51263039054496,-17.782976584059174,-297.89833870259423,-20.900883406976362,-28.591322346812337,-70.83351463906091,53.61840029548194,181.90905131575357,-34.67089409376744,-224.510982804252,-11.546834976313114,-14.228565682492963,-49.42982594558999,-11.791024284645715,70.60357907479138,16.887917509708263,-73.38735589834224,-9.354048430663248,-14.362756664319374,-21.40368869347092
CCCma,CanESM5-CanOE,r1i1p2f1,gn,ssp585,2066-04,2066,4,118.60070342099192,263.42057038754024,-52.07786078254675,-306.34876004503445,-12.563355546998293,-21.637939821774037,-10.606642387821362,150.89498619069317,203.6208955771701,-100.99704863032414,-251.65180393294378,-7.9311997876661655,-12.748308979152664,-18.812479562223483,-32.294282769701255,59.799674810370135,48.919187847777394,-54.696956112090675,-4.632155759332128,-8.889630842621372,8.205837174402122
CCCma,CanESM5-CanOE,r1i1p2f1,gn,ssp585,2066-05,2066,5,181.13774007560608,290.4351388043602,-66.53185050733997,-321.4220963501325,-7.562504190019478,-15.984490409674573,60.071937422799714,248.79743010993508,243.09734417111952,-164.04568966482177,-289.5335198494272,-5.887403499858661,-12.858119228604854,19.570042038342113,-67.659690034329,47.33779463324066,97.5138391574818,-31.888576500705312,-1.675100690160817,-3.126371181069718,40.5018953844576
CCCma,CanESM5-CanOE,r1i1p2f1,gn,ssp585,2066-06,2066,6,211.9522204865184,309.2494097576555,-36.560155523729854,-335.21018841125345,-0.7105338197364086,-10.028429833317643,138.69232265613653,270.8609183255667,281.3191905962504,-161.1879435915762,-314.1864221932955,-4.112286789613121,-11.594284946025898,61.09917140130626,-58.90869783904827,27.93021916140509,124.62778806784632,-21.023766217957927,3.4017529698767124,1.5658551127082543,77.59315125483027
CCCma,CanESM5-CanOE,r1i1p2f1,gn,ssp585,2066-07,2066,7,186.57681415592617,326.20085657293316,-22.419211517647685,-349.54182948783824,1.426656463930466,-8.174059735034616,134.06922645226928,224.2551920881,294.89674293371723,-102.79903416576022,-321.87172155748266,-1.1109446312367832,-9.39464386725119,83.97559080008637,-37.67837793217382,31.304113639215927,80.37982264811254,-27.670107930355584,2.537601095167249,1.2205841322165742,50.09363565218291
CCCma,CanESM5-CanOE,r1i1p2f1,gn,ssp585,2066-08,2066,8,114.55809305388267,330.8008643193989,-13.843565293335768,-353.10451477467353,-0.7940633902853159,-11.7820703899136,65.83474352507335,138.04127284497537,293.51802779646516,-52.18284747390068,-320.37372679006006,-2.5062649386197706,-10.800937684864726,45.69552375399525,-23.483179791092695,37.282836522933735,38.33928218056491,-32.73078798461347,1.7122015483344546,-0.9811327050488732,20.139219771078096
CCCma,CanESM5-CanOE,r1i1p2f1,gn,ssp585,2066-09,2066,9,45.84473452731586,322.89868089824586,-5.829253434892506,-347.279693306587,-7.092420032237489,-21.952074300085158,-13.410025648240438,63.18456348645751,266.70302478658806,-23.013406979202472,-300.93944393720716,-7.82200411290642,-15.449381194229838,-17.336647950500325,-17.339828959141656,56.1956561116578,17.184153544309964,-46.34024936937982,0.7295840806689311,-6.50269310585532,3.9266223022598865
CCCma,CanESM5-CanOE,r1i1p2f1,gn,ssp585,2066-10,2066,10,12.588139350166275,306.6647323216803,-1.7807161997051255,-337.9023615097758,-15.420243161712119,-29.346810936130037,-65.19726013547654,17.249578700676455,229.42952623657507,-6.05648776625267,-269.26043068333587,-15.60508683741619,-19.265371335151645,-63.508271684904834,-4.6614393505101805,77.2352060851052,4.275771566547545,-68.64193082643993,0.18484367570407123,-10.081439600978392,-1.6889884505717063
CCCma,CanESM5-CanOE,r1i1p2f1,gn,ssp585,2066-11,2066,11,1.915533449259613,290.81327359737446,-0.30786516019503574,-330.35826283539876,-26.002588549964113,-34.950395887614704,-98.89030538653854,2.515336833744441,201.51629179882505,-0.852789140129987,-242.618099337239,-18.104257216232263,-18.594844834341938,-76.1383618953737,-0.5998033844848281,89.29698179854941,0.5449239799349512,-87.74016349815977,-7.89833133373185,-16.355551053272766,-22.751943491164837
CCCma,CanESM5-CanOE,r1i1p2f1,gn,ssp585,2066-12,2066,12,0.38011891871240144,278.34063974967495,-0.06403545715100918,-321.4527451609008,-29.16882130927543,-35.30286864759106,-107.26771190653096,0.5047198763123734,185.0172678795254,-0.21808210897323796,-226.00776044781924,-16.448539416236862,-17.091682477943937,-74.2440766951355,-0.12460095759997192,93.32337187014954,0.15404665182222876,-95.44498471308157,-12.720281893038567,-18.211186169647124,-33.02363521139546
CCCma,CanESM5-CanOE,r1i1p2f1,gn,ssp585,2067-01,2067,1,1.0443099203105695,271.08444005424474,-0.25591690115842036,-312.9151326217547,-27.488901007485417,-33.29739620877632,-101.82859676461953,1.3942172339713994,176.9672228764132,-0.7437200236333381,-217.63140127830133,-15.69624865399158,-16.575668975850103,-72.28559882139174,-0.34990731366082994,94.11721717783155,0.48780312247491775,-95.28373134345338,-11.792652353493837,-16.721727232926217,-29.54299794322779
CCCma,CanESM5-CanOE,r1i1p2f1,gn,ssp585,2067-02,2067,2,8.319329775367237,253.681744065644,-2.6702143613482563,-303.80109053820314,-29.233203394217398,-33.3516718913901,-107.05510634414765,10.435125305198977,175.60313356881824,-6.187284967981398,-216.1570761380548,-13.895837664682768,-15.661279088587179,-65.86321898528892,-2.1157955298317397,78.07861049682577,3.517070606633142,-87.64401440014834,-15.33736572953463,-17.69039280280292,-41.19188735885872
CCCma,CanESM5-CanOE,r1i1p2f1,gn,ssp585,2067-03,2067,3,41.81444532276944,252.2273129393201,-16.15162882148227,-300.5773900804708,-27.20238614157382,-33.99002203771299,-83.87966881915042,53.61840029548194,181.90905131575357,-34.67089409376744,-224.510982804252,-11.546834976313114,-14.228565682492963,-49.42982594558999,-11.803954972712503,70.31826162356651,18.519265272285168,-76.06640727621883,-15.655551165260707,-19.761456355220027,-34.449842873560435
CCCma,CanESM5-CanOE,r1i1p2f1,gn,ssp585,2067-04,2067,4,113.72471579423961,270.57518221383424,-47.090215109897926,-310.72548466744166,-11.634473659763293,-20.63078834683085,-5.781063775859893,150.89498619069317,203.6208955771701,-100.99704863032414,-251.65180393294378,-7.9311997876661655,-12.748308979152664,-18.812479562223483,-37.17027039645356,66.95428663666414,53.90683352042622,-59.073680734497884,-3.703273872097127,-7.882479367678187,13.03141578636359
CCCma,CanESM5-CanOE,r1i1p2f1,gn,ssp585,2067-05,2067,5,180.67395178835937,292.89053367398003,-52.271399618936606,-325.0483686958002,-4.261797484365855,-14.02257995536471,77.96033970787205,248.79743010993508,243.09734417111952,-164.04568966482177,-289.5335198494272,-5.887403499858661,-12.858119228604854,19.570042038342113,-68.1234783215757,49.793189502860514,111.77429004588515,-35.51484884637301,1.6256060154928065,-1.164460726759856,58.39029766952994
CCCma,CanESM5-CanOE,r1i1p2f1,gn,ssp585,2067-06,2067,6,211.07695422612733,309.26026799335403,-29.774466404107056,-338.3556197510053,-0.4062770406099296,-10.38842091492303,141.41243810883614,270.8609183255667,281.3191905962504,-161.1879435915762,-314.1864221932955,-4.112286789613121,-11.594284946025898,61.09917140130626,-59.783964099439345,27.94107739710364,131.41347718746914,-24.169197557709765,3.7060097490031914,1.2058640311028679,80.31326670752989
CCCma,CanESM5-CanOE,r1i1p2f1,gn,ssp585,2067-07,2067,7,195.78942981131448,323.64747170745306,-23.14073821511128,-351.4725660006797,1.0859302981082053,-9.987207596583183,135.92232000450153,224.2551920881,294.89674293371723,-102.79903416576022,-321.87172155748266,-1.1109446312367832,-9.39464386725119,83.97559080008637,-28.46576227678551,28.75072877373583,79.65829595064893,-29.600844443197047,2.1968749293449887,-0.5925637293319923,51.94672920441516
CCCma,CanESM5-CanOE,r1i1p2f1,gn,ssp585,2067-08,2067,8,119.64249586643226,330.43929379184726,-14.70730626285368,-355.99142365033094,-0.3199882291004348,-13.211666891447159,65.85140462454726,138.04127284497537,293.51802779646516,-52.18284747390068,-320.37372679006006,-2.5062649386197706,-10.800937684864726,45.69552375399525,-18.39877697854311,36.9212659953821,37.475541211047,-35.61769686027088,2.186276709519336,-2.410729206582433,20.155880870552004
CCCma,CanESM5-CanOE,r1i1p2f1,gn,ssp585,2067-09,2067,9,46.16402992220682,325.6958354393466,-5.810892708123983,-349.63010902529,-5.960326427930576,-20.809170640982945,-10.350633440774086,63.18456348645751,266.70302478658806,-23.013406979202472,-300.93944393720716,-7.82200411290642,-15.449381194229838,-17.336647950500325,-17.02053356425069,58.99281065275852,17.20251427107849,-48.690665088082824,1.8616776849758443,-5.359789446753107,6.986014509726239
CCCma,CanESM5-CanOE,r1i1p2f1,gn,ssp585,2067-10,2067,10,12.263314099201159,308.57221725993634,-1.7096968647812214,-340.42210418160727,-17.998657692173797,-33.270934928384854,-72.56586230780962,17.249578700676455,229.42952623657507,-6.05648776625267,-269.26043068333587,-15.60508683741619,-19.265371335151645,-63.508271684904834,-4.9862646014752965,79.14269102336127,4.346790901471449,-71.1616734982714,-2.3935708547576073,-14.005563593233209,-9.05759062290479
CCCma,CanESM5-CanOE,r1i1p2f1,gn,ssp585,2067-11,2067,11,1.9949899245890732,292.4873711156793,-0.328792283216761,-332.0600987149176,-29.17424786160177,-38.29321589792196,-105.37399371738977,2.515336833744441,201.51629179882505,-0.852789140129987,-242.618099337239,-18.104257216232263,-18.594844834341938,-76.1383618953737,-0.5203469091553679,90.97107931685426,0.523996856913226,-89.44199937767863,-11.069990645369508,-19.698371063580023,-29.23563182201606
CCCma,CanESM5-CanOE,r1i1p2f1,gn,ssp585,2067-12,2067,12,0.35730760192253797,278.0565132437758,-0.05875303653835639,-322.7163245954308,-32.070577629057944,-36.03527765049932,-112.46711206582813,0.5047198763123734,185.0172678795254,-0.21808210897323796,-226.00776044781924,-16.448539416236862,-17.091682477943937,-74.2440766951355,-0.1474122743898354,93.03924536425038,0.15932907243488156,-96.70856414761158,-15.622038212821082,-18.94359517255538,-38.22303537069263
CCCma,CanESM5-CanOE,r1i1p2f1,gn,ssp585,2068-01,2068,1,1.0137098413885024,269.1617039088611,-0.22959536359340946,-313.9360456827815,-31.133783289620396,-35.15358389637307,-110.27759448211881,1.3942172339713994,176.9672228764132,-0.7437200236333381,-217.63140127830133,-15.69624865399158,-16.575668975850103,-72.28559882139174,-0.380507392582897,92.19448103244792,0.5141246600399286,-96.3046444044802,-15.437534635628817,-18.577914920522968,-37.99199566072707
CCCma,CanESM5-CanOE,r1i1p2f1,gn,ssp585,2068-02,2068,2,7.534467083011263,263.66991767390135,-2.4575388180911215,-307.2143986436201,-26.549855180102565,-30.48020605042242,-95.4976139353236,10.435125305198977,175.60313356881824,-6.187284967981398,-216.1570761380548,-13.895837664682768,-15.661279088587179,-65.86321898528892,-2.9006582221877135,88.06678410508312,3.7297461498902766,-91.05732250556528,-12.654017515419797,-14.818926961835242,-29.634394950034675
CCCma,CanESM5-CanOE,r1i1p2f1,gn,ssp585,2068-03,2068,3,42.37457705073879,250.34390927793416,-16.161881094416113,-301.1730190115643,-25.076751230900257,-29.9462772403097,-79.63944224851741,53.61840029548194,181.90905131575357,-34.67089409376744,-224.510982804252,-11.546834976313114,-14.228565682492963,-49.42982594558999,-11.243823244743147,68.43485796218059,18.509012999351324,-76.6620362073123,-13.529916254587143,-15.717711557816738,-30.209616302927422
CCCma,CanESM5-CanOE,r1i1p2f1,gn,ssp585,2068-04,2068,4,119.0834934315746,261.33172515640786,-46.25822438358546,-307.75399526788465,-16.896925408235127,-25.54193683304428,-16.03586330476706,150.89498619069317,203.6208955771701,-100.99704863032414,-251.65180393294378,-7.9311997876661655,-12.748308979152664,-18.812479562223483,-31.81149275911858,57.71082957923775,54.73882424673869,-56.10219133494087,-8.96572562056896,-12.793627853891614,2.776616257456425
CCCma,CanESM5-CanOE,r1i1p2f1,gn,ssp585,2068-05,2068,5,180.56494463004415,290.98792848614954,-53.098176056767365,-323.8365668880548,-9.865336851511833,-18.736162080041698,66.01663123981803,248.79743010993508,243.09734417111952,-164.04568966482177,-289.5335198494272,-5.887403499858661,-12.858119228604854,19.570042038342113,-68.23248547989093,47.890584315030026,110.94751360805441,-34.3030470386276,-3.9779333516531716,-5.8780428514368435,46.446589201475916
CCCma,CanESM5-CanOE,r1i1p2f1,gn,ssp585,2068-06,2068,6,216.29667087511376,311.58108936181554,-31.61217698425983,-338.54661258700366,0.25909274542533883,-9.35878710603048,148.61927630506074,270.8609183255667,281.3191905962504,-161.1879435915762,-314.1864221932955,-4.112286789613121,-11.594284946025898,61.09917140130626,-54.56424745045291,30.26189876556515,129.57576660731635,-24.360190393708137,4.37137953503846,2.2354978399954177,87.52010490375449
CCCma,CanESM5-CanOE,r1i1p2f1,gn,ssp585,2068-07,2068,7,186.7204126878082,329.3113360865692,-21.70408910981186,-353.8866140674152,0.12530156293271852,-10.054245145122678,130.51210201496036,224.2551920881,294.89674293371723,-102.79903416576022,-321.87172155748266,-1.1109446312367832,-9.39464386725119,83.97559080008637,-37.5347794002918,34.41459315285198,81.09494505594836,-32.014892509932565,1.2362461941695018,-0.6596012778714879,46.536511214874
CCCma,CanESM5-CanOE,r1i1p2f1,gn,ssp585,2068-08,2068,8,115.34350260072338,332.1111539223687,-14.087375964860412,-356.69501839997514,-2.007485334799685,-13.96690066293777,60.69787616051911,138.04127284497537,293.51802779646516,-52.18284747390068,-320.37372679006006,-2.5062649386197706,-10.800937684864726,45.69552375399525,-22.697770244251984,38.59312612590355,38.095471509040266,-36.32129160991508,0.4987796038200858,-3.1659629780730434,15.002352406523855
CCCma,CanESM5-CanOE,r1i1p2f1,gn,ssp585,2068-09,2068,9,45.59951867025236,325.0790876563424,-5.749960680363065,-349.2627979833687,-5.5339220796915916,-21.120145318164987,-10.988219734993663,63.18456348645751,266.70302478658806,-23.013406979202472,-300.93944393720716,-7.82200411290642,-15.449381194229838,-17.336647950500325,-17.585044816205155,58.37606286975432,17.263446298839405,-48.32335404616157,2.2880820332148284,-5.6707641239351485,6.348428215506662
CCCma,CanESM5-CanOE,r1i1p2f1,gn,ssp585,2068-10,2068,10,11.737437080067112,312.42481232254147,-1.6060674632030447,-341.0425922255667,-14.534040731151675,-27.47959366347073,-60.500044680783525,17.249578700676455,229.42952623657507,-6.05648776625267,-269.26043068333587,-15.60508683741619,-19.265371335151645,-63.508271684904834,-5.512141620609343,82.9952860859664,4.450420303049626,-71.78216154223082,1.0710461062645145,-8.214222328319085,3.0082270041213093
CCCma,CanESM5-CanOE,r1i1p2f1,gn,ssp585,2068-11,2068,11,1.8341066065911906,291.3542084912984,-0.2871648708608302,-331.6527715798853,-26.73178113084895,-35.644521694432534,-101.12792417813804,2.515336833744441,201.51629179882505,-0.852789140129987,-242.618099337239,-18.104257216232263,-18.594844834341938,-76.1383618953737,-0.6812302271532504,89.83791669247333,0.5656242692691568,-89.03467224264634,-8.627523914616688,-17.049676860090596,-24.98956228276434
CCCma,CanESM5-CanOE,r1i1p2f1,gn,ssp585,2068-12,2068,12,0.4002526216267404,271.99068157461073,-0.06691655273771964,-322.12326991884754,-38.196542696996616,-42.29889143414677,-130.29468640649117,0.5047198763123734,185.0172678795254,-0.21808210897323796,-226.00776044781924,-16.448539416236862,-17.091682477943937,-74.2440766951355,-0.10446725468563295,86.97341369508533,0.1511655562355183,-96.1155094710283,-21.748003280759754,-25.20720895620283,-56.05060971135566
CCCma,CanESM5-CanOE,r1i1p2f1,gn,ssp585,2069-01,2069,1,1.1068936635360729,270.05119214293876,-0.25390500258191906,-314.21020243076606,-31.096172548896448,-36.552651087549194,-110.95484526331877,1.3942172339713994,176.9672228764132,-0.7437200236333381,-217.63140127830133,-15.69624865399158,-16.575668975850103,-72.28559882139174,-0.2873235704353265,93.08396926652557,0.48981502105141905,-96.57880115246473,-15.399923894904868,-19.97698211169909,-38.66924644192703
CCCma,CanESM5-CanOE,r1i1p2f1,gn,ssp585,2069-02,2069,2,7.777471105832878,255.15089874492443,-2.4782617071674022,-305.3134174939043,-31.402819968496114,-35.306805811069985,-111.5729351298805,10.435125305198977,175.60313356881824,-6.187284967981398,-216.1570761380548,-13.895837664682768,-15.661279088587179,-65.86321898528892,-2.6576541993660987,79.5477651761062,3.709023260813996,-89.15634135584949,-17.506982303813345,-19.645526722482806,-45.70971614459158
CCCma,CanESM5-CanOE,r1i1p2f1,gn,ssp585,2069-03,2069,3,40.99184943029189,255.0398320842816,-15.671774846096312,-301.32668113457544,-23.77517677747566,-29.288252692412037,-74.03020393598592,53.61840029548194,181.90905131575357,-34.67089409376744,-224.510982804252,-11.546834976313114,-14.228565682492963,-49.42982594558999,-12.626550865190048,73.13078076852804,18.999119247671125,-76.81569833032344,-12.228341801162546,-15.059687009919074,-24.600377990395934
CCCma,CanESM5-CanOE,r1i1p2f1,gn,ssp585,2069-04,2069,4,113.8004955030933,266.45352993103177,-44.283828007881034,-309.6552780312923,-14.694427110405606,-24.817570965261297,-13.197078680715158,150.89498619069317,203.6208955771701,-100.99704863032414,-251.65180393294378,-7.9311997876661655,-12.748308979152664,-18.812479562223483,-37.09449068759987,62.832634353861664,56.71322062244311,-58.00347409834853,-6.76322732273944,-12.069261986108632,5.615400881508325
CCCma,CanESM5-CanOE,r1i1p2f1,gn,ssp585,2069-05,2069,5,172.47131956145304,293.89269913733443,-49.59629816202611,-324.4257708933606,-5.042114778915317,-13.751342153743613,73.54849271074184,248.79743010993508,243.09734417111952,-164.04568966482177,-289.5335198494272,-5.887403499858661,-12.858119228604854,19.570042038342113,-76.32611054848203,50.795354966214916,114.44939150279566,-34.89225104393341,0.8452887209433442,-0.8932229251387582,53.97845067239973
CCCma,CanESM5-CanOE,r1i1p2f1,gn,ssp585,2069-06,2069,6,217.5777314589115,307.67590393510625,-31.2322806806779,-337.65626918893435,-1.8236028689659112,-11.693546725357734,142.8479359300818,270.8609183255667,281.3191905962504,-161.1879435915762,-314.1864221932955,-4.112286789613121,-11.594284946025898,61.09917140130626,-53.28318686665517,26.356713338855855,129.9556629108983,-23.469846995638818,2.28868392064721,-0.09926177933183666,81.74876452877555
CCCma,CanESM5-CanOE,r1i1p2f1,gn,ssp585,2069-07,2069,7,192.42026373532488,324.53135429608113,-22.691141678582614,-352.03390968561945,1.1175551020807473,-10.09042280188797,133.2536989673968,224.2551920881,294.89674293371723,-102.79903416576022,-321.87172155748266,-1.1109446312367832,-9.39464386725119,83.97559080008637,-31.83492835277511,29.6346113623639,80.10789248717761,-30.16218812813679,2.2284997333175305,-0.6957789346367793,49.27810816731042
CCCma,CanESM5-CanOE,r1i1p2f1,gn,ssp585,2069-08,2069,8,113.02591959295965,335.07966573324194,-13.694802886211175,-356.80566758508843,-0.0552230034998461,-13.945103120915961,63.604788730486206,138.04127284497537,293.51802779646516,-52.18284747390068,-320.37372679006006,-2.5062649386197706,-10.800937684864726,45.69552375399525,-25.015353252015714,41.561637936776776,38.4880445876895,-36.43194079502837,2.4510419351199246,-3.144165436051235,17.909264976490952
CCCma,CanESM5-CanOE,r1i1p2f1,gn,ssp585,2069-09,2069,9,46.00473844800391,326.1305863579252,-5.917573176723488,-349.9124828925411,-4.073010606057576,-20.041960878694677,-7.80970274808768,63.18456348645751,266.70302478658806,-23.013406979202472,-300.93944393720716,-7.82200411290642,-15.449381194229838,-17.336647950500325,-17.1798250384536,59.42756157133715,17.095833802478985,-48.97303895533395,3.7489935068488442,-4.592579684464839,9.526945202412644
CCCma,CanESM5-CanOE,r1i1p2f1,gn,ssp585,2069-10,2069,10,12.198304814303427,308.85281172802604,-1.675924855991301,-340.5427806118699,-19.181355375876443,-33.46599332007436,-73.81493762148253,17.249578700676455,229.42952623657507,-6.05648776625267,-269.26043068333587,-15.60508683741619,-19.265371335151645,-63.508271684904834,-5.051273886373028,79.42328549145097,4.380562910261369,-71.28234992853402,-3.576268538460253,-14.200621984922716,-10.306665936577694
CCCma,CanESM5-CanOE,r1i1p2f1,gn,ssp585,2069-11,2069,11,1.8431692356717144,293.21257258244646,-0.28121096236301124,-332.2436549554549,-26.6685879401827,-37.11608579858308,-101.25379783846546,2.515336833744441,201.51629179882505,-0.852789140129987,-242.618099337239,-18.104257216232263,-18.594844834341938,-76.1383618953737,-0.6721675980727266,91.6962807836214,0.5715781777669757,-89.62555561821588,-8.564330723950437,-18.52124096424114,-25.115435943091754
CCCma,CanESM5-CanOE,r1i1p2f1,gn,ssp585,2069-12,2069,12,0.37254982815273674,278.15751837207245,-0.06315523531956523,-323.44439511646493,-33.18114488963024,-39.526680144318796,-117.68530718550838,0.5047198763123734,185.0172678795254,-0.21808210897323796,-226.00776044781924,-16.448539416236862,-17.091682477943937,-74.2440766951355,-0.13217004815963662,93.14025049254704,0.15492687365367275,-97.4366346686457,-16.732605473393377,-22.43499766637486,-43.441230490372874
CCCma,CanESM5-CanOE,r1i1p2f1,gn,ssp585,2070-01,2070,1,1.072445829734655,261.36650787957495,-0.2436299077562219,-313.1194649611842,-34.84646156733591,-39.351079841736386,-125.12168256870308,1.3942172339713994,176.9672228764132,-0.7437200236333381,-217.63140127830133,-15.69624865399158,-16.575668975850103,-72.28559882139174,-0.32177140423674433,84.39928500316176,0.5000901158771163,-95.48806368288285,-19.150212913344326,-22.775410865886283,-52.836083747311335
CCCma,CanESM5-CanOE,r1i1p2f1,gn,ssp585,2070-02,2070,2,8.118467220084108,257.0864173159151,-2.672791289489127,-307.6370697927258,-33.193133585683825,-38.6534335161762,-116.95154364807573,10.435125305198977,175.60313356881824,-6.187284967981398,-216.1570761380548,-13.895837664682768,-15.661279088587179,-65.86321898528892,-2.3166580851148684,81.48328374709689,3.514493678492271,-91.479993654671,-19.29729592100106,-22.99215442758902,-51.0883246627868
CCCma,CanESM5-CanOE,r1i1p2f1,gn,ssp585,2070-03,2070,3,40.30097592963525,259.4729184480927,-15.980424743742626,-304.02841769704173,-20.792718389357965,-28.49850028048355,-69.52616673289795,53.61840029548194,181.90905131575357,-34.67089409376744,-224.510982804252,-11.546834976313114,-14.228565682492963,-49.42982594558999,-13.31742436584669,77.56386713233911,18.690469350024813,-79.51743489278974,-9.24588341304485,-14.269934597990588,-20.09634078730796
CCCma,CanESM5-CanOE,r1i1p2f1,gn,ssp585,2070-04,2070,4,112.12695056380171,269.9893033422164,-42.262693341189866,-311.96703417976437,-14.672666716349465,-24.700432226906752,-11.486572558192357,150.89498619069317,203.6208955771701,-100.99704863032414,-251.65180393294378,-7.9311997876661655,-12.748308979152664,-18.812479562223483,-38.76803562689146,66.36840776504627,58.73435528913428,-60.31523024682059,-6.741466928683299,-11.952123247754088,7.3259070040311265
CCCma,CanESM5-CanOE,r1i1p2f1,gn,ssp585,2070-05,2070,5,188.0084624843408,289.1469473268189,-49.76973034584811,-324.6359845518676,-5.933134338658637,-15.59809321197188,81.21846736281353,248.79743010993508,243.09734417111952,-164.04568966482177,-289.5335198494272,-5.887403499858661,-12.858119228604854,19.570042038342113,-60.78896762559427,46.0496031556994,114.27595931897366,-35.102464702440386,-0.04573083879997597,-2.739973983367026,61.64842532447142
CCCma,CanESM5-CanOE,r1i1p2f1,gn,ssp585,2070-06,2070,6,215.90555821548207,310.6028073400576,-32.219306958553844,-339.14534100432184,-0.5862671162197585,-10.968717696915519,143.5887327795288,270.8609183255667,281.3191905962504,-161.1879435915762,-314.1864221932955,-4.112286789613121,-11.594284946025898,61.09917140130626,-54.9553601100846,29.283616743807215,128.96863663302236,-24.958918811026308,3.526019673393362,0.6255672491103788,82.48956137822256
CCCma,CanESM5-CanOE,r1i1p2f1,gn,ssp585,2070-07,2070,7,191.0503308269989,329.88708113783224,-22.641382695637578,-354.6990437445126,0.40315990843349414,-9.429488393730397,134.57065703938412,224.2551920881,294.89674293371723,-102.79903416576022,-321.87172155748266,-1.1109446312367832,-9.39464386725119,83.97559080008637,-33.20486126110109,34.990338204115005,80.15765147012264,-32.82732218702995,1.5141045396702775,-0.03484452647920655,50.59506623929775
CCCma,CanESM5-CanOE,r1i1p2f1,gn,ssp585,2070-08,2070,8,112.41653901366975,337.4826896429034,-13.674105858946227,-358.9105232268334,0.15513872746609766,-11.78435199600296,65.68538630225666,138.04127284497537,293.51802779646516,-52.18284747390068,-320.37372679006006,-2.5062649386197706,-10.800937684864726,45.69552375399525,-25.62473383130562,43.96466184643822,38.50874161495445,-38.53679643677333,2.661403666085868,-0.9834143111382332,19.989862548261407
CCCma,CanESM5-CanOE,r1i1p2f1,gn,ssp585,2070-09,2070,9,45.743448895727134,327.0534710811596,-5.749357179437798,-351.29363275413925,-5.895774517808254,-22.63563429464986,-12.777478769148464,63.18456348645751,266.70302478658806,-23.013406979202472,-300.93944393720716,-7.82200411290642,-15.449381194229838,-17.336647950500325,-17.44111459073038,60.350446294571555,17.264049799764674,-50.354188816932094,1.9262295950981656,-7.186253100420023,4.5591691813518604
CCCma,CanESM5-CanOE,r1i1p2f1,gn,ssp585,2070-10,2070,10,11.859883780384756,308.1791420770707,-1.6126725672428681,-341.5698868394499,-21.456706033688725,-35.10026554855125,-79.70050513147734,17.249578700676455,229.42952623657507,-6.05648776625267,-269.26043068333587,-15.60508683741619,-19.265371335151645,-63.508271684904834,-5.389694920291699,78.74961584049564,4.443815199009801,-72.30945615611404,-5.8516191962725355,-15.834894213399604,-16.19223344657251
CCCma,CanESM5-CanOE,r1i1p2f1,gn,ssp585,2070-11,2070,11,1.935628497598744,292.27710685327224,-0.3109252493498535,-332.20156799173157,-28.952234013588317,-40.34077824341185,-107.59277014721056,2.515336833744441,201.51629179882505,-0.852789140129987,-242.618099337239,-18.104257216232263,-18.594844834341938,-76.1383618953737,-0.5797083361456972,90.76081505444719,0.5418638907801334,-89.58346865449258,-10.847976797356054,-21.74593340906991,-31.454408251836853
CCCma,CanESM5-CanOE,r1i1p2f1,gn,ssp585,2070-12,2070,12,0.38235567914690044,275.22333851121584,-0.06623135983735323,-323.50550671240376,-36.24952512950929,-42.96562436189226,-127.18119337327991,0.5047198763123734,185.0172678795254,-0.21808210897323796,-226.00776044781924,-16.448539416236862,-17.091682477943937,-74.2440766951355,-0.12236419716547292,90.20607063169044,0.15185074913588473,-97.49774626458452,-19.800985713272425,-25.873941883948323,-52.937116678144406
CCCma,CanESM5-CanOE,r1i1p2f1,gn,ssp585,2071-01,2071,1,1.0069267582645252,263.16950076617115,-0.2379994506710571,-314.0046757007532,-34.4143721955105,-39.44961104937654,-123.93023087187562,1.3942172339713994,176.9672228764132,-0.7437200236333381,-217.63140127830133,-15.69624865399158,-16.575668975850103,-72.28559882139174,-0.38729047570687425,86.20227788975797,0.505720572962281,-96.37327442245186,-18.71812354151892,-22.87394207352644,-51.64463205048388
CCCma,CanESM5-CanOE,r1i1p2f1,gn,ssp585,2071-02,2071,2,8.269117236861153,256.57231119611293,-2.8500548646624684,-305.4363606027176,-30.162484196271457,-35.036659023831554,-108.64413025450901,10.435125305198977,175.60313356881824,-6.187284967981398,-216.1570761380548,-13.895837664682768,-15.661279088587179,-65.86321898528892,-2.166008068337824,80.9691776272947,3.3372301033189298,-89.27928446466282,-16.26664653158869,-19.375379935244375,-42.780911269220084
CCCma,CanESM5-CanOE,r1i1p2f1,gn,ssp585,2071-03,2071,3,42.913105500311964,253.0920110875629,-16.578459599816213,-303.9118583483418,-28.271166419440743,-33.9168939309289,-86.67326171065281,53.61840029548194,181.90905131575357,-34.67089409376744,-224.510982804252,-11.546834976313114,-14.228565682492963,-49.42982594558999,-10.705294795169976,71.18295977180932,18.092434493951224,-79.40087554408981,-16.724331443127628,-19.688328248435937,-37.24343576506282
CCCma,CanESM5-CanOE,r1i1p2f1,gn,ssp585,2071-04,2071,4,112.68002773016381,272.94888393184476,-40.69330278924555,-314.0677326667238,-12.77922345245314,-22.680413973476355,-4.591761219890266,150.89498619069317,203.6208955771701,-100.99704863032414,-251.65180393294378,-7.9311997876661655,-12.748308979152664,-18.812479562223483,-38.21495846052936,69.32798835467466,60.303745841078594,-62.41592873378005,-4.848023664786974,-9.93210499432369,14.220718342333218
CCCma,CanESM5-CanOE,r1i1p2f1,gn,ssp585,2071-05,2071,5,174.7650492640293,295.0645685734341,-45.251850917201864,-325.38690467502255,-2.2260434213960014,-11.721243478051042,85.24357534579194,248.79743010993508,243.09734417111952,-164.04568966482177,-289.5335198494272,-5.887403499858661,-12.858119228604854,19.570042038342113,-74.03238084590578,51.96722440231457,118.7938387476199,-35.853384825595356,3.6613600784626597,1.1368757505538127,65.67353330744983
CCCma,CanESM5-CanOE,r1i1p2f1,gn,ssp585,2071-06,2071,6,205.2852963179771,314.59240665405093,-29.629319726050394,-339.3107069746843,0.006116895146918756,-9.158671147198932,141.78512201924136,270.8609183255667,281.3191905962504,-161.1879435915762,-314.1864221932955,-4.112286789613121,-11.594284946025898,61.09917140130626,-65.57562200758957,33.27321605780054,131.5586238655258,-25.12428478138878,4.11840368476004,2.4356137988269655,80.6859506179351
CCCma,CanESM5-CanOE,r1i1p2f1,gn,ssp585,2071-07,2071,7,189.4526205818682,331.19810922577113,-22.49415166728837,-355.02747162341313,1.034517822899792,-8.985549645214832,135.1780746946228,224.2551920881,294.89674293371723,-102.79903416576022,-321.87172155748266,-1.1109446312367832,-9.39464386725119,83.97559080008637,-34.8025715062318,36.3013662920539,80.30488249847184,-33.15575006593048,2.145462454136575,0.4090942220363587,51.20248389453644
CCCma,CanESM5-CanOE,r1i1p2f1,gn,ssp585,2071-08,2071,8,112.95725333467364,335.73201603706826,-13.722983199863359,-358.2158434237855,-1.444103860028153,-12.73862644864314,62.567712439421776,138.04127284497537,293.51802779646516,-52.18284747390068,-320.37372679006006,-2.5062649386197706,-10.800937684864726,45.69552375399525,-25.08401951030173,42.2139882406031,38.45986427403732,-37.842116633725425,1.0621610785916176,-1.9376887637784144,16.872188685426522
CCCma,CanESM5-CanOE,r1i1p2f1,gn,ssp585,2071-09,2071,9,46.255351136999096,326.7387107213773,-5.948604374877818,-351.4049250805749,-5.374684246612398,-23.26607778276705,-13.000229626455836,63.18456348645751,266.70302478658806,-23.013406979202472,-300.93944393720716,-7.82200411290642,-15.449381194229838,-17.336647950500325,-16.929212349458417,60.03568593478923,17.064802604324655,-50.465481143367754,2.4473198662940217,-7.81669658853721,4.336418324044489
CCCma,CanESM5-CanOE,r1i1p2f1,gn,ssp585,2071-10,2071,10,11.70852028703324,315.31163465565254,-1.601910070465024,-342.4775413335179,-12.482720417219749,-25.691394917366125,-55.23341179588297,17.249578700676455,229.42952623657507,-6.05648776625267,-269.26043068333587,-15.60508683741619,-19.265371335151645,-63.508271684904834,-5.541058413643215,85.88210841907747,4.454577695787646,-73.21711065018201,3.1223664201964407,-6.42602358221448,8.274859889021862
CCCma,CanESM5-CanOE,r1i1p2f1,gn,ssp585,2071-11,2071,11,1.824722633107039,296.8819247983155,-0.2841870234666248,-333.6135428424064,-22.84866339796213,-35.86623273641388,-93.9059785688265,2.515336833744441,201.51629179882505,-0.852789140129987,-242.618099337239,-18.104257216232263,-18.594844834341938,-76.1383618953737,-0.6906142006374021,95.36563299949043,0.5686021166633621,-90.9954435051674,-4.744406181729868,-17.27138790207194,-17.767616673452792
CCCma,CanESM5-CanOE,r1i1p2f1,gn,ssp585,2071-12,2071,12,0.39304165563881127,276.23995184308865,-0.06784186829695549,-323.97031764061984,-37.50351949653031,-42.43800002977703,-127.34668553649671,0.5047198763123734,185.0172678795254,-0.21808210897323796,-226.00776044781924,-16.448539416236862,-17.091682477943937,-74.2440766951355,-0.11167822067356209,91.22268396356324,0.15024024067628247,-97.9625571928006,-21.054980080293447,-25.346317551833092,-53.1026088413612
CCCma,CanESM5-CanOE,r1i1p2f1,gn,ssp585,2072-01,2072,1,1.059921495011675,263.0437314432373,-0.2385035304898922,-315.18965496725514,-39.134812326120304,-42.71328389328771,-133.1726017789041,1.3942172339713994,176.9672228764132,-0.7437200236333381,-217.63140127830133,-15.69624865399158,-16.575668975850103,-72.28559882139174,-0.3342957389597243,86.07650856682409,0.505216493143446,-97.55825368895381,-23.438563672128723,-26.137614917437606,-60.88700295751235
CCCma,CanESM5-CanOE,r1i1p2f1,gn,ssp585,2072-02,2072,2,7.910263389143522,259.5520251563149,-2.512002908594772,-306.8669272586727,-29.538640602260084,-33.998772158873365,-105.4540543829425,10.435125305198977,175.60313356881824,-6.187284967981398,-216.1570761380548,-13.895837664682768,-15.661279088587179,-65.86321898528892,-2.524861916055454,83.94889158749669,3.675282059386626,-90.70985112061791,-15.642802937577317,-18.337493070286186,-39.59083539765358
CCCma,CanESM5-CanOE,r1i1p2f1,gn,ssp585,2072-03,2072,3,43.148893543963226,252.7501384286511,-16.15262540118619,-303.3941236201375,-26.041236364864037,-31.659050003557898,-81.34800341713128,53.61840029548194,181.90905131575357,-34.67089409376744,-224.510982804252,-11.546834976313114,-14.228565682492963,-49.42982594558999,-10.469506751518715,70.84108711289753,18.51826869258125,-78.88314081588553,-14.494401388550923,-17.430484321064935,-31.91817747154129
CCCma,CanESM5-CanOE,r1i1p2f1,gn,ssp585,2072-04,2072,4,115.36663420308518,271.35997567705266,-42.03371700465399,-312.8950229421948,-12.224207423731572,-20.12484701040751,-0.5511845008500167,150.89498619069317,203.6208955771701,-100.99704863032414,-251.65180393294378,-7.9311997876661655,-12.748308979152664,-18.812479562223483,-35.52835198760799,67.73908009988256,58.96333162567016,-61.24321900925105,-4.293007636065407,-7.376538031254846,18.261295061373467
CCCma,CanESM5-CanOE,r1i1p2f1,gn,ssp585,2072-05,2072,5,179.31580468849725,291.0856003040803,-47.32393595099703,-324.77444042278097,-5.76745846653954,-15.632057473204947,76.90351267905505,248.79743010993508,243.09734417111952,-164.04568966482177,-289.5335198494272,-5.887403499858661,-12.858119228604854,19.570042038342113,-69.48162542143783,47.98825613296077,116.72175371382474,-35.240920573353776,0.11994503331912121,-2.7739382446000924,57.333470640712946
CCCma,CanESM5-CanOE,r1i1p2f1,gn,ssp585,2072-06,2072,6,211.71866848747553,310.9927940104898,-29.554325958654214,-339.55516707520763,-0.3214703007491324,-9.516605082616332,143.76389408073797,270.8609183255667,281.3191905962504,-161.1879435915762,-314.1864221932955,-4.112286789613121,-11.594284946025898,61.09917140130626,-59.142249838091146,29.67360341423938,131.63361763292198,-25.368744881912107,3.7908164888639884,2.077679863409566,82.66472267943172
CCCma,CanESM5-CanOE,r1i1p2f1,gn,ssp585,2072-07,2072,7,188.0379139063227,328.6356901064718,-21.950404249434328,-353.8347404623076,1.111046441794197,-9.648156258038084,132.3513494848087,224.2551920881,294.89674293371723,-102.79903416576022,-321.87172155748266,-1.1109446312367832,-9.39464386725119,83.97559080008637,-36.21727818177729,33.73894717275459,80.84862991632589,-31.963018904824935,2.2219910730309804,-0.25351239078689325,48.37575868472234
CCCma,CanESM5-CanOE,r1i1p2f1,gn,ssp585,2072-08,2072,8,120.07643382901081,331.92942415174804,-14.697299690105064,-357.2182296502096,-0.8149924530426923,-12.398876206146198,66.87645998125528,138.04127284497537,293.51802779646516,-52.18284747390068,-320.37372679006006,-2.5062649386197706,-10.800937684864726,45.69552375399525,-17.964839015964557,38.411396355282875,37.48554778379562,-36.84450286014953,1.6912724855770782,-1.5979385212814723,21.180936227260027
CCCma,CanESM5-CanOE,r1i1p2f1,gn,ssp585,2072-09,2072,9,45.02267205419204,327.76887722001857,-5.716243220865213,-351.2360332652319,-6.423496995602575,-22.496397882863505,-13.080622090352604,63.18456348645751,266.70302478658806,-23.013406979202472,-300.93944393720716,-7.82200411290642,-15.449381194229838,-17.336647950500325,-18.16189143226547,61.06585243343051,17.29716375833726,-50.296589328024766,1.3985071173038452,-7.047016688633667,4.256025860147721
CCCma,CanESM5-CanOE,r1i1p2f1,gn,ssp585,2072-10,2072,10,12.073097852474556,310.15277228893143,-1.656308401083889,-341.1086475998248,-18.51627834999039,-33.73871351337899,-72.79407772287206,17.249578700676455,229.42952623657507,-6.05648776625267,-269.26043068333587,-15.60508683741619,-19.265371335151645,-63.508271684904834,-5.1764808482019,80.72324605235636,4.400179365168781,-71.84821691648892,-2.9111915125742005,-14.473342178227345,-9.285806037967227
CCCma,CanESM5-CanOE,r1i1p2f1,gn,ssp585,2072-11,2072,11,1.9892312903148686,291.8720634311088,-0.3077655075872116,-332.28074640511426,-29.093893654136604,-38.177237738788996,-105.99834858420337,2.515336833744441,201.51629179882505,-0.852789140129987,-242.618099337239,-18.104257216232263,-18.594844834341938,-76.1383618953737,-0.5261055434295725,90.35577163228376,0.5450236325427753,-89.66264706787527,-10.989636437904341,-19.582392904447058,-29.859986688829665
CCCma,CanESM5-CanOE,r1i1p2f1,gn,ssp585,2072-12,2072,12,0.3817868205216729,276.4522449609084,-0.06366462750337572,-323.5364548193214,-34.96664837848766,-39.898657664554705,-121.63139370843713,0.5047198763123734,185.0172678795254,-0.21808210897323796,-226.00776044781924,-16.448539416236862,-17.091682477943937,-74.2440766951355,-0.12293305579070046,91.43497708138298,0.15441748146986223,-97.52869437150218,-18.5181089622508,-22.806975186610767,-47.387317013301626
CCCma,CanESM5-CanOE,r1i1p2f1,gn,ssp585,2073-01,2073,1,1.0856406578821214,260.84246374232373,-0.23521253871778522,-313.7063612222643,-35.60733237144225,-39.147616225808896,-126.76841795802744,1.3942172339713994,176.9672228764132,-0.7437200236333381,-217.63140127830133,-15.69624865399158,-16.575668975850103,-72.28559882139174,-0.308576576089278,83.87524086591054,0.5085074849155529,-96.074959943963,-19.911083717450666,-22.571947249958793,-54.4828191366357
CCCma,CanESM5-CanOE,r1i1p2f1,gn,ssp585,2073-02,2073,2,8.171527731413295,259.3987564463212,-2.5381611484771716,-307.3405109176433,-29.995979538458645,-35.618100136364575,-107.92246756320921,10.435125305198977,175.60313356881824,-6.187284967981398,-216.1570761380548,-13.895837664682768,-15.661279088587179,-65.86321898528892,-2.263597573785681,83.79562287750298,3.6491238195042266,-91.18343477958851,-16.100141873775875,-19.956821047777396,-42.059248577920286
CCCma,CanESM5-CanOE,r1i1p2f1,gn,ssp585,2073-03,2073,3,40.73589784044956,262.0164606891588,-15.295243158178842,-304.8554154359471,-17.93230592624061,-24.023208076933102,-59.35381406769128,53.61840029548194,181.90905131575357,-34.67089409376744,-224.510982804252,-11.546834976313114,-14.228565682492963,-49.42982594558999,-12.88250245503238,80.10740937340523,19.375650935588595,-80.34443263169513,-6.385470949927495,-9.794642394440139,-9.923988122101292
CCCma,CanESM5-CanOE,r1i1p2f1,gn,ssp585,2073-04,2073,4,114.21437161523845,269.8415621506844,-41.342590135507145,-311.8710028180376,-14.506990014206016,-22.672411053006364,-6.337060254834228,150.89498619069317,203.6208955771701,-100.99704863032414,-251.65180393294378,-7.9311997876661655,-12.748308979152664,-18.812479562223483,-36.680614575454726,66.22066657351431,59.654458494817,-60.21919888509382,-6.5757902265398505,-9.9241020738537,12.475419307389256
CCCma,CanESM5-CanOE,r1i1p2f1,gn,ssp585,2073-05,2073,5,170.07020716537804,295.6189194935945,-43.096033069725785,-325.1577781797299,-5.784562065326565,-14.057414317701282,77.59333902648902,248.79743010993508,243.09734417111952,-164.04568966482177,-289.5335198494272,-5.887403499858661,-12.858119228604854,19.570042038342113,-78.72722294455704,52.52157532247497,120.94965659509597,-35.62425833030272,0.10284143453209627,-1.1992950890964273,58.02329698814691
CCCma,CanESM5-CanOE,r1i1p2f1,gn,ssp585,2073-06,2073,6,215.41023552949724,312.5374487095621,-29.214058862398858,-340.43436863858926,-0.004657978590110425,-8.700610039160052,149.59398872032102,270.8609183255667,281.3191905962504,-161.1879435915762,-314.1864221932955,-4.112286789613121,-11.594284946025898,61.09917140130626,-55.45068279606943,31.21825811331172,131.9738847291773,-26.247946445293735,4.107628811023011,2.8936749068658454,88.49481731901477
CCCma,CanESM5-CanOE,r1i1p2f1,gn,ssp585,2073-07,2073,7,191.3578717675037,329.8375153486844,-22.552763238975906,-355.4756363237674,1.0353640544066136,-8.648096966553819,135.55425464129766,224.2551920881,294.89674293371723,-102.79903416576022,-321.87172155748266,-1.1109446312367832,-9.39464386725119,83.97559080008637,-32.89732032059629,34.94077241496717,80.24627092678432,-33.60391476628473,2.1463086856433966,0.7465469006973713,51.578663841211295
CCCma,CanESM5-CanOE,r1i1p2f1,gn,ssp585,2073-08,2073,8,112.61450466783442,335.53390740303985,-13.66756820044819,-358.11456113296555,-1.4726400106971993,-12.635087945721944,62.25855478104135,138.04127284497537,293.51802779646516,-52.18284747390068,-320.37372679006006,-2.5062649386197706,-10.800937684864726,45.69552375399525,-25.426768177140943,42.015879606574686,38.51527927345249,-37.74083434290549,1.0336249279225713,-1.8341502608572178,16.563031027046094
CCCma,CanESM5-CanOE,r1i1p2f1,gn,ssp585,2073-09,2073,9,46.9403351563891,325.92541110122175,-6.034696267818584,-351.76065733217916,-5.464749308739002,-21.26219496326389,-11.656551614389766,63.18456348645751,266.70302478658806,-23.013406979202472,-300.93944393720716,-7.82200411290642,-15.449381194229838,-17.336647950500325,-16.244228330068417,59.222386314633695,16.97871071138389,-50.821213394972006,2.357254804167418,-5.812813769034053,5.680096336110559
CCCma,CanESM5-CanOE,r1i1p2f1,gn,ssp585,2073-10,2073,10,11.720951464954931,311.44611132116046,-1.5846660679101459,-342.11142289950135,-16.245999421193563,-31.891577619362955,-68.66660322185263,17.249578700676455,229.42952623657507,-6.05648776625267,-269.26043068333587,-15.60508683741619,-19.265371335151645,-63.508271684904834,-5.528627235721524,82.01658508458539,4.471821698342524,-72.85099221616548,-0.6409125837773733,-12.62620628421131,-5.158331536947792
CCCma,CanESM5-CanOE,r1i1p2f1,gn,ssp585,2073-11,2073,11,1.944654286805065,284.13700159743956,-0.3010969705962805,-331.34178364543135,-35.83428703563024,-44.75698800058964,-126.15249976800288,2.515336833744441,201.51629179882505,-0.852789140129987,-242.618099337239,-18.104257216232263,-18.594844834341938,-76.1383618953737,-0.5706825469393761,82.62070979861451,0.5516921695337065,-88.72368430819236,-17.730029819397977,-26.1621431662477,-50.01413787262918
CCCma,CanESM5-CanOE,r1i1p2f1,gn,ssp585,2073-12,2073,12,0.39713371347491466,281.52350587590655,-0.06982217276831355,-323.41516208292694,-32.93223436143043,-39.77093699462106,-114.26751602236533,0.5047198763123734,185.0172678795254,-0.21808210897323796,-226.00776044781924,-16.448539416236862,-17.091682477943937,-74.2440766951355,-0.1075861628374587,96.50623799638115,0.1482599362049244,-97.4074016351077,-16.48369494519357,-22.679254516677123,-40.02343932722982
CCCma,CanESM5-CanOE,r1i1p2f1,gn,ssp585,2074-01,2074,1,0.9936352432411854,268.063779928397,-0.21850029044541464,-314.4743340178945,-33.2222613482114,-36.89384137664924,-115.75152186156237,1.3942172339713994,176.9672228764132,-0.7437200236333381,-217.63140127830133,-15.69624865399158,-16.575668975850103,-72.28559882139174,-0.40058199073021405,91.09655705198384,0.5252197331879235,-96.84293273959315,-17.526012694219816,-20.31817240079914,-43.46592304017062
CCCma,CanESM5-CanOE,r1i1p2f1,gn,ssp585,2074-02,2074,2,8.154190229915814,254.92002345241792,-2.506159009603659,-306.2001934509936,-33.595294186206466,-37.98396200185001,-117.21139496632003,10.435125305198977,175.60313356881824,-6.187284967981398,-216.1570761380548,-13.895837664682768,-15.661279088587179,-65.86321898528892,-2.2809350752831623,79.31688988359969,3.681125958377739,-90.04311731293879,-19.6994565215237,-22.32268291326283,-51.348175981031105
CCCma,CanESM5-CanOE,r1i1p2f1,gn,ssp585,2074-03,2074,3,41.764885848992584,256.292312529621,-14.952064394394739,-304.7761591034024,-24.042124643987435,-30.7666395134666,-76.47978927663762,53.61840029548194,181.90905131575357,-34.67089409376744,-224.510982804252,-11.546834976313114,-14.228565682492963,-49.42982594558999,-11.853514446489356,74.3832612138674,19.718829699372698,-80.2651762991504,-12.49528966767432,-16.538073830973637,-27.04996333104763
CCCma,CanESM5-CanOE,r1i1p2f1,gn,ssp585,2074-04,2074,4,113.34962263682758,269.854304902901,-38.63389635192615,-313.2607589768508,-12.807380537772653,-23.864015952117878,-5.3621242789388965,150.89498619069317,203.6208955771701,-100.99704863032414,-251.65180393294378,-7.9311997876661655,-12.748308979152664,-18.812479562223483,-37.5453635538656,66.23340932573089,62.363152278398,-61.60895504390703,-4.876180750106488,-11.115706972965214,13.450355283284587
CCCma,CanESM5-CanOE,r1i1p2f1,gn,ssp585,2074-05,2074,5,180.72164622232833,292.17216050970234,-43.70049572414393,-325.4922268527983,-4.43508220577094,-13.242590189649347,86.02341175966815,248.79743010993508,243.09734417111952,-164.04568966482177,-289.5335198494272,-5.887403499858661,-12.858119228604854,19.570042038342113,-68.07578388760675,49.07481633858282,120.34519394067783,-35.9587070033711,1.4523212940877208,-0.3844709610444923,66.45336972132604
CCCma,CanESM5-CanOE,r1i1p2f1,gn,ssp585,2074-06,2074,6,214.13107311580342,313.2980770838778,-29.798304135068765,-340.0571179394798,-0.44832448954123955,-10.481546591608618,146.64385704398282,270.8609183255667,281.3191905962504,-161.1879435915762,-314.1864221932955,-4.112286789613121,-11.594284946025898,61.09917140130626,-56.729845209763255,31.978886487627392,131.3896394565074,-25.870695746184253,3.6639623000718813,1.1127383544172798,85.54468564267657
CCCma,CanESM5-CanOE,r1i1p2f1,gn,ssp585,2074-07,2074,7,196.03470832664055,330.881274470829,-23.201544465803533,-356.6031868135219,-0.45505423782340626,-9.338599099597559,137.31759818072308,224.2551920881,294.89674293371723,-102.79903416576022,-321.87172155748266,-1.1109446312367832,-9.39464386725119,83.97559080008637,-28.220483761459434,35.984531537111764,79.59748969995668,-34.73146525603926,0.655890393413377,0.05604476765363131,53.342007380636716
CCCma,CanESM5-CanOE,r1i1p2f1,gn,ssp585,2074-08,2074,8,112.16950146153933,338.7085844781983,-13.649598851183683,-360.4200423294075,-0.37914005360309094,-12.133769587530082,64.29553511801325,138.04127284497537,293.51802779646516,-52.18284747390068,-320.37372679006006,-2.5062649386197706,-10.800937684864726,45.69552375399525,-25.87177138343604,45.19055668173314,38.533248622717,-40.04631553934746,2.1271248850166797,-1.3328319026653563,18.600011364017995
CCCma,CanESM5-CanOE,r1i1p2f1,gn,ssp585,2074-09,2074,9,44.980828324908494,332.9495404369871,-5.6853258239260125,-353.9382961657074,-2.473175865548401,-15.530050468222576,0.3035204384911818,63.18456348645751,266.70302478658806,-23.013406979202472,-300.93944393720716,-7.82200411290642,-15.449381194229838,-17.336647950500325,-18.20373516154902,66.24651565039903,17.328081155276458,-52.998852228500255,5.3488282473580195,-0.08066927399273816,17.640168388991505
CCCma,CanESM5-CanOE,r1i1p2f1,gn,ssp585,2074-10,2074,10,11.927075741979914,313.4352010540754,-1.6276248138860445,-344.48366451467507,-20.081438806022007,-36.93452522808596,-77.76497656661375,17.249578700676455,229.42952623657507,-6.05648776625267,-269.26043068333587,-15.60508683741619,-19.265371335151645,-63.508271684904834,-5.322502958696541,84.0056748175003,4.428862952366625,-75.2232338313392,-4.476351968605817,-17.669153892934315,-14.25670488170892
CCCma,CanESM5-CanOE,r1i1p2f1,gn,ssp585,2074-11,2074,11,1.8111341119456958,296.99355833096024,-0.26946326851108304,-334.4768202739578,-27.21648189899854,-39.1963175873275,-102.35439058588895,2.515336833744441,201.51629179882505,-0.852789140129987,-242.618099337239,-18.104257216232263,-18.594844834341938,-76.1383618953737,-0.7042027217987452,95.47726653213519,0.5833258716189039,-91.85872093671881,-9.112224682766279,-20.60147275298556,-26.216028690515245
CCCma,CanESM5-CanOE,r1i1p2f1,gn,ssp585,2074-12,2074,12,0.3706650201159177,274.63205129511744,-0.06217907854110357,-324.84550196175843,-36.65412547415508,-42.56441151111928,-129.12350171034055,0.5047198763123734,185.0172678795254,-0.21808210897323796,-226.00776044781924,-16.448539416236862,-17.091682477943937,-74.2440766951355,-0.13405485619645569,89.61478341559203,0.15590303043213438,-98.83774151393919,-20.205586057918218,-25.472729033175344,-54.879425015205044
CCCma,CanESM5-CanOE,r1i1p2f1,gn,ssp585,2075-01,2075,1,1.0891238430511163,268.5940592507865,-0.23326249547004588,-315.9729891844625,-31.658179432841543,-37.0626367010187,-115.24388471995519,1.3942172339713994,176.9672228764132,-0.7437200236333381,-217.63140127830133,-15.69624865399158,-16.575668975850103,-72.28559882139174,-0.3050933909202831,91.62683637437328,0.5104575281632923,-98.34158790616118,-15.961930778849963,-20.486967725168594,-42.958285898563446
CCCma,CanESM5-CanOE,r1i1p2f1,gn,ssp585,2075-02,2075,2,8.162810713760061,261.91081566270407,-2.4911669775066607,-308.48292974219714,-28.714216947542987,-33.45272843347951,-103.06741572426219,10.435125305198977,175.60313356881824,-6.187284967981398,-216.1570761380548,-13.895837664682768,-15.661279088587179,-65.86321898528892,-2.2723145914389153,86.30768209388583,3.6961179904747374,-92.32585360414234,-14.818379282860219,-17.791449344892328,-37.204196738973266
CCCma,CanESM5-CanOE,r1i1p2f1,gn,ssp585,2075-03,2075,3,39.88447870224022,263.5380910547475,-14.509045068502255,-307.2814532200808,-20.24906049467822,-28.312118522290632,-66.92910754856413,53.61840029548194,181.90905131575357,-34.67089409376744,-224.510982804252,-11.546834976313114,-14.228565682492963,-49.42982594558999,-13.733921593241718,81.62903973899392,20.161849025265184,-82.77047041582878,-8.702225518365104,-14.083552839797669,-17.499281602974143
CCCma,CanESM5-CanOE,r1i1p2f1,gn,ssp585,2075-04,2075,4,111.35816739163393,271.6056977959774,-37.74121546361898,-313.99793812107106,-14.134316958218474,-24.038454633177537,-6.948059988474736,150.89498619069317,203.6208955771701,-100.99704863032414,-251.65180393294378,-7.9311997876661655,-12.748308979152664,-18.812479562223483,-39.53681879905925,67.98480221880729,63.255833166705166,-62.34613418812728,-6.203117170552308,-11.290145654024872,11.864419573748748
CCCma,CanESM5-CanOE,r1i1p2f1,gn,ssp585,2075-05,2075,5,178.95543506707224,292.5087420828893,-44.47361421277645,-325.96052073298887,-5.473161932496617,-15.584266518850232,79.97261375284936,248.79743010993508,243.09734417111952,-164.04568966482177,-289.5335198494272,-5.887403499858661,-12.858119228604854,19.570042038342113,-69.84199504286283,49.41139791176977,119.57207545204531,-36.427000883561675,0.4142415673620441,-2.726147290245377,60.402571714507246
CCCma,CanESM5-CanOE,r1i1p2f1,gn,ssp585,2075-06,2075,6,214.24282100327193,311.41724292649644,-27.67850095298913,-340.18520850952757,-0.16027126371356581,-10.486966727808255,147.1491164757299,270.8609183255667,281.3191905962504,-161.1879435915762,-314.1864221932955,-4.112286789613121,-11.594284946025898,61.09917140130626,-56.618097322294744,30.09805233024605,133.50944263858705,-25.998786316232042,3.952015525899555,1.1073182182176424,86.04994507442365
CCCma,CanESM5-CanOE,r1i1p2f1,gn,ssp585,2075-07,2075,7,180.43373934809034,330.71772008339974,-20.955585854447673,-353.6928392796034,1.4856599692734247,-8.742896285923116,129.24579798078932,224.2551920881,294.89674293371723,-102.79903416576022,-321.87172155748266,-1.1109446312367832,-9.39464386725119,83.97559080008637,-43.82145274000965,35.820977149682506,81.84344831131254,-31.821117722120732,2.596604600510208,0.651747581328074,45.270207180702954
CCCma,CanESM5-CanOE,r1i1p2f1,gn,ssp585,2075-08,2075,8,113.52428904419511,334.95109414790744,-13.826130926874415,-357.38628265160355,-0.1078092571902697,-11.9717241997926,65.18343615664166,138.04127284497537,293.51802779646516,-52.18284747390068,-320.37372679006006,-2.5062649386197706,-10.800937684864726,45.69552375399525,-24.516983800780253,41.43306635144228,38.35671654702627,-37.01255586154349,2.398455681429501,-1.1707865149278742,19.48791240264641
CCCma,CanESM5-CanOE,r1i1p2f1,gn,ssp585,2075-09,2075,9,45.50118880644001,327.3653094256053,-5.782187273248504,-351.2355952132582,-4.830333384496613,-21.669214746760993,-10.65083238571902,63.18456348645751,266.70302478658806,-23.013406979202472,-300.93944393720716,-7.82200411290642,-15.449381194229838,-17.336647950500325,-17.6833746800175,60.66228463901723,17.23121970595397,-50.296151276051035,2.991670728409807,-6.2198335525311546,6.685815564781304
CCCma,CanESM5-CanOE,r1i1p2f1,gn,ssp585,2075-10,2075,10,11.54360729601374,310.95910507633744,-1.551502545566955,-342.31838343051106,-18.32825044758587,-34.741329181465915,-74.43675323277861,17.249578700676455,229.42952623657507,-6.05648776625267,-269.26043068333587,-15.60508683741619,-19.265371335151645,-63.508271684904834,-5.705971404662716,81.52957883976237,4.504985220685715,-73.0579527471752,-2.7231636101696797,-15.47595784631427,-10.92848154787378
CCCma,CanESM5-CanOE,r1i1p2f1,gn,ssp585,2075-11,2075,11,1.8413930491634523,290.73046166780574,-0.2847086927620894,-332.549464943029,-31.011879725279304,-41.96908498025557,-113.24328362435678,2.515336833744441,201.51629179882505,-0.852789140129987,-242.618099337239,-18.104257216232263,-18.594844834341938,-76.1383618953737,-0.6739437845809888,89.21416986898069,0.5680804473678975,-89.93136560579003,-12.907622509047041,-23.374240145913635,-37.10492172898307
CCCma,CanESM5-CanOE,r1i1p2f1,gn,ssp585,2075-12,2075,12,0.3775791763781699,278.4414746396581,-0.06310022201644301,-324.79902755871876,-35.48398335369437,-42.11320382171499,-123.64026114010828,0.5047198763123734,185.0172678795254,-0.21808210897323796,-226.00776044781924,-16.448539416236862,-17.091682477943937,-74.2440766951355,-0.12714069993420346,93.4242067601327,0.15498188695679493,-98.79126711089953,-19.035443937457508,-25.021521343771052,-49.396184444972775
CCCma,CanESM5-CanOE,r1i1p2f1,gn,ssp585,2076-01,2076,1,0.9777561301007894,272.71495953053443,-0.2125374759120837,-317.0131187620806,-30.903122362206908,-35.521581216192324,-109.9576441557567,1.3942172339713994,176.9672228764132,-0.7437200236333381,-217.63140127830133,-15.69624865399158,-16.575668975850103,-72.28559882139174,-0.41646110387060997,95.74773665412124,0.5311825477212544,-99.38171748377925,-15.206873708215328,-18.94591224034222,-37.67204533436495
CCCma,CanESM5-CanOE,r1i1p2f1,gn,ssp585,2076-02,2076,2,7.993447328797799,256.9793483577443,-2.6629634071138413,-305.8500609093335,-31.731827100704095,-34.89355625241053,-110.16561198301986,10.435125305198977,175.60313356881824,-6.187284967981398,-216.1570761380548,-13.895837664682768,-15.661279088587179,-65.86321898528892,-2.441677976401177,81.37621478892606,3.524321560867557,-89.69298477127867,-17.83598943602133,-19.232277163823348,-44.302392997730934
CCCma,CanESM5-CanOE,r1i1p2f1,gn,ssp585,2076-03,2076,3,42.483601260828856,255.09080861355713,-15.828123664031418,-305.9350755368829,-24.139551297393904,-31.064044817768767,-79.39238544169098,53.61840029548194,181.90905131575357,-34.67089409376744,-224.510982804252,-11.546834976313114,-14.228565682492963,-49.42982594558999,-11.134799034653085,73.18175729780356,18.84277042973602,-81.4240927326309,-12.59271632108079,-16.835479135275804,-29.962559496100987
CCCma,CanESM5-CanOE,r1i1p2f1,gn,ssp585,2076-04,2076,4,108.8383446418464,276.58431267459457,-38.52012329500695,-314.68946195459694,-8.660382776049731,-18.72068932611786,4.831999964669482,150.89498619069317,203.6208955771701,-100.99704863032414,-251.65180393294378,-7.9311997876661655,-12.748308979152664,-18.812479562223483,-42.05664154884677,72.96341709742447,62.4769253353172,-63.03765802165316,-0.7291829883835659,-5.9723803469651955,23.644479526892965
CCCma,CanESM5-CanOE,r1i1p2f1,gn,ssp585,2076-05,2076,5,172.50897820571353,296.72971151182884,-42.525940865590286,-326.5749988330711,-2.3759465290325132,-13.267489625035306,84.4943138648131,248.79743010993508,243.09734417111952,-164.04568966482177,-289.5335198494272,-5.887403499858661,-12.858119228604854,19.570042038342113,-76.28845190422155,53.63236734070932,121.51974879923148,-37.04147898364391,3.511456970826148,-0.40937039643045203,64.92427182647099
CCCma,CanESM5-CanOE,r1i1p2f1,gn,ssp585,2076-06,2076,6,212.37760288370708,316.27774189284423,-27.241713615774714,-342.1767325831431,-0.255363053837983,-9.638998029426126,149.34253749436945,270.8609183255667,281.3191905962504,-161.1879435915762,-314.1864221932955,-4.112286789613121,-11.594284946025898,61.09917140130626,-58.48331544185959,34.95855129659384,133.9462299758015,-27.990310389847593,3.856923735775138,1.9552869165997713,88.2433660930632
CCCma,CanESM5-CanOE,r1i1p2f1,gn,ssp585,2076-07,2076,7,192.1186130131351,332.30361486519666,-22.22863093270791,-357.8640252691735,0.5444611539306166,-8.91865568851877,135.95537714186221,224.2551920881,294.89674293371723,-102.79903416576022,-321.87172155748266,-1.1109446312367832,-9.39464386725119,83.97559080008637,-32.136579074964885,37.40687193147943,80.5704032330523,-35.99230371169085,1.6554057851673998,0.47598817873242005,51.97978634177585
CCCma,CanESM5-CanOE,r1i1p2f1,gn,ssp585,2076-08,2076,8,115.42087051691273,338.924641307851,-14.247328918427934,-361.92036588935406,-0.5600313846956361,-12.6961882669357,64.92159736535041,138.04127284497537,293.51802779646516,-52.18284747390068,-320.37372679006006,-2.5062649386197706,-10.800937684864726,45.69552375399525,-22.62040232806264,45.40661351138584,37.93551855547275,-41.546639099294,1.9462335539241344,-1.8952505820709735,19.226073611355154
CCCma,CanESM5-CanOE,r1i1p2f1,gn,ssp585,2076-09,2076,9,46.59626552608917,330.3272404316921,-5.932882189335605,-354.362511775308,-6.184848369657658,-22.75675840243722,-12.313494778957256,63.18456348645751,266.70302478658806,-23.013406979202472,-300.93944393720716,-7.82200411290642,-15.449381194229838,-17.336647950500325,-16.588297960368344,63.624215645104016,17.080524789866868,-53.42306783810085,1.637155743248762,-7.307377208207383,5.023153171543068
CCCma,CanESM5-CanOE,r1i1p2f1,gn,ssp585,2076-10,2076,10,11.845732971450895,313.5348506791404,-1.62129002732862,-344.1040608317918,-16.490886277390054,-35.318559268045995,-72.15421275396515,17.249578700676455,229.42952623657507,-6.05648776625267,-269.26043068333587,-15.60508683741619,-19.265371335151645,-63.508271684904834,-5.40384572922556,84.10532444256532,4.43519773892405,-74.84363014845593,-0.885799439973864,-16.05318793289435,-8.64594106906032
CCCma,CanESM5-CanOE,r1i1p2f1,gn,ssp585,2076-11,2076,11,1.80290781163588,299.3665448617683,-0.26822876036568416,-335.7427861509446,-22.982347110202515,-35.353073314250764,-93.17698266235936,2.515336833744441,201.51629179882505,-0.852789140129987,-242.618099337239,-18.104257216232263,-18.594844834341938,-76.1383618953737,-0.712429022108561,97.85025306294327,0.5845603797643029,-93.12468681370561,-4.878089893970252,-16.758228479908826,-17.03862076698566
CCCma,CanESM5-CanOE,r1i1p2f1,gn,ssp585,2076-12,2076,12,0.3749052322753685,283.1449245215212,-0.0622167114680353,-327.53388200214266,-30.67379688687831,-37.84269160977258,-112.592757456465,0.5047198763123734,185.0172678795254,-0.21808210897323796,-226.00776044781924,-16.448539416236862,-17.091682477943937,-74.2440766951355,-0.12981464403700488,98.1276566419958,0.15586539750520267,-101.52612155432342,-14.225257470641449,-20.751009131828642,-38.34868076132949
CCCma,CanESM5-CanOE,r1i1p2f1,gn,ssp585,2077-01,2077,1,1.0141497693253319,271.7000998856278,-0.20557402028338262,-319.2818784493393,-34.006343032440476,-40.62786888271449,-121.40741472982447,1.3942172339713994,176.9672228764132,-0.7437200236333381,-217.63140127830133,-15.69624865399158,-16.575668975850103,-72.28559882139174,-0.38006746464606755,94.73287700921463,0.5381460033499554,-101.65047717103795,-18.310094378448895,-24.052199906864384,-49.12181590843272
CCCma,CanESM5-CanOE,r1i1p2f1,gn,ssp585,2077-02,2077,2,7.712164454575896,264.4749351785867,-2.2589764007004427,-311.66122401547506,-28.803833307887583,-36.5402043231431,-107.07713841404359,10.435125305198977,175.60313356881824,-6.187284967981398,-216.1570761380548,-13.895837664682768,-15.661279088587179,-65.86321898528892,-2.722960850623081,88.87180160976845,3.9283085672809555,-95.50414787742025,-14.907995643204815,-20.878925234555922,-41.213919428754664
CCCma,CanESM5-CanOE,r1i1p2f1,gn,ssp585,2077-03,2077,3,41.80746009996219,256.42658175031715,-13.711573753903382,-309.4950778940594,-29.54765495481361,-37.34675442556024,-91.86701917805729,53.61840029548194,181.90905131575357,-34.67089409376744,-224.510982804252,-11.546834976313114,-14.228565682492963,-49.42982594558999,-11.810940195519748,74.51753043456358,20.959320339864057,-84.98409508980743,-18.000819978500495,-23.11818874306728,-42.4371932324673
CCCma,CanESM5-CanOE,r1i1p2f1,gn,ssp585,2077-04,2077,4,109.7227776465875,276.01454292919925,-34.45317855425512,-316.4084259708665,-10.589579113328094,-20.393967953851913,3.892168983485057,150.89498619069317,203.6208955771701,-100.99704863032414,-251.65180393294378,-7.9311997876661655,-12.748308979152664,-18.812479562223483,-41.17220854410567,72.39364735202915,66.54387007606903,-64.75662203792274,-2.6583793256619286,-7.6456589746992485,22.70464854570854
CCCma,CanESM5-CanOE,r1i1p2f1,gn,ssp585,2077-05,2077,5,174.41120967227047,295.911626492841,-39.06068839256572,-327.43439725400594,-4.309898928491514,-13.785674401773267,85.73217718827496,248.79743010993508,243.09734417111952,-164.04568966482177,-289.5335198494272,-5.887403499858661,-12.858119228604854,19.570042038342113,-74.3862204376646,52.814282321721464,124.98500127225604,-37.90087740457875,1.5775045713671467,-0.9275551731684128,66.16213514993285
CCCma,CanESM5-CanOE,r1i1p2f1,gn,ssp585,2077-06,2077,6,213.495901530445,314.39072044866595,-27.387304012697168,-343.02106836199255,0.05295034899840956,-10.669913980622887,146.8612859727968,270.8609183255667,281.3191905962504,-161.1879435915762,-314.1864221932955,-4.112286789613121,-11.594284946025898,61.09917140130626,-57.365016795121676,33.07152985241555,133.80063957887901,-28.83464616869702,4.1652371386115306,0.9243709654030106,85.76211457149054
CCCma,CanESM5-CanOE,r1i1p2f1,gn,ssp585,2077-07,2077,7,192.20304150057837,333.6412041689524,-22.400325743894225,-358.4308537010995,0.7751136275821703,-9.071233532947106,136.7169463191721,224.2551920881,294.89674293371723,-102.79903416576022,-321.87172155748266,-1.1109446312367832,-9.39464386725119,83.97559080008637,-32.05215058752162,38.74446123523518,80.39870842186599,-36.559132143616864,1.8860582588189536,0.32341033430408395,52.741355519085744
CCCma,CanESM5-CanOE,r1i1p2f1,gn,ssp585,2077-08,2077,8,115.38340164567848,339.90166221613725,-13.981614546932544,-362.2779362789276,-0.38186573308063815,-12.684560663891112,65.95908663898385,138.04127284497537,293.51802779646516,-52.18284747390068,-320.37372679006006,-2.5062649386197706,-10.800937684864726,45.69552375399525,-22.657871199296892,46.38363441967209,38.20123292696813,-41.90420948886754,2.1243992055391323,-1.883622979026386,20.263562884988595
CCCma,CanESM5-CanOE,r1i1p2f1,gn,ssp585,2077-09,2077,9,45.36344559912546,331.11652735165546,-5.761925616014057,-354.75007618278124,-5.42171785333913,-22.651398798452888,-12.105145499806438,63.18456348645751,266.70302478658806,-23.013406979202472,-300.93944393720716,-7.82200411290642,-15.449381194229838,-17.336647950500325,-17.82111788733205,64.4135025650674,17.251481363188415,-53.810632245574084,2.40028625956729,-7.20201760422305,5.2315024506938865
CCCma,CanESM5-CanOE,r1i1p2f1,gn,ssp585,2077-10,2077,10,11.62069877179904,314.5100775387882,-1.5773806591152413,-345.27805176097513,-17.891149584257576,-36.87757565891505,-75.49338135267577,17.249578700676455,229.42952623657507,-6.05648776625267,-269.26043068333587,-15.60508683741619,-19.265371335151645,-63.508271684904834,-5.628879928877415,85.08055130221314,4.479107107137429,-76.01762107763926,-2.2860627468413863,-17.612204323763404,-11.985109667770935
CCCma,CanESM5-CanOE,r1i1p2f1,gn,ssp585,2077-11,2077,11,1.8099561356688427,301.5871585420671,-0.2559315822513136,-336.8441998669395,-25.76584295907218,-38.28965861080543,-97.75851834133249,2.515336833744441,201.51629179882505,-0.852789140129987,-242.618099337239,-18.104257216232263,-18.594844834341938,-76.1383618953737,-0.7053806980755983,100.07086674324202,0.5968575578786733,-94.22610052970052,-7.661585742839918,-19.694813776463494,-21.620156445958784
CCCma,CanESM5-CanOE,r1i1p2f1,gn,ssp585,2077-12,2077,12,0.37335830455138924,278.8173041136542,-0.05907270127950018,-328.11161109599783,-36.946273674028255,-44.92882460009438,-130.85511965319435,0.5047198763123734,185.0172678795254,-0.21808210897323796,-226.00776044781924,-16.448539416236862,-17.091682477943937,-74.2440766951355,-0.13136157176098412,93.80003623412878,0.15900940769373778,-102.1038506481786,-20.497734257791393,-27.837142122150443,-56.611042958058846
CCCma,CanESM5-CanOE,r1i1p2f1,gn,ssp585,2078-01,2078,1,0.9852641156250327,279.445301809488,-0.19604106663393542,-321.96792122956884,-27.8224493791148,-35.89978955056331,-105.45563530076784,1.3942172339713994,176.9672228764132,-0.7437200236333381,-217.63140127830133,-15.69624865399158,-16.575668975850103,-72.28559882139174,-0.4089531183463667,102.47807893307481,0.5476789569994027,-104.33651995126752,-12.126200725123221,-19.32412057471321,-33.170036479376094
CCCma,CanESM5-CanOE,r1i1p2f1,gn,ssp585,2078-02,2078,2,7.741399071996628,268.2439006455792,-2.1768702961840054,-315.35122119205806,-30.280619918146947,-35.846895242633344,-107.67030693144656,10.435125305198977,175.60313356881824,-6.187284967981398,-216.1570761380548,-13.895837664682768,-15.661279088587179,-65.86321898528892,-2.693726233202349,92.64076707676094,4.010414671797393,-99.19414505400326,-16.38478225346418,-20.185616154046166,-41.80708794615764
CCCma,CanESM5-CanOE,r1i1p2f1,gn,ssp585,2078-03,2078,3,38.10038790358506,272.94723810107126,-11.694329892503557,-314.3676181658505,-20.121425827785902,-28.52901525689262,-63.66476313837627,53.61840029548194,181.90905131575357,-34.67089409376744,-224.510982804252,-11.546834976313114,-14.228565682492963,-49.42982594558999,-15.518012391896882,91.03818678531769,22.97656420126388,-89.8566353615985,-8.574590851472788,-14.300449574399657,-14.234937192786283
CCCma,CanESM5-CanOE,r1i1p2f1,gn,ssp585,2078-04,2078,4,107.23752765433207,277.2534264173393,-30.486793550086208,-318.6549543686641,-16.608964404794754,-26.34832340739726,-7.608081659270958,150.89498619069317,203.6208955771701,-100.99704863032414,-251.65180393294378,-7.9311997876661655,-12.748308979152664,-18.812479562223483,-43.657458536361105,73.63253084016921,70.51025508023794,-67.00315043572033,-8.677764617128588,-13.600014428244595,11.204397902952525
CCCma,CanESM5-CanOE,r1i1p2f1,gn,ssp585,2078-05,2078,5,173.5413472071486,295.2786512282741,-37.03767161748527,-328.2311482489961,-5.983763643896879,-16.049142195564503,81.51827272947996,248.79743010993508,243.09734417111952,-164.04568966482177,-289.5335198494272,-5.887403499858661,-12.858119228604854,19.570042038342113,-75.25608290278649,52.181307057154584,127.00801804733649,-38.697628399568885,-0.09636014403821758,-3.1910229669596486,61.94823069113785
CCCma,CanESM5-CanOE,r1i1p2f1,gn,ssp585,2078-06,2078,6,209.30112778643024,317.11579102795406,-26.697353229987172,-343.7724314210731,-0.6939814540913936,-10.148219588386231,145.10493312084637,270.8609183255667,281.3191905962504,-161.1879435915762,-314.1864221932955,-4.112286789613121,-11.594284946025898,61.09917140130626,-61.55979053913643,35.796600431703666,134.490590361589,-29.586009227777595,3.418305335521727,1.4460653576396663,84.00576171954012
CCCma,CanESM5-CanOE,r1i1p2f1,gn,ssp585,2078-07,2078,7,184.0462910186364,336.94610129217784,-21.05264068351881,-358.92901086606656,1.5457875376691836,-8.18775328733044,134.3687750115676,224.2551920881,294.89674293371723,-102.79903416576022,-321.87172155748266,-1.1109446312367832,-9.39464386725119,83.97559080008637,-40.20890106946359,42.04935835846061,81.74639348224142,-37.057289308583904,2.656732168905967,1.206890579920751,50.39318421148124
CCCma,CanESM5-CanOE,r1i1p2f1,gn,ssp585,2078-08,2078,8,112.16798609288301,342.1146256677072,-13.639451237511077,-361.76292110489055,0.8210114324022219,-10.969792106086832,68.73145874450391,138.04127284497537,293.51802779646516,-52.18284747390068,-320.37372679006006,-2.5062649386197706,-10.800937684864726,45.69552375399525,-25.873286752092355,48.59659787124201,38.543396236389604,-41.38919431483049,3.3272763710219926,-0.1688544212221057,23.035934990508657
CCCma,CanESM5-CanOE,r1i1p2f1,gn,ssp585,2078-09,2078,9,46.36669011573735,330.73673272239466,-5.837180902914188,-355.329649758468,-4.909288530146057,-24.291842870627264,-13.264539224023522,63.18456348645751,266.70302478658806,-23.013406979202472,-300.93944393720716,-7.82200411290642,-15.449381194229838,-17.336647950500325,-16.817873370720164,64.0337079358066,17.176226076288284,-54.39020582126085,2.912715582760363,-8.842461676397425,4.072108726476802
CCCma,CanESM5-CanOE,r1i1p2f1,gn,ssp585,2078-10,2078,10,11.195746615647947,320.9667893020897,-1.4720649402018449,-346.1257575500366,-10.516540398825764,-28.593914543155137,-54.54574151448175,17.249578700676455,229.42952623657507,-6.05648776625267,-269.26043068333587,-15.60508683741619,-19.265371335151645,-63.508271684904834,-6.053832085028509,91.53726306551462,4.584422826050825,-76.86532686670074,5.088546438590425,-9.328543208003492,8.962530170423086
CCCma,CanESM5-CanOE,r1i1p2f1,gn,ssp585,2078-11,2078,11,1.7983439226628808,294.57335679839855,-0.2646377895954646,-336.5172372873269,-32.21964727683133,-44.13128457931012,-116.76110621200237,2.515336833744441,201.51629179882505,-0.852789140129987,-242.618099337239,-18.104257216232263,-18.594844834341938,-76.1383618953737,-0.7169929110815603,93.0570649995735,0.5881513505345224,-93.89913795008792,-14.115390060599069,-25.53643974496818,-40.62274431662867
CCCma,CanESM5-CanOE,r1i1p2f1,gn,ssp585,2078-12,2078,12,0.3427804579759788,288.3024994976507,-0.05621450870249362,-329.37604822042033,-29.268037013773764,-38.30770779651573,-108.36272758378566,0.5047198763123734,185.0172678795254,-0.21808210897323796,-226.00776044781924,-16.448539416236862,-17.091682477943937,-74.2440766951355,-0.16193941833639458,103.28523161812527,0.16186760027074434,-103.3682877726011,-12.819497597536902,-21.21602531857179,-34.11865088865015
CCCma,CanESM5-CanOE,r1i1p2f1,gn,ssp585,2079-01,2079,1,0.9645486605749232,269.7957682976987,-0.18838911764778346,-320.4469596527073,-36.192237605329716,-41.72920915077881,-127.79647856818997,1.3942172339713994,176.9672228764132,-0.7437200236333381,-217.63140127830133,-15.69624865399158,-16.575668975850103,-72.28559882139174,-0.42966857339647624,92.82854542128553,0.5553309059855547,-102.81555837440595,-20.495988951338134,-25.153540174928704,-55.510879746798224
CCCma,CanESM5-CanOE,r1i1p2f1,gn,ssp585,2079-02,2079,2,8.133828077677675,258.5556223880534,-2.201957107518449,-312.040460225833,-37.45544957251298,-41.02466916200408,-126.03308560213745,10.435125305198977,175.60313356881824,-6.187284967981398,-216.1570761380548,-13.895837664682768,-15.661279088587179,-65.86321898528892,-2.3012972275213013,82.95248881923516,3.985327860462949,-95.88338408777818,-23.559611907830217,-25.3633900734169,-60.16986661684852
CCCma,CanESM5-CanOE,r1i1p2f1,gn,ssp585,2079-03,2079,3,36.67149769276853,271.1450056514212,-11.86831119000883,-311.9371733696623,-19.085674440520602,-25.7968745498964,-60.87153020589844,53.61840029548194,181.90905131575357,-34.67089409376744,-224.510982804252,-11.546834976313114,-14.228565682492963,-49.42982594558999,-16.946902602713408,89.2359543356676,22.802582903758605,-87.42619056541028,-7.538839464207488,-11.568308867403438,-11.441704260308448
CCCma,CanESM5-CanOE,r1i1p2f1,gn,ssp585,2079-04,2079,4,102.8585554185849,283.5351223796943,-30.34693637690618,-319.2217980257579,-8.524754107845704,-18.52367349647488,9.776515791294567,150.89498619069317,203.6208955771701,-100.99704863032414,-251.65180393294378,-7.9311997876661655,-12.748308979152664,-18.812479562223483,-48.036430772108275,79.91422680252421,70.65011225341797,-67.56999409281411,-0.5935543201795381,-5.775364517322217,28.58899535351805
CCCma,CanESM5-CanOE,r1i1p2f1,gn,ssp585,2079-05,2079,5,176.67613185468213,298.40819603312485,-37.29159141123596,-330.2268986810115,-3.6112667247558545,-12.91604162134321,91.03852944946044,248.79743010993508,243.09734417111952,-164.04568966482177,-289.5335198494272,-5.887403499858661,-12.858119228604854,19.570042038342113,-72.12129825525295,55.310851862005336,126.7540982535858,-40.69337883158431,2.2761367751028065,-0.0579223927383552,71.46848741111833
CCCma,CanESM5-CanOE,r1i1p2f1,gn,ssp585,2079-06,2079,6,215.37125524819112,315.0482659643501,-26.52628215231481,-344.893206267062,-1.6094830307240675,-11.462715162486237,145.92783459995408,270.8609183255667,281.3191905962504,-161.1879435915762,-314.1864221932955,-4.112286789613121,-11.594284946025898,61.09917140130626,-55.48966307737555,33.7290753680997,134.66166143926137,-30.70678407376647,2.502803758889053,0.13156978353966053,84.82866319864783
CCCma,CanESM5-CanOE,r1i1p2f1,gn,ssp585,2079-07,2079,7,193.66592255101853,335.4966352414607,-22.46410697118547,-361.5158815662329,0.09187776041732276,-10.975699542252565,134.29874747322563,224.2551920881,294.89674293371723,-102.79903416576022,-321.87172155748266,-1.1109446312367832,-9.39464386725119,83.97559080008637,-30.589269537081464,40.59989230774346,80.33492719457475,-39.64416000875025,1.2028223916541059,-1.581055675001375,50.323156673139266
CCCma,CanESM5-CanOE,r1i1p2f1,gn,ssp585,2079-08,2079,8,115.87062380982576,343.50820955872706,-13.964576289465496,-364.856332725758,0.36017468982618556,-12.634657514408351,68.28344152874716,138.04127284497537,293.51802779646516,-52.18284747390068,-320.37372679006006,-2.5062649386197706,-10.800937684864726,45.69552375399525,-22.17064903514961,49.9901817622619,38.21827118443518,-44.48260593569796,2.8664396284459563,-1.8337198295436252,22.587917774751908
CCCma,CanESM5-CanOE,r1i1p2f1,gn,ssp585,2079-09,2079,9,44.440210173812616,334.83088747395834,-5.573040776162065,-357.64659546320235,-5.620206077338723,-23.724941470324012,-13.293686139256224,63.18456348645751,266.70302478658806,-23.013406979202472,-300.93944393720716,-7.82200411290642,-15.449381194229838,-17.336647950500325,-18.744353312644897,68.12786268737028,17.440366203040405,-56.70715152599519,2.2017980355676974,-8.275560276094174,4.042961811244101
CCCma,CanESM5-CanOE,r1i1p2f1,gn,ssp585,2079-10,2079,10,11.119891293275112,320.2300121109965,-1.4418134288812334,-347.6185207213034,-12.989675434941462,-30.348593858166517,-61.04870003902105,17.249578700676455,229.42952623657507,-6.05648776625267,-269.26043068333587,-15.60508683741619,-19.265371335151645,-63.508271684904834,-6.129687407401343,90.80048587442141,4.6146743373714365,-78.35809003796754,2.6154114024747273,-11.083222523014872,2.459571645883784
CCCma,CanESM5-CanOE,r1i1p2f1,gn,ssp585,2079-11,2079,11,1.816165600467836,303.1049897352979,-0.26224411772056305,-338.81566805541183,-25.74399197015953,-39.18568437973326,-99.08643318725942,2.515336833744441,201.51629179882505,-0.852789140129987,-242.618099337239,-18.104257216232263,-18.594844834341938,-76.1383618953737,-0.6991712332766051,101.58869793647287,0.590545022409424,-96.19756871817285,-7.639734753927268,-20.590839545391322,-22.94807129188571
CCCma,CanESM5-CanOE,r1i1p2f1,gn,ssp585,2079-12,2079,12,0.3565858248978494,288.46201196850075,-0.05357191649153474,-330.55342545216286,-32.873260720792146,-41.82222416869846,-116.48388446474638,0.5047198763123734,185.0172678795254,-0.21808210897323796,-226.00776044781924,-16.448539416236862,-17.091682477943937,-74.2440766951355,-0.14813405141452396,103.44474408897534,0.16451019248170323,-104.54566500434362,-16.424721304555284,-24.730541690754524,-42.23980776961088
CCCma,CanESM5-CanOE,r1i1p2f1,gn,ssp585,2080-01,2080,1,1.0148000721916473,273.6959640197874,-0.19214669753047364,-322.87649580431344,-35.19673779001694,-41.438941253800515,-124.99355745368229,1.3942172339713994,176.9672228764132,-0.7437200236333381,-217.63140127830133,-15.69624865399158,-16.575668975850103,-72.28559882139174,-0.37941716177975215,96.72874114337424,0.5515733261028645,-105.24509452601211,-19.500489136025358,-24.86327227795041,-52.70795863229054
CCCma,CanESM5-CanOE,r1i1p2f1,gn,ssp585,2080-02,2080,2,7.623405472097587,264.0343399947879,-1.924334844383576,-315.5051881327308,-33.076221358699705,-38.57868233088546,-117.42668119981401,10.435125305198977,175.60313356881824,-6.187284967981398,-216.1570761380548,-13.895837664682768,-15.661279088587179,-65.86321898528892,-2.8117198331013897,88.43120642596966,4.262950123597822,-99.34811199467597,-19.18038369401694,-22.917403242298278,-51.56346221452509
CCCma,CanESM5-CanOE,r1i1p2f1,gn,ssp585,2080-03,2080,3,38.66286074779534,267.031160369332,-11.566563332995749,-313.8648954041186,-22.788055976498416,-31.829367301951915,-74.35486089843741,53.61840029548194,181.90905131575357,-34.67089409376744,-224.510982804252,-11.546834976313114,-14.228565682492963,-49.42982594558999,-14.955539547686598,85.12210905357841,23.10433076077169,-89.35391259986662,-11.241221000185302,-17.600801619458952,-24.92503495284742
CCCma,CanESM5-CanOE,r1i1p2f1,gn,ssp585,2080-04,2080,4,106.49781418379472,278.7124777587029,-29.38556254682122,-319.52213676629185,-12.708394931138928,-24.43123288305098,-0.8370351848053588,150.89498619069317,203.6208955771701,-100.99704863032414,-251.65180393294378,-7.9311997876661655,-12.748308979152664,-18.812479562223483,-44.39717200689846,75.0915821815328,71.61148608350292,-67.87033283334807,-4.777195143472762,-11.682923903898317,17.975444377418125
CCCma,CanESM5-CanOE,r1i1p2f1,gn,ssp585,2080-05,2080,5,167.43855400917977,300.2877651166755,-29.52106703156837,-330.1310708073451,-3.4829269258795033,-12.83506876551893,91.75618559554336,248.79743010993508,243.09734417111952,-164.04568966482177,-289.5335198494272,-5.887403499858661,-12.858119228604854,19.570042038342113,-81.35887610075531,57.19042094555596,134.5246226332534,-40.59755095791792,2.404476573979158,0.023050463085924733,72.18614355720125
CCCma,CanESM5-CanOE,r1i1p2f1,gn,ssp585,2080-06,2080,6,215.86998948666303,317.34971647838313,-26.328899707277152,-346.0528623129793,0.3077294307935945,-10.581826177319549,150.56384719826372,270.8609183255667,281.3191905962504,-161.1879435915762,-314.1864221932955,-4.112286789613121,-11.594284946025898,61.09917140130626,-54.99092883890364,36.030525882132736,134.85904388429904,-31.866440119683773,4.4200162204067155,1.0124587687063489,89.46467579695747
CCCma,CanESM5-CanOE,r1i1p2f1,gn,ssp585,2080-07,2080,7,186.6042788263782,336.2548752083564,-21.38961172382402,-359.73045508339004,1.978699918161132,-9.364272019917415,134.35351512576426,224.2551920881,294.89674293371723,-102.79903416576022,-321.87172155748266,-1.1109446312367832,-9.39464386725119,83.97559080008637,-37.6509132617218,41.35813227463916,81.4094224419362,-37.85873352590738,3.0896445493979154,0.030371847333775293,50.377924325677895
CCCma,CanESM5-CanOE,r1i1p2f1,gn,ssp585,2080-08,2080,8,109.59526687811469,345.5135764613899,-13.078773539507042,-364.70454963308873,1.3979812121581539,-11.533020034267768,67.1904813447992,138.04127284497537,293.51802779646516,-52.18284747390068,-320.37372679006006,-2.5062649386197706,-10.800937684864726,45.69552375399525,-28.44600596686068,51.99554866492474,39.10407393439364,-44.33082284302867,3.9042461507779245,-0.7320823494030417,21.494957590803942
CCCma,CanESM5-CanOE,r1i1p2f1,gn,ssp585,2080-09,2080,9,46.51794971854031,333.05767804212064,-5.959450684962071,-356.79437200964884,-4.040365978825314,-22.090336456306314,-9.308897369081581,63.18456348645751,266.70302478658806,-23.013406979202472,-300.93944393720716,-7.82200411290642,-15.449381194229838,-17.336647950500325,-16.666613767917205,66.35465325553258,17.0539562942404,-55.85492807244168,3.7816381340811063,-6.640955262076476,8.027750581418744
CCCma,CanESM5-CanOE,r1i1p2f1,gn,ssp585,2080-10,2080,10,11.712647436806593,317.5825015096351,-1.5401333824042402,-347.21643157334853,-16.26351572504618,-34.65953727562782,-70.38446900998505,17.249578700676455,229.42952623657507,-6.05648776625267,-269.26043068333587,-15.60508683741619,-19.265371335151645,-63.508271684904834,-5.536931263869862,88.15297527306004,4.51635438384843,-77.95600089001266,-0.6584288876299897,-15.394165940476174,-6.87619732508022
CCCma,CanESM5-CanOE,r1i1p2f1,gn,ssp585,2080-11,2080,11,1.6764825464921467,300.38151719019214,-0.24048619279834837,-337.6698725389749,-26.181302546843604,-38.493732282010306,-100.5273938239429,2.515336833744441,201.51629179882505,-0.852789140129987,-242.618099337239,-18.104257216232263,-18.594844834341938,-76.1383618953737,-0.8388542872522944,98.86522539136709,0.6123029473316386,-95.05177320173593,-8.077045330611341,-19.89888744766837,-24.389031928569196
CCCma,CanESM5-CanOE,r1i1p2f1,gn,ssp585,2080-12,2080,12,0.3703360254904824,286.0932298593109,-0.057757812911595395,-329.6878271616577,-36.15191628379686,-46.56398021604989,-125.99791558961465,0.5047198763123734,185.0172678795254,-0.21808210897323796,-226.00776044781924,-16.448539416236862,-17.091682477943937,-74.2440766951355,-0.13438385082189097,101.07596197978549,0.16032429606164256,-103.68006671383847,-19.703376867559996,-29.472297738105954,-51.753838894479145
CCCma,CanESM5-CanOE,r1i1p2f1,gn,ssp585,2081-01,2081,1,0.9921131784499049,270.11256075142404,-0.19323560991951916,-320.3277254957589,-36.61277447606501,-42.25261010808644,-128.28167175995588,1.3942172339713994,176.9672228764132,-0.7437200236333381,-217.63140127830133,-15.69624865399158,-16.575668975850103,-72.28559882139174,-0.40210405552149453,93.14533787501085,0.550484413713819,-102.69632421745757,-20.91652582207343,-25.676941132236333,-55.99607293856414
CCCma,CanESM5-CanOE,r1i1p2f1,gn,ssp585,2081-02,2081,2,7.794781177360029,263.95326373933057,-2.2077062653569692,-312.9262228017233,-32.511102419180894,-37.8908304311192,-113.7878170006898,10.435125305198977,175.60313356881824,-6.187284967981398,-216.1570761380548,-13.895837664682768,-15.661279088587179,-65.86321898528892,-2.6403441278389472,88.35013017051233,3.979578702624429,-96.76914666366852,-18.615264754498128,-22.22955134253202,-47.924598015400875
CCCma,CanESM5-CanOE,r1i1p2f1,gn,ssp585,2081-03,2081,3,39.434151674608174,266.6396351566492,-12.862765005147876,-311.8394810991202,-23.202007725070057,-31.563319512710475,-73.3937865107912,53.61840029548194,181.90905131575357,-34.67089409376744,-224.510982804252,-11.546834976313114,-14.228565682492963,-49.42982594558999,-14.184248620873767,84.73058384089563,21.80812908861956,-87.32849829486818,-11.655172748756943,-17.33475383021751,-23.963960565201212
CCCma,CanESM5-CanOE,r1i1p2f1,gn,ssp585,2081-04,2081,4,109.59429190789413,275.99423799181267,-33.1406158783779,-317.91133239474345,-13.057064747086148,-23.660805679328877,-2.1812887998295523,150.89498619069317,203.6208955771701,-100.99704863032414,-251.65180393294378,-7.9311997876661655,-12.748308979152664,-18.812479562223483,-41.30069428279904,72.37334241464256,67.85643275194624,-66.25952846179968,-5.1258649594199825,-10.912496700176213,16.63119076239393
CCCma,CanESM5-CanOE,r1i1p2f1,gn,ssp585,2081-05,2081,5,171.46647945179367,297.0970810562228,-37.06130071275836,-328.10098784240796,-4.897573321632425,-13.982292372711196,84.52140625850659,248.79743010993508,243.09734417111952,-164.04568966482177,-289.5335198494272,-5.887403499858661,-12.858119228604854,19.570042038342113,-77.3309506581414,53.99973688510329,126.9843889520634,-38.56746799298077,0.989830178226236,-1.1241731441063418,64.95136422016448
CCCma,CanESM5-CanOE,r1i1p2f1,gn,ssp585,2081-06,2081,6,218.0981595745019,316.9292368193456,-26.982116550293338,-345.0802534132485,0.02856767922668933,-9.255026571441457,153.73856753809096,270.8609183255667,281.3191905962504,-161.1879435915762,-314.1864221932955,-4.112286789613121,-11.594284946025898,61.09917140130626,-52.76275875106478,35.610046223095196,134.20582704128284,-30.893831219952972,4.14085446883981,2.339258374584441,92.63939613678471
CCCma,CanESM5-CanOE,r1i1p2f1,gn,ssp585,2081-07,2081,7,191.77097863266061,333.1009921312676,-22.16296639705606,-358.9247591493584,0.6680686152321873,-10.037667751577835,134.4146460811681,224.2551920881,294.89674293371723,-102.79903416576022,-321.87172155748266,-1.1109446312367832,-9.39464386725119,83.97559080008637,-32.484213455439374,38.20424919755038,80.63606776870415,-37.05303759187575,1.7790132464689705,-0.6430238843266451,50.43905528108172
CCCma,CanESM5-CanOE,r1i1p2f1,gn,ssp585,2081-08,2081,8,114.10522958006024,343.6759526250486,-13.973175859637971,-364.0941292827907,0.3532707340170547,-10.449917148665675,69.61723064803157,138.04127284497537,293.51802779646516,-52.18284747390068,-320.37372679006006,-2.5062649386197706,-10.800937684864726,45.69552375399525,-23.936043264915128,50.15792482858342,38.20967161426271,-43.720402492730614,2.8595356726368255,0.3510205361990515,23.921706894036312
CCCma,CanESM5-CanOE,r1i1p2f1,gn,ssp585,2081-09,2081,9,46.0657803191501,335.17632864935354,-5.849171741694165,-357.05428580218774,-3.1054559458054953,-17.29307975556007,-2.0598842767438335,63.18456348645751,266.70302478658806,-23.013406979202472,-300.93944393720716,-7.82200411290642,-15.449381194229838,-17.336647950500325,-17.118783167307413,68.47330386276548,17.164235237508308,-56.114841864980576,4.716548167100925,-1.8436985613302301,15.276763673756491
CCCma,CanESM5-CanOE,r1i1p2f1,gn,ssp585,2081-10,2081,10,11.705197548893745,317.1355203358046,-1.5777919400906903,-347.1718670730725,-16.825076575700084,-34.798724937756674,-71.5327426419216,17.249578700676455,229.42952623657507,-6.05648776625267,-269.26043068333587,-15.60508683741619,-19.265371335151645,-63.508271684904834,-5.54438115178271,87.70599409922951,4.47869582616198,-77.91143638973665,-1.2199897382838945,-15.533353602605029,-8.024470957016767
CCCma,CanESM5-CanOE,r1i1p2f1,gn,ssp585,2081-11,2081,11,1.9029223017874028,301.5457128495565,-0.2862854896892398,-337.0637550494471,-26.863540280473508,-39.67694496503441,-100.44189063330037,2.515336833744441,201.51629179882505,-0.852789140129987,-242.618099337239,-18.104257216232263,-18.594844834341938,-76.1383618953737,-0.6124145319570382,100.02942105073143,0.5665036504407472,-94.4456557122081,-8.759283064241245,-21.08210013069247,-24.30352873792667
CCCma,CanESM5-CanOE,r1i1p2f1,gn,ssp585,2081-12,2081,12,0.37722569432438974,288.6366978221683,-0.061143521226951915,-329.47080012459367,-31.992393886886287,-41.15310048166631,-113.6635144978805,0.5047198763123734,185.0172678795254,-0.21808210897323796,-226.00776044781924,-16.448539416236862,-17.091682477943937,-74.2440766951355,-0.12749418198798362,103.61942994264288,0.15693858774628605,-103.46303967677443,-15.543854470649425,-24.06141800372237,-39.419437802744994
CCCma,CanESM5-CanOE,r1i1p2f1,gn,ssp585,2082-01,2082,1,1.0043284591944341,264.4735549838487,-0.22116896187513735,-318.98137374293754,-39.71324044878491,-46.06191453227101,-139.49981424282547,1.3942172339713994,176.9672228764132,-0.7437200236333381,-217.63140127830133,-15.69624865399158,-16.575668975850103,-72.28559882139174,-0.38988877477696526,87.50633210743553,0.5225510617582008,-101.34997246463621,-24.016991794793327,-29.486245556420908,-67.21421542143372
CCCma,CanESM5-CanOE,r1i1p2f1,gn,ssp585,2082-02,2082,2,7.706761885704456,270.56471884035926,-2.234417874176404,-315.85587983716295,-29.177716199318972,-38.41135083163936,-107.407884016234,10.435125305198977,175.60313356881824,-6.187284967981398,-216.1570761380548,-13.895837664682768,-15.661279088587179,-65.86321898528892,-2.7283634194945208,94.96158527154103,3.9528670938049943,-99.69880369910814,-15.281878534636204,-22.75007174305218,-41.54466503094507
CCCma,CanESM5-CanOE,r1i1p2f1,gn,ssp585,2082-03,2082,3,39.60394577080246,263.8179388408901,-13.147110859034163,-312.5640920466307,-25.07674849967833,-34.49290563784367,-81.85897243149432,53.61840029548194,181.90905131575357,-34.67089409376744,-224.510982804252,-11.546834976313114,-14.228565682492963,-49.42982594558999,-14.01445452467948,81.90888752513655,21.523783234733273,-88.05310924237872,-13.529913523365217,-20.264339955350707,-32.42914648590433
CCCma,CanESM5-CanOE,r1i1p2f1,gn,ssp585,2082-04,2082,4,108.16686142706956,278.9626123270089,-33.38967254624735,-318.3176835662139,-11.633518967063624,-21.633167865814794,2.1554308087388456,150.89498619069317,203.6208955771701,-100.99704863032414,-251.65180393294378,-7.9311997876661655,-12.748308979152664,-18.812479562223483,-42.72812476362361,75.34171674983881,67.6073760840768,-66.6658796332701,-3.702319179397459,-8.88485888666213,20.96791037096233
CCCma,CanESM5-CanOE,r1i1p2f1,gn,ssp585,2082-05,2082,5,169.46671908585458,297.7935816171811,-37.972869657760214,-328.44002532841876,-5.686456058945177,-16.00405322568261,79.15689643222892,248.79743010993508,243.09734417111952,-164.04568966482177,-289.5335198494272,-5.887403499858661,-12.858119228604854,19.570042038342113,-79.3307110240805,54.69623744606156,126.07282000706155,-38.90650547899156,0.2009474409134837,-3.1459339970777567,59.58685439388681
CCCma,CanESM5-CanOE,r1i1p2f1,gn,ssp585,2082-06,2082,6,212.85580041426687,316.3170834474183,-27.25743757922644,-342.90868488737686,0.7643871125321601,-9.621448920305642,150.14969958730842,270.8609183255667,281.3191905962504,-161.1879435915762,-314.1864221932955,-4.112286789613121,-11.594284946025898,61.09917140130626,-58.005117911299806,34.99789285116793,133.93050601234975,-28.722262694081337,4.8766739021452805,1.9728360257202553,89.05052818600217
CCCma,CanESM5-CanOE,r1i1p2f1,gn,ssp585,2082-07,2082,7,195.31738104113145,334.8398450088768,-22.601016243668084,-359.57339844462643,1.4591313437536868,-8.696438946719509,140.74550375874793,224.2551920881,294.89674293371723,-102.79903416576022,-321.87172155748266,-1.1109446312367832,-9.39464386725119,83.97559080008637,-28.937811046968534,39.94310207515957,80.19801792209213,-37.701676887143776,2.57007597499047,0.6982049205316816,56.769912958661564
CCCma,CanESM5-CanOE,r1i1p2f1,gn,ssp585,2082-08,2082,8,113.27872194844338,339.87076176894,-13.607619366507757,-362.0871336173659,0.763770291294551,-12.362760419844118,65.8557406049601,138.04127284497537,293.51802779646516,-52.18284747390068,-320.37372679006006,-2.5062649386197706,-10.800937684864726,45.69552375399525,-24.76255089653199,46.35273397247482,38.575228107392924,-41.713406827305846,3.2700352299143214,-1.5618227349793923,20.16021685096485
CCCma,CanESM5-CanOE,r1i1p2f1,gn,ssp585,2082-09,2082,9,45.106600339021966,335.22744611703206,-5.595950231523582,-356.1224132273764,-2.533703136486615,-18.968016318904425,-2.8860364582370295,63.18456348645751,266.70302478658806,-23.013406979202472,-300.93944393720716,-7.82200411290642,-15.449381194229838,-17.336647950500325,-18.077963147435547,68.524421330444,17.41745674767889,-55.18296929016924,5.288300976419805,-3.518635124674587,14.450611492263295
CCCma,CanESM5-CanOE,r1i1p2f1,gn,ssp585,2082-10,2082,10,11.683686014144811,319.5040622548288,-1.575612554932085,-347.5653287992367,-14.480892426073162,-33.06940155801301,-65.50348706928133,17.249578700676455,229.42952623657507,-6.05648776625267,-269.26043068333587,-15.60508683741619,-19.265371335151645,-63.508271684904834,-5.565892686531644,90.07453601825372,4.480875211320585,-78.30489811590081,1.1241944113430282,-13.804030222861368,-1.9952153843765004
CCCma,CanESM5-CanOE,r1i1p2f1,gn,ssp585,2082-11,2082,11,1.9313280023089747,300.5363502550804,-0.2866637712558598,-338.116511682607,-28.422096207175375,-43.51982664912935,-107.8774200527782,2.515336833744441,201.51629179882505,-0.852789140129987,-242.618099337239,-18.104257216232263,-18.594844834341938,-76.1383618953737,-0.5840088314354663,99.02005845625533,0.5661253688741272,-95.498412345368,-10.317838990943113,-24.92498181478741,-31.7390581574045
CCCma,CanESM5-CanOE,r1i1p2f1,gn,ssp585,2082-12,2082,12,0.3783939443349591,290.14180609822887,-0.06035714284237233,-330.50062044866775,-32.38713728460161,-42.07783220332221,-114.50574703687008,0.5047198763123734,185.0172678795254,-0.21808210897323796,-226.00776044781924,-16.448539416236862,-17.091682477943937,-74.2440766951355,-0.12632593197741426,105.12453821870346,0.15772496613086562,-104.49286000084851,-15.938597868364745,-24.986149725378272,-40.26167034173457
CCCma,CanESM5-CanOE,r1i1p2f1,gn,ssp585,2083-01,2083,1,1.0085593216307793,274.6718306801334,-0.21097299198026373,-322.01033569184773,-33.62571683392827,-40.3016684054592,-120.46830392145128,1.3942172339713994,176.9672228764132,-0.7437200236333381,-217.63140127830133,-15.69624865399158,-16.575668975850103,-72.28559882139174,-0.3856579123406201,97.7046078037202,0.5327470316530744,-104.3789344135464,-17.92946817993669,-23.7259994296091,-48.182705100059536
CCCma,CanESM5-CanOE,r1i1p2f1,gn,ssp585,2083-02,2083,2,7.801832470197712,266.65460661302615,-2.188225485779055,-315.54974296636124,-32.40568096218119,-39.03321073605,-114.72042106714761,10.435125305198977,175.60313356881824,-6.187284967981398,-216.1570761380548,-13.895837664682768,-15.661279088587179,-65.86321898528892,-2.6332928350012645,91.05147304420791,3.9990594822023433,-99.39266682830643,-18.50984329749842,-23.371931647462823,-48.85720208185869
CCCma,CanESM5-CanOE,r1i1p2f1,gn,ssp585,2083-03,2083,3,38.331937145651224,268.0652847425109,-12.09820222242968,-313.2947500919603,-25.08795394297957,-32.69818633039415,-76.78187069960151,53.61840029548194,181.90905131575357,-34.67089409376744,-224.510982804252,-11.546834976313114,-14.228565682492963,-49.42982594558999,-15.286463149830716,86.15623342675735,22.572691871337756,-88.78376728770829,-13.541118966666456,-18.469620647901188,-27.352044754011523
CCCma,CanESM5-CanOE,r1i1p2f1,gn,ssp585,2083-04,2083,4,102.59568857334652,283.6799969330329,-29.3319650299489,-319.62635679108786,-11.358891647803475,-21.057509109263417,4.900962928275792,150.89498619069317,203.6208955771701,-100.99704863032414,-251.65180393294378,-7.9311997876661655,-12.748308979152664,-18.812479562223483,-48.29929761734665,80.0591013558628,71.66508360037524,-67.97455285814408,-3.427691860137309,-8.309200130110753,23.713442490499276
CCCma,CanESM5-CanOE,r1i1p2f1,gn,ssp585,2083-05,2083,5,177.39121611554046,296.270013424948,-34.45823357113784,-329.59522952155646,-6.389635965780424,-15.691881629176388,87.5262488528373,248.79743010993508,243.09734417111952,-164.04568966482177,-289.5335198494272,-5.887403499858661,-12.858119228604854,19.570042038342113,-71.40621399439462,53.172669253828474,129.58745609368393,-40.06170967212927,-0.5022324659217627,-2.8337624005715334,67.95620681449519
CCCma,CanESM5-CanOE,r1i1p2f1,gn,ssp585,2083-06,2083,6,212.78146608573724,316.9231413275685,-25.464969462510016,-345.01399644936595,0.18046952589582077,-10.373652534756065,149.03245849256948,270.8609183255667,281.3191905962504,-161.1879435915762,-314.1864221932955,-4.112286789613121,-11.594284946025898,61.09917140130626,-58.079452239829436,35.60395073131809,135.72297412906616,-30.82757425607042,4.292756315508941,1.2206324112698326,87.93328709126322
CCCma,CanESM5-CanOE,r1i1p2f1,gn,ssp585,2083-07,2083,7,186.5803134732002,341.159718540291,-21.72548167980195,-363.35264575130935,0.7525553930793765,-8.739405669333475,134.67505430612576,224.2551920881,294.89674293371723,-102.79903416576022,-321.87172155748266,-1.1109446312367832,-9.39464386725119,83.97559080008637,-37.6748786148998,46.262975606573775,81.07355248595827,-41.480924193826695,1.8635000243161597,0.6552381979177149,50.69946350603939
CCCma,CanESM5-CanOE,r1i1p2f1,gn,ssp585,2083-08,2083,8,112.42444823351536,342.0146903435597,-13.678466637363174,-363.7377064014378,0.09971161402869723,-12.20024194157583,64.92243521072702,138.04127284497537,293.51802779646516,-52.18284747390068,-320.37372679006006,-2.5062649386197706,-10.800937684864726,45.69552375399525,-25.616824611460004,48.49666254709456,38.50438083653751,-43.363979611377715,2.605976552648468,-1.3993042567111047,19.226911456731763
CCCma,CanESM5-CanOE,r1i1p2f1,gn,ssp585,2083-09,2083,9,45.69872219780844,334.427806239486,-5.78505948341613,-357.091907833702,-2.6233505968068758,-19.413392500848275,-4.78718197747887,63.18456348645751,266.70302478658806,-23.013406979202472,-300.93944393720716,-7.82200411290642,-15.449381194229838,-17.336647950500325,-17.48584128864907,67.72478145289796,17.22834749578634,-56.15246389649485,5.198653516099544,-3.9640113066184366,12.549465973021455
CCCma,CanESM5-CanOE,r1i1p2f1,gn,ssp585,2083-10,2083,10,11.314149378671459,318.9815697382231,-1.4810290625220244,-347.4986045897734,-16.493807483543623,-35.420197001044805,-70.59791901998926,17.249578700676455,229.42952623657507,-6.05648776625267,-269.26043068333587,-15.60508683741619,-19.265371335151645,-63.508271684904834,-5.935429322004996,89.552043501648,4.575458703730646,-78.23817390643751,-0.8887206461274335,-16.15482566589316,-7.089647335084429
CCCma,CanESM5-CanOE,r1i1p2f1,gn,ssp585,2083-11,2083,11,1.7501386472794054,296.78608283722536,-0.25050571655956383,-337.67881162724535,-32.2387107965952,-46.086070494847675,-117.71787715074304,2.515336833744441,201.51629179882505,-0.852789140129987,-242.618099337239,-18.104257216232263,-18.594844834341938,-76.1383618953737,-0.7651981864650357,95.26979103840031,0.6022834235704231,-95.06071229000636,-14.134453580362937,-27.491225660505737,-41.57951525536933
CCCma,CanESM5-CanOE,r1i1p2f1,gn,ssp585,2083-12,2083,12,0.37365866107189355,290.1815307123172,-0.058943664058195774,-330.7948854011441,-27.618991347420764,-39.68025490368055,-107.59788594291446,0.5047198763123734,185.0172678795254,-0.21808210897323796,-226.00776044781924,-16.448539416236862,-17.091682477943937,-74.2440766951355,-0.1310612152404798,105.16426283279182,0.1591384449150422,-104.78712495332485,-11.170451931183901,-22.58857242573661,-33.353809247778955
CCCma,CanESM5-CanOE,r1i1p2f1,gn,ssp585,2084-01,2084,1,1.0177982031158308,278.9038057942867,-0.1983399944713803,-323.57420228341635,-32.11482479299259,-38.5524369997189,-114.51820007319668,1.3942172339713994,176.9672228764132,-0.7437200236333381,-217.63140127830133,-15.69624865399158,-16.575668975850103,-72.28559882139174,-0.3764190308555686,101.93658291787352,0.5453800291619578,-105.94280100511503,-16.41857613900101,-21.976768023868797,-42.23260125180494
CCCma,CanESM5-CanOE,r1i1p2f1,gn,ssp585,2084-02,2084,2,7.287760981104918,266.59179766848564,-2.022960141440104,-315.39135425622777,-33.4811922357524,-38.44771052598531,-115.46365850981502,10.435125305198977,175.60313356881824,-6.187284967981398,-216.1570761380548,-13.895837664682768,-15.661279088587179,-65.86321898528892,-3.1473643240940588,90.9886640996674,4.164324826541295,-99.23427811817297,-19.585354571069637,-22.78643143739813,-49.600439524526095
CCCma,CanESM5-CanOE,r1i1p2f1,gn,ssp585,2084-03,2084,3,38.55758795989332,270.0110343053921,-11.223596219437205,-315.8481917459506,-24.543544581462093,-33.37025171994041,-76.41696200150483,53.61840029548194,181.90905131575357,-34.67089409376744,-224.510982804252,-11.546834976313114,-14.228565682492963,-49.42982594558999,-15.060812335588622,88.10198298963854,23.447297874330232,-91.3372089416986,-12.996709605148979,-19.14168603744745,-26.98713605591484
CCCma,CanESM5-CanOE,r1i1p2f1,gn,ssp585,2084-04,2084,4,104.92055061553437,278.68774310544205,-28.264140302018674,-320.2511230850564,-15.772730080974032,-25.779871972569975,-6.459571719642696,150.89498619069317,203.6208955771701,-100.99704863032414,-251.65180393294378,-7.9311997876661655,-12.748308979152664,-18.812479562223483,-45.97443557515881,75.06684752827195,72.73290832830547,-68.59931915211263,-7.8415302933078666,-13.03156299341731,12.352907842580787
CCCma,CanESM5-CanOE,r1i1p2f1,gn,ssp585,2084-05,2084,5,168.60110330092363,299.2956465125212,-32.41901123399944,-330.03965721948634,-2.9313216612224546,-14.333804433857772,88.1729552648788,248.79743010993508,243.09734417111952,-164.04568966482177,-289.5335198494272,-5.887403499858661,-12.858119228604854,19.570042038342113,-80.19632680901145,56.1983023414017,131.62667843082232,-40.50613737005915,2.9560818386362064,-1.4756852052529172,68.60291322653669
CCCma,CanESM5-CanOE,r1i1p2f1,gn,ssp585,2084-06,2084,6,210.993876706043,319.28790239239663,-25.29508123085334,-346.13883030045315,0.25714239849350956,-9.076911191486614,150.02809877414006,270.8609183255667,281.3191905962504,-161.1879435915762,-314.1864221932955,-4.112286789613121,-11.594284946025898,61.09917140130626,-59.86704161952366,37.96871179614624,135.89286236072286,-31.952408107157623,4.36942918810663,2.5173737545392836,88.92892737283381
CCCma,CanESM5-CanOE,r1i1p2f1,gn,ssp585,2084-07,2084,7,188.71667514464372,335.7838261804958,-21.760677979216446,-360.54993307915163,1.1869197925482367,-9.420523708269927,133.95628635104978,224.2551920881,294.89674293371723,-102.79903416576022,-321.87172155748266,-1.1109446312367832,-9.39464386725119,83.97559080008637,-35.53851694345627,40.88708324677856,81.03835618654378,-38.67821152166897,2.29786442378502,-0.025879841018737082,49.98069555096342
CCCma,CanESM5-CanOE,r1i1p2f1,gn,ssp585,2084-08,2084,8,115.32511280115418,339.1326041050715,-14.005515451201433,-363.0791043024257,-0.1049937938004401,-14.284202459285513,62.98390089951256,138.04127284497537,293.51802779646516,-52.18284747390068,-320.37372679006006,-2.5062649386197706,-10.800937684864726,45.69552375399525,-22.71616004382119,45.61457630860633,38.17733202269925,-42.70537751236566,2.4012711448193307,-3.483264774420787,17.28837714551731
CCCma,CanESM5-CanOE,r1i1p2f1,gn,ssp585,2084-09,2084,9,47.39873440275981,334.263175213628,-6.328033891063655,-357.46788525965235,-2.8883168931366234,-19.445015791136896,-4.467342218601706,63.18456348645751,266.70302478658806,-23.013406979202472,-300.93944393720716,-7.82200411290642,-15.449381194229838,-17.336647950500325,-15.785829083697706,67.56015042703996,16.685373088138817,-56.52844132244519,4.933687219769796,-3.995634596907058,12.869305731898619
CCCma,CanESM5-CanOE,r1i1p2f1,gn,ssp585,2084-10,2084,10,11.5622747090235,321.6557654311019,-1.5413640225825733,-348.84391229033594,-14.047784229765561,-33.42126787316548,-64.63628827572418,17.249578700676455,229.42952623657507,-6.05648776625267,-269.26043068333587,-15.60508683741619,-19.265371335151645,-63.508271684904834,-5.687303991652955,92.22623919452681,4.515123743670097,-79.58348160700007,1.5573026076506284,-14.155896538013838,-1.1280165908193496
CCCma,CanESM5-CanOE,r1i1p2f1,gn,ssp585,2084-11,2084,11,1.797917265374066,304.1373170739685,-0.2577183267959596,-339.8195677092004,-28.217006331237766,-42.32323791201836,-104.68229593990989,2.515336833744441,201.51629179882505,-0.852789140129987,-242.618099337239,-18.104257216232263,-18.594844834341938,-76.1383618953737,-0.717419568370375,102.62102527514347,0.5950708133340274,-97.2014683719614,-10.112749115005503,-23.72839307767642,-28.543934044536186
CCCma,CanESM5-CanOE,r1i1p2f1,gn,ssp585,2084-12,2084,12,0.3571491477558206,294.1950276196742,-0.05203508817655639,-332.69773310021117,-28.81591423223431,-39.441748865171746,-106.45525451836379,0.5047198763123734,185.0172678795254,-0.21808210897323796,-226.00776044781924,-16.448539416236862,-17.091682477943937,-74.2440766951355,-0.1475707285565528,109.17775974014879,0.16604702079668157,-106.68997265239193,-12.367374815997447,-22.35006638722781,-32.21117782322828
CCCma,CanESM5-CanOE,r1i1p2f1,gn,ssp585,2085-01,2085,1,0.9458918610414494,275.86011343999337,-0.18058836615337698,-324.3339759264117,-40.11415219624422,-47.29571965512025,-135.11843084289472,1.3942172339713994,176.9672228764132,-0.7437200236333381,-217.63140127830133,-15.69624865399158,-16.575668975850103,-72.28559882139174,-0.44832537292995,98.89289056358018,0.5631316574799612,-106.70257464811039,-24.41790354225264,-30.720050679270148,-62.83283202150298
CCCma,CanESM5-CanOE,r1i1p2f1,gn,ssp585,2085-02,2085,2,7.665025386214656,267.909567345328,-1.9035533618522977,-317.2076672061722,-34.557387203834715,-41.07923278441465,-119.17324782473113,10.435125305198977,175.60313356881824,-6.187284967981398,-216.1570761380548,-13.895837664682768,-15.661279088587179,-65.86321898528892,-2.7700999189843207,92.30643377650978,4.2837316061291,-101.05059106811737,-20.66154953915195,-25.41795369582747,-53.31002883944221
CCCma,CanESM5-CanOE,r1i1p2f1,gn,ssp585,2085-03,2085,3,38.036151366227024,268.15905510838695,-10.55031392479053,-315.0433449644296,-24.128538587881643,-32.95921357446847,-76.48620457695625,53.61840029548194,181.90905131575357,-34.67089409376744,-224.510982804252,-11.546834976313114,-14.228565682492963,-49.42982594558999,-15.582248929254916,86.25000379263338,24.120580168976907,-90.5323621601776,-12.581703611568528,-18.730647891975508,-27.056378631366265
CCCma,CanESM5-CanOE,r1i1p2f1,gn,ssp585,2085-04,2085,4,99.75875377513947,281.4550348625901,-25.48281121253971,-320.96317396661027,-15.547600866792642,-26.764504465442222,-7.544301873655343,150.89498619069317,203.6208955771701,-100.99704863032414,-251.65180393294378,-7.9311997876661655,-12.748308979152664,-18.812479562223483,-51.13623241555371,77.83413928541998,75.51423741778444,-69.31137003366649,-7.616401079126477,-14.016195486289558,11.26817768856814
CCCma,CanESM5-CanOE,r1i1p2f1,gn,ssp585,2085-05,2085,5,165.8842356532393,300.5279510641384,-28.748632149588467,-331.31370880417404,-4.491626327242928,-16.132039261448288,85.72618017492402,248.79743010993508,243.09734417111952,-164.04568966482177,-289.5335198494272,-5.887403499858661,-12.858119228604854,19.570042038342113,-82.91319445669578,57.430606893018876,135.2970575152333,-41.78018895474685,1.395777172615733,-3.2739200328434332,66.15613813658192
CCCma,CanESM5-CanOE,r1i1p2f1,gn,ssp585,2085-06,2085,6,203.11623880574237,320.55176420705277,-24.20384656692144,-346.1405037048469,1.4653169863696807,-8.486306229122937,146.30266349827352,270.8609183255667,281.3191905962504,-161.1879435915762,-314.1864221932955,-4.112286789613121,-11.594284946025898,61.09917140130626,-67.7446795198243,39.232573610802376,136.98409702465474,-31.95408151155135,5.577603775982801,3.107978716902961,85.20349209696727
CCCma,CanESM5-CanOE,r1i1p2f1,gn,ssp585,2085-07,2085,7,185.98395343163656,337.99621584574385,-21.66002056121852,-361.09831163598795,0.4592072053720697,-8.743103750288281,132.9379405352577,224.2551920881,294.89674293371723,-102.79903416576022,-321.87172155748266,-1.1109446312367832,-9.39464386725119,83.97559080008637,-38.271238656463424,43.09947291202661,81.1390136045417,-39.226590078505296,1.570151836608853,0.6515401169629094,48.96234973517133
CCCma,CanESM5-CanOE,r1i1p2f1,gn,ssp585,2085-08,2085,8,114.14645221507145,342.74282265313536,-13.837746572267179,-364.13690445797585,0.5425200004311318,-12.319308234449428,67.1378356039455,138.04127284497537,293.51802779646516,-52.18284747390068,-320.37372679006006,-2.5062649386197706,-10.800937684864726,45.69552375399525,-23.89482062990392,49.2247948566702,38.3451009016335,-43.763177667915784,3.0487849390509023,-1.5183705495847022,21.44231184995025
CCCma,CanESM5-CanOE,r1i1p2f1,gn,ssp585,2085-09,2085,9,46.1076588216402,337.0156807380921,-5.889231887396085,-358.7695057340842,-2.6725212662264664,-19.15448799104071,-3.362407319015146,63.18456348645751,266.70302478658806,-23.013406979202472,-300.93944393720716,-7.82200411290642,-15.449381194229838,-17.336647950500325,-17.076904664817313,70.31265595150404,17.124175091806386,-57.83006179687703,5.149482846679954,-3.705106796810872,13.974240631485179
CCCma,CanESM5-CanOE,r1i1p2f1,gn,ssp585,2085-10,2085,10,11.342194745034847,322.61566936098,-1.5208431196564898,-349.1790705105255,-11.666282939422619,-30.837671790451008,-59.24600425404073,17.249578700676455,229.42952623657507,-6.05648776625267,-269.26043068333587,-15.60508683741619,-19.265371335151645,-63.508271684904834,-5.907383955641608,93.18614312440494,4.535644646596181,-79.91863982718962,3.938803897993571,-11.572300455299363,4.262267430864107
CCCma,CanESM5-CanOE,r1i1p2f1,gn,ssp585,2085-11,2085,11,1.7776080588194776,307.2748944192445,-0.263306024395381,-340.1889830652677,-22.559089599853774,-36.290078977178894,-90.24895518863177,2.515336833744441,201.51629179882505,-0.852789140129987,-242.618099337239,-18.104257216232263,-18.594844834341938,-76.1383618953737,-0.7377287749249635,105.75860262041945,0.589483115734606,-97.57088372802869,-4.454832383621511,-17.695234142836956,-14.110593293258063
CCCma,CanESM5-CanOE,r1i1p2f1,gn,ssp585,2085-12,2085,12,0.33487719636059077,295.7226458923047,-0.04895023592873323,-333.54737186299866,-26.465128797236016,-37.58391507584026,-101.58784288333837,0.5047198763123734,185.0172678795254,-0.21808210897323796,-226.00776044781924,-16.448539416236862,-17.091682477943937,-74.2440766951355,-0.1698426799517826,110.70537801277928,0.16913187304450472,-107.53961141517942,-10.016589380999154,-20.492232597896322,-27.343766188202864
CCCma,CanESM5-CanOE,r1i1p2f1,gn,ssp585,2086-01,2086,1,1.0102011468998642,286.1642279584557,-0.18805733556925036,-326.70198171663264,-28.08247916731019,-37.360579100829874,-105.15866821498639,1.3942172339713994,176.9672228764132,-0.7437200236333381,-217.63140127830133,-15.69624865399158,-16.575668975850103,-72.28559882139174,-0.38401608707153523,109.1970050820425,0.5556626880640878,-109.07058043833132,-12.38623051331861,-20.78491012497977,-32.87306939359465
CCCma,CanESM5-CanOE,r1i1p2f1,gn,ssp585,2086-02,2086,2,7.559279289775047,276.4204897253369,-1.924713014200959,-320.44725245303323,-30.677534894818063,-38.906168122102706,-107.97589946904304,10.435125305198977,175.60313356881824,-6.187284967981398,-216.1570761380548,-13.895837664682768,-15.661279088587179,-65.86321898528892,-2.87584601542393,100.81735615651866,4.262571953780439,-104.29017631497842,-16.781697230135293,-23.244889033515527,-42.11268048375412
CCCma,CanESM5-CanOE,r1i1p2f1,gn,ssp585,2086-03,2086,3,38.435073871440544,273.68498868414355,-10.7172910994114,-318.8300845591706,-26.20943228978917,-35.27975526729879,-78.91650066008587,53.61840029548194,181.90905131575357,-34.67089409376744,-224.510982804252,-11.546834976313114,-14.228565682492963,-49.42982594558999,-15.183326424041397,91.77593736838998,23.95360299435604,-94.31910175491859,-14.662597313476056,-21.051189584805826,-29.486674714495884
CCCma,CanESM5-CanOE,r1i1p2f1,gn,ssp585,2086-04,2086,4,98.71914057350806,286.9297208393482,-24.757538468234838,-323.06721504644287,-13.259735462651404,-22.005782079227288,2.5585903562998737,150.89498619069317,203.6208955771701,-100.99704863032414,-251.65180393294378,-7.9311997876661655,-12.748308979152664,-18.812479562223483,-52.17584561718512,83.30882526217809,76.2395101620893,-71.41541111349909,-5.328535674985239,-9.257473100074623,21.371069918523357
CCCma,CanESM5-CanOE,r1i1p2f1,gn,ssp585,2086-05,2086,5,170.76528013361346,299.4953396305308,-29.402118218145777,-332.77865730079725,-4.687270509311907,-15.819423662286496,87.57315007360283,248.79743010993508,243.09734417111952,-164.04568966482177,-289.5335198494272,-5.887403499858661,-12.858119228604854,19.570042038342113,-78.03214997632162,56.39799545941128,134.643571446676,-43.245137451370056,1.200132990546754,-2.961304433681642,68.00310803526072
CCCma,CanESM5-CanOE,r1i1p2f1,gn,ssp585,2086-06,2086,6,207.17192142517032,321.03701874507357,-24.530378401777917,-348.0313023012086,-0.3861217481537808,-11.923172060932913,143.33796565817067,270.8609183255667,281.3191905962504,-161.1879435915762,-314.1864221932955,-4.112286789613121,-11.594284946025898,61.09917140130626,-63.68899690039635,39.71782814882317,136.65756518979828,-33.84488010791307,3.72616504145934,-0.3288871149070154,82.23879425686442
CCCma,CanESM5-CanOE,r1i1p2f1,gn,ssp585,2086-07,2086,7,187.45983120828564,339.446326777981,-21.49533342192772,-362.85932530089565,0.7921203880563369,-9.54698023491341,133.79663941658617,224.2551920881,294.89674293371723,-102.79903416576022,-321.87172155748266,-1.1109446312367832,-9.39464386725119,83.97559080008637,-36.79536087981435,44.54958384426379,81.3037007438325,-40.98760374341299,1.9030650192931202,-0.15233636766221892,49.82104861649981
CCCma,CanESM5-CanOE,r1i1p2f1,gn,ssp585,2086-08,2086,8,112.47282886566461,347.8132144590233,-13.68497972275003,-368.2103916325408,0.759500230829472,-11.21776482106935,67.93240737915721,138.04127284497537,293.51802779646516,-52.18284747390068,-320.37372679006006,-2.5062649386197706,-10.800937684864726,45.69552375399525,-25.568443979310757,54.29518666255814,38.49786775115065,-47.83666484248073,3.2657651694492427,-0.4168271362046241,22.23688362516196
CCCma,CanESM5-CanOE,r1i1p2f1,gn,ssp585,2086-09,2086,9,45.30579450542617,337.6113150870303,-5.7067904033840415,-360.5070987087629,-3.421500476858555,-23.10762668267421,-9.82590667922328,63.18456348645751,266.70302478658806,-23.013406979202472,-300.93944393720716,-7.82200411290642,-15.449381194229838,-17.336647950500325,-17.878768981031342,70.90829030044222,17.30661657581843,-59.56765477155574,4.4005036360478655,-7.65824548844437,7.510741271277045
CCCma,CanESM5-CanOE,r1i1p2f1,gn,ssp585,2086-10,2086,10,11.675003629982738,322.9954227297781,-1.5688549459547008,-350.7115534431526,-12.163179102832745,-31.813430438011444,-61.58659157019063,17.249578700676455,229.42952623657507,-6.05648776625267,-269.26043068333587,-15.60508683741619,-19.265371335151645,-63.508271684904834,-5.574575070693717,93.56589649320304,4.48763282029797,-81.45112275981671,3.4419077345834452,-12.5480591028598,1.9216801147142064
CCCma,CanESM5-CanOE,r1i1p2f1,gn,ssp585,2086-11,2086,11,1.78493826523344,306.2753019762665,-0.2627195037687114,-342.0660473605496,-26.928492810416753,-43.122224150489,-104.3192435837241,2.515336833744441,201.51629179882505,-0.852789140129987,-242.618099337239,-18.104257216232263,-18.594844834341938,-76.1383618953737,-0.730398568511001,104.75901017744147,0.5900696363612756,-99.4479480233106,-8.82423559418449,-24.52737931614706,-28.180881688350397
CCCma,CanESM5-CanOE,r1i1p2f1,gn,ssp585,2086-12,2086,12,0.33852683026157254,296.90267229527626,-0.05220443698516381,-334.8242627830201,-28.05803805180532,-39.85351383078743,-105.54681997706018,0.5047198763123734,185.0172678795254,-0.21808210897323796,-226.00776044781924,-16.448539416236862,-17.091682477943937,-74.2440766951355,-0.16619304605080082,111.88540441575086,0.16587767198807415,-108.81650233520088,-11.609498635568457,-22.76183135284349,-31.302743281924677
CCCma,CanESM5-CanOE,r1i1p2f1,gn,ssp585,2087-01,2087,1,0.9207344830906581,286.4763549080858,-0.17629313258520699,-327.8146124420163,-30.11260647788532,-37.68282581830284,-108.38924847961323,1.3942172339713994,176.9672228764132,-0.7437200236333381,-217.63140127830133,-15.69624865399158,-16.575668975850103,-72.28559882139174,-0.4734827508807413,109.5091320316726,0.5674268910481312,-110.18321116371499,-14.416357823893739,-21.107156842452735,-36.103649658221485
CCCma,CanESM5-CanOE,r1i1p2f1,gn,ssp585,2087-02,2087,2,7.567652147051475,270.69436356795353,-1.8805755275858593,-320.7739671025557,-33.14393968274754,-38.48365491218314,-116.02012151006718,10.435125305198977,175.60313356881824,-6.187284967981398,-216.1570761380548,-13.895837664682768,-15.661279088587179,-65.86321898528892,-2.8674731581475017,95.0912299991353,4.306709440395538,-104.61689096450087,-19.248102018064777,-22.822375823595962,-50.15690252477826
CCCma,CanESM5-CanOE,r1i1p2f1,gn,ssp585,2087-03,2087,3,38.310146910919926,274.76420898749745,-9.988233542174068,-319.6494444213212,-25.314224174397694,-33.62268801700465,-75.50023425648024,53.61840029548194,181.90905131575357,-34.67089409376744,-224.510982804252,-11.546834976313114,-14.228565682492963,-49.42982594558999,-15.308253384562015,92.85515767174388,24.68266055159337,-95.13846161706923,-13.76738919808458,-19.394122334511685,-26.07040831089025
CCCma,CanESM5-CanOE,r1i1p2f1,gn,ssp585,2087-04,2087,4,103.7574096815342,281.80758391675994,-25.16115561916442,-323.07727142767953,-16.20401157931768,-26.425088789906784,-5.302533817774336,150.89498619069317,203.6208955771701,-100.99704863032414,-251.65180393294378,-7.9311997876661655,-12.748308979152664,-18.812479562223483,-47.137576509158976,78.18668833958984,75.83589301115973,-71.42546749473576,-8.272811791651513,-13.67677981075412,13.509945744449148
CCCma,CanESM5-CanOE,r1i1p2f1,gn,ssp585,2087-05,2087,5,163.67782830632322,303.2784961874126,-28.865748411768177,-332.79320298043126,-4.362509154617182,-13.563317087727267,87.37154685919192,248.79743010993508,243.09734417111952,-164.04568966482177,-289.5335198494272,-5.887403499858661,-12.858119228604854,19.570042038342113,-85.11960180361186,60.18115201629308,135.17994125305358,-43.25968313100407,1.5248943452414787,-0.7051978591224124,67.80150482084981
CCCma,CanESM5-CanOE,r1i1p2f1,gn,ssp585,2087-06,2087,6,206.73344599242708,323.33507778186276,-24.58881292539958,-349.2046325562737,0.08570934954501686,-9.891892325151723,146.46889531700987,270.8609183255667,281.3191905962504,-161.1879435915762,-314.1864221932955,-4.112286789613121,-11.594284946025898,61.09917140130626,-64.1274723331396,42.01588718561237,136.59913066617662,-35.01821036297815,4.197996139158137,1.7023926208741749,85.36972391570362
CCCma,CanESM5-CanOE,r1i1p2f1,gn,ssp585,2087-07,2087,7,192.29413101680166,338.7826940930858,-22.315204473200076,-364.5278371522552,-0.2704181700188299,-10.160699255446648,133.80266605896676,224.2551920881,294.89674293371723,-102.79903416576022,-321.87172155748266,-1.1109446312367832,-9.39464386725119,83.97559080008637,-31.96106107129833,43.885951159368574,80.48382969256014,-42.65611559477253,0.8405264612179533,-0.7660553881954577,49.8270752588804
CCCma,CanESM5-CanOE,r1i1p2f1,gn,ssp585,2087-08,2087,8,111.91540022057612,349.6737049766516,-13.52934902873177,-369.45311516479694,0.5935877345401482,-11.815959385289473,67.38426935294967,138.04127284497537,293.51802779646516,-52.18284747390068,-320.37372679006006,-2.5062649386197706,-10.800937684864726,45.69552375399525,-26.12587262439925,56.155677180186444,38.65349844516891,-49.07938837473688,3.0998526731599187,-1.0150217004247466,21.68874559895442
CCCma,CanESM5-CanOE,r1i1p2f1,gn,ssp585,2087-09,2087,9,45.62920444466513,340.66225465276955,-5.793700395180972,-362.188725062268,-2.728508942455374,-19.951590333160755,-4.371065635630458,63.18456348645751,266.70302478658806,-23.013406979202472,-300.93944393720716,-7.82200411290642,-15.449381194229838,-17.336647950500325,-17.555359041792386,73.95922986618149,17.219706584021502,-61.24928112506086,5.093495170451046,-4.502209138930917,12.965582314869867
CCCma,CanESM5-CanOE,r1i1p2f1,gn,ssp585,2087-10,2087,10,12.098259194066584,322.6737241751582,-1.6469474725320319,-351.55814318396665,-11.055423068615553,-31.907914924776733,-61.39644528066614,17.249578700676455,229.42952623657507,-6.05648776625267,-269.26043068333587,-15.60508683741619,-19.265371335151645,-63.508271684904834,-5.151319506609871,93.24419793858314,4.409540293720638,-82.29771250063078,4.549663768800636,-12.642543589625088,2.111826404238691
CCCma,CanESM5-CanOE,r1i1p2f1,gn,ssp585,2087-11,2087,11,1.8402601658300122,310.36974777354595,-0.27127928034753596,-342.8205830067627,-19.91915877431515,-37.78274615903842,-88.58375928108788,2.515336833744441,201.51629179882505,-0.852789140129987,-242.618099337239,-18.104257216232263,-18.594844834341938,-76.1383618953737,-0.6750766679144289,108.8534559747209,0.5815098597824511,-100.20248366952373,-1.8149015580828873,-19.18790132469648,-12.445397385714173
CCCma,CanESM5-CanOE,r1i1p2f1,gn,ssp585,2087-12,2087,12,0.3408123363081207,288.5122930883938,-0.04881954807026391,-334.00733063873577,-36.16078159744633,-46.621954644520684,-127.98578100407109,0.5047198763123734,185.0172678795254,-0.21808210897323796,-226.00776044781924,-16.448539416236862,-17.091682477943937,-74.2440766951355,-0.16390754000425267,103.49502520886838,0.16926256090297404,-107.99957019091653,-19.71224218120947,-29.530272166576747,-53.74170430893558
CCCma,CanESM5-CanOE,r1i1p2f1,gn,ssp585,2088-01,2088,1,1.047920005617544,280.3309750994386,-0.19646789581337887,-326.3288025611324,-36.68961170676957,-44.43548611456486,-126.27147317322411,1.3942172339713994,176.9672228764132,-0.7437200236333381,-217.63140127830133,-15.69624865399158,-16.575668975850103,-72.28559882139174,-0.34629722835385546,103.36375222302541,0.5472521278199592,-108.6974012828311,-20.993363052777987,-27.859817138714757,-53.985874351832365
CCCma,CanESM5-CanOE,r1i1p2f1,gn,ssp585,2088-02,2088,2,7.580841626766642,268.91008115694524,-1.8866635083292898,-318.4143494174215,-36.32586185308001,-40.78654872618209,-120.92250072130096,10.435125305198977,175.60313356881824,-6.187284967981398,-216.1570761380548,-13.895837664682768,-15.661279088587179,-65.86321898528892,-2.854283678432335,93.306947588127,4.300621459652108,-102.25727327936667,-22.430024188397248,-25.12526963759491,-55.05928173601204
CCCma,CanESM5-CanOE,r1i1p2f1,gn,ssp585,2088-03,2088,3,36.99851099046962,276.2760681039933,-10.556421755721855,-318.1258750806504,-22.794173531965395,-32.63758382445514,-70.83947509832987,53.61840029548194,181.90905131575357,-34.67089409376744,-224.510982804252,-11.546834976313114,-14.228565682492963,-49.42982594558999,-16.61988930501232,94.36701678823971,24.11447233804558,-93.61489227639842,-11.24733855565228,-18.40901814196218,-21.40964915273988
CCCma,CanESM5-CanOE,r1i1p2f1,gn,ssp585,2088-04,2088,4,99.47809671786774,285.3076253323303,-25.9858648473043,-322.02865054812787,-13.401795055711553,-23.144291582788597,0.22512001626572697,150.89498619069317,203.6208955771701,-100.99704863032414,-251.65180393294378,-7.9311997876661655,-12.748308979152664,-18.812479562223483,-51.41688947282543,81.6867297551602,75.01118378301985,-70.37684661518409,-5.470595268045387,-10.395982603635932,19.03759957848921
CCCma,CanESM5-CanOE,r1i1p2f1,gn,ssp585,2088-05,2088,5,162.39452484270996,303.62036913165906,-27.3006885459076,-332.5459281803101,-4.573014252440683,-15.381670497359194,86.21359249835142,248.79743010993508,243.09734417111952,-164.04568966482177,-289.5335198494272,-5.887403499858661,-12.858119228604854,19.570042038342113,-86.40290526722512,60.523024960539544,136.74500111891416,-43.01240833088292,1.314389247417978,-2.523551268754339,66.64355046000931
CCCma,CanESM5-CanOE,r1i1p2f1,gn,ssp585,2088-06,2088,6,204.0750035650856,321.931548296088,-23.88523953262222,-347.1345959087007,-0.7557315298000651,-9.968895536684318,144.26208935336632,270.8609183255667,281.3191905962504,-161.1879435915762,-314.1864221932955,-4.112286789613121,-11.594284946025898,61.09917140130626,-66.78591476048106,40.61235769983762,137.30270405895396,-32.948173715405176,3.3565552598130557,1.6253894093415795,83.16291795206007
CCCma,CanESM5-CanOE,r1i1p2f1,gn,ssp585,2088-07,2088,7,186.1901264684646,337.52124469454094,-21.851116012566575,-361.5957682303787,1.3134066014916137,-10.16114603518297,131.41674748636885,224.2551920881,294.89674293371723,-102.79903416576022,-321.87172155748266,-1.1109446312367832,-9.39464386725119,83.97559080008637,-38.06506561963539,42.624501760823705,80.94791815319364,-39.724046672896066,2.424351232728397,-0.7665021679317796,47.44115668628248
CCCma,CanESM5-CanOE,r1i1p2f1,gn,ssp585,2088-08,2088,8,112.31063723647621,349.1445277294428,-13.606984883780884,-368.25137881258655,0.7542080887560457,-10.695968013796321,69.6550413445113,138.04127284497537,293.51802779646516,-52.18284747390068,-320.37372679006006,-2.5062649386197706,-10.800937684864726,45.69552375399525,-25.730635608499156,55.62649993297765,38.5758625901198,-47.87765202252649,3.2604730273758165,0.10496967106840493,23.95951759051605
CCCma,CanESM5-CanOE,r1i1p2f1,gn,ssp585,2088-09,2088,9,44.87575297266938,338.0639651340018,-5.589997656298149,-360.30701113067465,-5.001931004960225,-24.003017559375966,-11.962239244637773,63.18456348645751,266.70302478658806,-23.013406979202472,-300.93944393720716,-7.82200411290642,-15.449381194229838,-17.336647950500325,-18.30881051378813,71.36094034741376,17.423409322904323,-59.367567193467494,2.820073107946195,-8.553636365146128,5.374408705862551
CCCma,CanESM5-CanOE,r1i1p2f1,gn,ssp585,2088-10,2088,10,11.743325700408176,324.5416536174646,-1.5463709760933977,-350.8594086177943,-11.3124264681037,-30.357995231239737,-57.7912219753584,17.249578700676455,229.42952623657507,-6.05648776625267,-269.26043068333587,-15.60508683741619,-19.265371335151645,-63.508271684904834,-5.506253000268279,95.11212738088952,4.510116790159272,-81.59897793445845,4.29266036931249,-11.092623896088092,5.717049709546437
CCCma,CanESM5-CanOE,r1i1p2f1,gn,ssp585,2088-11,2088,11,1.7172785900562826,306.6277361606626,-0.24592231897872113,-341.7691821649051,-25.851921252652446,-41.68273766231403,-101.20474864813139,2.515336833744441,201.51629179882505,-0.852789140129987,-242.618099337239,-18.104257216232263,-18.594844834341938,-76.1383618953737,-0.7980582436881585,105.11144436183756,0.6068668211512658,-99.1510828276661,-7.747664036420183,-23.087892827972095,-25.06638675275768
CCCma,CanESM5-CanOE,r1i1p2f1,gn,ssp585,2088-12,2088,12,0.35475244077828616,286.64144062971957,-0.05523033655105104,-332.8949155971501,-37.97666397477928,-47.541220211307724,-131.47183704929031,0.5047198763123734,185.0172678795254,-0.21808210897323796,-226.00776044781924,-16.448539416236862,-17.091682477943937,-74.2440766951355,-0.1499674355340872,101.62417275019416,0.1628517724221869,-106.88715514933085,-21.528124558542416,-30.449537733363787,-57.22776035415481
CCCma,CanESM5-CanOE,r1i1p2f1,gn,ssp585,2089-01,2089,1,0.9334213351686598,276.712834654483,-0.18103894964815817,-324.3329320099859,-35.77260871177436,-41.85531372334138,-124.49563740509812,1.3942172339713994,176.9672228764132,-0.7437200236333381,-217.63140127830133,-15.69624865399158,-16.575668975850103,-72.28559882139174,-0.46079589880273963,99.74561177806982,0.56268107398518,-106.70153073168456,-20.07636005778278,-25.27964474749128,-52.21003858370638
CCCma,CanESM5-CanOE,r1i1p2f1,gn,ssp585,2089-02,2089,2,7.308150127935818,274.24028977118877,-1.8793495094325485,-318.78932573144493,-27.90247715733262,-37.62441370931225,-104.64712620839776,10.435125305198977,175.60313356881824,-6.187284967981398,-216.1570761380548,-13.895837664682768,-15.661279088587179,-65.86321898528892,-3.1269751772631587,98.63715620237053,4.307935458548849,-102.63224959339013,-14.006639492649851,-21.96313462072507,-38.78390722310884
CCCma,CanESM5-CanOE,r1i1p2f1,gn,ssp585,2089-03,2089,3,36.33537559228863,273.31540294700915,-10.408714567517269,-317.60487140801325,-24.6843781582795,-33.56911406833755,-76.6162996628498,53.61840029548194,181.90905131575357,-34.67089409376744,-224.510982804252,-11.546834976313114,-14.228565682492963,-49.42982594558999,-17.283024703193313,91.40635163125557,24.26217952625017,-93.09388860376126,-13.137543181966386,-19.340548385844585,-27.18647371725981
CCCma,CanESM5-CanOE,r1i1p2f1,gn,ssp585,2089-04,2089,4,103.37761889753304,283.9485684586484,-27.666783076901794,-322.2792749654838,-9.117559195193977,-19.90761941257816,8.354950706023725,150.89498619069317,203.6208955771701,-100.99704863032414,-251.65180393294378,-7.9311997876661655,-12.748308979152664,-18.812479562223483,-47.517367293160135,80.32767288147832,73.33026555342235,-70.62747103254003,-1.186359407527811,-7.159310433425496,27.16743026824721
CCCma,CanESM5-CanOE,r1i1p2f1,gn,ssp585,2089-05,2089,5,167.1064373156163,301.25101179111357,-32.44876364899697,-332.1546918491657,-3.8470181877236564,-15.618034465222653,84.28894095562084,248.79743010993508,243.09734417111952,-164.04568966482177,-289.5335198494272,-5.887403499858661,-12.858119228604854,19.570042038342113,-81.69099279431879,58.15366761999405,131.5969260158248,-42.62117199973852,2.0403853121350046,-2.7599152366177986,64.71889891727874
CCCma,CanESM5-CanOE,r1i1p2f1,gn,ssp585,2089-06,2089,6,209.54093548186128,321.6677752269002,-24.824283724643003,-347.87436981111347,0.8587888058947372,-8.936095041225332,150.4327509376744,270.8609183255667,281.3191905962504,-161.1879435915762,-314.1864221932955,-4.112286789613121,-11.594284946025898,61.09917140130626,-61.31998284370539,40.34858463064978,136.36365986693318,-33.68794761781794,4.971075595507858,2.6581899048005653,89.33357953636815
CCCma,CanESM5-CanOE,r1i1p2f1,gn,ssp585,2089-07,2089,7,186.9187840426531,339.9421093516632,-21.5079459792113,-363.3283329969972,1.249355597610485,-8.7615684985776,134.51240151714066,224.2551920881,294.89674293371723,-102.79903416576022,-321.87172155748266,-1.1109446312367832,-9.39464386725119,83.97559080008637,-37.33640804544689,45.04536641794596,81.29108818654892,-41.45661143951452,2.3603002288472683,0.633075368673591,50.536810717054294
CCCma,CanESM5-CanOE,r1i1p2f1,gn,ssp585,2089-08,2089,8,115.00757061499365,345.1187362594954,-13.959125018422446,-367.3633953472635,0.22306317170021783,-12.017122221530606,67.00972745897266,138.04127284497537,293.51802779646516,-52.18284747390068,-320.37372679006006,-2.5062649386197706,-10.800937684864726,45.69552375399525,-23.033702229981714,51.60070846303023,38.22372245547823,-46.98966855720346,2.7293281103199885,-1.21618453666588,21.31420370497741
CCCma,CanESM5-CanOE,r1i1p2f1,gn,ssp585,2089-09,2089,9,47.67681395856001,336.5627921253753,-6.1786613019580665,-360.5929679623401,-4.615686249761131,-23.28854838920324,-10.436257819327212,63.18456348645751,266.70302478658806,-23.013406979202472,-300.93944393720716,-7.82200411290642,-15.449381194229838,-17.336647950500325,-15.507749527897502,69.85976733878726,16.834745677244406,-59.653524025132924,3.206317863145289,-7.839167194973401,6.900390131173113
CCCma,CanESM5-CanOE,r1i1p2f1,gn,ssp585,2089-10,2089,10,11.271305060542954,322.77944337223306,-1.4619442771570728,-350.6237200205272,-13.828599208818657,-34.61401123582171,-66.47752630954858,17.249578700676455,229.42952623657507,-6.05648776625267,-269.26043068333587,-15.60508683741619,-19.265371335151645,-63.508271684904834,-5.9782736401335015,93.34991713565799,4.594543489095598,-81.3632893371913,1.7764876285975326,-15.348639900670062,-2.969254624643746
CCCma,CanESM5-CanOE,r1i1p2f1,gn,ssp585,2089-11,2089,11,1.75250902443526,307.73934422738824,-0.2534289686139091,-342.1249135040292,-25.2268081053336,-39.94804296067936,-98.06134028683257,2.515336833744441,201.51629179882505,-0.852789140129987,-242.618099337239,-18.104257216232263,-18.594844834341938,-76.1383618953737,-0.7628278093091811,106.2230524285632,0.5993601715160779,-99.50681416679024,-7.122550889101337,-21.35319812633742,-21.92297839145887
CCCma,CanESM5-CanOE,r1i1p2f1,gn,ssp585,2089-12,2089,12,0.3854483045609581,287.5375399461474,-0.05513790162994057,-333.5807423117078,-37.8381466663296,-47.199695793490214,-130.75073442244926,0.5047198763123734,185.0172678795254,-0.21808210897323796,-226.00776044781924,-16.448539416236862,-17.091682477943937,-74.2440766951355,-0.11927157175141528,102.52027206662197,0.1629442073432974,-107.57298186388857,-21.389607250092737,-30.108013315546277,-56.50665772731375
CCCma,CanESM5-CanOE,r1i1p2f1,gn,ssp585,2090-01,2090,1,1.0084392120426662,279.8377893994713,-0.18611817157545024,-325.8336499944794,-33.599569123036254,-41.540307382831394,-120.31341606040851,1.3942172339713994,176.9672228764132,-0.7437200236333381,-217.63140127830133,-15.69624865399158,-16.575668975850103,-72.28559882139174,-0.38577802192873323,102.87056652305813,0.5576018520578878,-108.20224871617808,-17.903320469044672,-24.96463840698129,-48.02781723901677
CCCma,CanESM5-CanOE,r1i1p2f1,gn,ssp585,2090-02,2090,2,7.338802971701865,271.7257741779724,-1.8086769512378154,-319.1434980087521,-32.10195967614734,-38.91904836716845,-112.90860585363143,10.435125305198977,175.60313356881824,-6.187284967981398,-216.1570761380548,-13.895837664682768,-15.661279088587179,-65.86321898528892,-3.0963223334971115,96.12264060915419,4.378608016743582,-102.98642187069728,-18.206122011464572,-23.25776927858127,-47.045386868342504
CCCma,CanESM5-CanOE,r1i1p2f1,gn,ssp585,2090-03,2090,3,38.784591218007186,268.8638009229505,-10.872964152699558,-316.80855503539095,-26.022396886801765,-35.097111498396906,-81.15263543233156,53.61840029548194,181.90905131575357,-34.67089409376744,-224.510982804252,-11.546834976313114,-14.228565682492963,-49.42982594558999,-14.833809077474754,86.9547496071969,23.797929941067878,-92.29757223113896,-14.47556191048865,-20.868545815903943,-31.722809486741575
CCCma,CanESM5-CanOE,r1i1p2f1,gn,ssp585,2090-04,2090,4,105.17473339448522,281.34846935176483,-26.683011129316807,-322.3859860762713,-12.85375946362823,-24.181808267032263,0.4186378100014245,150.89498619069317,203.6208955771701,-100.99704863032414,-251.65180393294378,-7.9311997876661655,-12.748308979152664,-18.812479562223483,-45.72025279620796,77.72757377459473,74.31403750100733,-70.73418214332753,-4.922559675962064,-11.433499287879599,19.231117372224908
CCCma,CanESM5-CanOE,r1i1p2f1,gn,ssp585,2090-05,2090,5,162.31086028409806,303.4742998892541,-25.192081402962618,-332.582732117922,-5.060900877148549,-15.048466150934741,87.90097962438425,248.79743010993508,243.09734417111952,-164.04568966482177,-289.5335198494272,-5.887403499858661,-12.858119228604854,19.570042038342113,-86.48656982583702,60.37695571813458,138.85360826185914,-43.049212268494784,0.8265026227101124,-2.190346922329887,68.33093758604214
CCCma,CanESM5-CanOE,r1i1p2f1,gn,ssp585,2090-06,2090,6,194.60820814958683,322.28717646448274,-22.354725003917427,-346.23834009624784,1.9242915999385082,-8.881799904423838,141.34481120941896,270.8609183255667,281.3191905962504,-161.1879435915762,-314.1864221932955,-4.112286789613121,-11.594284946025898,61.09917140130626,-76.25271017597984,40.96798586823235,138.83321858765876,-32.05191790295231,6.036578389551629,2.7124850416020596,80.24563980811271
CCCma,CanESM5-CanOE,r1i1p2f1,gn,ssp585,2090-07,2090,7,187.7290508139068,336.4875977372948,-21.713766578539907,-360.78477916346264,0.9362875474223662,-10.042567868412629,132.61182248820882,224.2551920881,294.89674293371723,-102.79903416576022,-321.87172155748266,-1.1109446312367832,-9.39464386725119,83.97559080008637,-36.52614127419318,41.59085480357754,81.08526758722032,-38.913057605979986,2.0472321786591494,-0.6479240011614387,48.63623168812245
CCCma,CanESM5-CanOE,r1i1p2f1,gn,ssp585,2090-08,2090,8,113.96394695959694,345.263436494916,-13.703477151805194,-365.7789562130647,0.634140685269145,-10.897575256256314,69.48151551865588,138.04127284497537,293.51802779646516,-52.18284747390068,-320.37372679006006,-2.5062649386197706,-10.800937684864726,45.69552375399525,-24.07732588537843,51.74540869845083,38.479370322095484,-45.40522942300464,3.1404056238889155,-0.09663757139158768,23.78599176466063
CCCma,CanESM5-CanOE,r1i1p2f1,gn,ssp585,2090-09,2090,9,46.04408930671247,337.4835860875648,-5.8459610168533604,-359.27967724942215,-3.7585866130133208,-20.032791468273302,-5.389340953284901,63.18456348645751,266.70302478658806,-23.013406979202472,-300.93944393720716,-7.82200411290642,-15.449381194229838,-17.336647950500325,-17.14047417974504,70.78056130097673,17.167445962349113,-58.34023331221499,4.063417499893099,-4.583410274043464,11.947306997215424
CCCma,CanESM5-CanOE,r1i1p2f1,gn,ssp585,2090-10,2090,10,11.632872872438762,321.10189151890876,-1.5202919195246252,-350.2931373503661,-16.417432826285438,-37.73462604149695,-73.23072374632562,17.249578700676455,229.42952623657507,-6.05648776625267,-269.26043068333587,-15.60508683741619,-19.265371335151645,-63.508271684904834,-5.616705828237693,91.67236528233369,4.536195846728045,-81.03270666703025,-0.8123459888692484,-18.469254706345307,-9.722452061420789
CCCma,CanESM5-CanOE,r1i1p2f1,gn,ssp585,2090-11,2090,11,1.734162557364682,306.2836385817647,-0.24054690040327384,-341.5464844173174,-25.78461418257561,-40.94601593090589,-100.49986029207277,2.515336833744441,201.51629179882505,-0.852789140129987,-242.618099337239,-18.104257216232263,-18.594844834341938,-76.1383618953737,-0.7811742763797591,104.76734678293965,0.6122422397267131,-98.92838508007841,-7.680356966343346,-22.35117109656395,-24.361498396699062
CCCma,CanESM5-CanOE,r1i1p2f1,gn,ssp585,2090-12,2090,12,0.3647576586380869,292.71969909959944,-0.055410485930243204,-334.0946246965437,-29.996760482195874,-42.24617662946978,-113.30851553590202,0.5047198763123734,185.0172678795254,-0.21808210897323796,-226.00776044781924,-16.448539416236862,-17.091682477943937,-74.2440766951355,-0.13996221767428646,107.70243122007403,0.16267162304299476,-108.08686424872445,-13.548221065959012,-25.154494151525842,-39.06443884076651
CCCma,CanESM5-CanOE,r1i1p2f1,gn,ssp585,2091-01,2091,1,0.9998840105201656,291.79053410507703,-0.18336319386539068,-328.54450253859187,-25.746674488930996,-36.34679847099462,-98.03092057678563,1.3942172339713994,176.9672228764132,-0.7437200236333381,-217.63140127830133,-15.69624865399158,-16.575668975850103,-72.28559882139174,-0.3943332234512338,114.82331122866384,0.5603568297679474,-110.91310126029055,-10.050425834939416,-19.771129495144518,-25.74532175539389
CCCma,CanESM5-CanOE,r1i1p2f1,gn,ssp585,2091-02,2091,2,7.005703487095985,281.40915028138056,-1.669862662718283,-322.85086011262496,-25.149204449885904,-34.35289994162021,-95.60797339837283,10.435125305198977,175.60313356881824,-6.187284967981398,-216.1570761380548,-13.895837664682768,-15.661279088587179,-65.86321898528892,-3.429421818102991,105.80601671256233,4.517422305263115,-106.69378397457015,-11.253366785203136,-18.69162085303303,-29.74475441308391
CCCma,CanESM5-CanOE,r1i1p2f1,gn,ssp585,2091-03,2091,3,36.139772639767635,282.3308990612449,-9.53173801106665,-321.19930295793336,-16.349282379654483,-29.63340314271425,-58.243054790356204,53.61840029548194,181.90905131575357,-34.67089409376744,-224.510982804252,-11.546834976313114,-14.228565682492963,-49.42982594558999,-17.478627655714305,100.42184774549133,25.139156082700786,-96.68832015368136,-4.802447403341368,-15.404837460221287,-8.813228844766215
CCCma,CanESM5-CanOE,r1i1p2f1,gn,ssp585,2091-04,2091,4,105.5854331544223,283.38602079555744,-24.93090265050686,-324.93415024993294,-13.72973862928246,-24.47067830408294,0.9059841161744977,150.89498619069317,203.6208955771701,-100.99704863032414,-251.65180393294378,-7.9311997876661655,-12.748308979152664,-18.812479562223483,-45.30955303627087,79.76512521838734,76.06614597981729,-73.28234631698916,-5.798538841616295,-11.722369324930277,19.71846367839798
CCCma,CanESM5-CanOE,r1i1p2f1,gn,ssp585,2091-05,2091,5,169.81783844430998,302.0911544304968,-28.814297052115215,-334.36702076435785,-5.448128457653004,-15.899687019311214,87.3798595813695,248.79743010993508,243.09734417111952,-164.04568966482177,-289.5335198494272,-5.887403499858661,-12.858119228604854,19.570042038342113,-78.9795916656251,58.993810259377256,135.23139261270654,-44.83350091493065,0.43927504220565705,-3.0415677907063596,67.80981754302739
CCCma,CanESM5-CanOE,r1i1p2f1,gn,ssp585,2091-06,2091,6,216.55948502262387,324.16111780981595,-25.32012705962828,-351.7164557786729,-0.37140355848670237,-9.614320316849998,153.69829611880192,270.8609183255667,281.3191905962504,-161.1879435915762,-314.1864221932955,-4.112286789613121,-11.594284946025898,61.09917140130626,-54.3014333029428,42.841927213565555,135.8678165319479,-37.530033585377396,3.7408832311264186,1.9799646291758997,92.59912471749567
CCCma,CanESM5-CanOE,r1i1p2f1,gn,ssp585,2091-07,2091,7,191.19098329196606,346.7408952083129,-22.06005803495997,-370.6849010705659,-0.2150677958986562,-10.152347252031916,134.81950434682258,224.2551920881,294.89674293371723,-102.79903416576022,-321.87172155748266,-1.1109446312367832,-9.39464386725119,83.97559080008637,-33.064208796133926,51.84415227459567,80.73897613080025,-48.81317951308324,0.895876835338127,-0.7577033847807257,50.84391354673622
CCCma,CanESM5-CanOE,r1i1p2f1,gn,ssp585,2091-08,2091,8,109.41799101880535,350.4257948694681,-13.21512426197653,-370.8370666965421,-0.011419390786419282,-13.964471388143654,61.8157041508248,138.04127284497537,293.51802779646516,-52.18284747390068,-320.37372679006006,-2.5062649386197706,-10.800937684864726,45.69552375399525,-28.623281826170015,56.90776707300296,38.96772321192415,-50.46333990648202,2.4948455478333513,-3.1635337032789277,16.120180396829547
CCCma,CanESM5-CanOE,r1i1p2f1,gn,ssp585,2091-09,2091,9,46.32556461834969,340.99301560492984,-5.89614073898979,-363.3262392403784,-2.7598055867083953,-21.36927616176189,-6.032881504558972,63.18456348645751,266.70302478658806,-23.013406979202472,-300.93944393720716,-7.82200411290642,-15.449381194229838,-17.336647950500325,-16.858998868107825,74.28999081834178,17.117266240212683,-62.386795303171255,5.062198526198024,-5.91989496753205,11.303766445941353
CCCma,CanESM5-CanOE,r1i1p2f1,gn,ssp585,2091-10,2091,10,11.608462880743993,327.40435837341977,-1.5254422832090269,-353.972611422904,-10.753769112495139,-32.06997214963417,-59.30897371407853,17.249578700676455,229.42952623657507,-6.05648776625267,-269.26043068333587,-15.60508683741619,-19.265371335151645,-63.508271684904834,-5.6411158199324625,97.9748321368447,4.531045483043643,-84.71218073956811,4.851317724921051,-12.804600814482523,4.199297970826301
CCCma,CanESM5-CanOE,r1i1p2f1,gn,ssp585,2091-11,2091,11,1.8375257583697673,309.82382765445544,-0.26420971752046324,-344.2647948502203,-25.78957731534393,-45.39512639965968,-104.05235486991918,2.515336833744441,201.51629179882505,-0.852789140129987,-242.618099337239,-18.104257216232263,-18.594844834341938,-76.1383618953737,-0.6778110753746738,108.30753585563039,0.5885794226095238,-101.64669551298132,-7.685320099111667,-26.800281565317743,-27.91399297454548
CCCma,CanESM5-CanOE,r1i1p2f1,gn,ssp585,2091-12,2091,12,0.3395304235974079,292.7149869946153,-0.05012209609606457,-335.62425377163964,-33.10590300609624,-46.36735169005756,-122.09311314567681,0.5047198763123734,185.0172678795254,-0.21808210897323796,-226.00776044781924,-16.448539416236862,-17.091682477943937,-74.2440766951355,-0.16518945271496543,107.69771911508988,0.16796001287717338,-109.61649332382041,-16.65736358985938,-29.275669212113623,-47.849036450541305
CCCma,CanESM5-CanOE,r1i1p2f1,gn,ssp585,2092-01,2092,1,1.0143378496752018,286.37102272478916,-0.19058174667980607,-329.2033821462498,-35.02141679437048,-45.43451277770475,-122.46453289054048,1.3942172339713994,176.9672228764132,-0.7437200236333381,-217.63140127830133,-15.69624865399158,-16.575668975850103,-72.28559882139174,-0.3798793842961976,109.40379984837597,0.553138276953532,-111.57198086794847,-19.3251681403789,-28.858843801854643,-50.17893406914874
CCCma,CanESM5-CanOE,r1i1p2f1,gn,ssp585,2092-02,2092,2,7.683408162674133,274.2022283024307,-1.8457346417653278,-322.6920315213635,-32.81177841662872,-40.316736418192775,-115.7806445328455,10.435125305198977,175.60313356881824,-6.187284967981398,-216.1570761380548,-13.895837664682768,-15.661279088587179,-65.86321898528892,-2.7517171425248437,98.59909473361245,4.341550326216071,-106.5349553833087,-18.915940751945953,-24.655457329605596,-49.917425547556576
CCCma,CanESM5-CanOE,r1i1p2f1,gn,ssp585,2092-03,2092,3,37.71776679790511,277.0416482601298,-10.036569438446712,-322.28743404857596,-25.390809841072826,-36.55843928255134,-79.5138375526119,53.61840029548194,181.90905131575357,-34.67089409376744,-224.510982804252,-11.546834976313114,-14.228565682492963,-49.42982594558999,-15.900633497576834,95.13259694437625,24.634324655320725,-97.77645124432397,-13.843974864759712,-22.329873600058377,-30.084011607021914
CCCma,CanESM5-CanOE,r1i1p2f1,gn,ssp585,2092-04,2092,4,98.8252329000489,288.3035667521409,-22.158264576436554,-326.35814943382303,-12.82642728998239,-27.110930353652133,-1.3249720017043352,150.89498619069317,203.6208955771701,-100.99704863032414,-251.65180393294378,-7.9311997876661655,-12.748308979152664,-18.812479562223483,-52.06975329064427,84.6826711749708,78.8387840538876,-74.70634550087925,-4.895227502316225,-14.362621374499469,17.48750756051915
CCCma,CanESM5-CanOE,r1i1p2f1,gn,ssp585,2092-05,2092,5,164.40682257553237,305.4441886514532,-25.479809390741213,-335.19881923619147,-3.2830385455256565,-14.744676926968204,91.14466712755905,248.79743010993508,243.09734417111952,-164.04568966482177,-289.5335198494272,-5.887403499858661,-12.858119228604854,19.570042038342113,-84.3906075344027,62.34684448033369,138.56588027408054,-45.665299386764275,2.6043649543330045,-1.8865576983633492,71.57462508921694
CCCma,CanESM5-CanOE,r1i1p2f1,gn,ssp585,2092-06,2092,6,219.32906626323657,324.1502918926382,-25.697266611836483,-352.41456805215694,0.4575673499620584,-9.127869258187163,156.69722158365636,270.8609183255667,281.3191905962504,-161.1879435915762,-314.1864221932955,-4.112286789613121,-11.594284946025898,61.09917140130626,-51.5318520623301,42.83110129638783,135.4906769797397,-38.22814585886141,4.569854139575179,2.466415687838735,95.59805018235011
CCCma,CanESM5-CanOE,r1i1p2f1,gn,ssp585,2092-07,2092,7,193.8455443933253,341.23266019862183,-22.51850810733555,-366.97597256462797,0.711294391384505,-10.606497023036413,135.68852128833169,224.2551920881,294.89674293371723,-102.79903416576022,-321.87172155748266,-1.1109446312367832,-9.39464386725119,83.97559080008637,-30.40964769477469,46.335917264904595,80.28052605842467,-45.10425100714531,1.8222390226212881,-1.2118531557852226,51.71293048824532
CCCma,CanESM5-CanOE,r1i1p2f1,gn,ssp585,2092-08,2092,8,112.81032942079452,351.4387042965263,-13.67645675808905,-371.01625126349757,0.44088392303216645,-11.034207441019067,68.96300217774728,138.04127284497537,293.51802779646516,-52.18284747390068,-320.37372679006006,-2.5062649386197706,-10.800937684864726,45.69552375399525,-25.23094342418085,57.92067650006112,38.506390715811634,-50.642524473437504,2.9471488616519372,-0.23326975615434087,23.26747842375203
CCCma,CanESM5-CanOE,r1i1p2f1,gn,ssp585,2092-09,2092,9,45.384075960197116,340.14420816619486,-5.679280190936004,-363.53301071392093,-5.050771940475929,-27.58267946279073,-16.317458181731663,63.18456348645751,266.70302478658806,-23.013406979202472,-300.93944393720716,-7.82200411290642,-15.449381194229838,-17.336647950500325,-17.800487526260397,73.4411833796068,17.334126788266467,-62.59356677671377,2.7712321724304907,-12.13329826856089,1.019189768768662
CCCma,CanESM5-CanOE,r1i1p2f1,gn,ssp585,2092-10,2092,10,11.669132731365604,320.6660267311512,-1.5641560888141488,-352.2152268775526,-17.932189376400157,-40.54975345493446,-79.92616633518459,17.249578700676455,229.42952623657507,-6.05648776625267,-269.26043068333587,-15.60508683741619,-19.265371335151645,-63.508271684904834,-5.580445969310851,91.23650049457612,4.492331677438521,-82.95479619421673,-2.327102538983967,-21.284382119782816,-16.417894650279756
CCCma,CanESM5-CanOE,r1i1p2f1,gn,ssp585,2092-11,2092,11,1.7829646229777605,310.09962605978353,-0.25798943264331325,-344.02607588474234,-22.980673888077444,-42.819762666680425,-98.2019111893822,2.515336833744441,201.51629179882505,-0.852789140129987,-242.618099337239,-18.104257216232263,-18.594844834341938,-76.1383618953737,-0.7323722107666806,108.58333426095848,0.5947997074866738,-101.40797654750335,-4.876416671845181,-24.224917832338488,-22.063549294008496
CCCma,CanESM5-CanOE,r1i1p2f1,gn,ssp585,2092-12,2092,12,0.33453887950877853,299.071837262429,-0.050933688300235834,-337.1730198386504,-27.157567558160185,-41.12631650119548,-106.10146144436851,0.5047198763123734,185.0172678795254,-0.21808210897323796,-226.00776044781924,-16.448539416236862,-17.091682477943937,-74.2440766951355,-0.17018099680359483,114.05456938290362,0.16714842067300212,-111.16525939083118,-10.709028141923323,-24.034634023251545,-31.857384749233006
CCCma,CanESM5-CanOE,r1i1p2f1,gn,ssp585,2093-01,2093,1,1.0004818061041132,292.58211816251554,-0.18699404879388087,-331.58185337771874,-29.000139151820555,-40.25112083209395,-107.4375074418075,1.3942172339713994,176.9672228764132,-0.7437200236333381,-217.63140127830133,-15.69624865399158,-16.575668975850103,-72.28559882139174,-0.3937354278672862,115.61489528610235,0.5567259748394573,-113.95045209941742,-13.303890497828975,-23.67545185624385,-35.15190862041575
CCCma,CanESM5-CanOE,r1i1p2f1,gn,ssp585,2093-02,2093,2,6.945070854297392,280.3385654725528,-1.669172519768797,-325.28485488706275,-32.97522424396194,-42.349155886609786,-114.9947712105531,10.435125305198977,175.60313356881824,-6.187284967981398,-216.1570761380548,-13.895837664682768,-15.661279088587179,-65.86321898528892,-3.4900544509015843,104.73543190373454,4.518112448212602,-109.12777874900794,-19.079386579279173,-26.687876798022607,-49.13155222526417
CCCma,CanESM5-CanOE,r1i1p2f1,gn,ssp585,2093-03,2093,3,36.98969367969329,276.7797022561575,-9.813371171614492,-322.7603813879684,-28.017816090016275,-37.737986900463156,-84.5601596142115,53.61840029548194,181.90905131575357,-34.67089409376744,-224.510982804252,-11.546834976313114,-14.228565682492963,-49.42982594558999,-16.62870661578865,94.87065094040395,24.857522922152945,-98.24939858371638,-16.47098111370316,-23.509421217970193,-35.13033366862151
CCCma,CanESM5-CanOE,r1i1p2f1,gn,ssp585,2093-04,2093,4,97.62266850939427,288.2675762171129,-23.16488624646265,-326.7668073603249,-17.623558649277605,-29.369031400161152,-11.034038929719127,150.89498619069317,203.6208955771701,-100.99704863032414,-251.65180393294378,-7.9311997876661655,-12.748308979152664,-18.812479562223483,-53.2723176812989,84.64668063994279,77.83216238386149,-75.11500342738111,-9.692358861611439,-16.620722421008487,7.778440632504356
CCCma,CanESM5-CanOE,r1i1p2f1,gn,ssp585,2093-05,2093,5,158.68919892540708,306.2787305812146,-27.122416658294433,-335.35575225185136,-4.2005580051087295,-16.56853759275138,81.72066499861577,248.79743010993508,243.09734417111952,-164.04568966482177,-289.5335198494272,-5.887403499858661,-12.858119228604854,19.570042038342113,-90.108231184528,63.18138641009506,136.92327300652732,-45.82223240242416,1.6868454947499316,-3.710418364146525,62.150622960273665
CCCma,CanESM5-CanOE,r1i1p2f1,gn,ssp585,2093-06,2093,6,206.7615681561724,324.2942216947471,-24.32921325341369,-350.92566357158535,0.352564514968834,-10.675934049983528,145.47754349090576,270.8609183255667,281.3191905962504,-161.1879435915762,-314.1864221932955,-4.112286789613121,-11.594284946025898,61.09917140130626,-64.09935016939428,42.975031098496686,136.8587303381625,-36.73924137828982,4.464851304581955,0.9183508960423694,84.37837208959951
CCCma,CanESM5-CanOE,r1i1p2f1,gn,ssp585,2093-07,2093,7,194.15949433789365,340.9297425576927,-22.57802050280367,-366.52909764000566,-0.3397363845213402,-10.616616293823535,135.02576607443203,224.2551920881,294.89674293371723,-102.79903416576022,-321.87172155748266,-1.1109446312367832,-9.39464386725119,83.97559080008637,-30.09569775020634,46.032999623975456,80.22101366295655,-44.657376082523,0.7712082467154431,-1.2219724265723446,51.05017527434566
CCCma,CanESM5-CanOE,r1i1p2f1,gn,ssp585,2093-08,2093,8,112.06133563494976,350.8913545652,-13.635601582370628,-370.7789075634231,0.32210677308392005,-12.354451642727028,66.5058361847129,138.04127284497537,293.51802779646516,-52.18284747390068,-320.37372679006006,-2.5062649386197706,-10.800937684864726,45.69552375399525,-25.97993721002561,57.37332676873484,38.54724589153005,-50.40518077336304,2.828371711703691,-1.553513957862302,20.81031243071765
CCCma,CanESM5-CanOE,r1i1p2f1,gn,ssp585,2093-09,2093,9,44.629957026021295,342.88146472246626,-5.642857549955167,-364.3172166646701,-3.2109964759164025,-21.680047112738546,-7.339696054792679,63.18456348645751,266.70302478658806,-23.013406979202472,-300.93944393720716,-7.82200411290642,-15.449381194229838,-17.336647950500325,-18.55460646043622,76.1784399358782,17.370549429247305,-63.37777272746297,4.611007636990017,-6.230665918508707,9.996951895707646
CCCma,CanESM5-CanOE,r1i1p2f1,gn,ssp585,2093-10,2093,10,11.289889095305156,327.7070368728529,-1.4939874416918346,-354.47028997113733,-12.383519662849963,-34.37738390265134,-63.728255010172425,17.249578700676455,229.42952623657507,-6.05648776625267,-269.26043068333587,-15.60508683741619,-19.265371335151645,-63.508271684904834,-5.959689605371299,98.27751063627781,4.562500324560835,-85.20985928780146,3.2215671745662267,-15.112012567499693,-0.21998332526759157
CCCma,CanESM5-CanOE,r1i1p2f1,gn,ssp585,2093-11,2093,11,1.6793249956504266,315.1965145828846,-0.23424296690767293,-345.96963253439674,-19.237213373503668,-36.9547457298003,-85.51999502607336,2.515336833744441,201.51629179882505,-0.852789140129987,-242.618099337239,-18.104257216232263,-18.594844834341938,-76.1383618953737,-0.8360118380940145,113.68022278405957,0.6185461732223141,-103.35153319715775,-1.1329561572714049,-18.359900895458363,-9.381633130699655
CCCma,CanESM5-CanOE,r1i1p2f1,gn,ssp585,2093-12,2093,12,0.32974619119745185,297.7784921508947,-0.046730214298231425,-337.63223167446546,-33.93694925315886,-45.99290374415626,-119.50057654398668,0.5047198763123734,185.0172678795254,-0.21808210897323796,-226.00776044781924,-16.448539416236862,-17.091682477943937,-74.2440766951355,-0.1749736851149215,112.76122427136929,0.17135189467500653,-111.62447122664622,-17.488409836921996,-28.90122126621232,-45.25649984885118
CCCma,CanESM5-CanOE,r1i1p2f1,gn,ssp585,2094-01,2094,1,0.9857616762739833,285.5693717525601,-0.17471000601351913,-330.9141480197905,-36.479396257069936,-45.96011934862575,-126.97324020266568,1.3942172339713994,176.9672228764132,-0.7437200236333381,-217.63140127830133,-15.69624865399158,-16.575668975850103,-72.28559882139174,-0.40845555769741615,108.60214887614688,0.569010017619819,-113.28274674148918,-20.783147603078355,-29.38445037277565,-54.687641381273934
CCCma,CanESM5-CanOE,r1i1p2f1,gn,ssp585,2094-02,2094,2,7.136982608413434,275.6327096710258,-1.6413777592675998,-324.24927786460137,-33.039634481916146,-41.27255176450264,-117.43314959084849,10.435125305198977,175.60313356881824,-6.187284967981398,-216.1570761380548,-13.895837664682768,-15.661279088587179,-65.86321898528892,-3.2981426967855425,100.02957610220756,4.545907208713798,-108.09220172654656,-19.14379681723338,-25.61127267591546,-51.56993060555956
CCCma,CanESM5-CanOE,r1i1p2f1,gn,ssp585,2094-03,2094,3,36.887986836946105,276.46204648649024,-8.837331498496368,-323.3740382307591,-30.39085597912148,-39.8683637782825,-89.12055616322313,53.61840029548194,181.90905131575357,-34.67089409376744,-224.510982804252,-11.546834976313114,-14.228565682492963,-49.42982594558999,-16.730413458535836,94.55299517073666,25.83356259527107,-98.86305542650709,-18.844021002808365,-25.639798095789537,-39.69073021763314
CCCma,CanESM5-CanOE,r1i1p2f1,gn,ssp585,2094-04,2094,4,95.8209352421171,293.8644759950882,-20.878500848371097,-327.7943423207835,-8.090333635913371,-20.518211656395817,12.40402277574147,150.89498619069317,203.6208955771701,-100.99704863032414,-251.65180393294378,-7.9311997876661655,-12.748308979152664,-18.812479562223483,-55.07405094857607,90.24358041791808,80.11854778195305,-76.14253838783975,-0.15913384824720556,-7.769902677243152,31.216502337964954
CCCma,CanESM5-CanOE,r1i1p2f1,gn,ssp585,2094-05,2094,5,165.4540619426158,307.44794926380473,-25.024978167286548,-337.3327333019647,-3.1496918181860094,-12.595315154003801,94.79929276497943,248.79743010993508,243.09734417111952,-164.04568966482177,-289.5335198494272,-5.887403499858661,-12.858119228604854,19.570042038342113,-83.34336816731928,64.35060509268521,139.02071149753522,-47.799213452537515,2.7377116816726517,0.2628040746010534,75.22925072663732
CCCma,CanESM5-CanOE,r1i1p2f1,gn,ssp585,2094-06,2094,6,210.63361838567278,325.7858565419715,-24.547878503724913,-353.4729864515589,0.11533792284764363,-12.049358282290731,146.46458961291737,270.8609183255667,281.3191905962504,-161.1879435915762,-314.1864221932955,-4.112286789613121,-11.594284946025898,61.09917140130626,-60.227299939893896,44.466665945721104,136.64006508785127,-39.286564258263354,4.227624712460765,-0.4550733362648334,85.36541821161111
CCCma,CanESM5-CanOE,r1i1p2f1,gn,ssp585,2094-07,2094,7,188.77599874306682,347.0246555266352,-22.173161470061753,-368.7874649883404,2.216330449115335,-8.95826509021718,138.0980931701981,224.2551920881,294.89674293371723,-102.79903416576022,-321.87172155748266,-1.1109446312367832,-9.39464386725119,83.97559080008637,-35.47919334503317,52.12791259291794,80.62587269569846,-46.91574343085773,3.327275080352118,0.43637877703400996,54.12250237011173
CCCma,CanESM5-CanOE,r1i1p2f1,gn,ssp585,2094-08,2094,8,112.55679141244666,351.58115205059676,-13.646347099293445,-372.2633722629161,0.7485792449850409,-13.128242557975007,65.8485607878439,138.04127284497537,293.51802779646516,-52.18284747390068,-320.37372679006006,-2.5062649386197706,-10.800937684864726,45.69552375399525,-25.48448143252871,58.063124254131594,38.536500374607236,-51.889645472856046,3.2548441836048116,-2.327304873110281,20.15303703384864
CCCma,CanESM5-CanOE,r1i1p2f1,gn,ssp585,2094-09,2094,9,47.71984674487995,341.20472281295247,-6.107530792776531,-364.5275959576647,-1.829970475902742,-20.678587299366573,-4.219114967878117,63.18456348645751,266.70302478658806,-23.013406979202472,-300.93944393720716,-7.82200411290642,-15.449381194229838,-17.336647950500325,-15.464716741577561,74.50169802636441,16.905876186425942,-63.58815202045753,5.9920336370036775,-5.2292061051367345,13.117532982622208
CCCma,CanESM5-CanOE,r1i1p2f1,gn,ssp585,2094-10,2094,10,11.551350637079166,326.97244450496447,-1.5280593424415687,-354.75553280597006,-13.444261205896874,-36.57334858699543,-67.77740679926029,17.249578700676455,229.42952623657507,-6.05648776625267,-269.26043068333587,-15.60508683741619,-19.265371335151645,-63.508271684904834,-5.6982280635972895,97.5429182683894,4.528428423811102,-85.4951021226342,2.160825631519316,-17.307977251843784,-4.269135114355457
CCCma,CanESM5-CanOE,r1i1p2f1,gn,ssp585,2094-11,2094,11,1.689492062806225,316.73649685330827,-0.23704139049565748,-346.3993465595826,-19.538426026240383,-37.883891751671854,-85.63271681187607,2.515336833744441,201.51629179882505,-0.852789140129987,-242.618099337239,-18.104257216232263,-18.594844834341938,-76.1383618953737,-0.825844770938216,115.22020505448322,0.6157477496343295,-103.78124722234364,-1.4341688100081207,-19.289046917329916,-9.49435491650236
CCCma,CanESM5-CanOE,r1i1p2f1,gn,ssp585,2094-12,2094,12,0.3334266966577333,302.3631781416009,-0.0478176615204199,-338.9198214451802,-28.41627515493862,-42.4556229182695,-107.14293234165012,0.5047198763123734,185.0172678795254,-0.21808210897323796,-226.00776044781924,-16.448539416236862,-17.091682477943937,-74.2440766951355,-0.17129317965464008,117.34591026207548,0.17026444745281805,-112.91206099736098,-11.967735738701759,-25.36394044032556,-32.89885564651462
CCCma,CanESM5-CanOE,r1i1p2f1,gn,ssp585,2095-01,2095,1,0.9354425985530915,291.82137083769766,-0.16706025092456983,-332.4008362461519,-29.179042756200655,-40.22865106534905,-109.21877688237547,1.3942172339713994,176.9672228764132,-0.7437200236333381,-217.63140127830133,-15.69624865399158,-16.575668975850103,-72.28559882139174,-0.4587746354183079,114.85414796128447,0.5766597727087683,-114.7694349678506,-13.482794102209075,-23.652982089498945,-36.93317806098372
CCCma,CanESM5-CanOE,r1i1p2f1,gn,ssp585,2095-02,2095,2,7.358336157716025,284.3457669165859,-1.6577599188372278,-326.9524800828696,-30.89256249359819,-40.88145499294511,-108.68015441394823,10.435125305198977,175.60313356881824,-6.187284967981398,-216.1570761380548,-13.895837664682768,-15.661279088587179,-65.86321898528892,-3.076789147482952,108.74263334776765,4.52952504914417,-110.79540394481481,-16.996724828915426,-25.22017590435793,-42.816935428659306
CCCma,CanESM5-CanOE,r1i1p2f1,gn,ssp585,2095-03,2095,3,35.60453046422634,285.26228998462705,-9.004184969830774,-324.5013395537931,-22.06120116161419,-32.07458721864257,-66.77449245502726,53.61840029548194,181.90905131575357,-34.67089409376744,-224.510982804252,-11.546834976313114,-14.228565682492963,-49.42982594558999,-18.013869831255597,103.35323866887347,25.666709123936663,-99.99035674954112,-10.514366185301075,-17.846021536149607,-17.344666509437268
CCCma,CanESM5-CanOE,r1i1p2f1,gn,ssp585,2095-04,2095,4,96.94235189187957,292.0917232164035,-22.355338267232955,-327.6477691599725,-9.854175644178552,-21.112001868299416,8.064790168599671,150.89498619069317,203.6208955771701,-100.99704863032414,-251.65180393294378,-7.9311997876661655,-12.748308979152664,-18.812479562223483,-53.95263429881361,88.47082763923342,78.64171036309119,-75.9959652270287,-1.9229758565123864,-8.363692889146751,26.877269730823155
CCCma,CanESM5-CanOE,r1i1p2f1,gn,ssp585,2095-05,2095,5,160.00971462522543,306.31865543186365,-24.325897704158514,-336.66008344984607,-3.192490801887286,-17.315351142705463,84.83454695849169,248.79743010993508,243.09734417111952,-164.04568966482177,-289.5335198494272,-5.887403499858661,-12.858119228604854,19.570042038342113,-88.78771548470965,63.22131126074413,139.71979196066326,-47.126563600418876,2.694912697971375,-4.457231914100609,65.26450492014958
CCCma,CanESM5-CanOE,r1i1p2f1,gn,ssp585,2095-06,2095,6,195.96725585063746,327.59728612918775,-22.545632107092256,-351.4073884440513,1.004375887279507,-10.117686601918667,140.49821071404244,270.8609183255667,281.3191905962504,-161.1879435915762,-314.1864221932955,-4.112286789613121,-11.594284946025898,61.09917140130626,-74.89366247492922,46.27809553293736,138.64231148448394,-37.220966250755794,5.116662676892628,1.4765983441072308,79.39903931273619
CCCma,CanESM5-CanOE,r1i1p2f1,gn,ssp585,2095-07,2095,7,179.30885283923394,344.5947408598978,-20.433485145882724,-366.18698764854025,1.7380146904668798,-9.663945628794599,129.35718996638104,224.2551920881,294.89674293371723,-102.79903416576022,-321.87172155748266,-1.1109446312367832,-9.39464386725119,83.97559080008637,-44.94633924886605,49.69799792618056,82.36554901987749,-44.315266091057595,2.848959321703663,-0.26930176154340835,45.38159916629468
CCCma,CanESM5-CanOE,r1i1p2f1,gn,ssp585,2095-08,2095,8,107.85160034546037,353.18682779367765,-12.73107423533681,-370.74984157352435,0.8543745681969712,-10.96118179336609,67.45070510510777,138.04127284497537,293.51802779646516,-52.18284747390068,-320.37372679006006,-2.5062649386197706,-10.800937684864726,45.69552375399525,-30.189672499514998,59.66879999721249,39.451773238563874,-50.37611478346429,3.360639506816742,-0.16024410850136483,21.75518135111252
CCCma,CanESM5-CanOE,r1i1p2f1,gn,ssp585,2095-09,2095,9,44.66143106157568,342.6939626705839,-5.638555695608029,-364.11924738085617,-2.06519608219482,-21.912412385452726,-6.380017811952147,63.18456348645751,266.70302478658806,-23.013406979202472,-300.93944393720716,-7.82200411290642,-15.449381194229838,-17.336647950500325,-18.52313242488183,75.99093788399585,17.37485128359444,-63.17980344364901,5.7568080307116,-6.463031191222887,10.956630138548178
CCCma,CanESM5-CanOE,r1i1p2f1,gn,ssp585,2095-10,2095,10,11.51707464441566,328.27694314434376,-1.5330703785879258,-354.63951604981,-11.019424765237146,-33.429769371623316,-60.827762776498965,17.249578700676455,229.42952623657507,-6.05648776625267,-269.26043068333587,-15.60508683741619,-19.265371335151645,-63.508271684904834,-5.732504056260796,98.84741690776869,4.523417387664744,-85.37908536647416,4.585662072179044,-14.16439803647167,2.6805089084058693
CCCma,CanESM5-CanOE,r1i1p2f1,gn,ssp585,2095-11,2095,11,1.7693263946405373,311.0782963307593,-0.24922034010202754,-345.8309087000395,-23.87088308936135,-43.34448562693309,-100.44787503103612,2.515336833744441,201.51629179882505,-0.852789140129987,-242.618099337239,-18.104257216232263,-18.594844834341938,-76.1383618953737,-0.7460104391039037,109.56200453193426,0.6035688000279594,-103.21280936280053,-5.766625873129087,-24.749640792591155,-24.309513135662414
CCCma,CanESM5-CanOE,r1i1p2f1,gn,ssp585,2095-12,2095,12,0.3361658951090203,302.7197066006648,-0.04688651442682417,-338.89430755327203,-27.64611476838597,-41.49854767310599,-105.02998401341699,0.5047198763123734,185.0172678795254,-0.21808210897323796,-226.00776044781924,-16.448539416236862,-17.091682477943937,-74.2440766951355,-0.16855398120335308,117.70243872113937,0.17119559454641378,-112.88654710545279,-11.197575352149109,-24.40686519516205,-30.785907318281488
CCCma,CanESM5-CanOE,r1i1p2f1,gn,ssp585,2096-01,2096,1,0.9372083812433932,290.04222745743357,-0.16557676091840562,-332.33570708280234,-31.53160971948043,-43.77207475768602,-116.8255324822102,1.3942172339713994,176.9672228764132,-0.7437200236333381,-217.63140127830133,-15.69624865399158,-16.575668975850103,-72.28559882139174,-0.4570088527280062,113.07500458102038,0.5781432627149325,-114.70430580450102,-15.835361065488849,-27.196405781835917,-44.53993366081846
CCCma,CanESM5-CanOE,r1i1p2f1,gn,ssp585,2096-02,2096,2,7.677519190255337,281.478078337022,-1.6775269869086478,-326.98518140841065,-31.81919548965178,-43.312812464607454,-114.63911882230121,10.435125305198977,175.60313356881824,-6.187284967981398,-216.1570761380548,-13.895837664682768,-15.661279088587179,-65.86321898528892,-2.7576061149436395,105.87494476820376,4.509757981072751,-110.82810527035585,-17.92335782496901,-27.651533376020275,-48.77589983701229
CCCma,CanESM5-CanOE,r1i1p2f1,gn,ssp585,2096-03,2096,3,34.40058308859848,285.34321202179353,-8.155157588012495,-325.3503111670984,-21.85429040467834,-33.18593299886599,-68.80189704826327,53.61840029548194,181.90905131575357,-34.67089409376744,-224.510982804252,-11.546834976313114,-14.228565682492963,-49.42982594558999,-19.21781720688346,103.43416070603996,26.515736505754944,-100.83932836284643,-10.307455428365227,-18.957367316373023,-19.37207110267328
CCCma,CanESM5-CanOE,r1i1p2f1,gn,ssp585,2096-04,2096,4,95.88219626477995,293.4683263865774,-19.593576922475364,-329.36660156091995,-14.011235896070666,-26.2102583482891,0.16884992360227713,150.89498619069317,203.6208955771701,-100.99704863032414,-251.65180393294378,-7.9311997876661655,-12.748308979152664,-18.812479562223483,-55.012789925913225,89.84743080940731,81.40347170784878,-77.71479762797617,-6.0800361084045,-13.461949369136434,18.98132948582576
CCCma,CanESM5-CanOE,r1i1p2f1,gn,ssp585,2096-05,2096,5,160.88656422994504,308.6235025822379,-21.65105650120681,-338.4712151045003,-4.022809532551231,-16.393892354219272,88.97109331970529,248.79743010993508,243.09734417111952,-164.04568966482177,-289.5335198494272,-5.887403499858661,-12.858119228604854,19.570042038342113,-87.91086587999004,65.52615841111839,142.39463316361497,-48.937695255073095,1.8645939673074299,-3.5357731256144174,69.40105128136318
CCCma,CanESM5-CanOE,r1i1p2f1,gn,ssp585,2096-06,2096,6,202.55465847584358,330.8223122162398,-23.04624018266931,-354.5994305986558,1.0681986154962781,-8.534557464456729,148.2649410617979,270.8609183255667,281.3191905962504,-161.1879435915762,-314.1864221932955,-4.112286789613121,-11.594284946025898,61.09917140130626,-68.30625984972309,49.50312161998943,138.14170340890686,-40.413008405360245,5.180485405109399,3.059727481569169,87.16576966049166
CCCma,CanESM5-CanOE,r1i1p2f1,gn,ssp585,2096-07,2096,7,186.3789650565251,348.67157276079877,-21.40577868468752,-370.7826801455921,0.30986974507158294,-10.169507445607541,133.00244128650823,224.2551920881,294.89674293371723,-102.79903416576022,-321.87172155748266,-1.1109446312367832,-9.39464386725119,83.97559080008637,-37.8762270315749,53.77482982708153,81.3932554810727,-48.91095858810945,1.4208143763083663,-0.7748635783563511,49.026850486421864
CCCma,CanESM5-CanOE,r1i1p2f1,gn,ssp585,2096-08,2096,8,105.96970727203836,354.484639545474,-12.77028934808808,-373.62974665849185,0.9890075579416808,-13.393327693999598,61.649990674874545,138.04127284497537,293.51802779646516,-52.18284747390068,-320.37372679006006,-2.5062649386197706,-10.800937684864726,45.69552375399525,-32.071565572937004,60.96661174900885,39.4125581258126,-53.25601986843179,3.4952724965614514,-2.5923900091348724,15.954466920879291
CCCma,CanESM5-CanOE,r1i1p2f1,gn,ssp585,2096-09,2096,9,45.907682038847376,344.90523284472204,-5.886796593374699,-366.28252357097483,-1.7134860239208607,-19.945114585440628,-3.015005890141598,63.18456348645751,266.70302478658806,-23.013406979202472,-300.93944393720716,-7.82200411290642,-15.449381194229838,-17.336647950500325,-17.276881447610137,78.20220805813398,17.126610385827775,-65.34307963376767,6.1085180889855595,-4.4957333912107895,14.321642060358727
CCCma,CanESM5-CanOE,r1i1p2f1,gn,ssp585,2096-10,2096,10,11.348398705341847,332.14814904533733,-1.5073045308337016,-357.29561049897376,-9.01239148740311,-31.712723192706715,-56.03148195923815,17.249578700676455,229.42952623657507,-6.05648776625267,-269.26043068333587,-15.60508683741619,-19.265371335151645,-63.508271684904834,-5.9011799953346085,102.71862280876226,4.549183235418968,-88.03517981563789,6.592695350013079,-12.44735185755507,7.476789725666684
CCCma,CanESM5-CanOE,r1i1p2f1,gn,ssp585,2096-11,2096,11,1.690942211141778,313.5564966827686,-0.22775807646094715,-348.0174518341397,-26.178951793148602,-45.05564530788202,-104.23236811772087,2.515336833744441,201.51629179882505,-0.852789140129987,-242.618099337239,-18.104257216232263,-18.594844834341938,-76.1383618953737,-0.824394622602663,112.04020488394357,0.6250310636690398,-105.39935249690072,-8.07469457691634,-26.46080047354008,-28.09400622234716
CCCma,CanESM5-CanOE,r1i1p2f1,gn,ssp585,2096-12,2096,12,0.3231557717023333,298.9965672930709,-0.04370317881196695,-339.53231838800104,-32.26441927947119,-47.77035339265089,-120.29107117416191,0.5047198763123734,185.0172678795254,-0.21808210897323796,-226.00776044781924,-16.448539416236862,-17.091682477943937,-74.2440766951355,-0.18156410461004008,113.97929941354548,0.174378930161271,-113.52455794018181,-15.81587986323433,-30.678670914706952,-46.04699447902641
CCCma,CanESM5-CanOE,r1i1p2f1,gn,ssp585,2097-01,2097,1,0.842178838756351,291.29218076731297,-0.14863641307439102,-333.5638445178811,-31.359203758465394,-42.70598336072259,-115.64330844407411,1.3942172339713994,176.9672228764132,-0.7437200236333381,-217.63140127830133,-15.69624865399158,-16.575668975850103,-72.28559882139174,-0.5520383952150484,114.32495789089978,0.5950836105589471,-115.93244323957975,-15.662955104473815,-26.130314384872488,-43.357709622682364
CCCma,CanESM5-CanOE,r1i1p2f1,gn,ssp585,2097-02,2097,2,7.836111096933602,274.8056485906601,-1.7210480296761177,-327.0025532476529,-36.886533107702206,-45.69716183862567,-128.66553653606317,10.435125305198977,175.60313356881824,-6.187284967981398,-216.1570761380548,-13.895837664682768,-15.661279088587179,-65.86321898528892,-2.599014208265374,99.20251502184186,4.466236938305281,-110.84547710959808,-22.99069544301944,-30.03588275003849,-62.80231755077425
CCCma,CanESM5-CanOE,r1i1p2f1,gn,ssp585,2097-03,2097,3,35.25682898259748,284.85225020484967,-8.541690867630182,-325.5090167839571,-22.150533259639147,-31.219159561439042,-67.31132128521833,53.61840029548194,181.90905131575357,-34.67089409376744,-224.510982804252,-11.546834976313114,-14.228565682492963,-49.42982594558999,-18.361571312884458,102.9431988890961,26.129203226137257,-100.99803397970513,-10.603698283326032,-16.99059387894608,-17.881495339628337
CCCma,CanESM5-CanOE,r1i1p2f1,gn,ssp585,2097-04,2097,4,96.07653092857153,293.03139188030616,-20.025235133086653,-328.2908247330697,-11.899338262702928,-22.752801908754062,6.139722771264321,150.89498619069317,203.6208955771701,-100.99704863032414,-251.65180393294378,-7.9311997876661655,-12.748308979152664,-18.812479562223483,-54.818455262121645,89.41049630313606,80.97181349723749,-76.63902080012593,-3.9681384750367625,-10.004492929601398,24.952202333487804
CCCma,CanESM5-CanOE,r1i1p2f1,gn,ssp585,2097-05,2097,5,168.26650992990173,307.136220578815,-23.51926014750531,-338.04821268414315,-3.371929975409376,-13.946220898142514,96.51710680351646,248.79743010993508,243.09734417111952,-164.04568966482177,-289.5335198494272,-5.887403499858661,-12.858119228604854,19.570042038342113,-80.53092018003335,64.03887640769551,140.52642951731644,-48.51469283471596,2.515473524449285,-1.088101669537659,76.94706476517435
CCCma,CanESM5-CanOE,r1i1p2f1,gn,ssp585,2097-06,2097,6,221.17290705659747,323.4885531597835,-25.53204543871776,-354.5797466848831,-0.30778944347418874,-10.890045748184644,153.3518329011213,270.8609183255667,281.3191905962504,-161.1879435915762,-314.1864221932955,-4.112286789613121,-11.594284946025898,61.09917140130626,-49.688011268969206,42.16936256353313,135.6558981528584,-40.39332449158758,3.804497346138932,0.7042391978412539,92.25266149981505
CCCma,CanESM5-CanOE,r1i1p2f1,gn,ssp585,2097-07,2097,7,190.14403084580425,347.5187516070802,-22.18957620235759,-371.79060555156997,0.4567716947438441,-9.988588893395887,134.1507835003049,224.2551920881,294.89674293371723,-102.79903416576022,-321.87172155748266,-1.1109446312367832,-9.39464386725119,83.97559080008637,-34.111161242295736,52.622008673362984,80.60945796340263,-49.91888399408731,1.5677163259806273,-0.5939450261446968,50.17519270021853
CCCma,CanESM5-CanOE,r1i1p2f1,gn,ssp585,2097-08,2097,8,114.45080220862818,352.83634712470484,-14.040773502303269,-374.33951625446906,0.9668689463996872,-12.692894758212283,67.18083376474803,138.04127284497537,293.51802779646516,-52.18284747390068,-320.37372679006006,-2.5062649386197706,-10.800937684864726,45.69552375399525,-23.59047063634719,59.31831932823968,38.14207397159741,-53.965789464409,3.473133885019458,-1.891957073347557,21.485310010752777
CCCma,CanESM5-CanOE,r1i1p2f1,gn,ssp585,2097-09,2097,9,45.94714211568762,345.21442258683754,-5.875442472892916,-366.3354212642861,-1.515698401540378,-20.317833359198374,-2.8828307953926213,63.18456348645751,266.70302478658806,-23.013406979202472,-300.93944393720716,-7.82200411290642,-15.449381194229838,-17.336647950500325,-17.237421370769894,78.51139780024948,17.137964506309554,-65.39597732707892,6.306305711366042,-4.868452164968536,14.453817155107703
CCCma,CanESM5-CanOE,r1i1p2f1,gn,ssp585,2097-10,2097,10,11.606987748846356,330.6393396402771,-1.5548425966790076,-356.70295373475597,-7.968423851961321,-30.485206968717844,-54.46509976299069,17.249578700676455,229.42952623657507,-6.05648776625267,-269.26043068333587,-15.60508683741619,-19.265371335151645,-63.508271684904834,-5.642590951830099,101.20981340370204,4.501645169573663,-87.4425230514201,7.636662985454869,-11.219835633566198,9.043171921914144
CCCma,CanESM5-CanOE,r1i1p2f1,gn,ssp585,2097-11,2097,11,1.7585035012744834,313.0889633709724,-0.24905724750807237,-347.09915472686765,-25.68435222809454,-45.60755205603124,-103.79264938625458,2.515336833744441,201.51629179882505,-0.852789140129987,-242.618099337239,-18.104257216232263,-18.594844834341938,-76.1383618953737,-0.7568333324699577,111.57267157214736,0.6037318926219146,-104.48105538962866,-7.5800950118622765,-27.0127072216893,-27.654287490880876
CCCma,CanESM5-CanOE,r1i1p2f1,gn,ssp585,2097-12,2097,12,0.3444275638294109,297.64848652980186,-0.050199334880310593,-338.8135066711532,-34.591430216904335,-48.21681444393582,-123.6790365732424,0.5047198763123734,185.0172678795254,-0.21808210897323796,-226.00776044781924,-16.448539416236862,-17.091682477943937,-74.2440766951355,-0.16029231248296244,112.63121865027645,0.16788277409292737,-112.80574622333398,-18.142890800667473,-31.12513196599188,-49.434959878106895
CCCma,CanESM5-CanOE,r1i1p2f1,gn,ssp585,2098-01,2098,1,0.914604103525175,293.6721355882823,-0.15872013403710297,-332.96847449848104,-26.90599788548289,-38.9149673981756,-104.36142022436917,1.3942172339713994,176.9672228764132,-0.7437200236333381,-217.63140127830133,-15.69624865399158,-16.575668975850103,-72.28559882139174,-0.47961313044622444,116.7049127118691,0.5849998895962352,-115.33707322017972,-11.20974923149131,-22.339298422325495,-32.075821402977425
CCCma,CanESM5-CanOE,r1i1p2f1,gn,ssp585,2098-02,2098,2,7.003287239149557,286.3731016006588,-1.4982449606546804,-326.9584983084698,-31.34379800972759,-39.238674985540335,-105.6628274245841,10.435125305198977,175.60313356881824,-6.187284967981398,-216.1570761380548,-13.895837664682768,-15.661279088587179,-65.86321898528892,-3.431838066049419,110.76996803184056,4.689040007326717,-110.80142217041501,-17.44796034504482,-23.577395896953156,-39.79960843929517
CCCma,CanESM5-CanOE,r1i1p2f1,gn,ssp585,2098-03,2098,3,35.79824964974369,282.45936143673623,-8.17941826483657,-325.19062718012697,-27.767136304649934,-39.02537085789561,-81.90494152102914,53.61840029548194,181.90905131575357,-34.67089409376744,-224.510982804252,-11.546834976313114,-14.228565682492963,-49.42982594558999,-17.820150645738252,100.55031012098266,26.491475828930866,-100.67964437587497,-16.22030132833682,-24.796805175402646,-32.475115575439155
CCCma,CanESM5-CanOE,r1i1p2f1,gn,ssp585,2098-04,2098,4,97.11728383093921,292.9845549841943,-19.84422759342523,-328.47887578320217,-11.44739982197358,-21.52430888857063,8.807026727961937,150.89498619069317,203.6208955771701,-100.99704863032414,-251.65180393294378,-7.9311997876661655,-12.748308979152664,-18.812479562223483,-53.77770235975396,89.36365940702419,81.15282103689891,-76.82707185025839,-3.5162000343074142,-8.775999909417965,27.61950629018542
CCCma,CanESM5-CanOE,r1i1p2f1,gn,ssp585,2098-05,2098,5,163.70357113576816,307.0493592171758,-23.43945798016496,-337.6031298154779,-2.744899035032103,-13.624956148631481,93.3404873736375,248.79743010993508,243.09734417111952,-164.04568966482177,-289.5335198494272,-5.887403499858661,-12.858119228604854,19.570042038342113,-85.09385897416692,63.95201504605626,140.6062316846568,-48.069609966050734,3.142504464826558,-0.766836920026627,73.77044533529539
CCCma,CanESM5-CanOE,r1i1p2f1,gn,ssp585,2098-06,2098,6,214.35900631081466,329.6291314190418,-24.48550516092895,-355.20623151963946,1.4635637315400325,-9.083320764552226,156.67664401627587,270.8609183255667,281.3191905962504,-161.1879435915762,-314.1864221932955,-4.112286789613121,-11.594284946025898,61.09917140130626,-56.50191201475201,48.30994082279142,136.70243843064725,-41.01980932634393,5.5758505211531535,2.510964181473671,95.57747261496962
CCCma,CanESM5-CanOE,r1i1p2f1,gn,ssp585,2098-07,2098,7,191.45931660394942,351.78173764033045,-22.32514583838231,-374.2718770642403,0.040760122491573014,-9.467175572635709,137.2176158915131,224.2551920881,294.89674293371723,-102.79903416576022,-321.87172155748266,-1.1109446312367832,-9.39464386725119,83.97559080008637,-32.79587548415057,56.88499470661321,80.4738883273779,-52.40015550675764,1.1517047537283562,-0.07253170538451847,53.24202509142674
CCCma,CanESM5-CanOE,r1i1p2f1,gn,ssp585,2098-08,2098,8,107.6855013092962,358.3287867403519,-12.865714095004579,-376.97706568766637,-0.43476424608116004,-13.884813408578816,61.85193061231721,138.04127284497537,293.51802779646516,-52.18284747390068,-320.37372679006006,-2.5062649386197706,-10.800937684864726,45.69552375399525,-30.355771535679168,64.81075894388675,39.3171333788961,-56.60333889760631,2.071500692538611,-3.0838757237140904,16.156406858321958
CCCma,CanESM5-CanOE,r1i1p2f1,gn,ssp585,2098-09,2098,9,44.59774990423766,346.76079385783544,-5.645566327694838,-368.00647820538006,-3.0339656204393943,-21.712772377078753,-7.040238768519936,63.18456348645751,266.70302478658806,-23.013406979202472,-300.93944393720716,-7.82200411290642,-15.449381194229838,-17.336647950500325,-18.586813582219854,80.05776907124738,17.367840651507635,-67.0670342681729,4.788038492467026,-6.263391182848915,10.296409181980389
CCCma,CanESM5-CanOE,r1i1p2f1,gn,ssp585,2098-10,2098,10,11.708713067430168,329.19971832551926,-1.5730898251389303,-357.4757761840864,-11.600389042299662,-35.04661686810765,-64.78744052668321,17.249578700676455,229.42952623657507,-6.05648776625267,-269.26043068333587,-15.60508683741619,-19.265371335151645,-63.508271684904834,-5.540865633246288,99.77019208894419,4.48339794111374,-88.21534550075052,4.0046977951165275,-15.781245532956003,-1.2791688417783789
CCCma,CanESM5-CanOE,r1i1p2f1,gn,ssp585,2098-11,2098,11,1.7918172754746964,310.08127468073593,-0.2494917443073441,-346.8611328178732,-29.512147116648624,-47.118294634076406,-111.86797435669502,2.515336833744441,201.51629179882505,-0.852789140129987,-242.618099337239,-18.104257216232263,-18.594844834341938,-76.1383618953737,-0.7235195582697447,108.56498288191088,0.6032973958226429,-104.24303348063424,-11.407889900416361,-28.52344979973447,-35.72961246132131
CCCma,CanESM5-CanOE,r1i1p2f1,gn,ssp585,2098-12,2098,12,0.34523888522217755,296.92957299134497,-0.05024171827445951,-338.423937291683,-32.772157729863295,-46.89408466695863,-120.86560953021223,0.5047198763123734,185.0172678795254,-0.21808210897323796,-226.00776044781924,-16.448539416236862,-17.091682477943937,-74.2440766951355,-0.1594809910901958,111.91230511181956,0.16784039069877846,-112.41617684386375,-16.323618313626433,-29.802402189014696,-46.62153283507672
CCCma,CanESM5-CanOE,r1i1p2f1,gn,ssp585,2099-01,2099,1,0.8970478041860684,293.19540445765176,-0.16261371936085262,-332.4861609031599,-31.514386495215426,-40.19233487081523,-110.2630437267136,1.3942172339713994,176.9672228764132,-0.7437200236333381,-217.63140127830133,-15.69624865399158,-16.575668975850103,-72.28559882139174,-0.49716942978533096,116.22818158123857,0.5811063042724856,-114.85475962485856,-15.818137841223846,-23.616665894965127,-37.97744490532186
CCCma,CanESM5-CanOE,r1i1p2f1,gn,ssp585,2099-02,2099,2,7.212595724799466,279.146004752114,-1.5329193192985175,-325.87472102490597,-32.79133067909007,-41.840369438541394,-115.68073998492247,10.435125305198977,175.60313356881824,-6.187284967981398,-216.1570761380548,-13.895837664682768,-15.661279088587179,-65.86321898528892,-3.2225295803995104,103.54287118329574,4.65436564868288,-109.71764488685116,-18.895493014407307,-26.179090349954215,-49.817520999633544
CCCma,CanESM5-CanOE,r1i1p2f1,gn,ssp585,2099-03,2099,3,34.4934076110431,282.56717621938975,-8.046018677078278,-324.73023664058036,-24.11395578019068,-34.523038621902195,-74.35266588931867,53.61840029548194,181.90905131575357,-34.67089409376744,-224.510982804252,-11.546834976313114,-14.228565682492963,-49.42982594558999,-19.124992684438844,100.65812490363618,26.624875416689157,-100.21925383632836,-12.567120803877565,-20.294472939409232,-24.922839943728682
CCCma,CanESM5-CanOE,r1i1p2f1,gn,ssp585,2099-04,2099,4,99.47979371510303,290.8575324362871,-20.63250817680623,-327.72944067101406,-11.082220595204223,-22.414562422730743,8.478594285634848,150.89498619069317,203.6208955771701,-100.99704863032414,-251.65180393294378,-7.9311997876661655,-12.748308979152664,-18.812479562223483,-51.415192475590146,87.236636859117,80.36454045351792,-76.07763673807028,-3.1510208075380577,-9.666253443578078,27.291073847858332
CCCma,CanESM5-CanOE,r1i1p2f1,gn,ssp585,2099-05,2099,5,163.02995744069548,305.5972725837798,-24.493907270902934,-336.35938755772514,-4.107352241882864,-16.273549213669394,87.39303374029491,248.79743010993508,243.09734417111952,-164.04568966482177,-289.5335198494272,-5.887403499858661,-12.858119228604854,19.570042038342113,-85.7674726692396,62.49992841266027,139.55178239391884,-46.82586770829795,1.7800512579757974,-3.4154299850645398,67.8229917019528
CCCma,CanESM5-CanOE,r1i1p2f1,gn,ssp585,2099-06,2099,6,208.03380875271333,327.37722612392974,-24.11477690051704,-353.0275550625874,0.14984817653796967,-9.404271585902997,149.0142795041736,270.8609183255667,281.3191905962504,-161.1879435915762,-314.1864221932955,-4.112286789613121,-11.594284946025898,61.09917140130626,-62.827109572853345,46.05803552767935,137.07316669105916,-38.84113286929187,4.26213496615109,2.190013360122901,87.91510810286735
CCCma,CanESM5-CanOE,r1i1p2f1,gn,ssp585,2099-07,2099,7,185.51953793699343,348.68611672203537,-21.46392869320944,-370.6360991885818,1.7567638349300896,-8.092715442521374,135.76967516964626,224.2551920881,294.89674293371723,-102.79903416576022,-321.87172155748266,-1.1109446312367832,-9.39464386725119,83.97559080008637,-38.73565415110656,53.78937378831813,81.33510547255078,-48.76437763109914,2.8677084661668726,1.301928424729816,51.7940843695599
CCCma,CanESM5-CanOE,r1i1p2f1,gn,ssp585,2099-08,2099,8,113.74541866112689,353.64129692758587,-13.72731357998305,-373.86930364396625,-0.39906620724044006,-14.076953659590517,65.31407849793253,138.04127284497537,293.51802779646516,-52.18284747390068,-320.37372679006006,-2.5062649386197706,-10.800937684864726,45.69552375399525,-24.295854183848476,60.12326913112071,38.45553389391763,-53.495576853906186,2.107198731379331,-3.276015974725791,19.618554743937274
CCCma,CanESM5-CanOE,r1i1p2f1,gn,ssp585,2099-09,2099,9,45.16796783339173,344.15866864207277,-5.584254037664219,-365.58458888877857,-2.935231015159706,-21.49071929179678,-6.268156757934753,63.18456348645751,266.70302478658806,-23.013406979202472,-300.93944393720716,-7.82200411290642,-15.449381194229838,-17.336647950500325,-18.016595653065785,77.45564385548471,17.429152941538252,-64.64514495157141,4.886773097746714,-6.041338097566941,11.068491192565572
CCCma,CanESM5-CanOE,r1i1p2f1,gn,ssp585,2099-10,2099,10,11.610384623504713,325.8278293113601,-1.5439893211898603,-355.00021402286933,-15.2929508003183,-39.88952035525777,-74.28846056477045,17.249578700676455,229.42952623657507,-6.05648776625267,-269.26043068333587,-15.60508683741619,-19.265371335151645,-63.508271684904834,-5.639194077171743,96.39830307478505,4.51249844506281,-85.73978333953346,0.31213603709788984,-20.624149020106127,-10.780188879865612
CCCma,CanESM5-CanOE,r1i1p2f1,gn,ssp585,2099-11,2099,11,1.755017621288668,308.59296777051156,-0.24733361827874153,-345.2088550203674,-27.758447022078553,-45.76825200264939,-108.63490227157385,2.515336833744441,201.51629179882505,-0.852789140129987,-242.618099337239,-18.104257216232263,-18.594844834341938,-76.1383618953737,-0.7603192124557732,107.07667597168651,0.6054555218512454,-102.59075568312844,-9.65418980584629,-27.173407168307453,-32.496540376200144
CCCma,CanESM5-CanOE,r1i1p2f1,gn,ssp585,2099-12,2099,12,0.3515950129821812,294.6137758677626,-0.04991599358138476,-336.9514249982208,-35.176314557403046,-47.68394711981318,-124.89623178827362,0.5047198763123734,185.0172678795254,-0.21808210897323796,-226.00776044781924,-16.448539416236862,-17.091682477943937,-74.2440766951355,-0.15312486333019215,109.59650798823722,0.1681661153918532,-110.94366455040154,-18.727775141166184,-30.592264641869246,-50.65215509313812
CCCma,CanESM5-CanOE,r1i1p2f1,gn,ssp585,2100-01,2100,1,0.8869425517337839,286.4376401060832,-0.1447457328446076,-330.8639839942879,-35.04886355635349,-43.77109826292505,-122.50410888859403,1.3942172339713994,176.9672228764132,-0.7437200236333381,-217.63140127830133,-15.69624865399158,-16.575668975850103,-72.28559882139174,-0.5072746822376155,109.47041722967003,0.5989742907887305,-113.23258271598655,-19.352614902361907,-27.195429287074948,-50.21851006720229
CCCma,CanESM5-CanOE,r1i1p2f1,gn,ssp585,2100-02,2100,2,6.9173251588761255,286.9104761750042,-1.409838111325768,-326.0225394933111,-26.82498936384153,-35.81201873938429,-96.2415843739824,10.435125305198977,175.60313356881824,-6.187284967981398,-216.1570761380548,-13.895837664682768,-15.661279088587179,-65.86321898528892,-3.517800146322851,111.30734260618595,4.77744685665563,-109.86546335525631,-12.929151699158764,-20.150739650797114,-30.37836538869348
CCCma,CanESM5-CanOE,r1i1p2f1,gn,ssp585,2100-03,2100,3,34.87516320287366,280.23617718866933,-7.723527269459809,-324.0475887423451,-24.692733093631606,-35.523633809227896,-76.87614252312144,53.61840029548194,181.90905131575357,-34.67089409376744,-224.510982804252,-11.546834976313114,-14.228565682492963,-49.42982594558999,-18.743237092608283,98.32712587291576,26.94736682430763,-99.53660593809312,-13.145898117318492,-21.295068126734932,-27.446316577531455
CCCma,CanESM5-CanOE,r1i1p2f1,gn,ssp585,2100-04,2100,4,97.44244498124795,290.75668093667343,-18.40693690690112,-328.0489514094376,-13.2280018158623,-25.566946673944926,2.948289111775395,150.89498619069317,203.6208955771701,-100.99704863032414,-251.65180393294378,-7.9311997876661655,-12.748308979152664,-18.812479562223483,-53.45254120944523,87.13578535950333,82.59011172342302,-76.39714747649384,-5.296802028196134,-12.818637694792262,21.76076867399888
CCCma,CanESM5-CanOE,r1i1p2f1,gn,ssp585,2100-05,2100,5,162.47352666473557,305.80109943538224,-22.369895661965487,-336.4110646797331,-2.5345185992077366,-15.208517958813946,91.75062920039755,248.79743010993508,243.09734417111952,-164.04568966482177,-289.5335198494272,-5.887403499858661,-12.858119228604854,19.570042038342113,-86.3239034451995,62.703755264262725,141.67579400285626,-46.87754483030591,3.3528849006509245,-2.3503987302090916,72.18058716205545
CCCma,CanESM5-CanOE,r1i1p2f1,gn,ssp585,2100-06,2100,6,204.3594894984048,326.5679318563316,-23.898051190719944,-352.3957080783827,0.29522042247343927,-9.25183546746017,145.67704704064704,270.8609183255667,281.3191905962504,-161.1879435915762,-314.1864221932955,-4.112286789613121,-11.594284946025898,61.09917140130626,-66.50142882716187,45.248741260081204,137.28989240085625,-38.20928588508718,4.40750721208656,2.3424494785657277,84.57787563934079
CCCma,CanESM5-CanOE,r1i1p2f1,gn,ssp585,2100-07,2100,7,187.9823260742298,343.14687790973545,-21.617540508504135,-367.06144225609916,0.39985004839936344,-11.371071758224705,131.4789995095366,224.2551920881,294.89674293371723,-102.79903416576022,-321.87172155748266,-1.1109446312367832,-9.39464386725119,83.97559080008637,-36.272866013870185,48.25013497601822,81.18149365725608,-45.1897206986165,1.5107946796361467,-1.9764278909735147,47.50340870945024
CCCma,CanESM5-CanOE,r1i1p2f1,gn,ssp585,2100-08,2100,8,113.04858953448861,350.86940293356605,-13.625392851125246,-371.29933743858004,0.9656113790347067,-12.473405636275128,67.48546792110895,138.04127284497537,293.51802779646516,-52.18284747390068,-320.37372679006006,-2.5062649386197706,-10.800937684864726,45.69552375399525,-24.992683310486754,57.35137513710089,38.55745462277543,-50.92561064851998,3.4718763176544774,-1.6724679514104022,21.789944167113696
CCCma,CanESM5-CanOE,r1i1p2f1,gn,ssp585,2100-09,2100,9,45.71435634178567,342.47482275904883,-5.783714871998259,-363.7766249752029,-1.3276301563239803,-20.096520702709636,-2.7953116054002436,63.18456348645751,266.70302478658806,-23.013406979202472,-300.93944393720716,-7.82200411290642,-15.449381194229838,-17.336647950500325,-17.470207144671846,75.77179797246077,17.22969210720421,-62.83718103799572,6.494373956582439,-4.647139508479798,14.541336345100081
CCCma,CanESM5-CanOE,r1i1p2f1,gn,ssp585,2100-10,2100,10,11.926465874300893,326.9426169873338,-1.632219404513078,-355.0790972396399,-12.028772075558319,-34.15034333659297,-64.02134919466958,17.249578700676455,229.42952623657507,-6.05648776625267,-269.26043068333587,-15.60508683741619,-19.265371335151645,-63.508271684904834,-5.323112826375562,97.51309075075872,4.424268361739592,-85.81866655630404,3.576314761857871,-14.884972001441323,-0.5130775097647486
CCCma,CanESM5-CanOE,r1i1p2f1,gn,ssp585,2100-11,2100,11,1.5831710565054642,313.5736219700882,-0.2019906211793426,-346.15303678903604,-23.08931363148103,-39.764248412478715,-94.05179642758145,2.515336833744441,201.51629179882505,-0.852789140129987,-242.618099337239,-18.104257216232263,-18.594844834341938,-76.1383618953737,-0.9321657772389769,112.05733017126315,0.6507985189506443,-103.53493745179705,-4.985056415248767,-21.169403578136777,-17.913434532207745
CCCma,CanESM5-CanOE,r1i1p2f1,gn,ssp585,2100-12,2100,12,0.34674976937251417,296.31044864711555,-0.049275969564595935,-337.9893795879653,-34.95981761934863,-47.58405490230113,-123.92532966269154,0.5047198763123734,185.0172678795254,-0.21808210897323796,-226.00776044781924,-16.448539416236862,-17.091682477943937,-74.2440766951355,-0.1579701069398592,111.29318076759014,0.16880613940864203,-111.98161914014605,-18.511278203111765,-30.492372424357196,-49.681252967556034
