institution,source,member,siconc_grid,experiment,time,year,month,sia_Mkm2,pi_clim_sia_Mkm2,sia_anom_Mkm2
EC-Earth-Consortium,EC-Earth3,r1i1p1f1,gn,ssp585,2015-01,2015,1,11.254634943113393,13.795031720786051,-2.540396777672658
EC-Earth-Consortium,EC-Earth3,r1i1p1f1,gn,ssp585,2015-02,2015,2,11.77782627646039,13.990164531841064,-2.212338255380674
EC-Earth-Consortium,EC-Earth3,r1i1p1f1,gn,ssp585,2015-03,2015,3,11.489312172471363,14.004688261260165,-2.515376088788802
EC-Earth-Consortium,EC-Earth3,r1i1p1f1,gn,ssp585,2015-04,2015,4,11.244399837088492,13.781427102951977,-2.5370272658634843
EC-Earth-Consortium,EC-Earth3,r1i1p1f1,gn,ssp585,2015-05,2015,5,10.14978747572207,12.808329137433642,-2.6585416617115722
EC-Earth-Consortium,EC-Earth3,r1i1p1f1,gn,ssp585,2015-06,2015,6,7.850512650784561,10.720934638389092,-2.870421987604532
EC-Earth-Consortium,EC-Earth3,r1i1p1f1,gn,ssp585,2015-07,2015,7,5.379209795727559,8.494459305557134,-3.1152495098295754
EC-Earth-Consortium,EC-Earth3,r1i1p1f1,gn,ssp585,2015-08,2015,8,3.8003921919251873,7.0526463238385,-3.252254131913313
EC-Earth-Consortium,EC-Earth3,r1i1p1f1,gn,ssp585,2015-09,2015,9,4.215883257302434,8.105197231611642,-3.889313974309208
EC-Earth-Consortium,EC-Earth3,r1i1p1f1,gn,ssp585,2015-10,2015,10,6.044752478542135,10.12573489317978,-4.080982414637646
EC-Earth-Consortium,EC-Earth3,r1i1p1f1,gn,ssp585,2015-11,2015,11,8.824050301988246,12.082138855982901,-3.2580885539946554
EC-Earth-Consortium,EC-Earth3,r1i1p1f1,gn,ssp585,2015-12,2015,12,10.51907690598406,13.270253347252748,-2.7511764412686883
EC-Earth-Consortium,EC-Earth3,r1i1p1f1,gn,ssp585,2016-01,2016,1,11.486825136596812,13.795031720786051,-2.3082065841892394
EC-Earth-Consortium,EC-Earth3,r1i1p1f1,gn,ssp585,2016-02,2016,2,11.901563327132934,13.990164531841064,-2.08860120470813
EC-Earth-Consortium,EC-Earth3,r1i1p1f1,gn,ssp585,2016-03,2016,3,11.863044437481797,14.004688261260165,-2.1416438237783684
EC-Earth-Consortium,EC-Earth3,r1i1p1f1,gn,ssp585,2016-04,2016,4,11.780245659707047,13.781427102951977,-2.0011814432449295
EC-Earth-Consortium,EC-Earth3,r1i1p1f1,gn,ssp585,2016-05,2016,5,10.857036174759324,12.808329137433642,-1.9512929626743176
EC-Earth-Consortium,EC-Earth3,r1i1p1f1,gn,ssp585,2016-06,2016,6,8.39984202299617,10.720934638389092,-2.3210926153929226
EC-Earth-Consortium,EC-Earth3,r1i1p1f1,gn,ssp585,2016-07,2016,7,6.042727879854555,8.494459305557134,-2.4517314257025795
EC-Earth-Consortium,EC-Earth3,r1i1p1f1,gn,ssp585,2016-08,2016,8,4.3520331238168035,7.0526463238385,-2.7006132000216967
EC-Earth-Consortium,EC-Earth3,r1i1p1f1,gn,ssp585,2016-09,2016,9,5.74253418653643,8.105197231611642,-2.3626630450752124
EC-Earth-Consortium,EC-Earth3,r1i1p1f1,gn,ssp585,2016-10,2016,10,7.75975457623104,10.12573489317978,-2.3659803169487406
EC-Earth-Consortium,EC-Earth3,r1i1p1f1,gn,ssp585,2016-11,2016,11,9.55718427493185,12.082138855982901,-2.524954581051052
EC-Earth-Consortium,EC-Earth3,r1i1p1f1,gn,ssp585,2016-12,2016,12,11.014828767906915,13.270253347252748,-2.255424579345833
EC-Earth-Consortium,EC-Earth3,r1i1p1f1,gn,ssp585,2017-01,2017,1,11.577981456508692,13.795031720786051,-2.2170502642773595
EC-Earth-Consortium,EC-Earth3,r1i1p1f1,gn,ssp585,2017-02,2017,2,12.024215520168953,13.990164531841064,-1.9659490116721106
EC-Earth-Consortium,EC-Earth3,r1i1p1f1,gn,ssp585,2017-03,2017,3,12.117287746139516,14.004688261260165,-1.8874005151206497
EC-Earth-Consortium,EC-Earth3,r1i1p1f1,gn,ssp585,2017-04,2017,4,11.945417135188432,13.781427102951977,-1.8360099677635446
EC-Earth-Consortium,EC-Earth3,r1i1p1f1,gn,ssp585,2017-05,2017,5,10.889686255653153,12.808329137433642,-1.9186428817804888
EC-Earth-Consortium,EC-Earth3,r1i1p1f1,gn,ssp585,2017-06,2017,6,8.313420151090002,10.720934638389092,-2.407514487299091
EC-Earth-Consortium,EC-Earth3,r1i1p1f1,gn,ssp585,2017-07,2017,7,6.003832686428543,8.494459305557134,-2.490626619128591
EC-Earth-Consortium,EC-Earth3,r1i1p1f1,gn,ssp585,2017-08,2017,8,4.751698259770477,7.0526463238385,-2.300948064068023
EC-Earth-Consortium,EC-Earth3,r1i1p1f1,gn,ssp585,2017-09,2017,9,5.093129682324215,8.105197231611642,-3.012067549287427
EC-Earth-Consortium,EC-Earth3,r1i1p1f1,gn,ssp585,2017-10,2017,10,6.624968205550627,10.12573489317978,-3.500766687629153
EC-Earth-Consortium,EC-Earth3,r1i1p1f1,gn,ssp585,2017-11,2017,11,9.240515888291869,12.082138855982901,-2.8416229676910323
EC-Earth-Consortium,EC-Earth3,r1i1p1f1,gn,ssp585,2017-12,2017,12,11.151299739471115,13.270253347252748,-2.1189536077816324
EC-Earth-Consortium,EC-Earth3,r1i1p1f1,gn,ssp585,2018-01,2018,1,12.059208533614601,13.795031720786051,-1.7358231871714498
EC-Earth-Consortium,EC-Earth3,r1i1p1f1,gn,ssp585,2018-02,2018,2,12.573773577542015,13.990164531841064,-1.4163909542990485
EC-Earth-Consortium,EC-Earth3,r1i1p1f1,gn,ssp585,2018-03,2018,3,12.353048695952774,14.004688261260165,-1.6516395653073914
EC-Earth-Consortium,EC-Earth3,r1i1p1f1,gn,ssp585,2018-04,2018,4,11.904163759880793,13.781427102951977,-1.8772633430711831
EC-Earth-Consortium,EC-Earth3,r1i1p1f1,gn,ssp585,2018-05,2018,5,10.519572588627847,12.808329137433642,-2.288756548805795
EC-Earth-Consortium,EC-Earth3,r1i1p1f1,gn,ssp585,2018-06,2018,6,8.333774591234405,10.720934638389092,-2.387160047154687
EC-Earth-Consortium,EC-Earth3,r1i1p1f1,gn,ssp585,2018-07,2018,7,5.959938398568827,8.494459305557134,-2.5345209069883072
EC-Earth-Consortium,EC-Earth3,r1i1p1f1,gn,ssp585,2018-08,2018,8,4.161737746635163,7.0526463238385,-2.890908577203337
EC-Earth-Consortium,EC-Earth3,r1i1p1f1,gn,ssp585,2018-09,2018,9,4.586049553694357,8.105197231611642,-3.519147677917285
EC-Earth-Consortium,EC-Earth3,r1i1p1f1,gn,ssp585,2018-10,2018,10,7.186593259168807,10.12573489317978,-2.9391416340109737
EC-Earth-Consortium,EC-Earth3,r1i1p1f1,gn,ssp585,2018-11,2018,11,9.449845971064187,12.082138855982901,-2.632292884918714
EC-Earth-Consortium,EC-Earth3,r1i1p1f1,gn,ssp585,2018-12,2018,12,10.887335022320897,13.270253347252748,-2.3829183249318504
EC-Earth-Consortium,EC-Earth3,r1i1p1f1,gn,ssp585,2019-01,2019,1,12.091091391695226,13.795031720786051,-1.703940329090825
EC-Earth-Consortium,EC-Earth3,r1i1p1f1,gn,ssp585,2019-02,2019,2,12.655831743463981,13.990164531841064,-1.3343327883770826
EC-Earth-Consortium,EC-Earth3,r1i1p1f1,gn,ssp585,2019-03,2019,3,12.660916675085916,14.004688261260165,-1.343771586174249
EC-Earth-Consortium,EC-Earth3,r1i1p1f1,gn,ssp585,2019-04,2019,4,12.272309832729922,13.781427102951977,-1.5091172702220543
EC-Earth-Consortium,EC-Earth3,r1i1p1f1,gn,ssp585,2019-05,2019,5,10.959033695747863,12.808329137433642,-1.8492954416857792
EC-Earth-Consortium,EC-Earth3,r1i1p1f1,gn,ssp585,2019-06,2019,6,8.401840212695936,10.720934638389092,-2.319094425693157
EC-Earth-Consortium,EC-Earth3,r1i1p1f1,gn,ssp585,2019-07,2019,7,5.865335133392811,8.494459305557134,-2.629124172164323
EC-Earth-Consortium,EC-Earth3,r1i1p1f1,gn,ssp585,2019-08,2019,8,4.242629061418216,7.0526463238385,-2.810017262420284
EC-Earth-Consortium,EC-Earth3,r1i1p1f1,gn,ssp585,2019-09,2019,9,4.750603694737443,8.105197231611642,-3.3545935368741997
EC-Earth-Consortium,EC-Earth3,r1i1p1f1,gn,ssp585,2019-10,2019,10,6.408095485565797,10.12573489317978,-3.7176394076139836
EC-Earth-Consortium,EC-Earth3,r1i1p1f1,gn,ssp585,2019-11,2019,11,9.207249463815309,12.082138855982901,-2.874889392167592
EC-Earth-Consortium,EC-Earth3,r1i1p1f1,gn,ssp585,2019-12,2019,12,11.353422953204102,13.270253347252748,-1.9168303940486453
EC-Earth-Consortium,EC-Earth3,r1i1p1f1,gn,ssp585,2020-01,2020,1,12.19307805085126,13.795031720786051,-1.6019536699347903
EC-Earth-Consortium,EC-Earth3,r1i1p1f1,gn,ssp585,2020-02,2020,2,12.59813946919105,13.990164531841064,-1.3920250626500135
EC-Earth-Consortium,EC-Earth3,r1i1p1f1,gn,ssp585,2020-03,2020,3,12.627227918672478,14.004688261260165,-1.3774603425876872
EC-Earth-Consortium,EC-Earth3,r1i1p1f1,gn,ssp585,2020-04,2020,4,12.432481758331582,13.781427102951977,-1.348945344620395
EC-Earth-Consortium,EC-Earth3,r1i1p1f1,gn,ssp585,2020-05,2020,5,11.039802542857043,12.808329137433642,-1.768526594576599
EC-Earth-Consortium,EC-Earth3,r1i1p1f1,gn,ssp585,2020-06,2020,6,8.899801725706235,10.720934638389092,-1.8211329126828577
EC-Earth-Consortium,EC-Earth3,r1i1p1f1,gn,ssp585,2020-07,2020,7,6.130194293806435,8.494459305557134,-2.3642650117506996
EC-Earth-Consortium,EC-Earth3,r1i1p1f1,gn,ssp585,2020-08,2020,8,4.008224268365992,7.0526463238385,-3.0444220554725083
EC-Earth-Consortium,EC-Earth3,r1i1p1f1,gn,ssp585,2020-09,2020,9,5.048421154883438,8.105197231611642,-3.0567760767282044
EC-Earth-Consortium,EC-Earth3,r1i1p1f1,gn,ssp585,2020-10,2020,10,7.628039486299203,10.12573489317978,-2.4976954068805775
EC-Earth-Consortium,EC-Earth3,r1i1p1f1,gn,ssp585,2020-11,2020,11,10.195660648735121,12.082138855982901,-1.8864782072477801
EC-Earth-Consortium,EC-Earth3,r1i1p1f1,gn,ssp585,2020-12,2020,12,11.665610362360004,13.270253347252748,-1.6046429848927435
EC-Earth-Consortium,EC-Earth3,r1i1p1f1,gn,ssp585,2021-01,2021,1,12.254710875174682,13.795031720786051,-1.5403208456113688
EC-Earth-Consortium,EC-Earth3,r1i1p1f1,gn,ssp585,2021-02,2021,2,12.71040927772346,13.990164531841064,-1.2797552541176032
EC-Earth-Consortium,EC-Earth3,r1i1p1f1,gn,ssp585,2021-03,2021,3,12.606887335978312,14.004688261260165,-1.397800925281853
EC-Earth-Consortium,EC-Earth3,r1i1p1f1,gn,ssp585,2021-04,2021,4,12.443019556790992,13.781427102951977,-1.338407546160985
EC-Earth-Consortium,EC-Earth3,r1i1p1f1,gn,ssp585,2021-05,2021,5,11.16440396135568,12.808329137433642,-1.6439251760779623
EC-Earth-Consortium,EC-Earth3,r1i1p1f1,gn,ssp585,2021-06,2021,6,8.835554792409711,10.720934638389092,-1.8853798459793811
EC-Earth-Consortium,EC-Earth3,r1i1p1f1,gn,ssp585,2021-07,2021,7,6.184477862777131,8.494459305557134,-2.3099814427800034
EC-Earth-Consortium,EC-Earth3,r1i1p1f1,gn,ssp585,2021-08,2021,8,4.028863850906523,7.0526463238385,-3.023782472931977
EC-Earth-Consortium,EC-Earth3,r1i1p1f1,gn,ssp585,2021-09,2021,9,4.33422093057345,8.105197231611642,-3.7709763010381927
EC-Earth-Consortium,EC-Earth3,r1i1p1f1,gn,ssp585,2021-10,2021,10,7.412413985705168,10.12573489317978,-2.7133209074746123
EC-Earth-Consortium,EC-Earth3,r1i1p1f1,gn,ssp585,2021-11,2021,11,9.874013052972112,12.082138855982901,-2.2081258030107893
EC-Earth-Consortium,EC-Earth3,r1i1p1f1,gn,ssp585,2021-12,2021,12,11.4327479452785,13.270253347252748,-1.8375054019742478
EC-Earth-Consortium,EC-Earth3,r1i1p1f1,gn,ssp585,2022-01,2022,1,12.241940431198048,13.795031720786051,-1.5530912895880036
EC-Earth-Consortium,EC-Earth3,r1i1p1f1,gn,ssp585,2022-02,2022,2,12.296692075990167,13.990164531841064,-1.6934724558508965
EC-Earth-Consortium,EC-Earth3,r1i1p1f1,gn,ssp585,2022-03,2022,3,12.567184143828289,14.004688261260165,-1.4375041174318763
EC-Earth-Consortium,EC-Earth3,r1i1p1f1,gn,ssp585,2022-04,2022,4,12.221196976468633,13.781427102951977,-1.5602301264833436
EC-Earth-Consortium,EC-Earth3,r1i1p1f1,gn,ssp585,2022-05,2022,5,11.173143394653357,12.808329137433642,-1.6351857427802852
EC-Earth-Consortium,EC-Earth3,r1i1p1f1,gn,ssp585,2022-06,2022,6,8.453593298726346,10.720934638389092,-2.267341339662746
EC-Earth-Consortium,EC-Earth3,r1i1p1f1,gn,ssp585,2022-07,2022,7,5.126338170637133,8.494459305557134,-3.368121134920001
EC-Earth-Consortium,EC-Earth3,r1i1p1f1,gn,ssp585,2022-08,2022,8,2.6225489561009074,7.0526463238385,-4.430097367737593
EC-Earth-Consortium,EC-Earth3,r1i1p1f1,gn,ssp585,2022-09,2022,9,2.671976585108789,8.105197231611642,-5.433220646502853
EC-Earth-Consortium,EC-Earth3,r1i1p1f1,gn,ssp585,2022-10,2022,10,6.316425480343186,10.12573489317978,-3.809309412836594
EC-Earth-Consortium,EC-Earth3,r1i1p1f1,gn,ssp585,2022-11,2022,11,9.414125076295434,12.082138855982901,-2.668013779687467
EC-Earth-Consortium,EC-Earth3,r1i1p1f1,gn,ssp585,2022-12,2022,12,11.046924557865074,13.270253347252748,-2.223328789387674
EC-Earth-Consortium,EC-Earth3,r1i1p1f1,gn,ssp585,2023-01,2023,1,12.139407353225868,13.795031720786051,-1.6556243675601827
EC-Earth-Consortium,EC-Earth3,r1i1p1f1,gn,ssp585,2023-02,2023,2,12.31297055696923,13.990164531841064,-1.6771939748718339
EC-Earth-Consortium,EC-Earth3,r1i1p1f1,gn,ssp585,2023-03,2023,3,12.286220022609402,14.004688261260165,-1.7184682386507628
EC-Earth-Consortium,EC-Earth3,r1i1p1f1,gn,ssp585,2023-04,2023,4,11.901224639923528,13.781427102951977,-1.8802024630284482
EC-Earth-Consortium,EC-Earth3,r1i1p1f1,gn,ssp585,2023-05,2023,5,10.709494310884333,12.808329137433642,-2.098834826549309
EC-Earth-Consortium,EC-Earth3,r1i1p1f1,gn,ssp585,2023-06,2023,6,8.057324576742587,10.720934638389092,-2.663610061646505
EC-Earth-Consortium,EC-Earth3,r1i1p1f1,gn,ssp585,2023-07,2023,7,5.10367372327334,8.494459305557134,-3.3907855822837947
EC-Earth-Consortium,EC-Earth3,r1i1p1f1,gn,ssp585,2023-08,2023,8,2.8532034993298847,7.0526463238385,-4.1994428245086155
EC-Earth-Consortium,EC-Earth3,r1i1p1f1,gn,ssp585,2023-09,2023,9,2.8396504101532147,8.105197231611642,-5.265546821458427
EC-Earth-Consortium,EC-Earth3,r1i1p1f1,gn,ssp585,2023-10,2023,10,5.556199933498025,10.12573489317978,-4.569534959681755
EC-Earth-Consortium,EC-Earth3,r1i1p1f1,gn,ssp585,2023-11,2023,11,8.150227203825724,12.082138855982901,-3.9319116521571775
EC-Earth-Consortium,EC-Earth3,r1i1p1f1,gn,ssp585,2023-12,2023,12,10.581517149037396,13.270253347252748,-2.688736198215352
EC-Earth-Consortium,EC-Earth3,r1i1p1f1,gn,ssp585,2024-01,2024,1,11.763483673676655,13.795031720786051,-2.0315480471093963
EC-Earth-Consortium,EC-Earth3,r1i1p1f1,gn,ssp585,2024-02,2024,2,11.980002441788537,13.990164531841064,-2.0101620900525266
EC-Earth-Consortium,EC-Earth3,r1i1p1f1,gn,ssp585,2024-03,2024,3,11.879946523074109,14.004688261260165,-2.1247417381860565
EC-Earth-Consortium,EC-Earth3,r1i1p1f1,gn,ssp585,2024-04,2024,4,11.849918863998829,13.781427102951977,-1.931508238953148
EC-Earth-Consortium,EC-Earth3,r1i1p1f1,gn,ssp585,2024-05,2024,5,10.468585615407584,12.808329137433642,-2.3397435220260583
EC-Earth-Consortium,EC-Earth3,r1i1p1f1,gn,ssp585,2024-06,2024,6,7.887937172977677,10.720934638389092,-2.832997465411416
EC-Earth-Consortium,EC-Earth3,r1i1p1f1,gn,ssp585,2024-07,2024,7,5.083197731915955,8.494459305557134,-3.4112615736411795
EC-Earth-Consortium,EC-Earth3,r1i1p1f1,gn,ssp585,2024-08,2024,8,2.764317514673999,7.0526463238385,-4.288328809164501
EC-Earth-Consortium,EC-Earth3,r1i1p1f1,gn,ssp585,2024-09,2024,9,3.1809631271964927,8.105197231611642,-4.92423410441515
EC-Earth-Consortium,EC-Earth3,r1i1p1f1,gn,ssp585,2024-10,2024,10,5.99234387909732,10.12573489317978,-4.13339101408246
EC-Earth-Consortium,EC-Earth3,r1i1p1f1,gn,ssp585,2024-11,2024,11,8.661449704416903,12.082138855982901,-3.4206891515659983
EC-Earth-Consortium,EC-Earth3,r1i1p1f1,gn,ssp585,2024-12,2024,12,10.708989247284814,13.270253347252748,-2.561264099967934
EC-Earth-Consortium,EC-Earth3,r1i1p1f1,gn,ssp585,2025-01,2025,1,11.612916153414162,13.795031720786051,-2.1821155673718895
EC-Earth-Consortium,EC-Earth3,r1i1p1f1,gn,ssp585,2025-02,2025,2,11.8591576653845,13.990164531841064,-2.1310068664565645
EC-Earth-Consortium,EC-Earth3,r1i1p1f1,gn,ssp585,2025-03,2025,3,11.877392990282301,14.004688261260165,-2.1272952709778643
EC-Earth-Consortium,EC-Earth3,r1i1p1f1,gn,ssp585,2025-04,2025,4,11.41210736606972,13.781427102951977,-2.3693197368822574
EC-Earth-Consortium,EC-Earth3,r1i1p1f1,gn,ssp585,2025-05,2025,5,10.324054197622045,12.808329137433642,-2.4842749398115966
EC-Earth-Consortium,EC-Earth3,r1i1p1f1,gn,ssp585,2025-06,2025,6,8.032693416801955,10.720934638389092,-2.6882412215871376
EC-Earth-Consortium,EC-Earth3,r1i1p1f1,gn,ssp585,2025-07,2025,7,4.57238087633804,8.494459305557134,-3.922078429219094
EC-Earth-Consortium,EC-Earth3,r1i1p1f1,gn,ssp585,2025-08,2025,8,2.1795752440085336,7.0526463238385,-4.873071079829966
EC-Earth-Consortium,EC-Earth3,r1i1p1f1,gn,ssp585,2025-09,2025,9,2.0566314014724174,8.105197231611642,-6.048565830139225
EC-Earth-Consortium,EC-Earth3,r1i1p1f1,gn,ssp585,2025-10,2025,10,4.800016759433056,10.12573489317978,-5.325718133746724
EC-Earth-Consortium,EC-Earth3,r1i1p1f1,gn,ssp585,2025-11,2025,11,7.886521506294855,12.082138855982901,-4.195617349688046
EC-Earth-Consortium,EC-Earth3,r1i1p1f1,gn,ssp585,2025-12,2025,12,10.310827405521804,13.270253347252748,-2.9594259417309434
EC-Earth-Consortium,EC-Earth3,r1i1p1f1,gn,ssp585,2026-01,2026,1,11.117912136190519,13.795031720786051,-2.6771195845955322
EC-Earth-Consortium,EC-Earth3,r1i1p1f1,gn,ssp585,2026-02,2026,2,11.53687531109708,13.990164531841064,-2.453289220743983
EC-Earth-Consortium,EC-Earth3,r1i1p1f1,gn,ssp585,2026-03,2026,3,11.867339917475324,14.004688261260165,-2.1373483437848417
EC-Earth-Consortium,EC-Earth3,r1i1p1f1,gn,ssp585,2026-04,2026,4,11.467378847900035,13.781427102951977,-2.314048255051942
EC-Earth-Consortium,EC-Earth3,r1i1p1f1,gn,ssp585,2026-05,2026,5,10.2718901994345,12.808329137433642,-2.536438937999142
EC-Earth-Consortium,EC-Earth3,r1i1p1f1,gn,ssp585,2026-06,2026,6,7.952956575051862,10.720934638389092,-2.767978063337231
EC-Earth-Consortium,EC-Earth3,r1i1p1f1,gn,ssp585,2026-07,2026,7,4.628272359508368,8.494459305557134,-3.8661869460487663
EC-Earth-Consortium,EC-Earth3,r1i1p1f1,gn,ssp585,2026-08,2026,8,1.8695353324449706,7.0526463238385,-5.18311099139353
EC-Earth-Consortium,EC-Earth3,r1i1p1f1,gn,ssp585,2026-09,2026,9,2.2287346320363466,8.105197231611642,-5.876462599575296
EC-Earth-Consortium,EC-Earth3,r1i1p1f1,gn,ssp585,2026-10,2026,10,5.265151517309333,10.12573489317978,-4.860583375870448
EC-Earth-Consortium,EC-Earth3,r1i1p1f1,gn,ssp585,2026-11,2026,11,8.767385222170372,12.082138855982901,-3.314753633812529
EC-Earth-Consortium,EC-Earth3,r1i1p1f1,gn,ssp585,2026-12,2026,12,10.741242446905131,13.270253347252748,-2.5290109003476164
EC-Earth-Consortium,EC-Earth3,r1i1p1f1,gn,ssp585,2027-01,2027,1,11.64643960165035,13.795031720786051,-2.148592119135701
EC-Earth-Consortium,EC-Earth3,r1i1p1f1,gn,ssp585,2027-02,2027,2,11.80491798559302,13.990164531841064,-2.1852465462480435
EC-Earth-Consortium,EC-Earth3,r1i1p1f1,gn,ssp585,2027-03,2027,3,11.934342614887195,14.004688261260165,-2.070345646372971
EC-Earth-Consortium,EC-Earth3,r1i1p1f1,gn,ssp585,2027-04,2027,4,11.844031521396097,13.781427102951977,-1.9373955815558794
EC-Earth-Consortium,EC-Earth3,r1i1p1f1,gn,ssp585,2027-05,2027,5,10.513015425016295,12.808329137433642,-2.2953137124173466
EC-Earth-Consortium,EC-Earth3,r1i1p1f1,gn,ssp585,2027-06,2027,6,8.250690601249218,10.720934638389092,-2.4702440371398744
EC-Earth-Consortium,EC-Earth3,r1i1p1f1,gn,ssp585,2027-07,2027,7,4.727427155851994,8.494459305557134,-3.76703214970514
EC-Earth-Consortium,EC-Earth3,r1i1p1f1,gn,ssp585,2027-08,2027,8,2.0420367941789133,7.0526463238385,-5.010609529659587
EC-Earth-Consortium,EC-Earth3,r1i1p1f1,gn,ssp585,2027-09,2027,9,2.53371431405716,8.105197231611642,-5.571482917554482
EC-Earth-Consortium,EC-Earth3,r1i1p1f1,gn,ssp585,2027-10,2027,10,5.401212054834638,10.12573489317978,-4.724522838345142
EC-Earth-Consortium,EC-Earth3,r1i1p1f1,gn,ssp585,2027-11,2027,11,8.985022438175818,12.082138855982901,-3.097116417807083
EC-Earth-Consortium,EC-Earth3,r1i1p1f1,gn,ssp585,2027-12,2027,12,10.568690878241235,13.270253347252748,-2.701562469011513
EC-Earth-Consortium,EC-Earth3,r1i1p1f1,gn,ssp585,2028-01,2028,1,11.450677950266286,13.795031720786051,-2.3443537705197652
EC-Earth-Consortium,EC-Earth3,r1i1p1f1,gn,ssp585,2028-02,2028,2,11.70821315762012,13.990164531841064,-2.2819513742209434
EC-Earth-Consortium,EC-Earth3,r1i1p1f1,gn,ssp585,2028-03,2028,3,11.68073330245235,14.004688261260165,-2.323954958807816
EC-Earth-Consortium,EC-Earth3,r1i1p1f1,gn,ssp585,2028-04,2028,4,11.218011227666665,13.781427102951977,-2.563415875285312
EC-Earth-Consortium,EC-Earth3,r1i1p1f1,gn,ssp585,2028-05,2028,5,9.919596137339669,12.808329137433642,-2.888733000093973
EC-Earth-Consortium,EC-Earth3,r1i1p1f1,gn,ssp585,2028-06,2028,6,7.375534361438254,10.720934638389092,-3.345400276950839
EC-Earth-Consortium,EC-Earth3,r1i1p1f1,gn,ssp585,2028-07,2028,7,4.438287835745605,8.494459305557134,-4.056171469811529
EC-Earth-Consortium,EC-Earth3,r1i1p1f1,gn,ssp585,2028-08,2028,8,2.1291800826100142,7.0526463238385,-4.9234662412284855
EC-Earth-Consortium,EC-Earth3,r1i1p1f1,gn,ssp585,2028-09,2028,9,1.9253367765528306,8.105197231611642,-6.179860455058812
EC-Earth-Consortium,EC-Earth3,r1i1p1f1,gn,ssp585,2028-10,2028,10,4.636448873453079,10.12573489317978,-5.489286019726701
EC-Earth-Consortium,EC-Earth3,r1i1p1f1,gn,ssp585,2028-11,2028,11,7.628177549999845,12.082138855982901,-4.453961305983056
EC-Earth-Consortium,EC-Earth3,r1i1p1f1,gn,ssp585,2028-12,2028,12,9.671430753009837,13.270253347252748,-3.598822594242911
EC-Earth-Consortium,EC-Earth3,r1i1p1f1,gn,ssp585,2029-01,2029,1,10.617780334456478,13.795031720786051,-3.177251386329573
EC-Earth-Consortium,EC-Earth3,r1i1p1f1,gn,ssp585,2029-02,2029,2,11.348682069818706,13.990164531841064,-2.641482462022358
EC-Earth-Consortium,EC-Earth3,r1i1p1f1,gn,ssp585,2029-03,2029,3,11.390977736171422,14.004688261260165,-2.6137105250887434
EC-Earth-Consortium,EC-Earth3,r1i1p1f1,gn,ssp585,2029-04,2029,4,10.917322173178437,13.781427102951977,-2.8641049297735393
EC-Earth-Consortium,EC-Earth3,r1i1p1f1,gn,ssp585,2029-05,2029,5,9.708881934698555,12.808329137433642,-3.099447202735087
EC-Earth-Consortium,EC-Earth3,r1i1p1f1,gn,ssp585,2029-06,2029,6,6.837016117149607,10.720934638389092,-3.8839185212394858
EC-Earth-Consortium,EC-Earth3,r1i1p1f1,gn,ssp585,2029-07,2029,7,4.0494525884074895,8.494459305557134,-4.445006717149645
EC-Earth-Consortium,EC-Earth3,r1i1p1f1,gn,ssp585,2029-08,2029,8,1.4799545973821169,7.0526463238385,-5.572691726456384
EC-Earth-Consortium,EC-Earth3,r1i1p1f1,gn,ssp585,2029-09,2029,9,0.9799806606078545,8.105197231611642,-7.125216571003788
EC-Earth-Consortium,EC-Earth3,r1i1p1f1,gn,ssp585,2029-10,2029,10,4.157646148788645,10.12573489317978,-5.968088744391135
EC-Earth-Consortium,EC-Earth3,r1i1p1f1,gn,ssp585,2029-11,2029,11,7.052683858172531,12.082138855982901,-5.02945499781037
EC-Earth-Consortium,EC-Earth3,r1i1p1f1,gn,ssp585,2029-12,2029,12,9.402907726005841,13.270253347252748,-3.8673456212469066
EC-Earth-Consortium,EC-Earth3,r1i1p1f1,gn,ssp585,2030-01,2030,1,10.886970804082559,13.795031720786051,-2.9080609167034925
EC-Earth-Consortium,EC-Earth3,r1i1p1f1,gn,ssp585,2030-02,2030,2,11.243242214012671,13.990164531841064,-2.7469223178283926
EC-Earth-Consortium,EC-Earth3,r1i1p1f1,gn,ssp585,2030-03,2030,3,11.308920074855633,14.004688261260165,-2.695768186404532
EC-Earth-Consortium,EC-Earth3,r1i1p1f1,gn,ssp585,2030-04,2030,4,11.428913457607399,13.781427102951977,-2.352513645344578
EC-Earth-Consortium,EC-Earth3,r1i1p1f1,gn,ssp585,2030-05,2030,5,9.976874036508681,12.808329137433642,-2.831455100924961
EC-Earth-Consortium,EC-Earth3,r1i1p1f1,gn,ssp585,2030-06,2030,6,7.2053242341356,10.720934638389092,-3.5156104042534926
EC-Earth-Consortium,EC-Earth3,r1i1p1f1,gn,ssp585,2030-07,2030,7,3.9542562283567984,8.494459305557134,-4.540203077200336
EC-Earth-Consortium,EC-Earth3,r1i1p1f1,gn,ssp585,2030-08,2030,8,1.9604674045735604,7.0526463238385,-5.09217891926494
EC-Earth-Consortium,EC-Earth3,r1i1p1f1,gn,ssp585,2030-09,2030,9,2.0481675640159347,8.105197231611642,-6.057029667595708
EC-Earth-Consortium,EC-Earth3,r1i1p1f1,gn,ssp585,2030-10,2030,10,4.23225639875955,10.12573489317978,-5.89347849442023
EC-Earth-Consortium,EC-Earth3,r1i1p1f1,gn,ssp585,2030-11,2030,11,7.204794726734914,12.082138855982901,-4.877344129247987
EC-Earth-Consortium,EC-Earth3,r1i1p1f1,gn,ssp585,2030-12,2030,12,9.755013033850684,13.270253347252748,-3.5152403134020638
EC-Earth-Consortium,EC-Earth3,r1i1p1f1,gn,ssp585,2031-01,2031,1,10.627969611274704,13.795031720786051,-3.167062109511347
EC-Earth-Consortium,EC-Earth3,r1i1p1f1,gn,ssp585,2031-02,2031,2,11.357889819991758,13.990164531841064,-2.6322747118493055
EC-Earth-Consortium,EC-Earth3,r1i1p1f1,gn,ssp585,2031-03,2031,3,11.611053901887555,14.004688261260165,-2.3936343593726104
EC-Earth-Consortium,EC-Earth3,r1i1p1f1,gn,ssp585,2031-04,2031,4,11.422995988968387,13.781427102951977,-2.35843111398359
EC-Earth-Consortium,EC-Earth3,r1i1p1f1,gn,ssp585,2031-05,2031,5,10.220891221669769,12.808329137433642,-2.587437915763873
EC-Earth-Consortium,EC-Earth3,r1i1p1f1,gn,ssp585,2031-06,2031,6,7.810200907742267,10.720934638389092,-2.9107337306468253
EC-Earth-Consortium,EC-Earth3,r1i1p1f1,gn,ssp585,2031-07,2031,7,4.7530391407290145,8.494459305557134,-3.74142016482812
EC-Earth-Consortium,EC-Earth3,r1i1p1f1,gn,ssp585,2031-08,2031,8,2.177556651346617,7.0526463238385,-4.8750896724918835
EC-Earth-Consortium,EC-Earth3,r1i1p1f1,gn,ssp585,2031-09,2031,9,2.481373731168712,8.105197231611642,-5.6238235004429304
EC-Earth-Consortium,EC-Earth3,r1i1p1f1,gn,ssp585,2031-10,2031,10,4.718529327873448,10.12573489317978,-5.407205565306333
EC-Earth-Consortium,EC-Earth3,r1i1p1f1,gn,ssp585,2031-11,2031,11,7.239340663058242,12.082138855982901,-4.842798192924659
EC-Earth-Consortium,EC-Earth3,r1i1p1f1,gn,ssp585,2031-12,2031,12,9.860127697209885,13.270253347252748,-3.410125650042863
EC-Earth-Consortium,EC-Earth3,r1i1p1f1,gn,ssp585,2032-01,2032,1,10.857049691299261,13.795031720786051,-2.9379820294867898
EC-Earth-Consortium,EC-Earth3,r1i1p1f1,gn,ssp585,2032-02,2032,2,11.377882450843277,13.990164531841064,-2.6122820809977867
EC-Earth-Consortium,EC-Earth3,r1i1p1f1,gn,ssp585,2032-03,2032,3,11.715309319238543,14.004688261260165,-2.2893789420216226
EC-Earth-Consortium,EC-Earth3,r1i1p1f1,gn,ssp585,2032-04,2032,4,11.478597708299226,13.781427102951977,-2.3028293946527505
EC-Earth-Consortium,EC-Earth3,r1i1p1f1,gn,ssp585,2032-05,2032,5,9.837145525584356,12.808329137433642,-2.971183611849286
EC-Earth-Consortium,EC-Earth3,r1i1p1f1,gn,ssp585,2032-06,2032,6,7.221102233064274,10.720934638389092,-3.4998324053248187
EC-Earth-Consortium,EC-Earth3,r1i1p1f1,gn,ssp585,2032-07,2032,7,4.543556905260443,8.494459305557134,-3.950902400296691
EC-Earth-Consortium,EC-Earth3,r1i1p1f1,gn,ssp585,2032-08,2032,8,2.2381021348545693,7.0526463238385,-4.81454418898393
EC-Earth-Consortium,EC-Earth3,r1i1p1f1,gn,ssp585,2032-09,2032,9,1.9588420176111814,8.105197231611642,-6.146355214000461
EC-Earth-Consortium,EC-Earth3,r1i1p1f1,gn,ssp585,2032-10,2032,10,4.894501649626119,10.12573489317978,-5.231233243553661
EC-Earth-Consortium,EC-Earth3,r1i1p1f1,gn,ssp585,2032-11,2032,11,7.611559255677594,12.082138855982901,-4.470579600305307
EC-Earth-Consortium,EC-Earth3,r1i1p1f1,gn,ssp585,2032-12,2032,12,9.895492055200265,13.270253347252748,-3.374761292052483
EC-Earth-Consortium,EC-Earth3,r1i1p1f1,gn,ssp585,2033-01,2033,1,10.719788266935684,13.795031720786051,-3.0752434538503675
EC-Earth-Consortium,EC-Earth3,r1i1p1f1,gn,ssp585,2033-02,2033,2,11.152844841622747,13.990164531841064,-2.837319690218317
EC-Earth-Consortium,EC-Earth3,r1i1p1f1,gn,ssp585,2033-03,2033,3,11.37519520787979,14.004688261260165,-2.6294930533803758
EC-Earth-Consortium,EC-Earth3,r1i1p1f1,gn,ssp585,2033-04,2033,4,11.260620325396832,13.781427102951977,-2.520806777555144
EC-Earth-Consortium,EC-Earth3,r1i1p1f1,gn,ssp585,2033-05,2033,5,10.134823658044606,12.808329137433642,-2.6735054793890356
EC-Earth-Consortium,EC-Earth3,r1i1p1f1,gn,ssp585,2033-06,2033,6,7.257334460999181,10.720934638389092,-3.463600177389911
EC-Earth-Consortium,EC-Earth3,r1i1p1f1,gn,ssp585,2033-07,2033,7,4.329106140853129,8.494459305557134,-4.165353164704006
EC-Earth-Consortium,EC-Earth3,r1i1p1f1,gn,ssp585,2033-08,2033,8,2.164317346296483,7.0526463238385,-4.888328977542017
EC-Earth-Consortium,EC-Earth3,r1i1p1f1,gn,ssp585,2033-09,2033,9,2.2064129052146586,8.105197231611642,-5.898784326396983
EC-Earth-Consortium,EC-Earth3,r1i1p1f1,gn,ssp585,2033-10,2033,10,4.5768351495939426,10.12573489317978,-5.548899743585838
EC-Earth-Consortium,EC-Earth3,r1i1p1f1,gn,ssp585,2033-11,2033,11,7.997734018832383,12.082138855982901,-4.084404837150518
EC-Earth-Consortium,EC-Earth3,r1i1p1f1,gn,ssp585,2033-12,2033,12,9.932124982176465,13.270253347252748,-3.338128365076283
EC-Earth-Consortium,EC-Earth3,r1i1p1f1,gn,ssp585,2034-01,2034,1,11.001410447791454,13.795031720786051,-2.7936212729945975
EC-Earth-Consortium,EC-Earth3,r1i1p1f1,gn,ssp585,2034-02,2034,2,11.50469925106525,13.990164531841064,-2.485465280775813
EC-Earth-Consortium,EC-Earth3,r1i1p1f1,gn,ssp585,2034-03,2034,3,11.537956121857961,14.004688261260165,-2.466732139402204
EC-Earth-Consortium,EC-Earth3,r1i1p1f1,gn,ssp585,2034-04,2034,4,10.980526789973219,13.781427102951977,-2.800900312978758
EC-Earth-Consortium,EC-Earth3,r1i1p1f1,gn,ssp585,2034-05,2034,5,9.781942014910067,12.808329137433642,-3.026387122523575
EC-Earth-Consortium,EC-Earth3,r1i1p1f1,gn,ssp585,2034-06,2034,6,7.074986125323595,10.720934638389092,-3.6459485130654974
EC-Earth-Consortium,EC-Earth3,r1i1p1f1,gn,ssp585,2034-07,2034,7,4.631944429115575,8.494459305557134,-3.8625148764415593
EC-Earth-Consortium,EC-Earth3,r1i1p1f1,gn,ssp585,2034-08,2034,8,2.424789798532518,7.0526463238385,-4.627856525305982
EC-Earth-Consortium,EC-Earth3,r1i1p1f1,gn,ssp585,2034-09,2034,9,2.1479786110994086,8.105197231611642,-5.957218620512234
EC-Earth-Consortium,EC-Earth3,r1i1p1f1,gn,ssp585,2034-10,2034,10,4.019007061614997,10.12573489317978,-6.1067278315647835
EC-Earth-Consortium,EC-Earth3,r1i1p1f1,gn,ssp585,2034-11,2034,11,6.924029277472075,12.082138855982901,-5.158109578510826
EC-Earth-Consortium,EC-Earth3,r1i1p1f1,gn,ssp585,2034-12,2034,12,9.484187635562057,13.270253347252748,-3.786065711690691
EC-Earth-Consortium,EC-Earth3,r1i1p1f1,gn,ssp585,2035-01,2035,1,10.569507253000586,13.795031720786051,-3.2255244677854655
EC-Earth-Consortium,EC-Earth3,r1i1p1f1,gn,ssp585,2035-02,2035,2,10.91949651080071,13.990164531841064,-3.070668021040353
EC-Earth-Consortium,EC-Earth3,r1i1p1f1,gn,ssp585,2035-03,2035,3,11.229500743609748,14.004688261260165,-2.7751875176504175
EC-Earth-Consortium,EC-Earth3,r1i1p1f1,gn,ssp585,2035-04,2035,4,11.0675174807385,13.781427102951977,-2.7139096222134764
EC-Earth-Consortium,EC-Earth3,r1i1p1f1,gn,ssp585,2035-05,2035,5,9.702470246495206,12.808329137433642,-3.1058588909384355
EC-Earth-Consortium,EC-Earth3,r1i1p1f1,gn,ssp585,2035-06,2035,6,6.89029655442445,10.720934638389092,-3.830638083964643
EC-Earth-Consortium,EC-Earth3,r1i1p1f1,gn,ssp585,2035-07,2035,7,4.441903245404665,8.494459305557134,-4.052556060152469
EC-Earth-Consortium,EC-Earth3,r1i1p1f1,gn,ssp585,2035-08,2035,8,2.6618397767279105,7.0526463238385,-4.390806547110589
EC-Earth-Consortium,EC-Earth3,r1i1p1f1,gn,ssp585,2035-09,2035,9,2.8697062122916273,8.105197231611642,-5.2354910193200155
EC-Earth-Consortium,EC-Earth3,r1i1p1f1,gn,ssp585,2035-10,2035,10,4.4947547175228735,10.12573489317978,-5.630980175656907
EC-Earth-Consortium,EC-Earth3,r1i1p1f1,gn,ssp585,2035-11,2035,11,6.50742065279047,12.082138855982901,-5.574718203192431
EC-Earth-Consortium,EC-Earth3,r1i1p1f1,gn,ssp585,2035-12,2035,12,9.244847415408657,13.270253347252748,-4.025405931844091
EC-Earth-Consortium,EC-Earth3,r1i1p1f1,gn,ssp585,2036-01,2036,1,10.598573002231973,13.795031720786051,-3.1964587185540783
EC-Earth-Consortium,EC-Earth3,r1i1p1f1,gn,ssp585,2036-02,2036,2,11.13778173527319,13.990164531841064,-2.8523827965678734
EC-Earth-Consortium,EC-Earth3,r1i1p1f1,gn,ssp585,2036-03,2036,3,11.382222338036208,14.004688261260165,-2.6224659232239578
EC-Earth-Consortium,EC-Earth3,r1i1p1f1,gn,ssp585,2036-04,2036,4,11.00867092340585,13.781427102951977,-2.7727561795461266
EC-Earth-Consortium,EC-Earth3,r1i1p1f1,gn,ssp585,2036-05,2036,5,9.809900721589594,12.808329137433642,-2.9984284158440477
EC-Earth-Consortium,EC-Earth3,r1i1p1f1,gn,ssp585,2036-06,2036,6,6.599217608685339,10.720934638389092,-4.1217170297037535
EC-Earth-Consortium,EC-Earth3,r1i1p1f1,gn,ssp585,2036-07,2036,7,3.804800693715179,8.494459305557134,-4.689658611841955
EC-Earth-Consortium,EC-Earth3,r1i1p1f1,gn,ssp585,2036-08,2036,8,1.9464414272324042,7.0526463238385,-5.106204896606096
EC-Earth-Consortium,EC-Earth3,r1i1p1f1,gn,ssp585,2036-09,2036,9,1.6941977611833872,8.105197231611642,-6.410999470428255
EC-Earth-Consortium,EC-Earth3,r1i1p1f1,gn,ssp585,2036-10,2036,10,3.383718361838133,10.12573489317978,-6.742016531341648
EC-Earth-Consortium,EC-Earth3,r1i1p1f1,gn,ssp585,2036-11,2036,11,5.746110485840953,12.082138855982901,-6.336028370141948
EC-Earth-Consortium,EC-Earth3,r1i1p1f1,gn,ssp585,2036-12,2036,12,9.122808429647748,13.270253347252748,-4.147444917605
EC-Earth-Consortium,EC-Earth3,r1i1p1f1,gn,ssp585,2037-01,2037,1,10.384711734537726,13.795031720786051,-3.410319986248325
EC-Earth-Consortium,EC-Earth3,r1i1p1f1,gn,ssp585,2037-02,2037,2,11.095432077688452,13.990164531841064,-2.894732454152612
EC-Earth-Consortium,EC-Earth3,r1i1p1f1,gn,ssp585,2037-03,2037,3,11.252786957678412,14.004688261260165,-2.7519013035817537
EC-Earth-Consortium,EC-Earth3,r1i1p1f1,gn,ssp585,2037-04,2037,4,10.766251633623062,13.781427102951977,-3.0151754693289146
EC-Earth-Consortium,EC-Earth3,r1i1p1f1,gn,ssp585,2037-05,2037,5,9.311201981206496,12.808329137433642,-3.4971271562271458
EC-Earth-Consortium,EC-Earth3,r1i1p1f1,gn,ssp585,2037-06,2037,6,6.902018230037237,10.720934638389092,-3.818916408351855
EC-Earth-Consortium,EC-Earth3,r1i1p1f1,gn,ssp585,2037-07,2037,7,4.581189357759138,8.494459305557134,-3.913269947797996
EC-Earth-Consortium,EC-Earth3,r1i1p1f1,gn,ssp585,2037-08,2037,8,2.437420623168225,7.0526463238385,-4.615225700670275
EC-Earth-Consortium,EC-Earth3,r1i1p1f1,gn,ssp585,2037-09,2037,9,2.7356248630250737,8.105197231611642,-5.369572368586569
EC-Earth-Consortium,EC-Earth3,r1i1p1f1,gn,ssp585,2037-10,2037,10,5.428753917954848,10.12573489317978,-4.696980975224933
EC-Earth-Consortium,EC-Earth3,r1i1p1f1,gn,ssp585,2037-11,2037,11,7.382237405410576,12.082138855982901,-4.699901450572325
EC-Earth-Consortium,EC-Earth3,r1i1p1f1,gn,ssp585,2037-12,2037,12,9.549655175521364,13.270253347252748,-3.7205981717313836
EC-Earth-Consortium,EC-Earth3,r1i1p1f1,gn,ssp585,2038-01,2038,1,10.875231111102035,13.795031720786051,-2.9198006096840157
EC-Earth-Consortium,EC-Earth3,r1i1p1f1,gn,ssp585,2038-02,2038,2,11.475892414538494,13.990164531841064,-2.5142721173025695
EC-Earth-Consortium,EC-Earth3,r1i1p1f1,gn,ssp585,2038-03,2038,3,11.686599497386387,14.004688261260165,-2.318088763873778
EC-Earth-Consortium,EC-Earth3,r1i1p1f1,gn,ssp585,2038-04,2038,4,11.368261885666618,13.781427102951977,-2.413165217285359
EC-Earth-Consortium,EC-Earth3,r1i1p1f1,gn,ssp585,2038-05,2038,5,9.95861640152121,12.808329137433642,-2.8497127359124317
EC-Earth-Consortium,EC-Earth3,r1i1p1f1,gn,ssp585,2038-06,2038,6,7.63505732927197,10.720934638389092,-3.085877309117122
EC-Earth-Consortium,EC-Earth3,r1i1p1f1,gn,ssp585,2038-07,2038,7,4.953798726015471,8.494459305557134,-3.5406605795416635
EC-Earth-Consortium,EC-Earth3,r1i1p1f1,gn,ssp585,2038-08,2038,8,2.3549536420908437,7.0526463238385,-4.6976926817476565
EC-Earth-Consortium,EC-Earth3,r1i1p1f1,gn,ssp585,2038-09,2038,9,2.331708491278058,8.105197231611642,-5.773488740333584
EC-Earth-Consortium,EC-Earth3,r1i1p1f1,gn,ssp585,2038-10,2038,10,5.0047670875968615,10.12573489317978,-5.120967805582919
EC-Earth-Consortium,EC-Earth3,r1i1p1f1,gn,ssp585,2038-11,2038,11,7.703435548914199,12.082138855982901,-4.378703307068702
EC-Earth-Consortium,EC-Earth3,r1i1p1f1,gn,ssp585,2038-12,2038,12,9.735768383105293,13.270253347252748,-3.5344849641474543
EC-Earth-Consortium,EC-Earth3,r1i1p1f1,gn,ssp585,2039-01,2039,1,10.864013431062618,13.795031720786051,-2.9310182897234327
EC-Earth-Consortium,EC-Earth3,r1i1p1f1,gn,ssp585,2039-02,2039,2,11.210948535766859,13.990164531841064,-2.779215996074205
EC-Earth-Consortium,EC-Earth3,r1i1p1f1,gn,ssp585,2039-03,2039,3,11.386773254703579,14.004688261260165,-2.6179150065565864
EC-Earth-Consortium,EC-Earth3,r1i1p1f1,gn,ssp585,2039-04,2039,4,10.68350876276178,13.781427102951977,-3.097918340190196
EC-Earth-Consortium,EC-Earth3,r1i1p1f1,gn,ssp585,2039-05,2039,5,9.09546550737602,12.808329137433642,-3.7128636300576225
EC-Earth-Consortium,EC-Earth3,r1i1p1f1,gn,ssp585,2039-06,2039,6,6.37297333831589,10.720934638389092,-4.3479613000732025
EC-Earth-Consortium,EC-Earth3,r1i1p1f1,gn,ssp585,2039-07,2039,7,3.5575500458742884,8.494459305557134,-4.936909259682846
EC-Earth-Consortium,EC-Earth3,r1i1p1f1,gn,ssp585,2039-08,2039,8,1.2320508157175132,7.0526463238385,-5.820595508120987
EC-Earth-Consortium,EC-Earth3,r1i1p1f1,gn,ssp585,2039-09,2039,9,1.3235213925988376,8.105197231611642,-6.781675839012805
EC-Earth-Consortium,EC-Earth3,r1i1p1f1,gn,ssp585,2039-10,2039,10,3.5578360329117626,10.12573489317978,-6.567898860268018
EC-Earth-Consortium,EC-Earth3,r1i1p1f1,gn,ssp585,2039-11,2039,11,5.957815831354745,12.082138855982901,-6.124323024628156
EC-Earth-Consortium,EC-Earth3,r1i1p1f1,gn,ssp585,2039-12,2039,12,8.411690783692345,13.270253347252748,-4.858562563560403
EC-Earth-Consortium,EC-Earth3,r1i1p1f1,gn,ssp585,2040-01,2040,1,10.182478056101305,13.795031720786051,-3.6125536646847465
EC-Earth-Consortium,EC-Earth3,r1i1p1f1,gn,ssp585,2040-02,2040,2,11.049191344604335,13.990164531841064,-2.940973187236729
EC-Earth-Consortium,EC-Earth3,r1i1p1f1,gn,ssp585,2040-03,2040,3,11.322265236171402,14.004688261260165,-2.682423025088763
EC-Earth-Consortium,EC-Earth3,r1i1p1f1,gn,ssp585,2040-04,2040,4,10.8347477931992,13.781427102951977,-2.946679309752776
EC-Earth-Consortium,EC-Earth3,r1i1p1f1,gn,ssp585,2040-05,2040,5,9.284072396901102,12.808329137433642,-3.5242567405325396
EC-Earth-Consortium,EC-Earth3,r1i1p1f1,gn,ssp585,2040-06,2040,6,6.726827658247156,10.720934638389092,-3.994106980141937
EC-Earth-Consortium,EC-Earth3,r1i1p1f1,gn,ssp585,2040-07,2040,7,3.236479594088283,8.494459305557134,-5.257979711468851
EC-Earth-Consortium,EC-Earth3,r1i1p1f1,gn,ssp585,2040-08,2040,8,0.5804604807048706,7.0526463238385,-6.47218584313363
EC-Earth-Consortium,EC-Earth3,r1i1p1f1,gn,ssp585,2040-09,2040,9,0.44298153142270374,8.105197231611642,-7.662215700188939
EC-Earth-Consortium,EC-Earth3,r1i1p1f1,gn,ssp585,2040-10,2040,10,2.7305501691678713,10.12573489317978,-7.395184724011909
EC-Earth-Consortium,EC-Earth3,r1i1p1f1,gn,ssp585,2040-11,2040,11,5.8428368399204595,12.082138855982901,-6.2393020160624415
EC-Earth-Consortium,EC-Earth3,r1i1p1f1,gn,ssp585,2040-12,2040,12,8.782687833808364,13.270253347252748,-4.487565513444384
EC-Earth-Consortium,EC-Earth3,r1i1p1f1,gn,ssp585,2041-01,2041,1,10.392489380144946,13.795031720786051,-3.402542340641105
EC-Earth-Consortium,EC-Earth3,r1i1p1f1,gn,ssp585,2041-02,2041,2,10.983959200024717,13.990164531841064,-3.0062053318163464
EC-Earth-Consortium,EC-Earth3,r1i1p1f1,gn,ssp585,2041-03,2041,3,11.077185256295156,14.004688261260165,-2.9275030049650095
EC-Earth-Consortium,EC-Earth3,r1i1p1f1,gn,ssp585,2041-04,2041,4,10.998519830275523,13.781427102951977,-2.7829072726764537
EC-Earth-Consortium,EC-Earth3,r1i1p1f1,gn,ssp585,2041-05,2041,5,9.4244346315108,12.808329137433642,-3.383894505922841
EC-Earth-Consortium,EC-Earth3,r1i1p1f1,gn,ssp585,2041-06,2041,6,6.366945032164596,10.720934638389092,-4.353989606224497
EC-Earth-Consortium,EC-Earth3,r1i1p1f1,gn,ssp585,2041-07,2041,7,2.9070988902533026,8.494459305557134,-5.587360415303832
EC-Earth-Consortium,EC-Earth3,r1i1p1f1,gn,ssp585,2041-08,2041,8,0.3118827744003813,7.0526463238385,-6.740763549438119
EC-Earth-Consortium,EC-Earth3,r1i1p1f1,gn,ssp585,2041-09,2041,9,0.34320496067391876,8.105197231611642,-7.761992270937723
EC-Earth-Consortium,EC-Earth3,r1i1p1f1,gn,ssp585,2041-10,2041,10,2.4741971646334004,10.12573489317978,-7.65153772854638
EC-Earth-Consortium,EC-Earth3,r1i1p1f1,gn,ssp585,2041-11,2041,11,5.8276615262048,12.082138855982901,-6.254477329778101
EC-Earth-Consortium,EC-Earth3,r1i1p1f1,gn,ssp585,2041-12,2041,12,9.201773267400005,13.270253347252748,-4.068480079852742
EC-Earth-Consortium,EC-Earth3,r1i1p1f1,gn,ssp585,2042-01,2042,1,10.607070392213194,13.795031720786051,-3.1879613285728574
EC-Earth-Consortium,EC-Earth3,r1i1p1f1,gn,ssp585,2042-02,2042,2,11.317911622831613,13.990164531841064,-2.672252909009451
EC-Earth-Consortium,EC-Earth3,r1i1p1f1,gn,ssp585,2042-03,2042,3,11.254224238462184,14.004688261260165,-2.7504640227979813
EC-Earth-Consortium,EC-Earth3,r1i1p1f1,gn,ssp585,2042-04,2042,4,10.936292233600724,13.781427102951977,-2.845134869351252
EC-Earth-Consortium,EC-Earth3,r1i1p1f1,gn,ssp585,2042-05,2042,5,9.643554561177291,12.808329137433642,-3.1647745762563506
EC-Earth-Consortium,EC-Earth3,r1i1p1f1,gn,ssp585,2042-06,2042,6,6.671091927251207,10.720934638389092,-4.049842711137885
EC-Earth-Consortium,EC-Earth3,r1i1p1f1,gn,ssp585,2042-07,2042,7,3.2908536852210433,8.494459305557134,-5.203605620336091
EC-Earth-Consortium,EC-Earth3,r1i1p1f1,gn,ssp585,2042-08,2042,8,0.5718744994824032,7.0526463238385,-6.480771824356097
EC-Earth-Consortium,EC-Earth3,r1i1p1f1,gn,ssp585,2042-09,2042,9,0.230413449288824,8.105197231611642,-7.874783782322818
EC-Earth-Consortium,EC-Earth3,r1i1p1f1,gn,ssp585,2042-10,2042,10,3.2154805217402957,10.12573489317978,-6.910254371439485
EC-Earth-Consortium,EC-Earth3,r1i1p1f1,gn,ssp585,2042-11,2042,11,6.553705276589554,12.082138855982901,-5.528433579393347
EC-Earth-Consortium,EC-Earth3,r1i1p1f1,gn,ssp585,2042-12,2042,12,9.531228270694598,13.270253347252748,-3.73902507655815
EC-Earth-Consortium,EC-Earth3,r1i1p1f1,gn,ssp585,2043-01,2043,1,10.825672373470647,13.795031720786051,-2.969359347315404
EC-Earth-Consortium,EC-Earth3,r1i1p1f1,gn,ssp585,2043-02,2043,2,11.514986853175811,13.990164531841064,-2.4751776786652524
EC-Earth-Consortium,EC-Earth3,r1i1p1f1,gn,ssp585,2043-03,2043,3,11.78459729743323,14.004688261260165,-2.2200909638269355
EC-Earth-Consortium,EC-Earth3,r1i1p1f1,gn,ssp585,2043-04,2043,4,11.331645471135214,13.781427102951977,-2.4497816318167622
EC-Earth-Consortium,EC-Earth3,r1i1p1f1,gn,ssp585,2043-05,2043,5,10.017741419843105,12.808329137433642,-2.7905877175905367
EC-Earth-Consortium,EC-Earth3,r1i1p1f1,gn,ssp585,2043-06,2043,6,7.228201996474814,10.720934638389092,-3.4927326419142783
EC-Earth-Consortium,EC-Earth3,r1i1p1f1,gn,ssp585,2043-07,2043,7,3.5960621818150362,8.494459305557134,-4.8983971237420985
EC-Earth-Consortium,EC-Earth3,r1i1p1f1,gn,ssp585,2043-08,2043,8,0.8755311402040391,7.0526463238385,-6.177115183634461
EC-Earth-Consortium,EC-Earth3,r1i1p1f1,gn,ssp585,2043-09,2043,9,0.42484044184309144,8.105197231611642,-7.680356789768551
EC-Earth-Consortium,EC-Earth3,r1i1p1f1,gn,ssp585,2043-10,2043,10,2.961589652636966,10.12573489317978,-7.1641452405428145
EC-Earth-Consortium,EC-Earth3,r1i1p1f1,gn,ssp585,2043-11,2043,11,6.190510162554809,12.082138855982901,-5.891628693428092
EC-Earth-Consortium,EC-Earth3,r1i1p1f1,gn,ssp585,2043-12,2043,12,9.167531031151128,13.270253347252748,-4.1027223161016195
EC-Earth-Consortium,EC-Earth3,r1i1p1f1,gn,ssp585,2044-01,2044,1,10.370472724260082,13.795031720786051,-3.4245589965259686
EC-Earth-Consortium,EC-Earth3,r1i1p1f1,gn,ssp585,2044-02,2044,2,10.982423888842755,13.990164531841064,-3.007740642998309
EC-Earth-Consortium,EC-Earth3,r1i1p1f1,gn,ssp585,2044-03,2044,3,11.217862461679722,14.004688261260165,-2.786825799580443
EC-Earth-Consortium,EC-Earth3,r1i1p1f1,gn,ssp585,2044-04,2044,4,10.645947145651874,13.781427102951977,-3.1354799573001024
EC-Earth-Consortium,EC-Earth3,r1i1p1f1,gn,ssp585,2044-05,2044,5,8.546114469016715,12.808329137433642,-4.262214668416927
EC-Earth-Consortium,EC-Earth3,r1i1p1f1,gn,ssp585,2044-06,2044,6,5.977480046459697,10.720934638389092,-4.743454591929395
EC-Earth-Consortium,EC-Earth3,r1i1p1f1,gn,ssp585,2044-07,2044,7,2.794505395547301,8.494459305557134,-5.6999539100098335
EC-Earth-Consortium,EC-Earth3,r1i1p1f1,gn,ssp585,2044-08,2044,8,0.37462786545996196,7.0526463238385,-6.6780184583785385
EC-Earth-Consortium,EC-Earth3,r1i1p1f1,gn,ssp585,2044-09,2044,9,0.22404201295848591,8.105197231611642,-7.881155218653157
EC-Earth-Consortium,EC-Earth3,r1i1p1f1,gn,ssp585,2044-10,2044,10,1.4906013523660833,10.12573489317978,-8.635133540813698
EC-Earth-Consortium,EC-Earth3,r1i1p1f1,gn,ssp585,2044-11,2044,11,5.1741133035399365,12.082138855982901,-6.908025552442965
EC-Earth-Consortium,EC-Earth3,r1i1p1f1,gn,ssp585,2044-12,2044,12,8.95289133434616,13.270253347252748,-4.317362012906587
EC-Earth-Consortium,EC-Earth3,r1i1p1f1,gn,ssp585,2045-01,2045,1,10.408024646246101,13.795031720786051,-3.38700707453995
EC-Earth-Consortium,EC-Earth3,r1i1p1f1,gn,ssp585,2045-02,2045,2,10.64283746169302,13.990164531841064,-3.3473270701480438
EC-Earth-Consortium,EC-Earth3,r1i1p1f1,gn,ssp585,2045-03,2045,3,10.675631468349629,14.004688261260165,-3.329056792910537
EC-Earth-Consortium,EC-Earth3,r1i1p1f1,gn,ssp585,2045-04,2045,4,9.99383256369649,13.781427102951977,-3.787594539255487
EC-Earth-Consortium,EC-Earth3,r1i1p1f1,gn,ssp585,2045-05,2045,5,8.393453775720836,12.808329137433642,-4.414875361712806
EC-Earth-Consortium,EC-Earth3,r1i1p1f1,gn,ssp585,2045-06,2045,6,5.286753730449205,10.720934638389092,-5.434180907939887
EC-Earth-Consortium,EC-Earth3,r1i1p1f1,gn,ssp585,2045-07,2045,7,1.6688113220276,8.494459305557134,-6.825647983529534
EC-Earth-Consortium,EC-Earth3,r1i1p1f1,gn,ssp585,2045-08,2045,8,0.12226046475700848,7.0526463238385,-6.9303858590814915
EC-Earth-Consortium,EC-Earth3,r1i1p1f1,gn,ssp585,2045-09,2045,9,0.06852241893664698,8.105197231611642,-8.036674812674995
EC-Earth-Consortium,EC-Earth3,r1i1p1f1,gn,ssp585,2045-10,2045,10,0.8509286285479555,10.12573489317978,-9.274806264631826
EC-Earth-Consortium,EC-Earth3,r1i1p1f1,gn,ssp585,2045-11,2045,11,3.3419347042996486,12.082138855982901,-8.740204151683253
EC-Earth-Consortium,EC-Earth3,r1i1p1f1,gn,ssp585,2045-12,2045,12,7.463679412608727,13.270253347252748,-5.806573934644021
EC-Earth-Consortium,EC-Earth3,r1i1p1f1,gn,ssp585,2046-01,2046,1,9.410732745820184,13.795031720786051,-4.384298974965867
EC-Earth-Consortium,EC-Earth3,r1i1p1f1,gn,ssp585,2046-02,2046,2,10.684574120171613,13.990164531841064,-3.305590411669451
EC-Earth-Consortium,EC-Earth3,r1i1p1f1,gn,ssp585,2046-03,2046,3,10.804989718511441,14.004688261260165,-3.199698542748724
EC-Earth-Consortium,EC-Earth3,r1i1p1f1,gn,ssp585,2046-04,2046,4,10.43061619833233,13.781427102951977,-3.350810904619646
EC-Earth-Consortium,EC-Earth3,r1i1p1f1,gn,ssp585,2046-05,2046,5,8.572011449889708,12.808329137433642,-4.236317687543934
EC-Earth-Consortium,EC-Earth3,r1i1p1f1,gn,ssp585,2046-06,2046,6,4.889754907567421,10.720934638389092,-5.831179730821671
EC-Earth-Consortium,EC-Earth3,r1i1p1f1,gn,ssp585,2046-07,2046,7,1.3389743726447707,8.494459305557134,-7.155484932912364
EC-Earth-Consortium,EC-Earth3,r1i1p1f1,gn,ssp585,2046-08,2046,8,0.03220275405295954,7.0526463238385,-7.020443569785541
EC-Earth-Consortium,EC-Earth3,r1i1p1f1,gn,ssp585,2046-09,2046,9,0.006632719128435829,8.105197231611642,-8.098564512483206
EC-Earth-Consortium,EC-Earth3,r1i1p1f1,gn,ssp585,2046-10,2046,10,0.48645592948725874,10.12573489317978,-9.639278963692522
EC-Earth-Consortium,EC-Earth3,r1i1p1f1,gn,ssp585,2046-11,2046,11,3.1961264096679822,12.082138855982901,-8.886012446314918
EC-Earth-Consortium,EC-Earth3,r1i1p1f1,gn,ssp585,2046-12,2046,12,6.562166955948558,13.270253347252748,-6.70808639130419
EC-Earth-Consortium,EC-Earth3,r1i1p1f1,gn,ssp585,2047-01,2047,1,9.500821770178508,13.795031720786051,-4.294209950607543
EC-Earth-Consortium,EC-Earth3,r1i1p1f1,gn,ssp585,2047-02,2047,2,10.653078488894398,13.990164531841064,-3.337086042946666
EC-Earth-Consortium,EC-Earth3,r1i1p1f1,gn,ssp585,2047-03,2047,3,11.003480979294965,14.004688261260165,-3.0012072819652005
EC-Earth-Consortium,EC-Earth3,r1i1p1f1,gn,ssp585,2047-04,2047,4,10.442204688871781,13.781427102951977,-3.3392224140801954
EC-Earth-Consortium,EC-Earth3,r1i1p1f1,gn,ssp585,2047-05,2047,5,8.871652222713909,12.808329137433642,-3.936676914719733
EC-Earth-Consortium,EC-Earth3,r1i1p1f1,gn,ssp585,2047-06,2047,6,5.28393466259308,10.720934638389092,-5.436999975796012
EC-Earth-Consortium,EC-Earth3,r1i1p1f1,gn,ssp585,2047-07,2047,7,1.486609081325141,8.494459305557134,-7.007850224231993
EC-Earth-Consortium,EC-Earth3,r1i1p1f1,gn,ssp585,2047-08,2047,8,0.037620964333571726,7.0526463238385,-7.015025359504929
EC-Earth-Consortium,EC-Earth3,r1i1p1f1,gn,ssp585,2047-09,2047,9,0.032667817024918853,8.105197231611642,-8.072529414586723
EC-Earth-Consortium,EC-Earth3,r1i1p1f1,gn,ssp585,2047-10,2047,10,0.4175010415034104,10.12573489317978,-9.70823385167637
EC-Earth-Consortium,EC-Earth3,r1i1p1f1,gn,ssp585,2047-11,2047,11,3.632284017455309,12.082138855982901,-8.449854838527592
EC-Earth-Consortium,EC-Earth3,r1i1p1f1,gn,ssp585,2047-12,2047,12,7.760408959648166,13.270253347252748,-5.5098443876045815
EC-Earth-Consortium,EC-Earth3,r1i1p1f1,gn,ssp585,2048-01,2048,1,9.549380478513953,13.795031720786051,-4.245651242272098
EC-Earth-Consortium,EC-Earth3,r1i1p1f1,gn,ssp585,2048-02,2048,2,10.594490073527188,13.990164531841064,-3.3956744583138754
EC-Earth-Consortium,EC-Earth3,r1i1p1f1,gn,ssp585,2048-03,2048,3,11.039004522453926,14.004688261260165,-2.9656837388062396
EC-Earth-Consortium,EC-Earth3,r1i1p1f1,gn,ssp585,2048-04,2048,4,10.70545723553843,13.781427102951977,-3.075969867413546
EC-Earth-Consortium,EC-Earth3,r1i1p1f1,gn,ssp585,2048-05,2048,5,8.820024151294618,12.808329137433642,-3.988304986139024
EC-Earth-Consortium,EC-Earth3,r1i1p1f1,gn,ssp585,2048-06,2048,6,5.278294011515349,10.720934638389092,-5.442640626873743
EC-Earth-Consortium,EC-Earth3,r1i1p1f1,gn,ssp585,2048-07,2048,7,1.020735361097934,8.494459305557134,-7.4737239444592
EC-Earth-Consortium,EC-Earth3,r1i1p1f1,gn,ssp585,2048-08,2048,8,0.019703951191950203,7.0526463238385,-7.03294237264655
EC-Earth-Consortium,EC-Earth3,r1i1p1f1,gn,ssp585,2048-09,2048,9,0.010600791357858404,8.105197231611642,-8.094596440253785
EC-Earth-Consortium,EC-Earth3,r1i1p1f1,gn,ssp585,2048-10,2048,10,0.2651946637890458,10.12573489317978,-9.860540229390734
EC-Earth-Consortium,EC-Earth3,r1i1p1f1,gn,ssp585,2048-11,2048,11,3.406235731409416,12.082138855982901,-8.675903124573486
EC-Earth-Consortium,EC-Earth3,r1i1p1f1,gn,ssp585,2048-12,2048,12,8.29024944515283,13.270253347252748,-4.980003902099918
EC-Earth-Consortium,EC-Earth3,r1i1p1f1,gn,ssp585,2049-01,2049,1,9.859551709159804,13.795031720786051,-3.9354800116262467
EC-Earth-Consortium,EC-Earth3,r1i1p1f1,gn,ssp585,2049-02,2049,2,10.852064743435516,13.990164531841064,-3.1380997884055475
EC-Earth-Consortium,EC-Earth3,r1i1p1f1,gn,ssp585,2049-03,2049,3,11.072491157551116,14.004688261260165,-2.932197103709049
EC-Earth-Consortium,EC-Earth3,r1i1p1f1,gn,ssp585,2049-04,2049,4,10.822889409926223,13.781427102951977,-2.958537693025754
EC-Earth-Consortium,EC-Earth3,r1i1p1f1,gn,ssp585,2049-05,2049,5,8.842029012556416,12.808329137433642,-3.9663001248772254
EC-Earth-Consortium,EC-Earth3,r1i1p1f1,gn,ssp585,2049-06,2049,6,5.556182621846566,10.720934638389092,-5.1647520165425265
EC-Earth-Consortium,EC-Earth3,r1i1p1f1,gn,ssp585,2049-07,2049,7,1.2744836178800645,8.494459305557134,-7.21997568767707
EC-Earth-Consortium,EC-Earth3,r1i1p1f1,gn,ssp585,2049-08,2049,8,0.026641203732651796,7.0526463238385,-7.026005120105848
EC-Earth-Consortium,EC-Earth3,r1i1p1f1,gn,ssp585,2049-09,2049,9,0.008303238773046341,8.105197231611642,-8.096893992838597
EC-Earth-Consortium,EC-Earth3,r1i1p1f1,gn,ssp585,2049-10,2049,10,0.16636263510792668,10.12573489317978,-9.959372258071854
EC-Earth-Consortium,EC-Earth3,r1i1p1f1,gn,ssp585,2049-11,2049,11,3.42478600794574,12.082138855982901,-8.65735284803716
EC-Earth-Consortium,EC-Earth3,r1i1p1f1,gn,ssp585,2049-12,2049,12,8.652476137798551,13.270253347252748,-4.6177772094541965
EC-Earth-Consortium,EC-Earth3,r1i1p1f1,gn,ssp585,2050-01,2050,1,10.179098635135526,13.795031720786051,-3.615933085650525
EC-Earth-Consortium,EC-Earth3,r1i1p1f1,gn,ssp585,2050-02,2050,2,11.001140461043779,13.990164531841064,-2.989024070797285
EC-Earth-Consortium,EC-Earth3,r1i1p1f1,gn,ssp585,2050-03,2050,3,11.310251870134804,14.004688261260165,-2.694436391125361
EC-Earth-Consortium,EC-Earth3,r1i1p1f1,gn,ssp585,2050-04,2050,4,10.767971977313445,13.781427102951977,-3.013455125638531
EC-Earth-Consortium,EC-Earth3,r1i1p1f1,gn,ssp585,2050-05,2050,5,9.149113920374651,12.808329137433642,-3.659215217058991
EC-Earth-Consortium,EC-Earth3,r1i1p1f1,gn,ssp585,2050-06,2050,6,6.2244936689169785,10.720934638389092,-4.496440969472114
EC-Earth-Consortium,EC-Earth3,r1i1p1f1,gn,ssp585,2050-07,2050,7,3.090644681588876,8.494459305557134,-5.403814623968258
EC-Earth-Consortium,EC-Earth3,r1i1p1f1,gn,ssp585,2050-08,2050,8,0.594348957884944,7.0526463238385,-6.458297365953556
EC-Earth-Consortium,EC-Earth3,r1i1p1f1,gn,ssp585,2050-09,2050,9,0.20105972942095804,8.105197231611642,-7.904137502190684
EC-Earth-Consortium,EC-Earth3,r1i1p1f1,gn,ssp585,2050-10,2050,10,2.586161423649705,10.12573489317978,-7.539573469530076
EC-Earth-Consortium,EC-Earth3,r1i1p1f1,gn,ssp585,2050-11,2050,11,5.751760839848696,12.082138855982901,-6.330378016134205
EC-Earth-Consortium,EC-Earth3,r1i1p1f1,gn,ssp585,2050-12,2050,12,9.079163379089373,13.270253347252748,-4.191089968163375
EC-Earth-Consortium,EC-Earth3,r1i1p1f1,gn,ssp585,2051-01,2051,1,10.384034050490586,13.795031720786051,-3.4109976702954654
EC-Earth-Consortium,EC-Earth3,r1i1p1f1,gn,ssp585,2051-02,2051,2,11.050610716983469,13.990164531841064,-2.939553814857595
EC-Earth-Consortium,EC-Earth3,r1i1p1f1,gn,ssp585,2051-03,2051,3,11.168976021321605,14.004688261260165,-2.8357122399385606
EC-Earth-Consortium,EC-Earth3,r1i1p1f1,gn,ssp585,2051-04,2051,4,10.806567632212234,13.781427102951977,-2.9748594707397427
EC-Earth-Consortium,EC-Earth3,r1i1p1f1,gn,ssp585,2051-05,2051,5,9.189619982678215,12.808329137433642,-3.618709154755427
EC-Earth-Consortium,EC-Earth3,r1i1p1f1,gn,ssp585,2051-06,2051,6,6.189247016863295,10.720934638389092,-4.531687621525798
EC-Earth-Consortium,EC-Earth3,r1i1p1f1,gn,ssp585,2051-07,2051,7,2.1702076212019294,8.494459305557134,-6.324251684355205
EC-Earth-Consortium,EC-Earth3,r1i1p1f1,gn,ssp585,2051-08,2051,8,0.1721302103523365,7.0526463238385,-6.880516113486164
EC-Earth-Consortium,EC-Earth3,r1i1p1f1,gn,ssp585,2051-09,2051,9,0.05950188992762405,8.105197231611642,-8.045695341684018
EC-Earth-Consortium,EC-Earth3,r1i1p1f1,gn,ssp585,2051-10,2051,10,1.5251589624076534,10.12573489317978,-8.600575930772127
EC-Earth-Consortium,EC-Earth3,r1i1p1f1,gn,ssp585,2051-11,2051,11,4.868432868303725,12.082138855982901,-7.213705987679176
EC-Earth-Consortium,EC-Earth3,r1i1p1f1,gn,ssp585,2051-12,2051,12,8.55676456577676,13.270253347252748,-4.713488781475988
EC-Earth-Consortium,EC-Earth3,r1i1p1f1,gn,ssp585,2052-01,2052,1,10.094791566079248,13.795031720786051,-3.700240154706803
EC-Earth-Consortium,EC-Earth3,r1i1p1f1,gn,ssp585,2052-02,2052,2,10.973890526665333,13.990164531841064,-3.016274005175731
EC-Earth-Consortium,EC-Earth3,r1i1p1f1,gn,ssp585,2052-03,2052,3,11.234984388615826,14.004688261260165,-2.769703872644339
EC-Earth-Consortium,EC-Earth3,r1i1p1f1,gn,ssp585,2052-04,2052,4,10.726762825938899,13.781427102951977,-3.054664277013078
EC-Earth-Consortium,EC-Earth3,r1i1p1f1,gn,ssp585,2052-05,2052,5,8.750258100578298,12.808329137433642,-4.058071036855344
EC-Earth-Consortium,EC-Earth3,r1i1p1f1,gn,ssp585,2052-06,2052,6,6.103249871637971,10.720934638389092,-4.617684766751122
EC-Earth-Consortium,EC-Earth3,r1i1p1f1,gn,ssp585,2052-07,2052,7,3.367237155500877,8.494459305557134,-5.127222150056257
EC-Earth-Consortium,EC-Earth3,r1i1p1f1,gn,ssp585,2052-08,2052,8,0.7525524554193908,7.0526463238385,-6.3000938684191095
EC-Earth-Consortium,EC-Earth3,r1i1p1f1,gn,ssp585,2052-09,2052,9,0.3376334664628964,8.105197231611642,-7.767563765148746
EC-Earth-Consortium,EC-Earth3,r1i1p1f1,gn,ssp585,2052-10,2052,10,2.1161945180669877,10.12573489317978,-8.009540375112792
EC-Earth-Consortium,EC-Earth3,r1i1p1f1,gn,ssp585,2052-11,2052,11,5.203064821833016,12.082138855982901,-6.879074034149885
EC-Earth-Consortium,EC-Earth3,r1i1p1f1,gn,ssp585,2052-12,2052,12,8.074050475458293,13.270253347252748,-5.196202871794455
EC-Earth-Consortium,EC-Earth3,r1i1p1f1,gn,ssp585,2053-01,2053,1,9.714387572797827,13.795031720786051,-4.080644147988224
EC-Earth-Consortium,EC-Earth3,r1i1p1f1,gn,ssp585,2053-02,2053,2,10.618868479802003,13.990164531841064,-3.3712960520390602
EC-Earth-Consortium,EC-Earth3,r1i1p1f1,gn,ssp585,2053-03,2053,3,10.754411527843528,14.004688261260165,-3.250276733416637
EC-Earth-Consortium,EC-Earth3,r1i1p1f1,gn,ssp585,2053-04,2053,4,10.510118219534304,13.781427102951977,-3.2713088834176727
EC-Earth-Consortium,EC-Earth3,r1i1p1f1,gn,ssp585,2053-05,2053,5,8.676287047356121,12.808329137433642,-4.132042090077521
EC-Earth-Consortium,EC-Earth3,r1i1p1f1,gn,ssp585,2053-06,2053,6,5.754513794056522,10.720934638389092,-4.96642084433257
EC-Earth-Consortium,EC-Earth3,r1i1p1f1,gn,ssp585,2053-07,2053,7,2.344317964817117,8.494459305557134,-6.150141340740017
EC-Earth-Consortium,EC-Earth3,r1i1p1f1,gn,ssp585,2053-08,2053,8,0.12011335111957855,7.0526463238385,-6.9325329727189215
EC-Earth-Consortium,EC-Earth3,r1i1p1f1,gn,ssp585,2053-09,2053,9,0.02866074355481966,8.105197231611642,-8.076536488056822
EC-Earth-Consortium,EC-Earth3,r1i1p1f1,gn,ssp585,2053-10,2053,10,1.04951779746926,10.12573489317978,-9.07621709571052
EC-Earth-Consortium,EC-Earth3,r1i1p1f1,gn,ssp585,2053-11,2053,11,4.237361914481177,12.082138855982901,-7.844776941501724
EC-Earth-Consortium,EC-Earth3,r1i1p1f1,gn,ssp585,2053-12,2053,12,7.665746788405476,13.270253347252748,-5.604506558847271
EC-Earth-Consortium,EC-Earth3,r1i1p1f1,gn,ssp585,2054-01,2054,1,9.554394014117152,13.795031720786051,-4.240637706668899
EC-Earth-Consortium,EC-Earth3,r1i1p1f1,gn,ssp585,2054-02,2054,2,10.589290282298355,13.990164531841064,-3.4008742495427082
EC-Earth-Consortium,EC-Earth3,r1i1p1f1,gn,ssp585,2054-03,2054,3,10.791709622581482,14.004688261260165,-3.212978638678683
EC-Earth-Consortium,EC-Earth3,r1i1p1f1,gn,ssp585,2054-04,2054,4,10.325688221982718,13.781427102951977,-3.4557388809692586
EC-Earth-Consortium,EC-Earth3,r1i1p1f1,gn,ssp585,2054-05,2054,5,8.915118919959795,12.808329137433642,-3.8932102174738468
EC-Earth-Consortium,EC-Earth3,r1i1p1f1,gn,ssp585,2054-06,2054,6,6.056961070218334,10.720934638389092,-4.663973568170759
EC-Earth-Consortium,EC-Earth3,r1i1p1f1,gn,ssp585,2054-07,2054,7,1.8800922578824686,8.494459305557134,-6.614367047674666
EC-Earth-Consortium,EC-Earth3,r1i1p1f1,gn,ssp585,2054-08,2054,8,0.029556898329231182,7.0526463238385,-7.023089425509269
EC-Earth-Consortium,EC-Earth3,r1i1p1f1,gn,ssp585,2054-09,2054,9,0.006592887530694835,8.105197231611642,-8.098604344080947
EC-Earth-Consortium,EC-Earth3,r1i1p1f1,gn,ssp585,2054-10,2054,10,0.3290338573047792,10.12573489317978,-9.796701035875001
EC-Earth-Consortium,EC-Earth3,r1i1p1f1,gn,ssp585,2054-11,2054,11,5.165595750187627,12.082138855982901,-6.916543105795274
EC-Earth-Consortium,EC-Earth3,r1i1p1f1,gn,ssp585,2054-12,2054,12,8.395342995199256,13.270253347252748,-4.874910352053492
EC-Earth-Consortium,EC-Earth3,r1i1p1f1,gn,ssp585,2055-01,2055,1,9.978088298639273,13.795031720786051,-3.816943422146778
EC-Earth-Consortium,EC-Earth3,r1i1p1f1,gn,ssp585,2055-02,2055,2,10.944714293500592,13.990164531841064,-3.0454502383404716
EC-Earth-Consortium,EC-Earth3,r1i1p1f1,gn,ssp585,2055-03,2055,3,11.1931047560136,14.004688261260165,-2.811583505246565
EC-Earth-Consortium,EC-Earth3,r1i1p1f1,gn,ssp585,2055-04,2055,4,10.589584807396832,13.781427102951977,-3.191842295555144
EC-Earth-Consortium,EC-Earth3,r1i1p1f1,gn,ssp585,2055-05,2055,5,8.886631300789531,12.808329137433642,-3.9216978366441104
EC-Earth-Consortium,EC-Earth3,r1i1p1f1,gn,ssp585,2055-06,2055,6,6.1908162863616125,10.720934638389092,-4.53011835202748
EC-Earth-Consortium,EC-Earth3,r1i1p1f1,gn,ssp585,2055-07,2055,7,2.4818645301358173,8.494459305557134,-6.0125947754213165
EC-Earth-Consortium,EC-Earth3,r1i1p1f1,gn,ssp585,2055-08,2055,8,0.17480125680390224,7.0526463238385,-6.877845067034598
EC-Earth-Consortium,EC-Earth3,r1i1p1f1,gn,ssp585,2055-09,2055,9,0.06391758521436593,8.105197231611642,-8.041279646397276
EC-Earth-Consortium,EC-Earth3,r1i1p1f1,gn,ssp585,2055-10,2055,10,1.1403770024852982,10.12573489317978,-8.985357890694482
EC-Earth-Consortium,EC-Earth3,r1i1p1f1,gn,ssp585,2055-11,2055,11,4.113839218665791,12.082138855982901,-7.96829963731711
EC-Earth-Consortium,EC-Earth3,r1i1p1f1,gn,ssp585,2055-12,2055,12,7.924217307786216,13.270253347252748,-5.346036039466532
EC-Earth-Consortium,EC-Earth3,r1i1p1f1,gn,ssp585,2056-01,2056,1,10.275610984797533,13.795031720786051,-3.5194207359885183
EC-Earth-Consortium,EC-Earth3,r1i1p1f1,gn,ssp585,2056-02,2056,2,11.101412478919917,13.990164531841064,-2.888752052921147
EC-Earth-Consortium,EC-Earth3,r1i1p1f1,gn,ssp585,2056-03,2056,3,11.117277499013293,14.004688261260165,-2.8874107622468728
EC-Earth-Consortium,EC-Earth3,r1i1p1f1,gn,ssp585,2056-04,2056,4,10.97251970577184,13.781427102951977,-2.8089073971801373
EC-Earth-Consortium,EC-Earth3,r1i1p1f1,gn,ssp585,2056-05,2056,5,9.325812747496922,12.808329137433642,-3.4825163899367197
EC-Earth-Consortium,EC-Earth3,r1i1p1f1,gn,ssp585,2056-06,2056,6,6.112658619634185,10.720934638389092,-4.608276018754907
EC-Earth-Consortium,EC-Earth3,r1i1p1f1,gn,ssp585,2056-07,2056,7,1.9676024480535521,8.494459305557134,-6.526856857503582
EC-Earth-Consortium,EC-Earth3,r1i1p1f1,gn,ssp585,2056-08,2056,8,0.055681541049755715,7.0526463238385,-6.996964782788744
EC-Earth-Consortium,EC-Earth3,r1i1p1f1,gn,ssp585,2056-09,2056,9,0.03385698598243139,8.105197231611642,-8.07134024562921
EC-Earth-Consortium,EC-Earth3,r1i1p1f1,gn,ssp585,2056-10,2056,10,0.7748387312834477,10.12573489317978,-9.350896161896333
EC-Earth-Consortium,EC-Earth3,r1i1p1f1,gn,ssp585,2056-11,2056,11,4.1969687539004825,12.082138855982901,-7.8851701020824185
EC-Earth-Consortium,EC-Earth3,r1i1p1f1,gn,ssp585,2056-12,2056,12,8.425893402534893,13.270253347252748,-4.844359944717855
EC-Earth-Consortium,EC-Earth3,r1i1p1f1,gn,ssp585,2057-01,2057,1,10.292850758837085,13.795031720786051,-3.502180961948966
EC-Earth-Consortium,EC-Earth3,r1i1p1f1,gn,ssp585,2057-02,2057,2,11.248891150559508,13.990164531841064,-2.7412733812815553
EC-Earth-Consortium,EC-Earth3,r1i1p1f1,gn,ssp585,2057-03,2057,3,11.163484695819266,14.004688261260165,-2.8412035654408996
EC-Earth-Consortium,EC-Earth3,r1i1p1f1,gn,ssp585,2057-04,2057,4,11.097804823675613,13.781427102951977,-2.6836222792763635
EC-Earth-Consortium,EC-Earth3,r1i1p1f1,gn,ssp585,2057-05,2057,5,9.331928105541758,12.808329137433642,-3.476401031891884
EC-Earth-Consortium,EC-Earth3,r1i1p1f1,gn,ssp585,2057-06,2057,6,6.24859571540034,10.720934638389092,-4.472338922988753
EC-Earth-Consortium,EC-Earth3,r1i1p1f1,gn,ssp585,2057-07,2057,7,2.597593837271828,8.494459305557134,-5.896865468285306
EC-Earth-Consortium,EC-Earth3,r1i1p1f1,gn,ssp585,2057-08,2057,8,0.07254334180115979,7.0526463238385,-6.980102982037341
EC-Earth-Consortium,EC-Earth3,r1i1p1f1,gn,ssp585,2057-09,2057,9,0.018298739698538576,8.105197231611642,-8.086898491913104
EC-Earth-Consortium,EC-Earth3,r1i1p1f1,gn,ssp585,2057-10,2057,10,1.0814538376095462,10.12573489317978,-9.044281055570234
EC-Earth-Consortium,EC-Earth3,r1i1p1f1,gn,ssp585,2057-11,2057,11,5.138879350718474,12.082138855982901,-6.943259505264427
EC-Earth-Consortium,EC-Earth3,r1i1p1f1,gn,ssp585,2057-12,2057,12,8.254142076452936,13.270253347252748,-5.0161112707998115
EC-Earth-Consortium,EC-Earth3,r1i1p1f1,gn,ssp585,2058-01,2058,1,10.196995562284188,13.795031720786051,-3.5980361585018628
EC-Earth-Consortium,EC-Earth3,r1i1p1f1,gn,ssp585,2058-02,2058,2,11.059024475253132,13.990164531841064,-2.9311400565879318
EC-Earth-Consortium,EC-Earth3,r1i1p1f1,gn,ssp585,2058-03,2058,3,11.267099084853097,14.004688261260165,-2.7375891764070683
EC-Earth-Consortium,EC-Earth3,r1i1p1f1,gn,ssp585,2058-04,2058,4,10.736514964691034,13.781427102951977,-3.0449121382609423
EC-Earth-Consortium,EC-Earth3,r1i1p1f1,gn,ssp585,2058-05,2058,5,9.216728104871626,12.808329137433642,-3.591601032562016
EC-Earth-Consortium,EC-Earth3,r1i1p1f1,gn,ssp585,2058-06,2058,6,6.371604602027248,10.720934638389092,-4.349330036361844
EC-Earth-Consortium,EC-Earth3,r1i1p1f1,gn,ssp585,2058-07,2058,7,1.9006886976346336,8.494459305557134,-6.593770607922501
EC-Earth-Consortium,EC-Earth3,r1i1p1f1,gn,ssp585,2058-08,2058,8,0.15415503037253347,7.0526463238385,-6.898491293465967
EC-Earth-Consortium,EC-Earth3,r1i1p1f1,gn,ssp585,2058-09,2058,9,0.05483580790520845,8.105197231611642,-8.050361423706434
EC-Earth-Consortium,EC-Earth3,r1i1p1f1,gn,ssp585,2058-10,2058,10,0.9479414979415229,10.12573489317978,-9.177793395238258
EC-Earth-Consortium,EC-Earth3,r1i1p1f1,gn,ssp585,2058-11,2058,11,4.497701582788354,12.082138855982901,-7.584437273194547
EC-Earth-Consortium,EC-Earth3,r1i1p1f1,gn,ssp585,2058-12,2058,12,8.485625813649293,13.270253347252748,-4.784627533603455
EC-Earth-Consortium,EC-Earth3,r1i1p1f1,gn,ssp585,2059-01,2059,1,10.239563387938697,13.795031720786051,-3.5554683328473544
EC-Earth-Consortium,EC-Earth3,r1i1p1f1,gn,ssp585,2059-02,2059,2,11.03545543687218,13.990164531841064,-2.9547090949688837
EC-Earth-Consortium,EC-Earth3,r1i1p1f1,gn,ssp585,2059-03,2059,3,11.04383917465724,14.004688261260165,-2.9608490866029253
EC-Earth-Consortium,EC-Earth3,r1i1p1f1,gn,ssp585,2059-04,2059,4,10.64992381904009,13.781427102951977,-3.1315032839118864
EC-Earth-Consortium,EC-Earth3,r1i1p1f1,gn,ssp585,2059-05,2059,5,8.648996391974881,12.808329137433642,-4.1593327454587605
EC-Earth-Consortium,EC-Earth3,r1i1p1f1,gn,ssp585,2059-06,2059,6,5.344451997971157,10.720934638389092,-5.376482640417936
EC-Earth-Consortium,EC-Earth3,r1i1p1f1,gn,ssp585,2059-07,2059,7,1.2450461390473695,8.494459305557134,-7.249413166509765
EC-Earth-Consortium,EC-Earth3,r1i1p1f1,gn,ssp585,2059-08,2059,8,0.023945133179686398,7.0526463238385,-7.028701190658814
EC-Earth-Consortium,EC-Earth3,r1i1p1f1,gn,ssp585,2059-09,2059,9,0.01339403232283817,8.105197231611642,-8.091803199288805
EC-Earth-Consortium,EC-Earth3,r1i1p1f1,gn,ssp585,2059-10,2059,10,0.1585274423418795,10.12573489317978,-9.9672074508379
EC-Earth-Consortium,EC-Earth3,r1i1p1f1,gn,ssp585,2059-11,2059,11,1.7975052409265775,12.082138855982901,-10.284633615056324
EC-Earth-Consortium,EC-Earth3,r1i1p1f1,gn,ssp585,2059-12,2059,12,5.927302187812134,13.270253347252748,-7.342951159440614
EC-Earth-Consortium,EC-Earth3,r1i1p1f1,gn,ssp585,2060-01,2060,1,9.648981458425922,13.795031720786051,-4.146050262360129
EC-Earth-Consortium,EC-Earth3,r1i1p1f1,gn,ssp585,2060-02,2060,2,10.770513443544548,13.990164531841064,-3.2196510882965157
EC-Earth-Consortium,EC-Earth3,r1i1p1f1,gn,ssp585,2060-03,2060,3,11.122176235738257,14.004688261260165,-2.8825120255219083
EC-Earth-Consortium,EC-Earth3,r1i1p1f1,gn,ssp585,2060-04,2060,4,10.68535190022379,13.781427102951977,-3.096075202728187
EC-Earth-Consortium,EC-Earth3,r1i1p1f1,gn,ssp585,2060-05,2060,5,8.694663174150527,12.808329137433642,-4.113665963283115
EC-Earth-Consortium,EC-Earth3,r1i1p1f1,gn,ssp585,2060-06,2060,6,5.424122719380589,10.720934638389092,-5.296811919008503
EC-Earth-Consortium,EC-Earth3,r1i1p1f1,gn,ssp585,2060-07,2060,7,1.783015941003445,8.494459305557134,-6.7114433645536895
EC-Earth-Consortium,EC-Earth3,r1i1p1f1,gn,ssp585,2060-08,2060,8,0.03331509398269965,7.0526463238385,-7.0193312298558
EC-Earth-Consortium,EC-Earth3,r1i1p1f1,gn,ssp585,2060-09,2060,9,0.014560922281128378,8.105197231611642,-8.090636309330513
EC-Earth-Consortium,EC-Earth3,r1i1p1f1,gn,ssp585,2060-10,2060,10,0.4178958260224365,10.12573489317978,-9.707839067157344
EC-Earth-Consortium,EC-Earth3,r1i1p1f1,gn,ssp585,2060-11,2060,11,3.5221153640803244,12.082138855982901,-8.560023491902577
EC-Earth-Consortium,EC-Earth3,r1i1p1f1,gn,ssp585,2060-12,2060,12,8.051017064038568,13.270253347252748,-5.21923628321418
EC-Earth-Consortium,EC-Earth3,r1i1p1f1,gn,ssp585,2061-01,2061,1,10.322863138023434,13.795031720786051,-3.4721685827626168
EC-Earth-Consortium,EC-Earth3,r1i1p1f1,gn,ssp585,2061-02,2061,2,11.51276768543845,13.990164531841064,-2.4773968464026144
EC-Earth-Consortium,EC-Earth3,r1i1p1f1,gn,ssp585,2061-03,2061,3,11.613623247095067,14.004688261260165,-2.3910650141650986
EC-Earth-Consortium,EC-Earth3,r1i1p1f1,gn,ssp585,2061-04,2061,4,11.212831176229011,13.781427102951977,-2.568595926722965
EC-Earth-Consortium,EC-Earth3,r1i1p1f1,gn,ssp585,2061-05,2061,5,9.359659063575027,12.808329137433642,-3.448670073858615
EC-Earth-Consortium,EC-Earth3,r1i1p1f1,gn,ssp585,2061-06,2061,6,6.267559022405844,10.720934638389092,-4.453375615983249
EC-Earth-Consortium,EC-Earth3,r1i1p1f1,gn,ssp585,2061-07,2061,7,2.7281987254264917,8.494459305557134,-5.766260580130643
EC-Earth-Consortium,EC-Earth3,r1i1p1f1,gn,ssp585,2061-08,2061,8,0.19011285074051343,7.0526463238385,-6.862533473097987
EC-Earth-Consortium,EC-Earth3,r1i1p1f1,gn,ssp585,2061-09,2061,9,0.09499804122223822,8.105197231611642,-8.010199190389404
EC-Earth-Consortium,EC-Earth3,r1i1p1f1,gn,ssp585,2061-10,2061,10,1.8810314292173873,10.12573489317978,-8.244703463962393
EC-Earth-Consortium,EC-Earth3,r1i1p1f1,gn,ssp585,2061-11,2061,11,4.952977574171257,12.082138855982901,-7.129161281811644
EC-Earth-Consortium,EC-Earth3,r1i1p1f1,gn,ssp585,2061-12,2061,12,8.870665448084562,13.270253347252748,-4.399587899168186
EC-Earth-Consortium,EC-Earth3,r1i1p1f1,gn,ssp585,2062-01,2062,1,10.299351699327257,13.795031720786051,-3.495680021458794
EC-Earth-Consortium,EC-Earth3,r1i1p1f1,gn,ssp585,2062-02,2062,2,11.420072979812403,13.990164531841064,-2.5700915520286607
EC-Earth-Consortium,EC-Earth3,r1i1p1f1,gn,ssp585,2062-03,2062,3,11.735673522223204,14.004688261260165,-2.2690147390369617
EC-Earth-Consortium,EC-Earth3,r1i1p1f1,gn,ssp585,2062-04,2062,4,11.42746484739116,13.781427102951977,-2.353962255560816
EC-Earth-Consortium,EC-Earth3,r1i1p1f1,gn,ssp585,2062-05,2062,5,9.363415897281497,12.808329137433642,-3.444913240152145
EC-Earth-Consortium,EC-Earth3,r1i1p1f1,gn,ssp585,2062-06,2062,6,6.2719387956915895,10.720934638389092,-4.448995842697503
EC-Earth-Consortium,EC-Earth3,r1i1p1f1,gn,ssp585,2062-07,2062,7,1.970157439877139,8.494459305557134,-6.524301865679995
EC-Earth-Consortium,EC-Earth3,r1i1p1f1,gn,ssp585,2062-08,2062,8,0.06505811698685508,7.0526463238385,-6.987588206851645
EC-Earth-Consortium,EC-Earth3,r1i1p1f1,gn,ssp585,2062-09,2062,9,0.060823427524350354,8.105197231611642,-8.044373804087291
EC-Earth-Consortium,EC-Earth3,r1i1p1f1,gn,ssp585,2062-10,2062,10,1.1763744054235332,10.12573489317978,-8.949360487756246
EC-Earth-Consortium,EC-Earth3,r1i1p1f1,gn,ssp585,2062-11,2062,11,4.906843320907815,12.082138855982901,-7.175295535075086
EC-Earth-Consortium,EC-Earth3,r1i1p1f1,gn,ssp585,2062-12,2062,12,9.210755652576346,13.270253347252748,-4.059497694676402
EC-Earth-Consortium,EC-Earth3,r1i1p1f1,gn,ssp585,2063-01,2063,1,10.935875786213657,13.795031720786051,-2.859155934572394
EC-Earth-Consortium,EC-Earth3,r1i1p1f1,gn,ssp585,2063-02,2063,2,11.492734171477242,13.990164531841064,-2.497430360363822
EC-Earth-Consortium,EC-Earth3,r1i1p1f1,gn,ssp585,2063-03,2063,3,11.866692514800153,14.004688261260165,-2.137995746460012
EC-Earth-Consortium,EC-Earth3,r1i1p1f1,gn,ssp585,2063-04,2063,4,11.063191634813903,13.781427102951977,-2.718235468138074
EC-Earth-Consortium,EC-Earth3,r1i1p1f1,gn,ssp585,2063-05,2063,5,9.094971369903801,12.808329137433642,-3.713357767529841
EC-Earth-Consortium,EC-Earth3,r1i1p1f1,gn,ssp585,2063-06,2063,6,5.8672633786760064,10.720934638389092,-4.853671259713086
EC-Earth-Consortium,EC-Earth3,r1i1p1f1,gn,ssp585,2063-07,2063,7,2.0365685122778823,8.494459305557134,-6.457890793279252
EC-Earth-Consortium,EC-Earth3,r1i1p1f1,gn,ssp585,2063-08,2063,8,0.04648935168379108,7.0526463238385,-7.0061569721547095
EC-Earth-Consortium,EC-Earth3,r1i1p1f1,gn,ssp585,2063-09,2063,9,0.00758520680083056,8.105197231611642,-8.097612024810811
EC-Earth-Consortium,EC-Earth3,r1i1p1f1,gn,ssp585,2063-10,2063,10,0.5645685867062192,10.12573489317978,-9.561166306473561
EC-Earth-Consortium,EC-Earth3,r1i1p1f1,gn,ssp585,2063-11,2063,11,3.6779548199935035,12.082138855982901,-8.404184035989397
EC-Earth-Consortium,EC-Earth3,r1i1p1f1,gn,ssp585,2063-12,2063,12,7.73323480594279,13.270253347252748,-5.5370185413099575
EC-Earth-Consortium,EC-Earth3,r1i1p1f1,gn,ssp585,2064-01,2064,1,9.917291567419856,13.795031720786051,-3.8777401533661955
EC-Earth-Consortium,EC-Earth3,r1i1p1f1,gn,ssp585,2064-02,2064,2,11.340657694255949,13.990164531841064,-2.6495068375851147
EC-Earth-Consortium,EC-Earth3,r1i1p1f1,gn,ssp585,2064-03,2064,3,11.93495108191659,14.004688261260165,-2.0697371793435746
EC-Earth-Consortium,EC-Earth3,r1i1p1f1,gn,ssp585,2064-04,2064,4,11.599249908999226,13.781427102951977,-2.18217719395275
EC-Earth-Consortium,EC-Earth3,r1i1p1f1,gn,ssp585,2064-05,2064,5,9.739972889267586,12.808329137433642,-3.0683562481660562
EC-Earth-Consortium,EC-Earth3,r1i1p1f1,gn,ssp585,2064-06,2064,6,6.452465655603249,10.720934638389092,-4.268468982785843
EC-Earth-Consortium,EC-Earth3,r1i1p1f1,gn,ssp585,2064-07,2064,7,2.1764589486159847,8.494459305557134,-6.31800035694115
EC-Earth-Consortium,EC-Earth3,r1i1p1f1,gn,ssp585,2064-08,2064,8,0.09717832378593881,7.0526463238385,-6.955468000052561
EC-Earth-Consortium,EC-Earth3,r1i1p1f1,gn,ssp585,2064-09,2064,9,0.017798007469490867,8.105197231611642,-8.087399224142152
EC-Earth-Consortium,EC-Earth3,r1i1p1f1,gn,ssp585,2064-10,2064,10,0.8624555212660795,10.12573489317978,-9.2632793719137
EC-Earth-Consortium,EC-Earth3,r1i1p1f1,gn,ssp585,2064-11,2064,11,4.335154313235882,12.082138855982901,-7.746984542747019
EC-Earth-Consortium,EC-Earth3,r1i1p1f1,gn,ssp585,2064-12,2064,12,8.36644292434533,13.270253347252748,-4.9038104229074175
EC-Earth-Consortium,EC-Earth3,r1i1p1f1,gn,ssp585,2065-01,2065,1,10.352341408713242,13.795031720786051,-3.442690312072809
EC-Earth-Consortium,EC-Earth3,r1i1p1f1,gn,ssp585,2065-02,2065,2,11.580587667685739,13.990164531841064,-2.4095768641553246
EC-Earth-Consortium,EC-Earth3,r1i1p1f1,gn,ssp585,2065-03,2065,3,11.812924782226574,14.004688261260165,-2.1917634790335914
EC-Earth-Consortium,EC-Earth3,r1i1p1f1,gn,ssp585,2065-04,2065,4,11.62361314357562,13.781427102951977,-2.157813959376357
EC-Earth-Consortium,EC-Earth3,r1i1p1f1,gn,ssp585,2065-05,2065,5,9.74450339938486,12.808329137433642,-3.0638257380487826
EC-Earth-Consortium,EC-Earth3,r1i1p1f1,gn,ssp585,2065-06,2065,6,6.514429872317375,10.720934638389092,-4.206504766071718
EC-Earth-Consortium,EC-Earth3,r1i1p1f1,gn,ssp585,2065-07,2065,7,2.1998379233921264,8.494459305557134,-6.294621382165008
EC-Earth-Consortium,EC-Earth3,r1i1p1f1,gn,ssp585,2065-08,2065,8,0.10955307332832881,7.0526463238385,-6.943093250510171
EC-Earth-Consortium,EC-Earth3,r1i1p1f1,gn,ssp585,2065-09,2065,9,0.003948262616541402,8.105197231611642,-8.101248968995101
EC-Earth-Consortium,EC-Earth3,r1i1p1f1,gn,ssp585,2065-10,2065,10,0.6217300602004373,10.12573489317978,-9.504004832979343
EC-Earth-Consortium,EC-Earth3,r1i1p1f1,gn,ssp585,2065-11,2065,11,4.322877116067002,12.082138855982901,-7.759261739915899
EC-Earth-Consortium,EC-Earth3,r1i1p1f1,gn,ssp585,2065-12,2065,12,8.69380007237375,13.270253347252748,-4.576453274878999
EC-Earth-Consortium,EC-Earth3,r1i1p1f1,gn,ssp585,2066-01,2066,1,10.779320862379953,13.795031720786051,-3.0157108584060985
EC-Earth-Consortium,EC-Earth3,r1i1p1f1,gn,ssp585,2066-02,2066,2,11.450208773622606,13.990164531841064,-2.5399557582184578
EC-Earth-Consortium,EC-Earth3,r1i1p1f1,gn,ssp585,2066-03,2066,3,11.568450458753597,14.004688261260165,-2.436237802506568
EC-Earth-Consortium,EC-Earth3,r1i1p1f1,gn,ssp585,2066-04,2066,4,11.446951971695947,13.781427102951977,-2.3344751312560295
EC-Earth-Consortium,EC-Earth3,r1i1p1f1,gn,ssp585,2066-05,2066,5,9.978858835394005,12.808329137433642,-2.8294703020396366
EC-Earth-Consortium,EC-Earth3,r1i1p1f1,gn,ssp585,2066-06,2066,6,7.0377138633616365,10.720934638389092,-3.683220775027456
EC-Earth-Consortium,EC-Earth3,r1i1p1f1,gn,ssp585,2066-07,2066,7,3.448736766907124,8.494459305557134,-5.04572253865001
EC-Earth-Consortium,EC-Earth3,r1i1p1f1,gn,ssp585,2066-08,2066,8,0.5396449063395373,7.0526463238385,-6.5130014174989626
EC-Earth-Consortium,EC-Earth3,r1i1p1f1,gn,ssp585,2066-09,2066,9,0.09570859354335366,8.105197231611642,-8.009488638068289
EC-Earth-Consortium,EC-Earth3,r1i1p1f1,gn,ssp585,2066-10,2066,10,1.5390612689878322,10.12573489317978,-8.586673624191949
EC-Earth-Consortium,EC-Earth3,r1i1p1f1,gn,ssp585,2066-11,2066,11,5.039795315743681,12.082138855982901,-7.04234354023922
EC-Earth-Consortium,EC-Earth3,r1i1p1f1,gn,ssp585,2066-12,2066,12,8.685863996488056,13.270253347252748,-4.584389350764692
EC-Earth-Consortium,EC-Earth3,r1i1p1f1,gn,ssp585,2067-01,2067,1,10.393412056192897,13.795031720786051,-3.401619664593154
EC-Earth-Consortium,EC-Earth3,r1i1p1f1,gn,ssp585,2067-02,2067,2,11.053684086748682,13.990164531841064,-2.936480445092382
EC-Earth-Consortium,EC-Earth3,r1i1p1f1,gn,ssp585,2067-03,2067,3,11.167589374577261,14.004688261260165,-2.837098886682904
EC-Earth-Consortium,EC-Earth3,r1i1p1f1,gn,ssp585,2067-04,2067,4,10.925834036322694,13.781427102951977,-2.8555930666292824
EC-Earth-Consortium,EC-Earth3,r1i1p1f1,gn,ssp585,2067-05,2067,5,9.156758528128234,12.808329137433642,-3.6515706093054074
EC-Earth-Consortium,EC-Earth3,r1i1p1f1,gn,ssp585,2067-06,2067,6,5.709323026135148,10.720934638389092,-5.011611612253945
EC-Earth-Consortium,EC-Earth3,r1i1p1f1,gn,ssp585,2067-07,2067,7,1.8875784492398715,8.494459305557134,-6.606880856317263
EC-Earth-Consortium,EC-Earth3,r1i1p1f1,gn,ssp585,2067-08,2067,8,0.07642907623937209,7.0526463238385,-6.976217247599128
EC-Earth-Consortium,EC-Earth3,r1i1p1f1,gn,ssp585,2067-09,2067,9,0.012906439634496754,8.105197231611642,-8.092290791977145
EC-Earth-Consortium,EC-Earth3,r1i1p1f1,gn,ssp585,2067-10,2067,10,0.178302167147738,10.12573489317978,-9.947432726032043
EC-Earth-Consortium,EC-Earth3,r1i1p1f1,gn,ssp585,2067-11,2067,11,2.080007739882255,12.082138855982901,-10.002131116100646
EC-Earth-Consortium,EC-Earth3,r1i1p1f1,gn,ssp585,2067-12,2067,12,6.708382963102131,13.270253347252748,-6.561870384150617
EC-Earth-Consortium,EC-Earth3,r1i1p1f1,gn,ssp585,2068-01,2068,1,9.989875114126262,13.795031720786051,-3.8051566066597893
EC-Earth-Consortium,EC-Earth3,r1i1p1f1,gn,ssp585,2068-02,2068,2,11.424144993553549,13.990164531841064,-2.566019538287515
EC-Earth-Consortium,EC-Earth3,r1i1p1f1,gn,ssp585,2068-03,2068,3,11.586427201800785,14.004688261260165,-2.4182610594593807
EC-Earth-Consortium,EC-Earth3,r1i1p1f1,gn,ssp585,2068-04,2068,4,11.116716043772435,13.781427102951977,-2.6647110591795418
EC-Earth-Consortium,EC-Earth3,r1i1p1f1,gn,ssp585,2068-05,2068,5,9.13196335668622,12.808329137433642,-3.676365780747421
EC-Earth-Consortium,EC-Earth3,r1i1p1f1,gn,ssp585,2068-06,2068,6,5.84506981333144,10.720934638389092,-4.875864825057652
EC-Earth-Consortium,EC-Earth3,r1i1p1f1,gn,ssp585,2068-07,2068,7,1.6706498518312611,8.494459305557134,-6.8238094537258736
EC-Earth-Consortium,EC-Earth3,r1i1p1f1,gn,ssp585,2068-08,2068,8,0.016114802345652067,7.0526463238385,-7.036531521492848
EC-Earth-Consortium,EC-Earth3,r1i1p1f1,gn,ssp585,2068-09,2068,9,0.0017589501666655692,8.105197231611642,-8.103438281444976
EC-Earth-Consortium,EC-Earth3,r1i1p1f1,gn,ssp585,2068-10,2068,10,0.20118241103820042,10.12573489317978,-9.92455248214158
EC-Earth-Consortium,EC-Earth3,r1i1p1f1,gn,ssp585,2068-11,2068,11,2.3456814241556083,12.082138855982901,-9.736457431827294
EC-Earth-Consortium,EC-Earth3,r1i1p1f1,gn,ssp585,2068-12,2068,12,6.8745432703855744,13.270253347252748,-6.395710076867173
EC-Earth-Consortium,EC-Earth3,r1i1p1f1,gn,ssp585,2069-01,2069,1,9.625526630586707,13.795031720786051,-4.169505090199344
EC-Earth-Consortium,EC-Earth3,r1i1p1f1,gn,ssp585,2069-02,2069,2,10.712213408096119,13.990164531841064,-3.277951123744945
EC-Earth-Consortium,EC-Earth3,r1i1p1f1,gn,ssp585,2069-03,2069,3,10.809289969346137,14.004688261260165,-3.195398291914028
EC-Earth-Consortium,EC-Earth3,r1i1p1f1,gn,ssp585,2069-04,2069,4,10.125580155360542,13.781427102951977,-3.655846947591435
EC-Earth-Consortium,EC-Earth3,r1i1p1f1,gn,ssp585,2069-05,2069,5,8.224023073278486,12.808329137433642,-4.584306064155156
EC-Earth-Consortium,EC-Earth3,r1i1p1f1,gn,ssp585,2069-06,2069,6,5.142695859076015,10.720934638389092,-5.578238779313078
EC-Earth-Consortium,EC-Earth3,r1i1p1f1,gn,ssp585,2069-07,2069,7,0.862141157507545,8.494459305557134,-7.632318148049589
EC-Earth-Consortium,EC-Earth3,r1i1p1f1,gn,ssp585,2069-08,2069,8,0.004622460347931847,7.0526463238385,-7.0480238634905685
EC-Earth-Consortium,EC-Earth3,r1i1p1f1,gn,ssp585,2069-09,2069,9,0.0008313556039595585,8.105197231611642,-8.104365876007682
EC-Earth-Consortium,EC-Earth3,r1i1p1f1,gn,ssp585,2069-10,2069,10,0.08519250480837649,10.12573489317978,-10.040542388371405
EC-Earth-Consortium,EC-Earth3,r1i1p1f1,gn,ssp585,2069-11,2069,11,1.5150706755075134,12.082138855982901,-10.567068180475388
EC-Earth-Consortium,EC-Earth3,r1i1p1f1,gn,ssp585,2069-12,2069,12,6.358356782906467,13.270253347252748,-6.91189656434628
EC-Earth-Consortium,EC-Earth3,r1i1p1f1,gn,ssp585,2070-01,2070,1,8.932355140052081,13.795031720786051,-4.86267658073397
EC-Earth-Consortium,EC-Earth3,r1i1p1f1,gn,ssp585,2070-02,2070,2,10.186699235823445,13.990164531841064,-3.8034652960176185
EC-Earth-Consortium,EC-Earth3,r1i1p1f1,gn,ssp585,2070-03,2070,3,10.742879108937373,14.004688261260165,-3.261809152322792
EC-Earth-Consortium,EC-Earth3,r1i1p1f1,gn,ssp585,2070-04,2070,4,10.442943875783524,13.781427102951977,-3.338483227168453
EC-Earth-Consortium,EC-Earth3,r1i1p1f1,gn,ssp585,2070-05,2070,5,8.468832025538124,12.808329137433642,-4.339497111895518
EC-Earth-Consortium,EC-Earth3,r1i1p1f1,gn,ssp585,2070-06,2070,6,5.3062822670638115,10.720934638389092,-5.414652371325281
EC-Earth-Consortium,EC-Earth3,r1i1p1f1,gn,ssp585,2070-07,2070,7,1.61608498912801,8.494459305557134,-6.878374316429124
EC-Earth-Consortium,EC-Earth3,r1i1p1f1,gn,ssp585,2070-08,2070,8,0.030306093707711493,7.0526463238385,-7.022340230130789
EC-Earth-Consortium,EC-Earth3,r1i1p1f1,gn,ssp585,2070-09,2070,9,0.00868533256294489,8.105197231611642,-8.096511899048698
EC-Earth-Consortium,EC-Earth3,r1i1p1f1,gn,ssp585,2070-10,2070,10,0.1166853080304369,10.12573489317978,-10.009049585149343
EC-Earth-Consortium,EC-Earth3,r1i1p1f1,gn,ssp585,2070-11,2070,11,2.895387851529182,12.082138855982901,-9.186751004453718
EC-Earth-Consortium,EC-Earth3,r1i1p1f1,gn,ssp585,2070-12,2070,12,6.796852394523422,13.270253347252748,-6.4734009527293255
EC-Earth-Consortium,EC-Earth3,r1i1p1f1,gn,ssp585,2071-01,2071,1,8.951748404905972,13.795031720786051,-4.843283315880079
EC-Earth-Consortium,EC-Earth3,r1i1p1f1,gn,ssp585,2071-02,2071,2,10.178723186439399,13.990164531841064,-3.811441345401665
EC-Earth-Consortium,EC-Earth3,r1i1p1f1,gn,ssp585,2071-03,2071,3,10.70176062334605,14.004688261260165,-3.302927637914115
EC-Earth-Consortium,EC-Earth3,r1i1p1f1,gn,ssp585,2071-04,2071,4,10.191458419344324,13.781427102951977,-3.589968683607653
EC-Earth-Consortium,EC-Earth3,r1i1p1f1,gn,ssp585,2071-05,2071,5,8.230408805161899,12.808329137433642,-4.577920332271743
EC-Earth-Consortium,EC-Earth3,r1i1p1f1,gn,ssp585,2071-06,2071,6,5.043622837675819,10.720934638389092,-5.677311800713273
EC-Earth-Consortium,EC-Earth3,r1i1p1f1,gn,ssp585,2071-07,2071,7,1.4600635303804328,8.494459305557134,-7.0343957751767014
EC-Earth-Consortium,EC-Earth3,r1i1p1f1,gn,ssp585,2071-08,2071,8,0.06945676761475927,7.0526463238385,-6.983189556223741
EC-Earth-Consortium,EC-Earth3,r1i1p1f1,gn,ssp585,2071-09,2071,9,0.030218743563317413,8.105197231611642,-8.074978488048325
EC-Earth-Consortium,EC-Earth3,r1i1p1f1,gn,ssp585,2071-10,2071,10,0.5521714523048783,10.12573489317978,-9.573563440874903
EC-Earth-Consortium,EC-Earth3,r1i1p1f1,gn,ssp585,2071-11,2071,11,2.2044469854211304,12.082138855982901,-9.87769187056177
EC-Earth-Consortium,EC-Earth3,r1i1p1f1,gn,ssp585,2071-12,2071,12,5.960432215685091,13.270253347252748,-7.309821131567657
EC-Earth-Consortium,EC-Earth3,r1i1p1f1,gn,ssp585,2072-01,2072,1,8.969635879878407,13.795031720786051,-4.825395840907644
EC-Earth-Consortium,EC-Earth3,r1i1p1f1,gn,ssp585,2072-02,2072,2,9.959643959662213,13.990164531841064,-4.030520572178851
EC-Earth-Consortium,EC-Earth3,r1i1p1f1,gn,ssp585,2072-03,2072,3,10.433172116972289,14.004688261260165,-3.5715161442878767
EC-Earth-Consortium,EC-Earth3,r1i1p1f1,gn,ssp585,2072-04,2072,4,10.187258151560851,13.781427102951977,-3.5941689513911257
EC-Earth-Consortium,EC-Earth3,r1i1p1f1,gn,ssp585,2072-05,2072,5,8.449950731927089,12.808329137433642,-4.358378405506553
EC-Earth-Consortium,EC-Earth3,r1i1p1f1,gn,ssp585,2072-06,2072,6,5.250048490674516,10.720934638389092,-5.470886147714577
EC-Earth-Consortium,EC-Earth3,r1i1p1f1,gn,ssp585,2072-07,2072,7,1.3111087961513554,8.494459305557134,-7.183350509405779
EC-Earth-Consortium,EC-Earth3,r1i1p1f1,gn,ssp585,2072-08,2072,8,0.027870627035336704,7.0526463238385,-7.024775696803164
EC-Earth-Consortium,EC-Earth3,r1i1p1f1,gn,ssp585,2072-09,2072,9,0.007790136958690114,8.105197231611642,-8.097407094652953
EC-Earth-Consortium,EC-Earth3,r1i1p1f1,gn,ssp585,2072-10,2072,10,0.25692669010038194,10.12573489317978,-9.868808203079398
EC-Earth-Consortium,EC-Earth3,r1i1p1f1,gn,ssp585,2072-11,2072,11,2.2272584235568353,12.082138855982901,-9.854880432426066
EC-Earth-Consortium,EC-Earth3,r1i1p1f1,gn,ssp585,2072-12,2072,12,5.956404152720209,13.270253347252748,-7.313849194532539
EC-Earth-Consortium,EC-Earth3,r1i1p1f1,gn,ssp585,2073-01,2073,1,8.604204432085421,13.795031720786051,-5.19082728870063
EC-Earth-Consortium,EC-Earth3,r1i1p1f1,gn,ssp585,2073-02,2073,2,9.932894399722036,13.990164531841064,-4.057270132119028
EC-Earth-Consortium,EC-Earth3,r1i1p1f1,gn,ssp585,2073-03,2073,3,10.132808060899805,14.004688261260165,-3.8718802003603603
EC-Earth-Consortium,EC-Earth3,r1i1p1f1,gn,ssp585,2073-04,2073,4,9.851575626590552,13.781427102951977,-3.9298514763614243
EC-Earth-Consortium,EC-Earth3,r1i1p1f1,gn,ssp585,2073-05,2073,5,7.69506136793392,12.808329137433642,-5.113267769499722
EC-Earth-Consortium,EC-Earth3,r1i1p1f1,gn,ssp585,2073-06,2073,6,4.070213891454868,10.720934638389092,-6.650720746934224
EC-Earth-Consortium,EC-Earth3,r1i1p1f1,gn,ssp585,2073-07,2073,7,0.5924639883930034,8.494459305557134,-7.901995317164131
EC-Earth-Consortium,EC-Earth3,r1i1p1f1,gn,ssp585,2073-08,2073,8,0.030913357295286194,7.0526463238385,-7.021732966543214
EC-Earth-Consortium,EC-Earth3,r1i1p1f1,gn,ssp585,2073-09,2073,9,0.012104459777148352,8.105197231611642,-8.093092771834494
EC-Earth-Consortium,EC-Earth3,r1i1p1f1,gn,ssp585,2073-10,2073,10,0.15590886847416785,10.12573489317978,-9.969826024705613
EC-Earth-Consortium,EC-Earth3,r1i1p1f1,gn,ssp585,2073-11,2073,11,1.1422597383287971,12.082138855982901,-10.939879117654105
EC-Earth-Consortium,EC-Earth3,r1i1p1f1,gn,ssp585,2073-12,2073,12,4.8527029297335265,13.270253347252748,-8.417550417519221
EC-Earth-Consortium,EC-Earth3,r1i1p1f1,gn,ssp585,2074-01,2074,1,8.335861834278289,13.795031720786051,-5.4591698865077625
EC-Earth-Consortium,EC-Earth3,r1i1p1f1,gn,ssp585,2074-02,2074,2,9.397216789730722,13.990164531841064,-4.592947742110342
EC-Earth-Consortium,EC-Earth3,r1i1p1f1,gn,ssp585,2074-03,2074,3,9.482741866419337,14.004688261260165,-4.521946394840828
EC-Earth-Consortium,EC-Earth3,r1i1p1f1,gn,ssp585,2074-04,2074,4,9.314710154620625,13.781427102951977,-4.466716948331351
EC-Earth-Consortium,EC-Earth3,r1i1p1f1,gn,ssp585,2074-05,2074,5,7.16567450792303,12.808329137433642,-5.642654629510612
EC-Earth-Consortium,EC-Earth3,r1i1p1f1,gn,ssp585,2074-06,2074,6,3.6311454240442402,10.720934638389092,-7.089789214344853
EC-Earth-Consortium,EC-Earth3,r1i1p1f1,gn,ssp585,2074-07,2074,7,0.29288252042741747,8.494459305557134,-8.201576785129717
EC-Earth-Consortium,EC-Earth3,r1i1p1f1,gn,ssp585,2074-08,2074,8,0.0027696906196509477,7.0526463238385,-7.049876633218849
EC-Earth-Consortium,EC-Earth3,r1i1p1f1,gn,ssp585,2074-09,2074,9,0.00033033382266035096,8.105197231611642,-8.104866897788982
EC-Earth-Consortium,EC-Earth3,r1i1p1f1,gn,ssp585,2074-10,2074,10,0.008865825180321208,10.12573489317978,-10.11686906799946
EC-Earth-Consortium,EC-Earth3,r1i1p1f1,gn,ssp585,2074-11,2074,11,0.6515569080636112,12.082138855982901,-11.43058194791929
EC-Earth-Consortium,EC-Earth3,r1i1p1f1,gn,ssp585,2074-12,2074,12,3.8429978584700497,13.270253347252748,-9.427255488782698
EC-Earth-Consortium,EC-Earth3,r1i1p1f1,gn,ssp585,2075-01,2075,1,7.42331738901083,13.795031720786051,-6.371714331775221
EC-Earth-Consortium,EC-Earth3,r1i1p1f1,gn,ssp585,2075-02,2075,2,8.729966131059095,13.990164531841064,-5.260198400781968
EC-Earth-Consortium,EC-Earth3,r1i1p1f1,gn,ssp585,2075-03,2075,3,9.029270017430376,14.004688261260165,-4.97541824382979
EC-Earth-Consortium,EC-Earth3,r1i1p1f1,gn,ssp585,2075-04,2075,4,9.024524329634442,13.781427102951977,-4.756902773317535
EC-Earth-Consortium,EC-Earth3,r1i1p1f1,gn,ssp585,2075-05,2075,5,7.061907222905814,12.808329137433642,-5.7464219145278275
EC-Earth-Consortium,EC-Earth3,r1i1p1f1,gn,ssp585,2075-06,2075,6,3.29349098595872,10.720934638389092,-7.427443652430373
EC-Earth-Consortium,EC-Earth3,r1i1p1f1,gn,ssp585,2075-07,2075,7,0.07397664856251587,8.494459305557134,-8.420482656994619
EC-Earth-Consortium,EC-Earth3,r1i1p1f1,gn,ssp585,2075-08,2075,8,0.0009791787844925129,7.0526463238385,-7.051667145054008
EC-Earth-Consortium,EC-Earth3,r1i1p1f1,gn,ssp585,2075-09,2075,9,3.0075017547051852e-06,8.105197231611642,-8.105194224109887
EC-Earth-Consortium,EC-Earth3,r1i1p1f1,gn,ssp585,2075-10,2075,10,0.049702505327079344,10.12573489317978,-10.0760323878527
EC-Earth-Consortium,EC-Earth3,r1i1p1f1,gn,ssp585,2075-11,2075,11,0.42925145873568393,12.082138855982901,-11.652887397247216
EC-Earth-Consortium,EC-Earth3,r1i1p1f1,gn,ssp585,2075-12,2075,12,2.595167111523248,13.270253347252748,-10.6750862357295
EC-Earth-Consortium,EC-Earth3,r1i1p1f1,gn,ssp585,2076-01,2076,1,6.265728948256788,13.795031720786051,-7.529302772529263
EC-Earth-Consortium,EC-Earth3,r1i1p1f1,gn,ssp585,2076-02,2076,2,8.12734346421796,13.990164531841064,-5.862821067623104
EC-Earth-Consortium,EC-Earth3,r1i1p1f1,gn,ssp585,2076-03,2076,3,9.230758698532025,14.004688261260165,-4.77392956272814
EC-Earth-Consortium,EC-Earth3,r1i1p1f1,gn,ssp585,2076-04,2076,4,9.313665304163365,13.781427102951977,-4.467761798788612
EC-Earth-Consortium,EC-Earth3,r1i1p1f1,gn,ssp585,2076-05,2076,5,7.463037945219342,12.808329137433642,-5.3452911922143
EC-Earth-Consortium,EC-Earth3,r1i1p1f1,gn,ssp585,2076-06,2076,6,4.258681710034684,10.720934638389092,-6.462252928354409
EC-Earth-Consortium,EC-Earth3,r1i1p1f1,gn,ssp585,2076-07,2076,7,0.6782814400398044,8.494459305557134,-7.8161778655173295
EC-Earth-Consortium,EC-Earth3,r1i1p1f1,gn,ssp585,2076-08,2076,8,0.0005768314738287222,7.0526463238385,-7.052069492364671
EC-Earth-Consortium,EC-Earth3,r1i1p1f1,gn,ssp585,2076-09,2076,9,8.897711588521428e-05,8.105197231611642,-8.105108254495757
EC-Earth-Consortium,EC-Earth3,r1i1p1f1,gn,ssp585,2076-10,2076,10,0.03230939500756238,10.12573489317978,-10.093425498172218
EC-Earth-Consortium,EC-Earth3,r1i1p1f1,gn,ssp585,2076-11,2076,11,0.49395996811949083,12.082138855982901,-11.58817888786341
EC-Earth-Consortium,EC-Earth3,r1i1p1f1,gn,ssp585,2076-12,2076,12,4.286350006697552,13.270253347252748,-8.983903340555194
EC-Earth-Consortium,EC-Earth3,r1i1p1f1,gn,ssp585,2077-01,2077,1,7.560913323273258,13.795031720786051,-6.234118397512793
EC-Earth-Consortium,EC-Earth3,r1i1p1f1,gn,ssp585,2077-02,2077,2,9.040189390612882,13.990164531841064,-4.949975141228181
EC-Earth-Consortium,EC-Earth3,r1i1p1f1,gn,ssp585,2077-03,2077,3,9.716105475471668,14.004688261260165,-4.288582785788497
EC-Earth-Consortium,EC-Earth3,r1i1p1f1,gn,ssp585,2077-04,2077,4,8.759350044575134,13.781427102951977,-5.022077058376842
EC-Earth-Consortium,EC-Earth3,r1i1p1f1,gn,ssp585,2077-05,2077,5,6.475543022791068,12.808329137433642,-6.332786114642574
EC-Earth-Consortium,EC-Earth3,r1i1p1f1,gn,ssp585,2077-06,2077,6,2.8964998478631085,10.720934638389092,-7.824434790525984
EC-Earth-Consortium,EC-Earth3,r1i1p1f1,gn,ssp585,2077-07,2077,7,0.3226615210204945,8.494459305557134,-8.17179778453664
EC-Earth-Consortium,EC-Earth3,r1i1p1f1,gn,ssp585,2077-08,2077,8,0.011074482570535317,7.0526463238385,-7.041571841267965
EC-Earth-Consortium,EC-Earth3,r1i1p1f1,gn,ssp585,2077-09,2077,9,0.0039318810865113475,8.105197231611642,-8.10126535052513
EC-Earth-Consortium,EC-Earth3,r1i1p1f1,gn,ssp585,2077-10,2077,10,0.1271496967086129,10.12573489317978,-9.998585196471167
EC-Earth-Consortium,EC-Earth3,r1i1p1f1,gn,ssp585,2077-11,2077,11,0.5678407548566253,12.082138855982901,-11.514298101126275
EC-Earth-Consortium,EC-Earth3,r1i1p1f1,gn,ssp585,2077-12,2077,12,2.141716063566604,13.270253347252748,-11.128537283686143
EC-Earth-Consortium,EC-Earth3,r1i1p1f1,gn,ssp585,2078-01,2078,1,5.835239298370976,13.795031720786051,-7.959792422415075
EC-Earth-Consortium,EC-Earth3,r1i1p1f1,gn,ssp585,2078-02,2078,2,8.188118961594435,13.990164531841064,-5.802045570246628
EC-Earth-Consortium,EC-Earth3,r1i1p1f1,gn,ssp585,2078-03,2078,3,8.9258746810055,14.004688261260165,-5.078813580254666
EC-Earth-Consortium,EC-Earth3,r1i1p1f1,gn,ssp585,2078-04,2078,4,8.643072207882033,13.781427102951977,-5.138354895069943
EC-Earth-Consortium,EC-Earth3,r1i1p1f1,gn,ssp585,2078-05,2078,5,6.7272879193642225,12.808329137433642,-6.081041218069419
EC-Earth-Consortium,EC-Earth3,r1i1p1f1,gn,ssp585,2078-06,2078,6,3.6635129224577967,10.720934638389092,-7.057421715931296
EC-Earth-Consortium,EC-Earth3,r1i1p1f1,gn,ssp585,2078-07,2078,7,0.31299878982643653,8.494459305557134,-8.181460515730699
EC-Earth-Consortium,EC-Earth3,r1i1p1f1,gn,ssp585,2078-08,2078,8,0.005332818912357126,7.0526463238385,-7.0473135049261435
EC-Earth-Consortium,EC-Earth3,r1i1p1f1,gn,ssp585,2078-09,2078,9,0.0015016839402817149,8.105197231611642,-8.10369554767136
EC-Earth-Consortium,EC-Earth3,r1i1p1f1,gn,ssp585,2078-10,2078,10,0.09989448416296405,10.12573489317978,-10.025840409016816
EC-Earth-Consortium,EC-Earth3,r1i1p1f1,gn,ssp585,2078-11,2078,11,0.734729165514859,12.082138855982901,-11.347409690468043
EC-Earth-Consortium,EC-Earth3,r1i1p1f1,gn,ssp585,2078-12,2078,12,3.7085433008436812,13.270253347252748,-9.561710046409067
EC-Earth-Consortium,EC-Earth3,r1i1p1f1,gn,ssp585,2079-01,2079,1,6.616025979965843,13.795031720786051,-7.179005740820208
EC-Earth-Consortium,EC-Earth3,r1i1p1f1,gn,ssp585,2079-02,2079,2,8.80153192707537,13.990164531841064,-5.188632604765694
EC-Earth-Consortium,EC-Earth3,r1i1p1f1,gn,ssp585,2079-03,2079,3,9.75612811707131,14.004688261260165,-4.248560144188856
EC-Earth-Consortium,EC-Earth3,r1i1p1f1,gn,ssp585,2079-04,2079,4,9.48389613404011,13.781427102951977,-4.297530968911866
EC-Earth-Consortium,EC-Earth3,r1i1p1f1,gn,ssp585,2079-05,2079,5,7.360602001587381,12.808329137433642,-5.447727135846261
EC-Earth-Consortium,EC-Earth3,r1i1p1f1,gn,ssp585,2079-06,2079,6,3.016137135076104,10.720934638389092,-7.704797503312989
EC-Earth-Consortium,EC-Earth3,r1i1p1f1,gn,ssp585,2079-07,2079,7,0.10500084403395889,8.494459305557134,-8.389458461523175
EC-Earth-Consortium,EC-Earth3,r1i1p1f1,gn,ssp585,2079-08,2079,8,0.0005731798274787319,7.0526463238385,-7.052073144011022
EC-Earth-Consortium,EC-Earth3,r1i1p1f1,gn,ssp585,2079-09,2079,9,0.0,8.105197231611642,-8.105197231611642
EC-Earth-Consortium,EC-Earth3,r1i1p1f1,gn,ssp585,2079-10,2079,10,0.0019256759596788056,10.12573489317978,-10.123809217220101
EC-Earth-Consortium,EC-Earth3,r1i1p1f1,gn,ssp585,2079-11,2079,11,0.1402049121979589,12.082138855982901,-11.941933943784942
EC-Earth-Consortium,EC-Earth3,r1i1p1f1,gn,ssp585,2079-12,2079,12,2.6895096056645036,13.270253347252748,-10.580743741588243
EC-Earth-Consortium,EC-Earth3,r1i1p1f1,gn,ssp585,2080-01,2080,1,7.1493380098662165,13.795031720786051,-6.645693710919835
EC-Earth-Consortium,EC-Earth3,r1i1p1f1,gn,ssp585,2080-02,2080,2,8.780776888670564,13.990164531841064,-5.2093876431704995
EC-Earth-Consortium,EC-Earth3,r1i1p1f1,gn,ssp585,2080-03,2080,3,9.326185649203051,14.004688261260165,-4.678502612057114
EC-Earth-Consortium,EC-Earth3,r1i1p1f1,gn,ssp585,2080-04,2080,4,9.178406413171707,13.781427102951977,-4.603020689780269
EC-Earth-Consortium,EC-Earth3,r1i1p1f1,gn,ssp585,2080-05,2080,5,7.085072908328241,12.808329137433642,-5.7232562291054005
EC-Earth-Consortium,EC-Earth3,r1i1p1f1,gn,ssp585,2080-06,2080,6,2.6896827337241542,10.720934638389092,-8.031251904664938
EC-Earth-Consortium,EC-Earth3,r1i1p1f1,gn,ssp585,2080-07,2080,7,0.05160725720752073,8.494459305557134,-8.442852048349614
EC-Earth-Consortium,EC-Earth3,r1i1p1f1,gn,ssp585,2080-08,2080,8,0.0011086570217707335,7.0526463238385,-7.0515376668167296
EC-Earth-Consortium,EC-Earth3,r1i1p1f1,gn,ssp585,2080-09,2080,9,0.00045524440490492935,8.105197231611642,-8.104741987206737
EC-Earth-Consortium,EC-Earth3,r1i1p1f1,gn,ssp585,2080-10,2080,10,0.04981817234186338,10.12573489317978,-10.075916720837917
EC-Earth-Consortium,EC-Earth3,r1i1p1f1,gn,ssp585,2080-11,2080,11,0.3297555902060303,12.082138855982901,-11.75238326577687
EC-Earth-Consortium,EC-Earth3,r1i1p1f1,gn,ssp585,2080-12,2080,12,2.884597981191827,13.270253347252748,-10.38565536606092
EC-Earth-Consortium,EC-Earth3,r1i1p1f1,gn,ssp585,2081-01,2081,1,7.415309501531193,13.795031720786051,-6.379722219254858
EC-Earth-Consortium,EC-Earth3,r1i1p1f1,gn,ssp585,2081-02,2081,2,9.504823436960754,13.990164531841064,-4.48534109488031
EC-Earth-Consortium,EC-Earth3,r1i1p1f1,gn,ssp585,2081-03,2081,3,10.209816832847117,14.004688261260165,-3.794871428413048
EC-Earth-Consortium,EC-Earth3,r1i1p1f1,gn,ssp585,2081-04,2081,4,9.798579758446094,13.781427102951977,-3.982847344505883
EC-Earth-Consortium,EC-Earth3,r1i1p1f1,gn,ssp585,2081-05,2081,5,7.34139809068297,12.808329137433642,-5.4669310467506715
EC-Earth-Consortium,EC-Earth3,r1i1p1f1,gn,ssp585,2081-06,2081,6,3.0166287676542773,10.720934638389092,-7.7043058707348155
EC-Earth-Consortium,EC-Earth3,r1i1p1f1,gn,ssp585,2081-07,2081,7,0.12750207886796142,8.494459305557134,-8.366957226689173
EC-Earth-Consortium,EC-Earth3,r1i1p1f1,gn,ssp585,2081-08,2081,8,0.0035300638437748676,7.0526463238385,-7.049116259994725
EC-Earth-Consortium,EC-Earth3,r1i1p1f1,gn,ssp585,2081-09,2081,9,0.0008008121158280398,8.105197231611642,-8.104396419495814
EC-Earth-Consortium,EC-Earth3,r1i1p1f1,gn,ssp585,2081-10,2081,10,0.011704822140633685,10.12573489317978,-10.114030071039148
EC-Earth-Consortium,EC-Earth3,r1i1p1f1,gn,ssp585,2081-11,2081,11,0.3198907604365251,12.082138855982901,-11.762248095546376
EC-Earth-Consortium,EC-Earth3,r1i1p1f1,gn,ssp585,2081-12,2081,12,2.550390861263847,13.270253347252748,-10.719862485988902
EC-Earth-Consortium,EC-Earth3,r1i1p1f1,gn,ssp585,2082-01,2082,1,7.1668474077170785,13.795031720786051,-6.628184313068973
EC-Earth-Consortium,EC-Earth3,r1i1p1f1,gn,ssp585,2082-02,2082,2,8.728694357290616,13.990164531841064,-5.261470174550448
EC-Earth-Consortium,EC-Earth3,r1i1p1f1,gn,ssp585,2082-03,2082,3,9.570254472388227,14.004688261260165,-4.434433788871939
EC-Earth-Consortium,EC-Earth3,r1i1p1f1,gn,ssp585,2082-04,2082,4,9.28281431591715,13.781427102951977,-4.498612787034826
EC-Earth-Consortium,EC-Earth3,r1i1p1f1,gn,ssp585,2082-05,2082,5,7.2800414950709875,12.808329137433642,-5.528287642362654
EC-Earth-Consortium,EC-Earth3,r1i1p1f1,gn,ssp585,2082-06,2082,6,3.8282896452174593,10.720934638389092,-6.892644993171633
EC-Earth-Consortium,EC-Earth3,r1i1p1f1,gn,ssp585,2082-07,2082,7,0.25038285611154115,8.494459305557134,-8.244076449445593
EC-Earth-Consortium,EC-Earth3,r1i1p1f1,gn,ssp585,2082-08,2082,8,0.0013915951433625892,7.0526463238385,-7.051254728695137
EC-Earth-Consortium,EC-Earth3,r1i1p1f1,gn,ssp585,2082-09,2082,9,0.00010210954662888718,8.105197231611642,-8.105095122065013
EC-Earth-Consortium,EC-Earth3,r1i1p1f1,gn,ssp585,2082-10,2082,10,2.7708123049123553e-05,10.12573489317978,-10.125707185056731
EC-Earth-Consortium,EC-Earth3,r1i1p1f1,gn,ssp585,2082-11,2082,11,0.11601531085372006,12.082138855982901,-11.96612354512918
EC-Earth-Consortium,EC-Earth3,r1i1p1f1,gn,ssp585,2082-12,2082,12,3.064542379453722,13.270253347252748,-10.205710967799025
EC-Earth-Consortium,EC-Earth3,r1i1p1f1,gn,ssp585,2083-01,2083,1,7.090472145463909,13.795031720786051,-6.7045595753221425
EC-Earth-Consortium,EC-Earth3,r1i1p1f1,gn,ssp585,2083-02,2083,2,8.710743631801442,13.990164531841064,-5.2794209000396215
EC-Earth-Consortium,EC-Earth3,r1i1p1f1,gn,ssp585,2083-03,2083,3,9.249230413582685,14.004688261260165,-4.75545784767748
EC-Earth-Consortium,EC-Earth3,r1i1p1f1,gn,ssp585,2083-04,2083,4,9.391525007510438,13.781427102951977,-4.389902095441538
EC-Earth-Consortium,EC-Earth3,r1i1p1f1,gn,ssp585,2083-05,2083,5,7.213966365628958,12.808329137433642,-5.5943627718046836
EC-Earth-Consortium,EC-Earth3,r1i1p1f1,gn,ssp585,2083-06,2083,6,3.909819991375012,10.720934638389092,-6.81111464701408
EC-Earth-Consortium,EC-Earth3,r1i1p1f1,gn,ssp585,2083-07,2083,7,0.41148467375998105,8.494459305557134,-8.082974631797153
EC-Earth-Consortium,EC-Earth3,r1i1p1f1,gn,ssp585,2083-08,2083,8,2.051519096970093e-05,7.0526463238385,-7.05262580864753
EC-Earth-Consortium,EC-Earth3,r1i1p1f1,gn,ssp585,2083-09,2083,9,0.0,8.105197231611642,-8.105197231611642
EC-Earth-Consortium,EC-Earth3,r1i1p1f1,gn,ssp585,2083-10,2083,10,0.002920882449293066,10.12573489317978,-10.122814010730487
EC-Earth-Consortium,EC-Earth3,r1i1p1f1,gn,ssp585,2083-11,2083,11,0.07868822560911667,12.082138855982901,-12.003450630373784
EC-Earth-Consortium,EC-Earth3,r1i1p1f1,gn,ssp585,2083-12,2083,12,2.960868146152705,13.270253347252748,-10.309385201100042
EC-Earth-Consortium,EC-Earth3,r1i1p1f1,gn,ssp585,2084-01,2084,1,7.261469909760879,13.795031720786051,-6.533561811025172
EC-Earth-Consortium,EC-Earth3,r1i1p1f1,gn,ssp585,2084-02,2084,2,8.999612599225498,13.990164531841064,-4.990551932615565
EC-Earth-Consortium,EC-Earth3,r1i1p1f1,gn,ssp585,2084-03,2084,3,9.863387364460257,14.004688261260165,-4.141300896799908
EC-Earth-Consortium,EC-Earth3,r1i1p1f1,gn,ssp585,2084-04,2084,4,9.387579971698422,13.781427102951977,-4.393847131253555
EC-Earth-Consortium,EC-Earth3,r1i1p1f1,gn,ssp585,2084-05,2084,5,7.92505838460691,12.808329137433642,-4.883270752826732
EC-Earth-Consortium,EC-Earth3,r1i1p1f1,gn,ssp585,2084-06,2084,6,4.071242551882562,10.720934638389092,-6.649692086506531
EC-Earth-Consortium,EC-Earth3,r1i1p1f1,gn,ssp585,2084-07,2084,7,0.26475833640384794,8.494459305557134,-8.229700969153287
EC-Earth-Consortium,EC-Earth3,r1i1p1f1,gn,ssp585,2084-08,2084,8,0.0004597666440704285,7.0526463238385,-7.05218655719443
EC-Earth-Consortium,EC-Earth3,r1i1p1f1,gn,ssp585,2084-09,2084,9,5.8647317141191336e-05,8.105197231611642,-8.105138584294501
EC-Earth-Consortium,EC-Earth3,r1i1p1f1,gn,ssp585,2084-10,2084,10,0.08686390875325774,10.12573489317978,-10.038870984426522
EC-Earth-Consortium,EC-Earth3,r1i1p1f1,gn,ssp585,2084-11,2084,11,0.4409239774654392,12.082138855982901,-11.641214878517461
EC-Earth-Consortium,EC-Earth3,r1i1p1f1,gn,ssp585,2084-12,2084,12,3.9553049653968126,13.270253347252748,-9.314948381855935
EC-Earth-Consortium,EC-Earth3,r1i1p1f1,gn,ssp585,2085-01,2085,1,7.975606507378906,13.795031720786051,-5.819425213407145
EC-Earth-Consortium,EC-Earth3,r1i1p1f1,gn,ssp585,2085-02,2085,2,9.566578742850817,13.990164531841064,-4.423585788990247
EC-Earth-Consortium,EC-Earth3,r1i1p1f1,gn,ssp585,2085-03,2085,3,9.900833073152375,14.004688261260165,-4.10385518810779
EC-Earth-Consortium,EC-Earth3,r1i1p1f1,gn,ssp585,2085-04,2085,4,9.511333972581761,13.781427102951977,-4.270093130370215
EC-Earth-Consortium,EC-Earth3,r1i1p1f1,gn,ssp585,2085-05,2085,5,7.3931813241056465,12.808329137433642,-5.415147813327995
EC-Earth-Consortium,EC-Earth3,r1i1p1f1,gn,ssp585,2085-06,2085,6,4.014763827484921,10.720934638389092,-6.7061708109041716
EC-Earth-Consortium,EC-Earth3,r1i1p1f1,gn,ssp585,2085-07,2085,7,0.3464239800778759,8.494459305557134,-8.148035325479258
EC-Earth-Consortium,EC-Earth3,r1i1p1f1,gn,ssp585,2085-08,2085,8,0.0013699229795693588,7.0526463238385,-7.051276400858931
EC-Earth-Consortium,EC-Earth3,r1i1p1f1,gn,ssp585,2085-09,2085,9,0.00032908546203339506,8.105197231611642,-8.10486814614961
EC-Earth-Consortium,EC-Earth3,r1i1p1f1,gn,ssp585,2085-10,2085,10,0.007520547529171963,10.12573489317978,-10.118214345650609
EC-Earth-Consortium,EC-Earth3,r1i1p1f1,gn,ssp585,2085-11,2085,11,0.2691572057281396,12.082138855982901,-11.81298165025476
EC-Earth-Consortium,EC-Earth3,r1i1p1f1,gn,ssp585,2085-12,2085,12,4.0060196955544844,13.270253347252748,-9.264233651698262
EC-Earth-Consortium,EC-Earth3,r1i1p1f1,gn,ssp585,2086-01,2086,1,7.040924355287057,13.795031720786051,-6.754107365498994
EC-Earth-Consortium,EC-Earth3,r1i1p1f1,gn,ssp585,2086-02,2086,2,8.248874849081865,13.990164531841064,-5.741289682759199
EC-Earth-Consortium,EC-Earth3,r1i1p1f1,gn,ssp585,2086-03,2086,3,8.879921339683923,14.004688261260165,-5.124766921576242
EC-Earth-Consortium,EC-Earth3,r1i1p1f1,gn,ssp585,2086-04,2086,4,8.429791673416661,13.781427102951977,-5.351635429535316
EC-Earth-Consortium,EC-Earth3,r1i1p1f1,gn,ssp585,2086-05,2086,5,6.125539494844647,12.808329137433642,-6.682789642588995
EC-Earth-Consortium,EC-Earth3,r1i1p1f1,gn,ssp585,2086-06,2086,6,2.37789140554434,10.720934638389092,-8.343043232844753
EC-Earth-Consortium,EC-Earth3,r1i1p1f1,gn,ssp585,2086-07,2086,7,0.08194290889819696,8.494459305557134,-8.412516396658937
EC-Earth-Consortium,EC-Earth3,r1i1p1f1,gn,ssp585,2086-08,2086,8,0.0,7.0526463238385,-7.0526463238385
EC-Earth-Consortium,EC-Earth3,r1i1p1f1,gn,ssp585,2086-09,2086,9,0.0,8.105197231611642,-8.105197231611642
EC-Earth-Consortium,EC-Earth3,r1i1p1f1,gn,ssp585,2086-10,2086,10,0.0005434733595113587,10.12573489317978,-10.125191419820268
EC-Earth-Consortium,EC-Earth3,r1i1p1f1,gn,ssp585,2086-11,2086,11,0.09129615415339025,12.082138855982901,-11.99084270182951
EC-Earth-Consortium,EC-Earth3,r1i1p1f1,gn,ssp585,2086-12,2086,12,0.7812317885911266,13.270253347252748,-12.489021558661621
EC-Earth-Consortium,EC-Earth3,r1i1p1f1,gn,ssp585,2087-01,2087,1,4.824632916363449,13.795031720786051,-8.9703988044226
EC-Earth-Consortium,EC-Earth3,r1i1p1f1,gn,ssp585,2087-02,2087,2,7.568887196700291,13.990164531841064,-6.421277335140773
EC-Earth-Consortium,EC-Earth3,r1i1p1f1,gn,ssp585,2087-03,2087,3,8.715300576115505,14.004688261260165,-5.289387685144661
EC-Earth-Consortium,EC-Earth3,r1i1p1f1,gn,ssp585,2087-04,2087,4,8.543807185475519,13.781427102951977,-5.237619917476458
EC-Earth-Consortium,EC-Earth3,r1i1p1f1,gn,ssp585,2087-05,2087,5,6.220947998382771,12.808329137433642,-6.587381139050871
EC-Earth-Consortium,EC-Earth3,r1i1p1f1,gn,ssp585,2087-06,2087,6,2.159334734045015,10.720934638389092,-8.561599904344078
EC-Earth-Consortium,EC-Earth3,r1i1p1f1,gn,ssp585,2087-07,2087,7,0.0019426676082530555,8.494459305557134,-8.492516637948881
EC-Earth-Consortium,EC-Earth3,r1i1p1f1,gn,ssp585,2087-08,2087,8,0.0,7.0526463238385,-7.0526463238385
EC-Earth-Consortium,EC-Earth3,r1i1p1f1,gn,ssp585,2087-09,2087,9,0.0,8.105197231611642,-8.105197231611642
EC-Earth-Consortium,EC-Earth3,r1i1p1f1,gn,ssp585,2087-10,2087,10,0.00013168399893639091,10.12573489317978,-10.125603209180843
EC-Earth-Consortium,EC-Earth3,r1i1p1f1,gn,ssp585,2087-11,2087,11,0.08568479159358162,12.082138855982901,-11.996454064389319
EC-Earth-Consortium,EC-Earth3,r1i1p1f1,gn,ssp585,2087-12,2087,12,1.2417510016738174,13.270253347252748,-12.02850234557893
EC-Earth-Consortium,EC-Earth3,r1i1p1f1,gn,ssp585,2088-01,2088,1,5.964296437211498,13.795031720786051,-7.830735283574553
EC-Earth-Consortium,EC-Earth3,r1i1p1f1,gn,ssp585,2088-02,2088,2,7.978932064852357,13.990164531841064,-6.011232466988707
EC-Earth-Consortium,EC-Earth3,r1i1p1f1,gn,ssp585,2088-03,2088,3,8.32704826826103,14.004688261260165,-5.677639992999135
EC-Earth-Consortium,EC-Earth3,r1i1p1f1,gn,ssp585,2088-04,2088,4,7.924214070333659,13.781427102951977,-5.857213032618318
EC-Earth-Consortium,EC-Earth3,r1i1p1f1,gn,ssp585,2088-05,2088,5,5.535043604416531,12.808329137433642,-7.273285533017111
EC-Earth-Consortium,EC-Earth3,r1i1p1f1,gn,ssp585,2088-06,2088,6,2.090053791038643,10.720934638389092,-8.630880847350449
EC-Earth-Consortium,EC-Earth3,r1i1p1f1,gn,ssp585,2088-07,2088,7,0.0460940498416823,8.494459305557134,-8.448365255715451
EC-Earth-Consortium,EC-Earth3,r1i1p1f1,gn,ssp585,2088-08,2088,8,0.0017168656312417264,7.0526463238385,-7.050929458207259
EC-Earth-Consortium,EC-Earth3,r1i1p1f1,gn,ssp585,2088-09,2088,9,0.0003988489795726668,8.105197231611642,-8.104798382632069
EC-Earth-Consortium,EC-Earth3,r1i1p1f1,gn,ssp585,2088-10,2088,10,0.00043241110323493666,10.12573489317978,-10.125302482076545
EC-Earth-Consortium,EC-Earth3,r1i1p1f1,gn,ssp585,2088-11,2088,11,0.004620114671967663,12.082138855982901,-12.077518741310934
EC-Earth-Consortium,EC-Earth3,r1i1p1f1,gn,ssp585,2088-12,2088,12,0.5094148747025837,13.270253347252748,-12.760838472550164
EC-Earth-Consortium,EC-Earth3,r1i1p1f1,gn,ssp585,2089-01,2089,1,3.665687978538783,13.795031720786051,-10.129343742247269
EC-Earth-Consortium,EC-Earth3,r1i1p1f1,gn,ssp585,2089-02,2089,2,6.855876722514984,13.990164531841064,-7.1342878093260795
EC-Earth-Consortium,EC-Earth3,r1i1p1f1,gn,ssp585,2089-03,2089,3,8.06256422135137,14.004688261260165,-5.942124039908796
EC-Earth-Consortium,EC-Earth3,r1i1p1f1,gn,ssp585,2089-04,2089,4,7.817018495715317,13.781427102951977,-5.96440860723666
EC-Earth-Consortium,EC-Earth3,r1i1p1f1,gn,ssp585,2089-05,2089,5,5.738277327952106,12.808329137433642,-7.070051809481535
EC-Earth-Consortium,EC-Earth3,r1i1p1f1,gn,ssp585,2089-06,2089,6,1.7764249296774826,10.720934638389092,-8.94450970871161
EC-Earth-Consortium,EC-Earth3,r1i1p1f1,gn,ssp585,2089-07,2089,7,0.03152833962419437,8.494459305557134,-8.462930965932939
EC-Earth-Consortium,EC-Earth3,r1i1p1f1,gn,ssp585,2089-08,2089,8,0.001826354861370087,7.0526463238385,-7.05081996897713
EC-Earth-Consortium,EC-Earth3,r1i1p1f1,gn,ssp585,2089-09,2089,9,0.00017506579573321342,8.105197231611642,-8.105022165815909
EC-Earth-Consortium,EC-Earth3,r1i1p1f1,gn,ssp585,2089-10,2089,10,0.00023157625919468893,10.12573489317978,-10.125503316920586
EC-Earth-Consortium,EC-Earth3,r1i1p1f1,gn,ssp585,2089-11,2089,11,0.21058121588019726,12.082138855982901,-11.871557640102704
EC-Earth-Consortium,EC-Earth3,r1i1p1f1,gn,ssp585,2089-12,2089,12,0.9097186357194414,13.270253347252748,-12.360534711533306
EC-Earth-Consortium,EC-Earth3,r1i1p1f1,gn,ssp585,2090-01,2090,1,4.893774983425286,13.795031720786051,-8.901256737360765
EC-Earth-Consortium,EC-Earth3,r1i1p1f1,gn,ssp585,2090-02,2090,2,7.737731197446956,13.990164531841064,-6.252433334394108
EC-Earth-Consortium,EC-Earth3,r1i1p1f1,gn,ssp585,2090-03,2090,3,8.59676354896504,14.004688261260165,-5.4079247122951255
EC-Earth-Consortium,EC-Earth3,r1i1p1f1,gn,ssp585,2090-04,2090,4,8.48544974158692,13.781427102951977,-5.295977361365056
EC-Earth-Consortium,EC-Earth3,r1i1p1f1,gn,ssp585,2090-05,2090,5,6.141359531217933,12.808329137433642,-6.666969606215709
EC-Earth-Consortium,EC-Earth3,r1i1p1f1,gn,ssp585,2090-06,2090,6,1.8204256618999375,10.720934638389092,-8.900508976489155
EC-Earth-Consortium,EC-Earth3,r1i1p1f1,gn,ssp585,2090-07,2090,7,0.009522125144168713,8.494459305557134,-8.484937180412965
EC-Earth-Consortium,EC-Earth3,r1i1p1f1,gn,ssp585,2090-08,2090,8,0.0011476184358472736,7.0526463238385,-7.051498705402653
EC-Earth-Consortium,EC-Earth3,r1i1p1f1,gn,ssp585,2090-09,2090,9,0.000133981562358711,8.105197231611642,-8.105063250049284
EC-Earth-Consortium,EC-Earth3,r1i1p1f1,gn,ssp585,2090-10,2090,10,0.008322919441444768,10.12573489317978,-10.117411973738335
EC-Earth-Consortium,EC-Earth3,r1i1p1f1,gn,ssp585,2090-11,2090,11,0.13179046360589253,12.082138855982901,-11.950348392377009
EC-Earth-Consortium,EC-Earth3,r1i1p1f1,gn,ssp585,2090-12,2090,12,1.2445699156254277,13.270253347252748,-12.02568343162732
EC-Earth-Consortium,EC-Earth3,r1i1p1f1,gn,ssp585,2091-01,2091,1,4.7879615077305715,13.795031720786051,-9.00707021305548
EC-Earth-Consortium,EC-Earth3,r1i1p1f1,gn,ssp585,2091-02,2091,2,6.6542451632316055,13.990164531841064,-7.335919368609458
EC-Earth-Consortium,EC-Earth3,r1i1p1f1,gn,ssp585,2091-03,2091,3,7.266313976946576,14.004688261260165,-6.738374284313589
EC-Earth-Consortium,EC-Earth3,r1i1p1f1,gn,ssp585,2091-04,2091,4,6.8218712630685525,13.781427102951977,-6.959555839883424
EC-Earth-Consortium,EC-Earth3,r1i1p1f1,gn,ssp585,2091-05,2091,5,5.014565503056147,12.808329137433642,-7.793763634377495
EC-Earth-Consortium,EC-Earth3,r1i1p1f1,gn,ssp585,2091-06,2091,6,1.4942015586317017,10.720934638389092,-9.226733079757391
EC-Earth-Consortium,EC-Earth3,r1i1p1f1,gn,ssp585,2091-07,2091,7,0.003808925635214548,8.494459305557134,-8.49065037992192
EC-Earth-Consortium,EC-Earth3,r1i1p1f1,gn,ssp585,2091-08,2091,8,0.0002702128795600456,7.0526463238385,-7.0523761109589405
EC-Earth-Consortium,EC-Earth3,r1i1p1f1,gn,ssp585,2091-09,2091,9,0.0,8.105197231611642,-8.105197231611642
EC-Earth-Consortium,EC-Earth3,r1i1p1f1,gn,ssp585,2091-10,2091,10,4.2873712304726766e-05,10.12573489317978,-10.125692019467476
EC-Earth-Consortium,EC-Earth3,r1i1p1f1,gn,ssp585,2091-11,2091,11,0.07636214472610964,12.082138855982901,-12.005776711256791
EC-Earth-Consortium,EC-Earth3,r1i1p1f1,gn,ssp585,2091-12,2091,12,0.8718325611715193,13.270253347252748,-12.398420786081228
EC-Earth-Consortium,EC-Earth3,r1i1p1f1,gn,ssp585,2092-01,2092,1,4.575354231965266,13.795031720786051,-9.219677488820786
EC-Earth-Consortium,EC-Earth3,r1i1p1f1,gn,ssp585,2092-02,2092,2,6.982773549270379,13.990164531841064,-7.007390982570684
EC-Earth-Consortium,EC-Earth3,r1i1p1f1,gn,ssp585,2092-03,2092,3,7.92806984373751,14.004688261260165,-6.076618417522655
EC-Earth-Consortium,EC-Earth3,r1i1p1f1,gn,ssp585,2092-04,2092,4,7.204325748880163,13.781427102951977,-6.5771013540718135
EC-Earth-Consortium,EC-Earth3,r1i1p1f1,gn,ssp585,2092-05,2092,5,4.449958082092502,12.808329137433642,-8.35837105534114
EC-Earth-Consortium,EC-Earth3,r1i1p1f1,gn,ssp585,2092-06,2092,6,0.9199822605971434,10.720934638389092,-9.80095237779195
EC-Earth-Consortium,EC-Earth3,r1i1p1f1,gn,ssp585,2092-07,2092,7,0.002473570068167704,8.494459305557134,-8.491985735488967
EC-Earth-Consortium,EC-Earth3,r1i1p1f1,gn,ssp585,2092-08,2092,8,6.546824899173122e-05,7.0526463238385,-7.052580855589508
EC-Earth-Consortium,EC-Earth3,r1i1p1f1,gn,ssp585,2092-09,2092,9,0.0,8.105197231611642,-8.105197231611642
EC-Earth-Consortium,EC-Earth3,r1i1p1f1,gn,ssp585,2092-10,2092,10,0.0,10.12573489317978,-10.12573489317978
EC-Earth-Consortium,EC-Earth3,r1i1p1f1,gn,ssp585,2092-11,2092,11,0.013621773103819988,12.082138855982901,-12.068517082879081
EC-Earth-Consortium,EC-Earth3,r1i1p1f1,gn,ssp585,2092-12,2092,12,0.5260880443764959,13.270253347252748,-12.744165302876251
EC-Earth-Consortium,EC-Earth3,r1i1p1f1,gn,ssp585,2093-01,2093,1,3.213858082141047,13.795031720786051,-10.581173638645005
EC-Earth-Consortium,EC-Earth3,r1i1p1f1,gn,ssp585,2093-02,2093,2,6.34083683211611,13.990164531841064,-7.649327699724954
EC-Earth-Consortium,EC-Earth3,r1i1p1f1,gn,ssp585,2093-03,2093,3,7.896398916638713,14.004688261260165,-6.108289344621452
EC-Earth-Consortium,EC-Earth3,r1i1p1f1,gn,ssp585,2093-04,2093,4,7.800989627928638,13.781427102951977,-5.980437475023338
EC-Earth-Consortium,EC-Earth3,r1i1p1f1,gn,ssp585,2093-05,2093,5,5.099085801000116,12.808329137433642,-7.709243336433526
EC-Earth-Consortium,EC-Earth3,r1i1p1f1,gn,ssp585,2093-06,2093,6,0.9567005952979959,10.720934638389092,-9.764234043091097
EC-Earth-Consortium,EC-Earth3,r1i1p1f1,gn,ssp585,2093-07,2093,7,0.0002739109213676108,8.494459305557134,-8.494185394635767
EC-Earth-Consortium,EC-Earth3,r1i1p1f1,gn,ssp585,2093-08,2093,8,0.0,7.0526463238385,-7.0526463238385
EC-Earth-Consortium,EC-Earth3,r1i1p1f1,gn,ssp585,2093-09,2093,9,0.0,8.105197231611642,-8.105197231611642
EC-Earth-Consortium,EC-Earth3,r1i1p1f1,gn,ssp585,2093-10,2093,10,0.0001212434934325875,10.12573489317978,-10.125613649686347
EC-Earth-Consortium,EC-Earth3,r1i1p1f1,gn,ssp585,2093-11,2093,11,0.021130564260341263,12.082138855982901,-12.06100829172256
EC-Earth-Consortium,EC-Earth3,r1i1p1f1,gn,ssp585,2093-12,2093,12,0.5307051212754791,13.270253347252748,-12.739548225977268
EC-Earth-Consortium,EC-Earth3,r1i1p1f1,gn,ssp585,2094-01,2094,1,2.7100476957905792,13.795031720786051,-11.084984024995471
EC-Earth-Consortium,EC-Earth3,r1i1p1f1,gn,ssp585,2094-02,2094,2,5.729905338769137,13.990164531841064,-8.260259193071928
EC-Earth-Consortium,EC-Earth3,r1i1p1f1,gn,ssp585,2094-03,2094,3,7.348216151937002,14.004688261260165,-6.656472109323163
EC-Earth-Consortium,EC-Earth3,r1i1p1f1,gn,ssp585,2094-04,2094,4,6.69459564825783,13.781427102951977,-7.086831454694146
EC-Earth-Consortium,EC-Earth3,r1i1p1f1,gn,ssp585,2094-05,2094,5,4.3434912059968385,12.808329137433642,-8.464837931436804
EC-Earth-Consortium,EC-Earth3,r1i1p1f1,gn,ssp585,2094-06,2094,6,0.9664750300755297,10.720934638389092,-9.754459608313562
EC-Earth-Consortium,EC-Earth3,r1i1p1f1,gn,ssp585,2094-07,2094,7,0.005300738767510498,8.494459305557134,-8.489158566789623
EC-Earth-Consortium,EC-Earth3,r1i1p1f1,gn,ssp585,2094-08,2094,8,0.00027298084103521075,7.0526463238385,-7.052373342997465
EC-Earth-Consortium,EC-Earth3,r1i1p1f1,gn,ssp585,2094-09,2094,9,0.0,8.105197231611642,-8.105197231611642
EC-Earth-Consortium,EC-Earth3,r1i1p1f1,gn,ssp585,2094-10,2094,10,0.0,10.12573489317978,-10.12573489317978
EC-Earth-Consortium,EC-Earth3,r1i1p1f1,gn,ssp585,2094-11,2094,11,0.0,12.082138855982901,-12.082138855982901
EC-Earth-Consortium,EC-Earth3,r1i1p1f1,gn,ssp585,2094-12,2094,12,0.15974999621843847,13.270253347252748,-13.110503351034309
EC-Earth-Consortium,EC-Earth3,r1i1p1f1,gn,ssp585,2095-01,2095,1,2.731977048011265,13.795031720786051,-11.063054672774786
EC-Earth-Consortium,EC-Earth3,r1i1p1f1,gn,ssp585,2095-02,2095,2,6.436678118393364,13.990164531841064,-7.5534864134476996
EC-Earth-Consortium,EC-Earth3,r1i1p1f1,gn,ssp585,2095-03,2095,3,7.953459944892394,14.004688261260165,-6.051228316367771
EC-Earth-Consortium,EC-Earth3,r1i1p1f1,gn,ssp585,2095-04,2095,4,7.501373298614947,13.781427102951977,-6.2800538043370295
EC-Earth-Consortium,EC-Earth3,r1i1p1f1,gn,ssp585,2095-05,2095,5,5.129090675648698,12.808329137433642,-7.679238461784944
EC-Earth-Consortium,EC-Earth3,r1i1p1f1,gn,ssp585,2095-06,2095,6,1.1492480455012755,10.720934638389092,-9.571686592887817
EC-Earth-Consortium,EC-Earth3,r1i1p1f1,gn,ssp585,2095-07,2095,7,0.00021448265729062682,8.494459305557134,-8.494244822899844
EC-Earth-Consortium,EC-Earth3,r1i1p1f1,gn,ssp585,2095-08,2095,8,0.0,7.0526463238385,-7.0526463238385
EC-Earth-Consortium,EC-Earth3,r1i1p1f1,gn,ssp585,2095-09,2095,9,0.0,8.105197231611642,-8.105197231611642
EC-Earth-Consortium,EC-Earth3,r1i1p1f1,gn,ssp585,2095-10,2095,10,0.0,10.12573489317978,-10.12573489317978
EC-Earth-Consortium,EC-Earth3,r1i1p1f1,gn,ssp585,2095-11,2095,11,0.03637169672451719,12.082138855982901,-12.045767159258384
EC-Earth-Consortium,EC-Earth3,r1i1p1f1,gn,ssp585,2095-12,2095,12,0.26870945099191634,13.270253347252748,-13.00154389626083
EC-Earth-Consortium,EC-Earth3,r1i1p1f1,gn,ssp585,2096-01,2096,1,2.8634003468114977,13.795031720786051,-10.931631373974554
EC-Earth-Consortium,EC-Earth3,r1i1p1f1,gn,ssp585,2096-02,2096,2,6.449709737549916,13.990164531841064,-7.540454794291148
EC-Earth-Consortium,EC-Earth3,r1i1p1f1,gn,ssp585,2096-03,2096,3,7.524420729067225,14.004688261260165,-6.48026753219294
EC-Earth-Consortium,EC-Earth3,r1i1p1f1,gn,ssp585,2096-04,2096,4,7.442421458652873,13.781427102951977,-6.339005644299103
EC-Earth-Consortium,EC-Earth3,r1i1p1f1,gn,ssp585,2096-05,2096,5,5.1503891031878295,12.808329137433642,-7.657940034245812
EC-Earth-Consortium,EC-Earth3,r1i1p1f1,gn,ssp585,2096-06,2096,6,1.14403541468068,10.720934638389092,-9.576899223708413
EC-Earth-Consortium,EC-Earth3,r1i1p1f1,gn,ssp585,2096-07,2096,7,0.0005718412390814687,8.494459305557134,-8.493887464318053
EC-Earth-Consortium,EC-Earth3,r1i1p1f1,gn,ssp585,2096-08,2096,8,5.753118130488873e-05,7.0526463238385,-7.052588792657195
EC-Earth-Consortium,EC-Earth3,r1i1p1f1,gn,ssp585,2096-09,2096,9,0.0,8.105197231611642,-8.105197231611642
EC-Earth-Consortium,EC-Earth3,r1i1p1f1,gn,ssp585,2096-10,2096,10,0.000250411220579987,10.12573489317978,-10.1254844819592
EC-Earth-Consortium,EC-Earth3,r1i1p1f1,gn,ssp585,2096-11,2096,11,0.10566791263921804,12.082138855982901,-11.976470943343683
EC-Earth-Consortium,EC-Earth3,r1i1p1f1,gn,ssp585,2096-12,2096,12,0.5255757874449084,13.270253347252748,-12.744677559807839
EC-Earth-Consortium,EC-Earth3,r1i1p1f1,gn,ssp585,2097-01,2097,1,1.6049916337270087,13.795031720786051,-12.190040087059042
EC-Earth-Consortium,EC-Earth3,r1i1p1f1,gn,ssp585,2097-02,2097,2,5.097127612712083,13.990164531841064,-8.893036919128981
EC-Earth-Consortium,EC-Earth3,r1i1p1f1,gn,ssp585,2097-03,2097,3,7.723637069351654,14.004688261260165,-6.281051191908511
EC-Earth-Consortium,EC-Earth3,r1i1p1f1,gn,ssp585,2097-04,2097,4,7.233495547359268,13.781427102951977,-6.547931555592709
EC-Earth-Consortium,EC-Earth3,r1i1p1f1,gn,ssp585,2097-05,2097,5,4.679653544416417,12.808329137433642,-8.128675593017224
EC-Earth-Consortium,EC-Earth3,r1i1p1f1,gn,ssp585,2097-06,2097,6,0.5487929289670896,10.720934638389092,-10.172141709422004
EC-Earth-Consortium,EC-Earth3,r1i1p1f1,gn,ssp585,2097-07,2097,7,0.002728346329208169,8.494459305557134,-8.491730959227926
EC-Earth-Consortium,EC-Earth3,r1i1p1f1,gn,ssp585,2097-08,2097,8,0.0,7.0526463238385,-7.0526463238385
EC-Earth-Consortium,EC-Earth3,r1i1p1f1,gn,ssp585,2097-09,2097,9,0.0,8.105197231611642,-8.105197231611642
EC-Earth-Consortium,EC-Earth3,r1i1p1f1,gn,ssp585,2097-10,2097,10,0.00413777728993639,10.12573489317978,-10.121597115889845
EC-Earth-Consortium,EC-Earth3,r1i1p1f1,gn,ssp585,2097-11,2097,11,0.029836712477536605,12.082138855982901,-12.052302143505365
EC-Earth-Consortium,EC-Earth3,r1i1p1f1,gn,ssp585,2097-12,2097,12,0.3412121326477624,13.270253347252748,-12.929041214604986
EC-Earth-Consortium,EC-Earth3,r1i1p1f1,gn,ssp585,2098-01,2098,1,1.7615688353370733,13.795031720786051,-12.033462885448978
EC-Earth-Consortium,EC-Earth3,r1i1p1f1,gn,ssp585,2098-02,2098,2,4.514063917786035,13.990164531841064,-9.476100614055028
EC-Earth-Consortium,EC-Earth3,r1i1p1f1,gn,ssp585,2098-03,2098,3,6.714981912601822,14.004688261260165,-7.289706348658343
EC-Earth-Consortium,EC-Earth3,r1i1p1f1,gn,ssp585,2098-04,2098,4,6.492416490076351,13.781427102951977,-7.289010612875626
EC-Earth-Consortium,EC-Earth3,r1i1p1f1,gn,ssp585,2098-05,2098,5,3.867688952701891,12.808329137433642,-8.940640184731752
EC-Earth-Consortium,EC-Earth3,r1i1p1f1,gn,ssp585,2098-06,2098,6,0.2042409648934457,10.720934638389092,-10.516693673495647
EC-Earth-Consortium,EC-Earth3,r1i1p1f1,gn,ssp585,2098-07,2098,7,0.0003143848473069681,8.494459305557134,-8.494144920709827
EC-Earth-Consortium,EC-Earth3,r1i1p1f1,gn,ssp585,2098-08,2098,8,1.754705565208621e-06,7.0526463238385,-7.052644569132935
EC-Earth-Consortium,EC-Earth3,r1i1p1f1,gn,ssp585,2098-09,2098,9,0.0,8.105197231611642,-8.105197231611642
EC-Earth-Consortium,EC-Earth3,r1i1p1f1,gn,ssp585,2098-10,2098,10,0.0,10.12573489317978,-10.12573489317978
EC-Earth-Consortium,EC-Earth3,r1i1p1f1,gn,ssp585,2098-11,2098,11,0.013335756928958836,12.082138855982901,-12.068803099053943
EC-Earth-Consortium,EC-Earth3,r1i1p1f1,gn,ssp585,2098-12,2098,12,0.12421560026276915,13.270253347252748,-13.146037746989979
EC-Earth-Consortium,EC-Earth3,r1i1p1f1,gn,ssp585,2099-01,2099,1,1.4753232318442784,13.795031720786051,-12.319708488941773
EC-Earth-Consortium,EC-Earth3,r1i1p1f1,gn,ssp585,2099-02,2099,2,4.315029939552719,13.990164531841064,-9.675134592288344
EC-Earth-Consortium,EC-Earth3,r1i1p1f1,gn,ssp585,2099-03,2099,3,7.00789952034046,14.004688261260165,-6.996788740919706
EC-Earth-Consortium,EC-Earth3,r1i1p1f1,gn,ssp585,2099-04,2099,4,6.747715240835965,13.781427102951977,-7.033711862116012
EC-Earth-Consortium,EC-Earth3,r1i1p1f1,gn,ssp585,2099-05,2099,5,4.520492137497854,12.808329137433642,-8.287836999935788
EC-Earth-Consortium,EC-Earth3,r1i1p1f1,gn,ssp585,2099-06,2099,6,0.6369303355936567,10.720934638389092,-10.084004302795435
EC-Earth-Consortium,EC-Earth3,r1i1p1f1,gn,ssp585,2099-07,2099,7,0.00031727968717641707,8.494459305557134,-8.494142025869959
EC-Earth-Consortium,EC-Earth3,r1i1p1f1,gn,ssp585,2099-08,2099,8,0.0,7.0526463238385,-7.0526463238385
EC-Earth-Consortium,EC-Earth3,r1i1p1f1,gn,ssp585,2099-09,2099,9,0.0,8.105197231611642,-8.105197231611642
EC-Earth-Consortium,EC-Earth3,r1i1p1f1,gn,ssp585,2099-10,2099,10,0.0,10.12573489317978,-10.12573489317978
EC-Earth-Consortium,EC-Earth3,r1i1p1f1,gn,ssp585,2099-11,2099,11,0.00013275821496325194,12.082138855982901,-12.082006097767938
EC-Earth-Consortium,EC-Earth3,r1i1p1f1,gn,ssp585,2099-12,2099,12,0.08756721889918972,13.270253347252748,-13.182686128353557
EC-Earth-Consortium,EC-Earth3,r1i1p1f1,gn,ssp585,2100-01,2100,1,0.8609743050734361,13.795031720786051,-12.934057415712616
EC-Earth-Consortium,EC-Earth3,r1i1p1f1,gn,ssp585,2100-02,2100,2,3.7588379605598514,13.990164531841064,-10.231326571281212
EC-Earth-Consortium,EC-Earth3,r1i1p1f1,gn,ssp585,2100-03,2100,3,6.0893583978840375,14.004688261260165,-7.915329863376128
EC-Earth-Consortium,EC-Earth3,r1i1p1f1,gn,ssp585,2100-04,2100,4,5.975589255921994,13.781427102951977,-7.8058378470299825
EC-Earth-Consortium,EC-Earth3,r1i1p1f1,gn,ssp585,2100-05,2100,5,3.4629283379834606,12.808329137433642,-9.345400799450182
EC-Earth-Consortium,EC-Earth3,r1i1p1f1,gn,ssp585,2100-06,2100,6,0.09595628574379608,10.720934638389092,-10.624978352645297
EC-Earth-Consortium,EC-Earth3,r1i1p1f1,gn,ssp585,2100-07,2100,7,0.0,8.494459305557134,-8.494459305557134
EC-Earth-Consortium,EC-Earth3,r1i1p1f1,gn,ssp585,2100-08,2100,8,0.0,7.0526463238385,-7.0526463238385
EC-Earth-Consortium,EC-Earth3,r1i1p1f1,gn,ssp585,2100-09,2100,9,0.0,8.105197231611642,-8.105197231611642
EC-Earth-Consortium,EC-Earth3,r1i1p1f1,gn,ssp585,2100-10,2100,10,3.718525034218506e-08,10.12573489317978,-10.12573485599453
EC-Earth-Consortium,EC-Earth3,r1i1p1f1,gn,ssp585,2100-11,2100,11,0.006742313815693019,12.082138855982901,-12.075396542167208
EC-Earth-Consortium,EC-Earth3,r1i1p1f1,gn,ssp585,2100-12,2100,12,0.11314027309928738,13.270253347252748,-13.157113074153461
