institution,source,member,siconc_grid,experiment,time,year,month,sia_Mkm2,pi_clim_sia_Mkm2,sia_anom_Mkm2
MOHC,UKESM1-0-LL,r1i1p1f2,gn,ssp585,2015-01,2015,1,11.937508071993618,12.841069732324511,-0.9035616603308938
MOHC,UKESM1-0-LL,r1i1p1f2,gn,ssp585,2015-02,2015,2,12.247916133704758,13.052575440590799,-0.804659306886041
MOHC,UKESM1-0-LL,r1i1p1f2,gn,ssp585,2015-03,2015,3,12.161283725147086,13.084475311238052,-0.9231915860909652
MOHC,UKESM1-0-LL,r1i1p1f2,gn,ssp585,2015-04,2015,4,12.05121821939641,12.891298638721189,-0.840080419324778
MOHC,UKESM1-0-LL,r1i1p1f2,gn,ssp585,2015-05,2015,5,11.32385919280405,12.12182555549293,-0.7979663626888787
MOHC,UKESM1-0-LL,r1i1p1f2,gn,ssp585,2015-06,2015,6,9.710373773701972,10.56014229872586,-0.8497685250238884
MOHC,UKESM1-0-LL,r1i1p1f2,gn,ssp585,2015-07,2015,7,7.502459484784053,8.377659541961345,-0.8752000571772918
MOHC,UKESM1-0-LL,r1i1p1f2,gn,ssp585,2015-08,2015,8,5.507532994257538,6.494668399593875,-0.9871354053363373
MOHC,UKESM1-0-LL,r1i1p1f2,gn,ssp585,2015-09,2015,9,5.749221774000125,6.742467621996264,-0.993245847996139
MOHC,UKESM1-0-LL,r1i1p1f2,gn,ssp585,2015-10,2015,10,7.7402682528570415,8.456494308873493,-0.7162260560164517
MOHC,UKESM1-0-LL,r1i1p1f2,gn,ssp585,2015-11,2015,11,9.719405013154981,10.63141795782804,-0.9120129446730587
MOHC,UKESM1-0-LL,r1i1p1f2,gn,ssp585,2015-12,2015,12,11.244271795990665,12.183681407006313,-0.9394096110156482
MOHC,UKESM1-0-LL,r1i1p1f2,gn,ssp585,2016-01,2016,1,12.026039130103621,12.841069732324511,-0.8150306022208902
MOHC,UKESM1-0-LL,r1i1p1f2,gn,ssp585,2016-02,2016,2,12.294025825327289,13.052575440590799,-0.7585496152635098
MOHC,UKESM1-0-LL,r1i1p1f2,gn,ssp585,2016-03,2016,3,12.414341908774437,13.084475311238052,-0.6701334024636143
MOHC,UKESM1-0-LL,r1i1p1f2,gn,ssp585,2016-04,2016,4,12.245680011875379,12.891298638721189,-0.6456186268458097
MOHC,UKESM1-0-LL,r1i1p1f2,gn,ssp585,2016-05,2016,5,11.458872545909053,12.12182555549293,-0.6629530095838767
MOHC,UKESM1-0-LL,r1i1p1f2,gn,ssp585,2016-06,2016,6,9.727688059856021,10.56014229872586,-0.8324542388698397
MOHC,UKESM1-0-LL,r1i1p1f2,gn,ssp585,2016-07,2016,7,7.341383287853856,8.377659541961345,-1.0362762541074888
MOHC,UKESM1-0-LL,r1i1p1f2,gn,ssp585,2016-08,2016,8,5.384687975884601,6.494668399593875,-1.109980423709274
MOHC,UKESM1-0-LL,r1i1p1f2,gn,ssp585,2016-09,2016,9,5.558710619449771,6.742467621996264,-1.1837570025464927
MOHC,UKESM1-0-LL,r1i1p1f2,gn,ssp585,2016-10,2016,10,7.693421158496627,8.456494308873493,-0.763073150376866
MOHC,UKESM1-0-LL,r1i1p1f2,gn,ssp585,2016-11,2016,11,9.589222951485214,10.63141795782804,-1.0421950063428262
MOHC,UKESM1-0-LL,r1i1p1f2,gn,ssp585,2016-12,2016,12,11.23925734603468,12.183681407006313,-0.9444240609716328
MOHC,UKESM1-0-LL,r1i1p1f2,gn,ssp585,2017-01,2017,1,12.132898155759957,12.841069732324511,-0.7081715765645544
MOHC,UKESM1-0-LL,r1i1p1f2,gn,ssp585,2017-02,2017,2,12.497671927165738,13.052575440590799,-0.5549035134250602
MOHC,UKESM1-0-LL,r1i1p1f2,gn,ssp585,2017-03,2017,3,12.473162432061523,13.084475311238052,-0.6113128791765288
MOHC,UKESM1-0-LL,r1i1p1f2,gn,ssp585,2017-04,2017,4,12.298674681186203,12.891298638721189,-0.5926239575349861
MOHC,UKESM1-0-LL,r1i1p1f2,gn,ssp585,2017-05,2017,5,11.448190474270715,12.12182555549293,-0.6736350812222138
MOHC,UKESM1-0-LL,r1i1p1f2,gn,ssp585,2017-06,2017,6,9.644970334461917,10.56014229872586,-0.9151719642639442
MOHC,UKESM1-0-LL,r1i1p1f2,gn,ssp585,2017-07,2017,7,7.084369949703585,8.377659541961345,-1.2932895922577599
MOHC,UKESM1-0-LL,r1i1p1f2,gn,ssp585,2017-08,2017,8,5.117839832295501,6.494668399593875,-1.3768285672983742
MOHC,UKESM1-0-LL,r1i1p1f2,gn,ssp585,2017-09,2017,9,5.317479135211654,6.742467621996264,-1.4249884867846099
MOHC,UKESM1-0-LL,r1i1p1f2,gn,ssp585,2017-10,2017,10,7.39517802819819,8.456494308873493,-1.0613162806753031
MOHC,UKESM1-0-LL,r1i1p1f2,gn,ssp585,2017-11,2017,11,9.797853602202688,10.63141795782804,-0.8335643556253522
MOHC,UKESM1-0-LL,r1i1p1f2,gn,ssp585,2017-12,2017,12,11.315800069757497,12.183681407006313,-0.8678813372488161
MOHC,UKESM1-0-LL,r1i1p1f2,gn,ssp585,2018-01,2018,1,12.026274851930582,12.841069732324511,-0.8147948803939293
MOHC,UKESM1-0-LL,r1i1p1f2,gn,ssp585,2018-02,2018,2,12.246020376085308,13.052575440590799,-0.8065550645054902
MOHC,UKESM1-0-LL,r1i1p1f2,gn,ssp585,2018-03,2018,3,12.356354976423622,13.084475311238052,-0.7281203348144292
MOHC,UKESM1-0-LL,r1i1p1f2,gn,ssp585,2018-04,2018,4,12.138966171222483,12.891298638721189,-0.7523324674987055
MOHC,UKESM1-0-LL,r1i1p1f2,gn,ssp585,2018-05,2018,5,11.283546223996344,12.12182555549293,-0.8382793314965848
MOHC,UKESM1-0-LL,r1i1p1f2,gn,ssp585,2018-06,2018,6,9.652882050461775,10.56014229872586,-0.9072602482640857
MOHC,UKESM1-0-LL,r1i1p1f2,gn,ssp585,2018-07,2018,7,6.810596971516016,8.377659541961345,-1.5670625704453283
MOHC,UKESM1-0-LL,r1i1p1f2,gn,ssp585,2018-08,2018,8,4.699874446997675,6.494668399593875,-1.7947939525962004
MOHC,UKESM1-0-LL,r1i1p1f2,gn,ssp585,2018-09,2018,9,4.718674297885392,6.742467621996264,-2.023793324110872
MOHC,UKESM1-0-LL,r1i1p1f2,gn,ssp585,2018-10,2018,10,6.549934439478349,8.456494308873493,-1.906559869395144
MOHC,UKESM1-0-LL,r1i1p1f2,gn,ssp585,2018-11,2018,11,9.316523108724068,10.63141795782804,-1.3148948491039718
MOHC,UKESM1-0-LL,r1i1p1f2,gn,ssp585,2018-12,2018,12,10.929155469509368,12.183681407006313,-1.254525937496945
MOHC,UKESM1-0-LL,r1i1p1f2,gn,ssp585,2019-01,2019,1,11.840063360923077,12.841069732324511,-1.0010063714014343
MOHC,UKESM1-0-LL,r1i1p1f2,gn,ssp585,2019-02,2019,2,12.11241265329814,13.052575440590799,-0.9401627872926586
MOHC,UKESM1-0-LL,r1i1p1f2,gn,ssp585,2019-03,2019,3,11.919030505937613,13.084475311238052,-1.1654448053004387
MOHC,UKESM1-0-LL,r1i1p1f2,gn,ssp585,2019-04,2019,4,11.616175361048995,12.891298638721189,-1.2751232776721935
MOHC,UKESM1-0-LL,r1i1p1f2,gn,ssp585,2019-05,2019,5,10.688050106018245,12.12182555549293,-1.433775449474684
MOHC,UKESM1-0-LL,r1i1p1f2,gn,ssp585,2019-06,2019,6,9.172335121176369,10.56014229872586,-1.387807177549492
MOHC,UKESM1-0-LL,r1i1p1f2,gn,ssp585,2019-07,2019,7,6.7261726710602385,8.377659541961345,-1.6514868709011061
MOHC,UKESM1-0-LL,r1i1p1f2,gn,ssp585,2019-08,2019,8,4.811544789736858,6.494668399593875,-1.6831236098570175
MOHC,UKESM1-0-LL,r1i1p1f2,gn,ssp585,2019-09,2019,9,5.125908184772989,6.742467621996264,-1.616559437223275
MOHC,UKESM1-0-LL,r1i1p1f2,gn,ssp585,2019-10,2019,10,7.3570347578655335,8.456494308873493,-1.0994595510079597
MOHC,UKESM1-0-LL,r1i1p1f2,gn,ssp585,2019-11,2019,11,9.120701206299547,10.63141795782804,-1.5107167515284932
MOHC,UKESM1-0-LL,r1i1p1f2,gn,ssp585,2019-12,2019,12,10.58036934555944,12.183681407006313,-1.6033120614468732
MOHC,UKESM1-0-LL,r1i1p1f2,gn,ssp585,2020-01,2020,1,12.027579514433842,12.841069732324511,-0.8134902178906689
MOHC,UKESM1-0-LL,r1i1p1f2,gn,ssp585,2020-02,2020,2,12.344198341683764,13.052575440590799,-0.7083770989070342
MOHC,UKESM1-0-LL,r1i1p1f2,gn,ssp585,2020-03,2020,3,12.260353523718337,13.084475311238052,-0.8241217875197151
MOHC,UKESM1-0-LL,r1i1p1f2,gn,ssp585,2020-04,2020,4,11.938854174504513,12.891298638721189,-0.9524444642166756
MOHC,UKESM1-0-LL,r1i1p1f2,gn,ssp585,2020-05,2020,5,11.0378133649757,12.12182555549293,-1.08401219051723
MOHC,UKESM1-0-LL,r1i1p1f2,gn,ssp585,2020-06,2020,6,9.417883049480785,10.56014229872586,-1.1422592492450754
MOHC,UKESM1-0-LL,r1i1p1f2,gn,ssp585,2020-07,2020,7,7.089510231015332,8.377659541961345,-1.2881493109460127
MOHC,UKESM1-0-LL,r1i1p1f2,gn,ssp585,2020-08,2020,8,4.926923698490476,6.494668399593875,-1.5677447011033996
MOHC,UKESM1-0-LL,r1i1p1f2,gn,ssp585,2020-09,2020,9,4.978180287484608,6.742467621996264,-1.764287334511656
MOHC,UKESM1-0-LL,r1i1p1f2,gn,ssp585,2020-10,2020,10,6.651569453463562,8.456494308873493,-1.804924855409931
MOHC,UKESM1-0-LL,r1i1p1f2,gn,ssp585,2020-11,2020,11,9.050579594562835,10.63141795782804,-1.5808383632652045
MOHC,UKESM1-0-LL,r1i1p1f2,gn,ssp585,2020-12,2020,12,10.754763910682074,12.183681407006313,-1.4289174963242388
MOHC,UKESM1-0-LL,r1i1p1f2,gn,ssp585,2021-01,2021,1,11.386597380670889,12.841069732324511,-1.4544723516536227
MOHC,UKESM1-0-LL,r1i1p1f2,gn,ssp585,2021-02,2021,2,11.809622733042477,13.052575440590799,-1.242952707548321
MOHC,UKESM1-0-LL,r1i1p1f2,gn,ssp585,2021-03,2021,3,11.958143992427168,13.084475311238052,-1.1263313188108839
MOHC,UKESM1-0-LL,r1i1p1f2,gn,ssp585,2021-04,2021,4,11.971364195081339,12.891298638721189,-0.9199344436398498
MOHC,UKESM1-0-LL,r1i1p1f2,gn,ssp585,2021-05,2021,5,11.043636181897993,12.12182555549293,-1.0781893735949364
MOHC,UKESM1-0-LL,r1i1p1f2,gn,ssp585,2021-06,2021,6,9.204873928666931,10.56014229872586,-1.3552683700589299
MOHC,UKESM1-0-LL,r1i1p1f2,gn,ssp585,2021-07,2021,7,6.499484076372481,8.377659541961345,-1.878175465588864
MOHC,UKESM1-0-LL,r1i1p1f2,gn,ssp585,2021-08,2021,8,4.396514226204641,6.494668399593875,-2.0981541733892346
MOHC,UKESM1-0-LL,r1i1p1f2,gn,ssp585,2021-09,2021,9,4.263413300984775,6.742467621996264,-2.479054321011489
MOHC,UKESM1-0-LL,r1i1p1f2,gn,ssp585,2021-10,2021,10,6.471744216249215,8.456494308873493,-1.984750092624278
MOHC,UKESM1-0-LL,r1i1p1f2,gn,ssp585,2021-11,2021,11,8.901535177432562,10.63141795782804,-1.729882780395478
MOHC,UKESM1-0-LL,r1i1p1f2,gn,ssp585,2021-12,2021,12,10.671476676443252,12.183681407006313,-1.5122047305630613
MOHC,UKESM1-0-LL,r1i1p1f2,gn,ssp585,2022-01,2022,1,11.709729855411723,12.841069732324511,-1.1313398769127883
MOHC,UKESM1-0-LL,r1i1p1f2,gn,ssp585,2022-02,2022,2,11.980063064715361,13.052575440590799,-1.0725123758754371
MOHC,UKESM1-0-LL,r1i1p1f2,gn,ssp585,2022-03,2022,3,11.908522210876264,13.084475311238052,-1.175953100361788
MOHC,UKESM1-0-LL,r1i1p1f2,gn,ssp585,2022-04,2022,4,11.743689871078683,12.891298638721189,-1.147608767642506
MOHC,UKESM1-0-LL,r1i1p1f2,gn,ssp585,2022-05,2022,5,10.999720599211624,12.12182555549293,-1.122104956281305
MOHC,UKESM1-0-LL,r1i1p1f2,gn,ssp585,2022-06,2022,6,9.304239274124464,10.56014229872586,-1.2559030246013965
MOHC,UKESM1-0-LL,r1i1p1f2,gn,ssp585,2022-07,2022,7,6.675495171133337,8.377659541961345,-1.702164370828008
MOHC,UKESM1-0-LL,r1i1p1f2,gn,ssp585,2022-08,2022,8,4.365322836540558,6.494668399593875,-2.1293455630533176
MOHC,UKESM1-0-LL,r1i1p1f2,gn,ssp585,2022-09,2022,9,4.175881767446363,6.742467621996264,-2.566585854549901
MOHC,UKESM1-0-LL,r1i1p1f2,gn,ssp585,2022-10,2022,10,6.080729878140969,8.456494308873493,-2.3757644307325245
MOHC,UKESM1-0-LL,r1i1p1f2,gn,ssp585,2022-11,2022,11,8.615297857502027,10.63141795782804,-2.016120100326013
MOHC,UKESM1-0-LL,r1i1p1f2,gn,ssp585,2022-12,2022,12,10.417488619519816,12.183681407006313,-1.7661927874864976
MOHC,UKESM1-0-LL,r1i1p1f2,gn,ssp585,2023-01,2023,1,11.306070217028525,12.841069732324511,-1.5349995152959863
MOHC,UKESM1-0-LL,r1i1p1f2,gn,ssp585,2023-02,2023,2,11.837192937437543,13.052575440590799,-1.215382503153256
MOHC,UKESM1-0-LL,r1i1p1f2,gn,ssp585,2023-03,2023,3,11.936034456981712,13.084475311238052,-1.1484408542563393
MOHC,UKESM1-0-LL,r1i1p1f2,gn,ssp585,2023-04,2023,4,11.80330416568041,12.891298638721189,-1.0879944730407782
MOHC,UKESM1-0-LL,r1i1p1f2,gn,ssp585,2023-05,2023,5,10.748275661360863,12.12182555549293,-1.3735498941320667
MOHC,UKESM1-0-LL,r1i1p1f2,gn,ssp585,2023-06,2023,6,9.156363314150653,10.56014229872586,-1.403778984575208
MOHC,UKESM1-0-LL,r1i1p1f2,gn,ssp585,2023-07,2023,7,6.158717804467606,8.377659541961345,-2.218941737493739
MOHC,UKESM1-0-LL,r1i1p1f2,gn,ssp585,2023-08,2023,8,3.617648438066095,6.494668399593875,-2.8770199615277803
MOHC,UKESM1-0-LL,r1i1p1f2,gn,ssp585,2023-09,2023,9,3.7425471071891017,6.742467621996264,-2.999920514807162
MOHC,UKESM1-0-LL,r1i1p1f2,gn,ssp585,2023-10,2023,10,6.098239718662529,8.456494308873493,-2.358254590210964
MOHC,UKESM1-0-LL,r1i1p1f2,gn,ssp585,2023-11,2023,11,8.864064994600133,10.63141795782804,-1.767352963227907
MOHC,UKESM1-0-LL,r1i1p1f2,gn,ssp585,2023-12,2023,12,10.669385063406443,12.183681407006313,-1.5142963435998702
MOHC,UKESM1-0-LL,r1i1p1f2,gn,ssp585,2024-01,2024,1,11.528703999191768,12.841069732324511,-1.3123657331327436
MOHC,UKESM1-0-LL,r1i1p1f2,gn,ssp585,2024-02,2024,2,12.069435938863823,13.052575440590799,-0.983139501726976
MOHC,UKESM1-0-LL,r1i1p1f2,gn,ssp585,2024-03,2024,3,12.136125559710297,13.084475311238052,-0.9483497515277541
MOHC,UKESM1-0-LL,r1i1p1f2,gn,ssp585,2024-04,2024,4,11.85195315259475,12.891298638721189,-1.0393454861264395
MOHC,UKESM1-0-LL,r1i1p1f2,gn,ssp585,2024-05,2024,5,10.861420417596987,12.12182555549293,-1.2604051378959422
MOHC,UKESM1-0-LL,r1i1p1f2,gn,ssp585,2024-06,2024,6,9.016161662606855,10.56014229872586,-1.5439806361190058
MOHC,UKESM1-0-LL,r1i1p1f2,gn,ssp585,2024-07,2024,7,6.095408516771645,8.377659541961345,-2.2822510251896997
MOHC,UKESM1-0-LL,r1i1p1f2,gn,ssp585,2024-08,2024,8,3.495260753752884,6.494668399593875,-2.999407645840991
MOHC,UKESM1-0-LL,r1i1p1f2,gn,ssp585,2024-09,2024,9,3.211021592466747,6.742467621996264,-3.531446029529517
MOHC,UKESM1-0-LL,r1i1p1f2,gn,ssp585,2024-10,2024,10,5.7104891891922165,8.456494308873493,-2.7460051196812767
MOHC,UKESM1-0-LL,r1i1p1f2,gn,ssp585,2024-11,2024,11,8.489267082162312,10.63141795782804,-2.1421508756657275
MOHC,UKESM1-0-LL,r1i1p1f2,gn,ssp585,2024-12,2024,12,10.525355215758777,12.183681407006313,-1.6583261912475358
MOHC,UKESM1-0-LL,r1i1p1f2,gn,ssp585,2025-01,2025,1,11.56346248501324,12.841069732324511,-1.2776072473112716
MOHC,UKESM1-0-LL,r1i1p1f2,gn,ssp585,2025-02,2025,2,11.866328932408985,13.052575440590799,-1.1862465081818137
MOHC,UKESM1-0-LL,r1i1p1f2,gn,ssp585,2025-03,2025,3,11.915761318476418,13.084475311238052,-1.1687139927616332
MOHC,UKESM1-0-LL,r1i1p1f2,gn,ssp585,2025-04,2025,4,11.738434794024824,12.891298638721189,-1.1528638446963644
MOHC,UKESM1-0-LL,r1i1p1f2,gn,ssp585,2025-05,2025,5,10.899637076778063,12.12182555549293,-1.222188478714866
MOHC,UKESM1-0-LL,r1i1p1f2,gn,ssp585,2025-06,2025,6,9.074715589516858,10.56014229872586,-1.485426709209003
MOHC,UKESM1-0-LL,r1i1p1f2,gn,ssp585,2025-07,2025,7,5.826180523262046,8.377659541961345,-2.5514790186992986
MOHC,UKESM1-0-LL,r1i1p1f2,gn,ssp585,2025-08,2025,8,3.460221813952424,6.494668399593875,-3.0344465856414513
MOHC,UKESM1-0-LL,r1i1p1f2,gn,ssp585,2025-09,2025,9,3.4930598759896396,6.742467621996264,-3.249407746006624
MOHC,UKESM1-0-LL,r1i1p1f2,gn,ssp585,2025-10,2025,10,5.455737134615181,8.456494308873493,-3.000757174258312
MOHC,UKESM1-0-LL,r1i1p1f2,gn,ssp585,2025-11,2025,11,8.216010399897797,10.63141795782804,-2.4154075579302425
MOHC,UKESM1-0-LL,r1i1p1f2,gn,ssp585,2025-12,2025,12,10.654931904956399,12.183681407006313,-1.528749502049914
MOHC,UKESM1-0-LL,r1i1p1f2,gn,ssp585,2026-01,2026,1,11.462053351036184,12.841069732324511,-1.3790163812883272
MOHC,UKESM1-0-LL,r1i1p1f2,gn,ssp585,2026-02,2026,2,11.899773080813072,13.052575440590799,-1.152802359777727
MOHC,UKESM1-0-LL,r1i1p1f2,gn,ssp585,2026-03,2026,3,11.954586575504582,13.084475311238052,-1.12988873573347
MOHC,UKESM1-0-LL,r1i1p1f2,gn,ssp585,2026-04,2026,4,11.678666950462816,12.891298638721189,-1.212631688258373
MOHC,UKESM1-0-LL,r1i1p1f2,gn,ssp585,2026-05,2026,5,10.593695098123858,12.12182555549293,-1.5281304573690715
MOHC,UKESM1-0-LL,r1i1p1f2,gn,ssp585,2026-06,2026,6,8.933751795483246,10.56014229872586,-1.6263905032426145
MOHC,UKESM1-0-LL,r1i1p1f2,gn,ssp585,2026-07,2026,7,5.715124260447362,8.377659541961345,-2.662535281513983
MOHC,UKESM1-0-LL,r1i1p1f2,gn,ssp585,2026-08,2026,8,3.188972759714846,6.494668399593875,-3.3056956398790294
MOHC,UKESM1-0-LL,r1i1p1f2,gn,ssp585,2026-09,2026,9,3.2852959007663536,6.742467621996264,-3.4571717212299102
MOHC,UKESM1-0-LL,r1i1p1f2,gn,ssp585,2026-10,2026,10,4.9032611388067675,8.456494308873493,-3.5532331700667257
MOHC,UKESM1-0-LL,r1i1p1f2,gn,ssp585,2026-11,2026,11,7.58375495160573,10.63141795782804,-3.04766300622231
MOHC,UKESM1-0-LL,r1i1p1f2,gn,ssp585,2026-12,2026,12,10.153911806404402,12.183681407006313,-2.0297696006019113
MOHC,UKESM1-0-LL,r1i1p1f2,gn,ssp585,2027-01,2027,1,11.414844343784685,12.841069732324511,-1.4262253885398266
MOHC,UKESM1-0-LL,r1i1p1f2,gn,ssp585,2027-02,2027,2,11.761527599026367,13.052575440590799,-1.2910478415644313
MOHC,UKESM1-0-LL,r1i1p1f2,gn,ssp585,2027-03,2027,3,11.892584124547916,13.084475311238052,-1.1918911866901354
MOHC,UKESM1-0-LL,r1i1p1f2,gn,ssp585,2027-04,2027,4,11.821653834207309,12.891298638721189,-1.0696448045138798
MOHC,UKESM1-0-LL,r1i1p1f2,gn,ssp585,2027-05,2027,5,10.617365711801634,12.12182555549293,-1.5044598436912953
MOHC,UKESM1-0-LL,r1i1p1f2,gn,ssp585,2027-06,2027,6,8.841551887651386,10.56014229872586,-1.7185904110744747
MOHC,UKESM1-0-LL,r1i1p1f2,gn,ssp585,2027-07,2027,7,5.606306232923595,8.377659541961345,-2.7713533090377496
MOHC,UKESM1-0-LL,r1i1p1f2,gn,ssp585,2027-08,2027,8,2.941708500233132,6.494668399593875,-3.552959899360743
MOHC,UKESM1-0-LL,r1i1p1f2,gn,ssp585,2027-09,2027,9,2.855151642408798,6.742467621996264,-3.887315979587466
MOHC,UKESM1-0-LL,r1i1p1f2,gn,ssp585,2027-10,2027,10,5.26396107126256,8.456494308873493,-3.1925332376109328
MOHC,UKESM1-0-LL,r1i1p1f2,gn,ssp585,2027-11,2027,11,8.229620583415718,10.63141795782804,-2.4017973744123218
MOHC,UKESM1-0-LL,r1i1p1f2,gn,ssp585,2027-12,2027,12,10.211288036942308,12.183681407006313,-1.9723933700640046
MOHC,UKESM1-0-LL,r1i1p1f2,gn,ssp585,2028-01,2028,1,11.32967626251222,12.841069732324511,-1.5113934698122922
MOHC,UKESM1-0-LL,r1i1p1f2,gn,ssp585,2028-02,2028,2,11.603355712334304,13.052575440590799,-1.4492197282564945
MOHC,UKESM1-0-LL,r1i1p1f2,gn,ssp585,2028-03,2028,3,11.863812382174743,13.084475311238052,-1.2206629290633089
MOHC,UKESM1-0-LL,r1i1p1f2,gn,ssp585,2028-04,2028,4,11.691230177962995,12.891298638721189,-1.2000684607581942
MOHC,UKESM1-0-LL,r1i1p1f2,gn,ssp585,2028-05,2028,5,10.635332772781911,12.12182555549293,-1.486492782711018
MOHC,UKESM1-0-LL,r1i1p1f2,gn,ssp585,2028-06,2028,6,8.691783105124438,10.56014229872586,-1.8683591936014228
MOHC,UKESM1-0-LL,r1i1p1f2,gn,ssp585,2028-07,2028,7,5.145665011848362,8.377659541961345,-3.231994530112983
MOHC,UKESM1-0-LL,r1i1p1f2,gn,ssp585,2028-08,2028,8,2.4418691186865704,6.494668399593875,-4.052799280907305
MOHC,UKESM1-0-LL,r1i1p1f2,gn,ssp585,2028-09,2028,9,2.161359767947827,6.742467621996264,-4.581107854048437
MOHC,UKESM1-0-LL,r1i1p1f2,gn,ssp585,2028-10,2028,10,4.7146058367110095,8.456494308873493,-3.7418884721624837
MOHC,UKESM1-0-LL,r1i1p1f2,gn,ssp585,2028-11,2028,11,8.03383294161075,10.63141795782804,-2.5975850162172893
MOHC,UKESM1-0-LL,r1i1p1f2,gn,ssp585,2028-12,2028,12,10.38862180734161,12.183681407006313,-1.7950595996647039
MOHC,UKESM1-0-LL,r1i1p1f2,gn,ssp585,2029-01,2029,1,11.417435293301757,12.841069732324511,-1.423634439022754
MOHC,UKESM1-0-LL,r1i1p1f2,gn,ssp585,2029-02,2029,2,11.645713613782883,13.052575440590799,-1.4068618268079156
MOHC,UKESM1-0-LL,r1i1p1f2,gn,ssp585,2029-03,2029,3,11.78360926133946,13.084475311238052,-1.3008660498985911
MOHC,UKESM1-0-LL,r1i1p1f2,gn,ssp585,2029-04,2029,4,11.638039959231667,12.891298638721189,-1.2532586794895213
MOHC,UKESM1-0-LL,r1i1p1f2,gn,ssp585,2029-05,2029,5,10.763972263538696,12.12182555549293,-1.3578532919542337
MOHC,UKESM1-0-LL,r1i1p1f2,gn,ssp585,2029-06,2029,6,8.671418199125565,10.56014229872586,-1.8887240996002959
MOHC,UKESM1-0-LL,r1i1p1f2,gn,ssp585,2029-07,2029,7,4.919619192259018,8.377659541961345,-3.458040349702327
MOHC,UKESM1-0-LL,r1i1p1f2,gn,ssp585,2029-08,2029,8,1.9526854383685581,6.494668399593875,-4.541982961225317
MOHC,UKESM1-0-LL,r1i1p1f2,gn,ssp585,2029-09,2029,9,1.5012991112985854,6.742467621996264,-5.241168510697678
MOHC,UKESM1-0-LL,r1i1p1f2,gn,ssp585,2029-10,2029,10,4.070508875649204,8.456494308873493,-4.385985433224289
MOHC,UKESM1-0-LL,r1i1p1f2,gn,ssp585,2029-11,2029,11,7.460128983728838,10.63141795782804,-3.171288974099202
MOHC,UKESM1-0-LL,r1i1p1f2,gn,ssp585,2029-12,2029,12,9.502204759832612,12.183681407006313,-2.6814766471737013
MOHC,UKESM1-0-LL,r1i1p1f2,gn,ssp585,2030-01,2030,1,10.742706647527621,12.841069732324511,-2.0983630847968904
MOHC,UKESM1-0-LL,r1i1p1f2,gn,ssp585,2030-02,2030,2,11.397085260767392,13.052575440590799,-1.6554901798234063
MOHC,UKESM1-0-LL,r1i1p1f2,gn,ssp585,2030-03,2030,3,11.541810662383192,13.084475311238052,-1.5426646488548599
MOHC,UKESM1-0-LL,r1i1p1f2,gn,ssp585,2030-04,2030,4,11.327073704473406,12.891298638721189,-1.5642249342477825
MOHC,UKESM1-0-LL,r1i1p1f2,gn,ssp585,2030-05,2030,5,10.150071399367969,12.12182555549293,-1.9717541561249607
MOHC,UKESM1-0-LL,r1i1p1f2,gn,ssp585,2030-06,2030,6,8.169551856380023,10.56014229872586,-2.3905904423458377
MOHC,UKESM1-0-LL,r1i1p1f2,gn,ssp585,2030-07,2030,7,4.322191187071095,8.377659541961345,-4.05546835489025
MOHC,UKESM1-0-LL,r1i1p1f2,gn,ssp585,2030-08,2030,8,1.4572065806508345,6.494668399593875,-5.037461818943041
MOHC,UKESM1-0-LL,r1i1p1f2,gn,ssp585,2030-09,2030,9,1.2249643311854066,6.742467621996264,-5.517503290810858
MOHC,UKESM1-0-LL,r1i1p1f2,gn,ssp585,2030-10,2030,10,3.330091632559208,8.456494308873493,-5.126402676314285
MOHC,UKESM1-0-LL,r1i1p1f2,gn,ssp585,2030-11,2030,11,7.1391995154390075,10.63141795782804,-3.4922184423890323
MOHC,UKESM1-0-LL,r1i1p1f2,gn,ssp585,2030-12,2030,12,9.48832418918087,12.183681407006313,-2.6953572178254426
MOHC,UKESM1-0-LL,r1i1p1f2,gn,ssp585,2031-01,2031,1,11.193032237209717,12.841069732324511,-1.648037495114794
MOHC,UKESM1-0-LL,r1i1p1f2,gn,ssp585,2031-02,2031,2,11.710203673214368,13.052575440590799,-1.3423717673764308
MOHC,UKESM1-0-LL,r1i1p1f2,gn,ssp585,2031-03,2031,3,11.873302117946862,13.084475311238052,-1.2111731932911898
MOHC,UKESM1-0-LL,r1i1p1f2,gn,ssp585,2031-04,2031,4,11.466459062911607,12.891298638721189,-1.4248395758095818
MOHC,UKESM1-0-LL,r1i1p1f2,gn,ssp585,2031-05,2031,5,10.508415700528781,12.12182555549293,-1.6134098549641482
MOHC,UKESM1-0-LL,r1i1p1f2,gn,ssp585,2031-06,2031,6,8.377505069978522,10.56014229872586,-2.182637228747339
MOHC,UKESM1-0-LL,r1i1p1f2,gn,ssp585,2031-07,2031,7,4.261328514392819,8.377659541961345,-4.116331027568526
MOHC,UKESM1-0-LL,r1i1p1f2,gn,ssp585,2031-08,2031,8,1.0939791474026292,6.494668399593875,-5.4006892521912455
MOHC,UKESM1-0-LL,r1i1p1f2,gn,ssp585,2031-09,2031,9,0.6709074526419524,6.742467621996264,-6.071560169354312
MOHC,UKESM1-0-LL,r1i1p1f2,gn,ssp585,2031-10,2031,10,2.7318084014226076,8.456494308873493,-5.724685907450885
MOHC,UKESM1-0-LL,r1i1p1f2,gn,ssp585,2031-11,2031,11,7.090118541144727,10.63141795782804,-3.541299416683313
MOHC,UKESM1-0-LL,r1i1p1f2,gn,ssp585,2031-12,2031,12,9.679154481652324,12.183681407006313,-2.5045269253539892
MOHC,UKESM1-0-LL,r1i1p1f2,gn,ssp585,2032-01,2032,1,11.03908019708417,12.841069732324511,-1.8019895352403417
MOHC,UKESM1-0-LL,r1i1p1f2,gn,ssp585,2032-02,2032,2,11.769912471565611,13.052575440590799,-1.2826629690251874
MOHC,UKESM1-0-LL,r1i1p1f2,gn,ssp585,2032-03,2032,3,11.800224105948237,13.084475311238052,-1.2842512052898147
MOHC,UKESM1-0-LL,r1i1p1f2,gn,ssp585,2032-04,2032,4,11.619830769169864,12.891298638721189,-1.2714678695513246
MOHC,UKESM1-0-LL,r1i1p1f2,gn,ssp585,2032-05,2032,5,10.606995559794566,12.12182555549293,-1.5148299956983635
MOHC,UKESM1-0-LL,r1i1p1f2,gn,ssp585,2032-06,2032,6,8.41940731918106,10.56014229872586,-2.140734979544801
MOHC,UKESM1-0-LL,r1i1p1f2,gn,ssp585,2032-07,2032,7,4.079857904032732,8.377659541961345,-4.297801637928613
MOHC,UKESM1-0-LL,r1i1p1f2,gn,ssp585,2032-08,2032,8,1.0576296480068264,6.494668399593875,-5.437038751587049
MOHC,UKESM1-0-LL,r1i1p1f2,gn,ssp585,2032-09,2032,9,0.7971741034389,6.742467621996264,-5.945293518557364
MOHC,UKESM1-0-LL,r1i1p1f2,gn,ssp585,2032-10,2032,10,2.2742385832483034,8.456494308873493,-6.18225572562519
MOHC,UKESM1-0-LL,r1i1p1f2,gn,ssp585,2032-11,2032,11,6.178486237834379,10.63141795782804,-4.452931719993661
MOHC,UKESM1-0-LL,r1i1p1f2,gn,ssp585,2032-12,2032,12,9.310320557299065,12.183681407006313,-2.8733608497072485
MOHC,UKESM1-0-LL,r1i1p1f2,gn,ssp585,2033-01,2033,1,11.232941326869232,12.841069732324511,-1.608128405455279
MOHC,UKESM1-0-LL,r1i1p1f2,gn,ssp585,2033-02,2033,2,11.918912952513207,13.052575440590799,-1.1336624880775918
MOHC,UKESM1-0-LL,r1i1p1f2,gn,ssp585,2033-03,2033,3,12.104281027229836,13.084475311238052,-0.9801942840082152
MOHC,UKESM1-0-LL,r1i1p1f2,gn,ssp585,2033-04,2033,4,11.8600169218613,12.891298638721189,-1.0312817168598887
MOHC,UKESM1-0-LL,r1i1p1f2,gn,ssp585,2033-05,2033,5,10.836691485363428,12.12182555549293,-1.2851340701295015
MOHC,UKESM1-0-LL,r1i1p1f2,gn,ssp585,2033-06,2033,6,8.936874247244871,10.56014229872586,-1.6232680514809896
MOHC,UKESM1-0-LL,r1i1p1f2,gn,ssp585,2033-07,2033,7,4.547270231639157,8.377659541961345,-3.8303893103221878
MOHC,UKESM1-0-LL,r1i1p1f2,gn,ssp585,2033-08,2033,8,0.9431014018787299,6.494668399593875,-5.551566997715145
MOHC,UKESM1-0-LL,r1i1p1f2,gn,ssp585,2033-09,2033,9,0.3997004239512268,6.742467621996264,-6.342767198045037
MOHC,UKESM1-0-LL,r1i1p1f2,gn,ssp585,2033-10,2033,10,1.9268279562929742,8.456494308873493,-6.529666352580519
MOHC,UKESM1-0-LL,r1i1p1f2,gn,ssp585,2033-11,2033,11,7.035342556621857,10.63141795782804,-3.596075401206183
MOHC,UKESM1-0-LL,r1i1p1f2,gn,ssp585,2033-12,2033,12,9.563550279927414,12.183681407006313,-2.620131127078899
MOHC,UKESM1-0-LL,r1i1p1f2,gn,ssp585,2034-01,2034,1,11.087885019375117,12.841069732324511,-1.7531847129493947
MOHC,UKESM1-0-LL,r1i1p1f2,gn,ssp585,2034-02,2034,2,11.77368078179275,13.052575440590799,-1.2788946587980483
MOHC,UKESM1-0-LL,r1i1p1f2,gn,ssp585,2034-03,2034,3,12.024455366193498,13.084475311238052,-1.0600199450445533
MOHC,UKESM1-0-LL,r1i1p1f2,gn,ssp585,2034-04,2034,4,11.7544219440448,12.891298638721189,-1.1368766946763884
MOHC,UKESM1-0-LL,r1i1p1f2,gn,ssp585,2034-05,2034,5,10.482969496790766,12.12182555549293,-1.6388560587021637
MOHC,UKESM1-0-LL,r1i1p1f2,gn,ssp585,2034-06,2034,6,8.36364288337676,10.56014229872586,-2.1964994153491
MOHC,UKESM1-0-LL,r1i1p1f2,gn,ssp585,2034-07,2034,7,3.8952350056028524,8.377659541961345,-4.482424536358492
MOHC,UKESM1-0-LL,r1i1p1f2,gn,ssp585,2034-08,2034,8,0.9908581697607518,6.494668399593875,-5.503810229833124
MOHC,UKESM1-0-LL,r1i1p1f2,gn,ssp585,2034-09,2034,9,0.30879981222738356,6.742467621996264,-6.43366780976888
MOHC,UKESM1-0-LL,r1i1p1f2,gn,ssp585,2034-10,2034,10,2.1921725508252776,8.456494308873493,-6.264321758048215
MOHC,UKESM1-0-LL,r1i1p1f2,gn,ssp585,2034-11,2034,11,6.454643019883677,10.63141795782804,-4.176774937944363
MOHC,UKESM1-0-LL,r1i1p1f2,gn,ssp585,2034-12,2034,12,9.396784863200343,12.183681407006313,-2.7868965438059696
MOHC,UKESM1-0-LL,r1i1p1f2,gn,ssp585,2035-01,2035,1,10.902685383371454,12.841069732324511,-1.9383843489530577
MOHC,UKESM1-0-LL,r1i1p1f2,gn,ssp585,2035-02,2035,2,11.70266503622009,13.052575440590799,-1.3499104043707089
MOHC,UKESM1-0-LL,r1i1p1f2,gn,ssp585,2035-03,2035,3,11.998502167309612,13.084475311238052,-1.08597314392844
MOHC,UKESM1-0-LL,r1i1p1f2,gn,ssp585,2035-04,2035,4,11.767287394864168,12.891298638721189,-1.1240112438570211
MOHC,UKESM1-0-LL,r1i1p1f2,gn,ssp585,2035-05,2035,5,10.726032652999496,12.12182555549293,-1.395792902493433
MOHC,UKESM1-0-LL,r1i1p1f2,gn,ssp585,2035-06,2035,6,8.641382362152944,10.56014229872586,-1.9187599365729167
MOHC,UKESM1-0-LL,r1i1p1f2,gn,ssp585,2035-07,2035,7,3.9338490953970906,8.377659541961345,-4.443810446564254
MOHC,UKESM1-0-LL,r1i1p1f2,gn,ssp585,2035-08,2035,8,0.7815802978384477,6.494668399593875,-5.713088101755427
MOHC,UKESM1-0-LL,r1i1p1f2,gn,ssp585,2035-09,2035,9,0.351211981242617,6.742467621996264,-6.391255640753647
MOHC,UKESM1-0-LL,r1i1p1f2,gn,ssp585,2035-10,2035,10,1.9040148678177558,8.456494308873493,-6.552479441055738
MOHC,UKESM1-0-LL,r1i1p1f2,gn,ssp585,2035-11,2035,11,6.004456240477639,10.63141795782804,-4.626961717350401
MOHC,UKESM1-0-LL,r1i1p1f2,gn,ssp585,2035-12,2035,12,9.270485273133218,12.183681407006313,-2.913196133873095
MOHC,UKESM1-0-LL,r1i1p1f2,gn,ssp585,2036-01,2036,1,11.036915473650598,12.841069732324511,-1.804154258673913
MOHC,UKESM1-0-LL,r1i1p1f2,gn,ssp585,2036-02,2036,2,11.73279496811215,13.052575440590799,-1.319780472478648
MOHC,UKESM1-0-LL,r1i1p1f2,gn,ssp585,2036-03,2036,3,11.868051558568515,13.084475311238052,-1.2164237526695363
MOHC,UKESM1-0-LL,r1i1p1f2,gn,ssp585,2036-04,2036,4,11.635827621822639,12.891298638721189,-1.2554710168985501
MOHC,UKESM1-0-LL,r1i1p1f2,gn,ssp585,2036-05,2036,5,10.51410432680994,12.12182555549293,-1.6077212286829887
MOHC,UKESM1-0-LL,r1i1p1f2,gn,ssp585,2036-06,2036,6,8.350191502547352,10.56014229872586,-2.209950796178509
MOHC,UKESM1-0-LL,r1i1p1f2,gn,ssp585,2036-07,2036,7,3.9949317601471934,8.377659541961345,-4.382727781814151
MOHC,UKESM1-0-LL,r1i1p1f2,gn,ssp585,2036-08,2036,8,1.2163984022482182,6.494668399593875,-5.278269997345657
MOHC,UKESM1-0-LL,r1i1p1f2,gn,ssp585,2036-09,2036,9,0.7247665186723599,6.742467621996264,-6.017701103323904
MOHC,UKESM1-0-LL,r1i1p1f2,gn,ssp585,2036-10,2036,10,2.129200521374258,8.456494308873493,-6.327293787499235
MOHC,UKESM1-0-LL,r1i1p1f2,gn,ssp585,2036-11,2036,11,6.006191247128577,10.63141795782804,-4.6252267106994625
MOHC,UKESM1-0-LL,r1i1p1f2,gn,ssp585,2036-12,2036,12,9.132660242622435,12.183681407006313,-3.0510211643838776
MOHC,UKESM1-0-LL,r1i1p1f2,gn,ssp585,2037-01,2037,1,10.963167142004629,12.841069732324511,-1.8779025903198825
MOHC,UKESM1-0-LL,r1i1p1f2,gn,ssp585,2037-02,2037,2,11.698399651191652,13.052575440590799,-1.3541757893991466
MOHC,UKESM1-0-LL,r1i1p1f2,gn,ssp585,2037-03,2037,3,11.87258322193302,13.084475311238052,-1.2118920893050316
MOHC,UKESM1-0-LL,r1i1p1f2,gn,ssp585,2037-04,2037,4,11.557525641304418,12.891298638721189,-1.3337729974167711
MOHC,UKESM1-0-LL,r1i1p1f2,gn,ssp585,2037-05,2037,5,10.40914560978396,12.12182555549293,-1.7126799457089685
MOHC,UKESM1-0-LL,r1i1p1f2,gn,ssp585,2037-06,2037,6,8.385012086689708,10.56014229872586,-2.1751302120361533
MOHC,UKESM1-0-LL,r1i1p1f2,gn,ssp585,2037-07,2037,7,3.555320795199059,8.377659541961345,-4.822338746762286
MOHC,UKESM1-0-LL,r1i1p1f2,gn,ssp585,2037-08,2037,8,0.6486332062596417,6.494668399593875,-5.846035193334234
MOHC,UKESM1-0-LL,r1i1p1f2,gn,ssp585,2037-09,2037,9,0.2285050997766339,6.742467621996264,-6.51396252221963
MOHC,UKESM1-0-LL,r1i1p1f2,gn,ssp585,2037-10,2037,10,1.6265054951058686,8.456494308873493,-6.829988813767624
MOHC,UKESM1-0-LL,r1i1p1f2,gn,ssp585,2037-11,2037,11,5.989793085226881,10.63141795782804,-4.641624872601159
MOHC,UKESM1-0-LL,r1i1p1f2,gn,ssp585,2037-12,2037,12,9.562037940455212,12.183681407006313,-2.6216434665511006
MOHC,UKESM1-0-LL,r1i1p1f2,gn,ssp585,2038-01,2038,1,11.184821801286498,12.841069732324511,-1.6562479310380134
MOHC,UKESM1-0-LL,r1i1p1f2,gn,ssp585,2038-02,2038,2,11.790283050424236,13.052575440590799,-1.2622923901665626
MOHC,UKESM1-0-LL,r1i1p1f2,gn,ssp585,2038-03,2038,3,11.955306391418405,13.084475311238052,-1.1291689198196462
MOHC,UKESM1-0-LL,r1i1p1f2,gn,ssp585,2038-04,2038,4,11.81423967397088,12.891298638721189,-1.077058964750309
MOHC,UKESM1-0-LL,r1i1p1f2,gn,ssp585,2038-05,2038,5,10.771290589542808,12.12182555549293,-1.3505349659501213
MOHC,UKESM1-0-LL,r1i1p1f2,gn,ssp585,2038-06,2038,6,8.72555270942412,10.56014229872586,-1.834589589301741
MOHC,UKESM1-0-LL,r1i1p1f2,gn,ssp585,2038-07,2038,7,4.133390996983268,8.377659541961345,-4.244268544978077
MOHC,UKESM1-0-LL,r1i1p1f2,gn,ssp585,2038-08,2038,8,0.7826656815672036,6.494668399593875,-5.712002718026672
MOHC,UKESM1-0-LL,r1i1p1f2,gn,ssp585,2038-09,2038,9,0.27356254188854445,6.742467621996264,-6.468905080107719
MOHC,UKESM1-0-LL,r1i1p1f2,gn,ssp585,2038-10,2038,10,1.53473425393132,8.456494308873493,-6.921760054942173
MOHC,UKESM1-0-LL,r1i1p1f2,gn,ssp585,2038-11,2038,11,5.899381050642416,10.63141795782804,-4.732036907185624
MOHC,UKESM1-0-LL,r1i1p1f2,gn,ssp585,2038-12,2038,12,9.069804070927066,12.183681407006313,-3.1138773360792467
MOHC,UKESM1-0-LL,r1i1p1f2,gn,ssp585,2039-01,2039,1,10.731354949792783,12.841069732324511,-2.1097147825317286
MOHC,UKESM1-0-LL,r1i1p1f2,gn,ssp585,2039-02,2039,2,11.641004400411308,13.052575440590799,-1.4115710401794903
MOHC,UKESM1-0-LL,r1i1p1f2,gn,ssp585,2039-03,2039,3,11.627108077050003,13.084475311238052,-1.4573672341880481
MOHC,UKESM1-0-LL,r1i1p1f2,gn,ssp585,2039-04,2039,4,11.132987702966474,12.891298638721189,-1.7583109357547144
MOHC,UKESM1-0-LL,r1i1p1f2,gn,ssp585,2039-05,2039,5,10.070894577750451,12.12182555549293,-2.0509309777424782
MOHC,UKESM1-0-LL,r1i1p1f2,gn,ssp585,2039-06,2039,6,7.935043953859775,10.56014229872586,-2.6250983448660863
MOHC,UKESM1-0-LL,r1i1p1f2,gn,ssp585,2039-07,2039,7,2.9568759379074585,8.377659541961345,-5.420783604053886
MOHC,UKESM1-0-LL,r1i1p1f2,gn,ssp585,2039-08,2039,8,0.45725895049696064,6.494668399593875,-6.037409449096915
MOHC,UKESM1-0-LL,r1i1p1f2,gn,ssp585,2039-09,2039,9,0.21886626829109576,6.742467621996264,-6.5236013537051685
MOHC,UKESM1-0-LL,r1i1p1f2,gn,ssp585,2039-10,2039,10,0.723287519018604,8.456494308873493,-7.733206789854889
MOHC,UKESM1-0-LL,r1i1p1f2,gn,ssp585,2039-11,2039,11,4.234703434007575,10.63141795782804,-6.396714523820465
MOHC,UKESM1-0-LL,r1i1p1f2,gn,ssp585,2039-12,2039,12,8.314668716552177,12.183681407006313,-3.869012690454136
MOHC,UKESM1-0-LL,r1i1p1f2,gn,ssp585,2040-01,2040,1,10.540325157447976,12.841069732324511,-2.3007445748765356
MOHC,UKESM1-0-LL,r1i1p1f2,gn,ssp585,2040-02,2040,2,11.392931139218215,13.052575440590799,-1.659644301372584
MOHC,UKESM1-0-LL,r1i1p1f2,gn,ssp585,2040-03,2040,3,11.72393092295689,13.084475311238052,-1.360544388281161
MOHC,UKESM1-0-LL,r1i1p1f2,gn,ssp585,2040-04,2040,4,11.525193952163555,12.891298638721189,-1.3661046865576338
MOHC,UKESM1-0-LL,r1i1p1f2,gn,ssp585,2040-05,2040,5,10.202051204460782,12.12182555549293,-1.9197743510321477
MOHC,UKESM1-0-LL,r1i1p1f2,gn,ssp585,2040-06,2040,6,8.170957024809505,10.56014229872586,-2.3891852739163557
MOHC,UKESM1-0-LL,r1i1p1f2,gn,ssp585,2040-07,2040,7,3.6850720011133467,8.377659541961345,-4.692587540847998
MOHC,UKESM1-0-LL,r1i1p1f2,gn,ssp585,2040-08,2040,8,0.6254065799347603,6.494668399593875,-5.869261819659115
MOHC,UKESM1-0-LL,r1i1p1f2,gn,ssp585,2040-09,2040,9,0.2580830283652334,6.742467621996264,-6.48438459363103
MOHC,UKESM1-0-LL,r1i1p1f2,gn,ssp585,2040-10,2040,10,1.8181929830580414,8.456494308873493,-6.638301325815451
MOHC,UKESM1-0-LL,r1i1p1f2,gn,ssp585,2040-11,2040,11,6.182029243436281,10.63141795782804,-4.449388714391759
MOHC,UKESM1-0-LL,r1i1p1f2,gn,ssp585,2040-12,2040,12,9.192713187963875,12.183681407006313,-2.990968219042438
MOHC,UKESM1-0-LL,r1i1p1f2,gn,ssp585,2041-01,2041,1,10.665160841674297,12.841069732324511,-2.1759088906502146
MOHC,UKESM1-0-LL,r1i1p1f2,gn,ssp585,2041-02,2041,2,11.50236077468118,13.052575440590799,-1.5502146659096194
MOHC,UKESM1-0-LL,r1i1p1f2,gn,ssp585,2041-03,2041,3,11.768430852531262,13.084475311238052,-1.3160444587067897
MOHC,UKESM1-0-LL,r1i1p1f2,gn,ssp585,2041-04,2041,4,11.525642010566147,12.891298638721189,-1.3656566281550422
MOHC,UKESM1-0-LL,r1i1p1f2,gn,ssp585,2041-05,2041,5,10.348296694335,12.12182555549293,-1.7735288611579296
MOHC,UKESM1-0-LL,r1i1p1f2,gn,ssp585,2041-06,2041,6,8.176701369550738,10.56014229872586,-2.383440929175123
MOHC,UKESM1-0-LL,r1i1p1f2,gn,ssp585,2041-07,2041,7,2.9321393734284076,8.377659541961345,-5.445520168532937
MOHC,UKESM1-0-LL,r1i1p1f2,gn,ssp585,2041-08,2041,8,0.437470229836774,6.494668399593875,-6.057198169757101
MOHC,UKESM1-0-LL,r1i1p1f2,gn,ssp585,2041-09,2041,9,0.09682340165869557,6.742467621996264,-6.6456442203375685
MOHC,UKESM1-0-LL,r1i1p1f2,gn,ssp585,2041-10,2041,10,0.9096339312768476,8.456494308873493,-7.546860377596646
MOHC,UKESM1-0-LL,r1i1p1f2,gn,ssp585,2041-11,2041,11,4.866200178648305,10.63141795782804,-5.765217779179735
MOHC,UKESM1-0-LL,r1i1p1f2,gn,ssp585,2041-12,2041,12,8.375437768886494,12.183681407006313,-3.8082436381198193
MOHC,UKESM1-0-LL,r1i1p1f2,gn,ssp585,2042-01,2042,1,10.342994454676434,12.841069732324511,-2.498075277648077
MOHC,UKESM1-0-LL,r1i1p1f2,gn,ssp585,2042-02,2042,2,11.372479518041176,13.052575440590799,-1.6800959225496221
MOHC,UKESM1-0-LL,r1i1p1f2,gn,ssp585,2042-03,2042,3,11.570823402832746,13.084475311238052,-1.513651908405306
MOHC,UKESM1-0-LL,r1i1p1f2,gn,ssp585,2042-04,2042,4,11.270783578670992,12.891298638721189,-1.620515060050197
MOHC,UKESM1-0-LL,r1i1p1f2,gn,ssp585,2042-05,2042,5,9.965274132809952,12.12182555549293,-2.156551422682977
MOHC,UKESM1-0-LL,r1i1p1f2,gn,ssp585,2042-06,2042,6,7.8137014479427345,10.56014229872586,-2.7464408507831264
MOHC,UKESM1-0-LL,r1i1p1f2,gn,ssp585,2042-07,2042,7,3.644318804280394,8.377659541961345,-4.733340737680951
MOHC,UKESM1-0-LL,r1i1p1f2,gn,ssp585,2042-08,2042,8,0.5638796219470003,6.494668399593875,-5.930788777646875
MOHC,UKESM1-0-LL,r1i1p1f2,gn,ssp585,2042-09,2042,9,0.17228166263899103,6.742467621996264,-6.570185959357273
MOHC,UKESM1-0-LL,r1i1p1f2,gn,ssp585,2042-10,2042,10,0.8935421800228146,8.456494308873493,-7.562952128850679
MOHC,UKESM1-0-LL,r1i1p1f2,gn,ssp585,2042-11,2042,11,5.1278215952083,10.63141795782804,-5.5035963626197395
MOHC,UKESM1-0-LL,r1i1p1f2,gn,ssp585,2042-12,2042,12,8.509788822533027,12.183681407006313,-3.673892584473286
MOHC,UKESM1-0-LL,r1i1p1f2,gn,ssp585,2043-01,2043,1,10.288306077179197,12.841069732324511,-2.5527636551453146
MOHC,UKESM1-0-LL,r1i1p1f2,gn,ssp585,2043-02,2043,2,11.165934059527252,13.052575440590799,-1.886641381063546
MOHC,UKESM1-0-LL,r1i1p1f2,gn,ssp585,2043-03,2043,3,11.15529664072411,13.084475311238052,-1.9291786705139415
MOHC,UKESM1-0-LL,r1i1p1f2,gn,ssp585,2043-04,2043,4,10.727200333323106,12.891298638721189,-2.164098305398083
MOHC,UKESM1-0-LL,r1i1p1f2,gn,ssp585,2043-05,2043,5,9.867650226671575,12.12182555549293,-2.254175328821354
MOHC,UKESM1-0-LL,r1i1p1f2,gn,ssp585,2043-06,2043,6,7.639176364205266,10.56014229872586,-2.920965934520595
MOHC,UKESM1-0-LL,r1i1p1f2,gn,ssp585,2043-07,2043,7,2.659933342778896,8.377659541961345,-5.717726199182449
MOHC,UKESM1-0-LL,r1i1p1f2,gn,ssp585,2043-08,2043,8,0.34349555633167905,6.494668399593875,-6.151172843262196
MOHC,UKESM1-0-LL,r1i1p1f2,gn,ssp585,2043-09,2043,9,0.09800372522940179,6.742467621996264,-6.644463896766862
MOHC,UKESM1-0-LL,r1i1p1f2,gn,ssp585,2043-10,2043,10,0.5189095754055023,8.456494308873493,-7.9375847334679905
MOHC,UKESM1-0-LL,r1i1p1f2,gn,ssp585,2043-11,2043,11,4.1744199828014725,10.63141795782804,-6.456997975026567
MOHC,UKESM1-0-LL,r1i1p1f2,gn,ssp585,2043-12,2043,12,8.21206481200986,12.183681407006313,-3.971616594996453
MOHC,UKESM1-0-LL,r1i1p1f2,gn,ssp585,2044-01,2044,1,10.119120136998642,12.841069732324511,-2.721949595325869
MOHC,UKESM1-0-LL,r1i1p1f2,gn,ssp585,2044-02,2044,2,10.951740695807393,13.052575440590799,-2.1008347447834055
MOHC,UKESM1-0-LL,r1i1p1f2,gn,ssp585,2044-03,2044,3,11.18399285677752,13.084475311238052,-1.9004824544605317
MOHC,UKESM1-0-LL,r1i1p1f2,gn,ssp585,2044-04,2044,4,10.87640977118113,12.891298638721189,-2.0148888675400585
MOHC,UKESM1-0-LL,r1i1p1f2,gn,ssp585,2044-05,2044,5,9.602833242967062,12.12182555549293,-2.5189923125258673
MOHC,UKESM1-0-LL,r1i1p1f2,gn,ssp585,2044-06,2044,6,7.043180393498194,10.56014229872586,-3.5169619052276673
MOHC,UKESM1-0-LL,r1i1p1f2,gn,ssp585,2044-07,2044,7,1.747092876814081,8.377659541961345,-6.6305666651472634
MOHC,UKESM1-0-LL,r1i1p1f2,gn,ssp585,2044-08,2044,8,0.16926857422997685,6.494668399593875,-6.325399825363898
MOHC,UKESM1-0-LL,r1i1p1f2,gn,ssp585,2044-09,2044,9,0.039619676945405996,6.742467621996264,-6.702847945050858
MOHC,UKESM1-0-LL,r1i1p1f2,gn,ssp585,2044-10,2044,10,0.272323948728807,8.456494308873493,-8.184170360144686
MOHC,UKESM1-0-LL,r1i1p1f2,gn,ssp585,2044-11,2044,11,2.2830208935835903,10.63141795782804,-8.34839706424445
MOHC,UKESM1-0-LL,r1i1p1f2,gn,ssp585,2044-12,2044,12,7.339021345003063,12.183681407006313,-4.84466006200325
MOHC,UKESM1-0-LL,r1i1p1f2,gn,ssp585,2045-01,2045,1,9.804947883645902,12.841069732324511,-3.0361218486786097
MOHC,UKESM1-0-LL,r1i1p1f2,gn,ssp585,2045-02,2045,2,10.887696914901646,13.052575440590799,-2.1648785256891525
MOHC,UKESM1-0-LL,r1i1p1f2,gn,ssp585,2045-03,2045,3,11.17079809463309,13.084475311238052,-1.9136772166049614
MOHC,UKESM1-0-LL,r1i1p1f2,gn,ssp585,2045-04,2045,4,11.01800739174533,12.891298638721189,-1.8732912469758585
MOHC,UKESM1-0-LL,r1i1p1f2,gn,ssp585,2045-05,2045,5,9.833168342002718,12.12182555549293,-2.288657213490211
MOHC,UKESM1-0-LL,r1i1p1f2,gn,ssp585,2045-06,2045,6,7.540985869479638,10.56014229872586,-3.019156429246223
MOHC,UKESM1-0-LL,r1i1p1f2,gn,ssp585,2045-07,2045,7,2.512131581626661,8.377659541961345,-5.865527960334683
MOHC,UKESM1-0-LL,r1i1p1f2,gn,ssp585,2045-08,2045,8,0.3024469085056943,6.494668399593875,-6.192221491088181
MOHC,UKESM1-0-LL,r1i1p1f2,gn,ssp585,2045-09,2045,9,0.09816486422386123,6.742467621996264,-6.644302757772403
MOHC,UKESM1-0-LL,r1i1p1f2,gn,ssp585,2045-10,2045,10,0.30515032494966554,8.456494308873493,-8.151343983923828
MOHC,UKESM1-0-LL,r1i1p1f2,gn,ssp585,2045-11,2045,11,2.8690452678558027,10.63141795782804,-7.762372689972237
MOHC,UKESM1-0-LL,r1i1p1f2,gn,ssp585,2045-12,2045,12,7.722904913335139,12.183681407006313,-4.460776493671174
MOHC,UKESM1-0-LL,r1i1p1f2,gn,ssp585,2046-01,2046,1,9.776995944136711,12.841069732324511,-3.0640737881878
MOHC,UKESM1-0-LL,r1i1p1f2,gn,ssp585,2046-02,2046,2,10.567271285518784,13.052575440590799,-2.485304155072015
MOHC,UKESM1-0-LL,r1i1p1f2,gn,ssp585,2046-03,2046,3,10.742936086315963,13.084475311238052,-2.341539224922089
MOHC,UKESM1-0-LL,r1i1p1f2,gn,ssp585,2046-04,2046,4,10.622552633151164,12.891298638721189,-2.2687460055700246
MOHC,UKESM1-0-LL,r1i1p1f2,gn,ssp585,2046-05,2046,5,9.628647869604972,12.12182555549293,-2.4931776858879573
MOHC,UKESM1-0-LL,r1i1p1f2,gn,ssp585,2046-06,2046,6,7.239471368768518,10.56014229872586,-3.320670929957343
MOHC,UKESM1-0-LL,r1i1p1f2,gn,ssp585,2046-07,2046,7,2.1726640681076814,8.377659541961345,-6.204995473853663
MOHC,UKESM1-0-LL,r1i1p1f2,gn,ssp585,2046-08,2046,8,0.2137826034890429,6.494668399593875,-6.280885796104832
MOHC,UKESM1-0-LL,r1i1p1f2,gn,ssp585,2046-09,2046,9,0.055023528199954604,6.742467621996264,-6.6874440937963096
MOHC,UKESM1-0-LL,r1i1p1f2,gn,ssp585,2046-10,2046,10,0.24119752439605457,8.456494308873493,-8.215296784477438
MOHC,UKESM1-0-LL,r1i1p1f2,gn,ssp585,2046-11,2046,11,2.859555652878158,10.63141795782804,-7.771862304949882
MOHC,UKESM1-0-LL,r1i1p1f2,gn,ssp585,2046-12,2046,12,7.828593727009329,12.183681407006313,-4.355087679996984
MOHC,UKESM1-0-LL,r1i1p1f2,gn,ssp585,2047-01,2047,1,9.838434491477557,12.841069732324511,-3.0026352408469545
MOHC,UKESM1-0-LL,r1i1p1f2,gn,ssp585,2047-02,2047,2,10.652235169051075,13.052575440590799,-2.400340271539724
MOHC,UKESM1-0-LL,r1i1p1f2,gn,ssp585,2047-03,2047,3,10.82147390663307,13.084475311238052,-2.2630014046049816
MOHC,UKESM1-0-LL,r1i1p1f2,gn,ssp585,2047-04,2047,4,10.440421621814695,12.891298638721189,-2.450877016906494
MOHC,UKESM1-0-LL,r1i1p1f2,gn,ssp585,2047-05,2047,5,9.33024425497731,12.12182555549293,-2.7915813005156185
MOHC,UKESM1-0-LL,r1i1p1f2,gn,ssp585,2047-06,2047,6,7.114178970059765,10.56014229872586,-3.445963328666096
MOHC,UKESM1-0-LL,r1i1p1f2,gn,ssp585,2047-07,2047,7,2.0145111519533567,8.377659541961345,-6.3631483900079875
MOHC,UKESM1-0-LL,r1i1p1f2,gn,ssp585,2047-08,2047,8,0.18435377076998993,6.494668399593875,-6.310314628823885
MOHC,UKESM1-0-LL,r1i1p1f2,gn,ssp585,2047-09,2047,9,0.03948748967573335,6.742467621996264,-6.702980132320531
MOHC,UKESM1-0-LL,r1i1p1f2,gn,ssp585,2047-10,2047,10,0.18427487016339167,8.456494308873493,-8.272219438710101
MOHC,UKESM1-0-LL,r1i1p1f2,gn,ssp585,2047-11,2047,11,2.1002745476892413,10.63141795782804,-8.5311434101388
MOHC,UKESM1-0-LL,r1i1p1f2,gn,ssp585,2047-12,2047,12,7.330437780018838,12.183681407006313,-4.853243626987475
MOHC,UKESM1-0-LL,r1i1p1f2,gn,ssp585,2048-01,2048,1,9.358993313798903,12.841069732324511,-3.482076418525608
MOHC,UKESM1-0-LL,r1i1p1f2,gn,ssp585,2048-02,2048,2,10.549331879028477,13.052575440590799,-2.5032435615623214
MOHC,UKESM1-0-LL,r1i1p1f2,gn,ssp585,2048-03,2048,3,10.78465466272704,13.084475311238052,-2.2998206485110124
MOHC,UKESM1-0-LL,r1i1p1f2,gn,ssp585,2048-04,2048,4,10.623583820772554,12.891298638721189,-2.267714817948635
MOHC,UKESM1-0-LL,r1i1p1f2,gn,ssp585,2048-05,2048,5,9.422236948326383,12.12182555549293,-2.6995886071665467
MOHC,UKESM1-0-LL,r1i1p1f2,gn,ssp585,2048-06,2048,6,6.974415481534576,10.56014229872586,-3.5857268171912846
MOHC,UKESM1-0-LL,r1i1p1f2,gn,ssp585,2048-07,2048,7,1.4807240900276806,8.377659541961345,-6.896935451933664
MOHC,UKESM1-0-LL,r1i1p1f2,gn,ssp585,2048-08,2048,8,0.09516076964605395,6.494668399593875,-6.399507629947821
MOHC,UKESM1-0-LL,r1i1p1f2,gn,ssp585,2048-09,2048,9,0.016909013778464547,6.742467621996264,-6.725558608217799
MOHC,UKESM1-0-LL,r1i1p1f2,gn,ssp585,2048-10,2048,10,0.14048510814487164,8.456494308873493,-8.316009200728622
MOHC,UKESM1-0-LL,r1i1p1f2,gn,ssp585,2048-11,2048,11,2.105906565486669,10.63141795782804,-8.525511392341372
MOHC,UKESM1-0-LL,r1i1p1f2,gn,ssp585,2048-12,2048,12,7.413771620424511,12.183681407006313,-4.769909786581802
MOHC,UKESM1-0-LL,r1i1p1f2,gn,ssp585,2049-01,2049,1,9.778086975256619,12.841069732324511,-3.0629827570678927
MOHC,UKESM1-0-LL,r1i1p1f2,gn,ssp585,2049-02,2049,2,10.747095494505592,13.052575440590799,-2.3054799460852067
MOHC,UKESM1-0-LL,r1i1p1f2,gn,ssp585,2049-03,2049,3,10.933106393613462,13.084475311238052,-2.1513689176245894
MOHC,UKESM1-0-LL,r1i1p1f2,gn,ssp585,2049-04,2049,4,10.608523800911035,12.891298638721189,-2.2827748378101536
MOHC,UKESM1-0-LL,r1i1p1f2,gn,ssp585,2049-05,2049,5,9.408439829405935,12.12182555549293,-2.713385726086994
MOHC,UKESM1-0-LL,r1i1p1f2,gn,ssp585,2049-06,2049,6,7.223927477925201,10.56014229872586,-3.3362148208006595
MOHC,UKESM1-0-LL,r1i1p1f2,gn,ssp585,2049-07,2049,7,2.4722127785378114,8.377659541961345,-5.905446763423534
MOHC,UKESM1-0-LL,r1i1p1f2,gn,ssp585,2049-08,2049,8,0.2577717451811163,6.494668399593875,-6.236896654412759
MOHC,UKESM1-0-LL,r1i1p1f2,gn,ssp585,2049-09,2049,9,0.09863883565269062,6.742467621996264,-6.643828786343573
MOHC,UKESM1-0-LL,r1i1p1f2,gn,ssp585,2049-10,2049,10,0.5599511210479478,8.456494308873493,-7.896543187825546
MOHC,UKESM1-0-LL,r1i1p1f2,gn,ssp585,2049-11,2049,11,3.4082477852060773,10.63141795782804,-7.223170172621963
MOHC,UKESM1-0-LL,r1i1p1f2,gn,ssp585,2049-12,2049,12,7.474163407739865,12.183681407006313,-4.709517999266448
MOHC,UKESM1-0-LL,r1i1p1f2,gn,ssp585,2050-01,2050,1,9.574016780301468,12.841069732324511,-3.267052952023043
MOHC,UKESM1-0-LL,r1i1p1f2,gn,ssp585,2050-02,2050,2,10.575872842280468,13.052575440590799,-2.4767025983103306
MOHC,UKESM1-0-LL,r1i1p1f2,gn,ssp585,2050-03,2050,3,10.798823699123364,13.084475311238052,-2.2856516121146875
MOHC,UKESM1-0-LL,r1i1p1f2,gn,ssp585,2050-04,2050,4,10.577489693827008,12.891298638721189,-2.3138089448941805
MOHC,UKESM1-0-LL,r1i1p1f2,gn,ssp585,2050-05,2050,5,9.273470683332748,12.12182555549293,-2.848354872160181
MOHC,UKESM1-0-LL,r1i1p1f2,gn,ssp585,2050-06,2050,6,6.734455594593874,10.56014229872586,-3.8256867041319866
MOHC,UKESM1-0-LL,r1i1p1f2,gn,ssp585,2050-07,2050,7,1.4539867439494538,8.377659541961345,-6.923672798011891
MOHC,UKESM1-0-LL,r1i1p1f2,gn,ssp585,2050-08,2050,8,0.13762452118089094,6.494668399593875,-6.357043878412984
MOHC,UKESM1-0-LL,r1i1p1f2,gn,ssp585,2050-09,2050,9,0.04197231735563586,6.742467621996264,-6.700495304640628
MOHC,UKESM1-0-LL,r1i1p1f2,gn,ssp585,2050-10,2050,10,0.25627211139162076,8.456494308873493,-8.200222197481873
MOHC,UKESM1-0-LL,r1i1p1f2,gn,ssp585,2050-11,2050,11,2.104492857192238,10.63141795782804,-8.526925100635802
MOHC,UKESM1-0-LL,r1i1p1f2,gn,ssp585,2050-12,2050,12,6.459889913704502,12.183681407006313,-5.723791493301811
MOHC,UKESM1-0-LL,r1i1p1f2,gn,ssp585,2051-01,2051,1,9.090320719756722,12.841069732324511,-3.7507490125677894
MOHC,UKESM1-0-LL,r1i1p1f2,gn,ssp585,2051-02,2051,2,10.27614076782612,13.052575440590799,-2.776434672764678
MOHC,UKESM1-0-LL,r1i1p1f2,gn,ssp585,2051-03,2051,3,10.340828535025802,13.084475311238052,-2.74364677621225
MOHC,UKESM1-0-LL,r1i1p1f2,gn,ssp585,2051-04,2051,4,10.131057814392465,12.891298638721189,-2.760240824328724
MOHC,UKESM1-0-LL,r1i1p1f2,gn,ssp585,2051-05,2051,5,8.895238498663886,12.12182555549293,-3.226587056829043
MOHC,UKESM1-0-LL,r1i1p1f2,gn,ssp585,2051-06,2051,6,6.629795151631235,10.56014229872586,-3.9303471470946256
MOHC,UKESM1-0-LL,r1i1p1f2,gn,ssp585,2051-07,2051,7,1.3538626011071142,8.377659541961345,-7.023796940854231
MOHC,UKESM1-0-LL,r1i1p1f2,gn,ssp585,2051-08,2051,8,0.11779592911333822,6.494668399593875,-6.376872470480537
MOHC,UKESM1-0-LL,r1i1p1f2,gn,ssp585,2051-09,2051,9,0.029825422364864417,6.742467621996264,-6.712642199631399
MOHC,UKESM1-0-LL,r1i1p1f2,gn,ssp585,2051-10,2051,10,0.1726092144969236,8.456494308873493,-8.28388509437657
MOHC,UKESM1-0-LL,r1i1p1f2,gn,ssp585,2051-11,2051,11,1.4606915563830127,10.63141795782804,-9.170726401445027
MOHC,UKESM1-0-LL,r1i1p1f2,gn,ssp585,2051-12,2051,12,6.015368708822801,12.183681407006313,-6.168312698183512
MOHC,UKESM1-0-LL,r1i1p1f2,gn,ssp585,2052-01,2052,1,8.742282602964815,12.841069732324511,-4.098787129359696
MOHC,UKESM1-0-LL,r1i1p1f2,gn,ssp585,2052-02,2052,2,10.113043595976864,13.052575440590799,-2.939531844613935
MOHC,UKESM1-0-LL,r1i1p1f2,gn,ssp585,2052-03,2052,3,10.520999407571447,13.084475311238052,-2.563475903666605
MOHC,UKESM1-0-LL,r1i1p1f2,gn,ssp585,2052-04,2052,4,10.105001703832626,12.891298638721189,-2.786296934888563
MOHC,UKESM1-0-LL,r1i1p1f2,gn,ssp585,2052-05,2052,5,8.802113989324207,12.12182555549293,-3.3197115661687224
MOHC,UKESM1-0-LL,r1i1p1f2,gn,ssp585,2052-06,2052,6,6.540271386420947,10.56014229872586,-4.0198709123049134
MOHC,UKESM1-0-LL,r1i1p1f2,gn,ssp585,2052-07,2052,7,1.9527591894499439,8.377659541961345,-6.424900352511401
MOHC,UKESM1-0-LL,r1i1p1f2,gn,ssp585,2052-08,2052,8,0.14901574845716617,6.494668399593875,-6.345652651136709
MOHC,UKESM1-0-LL,r1i1p1f2,gn,ssp585,2052-09,2052,9,0.02171396603582932,6.742467621996264,-6.720753655960435
MOHC,UKESM1-0-LL,r1i1p1f2,gn,ssp585,2052-10,2052,10,0.054934407126304326,8.456494308873493,-8.40155990174719
MOHC,UKESM1-0-LL,r1i1p1f2,gn,ssp585,2052-11,2052,11,1.7928511352247012,10.63141795782804,-8.838566822603338
MOHC,UKESM1-0-LL,r1i1p1f2,gn,ssp585,2052-12,2052,12,6.374155537829209,12.183681407006313,-5.809525869177104
MOHC,UKESM1-0-LL,r1i1p1f2,gn,ssp585,2053-01,2053,1,8.909568555731417,12.841069732324511,-3.9315011765930947
MOHC,UKESM1-0-LL,r1i1p1f2,gn,ssp585,2053-02,2053,2,9.993617491513918,13.052575440590799,-3.0589579490768806
MOHC,UKESM1-0-LL,r1i1p1f2,gn,ssp585,2053-03,2053,3,10.278533435414635,13.084475311238052,-2.8059418758234163
MOHC,UKESM1-0-LL,r1i1p1f2,gn,ssp585,2053-04,2053,4,10.012078819501916,12.891298638721189,-2.879219819219273
MOHC,UKESM1-0-LL,r1i1p1f2,gn,ssp585,2053-05,2053,5,8.743682892768351,12.12182555549293,-3.378142662724578
MOHC,UKESM1-0-LL,r1i1p1f2,gn,ssp585,2053-06,2053,6,6.057850891342426,10.56014229872586,-4.502291407383435
MOHC,UKESM1-0-LL,r1i1p1f2,gn,ssp585,2053-07,2053,7,1.2637904077918813,8.377659541961345,-7.113869134169463
MOHC,UKESM1-0-LL,r1i1p1f2,gn,ssp585,2053-08,2053,8,0.07714423468814946,6.494668399593875,-6.417524164905726
MOHC,UKESM1-0-LL,r1i1p1f2,gn,ssp585,2053-09,2053,9,0.016965757141086845,6.742467621996264,-6.725501864855177
MOHC,UKESM1-0-LL,r1i1p1f2,gn,ssp585,2053-10,2053,10,0.14216260701487066,8.456494308873493,-8.314331701858622
MOHC,UKESM1-0-LL,r1i1p1f2,gn,ssp585,2053-11,2053,11,1.103493442201045,10.63141795782804,-9.527924515626996
MOHC,UKESM1-0-LL,r1i1p1f2,gn,ssp585,2053-12,2053,12,5.815937751467771,12.183681407006313,-6.3677436555385425
MOHC,UKESM1-0-LL,r1i1p1f2,gn,ssp585,2054-01,2054,1,8.751645777282887,12.841069732324511,-4.0894239550416245
MOHC,UKESM1-0-LL,r1i1p1f2,gn,ssp585,2054-02,2054,2,10.174455378195105,13.052575440590799,-2.878120062395693
MOHC,UKESM1-0-LL,r1i1p1f2,gn,ssp585,2054-03,2054,3,10.428601958418886,13.084475311238052,-2.6558733528191656
MOHC,UKESM1-0-LL,r1i1p1f2,gn,ssp585,2054-04,2054,4,9.961416457088617,12.891298638721189,-2.9298821816325713
MOHC,UKESM1-0-LL,r1i1p1f2,gn,ssp585,2054-05,2054,5,8.837452965088628,12.12182555549293,-3.284372590404301
MOHC,UKESM1-0-LL,r1i1p1f2,gn,ssp585,2054-06,2054,6,6.385371272388105,10.56014229872586,-4.174771026337756
MOHC,UKESM1-0-LL,r1i1p1f2,gn,ssp585,2054-07,2054,7,1.7875563719852408,8.377659541961345,-6.5901031699761035
MOHC,UKESM1-0-LL,r1i1p1f2,gn,ssp585,2054-08,2054,8,0.1196200665128066,6.494668399593875,-6.375048333081069
MOHC,UKESM1-0-LL,r1i1p1f2,gn,ssp585,2054-09,2054,9,0.021413959950133843,6.742467621996264,-6.72105366204613
MOHC,UKESM1-0-LL,r1i1p1f2,gn,ssp585,2054-10,2054,10,0.0805642586875708,8.456494308873493,-8.375930050185922
MOHC,UKESM1-0-LL,r1i1p1f2,gn,ssp585,2054-11,2054,11,1.3345025199080918,10.63141795782804,-9.296915437919948
MOHC,UKESM1-0-LL,r1i1p1f2,gn,ssp585,2054-12,2054,12,6.238446500569824,12.183681407006313,-5.945234906436489
MOHC,UKESM1-0-LL,r1i1p1f2,gn,ssp585,2055-01,2055,1,8.82149892088806,12.841069732324511,-4.019570811436452
MOHC,UKESM1-0-LL,r1i1p1f2,gn,ssp585,2055-02,2055,2,9.958113539454729,13.052575440590799,-3.0944619011360697
MOHC,UKESM1-0-LL,r1i1p1f2,gn,ssp585,2055-03,2055,3,10.187321406882946,13.084475311238052,-2.897153904355106
MOHC,UKESM1-0-LL,r1i1p1f2,gn,ssp585,2055-04,2055,4,9.574378485498162,12.891298638721189,-3.316920153223027
MOHC,UKESM1-0-LL,r1i1p1f2,gn,ssp585,2055-05,2055,5,8.517211765680958,12.12182555549293,-3.604613789811971
MOHC,UKESM1-0-LL,r1i1p1f2,gn,ssp585,2055-06,2055,6,5.920899725612053,10.56014229872586,-4.639242573113808
MOHC,UKESM1-0-LL,r1i1p1f2,gn,ssp585,2055-07,2055,7,1.174309367833306,8.377659541961345,-7.203350174128039
MOHC,UKESM1-0-LL,r1i1p1f2,gn,ssp585,2055-08,2055,8,0.06698192351180154,6.494668399593875,-6.427686476082074
MOHC,UKESM1-0-LL,r1i1p1f2,gn,ssp585,2055-09,2055,9,0.009075987970854847,6.742467621996264,-6.733391634025409
MOHC,UKESM1-0-LL,r1i1p1f2,gn,ssp585,2055-10,2055,10,0.0971105745544751,8.456494308873493,-8.359383734319017
MOHC,UKESM1-0-LL,r1i1p1f2,gn,ssp585,2055-11,2055,11,1.4863124032195913,10.63141795782804,-9.145105554608449
MOHC,UKESM1-0-LL,r1i1p1f2,gn,ssp585,2055-12,2055,12,5.370956951456598,12.183681407006313,-6.8127244555497155
MOHC,UKESM1-0-LL,r1i1p1f2,gn,ssp585,2056-01,2056,1,8.370676768770714,12.841069732324511,-4.470392963553797
MOHC,UKESM1-0-LL,r1i1p1f2,gn,ssp585,2056-02,2056,2,9.5717831250998,13.052575440590799,-3.480792315490998
MOHC,UKESM1-0-LL,r1i1p1f2,gn,ssp585,2056-03,2056,3,9.975142029068637,13.084475311238052,-3.1093332821694144
MOHC,UKESM1-0-LL,r1i1p1f2,gn,ssp585,2056-04,2056,4,9.769264979906865,12.891298638721189,-3.122033658814324
MOHC,UKESM1-0-LL,r1i1p1f2,gn,ssp585,2056-05,2056,5,8.44475197170536,12.12182555549293,-3.6770735837875694
MOHC,UKESM1-0-LL,r1i1p1f2,gn,ssp585,2056-06,2056,6,5.201551995633229,10.56014229872586,-5.358590303092632
MOHC,UKESM1-0-LL,r1i1p1f2,gn,ssp585,2056-07,2056,7,0.7235747475697298,8.377659541961345,-7.654084794391615
MOHC,UKESM1-0-LL,r1i1p1f2,gn,ssp585,2056-08,2056,8,0.06017642044597166,6.494668399593875,-6.434491979147904
MOHC,UKESM1-0-LL,r1i1p1f2,gn,ssp585,2056-09,2056,9,0.009265748806758104,6.742467621996264,-6.733201873189506
MOHC,UKESM1-0-LL,r1i1p1f2,gn,ssp585,2056-10,2056,10,0.12658825033636187,8.456494308873493,-8.329906058537132
MOHC,UKESM1-0-LL,r1i1p1f2,gn,ssp585,2056-11,2056,11,0.7769830676933039,10.63141795782804,-9.854434890134735
MOHC,UKESM1-0-LL,r1i1p1f2,gn,ssp585,2056-12,2056,12,3.959959652362197,12.183681407006313,-8.223721754644115
MOHC,UKESM1-0-LL,r1i1p1f2,gn,ssp585,2057-01,2057,1,6.920461360158366,12.841069732324511,-5.9206083721661455
MOHC,UKESM1-0-LL,r1i1p1f2,gn,ssp585,2057-02,2057,2,9.284982880200984,13.052575440590799,-3.767592560389815
MOHC,UKESM1-0-LL,r1i1p1f2,gn,ssp585,2057-03,2057,3,10.044293469186387,13.084475311238052,-3.0401818420516644
MOHC,UKESM1-0-LL,r1i1p1f2,gn,ssp585,2057-04,2057,4,9.739425845340977,12.891298638721189,-3.151872793380212
MOHC,UKESM1-0-LL,r1i1p1f2,gn,ssp585,2057-05,2057,5,8.447080112495138,12.12182555549293,-3.674745442997791
MOHC,UKESM1-0-LL,r1i1p1f2,gn,ssp585,2057-06,2057,6,5.201027011060614,10.56014229872586,-5.359115287665247
MOHC,UKESM1-0-LL,r1i1p1f2,gn,ssp585,2057-07,2057,7,0.9154148569209218,8.377659541961345,-7.462244685040423
MOHC,UKESM1-0-LL,r1i1p1f2,gn,ssp585,2057-08,2057,8,0.04246705960403302,6.494668399593875,-6.452201339989842
MOHC,UKESM1-0-LL,r1i1p1f2,gn,ssp585,2057-09,2057,9,0.006137480864423115,6.742467621996264,-6.736330141131841
MOHC,UKESM1-0-LL,r1i1p1f2,gn,ssp585,2057-10,2057,10,0.08534770644560177,8.456494308873493,-8.371146602427892
MOHC,UKESM1-0-LL,r1i1p1f2,gn,ssp585,2057-11,2057,11,0.736019755210472,10.63141795782804,-9.895398202617567
MOHC,UKESM1-0-LL,r1i1p1f2,gn,ssp585,2057-12,2057,12,4.256037670939919,12.183681407006313,-7.927643736066394
MOHC,UKESM1-0-LL,r1i1p1f2,gn,ssp585,2058-01,2058,1,7.923797759318529,12.841069732324511,-4.917271973005982
MOHC,UKESM1-0-LL,r1i1p1f2,gn,ssp585,2058-02,2058,2,9.816764196913516,13.052575440590799,-3.235811243677283
MOHC,UKESM1-0-LL,r1i1p1f2,gn,ssp585,2058-03,2058,3,10.155288641621391,13.084475311238052,-2.9291866696166604
MOHC,UKESM1-0-LL,r1i1p1f2,gn,ssp585,2058-04,2058,4,9.892720890060321,12.891298638721189,-2.9985777486608676
MOHC,UKESM1-0-LL,r1i1p1f2,gn,ssp585,2058-05,2058,5,8.724773496101461,12.12182555549293,-3.397052059391468
MOHC,UKESM1-0-LL,r1i1p1f2,gn,ssp585,2058-06,2058,6,5.22798385276485,10.56014229872586,-5.332158445961011
MOHC,UKESM1-0-LL,r1i1p1f2,gn,ssp585,2058-07,2058,7,0.553779380681379,8.377659541961345,-7.823880161279965
MOHC,UKESM1-0-LL,r1i1p1f2,gn,ssp585,2058-08,2058,8,0.020634941059187305,6.494668399593875,-6.474033458534688
MOHC,UKESM1-0-LL,r1i1p1f2,gn,ssp585,2058-09,2058,9,0.004022594113624748,6.742467621996264,-6.738445027882639
MOHC,UKESM1-0-LL,r1i1p1f2,gn,ssp585,2058-10,2058,10,0.11660711344723201,8.456494308873493,-8.339887195426261
MOHC,UKESM1-0-LL,r1i1p1f2,gn,ssp585,2058-11,2058,11,0.8099344394165336,10.63141795782804,-9.821483518411506
MOHC,UKESM1-0-LL,r1i1p1f2,gn,ssp585,2058-12,2058,12,4.127125038457733,12.183681407006313,-8.05655636854858
MOHC,UKESM1-0-LL,r1i1p1f2,gn,ssp585,2059-01,2059,1,8.307639552563948,12.841069732324511,-4.533430179760563
MOHC,UKESM1-0-LL,r1i1p1f2,gn,ssp585,2059-02,2059,2,10.1964957735038,13.052575440590799,-2.8560796670869983
MOHC,UKESM1-0-LL,r1i1p1f2,gn,ssp585,2059-03,2059,3,10.540043482870752,13.084475311238052,-2.5444318283672995
MOHC,UKESM1-0-LL,r1i1p1f2,gn,ssp585,2059-04,2059,4,9.97561079767882,12.891298638721189,-2.9156878410423683
MOHC,UKESM1-0-LL,r1i1p1f2,gn,ssp585,2059-05,2059,5,8.599590272828468,12.12182555549293,-3.522235282664461
MOHC,UKESM1-0-LL,r1i1p1f2,gn,ssp585,2059-06,2059,6,5.066040001315037,10.56014229872586,-5.494102297410824
MOHC,UKESM1-0-LL,r1i1p1f2,gn,ssp585,2059-07,2059,7,0.7166217207514248,8.377659541961345,-7.66103782120992
MOHC,UKESM1-0-LL,r1i1p1f2,gn,ssp585,2059-08,2059,8,0.044121843098297295,6.494668399593875,-6.450546556495578
MOHC,UKESM1-0-LL,r1i1p1f2,gn,ssp585,2059-09,2059,9,0.004970533545070466,6.742467621996264,-6.737497088451193
MOHC,UKESM1-0-LL,r1i1p1f2,gn,ssp585,2059-10,2059,10,0.07338453705979622,8.456494308873493,-8.383109771813697
MOHC,UKESM1-0-LL,r1i1p1f2,gn,ssp585,2059-11,2059,11,0.5832052015456324,10.63141795782804,-10.048212756282407
MOHC,UKESM1-0-LL,r1i1p1f2,gn,ssp585,2059-12,2059,12,3.5014075937263303,12.183681407006313,-8.682273813279982
MOHC,UKESM1-0-LL,r1i1p1f2,gn,ssp585,2060-01,2060,1,7.304140858617223,12.841069732324511,-5.536928873707288
MOHC,UKESM1-0-LL,r1i1p1f2,gn,ssp585,2060-02,2060,2,9.899287676928644,13.052575440590799,-3.1532877636621546
MOHC,UKESM1-0-LL,r1i1p1f2,gn,ssp585,2060-03,2060,3,10.37420292218245,13.084475311238052,-2.7102723890556017
MOHC,UKESM1-0-LL,r1i1p1f2,gn,ssp585,2060-04,2060,4,10.075773894564504,12.891298638721189,-2.8155247441566846
MOHC,UKESM1-0-LL,r1i1p1f2,gn,ssp585,2060-05,2060,5,8.70682423697816,12.12182555549293,-3.4150013185147685
MOHC,UKESM1-0-LL,r1i1p1f2,gn,ssp585,2060-06,2060,6,5.502135918500653,10.56014229872586,-5.0580063802252075
MOHC,UKESM1-0-LL,r1i1p1f2,gn,ssp585,2060-07,2060,7,0.7364727788905786,8.377659541961345,-7.641186763070766
MOHC,UKESM1-0-LL,r1i1p1f2,gn,ssp585,2060-08,2060,8,0.05966897821944057,6.494668399593875,-6.434999421374434
MOHC,UKESM1-0-LL,r1i1p1f2,gn,ssp585,2060-09,2060,9,0.008785488126385924,6.742467621996264,-6.733682133869878
MOHC,UKESM1-0-LL,r1i1p1f2,gn,ssp585,2060-10,2060,10,0.07878182923127279,8.456494308873493,-8.37771247964222
MOHC,UKESM1-0-LL,r1i1p1f2,gn,ssp585,2060-11,2060,11,0.6779288643327651,10.63141795782804,-9.953489093495275
MOHC,UKESM1-0-LL,r1i1p1f2,gn,ssp585,2060-12,2060,12,3.836344612661893,12.183681407006313,-8.34733679434442
MOHC,UKESM1-0-LL,r1i1p1f2,gn,ssp585,2061-01,2061,1,7.5761616083021766,12.841069732324511,-5.264908124022335
MOHC,UKESM1-0-LL,r1i1p1f2,gn,ssp585,2061-02,2061,2,9.495456588209802,13.052575440590799,-3.557118852380997
MOHC,UKESM1-0-LL,r1i1p1f2,gn,ssp585,2061-03,2061,3,10.054415511597538,13.084475311238052,-3.0300597996405134
MOHC,UKESM1-0-LL,r1i1p1f2,gn,ssp585,2061-04,2061,4,9.754584192768734,12.891298638721189,-3.136714445952455
MOHC,UKESM1-0-LL,r1i1p1f2,gn,ssp585,2061-05,2061,5,8.558419149014133,12.12182555549293,-3.563406406478796
MOHC,UKESM1-0-LL,r1i1p1f2,gn,ssp585,2061-06,2061,6,5.252787717865698,10.56014229872586,-5.307354580860163
MOHC,UKESM1-0-LL,r1i1p1f2,gn,ssp585,2061-07,2061,7,0.5133501070195041,8.377659541961345,-7.86430943494184
MOHC,UKESM1-0-LL,r1i1p1f2,gn,ssp585,2061-08,2061,8,0.04286619688639765,6.494668399593875,-6.451802202707477
MOHC,UKESM1-0-LL,r1i1p1f2,gn,ssp585,2061-09,2061,9,0.006814502716743553,6.742467621996264,-6.735653119279521
MOHC,UKESM1-0-LL,r1i1p1f2,gn,ssp585,2061-10,2061,10,0.04532238293600415,8.456494308873493,-8.41117192593749
MOHC,UKESM1-0-LL,r1i1p1f2,gn,ssp585,2061-11,2061,11,0.5324033894412338,10.63141795782804,-10.099014568386806
MOHC,UKESM1-0-LL,r1i1p1f2,gn,ssp585,2061-12,2061,12,3.2058771122377245,12.183681407006313,-8.977804294768589
MOHC,UKESM1-0-LL,r1i1p1f2,gn,ssp585,2062-01,2062,1,7.025131069963145,12.841069732324511,-5.815938662361367
MOHC,UKESM1-0-LL,r1i1p1f2,gn,ssp585,2062-02,2062,2,9.151386090769575,13.052575440590799,-3.901189349821223
MOHC,UKESM1-0-LL,r1i1p1f2,gn,ssp585,2062-03,2062,3,9.881481368797163,13.084475311238052,-3.202993942440889
MOHC,UKESM1-0-LL,r1i1p1f2,gn,ssp585,2062-04,2062,4,9.463928962521063,12.891298638721189,-3.427369676200126
MOHC,UKESM1-0-LL,r1i1p1f2,gn,ssp585,2062-05,2062,5,8.285380080917806,12.12182555549293,-3.8364454745751235
MOHC,UKESM1-0-LL,r1i1p1f2,gn,ssp585,2062-06,2062,6,5.79957100588877,10.56014229872586,-4.760571292837091
MOHC,UKESM1-0-LL,r1i1p1f2,gn,ssp585,2062-07,2062,7,1.0314108591621043,8.377659541961345,-7.34624868279924
MOHC,UKESM1-0-LL,r1i1p1f2,gn,ssp585,2062-08,2062,8,0.04909287599239564,6.494668399593875,-6.445575523601479
MOHC,UKESM1-0-LL,r1i1p1f2,gn,ssp585,2062-09,2062,9,0.007816654419110293,6.742467621996264,-6.734650967577154
MOHC,UKESM1-0-LL,r1i1p1f2,gn,ssp585,2062-10,2062,10,0.12371385684863347,8.456494308873493,-8.33278045202486
MOHC,UKESM1-0-LL,r1i1p1f2,gn,ssp585,2062-11,2062,11,0.642375491712542,10.63141795782804,-9.989042466115498
MOHC,UKESM1-0-LL,r1i1p1f2,gn,ssp585,2062-12,2062,12,4.301786520391973,12.183681407006313,-7.88189488661434
MOHC,UKESM1-0-LL,r1i1p1f2,gn,ssp585,2063-01,2063,1,7.231211832408223,12.841069732324511,-5.609857899916288
MOHC,UKESM1-0-LL,r1i1p1f2,gn,ssp585,2063-02,2063,2,8.863500744877406,13.052575440590799,-4.189074695713392
MOHC,UKESM1-0-LL,r1i1p1f2,gn,ssp585,2063-03,2063,3,9.483176691600619,13.084475311238052,-3.601298619637433
MOHC,UKESM1-0-LL,r1i1p1f2,gn,ssp585,2063-04,2063,4,9.255001012846773,12.891298638721189,-3.636297625874416
MOHC,UKESM1-0-LL,r1i1p1f2,gn,ssp585,2063-05,2063,5,7.9217641095022655,12.12182555549293,-4.200061445990664
MOHC,UKESM1-0-LL,r1i1p1f2,gn,ssp585,2063-06,2063,6,4.415914597927125,10.56014229872586,-6.144227700798736
MOHC,UKESM1-0-LL,r1i1p1f2,gn,ssp585,2063-07,2063,7,0.35512931243934326,8.377659541961345,-8.022530229522001
MOHC,UKESM1-0-LL,r1i1p1f2,gn,ssp585,2063-08,2063,8,0.020321631312233156,6.494668399593875,-6.4743467682816425
MOHC,UKESM1-0-LL,r1i1p1f2,gn,ssp585,2063-09,2063,9,0.0020651430056616614,6.742467621996264,-6.740402478990602
MOHC,UKESM1-0-LL,r1i1p1f2,gn,ssp585,2063-10,2063,10,0.05515246658542839,8.456494308873493,-8.401341842288065
MOHC,UKESM1-0-LL,r1i1p1f2,gn,ssp585,2063-11,2063,11,0.4523544418332439,10.63141795782804,-10.179063515994796
MOHC,UKESM1-0-LL,r1i1p1f2,gn,ssp585,2063-12,2063,12,2.1894128879140924,12.183681407006313,-9.99426851909222
MOHC,UKESM1-0-LL,r1i1p1f2,gn,ssp585,2064-01,2064,1,5.6241079924532045,12.841069732324511,-7.216961739871307
MOHC,UKESM1-0-LL,r1i1p1f2,gn,ssp585,2064-02,2064,2,8.131763548590559,13.052575440590799,-4.9208118920002395
MOHC,UKESM1-0-LL,r1i1p1f2,gn,ssp585,2064-03,2064,3,9.070546101617609,13.084475311238052,-4.013929209620443
MOHC,UKESM1-0-LL,r1i1p1f2,gn,ssp585,2064-04,2064,4,9.095859940883457,12.891298638721189,-3.7954386978377315
MOHC,UKESM1-0-LL,r1i1p1f2,gn,ssp585,2064-05,2064,5,7.804437509350909,12.12182555549293,-4.31738804614202
MOHC,UKESM1-0-LL,r1i1p1f2,gn,ssp585,2064-06,2064,6,4.491791362662428,10.56014229872586,-6.068350936063433
MOHC,UKESM1-0-LL,r1i1p1f2,gn,ssp585,2064-07,2064,7,0.4235625062304538,8.377659541961345,-7.954097035730891
MOHC,UKESM1-0-LL,r1i1p1f2,gn,ssp585,2064-08,2064,8,0.019683569443107944,6.494668399593875,-6.474984830150767
MOHC,UKESM1-0-LL,r1i1p1f2,gn,ssp585,2064-09,2064,9,0.002302739217986263,6.742467621996264,-6.740164882778277
MOHC,UKESM1-0-LL,r1i1p1f2,gn,ssp585,2064-10,2064,10,0.014536512636601013,8.456494308873493,-8.441957796236892
MOHC,UKESM1-0-LL,r1i1p1f2,gn,ssp585,2064-11,2064,11,0.37113916356171883,10.63141795782804,-10.260278794266322
MOHC,UKESM1-0-LL,r1i1p1f2,gn,ssp585,2064-12,2064,12,2.8464259703666395,12.183681407006313,-9.337255436639673
MOHC,UKESM1-0-LL,r1i1p1f2,gn,ssp585,2065-01,2065,1,6.81246420013053,12.841069732324511,-6.028605532193981
MOHC,UKESM1-0-LL,r1i1p1f2,gn,ssp585,2065-02,2065,2,8.73280064309168,13.052575440590799,-4.319774797499118
MOHC,UKESM1-0-LL,r1i1p1f2,gn,ssp585,2065-03,2065,3,9.316312959838026,13.084475311238052,-3.7681623514000258
MOHC,UKESM1-0-LL,r1i1p1f2,gn,ssp585,2065-04,2065,4,9.223560449588405,12.891298638721189,-3.667738189132784
MOHC,UKESM1-0-LL,r1i1p1f2,gn,ssp585,2065-05,2065,5,8.102080171534917,12.12182555549293,-4.019745383958012
MOHC,UKESM1-0-LL,r1i1p1f2,gn,ssp585,2065-06,2065,6,4.520274472410096,10.56014229872586,-6.039867826315765
MOHC,UKESM1-0-LL,r1i1p1f2,gn,ssp585,2065-07,2065,7,0.37608600086671706,8.377659541961345,-8.001573541094627
MOHC,UKESM1-0-LL,r1i1p1f2,gn,ssp585,2065-08,2065,8,0.01767584683506236,6.494668399593875,-6.476992552758813
MOHC,UKESM1-0-LL,r1i1p1f2,gn,ssp585,2065-09,2065,9,0.0018569421981620674,6.742467621996264,-6.740610679798102
MOHC,UKESM1-0-LL,r1i1p1f2,gn,ssp585,2065-10,2065,10,0.044637903593635904,8.456494308873493,-8.411856405279858
MOHC,UKESM1-0-LL,r1i1p1f2,gn,ssp585,2065-11,2065,11,0.33846331311147676,10.63141795782804,-10.292954644716563
MOHC,UKESM1-0-LL,r1i1p1f2,gn,ssp585,2065-12,2065,12,2.9082057176179315,12.183681407006313,-9.275475689388381
MOHC,UKESM1-0-LL,r1i1p1f2,gn,ssp585,2066-01,2066,1,6.62777472504883,12.841069732324511,-6.213295007275681
MOHC,UKESM1-0-LL,r1i1p1f2,gn,ssp585,2066-02,2066,2,8.880211601087955,13.052575440590799,-4.172363839502843
MOHC,UKESM1-0-LL,r1i1p1f2,gn,ssp585,2066-03,2066,3,9.752899386289824,13.084475311238052,-3.3315759249482273
MOHC,UKESM1-0-LL,r1i1p1f2,gn,ssp585,2066-04,2066,4,9.365106890478994,12.891298638721189,-3.5261917482421943
MOHC,UKESM1-0-LL,r1i1p1f2,gn,ssp585,2066-05,2066,5,8.04516905557135,12.12182555549293,-4.0766564999215795
MOHC,UKESM1-0-LL,r1i1p1f2,gn,ssp585,2066-06,2066,6,5.03658136901234,10.56014229872586,-5.523560929713521
MOHC,UKESM1-0-LL,r1i1p1f2,gn,ssp585,2066-07,2066,7,0.5786610029872625,8.377659541961345,-7.798998538974082
MOHC,UKESM1-0-LL,r1i1p1f2,gn,ssp585,2066-08,2066,8,0.03763886912864444,6.494668399593875,-6.457029530465231
MOHC,UKESM1-0-LL,r1i1p1f2,gn,ssp585,2066-09,2066,9,0.005437017608995367,6.742467621996264,-6.737030604387268
MOHC,UKESM1-0-LL,r1i1p1f2,gn,ssp585,2066-10,2066,10,0.0800545584420525,8.456494308873493,-8.376439750431441
MOHC,UKESM1-0-LL,r1i1p1f2,gn,ssp585,2066-11,2066,11,0.47797296888868884,10.63141795782804,-10.15344498893935
MOHC,UKESM1-0-LL,r1i1p1f2,gn,ssp585,2066-12,2066,12,2.863064165270426,12.183681407006313,-9.320617241735887
MOHC,UKESM1-0-LL,r1i1p1f2,gn,ssp585,2067-01,2067,1,6.9357710305195335,12.841069732324511,-5.905298701804978
MOHC,UKESM1-0-LL,r1i1p1f2,gn,ssp585,2067-02,2067,2,8.801598909234821,13.052575440590799,-4.2509765313559775
MOHC,UKESM1-0-LL,r1i1p1f2,gn,ssp585,2067-03,2067,3,9.385389455697158,13.084475311238052,-3.6990858555408934
MOHC,UKESM1-0-LL,r1i1p1f2,gn,ssp585,2067-04,2067,4,9.099542305172141,12.891298638721189,-3.7917563335490474
MOHC,UKESM1-0-LL,r1i1p1f2,gn,ssp585,2067-05,2067,5,7.930894417257628,12.12182555549293,-4.190931138235301
MOHC,UKESM1-0-LL,r1i1p1f2,gn,ssp585,2067-06,2067,6,4.852275816906119,10.56014229872586,-5.7078664818197415
MOHC,UKESM1-0-LL,r1i1p1f2,gn,ssp585,2067-07,2067,7,0.3855668118179689,8.377659541961345,-7.9920927301433755
MOHC,UKESM1-0-LL,r1i1p1f2,gn,ssp585,2067-08,2067,8,0.017365479591544202,6.494668399593875,-6.477302920002331
MOHC,UKESM1-0-LL,r1i1p1f2,gn,ssp585,2067-09,2067,9,0.0022556446816693466,6.742467621996264,-6.740211977314594
MOHC,UKESM1-0-LL,r1i1p1f2,gn,ssp585,2067-10,2067,10,0.04912700346231233,8.456494308873493,-8.407367305411181
MOHC,UKESM1-0-LL,r1i1p1f2,gn,ssp585,2067-11,2067,11,0.5034548689071374,10.63141795782804,-10.127963088920902
MOHC,UKESM1-0-LL,r1i1p1f2,gn,ssp585,2067-12,2067,12,2.8344669289904956,12.183681407006313,-9.349214478015817
MOHC,UKESM1-0-LL,r1i1p1f2,gn,ssp585,2068-01,2068,1,6.986241877013157,12.841069732324511,-5.854827855311354
MOHC,UKESM1-0-LL,r1i1p1f2,gn,ssp585,2068-02,2068,2,8.388785086980198,13.052575440590799,-4.663790353610601
MOHC,UKESM1-0-LL,r1i1p1f2,gn,ssp585,2068-03,2068,3,9.056264947949915,13.084475311238052,-4.028210363288137
MOHC,UKESM1-0-LL,r1i1p1f2,gn,ssp585,2068-04,2068,4,8.78234637435933,12.891298638721189,-4.108952264361859
MOHC,UKESM1-0-LL,r1i1p1f2,gn,ssp585,2068-05,2068,5,7.44759001435888,12.12182555549293,-4.674235541134049
MOHC,UKESM1-0-LL,r1i1p1f2,gn,ssp585,2068-06,2068,6,4.025613422466917,10.56014229872586,-6.5345288762589435
MOHC,UKESM1-0-LL,r1i1p1f2,gn,ssp585,2068-07,2068,7,0.2859791995862883,8.377659541961345,-8.091680342375057
MOHC,UKESM1-0-LL,r1i1p1f2,gn,ssp585,2068-08,2068,8,0.018090279742894004,6.494668399593875,-6.4765781198509815
MOHC,UKESM1-0-LL,r1i1p1f2,gn,ssp585,2068-09,2068,9,0.001940328318985326,6.742467621996264,-6.740527293677278
MOHC,UKESM1-0-LL,r1i1p1f2,gn,ssp585,2068-10,2068,10,0.025355388357063018,8.456494308873493,-8.43113892051643
MOHC,UKESM1-0-LL,r1i1p1f2,gn,ssp585,2068-11,2068,11,0.30141687715705534,10.63141795782804,-10.330001080670984
MOHC,UKESM1-0-LL,r1i1p1f2,gn,ssp585,2068-12,2068,12,1.9945654197638476,12.183681407006313,-10.189115987242465
MOHC,UKESM1-0-LL,r1i1p1f2,gn,ssp585,2069-01,2069,1,5.212149361648176,12.841069732324511,-7.628920370676335
MOHC,UKESM1-0-LL,r1i1p1f2,gn,ssp585,2069-02,2069,2,8.315916543886967,13.052575440590799,-4.7366588967038314
MOHC,UKESM1-0-LL,r1i1p1f2,gn,ssp585,2069-03,2069,3,9.082095204059453,13.084475311238052,-4.002380107178599
MOHC,UKESM1-0-LL,r1i1p1f2,gn,ssp585,2069-04,2069,4,8.830202792336555,12.891298638721189,-4.061095846384633
MOHC,UKESM1-0-LL,r1i1p1f2,gn,ssp585,2069-05,2069,5,7.371785787151066,12.12182555549293,-4.750039768341863
MOHC,UKESM1-0-LL,r1i1p1f2,gn,ssp585,2069-06,2069,6,3.6998027870291144,10.56014229872586,-6.860339511696747
MOHC,UKESM1-0-LL,r1i1p1f2,gn,ssp585,2069-07,2069,7,0.1826431433130957,8.377659541961345,-8.19501639864825
MOHC,UKESM1-0-LL,r1i1p1f2,gn,ssp585,2069-08,2069,8,0.011293879211099608,6.494668399593875,-6.4833745203827755
MOHC,UKESM1-0-LL,r1i1p1f2,gn,ssp585,2069-09,2069,9,0.0010664992935324408,6.742467621996264,-6.741401122702731
MOHC,UKESM1-0-LL,r1i1p1f2,gn,ssp585,2069-10,2069,10,0.005701552348382736,8.456494308873493,-8.45079275652511
MOHC,UKESM1-0-LL,r1i1p1f2,gn,ssp585,2069-11,2069,11,0.180937696229083,10.63141795782804,-10.450480261598956
MOHC,UKESM1-0-LL,r1i1p1f2,gn,ssp585,2069-12,2069,12,1.2936986575557476,12.183681407006313,-10.889982749450565
MOHC,UKESM1-0-LL,r1i1p1f2,gn,ssp585,2070-01,2070,1,3.906916632173781,12.841069732324511,-8.93415310015073
MOHC,UKESM1-0-LL,r1i1p1f2,gn,ssp585,2070-02,2070,2,6.870557664177967,13.052575440590799,-6.182017776412832
MOHC,UKESM1-0-LL,r1i1p1f2,gn,ssp585,2070-03,2070,3,8.253064303028303,13.084475311238052,-4.831411008209749
MOHC,UKESM1-0-LL,r1i1p1f2,gn,ssp585,2070-04,2070,4,8.267645235273411,12.891298638721189,-4.623653403447777
MOHC,UKESM1-0-LL,r1i1p1f2,gn,ssp585,2070-05,2070,5,6.73424655627217,12.12182555549293,-5.387578999220759
MOHC,UKESM1-0-LL,r1i1p1f2,gn,ssp585,2070-06,2070,6,2.608286440616372,10.56014229872586,-7.951855858109489
MOHC,UKESM1-0-LL,r1i1p1f2,gn,ssp585,2070-07,2070,7,0.09066261605693966,8.377659541961345,-8.286996925904406
MOHC,UKESM1-0-LL,r1i1p1f2,gn,ssp585,2070-08,2070,8,0.0032929826263351954,6.494668399593875,-6.49137541696754
MOHC,UKESM1-0-LL,r1i1p1f2,gn,ssp585,2070-09,2070,9,0.0003179782190548645,6.742467621996264,-6.742149643777209
MOHC,UKESM1-0-LL,r1i1p1f2,gn,ssp585,2070-10,2070,10,0.011006032827301306,8.456494308873493,-8.445488276046191
MOHC,UKESM1-0-LL,r1i1p1f2,gn,ssp585,2070-11,2070,11,0.2215120206489337,10.63141795782804,-10.409905937179106
MOHC,UKESM1-0-LL,r1i1p1f2,gn,ssp585,2070-12,2070,12,1.2965565285211174,12.183681407006313,-10.887124878485196
MOHC,UKESM1-0-LL,r1i1p1f2,gn,ssp585,2071-01,2071,1,3.927440371629538,12.841069732324511,-8.913629360694973
MOHC,UKESM1-0-LL,r1i1p1f2,gn,ssp585,2071-02,2071,2,6.994474936468346,13.052575440590799,-6.058100504122453
MOHC,UKESM1-0-LL,r1i1p1f2,gn,ssp585,2071-03,2071,3,8.421306263794643,13.084475311238052,-4.663169047443409
MOHC,UKESM1-0-LL,r1i1p1f2,gn,ssp585,2071-04,2071,4,8.446466598450428,12.891298638721189,-4.444832040270761
MOHC,UKESM1-0-LL,r1i1p1f2,gn,ssp585,2071-05,2071,5,6.932434577404463,12.12182555549293,-5.189390978088467
MOHC,UKESM1-0-LL,r1i1p1f2,gn,ssp585,2071-06,2071,6,2.3749759431681094,10.56014229872586,-8.185166355557751
MOHC,UKESM1-0-LL,r1i1p1f2,gn,ssp585,2071-07,2071,7,0.08355939332817645,8.377659541961345,-8.294100148633168
MOHC,UKESM1-0-LL,r1i1p1f2,gn,ssp585,2071-08,2071,8,0.003602270969507144,6.494668399593875,-6.491066128624368
MOHC,UKESM1-0-LL,r1i1p1f2,gn,ssp585,2071-09,2071,9,0.0005857120954839421,6.742467621996264,-6.74188190990078
MOHC,UKESM1-0-LL,r1i1p1f2,gn,ssp585,2071-10,2071,10,0.03076575202572258,8.456494308873493,-8.425728556847771
MOHC,UKESM1-0-LL,r1i1p1f2,gn,ssp585,2071-11,2071,11,0.2195616246618066,10.63141795782804,-10.411856333166233
MOHC,UKESM1-0-LL,r1i1p1f2,gn,ssp585,2071-12,2071,12,1.1580206278213268,12.183681407006313,-11.025660779184987
MOHC,UKESM1-0-LL,r1i1p1f2,gn,ssp585,2072-01,2072,1,2.9683413832275125,12.841069732324511,-9.872728349096999
MOHC,UKESM1-0-LL,r1i1p1f2,gn,ssp585,2072-02,2072,2,5.473713519406579,13.052575440590799,-7.578861921184219
MOHC,UKESM1-0-LL,r1i1p1f2,gn,ssp585,2072-03,2072,3,7.62271000142496,13.084475311238052,-5.461765309813091
MOHC,UKESM1-0-LL,r1i1p1f2,gn,ssp585,2072-04,2072,4,7.957099641425962,12.891298638721189,-4.934198997295227
MOHC,UKESM1-0-LL,r1i1p1f2,gn,ssp585,2072-05,2072,5,6.298931819963232,12.12182555549293,-5.822893735529697
MOHC,UKESM1-0-LL,r1i1p1f2,gn,ssp585,2072-06,2072,6,1.5660384455709961,10.56014229872586,-8.994103853154865
MOHC,UKESM1-0-LL,r1i1p1f2,gn,ssp585,2072-07,2072,7,0.037522978618852496,8.377659541961345,-8.340136563342492
MOHC,UKESM1-0-LL,r1i1p1f2,gn,ssp585,2072-08,2072,8,0.001693871334118225,6.494668399593875,-6.492974528259757
MOHC,UKESM1-0-LL,r1i1p1f2,gn,ssp585,2072-09,2072,9,0.0001666891735236749,6.742467621996264,-6.74230093282274
MOHC,UKESM1-0-LL,r1i1p1f2,gn,ssp585,2072-10,2072,10,0.019279256500037492,8.456494308873493,-8.437215052373455
MOHC,UKESM1-0-LL,r1i1p1f2,gn,ssp585,2072-11,2072,11,0.19687890816229828,10.63141795782804,-10.43453904966574
MOHC,UKESM1-0-LL,r1i1p1f2,gn,ssp585,2072-12,2072,12,1.0523134217361285,12.183681407006313,-11.131367985270185
MOHC,UKESM1-0-LL,r1i1p1f2,gn,ssp585,2073-01,2073,1,2.770639013869574,12.841069732324511,-10.070430718454936
MOHC,UKESM1-0-LL,r1i1p1f2,gn,ssp585,2073-02,2073,2,4.923335667911942,13.052575440590799,-8.129239772678856
MOHC,UKESM1-0-LL,r1i1p1f2,gn,ssp585,2073-03,2073,3,7.083259284405498,13.084475311238052,-6.001216026832553
MOHC,UKESM1-0-LL,r1i1p1f2,gn,ssp585,2073-04,2073,4,7.556868401419529,12.891298638721189,-5.334430237301659
MOHC,UKESM1-0-LL,r1i1p1f2,gn,ssp585,2073-05,2073,5,5.939683620655584,12.12182555549293,-6.182141934837345
MOHC,UKESM1-0-LL,r1i1p1f2,gn,ssp585,2073-06,2073,6,2.003682498097335,10.56014229872586,-8.556459800628526
MOHC,UKESM1-0-LL,r1i1p1f2,gn,ssp585,2073-07,2073,7,0.05174259177683518,8.377659541961345,-8.32591695018451
MOHC,UKESM1-0-LL,r1i1p1f2,gn,ssp585,2073-08,2073,8,0.0024452894513158335,6.494668399593875,-6.492223110142559
MOHC,UKESM1-0-LL,r1i1p1f2,gn,ssp585,2073-09,2073,9,0.00036284412682894743,6.742467621996264,-6.742104777869435
MOHC,UKESM1-0-LL,r1i1p1f2,gn,ssp585,2073-10,2073,10,0.028146334200335483,8.456494308873493,-8.428347974673157
MOHC,UKESM1-0-LL,r1i1p1f2,gn,ssp585,2073-11,2073,11,0.2617692138855881,10.63141795782804,-10.369648743942452
MOHC,UKESM1-0-LL,r1i1p1f2,gn,ssp585,2073-12,2073,12,1.2991625443947725,12.183681407006313,-10.884518862611541
MOHC,UKESM1-0-LL,r1i1p1f2,gn,ssp585,2074-01,2074,1,3.334948016496744,12.841069732324511,-9.506121715827767
MOHC,UKESM1-0-LL,r1i1p1f2,gn,ssp585,2074-02,2074,2,5.928750778104035,13.052575440590799,-7.123824662486763
MOHC,UKESM1-0-LL,r1i1p1f2,gn,ssp585,2074-03,2074,3,7.8755303001382115,13.084475311238052,-5.20894501109984
MOHC,UKESM1-0-LL,r1i1p1f2,gn,ssp585,2074-04,2074,4,7.8769136444671535,12.891298638721189,-5.014384994254035
MOHC,UKESM1-0-LL,r1i1p1f2,gn,ssp585,2074-05,2074,5,6.53585104202437,12.12182555549293,-5.585974513468559
MOHC,UKESM1-0-LL,r1i1p1f2,gn,ssp585,2074-06,2074,6,2.212370959410725,10.56014229872586,-8.347771339315136
MOHC,UKESM1-0-LL,r1i1p1f2,gn,ssp585,2074-07,2074,7,0.047046220254313306,8.377659541961345,-8.330613321707032
MOHC,UKESM1-0-LL,r1i1p1f2,gn,ssp585,2074-08,2074,8,0.0026843497269384525,6.494668399593875,-6.491984049866937
MOHC,UKESM1-0-LL,r1i1p1f2,gn,ssp585,2074-09,2074,9,0.0002697763437573253,6.742467621996264,-6.742197845652506
MOHC,UKESM1-0-LL,r1i1p1f2,gn,ssp585,2074-10,2074,10,0.0010458992385050814,8.456494308873493,-8.455448409634988
MOHC,UKESM1-0-LL,r1i1p1f2,gn,ssp585,2074-11,2074,11,0.12914920977794056,10.63141795782804,-10.5022687480501
MOHC,UKESM1-0-LL,r1i1p1f2,gn,ssp585,2074-12,2074,12,1.0877998785050045,12.183681407006313,-11.095881528501309
MOHC,UKESM1-0-LL,r1i1p1f2,gn,ssp585,2075-01,2075,1,3.314982370625402,12.841069732324511,-9.526087361699108
MOHC,UKESM1-0-LL,r1i1p1f2,gn,ssp585,2075-02,2075,2,6.438143360906183,13.052575440590799,-6.614432079684615
MOHC,UKESM1-0-LL,r1i1p1f2,gn,ssp585,2075-03,2075,3,7.919235395320535,13.084475311238052,-5.165239915917517
MOHC,UKESM1-0-LL,r1i1p1f2,gn,ssp585,2075-04,2075,4,7.431426842154935,12.891298638721189,-5.4598717965662535
MOHC,UKESM1-0-LL,r1i1p1f2,gn,ssp585,2075-05,2075,5,6.05872707345216,12.12182555549293,-6.063098482040769
MOHC,UKESM1-0-LL,r1i1p1f2,gn,ssp585,2075-06,2075,6,2.0470310217025443,10.56014229872586,-8.513111277023317
MOHC,UKESM1-0-LL,r1i1p1f2,gn,ssp585,2075-07,2075,7,0.0821654719275651,8.377659541961345,-8.29549407003378
MOHC,UKESM1-0-LL,r1i1p1f2,gn,ssp585,2075-08,2075,8,0.004925246247300997,6.494668399593875,-6.489743153346574
MOHC,UKESM1-0-LL,r1i1p1f2,gn,ssp585,2075-09,2075,9,0.0005033335548285993,6.742467621996264,-6.7419642884414355
MOHC,UKESM1-0-LL,r1i1p1f2,gn,ssp585,2075-10,2075,10,0.018698278179647435,8.456494308873493,-8.437796030693846
MOHC,UKESM1-0-LL,r1i1p1f2,gn,ssp585,2075-11,2075,11,0.21605847478292217,10.63141795782804,-10.415359483045117
MOHC,UKESM1-0-LL,r1i1p1f2,gn,ssp585,2075-12,2075,12,1.1353208452549566,12.183681407006313,-11.048360561751357
MOHC,UKESM1-0-LL,r1i1p1f2,gn,ssp585,2076-01,2076,1,3.072854186008505,12.841069732324511,-9.768215546316007
MOHC,UKESM1-0-LL,r1i1p1f2,gn,ssp585,2076-02,2076,2,5.135665076092171,13.052575440590799,-7.916910364498627
MOHC,UKESM1-0-LL,r1i1p1f2,gn,ssp585,2076-03,2076,3,7.184966938227506,13.084475311238052,-5.899508373010546
MOHC,UKESM1-0-LL,r1i1p1f2,gn,ssp585,2076-04,2076,4,7.355515530637969,12.891298638721189,-5.53578310808322
MOHC,UKESM1-0-LL,r1i1p1f2,gn,ssp585,2076-05,2076,5,5.294228233762918,12.12182555549293,-6.827597321730011
MOHC,UKESM1-0-LL,r1i1p1f2,gn,ssp585,2076-06,2076,6,0.8887684003681695,10.56014229872586,-9.671373898357691
MOHC,UKESM1-0-LL,r1i1p1f2,gn,ssp585,2076-07,2076,7,0.0175191770592017,8.377659541961345,-8.360140364902144
MOHC,UKESM1-0-LL,r1i1p1f2,gn,ssp585,2076-08,2076,8,0.0005840349944432313,6.494668399593875,-6.494084364599432
MOHC,UKESM1-0-LL,r1i1p1f2,gn,ssp585,2076-09,2076,9,4.493670599661966e-05,6.742467621996264,-6.742422685290268
MOHC,UKESM1-0-LL,r1i1p1f2,gn,ssp585,2076-10,2076,10,0.00459291657085119,8.456494308873493,-8.451901392302641
MOHC,UKESM1-0-LL,r1i1p1f2,gn,ssp585,2076-11,2076,11,0.08037431293496583,10.63141795782804,-10.551043644893074
MOHC,UKESM1-0-LL,r1i1p1f2,gn,ssp585,2076-12,2076,12,0.6138724979434407,12.183681407006313,-11.569808909062873
MOHC,UKESM1-0-LL,r1i1p1f2,gn,ssp585,2077-01,2077,1,2.296134194789505,12.841069732324511,-10.544935537535007
MOHC,UKESM1-0-LL,r1i1p1f2,gn,ssp585,2077-02,2077,2,4.138595364964248,13.052575440590799,-8.91398007562655
MOHC,UKESM1-0-LL,r1i1p1f2,gn,ssp585,2077-03,2077,3,5.663320580915639,13.084475311238052,-7.421154730322413
MOHC,UKESM1-0-LL,r1i1p1f2,gn,ssp585,2077-04,2077,4,5.697578091916167,12.891298638721189,-7.193720546805022
MOHC,UKESM1-0-LL,r1i1p1f2,gn,ssp585,2077-05,2077,5,4.010019532939331,12.12182555549293,-8.111806022553598
MOHC,UKESM1-0-LL,r1i1p1f2,gn,ssp585,2077-06,2077,6,0.9503950650729251,10.56014229872586,-9.609747233652936
MOHC,UKESM1-0-LL,r1i1p1f2,gn,ssp585,2077-07,2077,7,0.027935100717285485,8.377659541961345,-8.349724441244058
MOHC,UKESM1-0-LL,r1i1p1f2,gn,ssp585,2077-08,2077,8,0.0008430025698009219,6.494668399593875,-6.493825397024074
MOHC,UKESM1-0-LL,r1i1p1f2,gn,ssp585,2077-09,2077,9,0.00017028456525337206,6.742467621996264,-6.74229733743101
MOHC,UKESM1-0-LL,r1i1p1f2,gn,ssp585,2077-10,2077,10,0.006026144516473453,8.456494308873493,-8.45046816435702
MOHC,UKESM1-0-LL,r1i1p1f2,gn,ssp585,2077-11,2077,11,0.10723662305159189,10.63141795782804,-10.524181334776449
MOHC,UKESM1-0-LL,r1i1p1f2,gn,ssp585,2077-12,2077,12,0.8204686596314954,12.183681407006313,-11.363212747374817
MOHC,UKESM1-0-LL,r1i1p1f2,gn,ssp585,2078-01,2078,1,2.6550340711186737,12.841069732324511,-10.186035661205837
MOHC,UKESM1-0-LL,r1i1p1f2,gn,ssp585,2078-02,2078,2,4.319766991283466,13.052575440590799,-8.732808449307331
MOHC,UKESM1-0-LL,r1i1p1f2,gn,ssp585,2078-03,2078,3,5.718360497547208,13.084475311238052,-7.366114813690843
MOHC,UKESM1-0-LL,r1i1p1f2,gn,ssp585,2078-04,2078,4,5.618562193491109,12.891298638721189,-7.27273644523008
MOHC,UKESM1-0-LL,r1i1p1f2,gn,ssp585,2078-05,2078,5,3.994945291586423,12.12182555549293,-8.126880263906507
MOHC,UKESM1-0-LL,r1i1p1f2,gn,ssp585,2078-06,2078,6,0.7957763669918222,10.56014229872586,-9.764365931734039
MOHC,UKESM1-0-LL,r1i1p1f2,gn,ssp585,2078-07,2078,7,0.01983544133423701,8.377659541961345,-8.357824100627107
MOHC,UKESM1-0-LL,r1i1p1f2,gn,ssp585,2078-08,2078,8,0.0003702473848265061,6.494668399593875,-6.494298152209049
MOHC,UKESM1-0-LL,r1i1p1f2,gn,ssp585,2078-09,2078,9,1.2667553956603705e-05,6.742467621996264,-6.742454954442307
MOHC,UKESM1-0-LL,r1i1p1f2,gn,ssp585,2078-10,2078,10,0.0008074932729081342,8.456494308873493,-8.455686815600584
MOHC,UKESM1-0-LL,r1i1p1f2,gn,ssp585,2078-11,2078,11,0.05818897342720414,10.63141795782804,-10.573228984400835
MOHC,UKESM1-0-LL,r1i1p1f2,gn,ssp585,2078-12,2078,12,0.597455665067917,12.183681407006313,-11.586225741938396
MOHC,UKESM1-0-LL,r1i1p1f2,gn,ssp585,2079-01,2079,1,2.229276232471194,12.841069732324511,-10.611793499853317
MOHC,UKESM1-0-LL,r1i1p1f2,gn,ssp585,2079-02,2079,2,3.969201138455621,13.052575440590799,-9.083374302135176
MOHC,UKESM1-0-LL,r1i1p1f2,gn,ssp585,2079-03,2079,3,5.501709445582931,13.084475311238052,-7.58276586565512
MOHC,UKESM1-0-LL,r1i1p1f2,gn,ssp585,2079-04,2079,4,5.503347902865569,12.891298638721189,-7.38795073585562
MOHC,UKESM1-0-LL,r1i1p1f2,gn,ssp585,2079-05,2079,5,3.7825541829558107,12.12182555549293,-8.33927137253712
MOHC,UKESM1-0-LL,r1i1p1f2,gn,ssp585,2079-06,2079,6,0.7792177816395869,10.56014229872586,-9.780924517086273
MOHC,UKESM1-0-LL,r1i1p1f2,gn,ssp585,2079-07,2079,7,0.023119661241749648,8.377659541961345,-8.354539880719596
MOHC,UKESM1-0-LL,r1i1p1f2,gn,ssp585,2079-08,2079,8,0.0005660498393566747,6.494668399593875,-6.4941023497545185
MOHC,UKESM1-0-LL,r1i1p1f2,gn,ssp585,2079-09,2079,9,5.1206653697075566e-05,6.742467621996264,-6.742416415342567
MOHC,UKESM1-0-LL,r1i1p1f2,gn,ssp585,2079-10,2079,10,0.008157164160392383,8.456494308873493,-8.4483371447131
MOHC,UKESM1-0-LL,r1i1p1f2,gn,ssp585,2079-11,2079,11,0.11932054044160662,10.63141795782804,-10.512097417386434
MOHC,UKESM1-0-LL,r1i1p1f2,gn,ssp585,2079-12,2079,12,0.7808238638096995,12.183681407006313,-11.402857543196614
MOHC,UKESM1-0-LL,r1i1p1f2,gn,ssp585,2080-01,2080,1,2.3790279652719284,12.841069732324511,-10.462041767052582
MOHC,UKESM1-0-LL,r1i1p1f2,gn,ssp585,2080-02,2080,2,4.086300639209179,13.052575440590799,-8.96627480138162
MOHC,UKESM1-0-LL,r1i1p1f2,gn,ssp585,2080-03,2080,3,6.04177010668238,13.084475311238052,-7.042705204555672
MOHC,UKESM1-0-LL,r1i1p1f2,gn,ssp585,2080-04,2080,4,6.222761596132503,12.891298638721189,-6.668537042588686
MOHC,UKESM1-0-LL,r1i1p1f2,gn,ssp585,2080-05,2080,5,4.310658839849654,12.12182555549293,-7.811166715643275
MOHC,UKESM1-0-LL,r1i1p1f2,gn,ssp585,2080-06,2080,6,0.9042698041165422,10.56014229872586,-9.65587249460932
MOHC,UKESM1-0-LL,r1i1p1f2,gn,ssp585,2080-07,2080,7,0.023505897580807435,8.377659541961345,-8.354153644380537
MOHC,UKESM1-0-LL,r1i1p1f2,gn,ssp585,2080-08,2080,8,0.0006534330935678175,6.494668399593875,-6.494014966500307
MOHC,UKESM1-0-LL,r1i1p1f2,gn,ssp585,2080-09,2080,9,2.567376732216322e-05,6.742467621996264,-6.742441948228942
MOHC,UKESM1-0-LL,r1i1p1f2,gn,ssp585,2080-10,2080,10,0.004443858933358467,8.456494308873493,-8.452050449940135
MOHC,UKESM1-0-LL,r1i1p1f2,gn,ssp585,2080-11,2080,11,0.07197259335775333,10.63141795782804,-10.559445364470287
MOHC,UKESM1-0-LL,r1i1p1f2,gn,ssp585,2080-12,2080,12,0.6223852665167612,12.183681407006313,-11.561296140489551
MOHC,UKESM1-0-LL,r1i1p1f2,gn,ssp585,2081-01,2081,1,2.1029449983290434,12.841069732324511,-10.738124733995468
MOHC,UKESM1-0-LL,r1i1p1f2,gn,ssp585,2081-02,2081,2,3.7659850672232684,13.052575440590799,-9.286590373367531
MOHC,UKESM1-0-LL,r1i1p1f2,gn,ssp585,2081-03,2081,3,5.533055771213595,13.084475311238052,-7.551419540024456
MOHC,UKESM1-0-LL,r1i1p1f2,gn,ssp585,2081-04,2081,4,5.9970964417878125,12.891298638721189,-6.894202196933376
MOHC,UKESM1-0-LL,r1i1p1f2,gn,ssp585,2081-05,2081,5,4.259222412858241,12.12182555549293,-7.862603142634688
MOHC,UKESM1-0-LL,r1i1p1f2,gn,ssp585,2081-06,2081,6,0.8899645511307885,10.56014229872586,-9.670177747595073
MOHC,UKESM1-0-LL,r1i1p1f2,gn,ssp585,2081-07,2081,7,0.025881203663146196,8.377659541961345,-8.351778338298198
MOHC,UKESM1-0-LL,r1i1p1f2,gn,ssp585,2081-08,2081,8,0.0006289924935311973,6.494668399593875,-6.494039407100344
MOHC,UKESM1-0-LL,r1i1p1f2,gn,ssp585,2081-09,2081,9,1.9420769213743127e-05,6.742467621996264,-6.74244820122705
MOHC,UKESM1-0-LL,r1i1p1f2,gn,ssp585,2081-10,2081,10,0.004013418246656106,8.456494308873493,-8.452480890626838
MOHC,UKESM1-0-LL,r1i1p1f2,gn,ssp585,2081-11,2081,11,0.10166208717377133,10.63141795782804,-10.529755870654268
MOHC,UKESM1-0-LL,r1i1p1f2,gn,ssp585,2081-12,2081,12,0.6452985435330522,12.183681407006313,-11.538382863473261
MOHC,UKESM1-0-LL,r1i1p1f2,gn,ssp585,2082-01,2082,1,2.4741064886189803,12.841069732324511,-10.36696324370553
MOHC,UKESM1-0-LL,r1i1p1f2,gn,ssp585,2082-02,2082,2,4.121292479070067,13.052575440590799,-8.931282961520733
MOHC,UKESM1-0-LL,r1i1p1f2,gn,ssp585,2082-03,2082,3,5.798835406637352,13.084475311238052,-7.2856399046007
MOHC,UKESM1-0-LL,r1i1p1f2,gn,ssp585,2082-04,2082,4,6.548847294107228,12.891298638721189,-6.342451344613961
MOHC,UKESM1-0-LL,r1i1p1f2,gn,ssp585,2082-05,2082,5,4.975738368280066,12.12182555549293,-7.1460871872128635
MOHC,UKESM1-0-LL,r1i1p1f2,gn,ssp585,2082-06,2082,6,1.0447433992808897,10.56014229872586,-9.515398899444971
MOHC,UKESM1-0-LL,r1i1p1f2,gn,ssp585,2082-07,2082,7,0.027033658923420252,8.377659541961345,-8.350625883037925
MOHC,UKESM1-0-LL,r1i1p1f2,gn,ssp585,2082-08,2082,8,0.0010102710013655,6.494668399593875,-6.49365812859251
MOHC,UKESM1-0-LL,r1i1p1f2,gn,ssp585,2082-09,2082,9,7.172013204811288e-05,6.742467621996264,-6.7423959018642154
MOHC,UKESM1-0-LL,r1i1p1f2,gn,ssp585,2082-10,2082,10,0.02010060357155564,8.456494308873493,-8.436393705301937
MOHC,UKESM1-0-LL,r1i1p1f2,gn,ssp585,2082-11,2082,11,0.1702250725884921,10.63141795782804,-10.461192885239548
MOHC,UKESM1-0-LL,r1i1p1f2,gn,ssp585,2082-12,2082,12,0.7512570780612018,12.183681407006313,-11.43242432894511
MOHC,UKESM1-0-LL,r1i1p1f2,gn,ssp585,2083-01,2083,1,2.186513195775173,12.841069732324511,-10.654556536549338
MOHC,UKESM1-0-LL,r1i1p1f2,gn,ssp585,2083-02,2083,2,4.162393839511335,13.052575440590799,-8.890181601079464
MOHC,UKESM1-0-LL,r1i1p1f2,gn,ssp585,2083-03,2083,3,6.063869841629198,13.084475311238052,-7.020605469608854
MOHC,UKESM1-0-LL,r1i1p1f2,gn,ssp585,2083-04,2083,4,6.298692658723665,12.891298638721189,-6.592605979997524
MOHC,UKESM1-0-LL,r1i1p1f2,gn,ssp585,2083-05,2083,5,4.38709960893775,12.12182555549293,-7.734725946555179
MOHC,UKESM1-0-LL,r1i1p1f2,gn,ssp585,2083-06,2083,6,0.8039540710361247,10.56014229872586,-9.756188227689735
MOHC,UKESM1-0-LL,r1i1p1f2,gn,ssp585,2083-07,2083,7,0.01784971196917008,8.377659541961345,-8.359809829992175
MOHC,UKESM1-0-LL,r1i1p1f2,gn,ssp585,2083-08,2083,8,0.0006241022043318241,6.494668399593875,-6.494044297389544
MOHC,UKESM1-0-LL,r1i1p1f2,gn,ssp585,2083-09,2083,9,2.8375457743161794e-05,6.742467621996264,-6.74243924653852
MOHC,UKESM1-0-LL,r1i1p1f2,gn,ssp585,2083-10,2083,10,0.002593402330939933,8.456494308873493,-8.453900906542554
MOHC,UKESM1-0-LL,r1i1p1f2,gn,ssp585,2083-11,2083,11,0.12161455847176057,10.63141795782804,-10.50980339935628
MOHC,UKESM1-0-LL,r1i1p1f2,gn,ssp585,2083-12,2083,12,0.655695200158848,12.183681407006313,-11.527986206847466
MOHC,UKESM1-0-LL,r1i1p1f2,gn,ssp585,2084-01,2084,1,1.6657365690712769,12.841069732324511,-11.175333163253235
MOHC,UKESM1-0-LL,r1i1p1f2,gn,ssp585,2084-02,2084,2,3.096426992503709,13.052575440590799,-9.95614844808709
MOHC,UKESM1-0-LL,r1i1p1f2,gn,ssp585,2084-03,2084,3,4.6727938199157135,13.084475311238052,-8.411681491322337
MOHC,UKESM1-0-LL,r1i1p1f2,gn,ssp585,2084-04,2084,4,5.057440750027584,12.891298638721189,-7.833857888693605
MOHC,UKESM1-0-LL,r1i1p1f2,gn,ssp585,2084-05,2084,5,3.473409251539324,12.12182555549293,-8.648416303953606
MOHC,UKESM1-0-LL,r1i1p1f2,gn,ssp585,2084-06,2084,6,0.6825700923479796,10.56014229872586,-9.87757220637788
MOHC,UKESM1-0-LL,r1i1p1f2,gn,ssp585,2084-07,2084,7,0.014002487548772518,8.377659541961345,-8.363657054412572
MOHC,UKESM1-0-LL,r1i1p1f2,gn,ssp585,2084-08,2084,8,0.00038082075521681343,6.494668399593875,-6.494287578838659
MOHC,UKESM1-0-LL,r1i1p1f2,gn,ssp585,2084-09,2084,9,1.3557767476471514e-05,6.742467621996264,-6.742454064228787
MOHC,UKESM1-0-LL,r1i1p1f2,gn,ssp585,2084-10,2084,10,0.004454039782092399,8.456494308873493,-8.4520402690914
MOHC,UKESM1-0-LL,r1i1p1f2,gn,ssp585,2084-11,2084,11,0.10064404228298503,10.63141795782804,-10.530773915545055
MOHC,UKESM1-0-LL,r1i1p1f2,gn,ssp585,2084-12,2084,12,0.42630402838407033,12.183681407006313,-11.757377378622243
MOHC,UKESM1-0-LL,r1i1p1f2,gn,ssp585,2085-01,2085,1,1.4501437870936036,12.841069732324511,-11.390925945230908
MOHC,UKESM1-0-LL,r1i1p1f2,gn,ssp585,2085-02,2085,2,2.619073226263344,13.052575440590799,-10.433502214327454
MOHC,UKESM1-0-LL,r1i1p1f2,gn,ssp585,2085-03,2085,3,3.733828562749671,13.084475311238052,-9.35064674848838
MOHC,UKESM1-0-LL,r1i1p1f2,gn,ssp585,2085-04,2085,4,4.053729268673473,12.891298638721189,-8.837569370047715
MOHC,UKESM1-0-LL,r1i1p1f2,gn,ssp585,2085-05,2085,5,2.5574657583561864,12.12182555549293,-9.564359797136742
MOHC,UKESM1-0-LL,r1i1p1f2,gn,ssp585,2085-06,2085,6,0.2748611781266988,10.56014229872586,-10.285281120599162
MOHC,UKESM1-0-LL,r1i1p1f2,gn,ssp585,2085-07,2085,7,0.003931473505333349,8.377659541961345,-8.37372806845601
MOHC,UKESM1-0-LL,r1i1p1f2,gn,ssp585,2085-08,2085,8,0.00013703680446315938,6.494668399593875,-6.494531362789412
MOHC,UKESM1-0-LL,r1i1p1f2,gn,ssp585,2085-09,2085,9,4.456373073263261e-06,6.742467621996264,-6.742463165623191
MOHC,UKESM1-0-LL,r1i1p1f2,gn,ssp585,2085-10,2085,10,0.00035061112267228506,8.456494308873493,-8.456143697750822
MOHC,UKESM1-0-LL,r1i1p1f2,gn,ssp585,2085-11,2085,11,0.05052108838775866,10.63141795782804,-10.58089686944028
MOHC,UKESM1-0-LL,r1i1p1f2,gn,ssp585,2085-12,2085,12,0.42612234508287977,12.183681407006313,-11.757559061923434
MOHC,UKESM1-0-LL,r1i1p1f2,gn,ssp585,2086-01,2086,1,1.5840537846622826,12.841069732324511,-11.257015947662229
MOHC,UKESM1-0-LL,r1i1p1f2,gn,ssp585,2086-02,2086,2,3.230131990884574,13.052575440590799,-9.822443449706224
MOHC,UKESM1-0-LL,r1i1p1f2,gn,ssp585,2086-03,2086,3,4.478373747057644,13.084475311238052,-8.606101564180408
MOHC,UKESM1-0-LL,r1i1p1f2,gn,ssp585,2086-04,2086,4,4.810887389575435,12.891298638721189,-8.080411249145754
MOHC,UKESM1-0-LL,r1i1p1f2,gn,ssp585,2086-05,2086,5,2.9921810023657813,12.12182555549293,-9.129644553127148
MOHC,UKESM1-0-LL,r1i1p1f2,gn,ssp585,2086-06,2086,6,0.45387553715028167,10.56014229872586,-10.10626676157558
MOHC,UKESM1-0-LL,r1i1p1f2,gn,ssp585,2086-07,2086,7,0.011683415938061886,8.377659541961345,-8.365976126023282
MOHC,UKESM1-0-LL,r1i1p1f2,gn,ssp585,2086-08,2086,8,0.00015140825611504674,6.494668399593875,-6.49451699133776
MOHC,UKESM1-0-LL,r1i1p1f2,gn,ssp585,2086-09,2086,9,1.0555753772293471e-06,6.742467621996264,-6.7424665664208865
MOHC,UKESM1-0-LL,r1i1p1f2,gn,ssp585,2086-10,2086,10,0.00012832975580667744,8.456494308873493,-8.456365979117686
MOHC,UKESM1-0-LL,r1i1p1f2,gn,ssp585,2086-11,2086,11,0.02884963288886755,10.63141795782804,-10.602568324939172
MOHC,UKESM1-0-LL,r1i1p1f2,gn,ssp585,2086-12,2086,12,0.3065708142825707,12.183681407006313,-11.877110592723742
MOHC,UKESM1-0-LL,r1i1p1f2,gn,ssp585,2087-01,2087,1,1.32882661875242,12.841069732324511,-11.512243113572092
MOHC,UKESM1-0-LL,r1i1p1f2,gn,ssp585,2087-02,2087,2,2.5291274822345917,13.052575440590799,-10.523447958356208
MOHC,UKESM1-0-LL,r1i1p1f2,gn,ssp585,2087-03,2087,3,3.4396698183466365,13.084475311238052,-9.644805492891415
MOHC,UKESM1-0-LL,r1i1p1f2,gn,ssp585,2087-04,2087,4,3.149834223352889,12.891298638721189,-9.7414644153683
MOHC,UKESM1-0-LL,r1i1p1f2,gn,ssp585,2087-05,2087,5,1.858197564748859,12.12182555549293,-10.26362799074407
MOHC,UKESM1-0-LL,r1i1p1f2,gn,ssp585,2087-06,2087,6,0.2162432200222143,10.56014229872586,-10.343899078703647
MOHC,UKESM1-0-LL,r1i1p1f2,gn,ssp585,2087-07,2087,7,0.004093324153518934,8.377659541961345,-8.373566217807825
MOHC,UKESM1-0-LL,r1i1p1f2,gn,ssp585,2087-08,2087,8,0.00011592535123283298,6.494668399593875,-6.494552474242642
MOHC,UKESM1-0-LL,r1i1p1f2,gn,ssp585,2087-09,2087,9,4.992276451881913e-06,6.742467621996264,-6.742462629719812
MOHC,UKESM1-0-LL,r1i1p1f2,gn,ssp585,2087-10,2087,10,5.2125404778905476e-05,8.456494308873493,-8.456442183468715
MOHC,UKESM1-0-LL,r1i1p1f2,gn,ssp585,2087-11,2087,11,0.011333695148240465,10.63141795782804,-10.6200842626798
MOHC,UKESM1-0-LL,r1i1p1f2,gn,ssp585,2087-12,2087,12,0.20593926605911078,12.183681407006313,-11.977742140947202
MOHC,UKESM1-0-LL,r1i1p1f2,gn,ssp585,2088-01,2088,1,0.9745443661499511,12.841069732324511,-11.86652536617456
MOHC,UKESM1-0-LL,r1i1p1f2,gn,ssp585,2088-02,2088,2,2.2055016051844474,13.052575440590799,-10.847073835406352
MOHC,UKESM1-0-LL,r1i1p1f2,gn,ssp585,2088-03,2088,3,3.092874599968111,13.084475311238052,-9.99160071126994
MOHC,UKESM1-0-LL,r1i1p1f2,gn,ssp585,2088-04,2088,4,2.7782237310912925,12.891298638721189,-10.113074907629896
MOHC,UKESM1-0-LL,r1i1p1f2,gn,ssp585,2088-05,2088,5,1.6118021197911117,12.12182555549293,-10.510023435701818
MOHC,UKESM1-0-LL,r1i1p1f2,gn,ssp585,2088-06,2088,6,0.16787546008112997,10.56014229872586,-10.392266838644732
MOHC,UKESM1-0-LL,r1i1p1f2,gn,ssp585,2088-07,2088,7,0.001800695769501236,8.377659541961345,-8.375858846191843
MOHC,UKESM1-0-LL,r1i1p1f2,gn,ssp585,2088-08,2088,8,3.601025172034252e-05,6.494668399593875,-6.494632389342155
MOHC,UKESM1-0-LL,r1i1p1f2,gn,ssp585,2088-09,2088,9,3.438936908753081e-07,6.742467621996264,-6.7424672781025725
MOHC,UKESM1-0-LL,r1i1p1f2,gn,ssp585,2088-10,2088,10,1.5756535302519816e-05,8.456494308873493,-8.45647855233819
MOHC,UKESM1-0-LL,r1i1p1f2,gn,ssp585,2088-11,2088,11,0.005701760874840497,10.63141795782804,-10.6257161969532
MOHC,UKESM1-0-LL,r1i1p1f2,gn,ssp585,2088-12,2088,12,0.2714819733241284,12.183681407006313,-11.912199433682185
MOHC,UKESM1-0-LL,r1i1p1f2,gn,ssp585,2089-01,2089,1,1.2690515770447544,12.841069732324511,-11.572018155279757
MOHC,UKESM1-0-LL,r1i1p1f2,gn,ssp585,2089-02,2089,2,2.5199360308891317,13.052575440590799,-10.532639409701666
MOHC,UKESM1-0-LL,r1i1p1f2,gn,ssp585,2089-03,2089,3,3.43935893311646,13.084475311238052,-9.645116378121593
MOHC,UKESM1-0-LL,r1i1p1f2,gn,ssp585,2089-04,2089,4,3.1199321546257264,12.891298638721189,-9.771366484095463
MOHC,UKESM1-0-LL,r1i1p1f2,gn,ssp585,2089-05,2089,5,1.8099986224869227,12.12182555549293,-10.311826933006007
MOHC,UKESM1-0-LL,r1i1p1f2,gn,ssp585,2089-06,2089,6,0.16930128580724732,10.56014229872586,-10.390841012918614
MOHC,UKESM1-0-LL,r1i1p1f2,gn,ssp585,2089-07,2089,7,0.0018289518247754035,8.377659541961345,-8.37583059013657
MOHC,UKESM1-0-LL,r1i1p1f2,gn,ssp585,2089-08,2089,8,2.8078498435493228e-05,6.494668399593875,-6.4946403210954395
MOHC,UKESM1-0-LL,r1i1p1f2,gn,ssp585,2089-09,2089,9,1.4614628005240728e-08,6.742467621996264,-6.742467607381636
MOHC,UKESM1-0-LL,r1i1p1f2,gn,ssp585,2089-10,2089,10,0.00024309206611855446,8.456494308873493,-8.456251216807374
MOHC,UKESM1-0-LL,r1i1p1f2,gn,ssp585,2089-11,2089,11,0.02704902380387339,10.63141795782804,-10.604368934024167
MOHC,UKESM1-0-LL,r1i1p1f2,gn,ssp585,2089-12,2089,12,0.18973629573029033,12.183681407006313,-11.993945111276023
MOHC,UKESM1-0-LL,r1i1p1f2,gn,ssp585,2090-01,2090,1,0.9089437084151074,12.841069732324511,-11.932126023909404
MOHC,UKESM1-0-LL,r1i1p1f2,gn,ssp585,2090-02,2090,2,2.0164343903137447,13.052575440590799,-11.036141050277054
MOHC,UKESM1-0-LL,r1i1p1f2,gn,ssp585,2090-03,2090,3,2.718438270877751,13.084475311238052,-10.3660370403603
MOHC,UKESM1-0-LL,r1i1p1f2,gn,ssp585,2090-04,2090,4,2.6900953615152936,12.891298638721189,-10.201203277205895
MOHC,UKESM1-0-LL,r1i1p1f2,gn,ssp585,2090-05,2090,5,1.5492571402618625,12.12182555549293,-10.572568415231068
MOHC,UKESM1-0-LL,r1i1p1f2,gn,ssp585,2090-06,2090,6,0.09455301399361653,10.56014229872586,-10.465589284732244
MOHC,UKESM1-0-LL,r1i1p1f2,gn,ssp585,2090-07,2090,7,0.0009808603674224155,8.377659541961345,-8.376678681593923
MOHC,UKESM1-0-LL,r1i1p1f2,gn,ssp585,2090-08,2090,8,1.8708485422196133e-05,6.494668399593875,-6.494649691108453
MOHC,UKESM1-0-LL,r1i1p1f2,gn,ssp585,2090-09,2090,9,4.8257182660146667e-08,6.742467621996264,-6.742467573739082
MOHC,UKESM1-0-LL,r1i1p1f2,gn,ssp585,2090-10,2090,10,0.0008261304057442682,8.456494308873493,-8.455668178467748
MOHC,UKESM1-0-LL,r1i1p1f2,gn,ssp585,2090-11,2090,11,0.023759549591630374,10.63141795782804,-10.607658408236409
MOHC,UKESM1-0-LL,r1i1p1f2,gn,ssp585,2090-12,2090,12,0.2833926359042678,12.183681407006313,-11.900288771102046
MOHC,UKESM1-0-LL,r1i1p1f2,gn,ssp585,2091-01,2091,1,1.0744947552099717,12.841069732324511,-11.766574977114539
MOHC,UKESM1-0-LL,r1i1p1f2,gn,ssp585,2091-02,2091,2,2.0468930255016966,13.052575440590799,-11.005682415089101
MOHC,UKESM1-0-LL,r1i1p1f2,gn,ssp585,2091-03,2091,3,2.5960718875330158,13.084475311238052,-10.488403423705035
MOHC,UKESM1-0-LL,r1i1p1f2,gn,ssp585,2091-04,2091,4,2.426140381505002,12.891298638721189,-10.465158257216187
MOHC,UKESM1-0-LL,r1i1p1f2,gn,ssp585,2091-05,2091,5,1.4113735284716764,12.12182555549293,-10.710452027021253
MOHC,UKESM1-0-LL,r1i1p1f2,gn,ssp585,2091-06,2091,6,0.11735546131391679,10.56014229872586,-10.442786837411944
MOHC,UKESM1-0-LL,r1i1p1f2,gn,ssp585,2091-07,2091,7,0.0015205649687865706,8.377659541961345,-8.376138976992559
MOHC,UKESM1-0-LL,r1i1p1f2,gn,ssp585,2091-08,2091,8,1.6316908327708558e-05,6.494668399593875,-6.494652082685548
MOHC,UKESM1-0-LL,r1i1p1f2,gn,ssp585,2091-09,2091,9,0.0,6.742467621996264,-6.742467621996264
MOHC,UKESM1-0-LL,r1i1p1f2,gn,ssp585,2091-10,2091,10,0.00040903018417069194,8.456494308873493,-8.456085278689322
MOHC,UKESM1-0-LL,r1i1p1f2,gn,ssp585,2091-11,2091,11,0.009642217184634231,10.63141795782804,-10.621775740643406
MOHC,UKESM1-0-LL,r1i1p1f2,gn,ssp585,2091-12,2091,12,0.17291570311772764,12.183681407006313,-12.010765703888586
MOHC,UKESM1-0-LL,r1i1p1f2,gn,ssp585,2092-01,2092,1,0.8873826989745638,12.841069732324511,-11.953687033349947
MOHC,UKESM1-0-LL,r1i1p1f2,gn,ssp585,2092-02,2092,2,1.7880136769642532,13.052575440590799,-11.264561763626546
MOHC,UKESM1-0-LL,r1i1p1f2,gn,ssp585,2092-03,2092,3,2.4418070782945316,13.084475311238052,-10.642668232943521
MOHC,UKESM1-0-LL,r1i1p1f2,gn,ssp585,2092-04,2092,4,2.2370584501615802,12.891298638721189,-10.654240188559609
MOHC,UKESM1-0-LL,r1i1p1f2,gn,ssp585,2092-05,2092,5,1.274427829352081,12.12182555549293,-10.847397726140848
MOHC,UKESM1-0-LL,r1i1p1f2,gn,ssp585,2092-06,2092,6,0.11355343981682442,10.56014229872586,-10.446588858909037
MOHC,UKESM1-0-LL,r1i1p1f2,gn,ssp585,2092-07,2092,7,0.001308949435054485,8.377659541961345,-8.37635059252629
MOHC,UKESM1-0-LL,r1i1p1f2,gn,ssp585,2092-08,2092,8,1.9949335043307102e-05,6.494668399593875,-6.494648450258832
MOHC,UKESM1-0-LL,r1i1p1f2,gn,ssp585,2092-09,2092,9,6.141152936535671e-08,6.742467621996264,-6.742467560584735
MOHC,UKESM1-0-LL,r1i1p1f2,gn,ssp585,2092-10,2092,10,0.000484083777900303,8.456494308873493,-8.456010225095593
MOHC,UKESM1-0-LL,r1i1p1f2,gn,ssp585,2092-11,2092,11,0.005711555390815998,10.63141795782804,-10.625706402437224
MOHC,UKESM1-0-LL,r1i1p1f2,gn,ssp585,2092-12,2092,12,0.1224797903049363,12.183681407006313,-12.061201616701377
MOHC,UKESM1-0-LL,r1i1p1f2,gn,ssp585,2093-01,2093,1,0.7270659656019414,12.841069732324511,-12.11400376672257
MOHC,UKESM1-0-LL,r1i1p1f2,gn,ssp585,2093-02,2093,2,1.8423768309138724,13.052575440590799,-11.210198609676926
MOHC,UKESM1-0-LL,r1i1p1f2,gn,ssp585,2093-03,2093,3,2.404608756761826,13.084475311238052,-10.679866554476225
MOHC,UKESM1-0-LL,r1i1p1f2,gn,ssp585,2093-04,2093,4,2.0533393394108446,12.891298638721189,-10.837959299310345
MOHC,UKESM1-0-LL,r1i1p1f2,gn,ssp585,2093-05,2093,5,1.242312673092164,12.12182555549293,-10.879512882400766
MOHC,UKESM1-0-LL,r1i1p1f2,gn,ssp585,2093-06,2093,6,0.12470396325512512,10.56014229872586,-10.435438335470735
MOHC,UKESM1-0-LL,r1i1p1f2,gn,ssp585,2093-07,2093,7,0.0028017832718085743,8.377659541961345,-8.374857758689537
MOHC,UKESM1-0-LL,r1i1p1f2,gn,ssp585,2093-08,2093,8,3.3188978186949004e-05,6.494668399593875,-6.494635210615688
MOHC,UKESM1-0-LL,r1i1p1f2,gn,ssp585,2093-09,2093,9,3.440105507019846e-07,6.742467621996264,-6.742467277985713
MOHC,UKESM1-0-LL,r1i1p1f2,gn,ssp585,2093-10,2093,10,0.000498844974009166,8.456494308873493,-8.455995463899484
MOHC,UKESM1-0-LL,r1i1p1f2,gn,ssp585,2093-11,2093,11,0.0053150189025024976,10.63141795782804,-10.626102938925538
MOHC,UKESM1-0-LL,r1i1p1f2,gn,ssp585,2093-12,2093,12,0.14462691552767012,12.183681407006313,-12.039054491478643
MOHC,UKESM1-0-LL,r1i1p1f2,gn,ssp585,2094-01,2094,1,0.8951336158587819,12.841069732324511,-11.94593611646573
MOHC,UKESM1-0-LL,r1i1p1f2,gn,ssp585,2094-02,2094,2,2.0263680467273266,13.052575440590799,-11.026207393863473
MOHC,UKESM1-0-LL,r1i1p1f2,gn,ssp585,2094-03,2094,3,2.754166529989385,13.084475311238052,-10.330308781248666
MOHC,UKESM1-0-LL,r1i1p1f2,gn,ssp585,2094-04,2094,4,2.3851617060669845,12.891298638721189,-10.506136932654204
MOHC,UKESM1-0-LL,r1i1p1f2,gn,ssp585,2094-05,2094,5,1.196725670491194,12.12182555549293,-10.925099885001735
MOHC,UKESM1-0-LL,r1i1p1f2,gn,ssp585,2094-06,2094,6,0.045059595424995935,10.56014229872586,-10.515082703300864
MOHC,UKESM1-0-LL,r1i1p1f2,gn,ssp585,2094-07,2094,7,0.0008207869558594208,8.377659541961345,-8.376838755005485
MOHC,UKESM1-0-LL,r1i1p1f2,gn,ssp585,2094-08,2094,8,8.750035772634806e-06,6.494668399593875,-6.494659649558103
MOHC,UKESM1-0-LL,r1i1p1f2,gn,ssp585,2094-09,2094,9,0.0,6.742467621996264,-6.742467621996264
MOHC,UKESM1-0-LL,r1i1p1f2,gn,ssp585,2094-10,2094,10,0.0005428998139046095,8.456494308873493,-8.455951409059589
MOHC,UKESM1-0-LL,r1i1p1f2,gn,ssp585,2094-11,2094,11,0.0030451313207666584,10.63141795782804,-10.628372826507274
MOHC,UKESM1-0-LL,r1i1p1f2,gn,ssp585,2094-12,2094,12,0.14844710823960172,12.183681407006313,-12.035234298766712
MOHC,UKESM1-0-LL,r1i1p1f2,gn,ssp585,2095-01,2095,1,0.8355607819887251,12.841069732324511,-12.005508950335786
MOHC,UKESM1-0-LL,r1i1p1f2,gn,ssp585,2095-02,2095,2,1.7046391913602341,13.052575440590799,-11.347936249230564
MOHC,UKESM1-0-LL,r1i1p1f2,gn,ssp585,2095-03,2095,3,2.563113724919737,13.084475311238052,-10.521361586318314
MOHC,UKESM1-0-LL,r1i1p1f2,gn,ssp585,2095-04,2095,4,2.1985978056849502,12.891298638721189,-10.692700833036238
MOHC,UKESM1-0-LL,r1i1p1f2,gn,ssp585,2095-05,2095,5,0.9932586956107446,12.12182555549293,-11.128566859882184
MOHC,UKESM1-0-LL,r1i1p1f2,gn,ssp585,2095-06,2095,6,0.04586934604238356,10.56014229872586,-10.514272952683477
MOHC,UKESM1-0-LL,r1i1p1f2,gn,ssp585,2095-07,2095,7,0.0005615910750150555,8.377659541961345,-8.377097950886329
MOHC,UKESM1-0-LL,r1i1p1f2,gn,ssp585,2095-08,2095,8,5.3401459987044546e-06,6.494668399593875,-6.494663059447877
MOHC,UKESM1-0-LL,r1i1p1f2,gn,ssp585,2095-09,2095,9,3.506464927162137e-07,6.742467621996264,-6.7424672713497715
MOHC,UKESM1-0-LL,r1i1p1f2,gn,ssp585,2095-10,2095,10,2.401713288895298e-06,8.456494308873493,-8.456491907160204
MOHC,UKESM1-0-LL,r1i1p1f2,gn,ssp585,2095-11,2095,11,0.005970363924360405,10.63141795782804,-10.62544759390368
MOHC,UKESM1-0-LL,r1i1p1f2,gn,ssp585,2095-12,2095,12,0.16049782001539006,12.183681407006313,-12.023183586990923
MOHC,UKESM1-0-LL,r1i1p1f2,gn,ssp585,2096-01,2096,1,0.6899932935350205,12.841069732324511,-12.151076438789492
MOHC,UKESM1-0-LL,r1i1p1f2,gn,ssp585,2096-02,2096,2,1.675927514189722,13.052575440590799,-11.376647926401077
MOHC,UKESM1-0-LL,r1i1p1f2,gn,ssp585,2096-03,2096,3,2.260343564338773,13.084475311238052,-10.82413174689928
MOHC,UKESM1-0-LL,r1i1p1f2,gn,ssp585,2096-04,2096,4,2.0782625539559,12.891298638721189,-10.813036084765288
MOHC,UKESM1-0-LL,r1i1p1f2,gn,ssp585,2096-05,2096,5,1.1914886224391719,12.12182555549293,-10.930336933053757
MOHC,UKESM1-0-LL,r1i1p1f2,gn,ssp585,2096-06,2096,6,0.0910619334501977,10.56014229872586,-10.469080365275664
MOHC,UKESM1-0-LL,r1i1p1f2,gn,ssp585,2096-07,2096,7,0.001988633795789819,8.377659541961345,-8.375670908165555
MOHC,UKESM1-0-LL,r1i1p1f2,gn,ssp585,2096-08,2096,8,1.960297859406195e-05,6.494668399593875,-6.494648796615281
MOHC,UKESM1-0-LL,r1i1p1f2,gn,ssp585,2096-09,2096,9,2.7486011061884447e-06,6.742467621996264,-6.742464873395158
MOHC,UKESM1-0-LL,r1i1p1f2,gn,ssp585,2096-10,2096,10,0.0002701987787459431,8.456494308873493,-8.456224110094746
MOHC,UKESM1-0-LL,r1i1p1f2,gn,ssp585,2096-11,2096,11,0.007729074717779009,10.63141795782804,-10.62368888311026
MOHC,UKESM1-0-LL,r1i1p1f2,gn,ssp585,2096-12,2096,12,0.1598112667310137,12.183681407006313,-12.0238701402753
MOHC,UKESM1-0-LL,r1i1p1f2,gn,ssp585,2097-01,2097,1,0.792136441445341,12.841069732324511,-12.04893329087917
MOHC,UKESM1-0-LL,r1i1p1f2,gn,ssp585,2097-02,2097,2,1.9672260452352712,13.052575440590799,-11.085349395355527
MOHC,UKESM1-0-LL,r1i1p1f2,gn,ssp585,2097-03,2097,3,2.6792536258634674,13.084475311238052,-10.405221685374585
MOHC,UKESM1-0-LL,r1i1p1f2,gn,ssp585,2097-04,2097,4,2.4354994475452214,12.891298638721189,-10.455799191175966
MOHC,UKESM1-0-LL,r1i1p1f2,gn,ssp585,2097-05,2097,5,1.2619910612679135,12.12182555549293,-10.859834494225016
MOHC,UKESM1-0-LL,r1i1p1f2,gn,ssp585,2097-06,2097,6,0.0688388071106973,10.56014229872586,-10.491303491615163
MOHC,UKESM1-0-LL,r1i1p1f2,gn,ssp585,2097-07,2097,7,0.0008210318011525752,8.377659541961345,-8.376838510160193
MOHC,UKESM1-0-LL,r1i1p1f2,gn,ssp585,2097-08,2097,8,1.1509448966053062e-05,6.494668399593875,-6.494656890144909
MOHC,UKESM1-0-LL,r1i1p1f2,gn,ssp585,2097-09,2097,9,9.148461654249057e-09,6.742467621996264,-6.742467612847802
MOHC,UKESM1-0-LL,r1i1p1f2,gn,ssp585,2097-10,2097,10,0.0002516138066858801,8.456494308873493,-8.456242695066807
MOHC,UKESM1-0-LL,r1i1p1f2,gn,ssp585,2097-11,2097,11,0.004731519238342043,10.63141795782804,-10.626686438589697
MOHC,UKESM1-0-LL,r1i1p1f2,gn,ssp585,2097-12,2097,12,0.09300268991498185,12.183681407006313,-12.09067871709133
MOHC,UKESM1-0-LL,r1i1p1f2,gn,ssp585,2098-01,2098,1,0.6433298118199573,12.841069732324511,-12.197739920504555
MOHC,UKESM1-0-LL,r1i1p1f2,gn,ssp585,2098-02,2098,2,1.6143628959881697,13.052575440590799,-11.438212544602628
MOHC,UKESM1-0-LL,r1i1p1f2,gn,ssp585,2098-03,2098,3,2.543905058813637,13.084475311238052,-10.540570252424414
MOHC,UKESM1-0-LL,r1i1p1f2,gn,ssp585,2098-04,2098,4,2.4127248801859404,12.891298638721189,-10.478573758535248
MOHC,UKESM1-0-LL,r1i1p1f2,gn,ssp585,2098-05,2098,5,1.3162607329539346,12.12182555549293,-10.805564822538994
MOHC,UKESM1-0-LL,r1i1p1f2,gn,ssp585,2098-06,2098,6,0.10371483482134244,10.56014229872586,-10.456427463904518
MOHC,UKESM1-0-LL,r1i1p1f2,gn,ssp585,2098-07,2098,7,0.0013528319544542022,8.377659541961345,-8.37630671000689
MOHC,UKESM1-0-LL,r1i1p1f2,gn,ssp585,2098-08,2098,8,2.212502355399142e-05,6.494668399593875,-6.4946462745703215
MOHC,UKESM1-0-LL,r1i1p1f2,gn,ssp585,2098-09,2098,9,1.182272408881674e-06,6.742467621996264,-6.742466439723855
MOHC,UKESM1-0-LL,r1i1p1f2,gn,ssp585,2098-10,2098,10,0.0004542514110721941,8.456494308873493,-8.45604005746242
MOHC,UKESM1-0-LL,r1i1p1f2,gn,ssp585,2098-11,2098,11,0.016057283122745396,10.63141795782804,-10.615360674705295
MOHC,UKESM1-0-LL,r1i1p1f2,gn,ssp585,2098-12,2098,12,0.23844586871834358,12.183681407006313,-11.94523553828797
MOHC,UKESM1-0-LL,r1i1p1f2,gn,ssp585,2099-01,2099,1,0.8456267035074224,12.841069732324511,-11.995443028817089
MOHC,UKESM1-0-LL,r1i1p1f2,gn,ssp585,2099-02,2099,2,1.6032722872082827,13.052575440590799,-11.449303153382516
MOHC,UKESM1-0-LL,r1i1p1f2,gn,ssp585,2099-03,2099,3,2.153807655525682,13.084475311238052,-10.93066765571237
MOHC,UKESM1-0-LL,r1i1p1f2,gn,ssp585,2099-04,2099,4,1.7936195785161133,12.891298638721189,-11.097679060205076
MOHC,UKESM1-0-LL,r1i1p1f2,gn,ssp585,2099-05,2099,5,0.8626864745024546,12.12182555549293,-11.259139080990474
MOHC,UKESM1-0-LL,r1i1p1f2,gn,ssp585,2099-06,2099,6,0.02795508473907523,10.56014229872586,-10.532187213986786
MOHC,UKESM1-0-LL,r1i1p1f2,gn,ssp585,2099-07,2099,7,0.00036921273014870745,8.377659541961345,-8.377290329231196
MOHC,UKESM1-0-LL,r1i1p1f2,gn,ssp585,2099-08,2099,8,3.803737557964306e-06,6.494668399593875,-6.494664595856317
MOHC,UKESM1-0-LL,r1i1p1f2,gn,ssp585,2099-09,2099,9,0.0,6.742467621996264,-6.742467621996264
MOHC,UKESM1-0-LL,r1i1p1f2,gn,ssp585,2099-10,2099,10,8.026421673862503e-05,8.456494308873493,-8.456414044656755
MOHC,UKESM1-0-LL,r1i1p1f2,gn,ssp585,2099-11,2099,11,0.002246466986160536,10.63141795782804,-10.629171490841879
MOHC,UKESM1-0-LL,r1i1p1f2,gn,ssp585,2099-12,2099,12,0.05471451348981374,12.183681407006313,-12.1289668935165
MOHC,UKESM1-0-LL,r1i1p1f2,gn,ssp585,2100-01,2100,1,0.6654236585866591,12.841069732324511,-12.175646073737852
MOHC,UKESM1-0-LL,r1i1p1f2,gn,ssp585,2100-02,2100,2,1.4976576894794398,13.052575440590799,-11.55491775111136
MOHC,UKESM1-0-LL,r1i1p1f2,gn,ssp585,2100-03,2100,3,2.1288248080141,13.084475311238052,-10.955650503223952
MOHC,UKESM1-0-LL,r1i1p1f2,gn,ssp585,2100-04,2100,4,1.8893249687501739,12.891298638721189,-11.001973669971015
MOHC,UKESM1-0-LL,r1i1p1f2,gn,ssp585,2100-05,2100,5,0.9779258883750264,12.12182555549293,-11.143899667117903
MOHC,UKESM1-0-LL,r1i1p1f2,gn,ssp585,2100-06,2100,6,0.052403571485254256,10.56014229872586,-10.507738727240607
MOHC,UKESM1-0-LL,r1i1p1f2,gn,ssp585,2100-07,2100,7,0.0013245329876389938,8.377659541961345,-8.376335008973706
MOHC,UKESM1-0-LL,r1i1p1f2,gn,ssp585,2100-08,2100,8,5.5139983190525e-06,6.494668399593875,-6.494662885595556
MOHC,UKESM1-0-LL,r1i1p1f2,gn,ssp585,2100-09,2100,9,0.0,6.742467621996264,-6.742467621996264
MOHC,UKESM1-0-LL,r1i1p1f2,gn,ssp585,2100-10,2100,10,1.557331651387369e-05,8.456494308873493,-8.45647873555698
MOHC,UKESM1-0-LL,r1i1p1f2,gn,ssp585,2100-11,2100,11,0.0025104216493934393,10.63141795782804,-10.628907536178646
MOHC,UKESM1-0-LL,r1i1p1f2,gn,ssp585,2100-12,2100,12,0.11157659652580595,12.183681407006313,-12.072104810480507
