institution,source,member,grid,experiment,time,year,month,rsds_into_surface_Wm2,rlds_into_surface_Wm2,rsus_into_surface_Wm2,rlus_into_surface_Wm2,hfss_into_surface_Wm2,hfls_into_surface_Wm2,seb_Wm2,pi_clim_rsds_into_surface_Wm2,pi_clim_rlds_into_surface_Wm2,pi_clim_rsus_into_surface_Wm2,pi_clim_rlus_into_surface_Wm2,pi_clim_hfss_into_surface_Wm2,pi_clim_hfls_into_surface_Wm2,pi_clim_seb_Wm2,rsds_into_surface_Wm2_anom,rlds_into_surface_Wm2_anom,rsus_into_surface_Wm2_anom,rlus_into_surface_Wm2_anom,hfss_into_surface_Wm2_anom,hfls_into_surface_Wm2_anom,seb_anom_Wm2
INM,INM-CM5-0,r1i1p1f1,gr1,ssp370,2015-01,2015,1,2.4465465824430184,183.62676310746588,-1.0589649909702723,-240.06129561390304,-25.230241978052646,-29.42396315100456,-109.70115604402164,2.4522201368629597,180.0589790644654,-1.1211335706525247,-229.76434372975177,-20.539467023086623,-20.74641542870584,-89.66016055086838,-0.005673554419941329,3.567784043000472,0.06216857968225242,-10.29695188415127,-4.690774954966024,-8.67754772229872,-20.04099549315326
INM,INM-CM5-0,r1i1p1f1,gr1,ssp370,2015-02,2015,2,12.991371105999626,184.37772978055855,-6.840753885691455,-238.10456533501963,-23.242176933294107,-24.587458130618643,-95.40585339806563,13.598224813006102,178.40214269593704,-7.25840213575084,-227.77240753433253,-18.919405163125447,-19.26673802518699,-81.21658534945266,-0.6068537070064757,5.975587084621509,0.41764825005938544,-10.3321578006871,-4.322771770168661,-5.320720105431654,-14.189268048612973
INM,INM-CM5-0,r1i1p1f1,gr1,ssp370,2015-03,2015,3,54.74682172656334,203.61424496888208,-29.721372559854967,-254.69117148757897,-14.486819746705763,-20.80277558288506,-61.34107268157935,59.638888590245294,183.0204183320094,-35.62667115946799,-235.28367474041085,-15.251576236177188,-17.38433462970656,-60.88694984350788,-4.892066863681954,20.593826636872677,5.9052985996130225,-19.407496747168125,0.7647564894714254,-3.4184409531785,-0.4541228380714699
INM,INM-CM5-0,r1i1p1f1,gr1,ssp370,2015-04,2015,4,142.30139769682245,220.51794275269387,-75.8084820086613,-275.6103699702193,-10.118736976634365,-18.181091238775963,-16.89933974477468,155.3178734332641,203.4394340490368,-93.68494320584504,-261.3719090946296,-8.228404400565143,-14.007620385928949,-18.535569604667806,-13.016475736441663,17.078508703657064,17.876461197183744,-14.238460875589737,-1.8903325760692216,-4.173470852847014,1.6362298598931275
INM,INM-CM5-0,r1i1p1f1,gr1,ssp370,2015-05,2015,5,228.83112328834522,252.74168853390003,-106.72254417500318,-303.87003998785576,-1.9515146513271815,-10.78900282165763,58.239710186401524,247.34990174106002,237.36696451407164,-132.25247010732542,-294.5808684821893,-2.49212963594814,-10.76344882197312,44.6279492076957,-18.5187784527148,15.374724019828392,25.529925932322243,-9.289171505666445,0.5406149846209587,-0.025553999684511552,13.611760978705824
INM,INM-CM5-0,r1i1p1f1,gr1,ssp370,2015-06,2015,6,242.52874554050518,281.09292561430976,-91.32497031575056,-318.6365973816069,-0.08665841582010446,-8.61829266678739,104.95515237485003,265.2973791099498,267.9699629796378,-117.5893157180128,-313.22580703693666,-0.004244195873688736,-8.586026789214452,93.86194834955006,-22.76863356944463,13.122962634671978,26.264345402262236,-5.410790344670261,-0.08241421994641572,-0.03226587757293764,11.093204025299968
INM,INM-CM5-0,r1i1p1f1,gr1,ssp370,2015-07,2015,7,205.90352456818994,294.0103284399691,-63.039694194363456,-325.21974269843884,-0.09169682674261022,-7.5450691143933435,104.0176501742208,217.4716641061232,283.73718239268294,-82.41688316221644,-319.7754931447574,0.6158126923815513,-7.250053789737271,92.38222909447663,-11.568139537933263,10.273146047286161,19.37718896785298,-5.444249553681459,-0.7075095191241616,-0.29501532465607205,11.635421079744177
INM,INM-CM5-0,r1i1p1f1,gr1,ssp370,2015-08,2015,8,123.3401111640214,296.28498173823465,-32.068634526926665,-326.84505639711733,-0.7765915801871157,-9.230064185850305,50.70474621217463,137.99288070953398,280.3883142818284,-47.25680367253166,-317.4629669555353,-0.7458868537258483,-9.743392042762487,43.172145466807066,-14.652769545512584,15.896667456406249,15.188169145604995,-9.382089441582025,-0.03070472646126743,0.5133278569121824,7.532600745367567
INM,INM-CM5-0,r1i1p1f1,gr1,ssp370,2015-09,2015,9,58.22597969351403,273.7376691136799,-13.705670821804452,-315.05350199003874,-6.508992243581765,-19.986980344822946,-23.291496593053992,64.62605857660985,256.68731236752427,-20.084262079342775,-301.6967775674771,-5.800327218478942,-17.798728504042145,-24.066724425206903,-6.400078883095823,17.050356746155614,6.378591257538323,-13.356724422561626,-0.7086650251028228,-2.1882518407808007,0.7752278321529111
INM,INM-CM5-0,r1i1p1f1,gr1,ssp370,2015-10,2015,10,17.60703086585521,244.15991596571536,-3.3176798635393214,-297.7321310780759,-15.86474224574368,-29.499329689542254,-84.64693604533055,18.359786183230952,226.1713069815244,-4.58560456704604,-277.15181734399863,-16.27695982199056,-26.218753296679903,-79.70204186495977,-0.7527553173757404,17.98860898419096,1.267924703506719,-20.580313734077265,0.4122175762468796,-3.2805763928623506,-4.944894180370781
INM,INM-CM5-0,r1i1p1f1,gr1,ssp370,2015-11,2015,11,3.336331012048083,218.5054943899622,-0.42226281601871846,-276.5848729873552,-25.18671465882422,-33.300331710286166,-113.65235677047403,3.373616207685165,200.78103474652093,-0.6403541251953389,-253.7584501331604,-23.21293540517074,-27.089763709299525,-100.54685241861995,-0.03728519563708188,17.724459643441264,0.2180913091766204,-22.82642285419479,-1.973779253653479,-6.21056800098664,-13.10550435185408
INM,INM-CM5-0,r1i1p1f1,gr1,ssp370,2015-12,2015,12,0.9367708299856277,197.90936518391175,-0.23676073465541536,-253.98792821944167,-21.09135383620795,-24.38515741421875,-100.85506419062642,0.964180041922923,186.64826391094516,-0.31348832760597495,-237.90125991540202,-22.242226530874166,-23.201729997866106,-96.04626081888021,-0.027409211937295286,11.261101272966584,0.07672759295055959,-16.086668304039648,1.1508726946662158,-1.183427416352643,-4.808803371746208
INM,INM-CM5-0,r1i1p1f1,gr1,ssp370,2016-01,2016,1,2.3598796965107023,194.47132188644835,-1.0218015581182838,-246.25546324971862,-20.811178744576875,-25.297008360350805,-96.55425032980554,2.4522201368629597,180.0589790644654,-1.1211335706525247,-229.76434372975177,-20.539467023086623,-20.74641542870584,-89.66016055086838,-0.09234044035225741,14.412342821982946,0.09933201253424095,-16.491119519966844,-0.27171172149025224,-4.550592931644964,-6.894089778937158
INM,INM-CM5-0,r1i1p1f1,gr1,ssp370,2016-02,2016,2,13.264711386170024,188.7330523600896,-6.590589744357977,-241.10422564124676,-18.957983657360888,-22.015912633079814,-86.6709479297858,13.598224813006102,178.40214269593704,-7.25840213575084,-227.77240753433253,-18.919405163125447,-19.26673802518699,-81.21658534945266,-0.33351342683607754,10.330909664152557,0.6678123913928635,-13.331818106914227,-0.03857849423544124,-2.749174607892826,-5.4543625803331395
INM,INM-CM5-0,r1i1p1f1,gr1,ssp370,2016-03,2016,3,58.40127288618448,191.954502451344,-32.543368632388884,-245.6611637608578,-18.136491116823084,-21.47135694391824,-67.4566051164595,59.638888590245294,183.0204183320094,-35.62667115946799,-235.28367474041085,-15.251576236177188,-17.38433462970656,-60.88694984350788,-1.237615704060815,8.934084119334614,3.0833025270791055,-10.377489020446944,-2.884914880645896,-4.08702231421168,-6.569655272951621
INM,INM-CM5-0,r1i1p1f1,gr1,ssp370,2016-04,2016,4,152.3306351559095,211.85483487748687,-87.42713639655204,-270.6380210428274,-7.938288407781886,-15.155091327711652,-16.973067141476616,155.3178734332641,203.4394340490368,-93.68494320584504,-261.3719090946296,-8.228404400565143,-14.007620385928949,-18.535569604667806,-2.9872382773546065,8.41540082845006,6.257806809293001,-9.266111948197818,0.2901159927832575,-1.1474709417827036,1.5625024631911906
INM,INM-CM5-0,r1i1p1f1,gr1,ssp370,2016-05,2016,5,239.98541671619708,242.90063987470737,-119.98347722080177,-298.8626275225935,-3.4290215114416376,-12.098810944052229,48.51211939201528,247.34990174106002,237.36696451407164,-132.25247010732542,-294.5808684821893,-2.49212963594814,-10.76344882197312,44.6279492076957,-7.364485024862944,5.533675360635726,12.268992886523648,-4.281759040404211,-0.9368918754934974,-1.3353621220791094,3.8841701843195793
INM,INM-CM5-0,r1i1p1f1,gr1,ssp370,2016-06,2016,6,260.51059239394533,270.5648360888926,-108.91757330797317,-314.86539514337005,0.25333230845275057,-8.684107062061836,98.86168527788558,265.2973791099498,267.9699629796378,-117.5893157180128,-313.22580703693666,-0.004244195873688736,-8.586026789214452,93.86194834955006,-4.786786716004485,2.59487310925482,8.671742410039627,-1.6395881064333935,0.2575765043264393,-0.0980802728473833,4.999736928335523
INM,INM-CM5-0,r1i1p1f1,gr1,ssp370,2016-07,2016,7,220.2828959886326,285.77090352312496,-76.80863039156249,-322.0541743318387,0.5913757933617627,-6.730063981417073,101.05230660030111,217.4716641061232,283.73718239268294,-82.41688316221644,-319.7754931447574,0.6158126923815513,-7.250053789737271,92.38222909447663,2.8112318825093894,2.033721130442018,5.608252770653948,-2.278681187081304,-0.024436899019788627,0.5199898083201981,8.67007750582448
INM,INM-CM5-0,r1i1p1f1,gr1,ssp370,2016-08,2016,8,130.39650435217484,289.42728353418755,-37.74537130702706,-322.8073925187105,-0.15388981806981547,-9.137692664683122,49.97944157787189,137.99288070953398,280.3883142818284,-47.25680367253166,-317.4629669555353,-0.7458868537258483,-9.743392042762487,43.172145466807066,-7.596376357359134,9.038969252359152,9.511432365504604,-5.344425563175207,0.5919970356560328,0.6056993780793647,6.807296111064822
INM,INM-CM5-0,r1i1p1f1,gr1,ssp370,2016-09,2016,9,60.14803408885989,269.71732417444287,-15.41835653317266,-312.19533591329355,-5.722044603031845,-18.538138027094675,-22.008516813289944,64.62605857660985,256.68731236752427,-20.084262079342775,-301.6967775674771,-5.800327218478942,-17.798728504042145,-24.066724425206903,-4.478024487749963,13.030011806918594,4.665905546170114,-10.498558345816434,0.07828261544709658,-0.7394095230525295,2.0582076119169592
INM,INM-CM5-0,r1i1p1f1,gr1,ssp370,2016-10,2016,10,17.917635809551932,237.57698730265056,-3.410495613426731,-291.3875683736557,-18.191234765421353,-31.11055445351931,-88.6052300938206,18.359786183230952,226.1713069815244,-4.58560456704604,-277.15181734399863,-16.27695982199056,-26.218753296679903,-79.70204186495977,-0.44215037367902,11.40568032112617,1.1751089536193096,-14.23575102965708,-1.9142749434307937,-4.891801156839406,-8.903188228860827
INM,INM-CM5-0,r1i1p1f1,gr1,ssp370,2016-11,2016,11,3.254154936783044,221.81133399095967,-0.46639611252098045,-274.69467960029505,-20.29830174308852,-27.398701374963355,-97.79258990312519,3.373616207685165,200.78103474652093,-0.6403541251953389,-253.7584501331604,-23.21293540517074,-27.089763709299525,-100.54685241861995,-0.119461270902121,21.030299244438737,0.1739580126743584,-20.936229467134638,2.9146336620822204,-0.3089376656638301,2.7542625154947586
INM,INM-CM5-0,r1i1p1f1,gr1,ssp370,2016-12,2016,12,0.9217657415928207,203.09853985971571,-0.2696177232808231,-252.74517652780222,-17.644438038317833,-19.787377050320192,-86.42630373841251,0.964180041922923,186.64826391094516,-0.31348832760597495,-237.90125991540202,-22.242226530874166,-23.201729997866106,-96.04626081888021,-0.042414300330102295,16.450275948770553,0.04387060432515183,-14.843916612400193,4.597788492556333,3.4143529475459147,9.6199570804677
INM,INM-CM5-0,r1i1p1f1,gr1,ssp370,2017-01,2017,1,2.283511072417521,191.0959066209681,-0.9665901206562333,-242.97670339605042,-21.680024820755953,-24.355308248416367,-96.59920889249337,2.4522201368629597,180.0589790644654,-1.1211335706525247,-229.76434372975177,-20.539467023086623,-20.74641542870584,-89.66016055086838,-0.16870906444543854,11.03692755650269,0.15454344999629144,-13.212359666298653,-1.1405577976693309,-3.608892819710526,-6.939048341624982
INM,INM-CM5-0,r1i1p1f1,gr1,ssp370,2017-02,2017,2,12.976942593609468,190.58211827397247,-6.464744519622716,-239.84680133248804,-18.448732725000934,-21.91611552079711,-83.11733323032686,13.598224813006102,178.40214269593704,-7.25840213575084,-227.77240753433253,-18.919405163125447,-19.26673802518699,-81.21658534945266,-0.6212822193966332,12.179975578035425,0.7936576161281241,-12.074393798155512,0.4706724381245131,-2.6493774956101213,-1.9007478808742064
INM,INM-CM5-0,r1i1p1f1,gr1,ssp370,2017-03,2017,3,57.33986217619929,193.6437126295224,-32.3580208803577,-247.13970502327365,-16.619217162259282,-20.90533770598768,-66.03870596615663,59.638888590245294,183.0204183320094,-35.62667115946799,-235.28367474041085,-15.251576236177188,-17.38433462970656,-60.88694984350788,-2.299026414046004,10.623294297513013,3.2686502791102896,-11.856030282862804,-1.3676409260820943,-3.5210030762811186,-5.151756122648749
INM,INM-CM5-0,r1i1p1f1,gr1,ssp370,2017-04,2017,4,147.5209124721815,213.60757000783386,-85.80657905501349,-269.0544850615387,-9.255672407789215,-17.129491901014777,-20.117745945340786,155.3178734332641,203.4394340490368,-93.68494320584504,-261.3719090946296,-8.228404400565143,-14.007620385928949,-18.535569604667806,-7.796960961082618,10.168135958797052,7.878364150831558,-7.6825759669090985,-1.0272680072240714,-3.1218715150858287,-1.58217634067298
INM,INM-CM5-0,r1i1p1f1,gr1,ssp370,2017-05,2017,5,235.23760125712252,246.4502731257057,-118.01144512604635,-299.87893914426394,-2.1037331125443615,-11.791400243547253,49.902356756426336,247.34990174106002,237.36696451407164,-132.25247010732542,-294.5808684821893,-2.49212963594814,-10.76344882197312,44.6279492076957,-12.112300483937503,9.083308611634067,14.241024981279068,-5.298070662074622,0.3883965234037787,-1.0279514215741337,5.274407548730636
INM,INM-CM5-0,r1i1p1f1,gr1,ssp370,2017-06,2017,6,251.24913474646965,278.789692818386,-102.32868160171847,-317.43932656308505,0.5389400590449298,-7.852571048598743,102.9571884104983,265.2973791099498,267.9699629796378,-117.5893157180128,-313.22580703693666,-0.004244195873688736,-8.586026789214452,93.86194834955006,-14.048244363480165,10.81972983874823,15.260634116294327,-4.213519526148389,0.5431842549186185,0.7334557406157094,9.095240060948242
INM,INM-CM5-0,r1i1p1f1,gr1,ssp370,2017-07,2017,7,207.67656122903117,292.00120352881675,-71.85988962235555,-323.3548083729714,0.39260492364775923,-7.2829052983718565,97.5727663877969,217.4716641061232,283.73718239268294,-82.41688316221644,-319.7754931447574,0.6158126923815513,-7.250053789737271,92.38222909447663,-9.795102877092035,8.264021136133806,10.556993539860883,-3.579315228214,-0.2232077687337921,-0.03285150863458508,5.190537293320276
INM,INM-CM5-0,r1i1p1f1,gr1,ssp370,2017-08,2017,8,124.5765737870916,293.68595874381094,-34.6329465311719,-324.62462337895573,-1.478664597988123,-11.074106975735095,46.452191047051684,137.99288070953398,280.3883142818284,-47.25680367253166,-317.4629669555353,-0.7458868537258483,-9.743392042762487,43.172145466807066,-13.416306922442374,13.297644461982543,12.623857141359757,-7.161656423420425,-0.7327777442622747,-1.330714932972608,3.280045580244618
INM,INM-CM5-0,r1i1p1f1,gr1,ssp370,2017-09,2017,9,59.22450045919907,272.0301119434535,-14.406534174097237,-313.62407304492353,-4.3887919420878125,-17.065194368028756,-18.22998112648478,64.62605857660985,256.68731236752427,-20.084262079342775,-301.6967775674771,-5.800327218478942,-17.798728504042145,-24.066724425206903,-5.401558117410779,15.342799575929234,5.677727905245538,-11.927295477446421,1.4115352763911293,0.7335341360133896,5.836743298722123
INM,INM-CM5-0,r1i1p1f1,gr1,ssp370,2017-10,2017,10,17.390068610568047,240.35297681320492,-3.1959546238827876,-294.4976620933592,-17.686394401979133,-31.38136028190043,-89.0183259773486,18.359786183230952,226.1713069815244,-4.58560456704604,-277.15181734399863,-16.27695982199056,-26.218753296679903,-79.70204186495977,-0.9697175726629048,14.181669831680523,1.3896499431632527,-17.345844749360595,-1.4094345799885737,-5.162606985220528,-9.316284112388828
INM,INM-CM5-0,r1i1p1f1,gr1,ssp370,2017-11,2017,11,3.213062568725284,216.04177545717909,-0.4614833038394437,-270.88318726607383,-24.015351956865295,-31.419555285838197,-107.5247397867124,3.373616207685165,200.78103474652093,-0.6403541251953389,-253.7584501331604,-23.21293540517074,-27.089763709299525,-100.54685241861995,-0.16055363895988073,15.260740710658155,0.17887082135589516,-17.124737132913424,-0.8024165516945558,-4.329791576538671,-6.977887368092453
INM,INM-CM5-0,r1i1p1f1,gr1,ssp370,2017-12,2017,12,0.9615780375830869,201.3105784167848,-0.266067251343861,-254.50394403497265,-28.426403563539836,-31.449347087350997,-112.37360548283945,0.964180041922923,186.64826391094516,-0.31348832760597495,-237.90125991540202,-22.242226530874166,-23.201729997866106,-96.04626081888021,-0.0026020043398360393,14.662314505839646,0.04742107626211395,-16.602684119570625,-6.184177032665669,-8.24761708948489,-16.327344663959238
INM,INM-CM5-0,r1i1p1f1,gr1,ssp370,2018-01,2018,1,2.407407720611516,193.72023121498975,-1.065647415759268,-245.1102710051439,-20.18835064776434,-24.149348138245983,-94.38597827131221,2.4522201368629597,180.0589790644654,-1.1211335706525247,-229.76434372975177,-20.539467023086623,-20.74641542870584,-89.66016055086838,-0.04481241625144383,13.661252150524348,0.05548615489325681,-15.345927275392114,0.351116375322281,-3.402932709540142,-4.725817720443828
INM,INM-CM5-0,r1i1p1f1,gr1,ssp370,2018-02,2018,2,12.985472486803426,197.4673615682839,-6.392557704502759,-247.21203111340336,-21.54650475171812,-26.97378113512134,-91.67204064965826,13.598224813006102,178.40214269593704,-7.25840213575084,-227.77240753433253,-18.919405163125447,-19.26673802518699,-81.21658534945266,-0.612752326202676,19.06521887234686,0.8658444312480809,-19.439623579070826,-2.6270995885926745,-7.70704310993435,-10.4554553002056
INM,INM-CM5-0,r1i1p1f1,gr1,ssp370,2018-03,2018,3,56.080012848269874,204.94598485439514,-30.648464812006324,-254.17505851055614,-12.596781596792926,-17.729867978759867,-54.12417519545026,59.638888590245294,183.0204183320094,-35.62667115946799,-235.28367474041085,-15.251576236177188,-17.38433462970656,-60.88694984350788,-3.5588757419754202,21.925566522385736,4.978206347461665,-18.891383770145296,2.654794639384262,-0.345533349053305,6.762774648057615
INM,INM-CM5-0,r1i1p1f1,gr1,ssp370,2018-04,2018,4,150.40937920099336,213.99749541856676,-83.86822282174478,-272.02095582862125,-6.912215520736721,-15.819926468889564,-14.214446020432234,155.3178734332641,203.4394340490368,-93.68494320584504,-261.3719090946296,-8.228404400565143,-14.007620385928949,-18.535569604667806,-4.908494232270755,10.558061369529952,9.816720384100265,-10.649046733991668,1.316188879828422,-1.8123060829606157,4.321123584235572
INM,INM-CM5-0,r1i1p1f1,gr1,ssp370,2018-05,2018,5,229.485259770932,251.498584863568,-109.45220888702418,-302.4899566150353,-3.148952579176955,-12.830830395543346,53.0618961577202,247.34990174106002,237.36696451407164,-132.25247010732542,-294.5808684821893,-2.49212963594814,-10.76344882197312,44.6279492076957,-17.86464197012802,14.131620349496359,22.800261220301238,-7.909088132845966,-0.6568229432288146,-2.067381573570227,8.433946950024499
INM,INM-CM5-0,r1i1p1f1,gr1,ssp370,2018-06,2018,6,248.17136665658072,278.61631261321213,-94.55910575314778,-318.72099551138456,0.31593117706366164,-9.191410019952238,104.63209916237196,265.2973791099498,267.9699629796378,-117.5893157180128,-313.22580703693666,-0.004244195873688736,-8.586026789214452,93.86194834955006,-17.1260124533691,10.646349633574346,23.030209964865023,-5.4951884744479,0.3201753729373504,-0.605383230737786,10.770150812821896
INM,INM-CM5-0,r1i1p1f1,gr1,ssp370,2018-07,2018,7,208.91298331015858,291.24242650728024,-66.70172155345746,-324.90564775660266,1.6886468437779283,-6.6549750765192845,103.58171227463734,217.4716641061232,283.73718239268294,-82.41688316221644,-319.7754931447574,0.6158126923815513,-7.250053789737271,92.38222909447663,-8.55868079596462,7.5052441145973035,15.715161608758976,-5.130154611845285,1.072834151396377,0.5950787132179869,11.199483180160712
INM,INM-CM5-0,r1i1p1f1,gr1,ssp370,2018-08,2018,8,134.08819401286794,287.93251613394773,-38.60846973079975,-324.7235192626386,-0.6638109014973739,-10.229963624632287,47.794946627247626,137.99288070953398,280.3883142818284,-47.25680367253166,-317.4629669555353,-0.7458868537258483,-9.743392042762487,43.172145466807066,-3.904686696666033,7.544201852119329,8.648333941731913,-7.260552307103296,0.08207595222847441,-0.4865715818698,4.622801160440559
INM,INM-CM5-0,r1i1p1f1,gr1,ssp370,2018-09,2018,9,61.690850764591616,268.4662969855448,-17.059295769439856,-312.50086218544755,-6.008456787065302,-19.742091557791912,-25.153558549608228,64.62605857660985,256.68731236752427,-20.084262079342775,-301.6967775674771,-5.800327218478942,-17.798728504042145,-24.066724425206903,-2.935207812018234,11.778984618020502,3.0249663099029185,-10.804084617970432,-0.20812956858635978,-1.943363053749767,-1.0868341244013244
INM,INM-CM5-0,r1i1p1f1,gr1,ssp370,2018-10,2018,10,18.11219816625785,240.89943176045605,-4.130762273807788,-295.05283310635366,-16.91607106781813,-31.337910003514544,-88.42594652478022,18.359786183230952,226.1713069815244,-4.58560456704604,-277.15181734399863,-16.27695982199056,-26.218753296679903,-79.70204186495977,-0.24758801697310062,14.728124778931658,0.45484229323825254,-17.90101576235503,-0.6391112458275714,-5.119156706834641,-8.723904659820448
INM,INM-CM5-0,r1i1p1f1,gr1,ssp370,2018-11,2018,11,3.282259559824195,225.94048587765974,-0.5613194218615719,-279.22377671058626,-20.65083770652438,-27.962131095934243,-99.17531949742255,3.373616207685165,200.78103474652093,-0.6403541251953389,-253.7584501331604,-23.21293540517074,-27.089763709299525,-100.54685241861995,-0.09135664786096998,25.15945113113881,0.07903470333376694,-25.465326577425856,2.562097698646358,-0.8723673866347177,1.3715329211973994
INM,INM-CM5-0,r1i1p1f1,gr1,ssp370,2018-12,2018,12,0.8956870106652451,220.1552611809459,-0.2483198028946953,-269.45117715615834,-18.721639196118506,-23.25170093142685,-90.62188889498722,0.964180041922923,186.64826391094516,-0.31348832760597495,-237.90125991540202,-22.242226530874166,-23.201729997866106,-96.04626081888021,-0.0684930312576778,33.50699727000074,0.06516852471127965,-31.549917240756315,3.5205873347556604,-0.04997093356074345,5.424371923892991
INM,INM-CM5-0,r1i1p1f1,gr1,ssp370,2019-01,2019,1,2.4416314738899074,197.8607361989945,-1.0876606851197825,-252.6192453281612,-29.845414387308956,-32.17350244509161,-115.42345517279713,2.4522201368629597,180.0589790644654,-1.1211335706525247,-229.76434372975177,-20.539467023086623,-20.74641542870584,-89.66016055086838,-0.010588662973052276,17.801757134529083,0.03347288553274219,-22.85490159840944,-9.305947364222334,-11.427087016385766,-25.76329462192875
INM,INM-CM5-0,r1i1p1f1,gr1,ssp370,2019-02,2019,2,12.627482899897174,203.18035893183068,-6.503378118299104,-251.6313654477719,-14.330708795341176,-20.28252867902697,-76.94013920871133,13.598224813006102,178.40214269593704,-7.25840213575084,-227.77240753433253,-18.919405163125447,-19.26673802518699,-81.21658534945266,-0.9707419131089274,24.778216235893638,0.7550240174517358,-23.858957913439383,4.588696367784271,-1.0157906538399821,4.276446140741328
INM,INM-CM5-0,r1i1p1f1,gr1,ssp370,2019-03,2019,3,56.17690477561333,205.5577242719626,-30.97824576796096,-257.4194087661893,-12.48020873491215,-18.820844040911123,-57.96407826239761,59.638888590245294,183.0204183320094,-35.62667115946799,-235.28367474041085,-15.251576236177188,-17.38433462970656,-60.88694984350788,-3.4619838146319637,22.5373059399532,4.648425391507029,-22.135734025778447,2.771367501265038,-1.436509411204561,2.9228715811102717
INM,INM-CM5-0,r1i1p1f1,gr1,ssp370,2019-04,2019,4,150.7609357319203,216.82370657155644,-82.83008385878196,-274.65911890443687,-7.4411827976053555,-15.35224244134489,-12.697985698692317,155.3178734332641,203.4394340490368,-93.68494320584504,-261.3719090946296,-8.228404400565143,-14.007620385928949,-18.535569604667806,-4.556937701343799,13.384272522519638,10.854859347063083,-13.28720980980728,0.7872216029597876,-1.3446220554159414,5.837583905975489
INM,INM-CM5-0,r1i1p1f1,gr1,ssp370,2019-05,2019,5,235.86086842130754,248.17773784744136,-110.64134884495215,-302.29215153452856,-2.2403159756496898,-11.15178744767569,57.71300246594282,247.34990174106002,237.36696451407164,-132.25247010732542,-294.5808684821893,-2.49212963594814,-10.76344882197312,44.6279492076957,-11.48903331975248,10.810773333369724,21.611121262373274,-7.71128305233924,0.2518136602984504,-0.3883386257025716,13.085053258247122
INM,INM-CM5-0,r1i1p1f1,gr1,ssp370,2019-06,2019,6,247.62318625362354,278.76253037399584,-92.63922029002717,-318.3122632096259,-0.18097590151394802,-8.278350679670794,106.97490654678151,265.2973791099498,267.9699629796378,-117.5893157180128,-313.22580703693666,-0.004244195873688736,-8.586026789214452,93.86194834955006,-17.674192856326272,10.79256739435806,24.95009542798563,-5.086456172689225,-0.17673170564025928,0.3076761095436584,13.11295819723145
INM,INM-CM5-0,r1i1p1f1,gr1,ssp370,2019-07,2019,7,209.1240193247693,293.03165101622267,-62.81696463144006,-326.1454879498077,0.9178400797592995,-7.036640165712652,107.07441767379083,217.4716641061232,283.73718239268294,-82.41688316221644,-319.7754931447574,0.6158126923815513,-7.250053789737271,92.38222909447663,-8.347644781353893,9.294468623539728,19.599918530776378,-6.369994805050339,0.30202738737774815,0.2134136240246196,14.692188579314205
INM,INM-CM5-0,r1i1p1f1,gr1,ssp370,2019-08,2019,8,124.33828338531106,298.2530550566583,-28.9999991863969,-329.19807118690426,-0.3186391182324041,-9.637034565169092,54.437594385266706,137.99288070953398,280.3883142818284,-47.25680367253166,-317.4629669555353,-0.7458868537258483,-9.743392042762487,43.172145466807066,-13.65459732422292,17.864740774829897,18.25680448613476,-11.73510423136895,0.4272477354934442,0.10635747759339509,11.26544891845964
INM,INM-CM5-0,r1i1p1f1,gr1,ssp370,2019-09,2019,9,58.325547124250555,278.2376706501021,-12.381300727054715,-320.61398709281315,-5.813251989251403,-21.655392876309385,-23.90071491107606,64.62605857660985,256.68731236752427,-20.084262079342775,-301.6967775674771,-5.800327218478942,-17.798728504042145,-24.066724425206903,-6.300511452359295,21.550358282577804,7.70296135228806,-18.917209525336034,-0.012924770772460903,-3.8566643722672396,0.16600951413084175
INM,INM-CM5-0,r1i1p1f1,gr1,ssp370,2019-10,2019,10,16.777204839466133,256.2594641833671,-2.8258478464638457,-306.2057817584781,-13.27486450819991,-26.941846560404162,-76.21167165071279,18.359786183230952,226.1713069815244,-4.58560456704604,-277.15181734399863,-16.27695982199056,-26.218753296679903,-79.70204186495977,-1.5825813437648186,30.088157201842677,1.7597567205821947,-29.05396441447948,3.002095313790649,-0.7230932637242589,3.4903702142469797
INM,INM-CM5-0,r1i1p1f1,gr1,ssp370,2019-11,2019,11,3.0361728849386034,231.44175991002535,-0.3882545866870262,-287.3202264836419,-21.248949158376416,-29.06910444878602,-103.5486018825274,3.373616207685165,200.78103474652093,-0.6403541251953389,-253.7584501331604,-23.21293540517074,-27.089763709299525,-100.54685241861995,-0.3374433227465614,30.660725163504424,0.2520995385083126,-33.561776350481466,1.9639862467943239,-1.9793407394864957,-3.0017494639074442
INM,INM-CM5-0,r1i1p1f1,gr1,ssp370,2019-12,2019,12,0.9247473436071737,215.11765244179452,-0.19829846045371183,-269.5465020120263,-21.19433055563838,-27.011591413250553,-101.90832265596723,0.964180041922923,186.64826391094516,-0.31348832760597495,-237.90125991540202,-22.242226530874166,-23.201729997866106,-96.04626081888021,-0.03943269831574925,28.469388530849358,0.11518986715226312,-31.64524209662426,1.047895975235786,-3.8098614153844466,-5.862061837087012
INM,INM-CM5-0,r1i1p1f1,gr1,ssp370,2020-01,2020,1,2.574466127891426,191.73054632897822,-1.0323732794817244,-248.97310413958715,-24.295172056670634,-26.760657459059548,-106.75629447792943,2.4522201368629597,180.0589790644654,-1.1211335706525247,-229.76434372975177,-20.539467023086623,-20.74641542870584,-89.66016055086838,0.12224599102846634,11.671567264512817,0.08876029117080031,-19.208760409835378,-3.755705033584011,-6.0142420303537065,-17.096133927061047
INM,INM-CM5-0,r1i1p1f1,gr1,ssp370,2020-02,2020,2,13.28301855812365,191.09049541653286,-6.6051474604078395,-243.9122616720597,-21.490502890994854,-22.759119818954343,-90.39351786776025,13.598224813006102,178.40214269593704,-7.25840213575084,-227.77240753433253,-18.919405163125447,-19.26673802518699,-81.21658534945266,-0.315206254882451,12.688352720595816,0.6532546753430006,-16.139854137727184,-2.5710977278694074,-3.492381793767354,-9.176932518307595
INM,INM-CM5-0,r1i1p1f1,gr1,ssp370,2020-03,2020,3,56.06889435020112,198.6666628994688,-30.916718697680924,-249.60718733128292,-14.88275604234868,-20.592682146356257,-61.26378696799887,59.638888590245294,183.0204183320094,-35.62667115946799,-235.28367474041085,-15.251576236177188,-17.38433462970656,-60.88694984350788,-3.569994240044174,15.646244567459405,4.709952461787065,-14.32351259087207,0.3688201938285083,-3.2083475166496953,-0.37683712449099005
INM,INM-CM5-0,r1i1p1f1,gr1,ssp370,2020-04,2020,4,149.5672060757407,219.54138516088784,-80.99393994809923,-275.00695330426936,-4.792391234459711,-12.566482173756098,-4.251175423955894,155.3178734332641,203.4394340490368,-93.68494320584504,-261.3719090946296,-8.228404400565143,-14.007620385928949,-18.535569604667806,-5.750667357523412,16.101951111851037,12.69100325774582,-13.635044209639773,3.4360131661054325,1.4411382121728504,14.284394180711912
INM,INM-CM5-0,r1i1p1f1,gr1,ssp370,2020-05,2020,5,234.0653910566078,247.86587560742362,-114.0115972682974,-302.02630079547197,-3.428194848619388,-13.836760266459212,48.62841348518347,247.34990174106002,237.36696451407164,-132.25247010732542,-294.5808684821893,-2.49212963594814,-10.76344882197312,44.6279492076957,-13.284510684452215,10.498911093351978,18.24087283902803,-7.445432313282652,-0.9360652126712479,-3.0733114444860927,4.000464277487772
INM,INM-CM5-0,r1i1p1f1,gr1,ssp370,2020-06,2020,6,254.7326213198079,277.10807679838024,-99.67457829149059,-318.8867641199837,-0.10286437139020811,-9.54206538848577,103.63442594683785,265.2973791099498,267.9699629796378,-117.5893157180128,-313.22580703693666,-0.004244195873688736,-8.586026789214452,93.86194834955006,-10.564757790141925,9.138113818742454,17.91473742652221,-5.6609570830470375,-0.09862017551651937,-0.9560385992713183,9.77247759728779
INM,INM-CM5-0,r1i1p1f1,gr1,ssp370,2020-07,2020,7,206.2553628836038,296.10483270196886,-67.36955199203462,-326.18860077754965,0.6235803127784078,-6.323478010988163,103.10214511777862,217.4716641061232,283.73718239268294,-82.41688316221644,-319.7754931447574,0.6158126923815513,-7.250053789737271,92.38222909447663,-11.216301222519405,12.36765030928592,15.04733117018182,-6.413107632792276,0.007767620396856412,0.9265757787491085,10.719916023301991
INM,INM-CM5-0,r1i1p1f1,gr1,ssp370,2020-08,2020,8,127.0783006000816,294.3672528546259,-33.48151339658844,-326.79711948577716,0.6075383976390999,-8.793663269673683,52.98079570030731,137.99288070953398,280.3883142818284,-47.25680367253166,-317.4629669555353,-0.7458868537258483,-9.743392042762487,43.172145466807066,-10.914580109452373,13.978938572797517,13.77529027594322,-9.334152530241852,1.353425251364948,0.949728773088804,9.808650233500245
INM,INM-CM5-0,r1i1p1f1,gr1,ssp370,2020-09,2020,9,61.069360652396504,273.8360088366729,-14.203807402699269,-317.3770371381741,-5.516629284889319,-20.07888387725318,-22.270988213946527,64.62605857660985,256.68731236752427,-20.084262079342775,-301.6967775674771,-5.800327218478942,-17.798728504042145,-24.066724425206903,-3.5566979242133456,17.148696469148604,5.880454676643506,-15.68025957069699,0.2836979335896226,-2.2801553732110342,1.795736211260376
INM,INM-CM5-0,r1i1p1f1,gr1,ssp370,2020-10,2020,10,17.226320570410095,246.56873698273478,-3.498460097556044,-299.3051449232937,-15.972399108016006,-30.66501270286939,-85.64595927859028,18.359786183230952,226.1713069815244,-4.58560456704604,-277.15181734399863,-16.27695982199056,-26.218753296679903,-79.70204186495977,-1.1334656128208564,20.39743000121038,1.0871444694899965,-22.15332757929508,0.30456071397455275,-4.446259406189487,-5.9439174136305155
INM,INM-CM5-0,r1i1p1f1,gr1,ssp370,2020-11,2020,11,3.1988610600322445,220.40048230667324,-0.4221166363207628,-278.4217371601177,-24.882017835940157,-35.288898621422675,-115.4154268870958,3.373616207685165,200.78103474652093,-0.6403541251953389,-253.7584501331604,-23.21293540517074,-27.089763709299525,-100.54685241861995,-0.17475514765292033,19.61944756015231,0.21823748887457606,-24.663287026957278,-1.6690824307694179,-8.19913491212315,-14.868574468475856
INM,INM-CM5-0,r1i1p1f1,gr1,ssp370,2020-12,2020,12,0.8628944756281244,204.90748337569616,-0.19419843848703788,-259.9602757601189,-20.798282862086648,-25.543209009461297,-100.7255882188296,0.964180041922923,186.64826391094516,-0.31348832760597495,-237.90125991540202,-22.242226530874166,-23.201729997866106,-96.04626081888021,-0.10128556629479857,18.259219464751,0.11928988911893706,-22.059015844716896,1.4439436687875187,-2.3414790115951902,-4.679327399949386
INM,INM-CM5-0,r1i1p1f1,gr1,ssp370,2021-01,2021,1,2.3341057675676065,195.48328496925868,-0.9740590783934933,-245.80663737149757,-19.79098643985833,-21.133476675403923,-89.88776882832704,2.4522201368629597,180.0589790644654,-1.1211335706525247,-229.76434372975177,-20.539467023086623,-20.74641542870584,-89.66016055086838,-0.11811436929535324,15.424305904793272,0.14707449225903146,-16.0422936417458,0.748480583228293,-0.3870612466980816,-0.22760827745865697
INM,INM-CM5-0,r1i1p1f1,gr1,ssp370,2021-02,2021,2,13.705140341757371,189.79120044718636,-6.528754125896106,-243.97019590146678,-22.096544351704363,-26.121256820990293,-95.22041041111385,13.598224813006102,178.40214269593704,-7.25840213575084,-227.77240753433253,-18.919405163125447,-19.26673802518699,-81.21658534945266,0.1069155287512693,11.389057751249311,0.729648009854734,-16.19778836713425,-3.1771391885789164,-6.854518795803305,-14.003825061661189
INM,INM-CM5-0,r1i1p1f1,gr1,ssp370,2021-03,2021,3,59.13576743136923,188.27961383533605,-32.15563123043773,-246.22979927138996,-21.103182100312633,-25.632669554097543,-77.7059008895326,59.638888590245294,183.0204183320094,-35.62667115946799,-235.28367474041085,-15.251576236177188,-17.38433462970656,-60.88694984350788,-0.5031211588760627,5.2591955033266515,3.471039929030262,-10.94612453097912,-5.851605864135445,-8.248334924390981,-16.818951046024722
INM,INM-CM5-0,r1i1p1f1,gr1,ssp370,2021-04,2021,4,150.09777485857845,210.53495212288624,-83.89571267564283,-268.99507245548034,-10.117230877038333,-17.45038903377121,-19.825678060468036,155.3178734332641,203.4394340490368,-93.68494320584504,-261.3719090946296,-8.228404400565143,-14.007620385928949,-18.535569604667806,-5.2200985746856645,7.0955180738494334,9.789230530202218,-7.623163360850754,-1.8888264764731897,-3.4427686478422608,-1.2901084558002296
INM,INM-CM5-0,r1i1p1f1,gr1,ssp370,2021-05,2021,5,237.08533665303798,244.17241481895908,-117.74193310778206,-299.1790855842253,-2.16101497635399,-11.735480376159144,50.44023742747655,247.34990174106002,237.36696451407164,-132.25247010732542,-294.5808684821893,-2.49212963594814,-10.76344882197312,44.6279492076957,-10.264565088022039,6.805450304887444,14.510536999543362,-4.59821710203596,0.3311146595941503,-0.9720315541860245,5.812288219780854
INM,INM-CM5-0,r1i1p1f1,gr1,ssp370,2021-06,2021,6,249.56922932764485,279.2931035921749,-96.76207565636717,-319.0679926537655,-0.3838263212474709,-9.430802762279365,103.21763552616015,265.2973791099498,267.9699629796378,-117.5893157180128,-313.22580703693666,-0.004244195873688736,-8.586026789214452,93.86194834955006,-15.728149782304968,11.323140612537088,20.827240061645625,-5.842185616828829,-0.37958212537378216,-0.8447759730649125,9.35568717661009
INM,INM-CM5-0,r1i1p1f1,gr1,ssp370,2021-07,2021,7,203.49297555960533,293.70442757893414,-64.70408116741741,-325.97402385691805,0.35689711408880115,-7.717029216761786,99.159166011531,217.4716641061232,283.73718239268294,-82.41688316221644,-319.7754931447574,0.6158126923815513,-7.250053789737271,92.38222909447663,-13.978688546517873,9.967245186251205,17.712801994799023,-6.198530712160675,-0.2589155782927502,-0.466975427024515,6.776936917054371
INM,INM-CM5-0,r1i1p1f1,gr1,ssp370,2021-08,2021,8,132.17371398056153,290.1445266513691,-37.46517696306641,-325.81124742967336,-2.3228460535056206,-12.425274217772479,44.29369596791274,137.99288070953398,280.3883142818284,-47.25680367253166,-317.4629669555353,-0.7458868537258483,-9.743392042762487,43.172145466807066,-5.819166728972448,9.75621236954072,9.791626709465248,-8.34828047413805,-1.5769591997797723,-2.681882175009992,1.1215505011056734
INM,INM-CM5-0,r1i1p1f1,gr1,ssp370,2021-09,2021,9,60.134122286645095,275.00717878230444,-13.837740049627836,-317.34357852041774,-5.904127013970375,-20.811315651848293,-22.7554601669147,64.62605857660985,256.68731236752427,-20.084262079342775,-301.6967775674771,-5.800327218478942,-17.798728504042145,-24.066724425206903,-4.491936289964755,18.319866414780165,6.246522029714939,-15.646800952940623,-0.10379979549143314,-3.0125871478061477,1.311264258292205
INM,INM-CM5-0,r1i1p1f1,gr1,ssp370,2021-10,2021,10,17.05277704764691,246.18194786746162,-3.0713733220554595,-299.3758962344007,-17.027319503726627,-32.205999656370864,-88.44586380144517,18.359786183230952,226.1713069815244,-4.58560456704604,-277.15181734399863,-16.27695982199056,-26.218753296679903,-79.70204186495977,-1.3070091355840425,20.01064088593722,1.5142312449905808,-22.224078890402097,-0.750359681736068,-5.98724635969096,-8.743821936485404
INM,INM-CM5-0,r1i1p1f1,gr1,ssp370,2021-11,2021,11,3.2948304078112054,220.02780327054572,-0.3928617726666443,-278.8241924602279,-23.317913498784716,-34.38770530358669,-113.60003935690901,3.373616207685165,200.78103474652093,-0.6403541251953389,-253.7584501331604,-23.21293540517074,-27.089763709299525,-100.54685241861995,-0.0787857998739594,19.246768524024787,0.24749235252869456,-25.065742327067483,-0.10497809361397614,-7.297941594287167,-13.053186938289059
INM,INM-CM5-0,r1i1p1f1,gr1,ssp370,2021-12,2021,12,0.9054965683447285,206.71374128525864,-0.20985070569313996,-261.37927318334516,-27.078493822929676,-32.495041787570436,-113.54342164593504,0.964180041922923,186.64826391094516,-0.31348832760597495,-237.90125991540202,-22.242226530874166,-23.201729997866106,-96.04626081888021,-0.05868347357819448,20.065477374313474,0.10363762191283499,-23.47801326794314,-4.83626729205551,-9.29331178970433,-17.497160827054827
INM,INM-CM5-0,r1i1p1f1,gr1,ssp370,2022-01,2022,1,2.2755062742628382,200.834075806719,-0.8680063040777873,-251.3577615926389,-18.47570061243057,-24.906956804004803,-92.49884323217022,2.4522201368629597,180.0589790644654,-1.1211335706525247,-229.76434372975177,-20.539467023086623,-20.74641542870584,-89.66016055086838,-0.17671386260012145,20.775096742253595,0.2531272665747374,-21.593417862887122,2.0637664106560543,-4.160541375298962,-2.838682681301833
INM,INM-CM5-0,r1i1p1f1,gr1,ssp370,2022-02,2022,2,12.63106760629802,199.62455322992028,-5.97049953466567,-249.2204787106369,-24.125951518697224,-27.38807402550524,-94.44938295328674,13.598224813006102,178.40214269593704,-7.25840213575084,-227.77240753433253,-18.919405163125447,-19.26673802518699,-81.21658534945266,-0.967157206708082,21.222410533983236,1.28790260108517,-21.44807117630438,-5.206546355571778,-8.121336000318252,-13.232797603834086
INM,INM-CM5-0,r1i1p1f1,gr1,ssp370,2022-03,2022,3,54.64815661968604,203.89689030110515,-29.72553066320467,-253.6904817613046,-12.47113862920291,-18.171869549320114,-55.51397368224108,59.638888590245294,183.0204183320094,-35.62667115946799,-235.28367474041085,-15.251576236177188,-17.38433462970656,-60.88694984350788,-4.990731970559253,20.876471969095746,5.90114049626332,-18.40680702089375,2.780437606974278,-0.7875349196135524,5.372976161266799
INM,INM-CM5-0,r1i1p1f1,gr1,ssp370,2022-04,2022,4,151.4979522817804,213.7321032424415,-82.90960809859355,-273.2100516343166,-12.175867438567906,-20.36274394541415,-23.428215592670238,155.3178734332641,203.4394340490368,-93.68494320584504,-261.3719090946296,-8.228404400565143,-14.007620385928949,-18.535569604667806,-3.8199211514836975,10.292669193404691,10.775335107251493,-11.838142539686999,-3.9474630380027627,-6.3551235594852,-4.892645988002432
INM,INM-CM5-0,r1i1p1f1,gr1,ssp370,2022-05,2022,5,226.49769249566285,256.3258706855963,-108.3344596477464,-304.54513519224747,-0.8409380060965742,-9.312792915296484,59.79023741987224,247.34990174106002,237.36696451407164,-132.25247010732542,-294.5808684821893,-2.49212963594814,-10.76344882197312,44.6279492076957,-20.852209245397177,18.95890617152469,23.918010459579023,-9.964266710058155,1.6511916298515659,1.4506559066766354,15.162288212176541
INM,INM-CM5-0,r1i1p1f1,gr1,ssp370,2022-06,2022,6,258.71610131992253,276.1543887015588,-101.73329894083727,-319.10233743340854,-0.09385006398394137,-9.142989361439868,104.79801422181178,265.2973791099498,267.9699629796378,-117.5893157180128,-313.22580703693666,-0.004244195873688736,-8.586026789214452,93.86194834955006,-6.581277790027286,8.184425721921002,15.856016777175526,-5.876530396471878,-0.08960586811025263,-0.5569625722254159,10.936065872261722
INM,INM-CM5-0,r1i1p1f1,gr1,ssp370,2022-07,2022,7,219.64965052135724,291.45420485901593,-70.58914793793946,-326.91794792580384,0.9560114822406576,-7.2688401585293745,107.28393084034113,217.4716641061232,283.73718239268294,-82.41688316221644,-319.7754931447574,0.6158126923815513,-7.250053789737271,92.38222909447663,2.177986415234045,7.717022466332992,11.827735224276978,-7.142454781046467,0.34019878985910623,-0.018786368792103048,14.9017017458645
INM,INM-CM5-0,r1i1p1f1,gr1,ssp370,2022-08,2022,8,130.0162548696477,292.73824820188827,-36.329266764097255,-327.4172303455141,-0.7319565120851308,-10.177229154559427,48.098820295280035,137.99288070953398,280.3883142818284,-47.25680367253166,-317.4629669555353,-0.7458868537258483,-9.743392042762487,43.172145466807066,-7.976625839886282,12.349933920059868,10.927536908434405,-9.954263389978792,0.013930341640717492,-0.4338371117969402,4.926674828472969
INM,INM-CM5-0,r1i1p1f1,gr1,ssp370,2022-09,2022,9,62.48412306325153,271.16183832459654,-16.086267340747124,-316.28059418087213,-7.439525122734291,-23.455301196038377,-29.61572645254385,64.62605857660985,256.68731236752427,-20.084262079342775,-301.6967775674771,-5.800327218478942,-17.798728504042145,-24.066724425206903,-2.1419355133583196,14.474525957072274,3.9979947385956507,-14.583816613395015,-1.639197904255349,-5.656572691996232,-5.549002027336947
INM,INM-CM5-0,r1i1p1f1,gr1,ssp370,2022-10,2022,10,17.34655075001509,244.66794138395463,-3.6619117398660808,-297.8399245936557,-18.39579696504128,-34.88884009260961,-92.77198125720297,18.359786183230952,226.1713069815244,-4.58560456704604,-277.15181734399863,-16.27695982199056,-26.218753296679903,-79.70204186495977,-1.0132354332158613,18.49663440243023,0.9236928271799596,-20.688107249657094,-2.1188371430507225,-8.67008679592971,-13.0699393922432
INM,INM-CM5-0,r1i1p1f1,gr1,ssp370,2022-11,2022,11,3.099007625172879,223.0779696992826,-0.416324231651096,-277.9391517485044,-21.35598551660975,-32.85893527666878,-106.39341944897856,3.373616207685165,200.78103474652093,-0.6403541251953389,-253.7584501331604,-23.21293540517074,-27.089763709299525,-100.54685241861995,-0.2746085825122857,22.29693495276166,0.22402989354424285,-24.18070161534399,1.8569498885609903,-5.769171567369256,-5.846567030358614
INM,INM-CM5-0,r1i1p1f1,gr1,ssp370,2022-12,2022,12,0.9027659252475821,207.05106468697738,-0.20023416414062356,-261.04659962914246,-21.910642818999197,-28.032366979541155,-103.23601297959846,0.964180041922923,186.64826391094516,-0.31348832760597495,-237.90125991540202,-22.242226530874166,-23.201729997866106,-96.04626081888021,-0.0614141166753408,20.402800776032223,0.11325416346535139,-23.14533971374044,0.3315837118749698,-4.830636981675049,-7.189752160718243
INM,INM-CM5-0,r1i1p1f1,gr1,ssp370,2023-01,2023,1,2.310554919104153,193.92864712355131,-0.9008606594998361,-245.28353952332722,-22.484835259786628,-25.07298603517212,-97.50301943513033,2.4522201368629597,180.0589790644654,-1.1211335706525247,-229.76434372975177,-20.539467023086623,-20.74641542870584,-89.66016055086838,-0.1416652177588067,13.86966805908591,0.22027291115268866,-15.519195793575449,-1.9453682367000056,-4.32657060646628,-7.842858884261943
INM,INM-CM5-0,r1i1p1f1,gr1,ssp370,2023-02,2023,2,12.99990255827855,189.40395886772734,-6.5575225822148235,-239.29444912524377,-16.948516041358637,-19.855758768842687,-80.25238509165402,13.598224813006102,178.40214269593704,-7.25840213575084,-227.77240753433253,-18.919405163125447,-19.26673802518699,-81.21658534945266,-0.5983222547275524,11.001816171790296,0.7008795535360166,-11.522041590911243,1.9708891217668096,-0.5890207436556985,0.9642002577986375
INM,INM-CM5-0,r1i1p1f1,gr1,ssp370,2023-03,2023,3,57.47868438088226,199.29907284187559,-31.452109476166772,-250.65032875589387,-11.072147192565598,-20.802043677282015,-57.19887187915043,59.638888590245294,183.0204183320094,-35.62667115946799,-235.28367474041085,-15.251576236177188,-17.38433462970656,-60.88694984350788,-2.1602042093630374,16.278654509866186,4.174561683301217,-15.366654015483022,4.17942904361159,-3.4177090475754532,3.688077964357447
INM,INM-CM5-0,r1i1p1f1,gr1,ssp370,2023-04,2023,4,148.77864397709723,219.92277963049995,-81.13011240765249,-275.49308528637084,-5.419253463570127,-13.927606003813587,-7.268633553809839,155.3178734332641,203.4394340490368,-93.68494320584504,-261.3719090946296,-8.228404400565143,-14.007620385928949,-18.535569604667806,-6.539229456166879,16.48334558146314,12.554830798192555,-14.121176191741256,2.8091509369950165,0.08001438211536183,11.266936050857968
INM,INM-CM5-0,r1i1p1f1,gr1,ssp370,2023-05,2023,5,235.19350775799285,251.11694660425965,-110.39403773767924,-304.7307247453713,-2.7499971043179854,-13.798164088667873,54.637530686216095,247.34990174106002,237.36696451407164,-132.25247010732542,-294.5808684821893,-2.49212963594814,-10.76344882197312,44.6279492076957,-12.156393983067176,13.749982090188013,21.85843236964618,-10.14985626318196,-0.2578674683698452,-3.0347152666947537,10.009581478520396
INM,INM-CM5-0,r1i1p1f1,gr1,ssp370,2023-06,2023,6,260.30513480575644,276.33308436311836,-104.49090400618023,-319.36179954120007,0.9111055861091732,-9.05033438522755,104.64628682237611,265.2973791099498,267.9699629796378,-117.5893157180128,-313.22580703693666,-0.004244195873688736,-8.586026789214452,93.86194834955006,-4.9922443041933775,8.363121383480575,13.098411711832568,-6.135992504263413,0.915349781982862,-0.46430759601309823,10.78433847282605
INM,INM-CM5-0,r1i1p1f1,gr1,ssp370,2023-07,2023,7,203.37659765177023,294.5555397220383,-67.28456383412684,-326.35084735186274,-0.6360079779573365,-8.829371429775838,94.83134678008577,217.4716641061232,283.73718239268294,-82.41688316221644,-319.7754931447574,0.6158126923815513,-7.250053789737271,92.38222909447663,-14.095066454352974,10.818357329355365,15.132319328089594,-6.575354207105363,-1.2518206703388879,-1.5793176400385667,2.4491176856091386
INM,INM-CM5-0,r1i1p1f1,gr1,ssp370,2023-08,2023,8,133.54865609617187,289.6756511475856,-35.35046359748353,-326.7618505201134,-0.3426710749420782,-10.506827862941106,50.26249418827736,137.99288070953398,280.3883142818284,-47.25680367253166,-317.4629669555353,-0.7458868537258483,-9.743392042762487,43.172145466807066,-4.44422461336211,9.287336865757197,11.906340075048128,-9.298883564578091,0.4032157787837701,-0.7634358201786196,7.090348721470292
INM,INM-CM5-0,r1i1p1f1,gr1,ssp370,2023-09,2023,9,60.730528690228404,273.7192095607569,-13.55705977437655,-318.06102529214445,-6.937283815487294,-22.752533112978583,-26.858163744001576,64.62605857660985,256.68731236752427,-20.084262079342775,-301.6967775674771,-5.800327218478942,-17.798728504042145,-24.066724425206903,-3.8955298863814463,17.031897193232624,6.5272023049662256,-16.364247724667337,-1.1369565970083517,-4.953804608936437,-2.791439318794673
INM,INM-CM5-0,r1i1p1f1,gr1,ssp370,2023-10,2023,10,17.094753788173918,248.00965319943833,-2.8624632401148644,-300.2806175223216,-15.70357584794668,-32.069208615888606,-85.81145823865953,18.359786183230952,226.1713069815244,-4.58560456704604,-277.15181734399863,-16.27695982199056,-26.218753296679903,-79.70204186495977,-1.265032395057034,21.838346217913937,1.723141326931176,-23.12880017832299,0.5733839740438782,-5.850455319208702,-6.109416373699759
INM,INM-CM5-0,r1i1p1f1,gr1,ssp370,2023-11,2023,11,3.2762996403796376,221.58539160137008,-0.38372387923052065,-279.22049493504267,-27.383925009879743,-38.03990553343314,-120.16635811583636,3.373616207685165,200.78103474652093,-0.6403541251953389,-253.7584501331604,-23.21293540517074,-27.089763709299525,-100.54685241861995,-0.09731656730552718,20.804356854849146,0.2566302459648182,-25.462044801882257,-4.170989604709003,-10.950141824133617,-19.61950569721641
INM,INM-CM5-0,r1i1p1f1,gr1,ssp370,2023-12,2023,12,0.8611109981186802,206.72896244316732,-0.145187408147759,-260.3611824391992,-23.080478451896358,-30.13435014100612,-106.13112499896343,0.964180041922923,186.64826391094516,-0.31348832760597495,-237.90125991540202,-22.242226530874166,-23.201729997866106,-96.04626081888021,-0.10306904380424275,20.080698532222158,0.16830091945821596,-22.45992252379716,-0.8382519210221915,-6.932620143140014,-10.084864180083216
INM,INM-CM5-0,r1i1p1f1,gr1,ssp370,2024-01,2024,1,2.3795267793937103,190.34319204886512,-0.8772578272828483,-245.4497819851882,-23.597483601432938,-27.244130182408195,-104.44593476805336,2.4522201368629597,180.0589790644654,-1.1211335706525247,-229.76434372975177,-20.539467023086623,-20.74641542870584,-89.66016055086838,-0.07269335746924943,10.284212984399716,0.24387574336967643,-15.685438255436424,-3.058016578346315,-6.497714753702354,-14.78577421718498
INM,INM-CM5-0,r1i1p1f1,gr1,ssp370,2024-02,2024,2,12.34027346591713,186.6090383615793,-5.980482764941245,-237.2941508053561,-22.210024596664734,-22.561651007302164,-89.09699734676782,13.598224813006102,178.40214269593704,-7.25840213575084,-227.77240753433253,-18.919405163125447,-19.26673802518699,-81.21658534945266,-1.2579513470889712,8.206895665642264,1.2779193708095953,-9.521743271023581,-3.2906194335392875,-3.294912982115175,-7.880411997315164
INM,INM-CM5-0,r1i1p1f1,gr1,ssp370,2024-03,2024,3,54.81314180717646,202.86853773391113,-28.963238349230217,-253.301458344622,-16.734842167269814,-24.824878212371118,-66.14273753240556,59.638888590245294,183.0204183320094,-35.62667115946799,-235.28367474041085,-15.251576236177188,-17.38433462970656,-60.88694984350788,-4.825746783068837,19.848119401901727,6.663432810237772,-18.01778360421116,-1.4832659310926264,-7.4405435826645565,-5.2557876888976836
INM,INM-CM5-0,r1i1p1f1,gr1,ssp370,2024-04,2024,4,147.6835206922281,215.74733990222356,-82.47117460844524,-272.5956359207282,-9.325329045203425,-17.619724344212454,-18.581003324137672,155.3178734332641,203.4394340490368,-93.68494320584504,-261.3719090946296,-8.228404400565143,-14.007620385928949,-18.535569604667806,-7.634352741036025,12.307905853186753,11.213768597399806,-11.223726826098641,-1.0969246446382819,-3.6121039582835053,-0.04543371946986596
INM,INM-CM5-0,r1i1p1f1,gr1,ssp370,2024-05,2024,5,239.428302847191,246.18098478073242,-119.51505845619585,-301.06391918363835,-2.058638754586509,-11.327649151904163,51.64402208159857,247.34990174106002,237.36696451407164,-132.25247010732542,-294.5808684821893,-2.49212963594814,-10.76344882197312,44.6279492076957,-7.921598893869032,8.814020266660776,12.737411651129577,-6.483050701449031,0.43349088136163116,-0.5642003299310439,7.016072873902871
INM,INM-CM5-0,r1i1p1f1,gr1,ssp370,2024-06,2024,6,254.18911679454916,279.56471887503045,-102.5319767336818,-319.6297347092956,-0.8626333503061281,-10.253569113683886,100.47592176261226,265.2973791099498,267.9699629796378,-117.5893157180128,-313.22580703693666,-0.004244195873688736,-8.586026789214452,93.86194834955006,-11.108262315400651,11.594755895392666,15.057338984330997,-6.403927672358918,-0.8583891544324393,-1.6675423244694336,6.613973413062197
INM,INM-CM5-0,r1i1p1f1,gr1,ssp370,2024-07,2024,7,212.21229620899138,293.1974771992886,-72.24777955741644,-326.21174732844736,0.3222424838451954,-7.751557941491665,99.52093106476973,217.4716641061232,283.73718239268294,-82.41688316221644,-319.7754931447574,0.6158126923815513,-7.250053789737271,92.38222909447663,-5.259367897131824,9.460294806605646,10.1691036048,-6.436254183689982,-0.29357020853635596,-0.5015041517543937,7.1387019702930985
INM,INM-CM5-0,r1i1p1f1,gr1,ssp370,2024-08,2024,8,130.80381448580107,291.42421125822335,-38.26637100494876,-326.3252525828777,-1.3622393279336211,-11.969777292648065,44.30438553561628,137.99288070953398,280.3883142818284,-47.25680367253166,-317.4629669555353,-0.7458868537258483,-9.743392042762487,43.172145466807066,-7.189066223732908,11.035896976394952,8.990432667582901,-8.862285627342374,-0.6163524742077728,-2.2263852498855776,1.1322400688092102
INM,INM-CM5-0,r1i1p1f1,gr1,ssp370,2024-09,2024,9,61.398300757339356,274.55187954529447,-15.524388367665106,-316.8871412572995,-5.2031395667270495,-20.311574792158925,-21.976063681216736,64.62605857660985,256.68731236752427,-20.084262079342775,-301.6967775674771,-5.800327218478942,-17.798728504042145,-24.066724425206903,-3.2277578192704937,17.864567177770198,4.559873711677669,-15.19036368982239,0.5971876517518924,-2.51284628811678,2.090660743990167
INM,INM-CM5-0,r1i1p1f1,gr1,ssp370,2024-10,2024,10,17.057420175084804,248.4732838054661,-3.3676147857461705,-297.5691472796627,-13.856099832527041,-27.945436585777145,-77.20759450316211,18.359786183230952,226.1713069815244,-4.58560456704604,-277.15181734399863,-16.27695982199056,-26.218753296679903,-79.70204186495977,-1.302366008146148,22.301976823941715,1.21798978129987,-20.417329935664043,2.4208599894635174,-1.7266832890972417,2.494447361797654
INM,INM-CM5-0,r1i1p1f1,gr1,ssp370,2024-11,2024,11,3.0621609697920107,220.05452418268132,-0.4133971206963996,-274.79664550663705,-24.35338359587014,-33.13539160151939,-109.58213267224964,3.373616207685165,200.78103474652093,-0.6403541251953389,-253.7584501331604,-23.21293540517074,-27.089763709299525,-100.54685241861995,-0.3114552378931541,19.27348943616039,0.22695700449893924,-21.03819537347664,-1.1404481906994022,-6.045627892219862,-9.035280253629693
INM,INM-CM5-0,r1i1p1f1,gr1,ssp370,2024-12,2024,12,0.9502345900794676,197.95805478616953,-0.2309765084638511,-254.87144016372682,-29.814108551368847,-34.76385319596981,-120.77208904328032,0.964180041922923,186.64826391094516,-0.31348832760597495,-237.90125991540202,-22.242226530874166,-23.201729997866106,-96.04626081888021,-0.013945451843455303,11.309790875224365,0.08251181914212385,-16.970180248324795,-7.57188202049468,-11.562123198103702,-24.725828224400104
INM,INM-CM5-0,r1i1p1f1,gr1,ssp370,2025-01,2025,1,2.4387541426607697,198.22746467377112,-0.9853207399481857,-252.09868938688547,-29.023382325354692,-33.679645691939776,-115.12081932769621,2.4522201368629597,180.0589790644654,-1.1211335706525247,-229.76434372975177,-20.539467023086623,-20.74641542870584,-89.66016055086838,-0.013465994202189968,18.16848560930572,0.13581283070433903,-22.334345657133696,-8.48391530226807,-12.933230263233934,-25.460658776827827
INM,INM-CM5-0,r1i1p1f1,gr1,ssp370,2025-02,2025,2,13.124848376690084,195.37744211720087,-6.5110995858975524,-246.93133675546508,-24.979972330553174,-28.09333810150259,-98.01345627952742,13.598224813006102,178.40214269593704,-7.25840213575084,-227.77240753433253,-18.919405163125447,-19.26673802518699,-81.21658534945266,-0.473376436316018,16.975299421263827,0.7473025498532877,-19.158929221132553,-6.0605671674277275,-8.8266000763156,-16.79687093007476
INM,INM-CM5-0,r1i1p1f1,gr1,ssp370,2025-03,2025,3,55.26101769428335,206.02713696066243,-30.157879101369325,-256.13309652798205,-16.711691015621597,-21.210584178106643,-62.92509616813382,59.638888590245294,183.0204183320094,-35.62667115946799,-235.28367474041085,-15.251576236177188,-17.38433462970656,-60.88694984350788,-4.377870895961941,23.006718628653033,5.468792058098664,-20.849421787571202,-1.4601147794444085,-3.8262495484000816,-2.0381463246259415
INM,INM-CM5-0,r1i1p1f1,gr1,ssp370,2025-04,2025,4,154.0797486640883,213.01050360790873,-84.8261455198259,-273.72989903272634,-7.279274114958302,-16.665604351013354,-15.410670746526861,155.3178734332641,203.4394340490368,-93.68494320584504,-261.3719090946296,-8.228404400565143,-14.007620385928949,-18.535569604667806,-1.238124769175812,9.571069558871926,8.858797686019145,-12.35798993809675,0.9491302856068415,-2.657983965084405,3.124898858140945
INM,INM-CM5-0,r1i1p1f1,gr1,ssp370,2025-05,2025,5,241.07932932600522,244.41840949104346,-113.2056132728959,-301.5264310044174,-5.675414658304214,-15.685972938823964,49.40430694260718,247.34990174106002,237.36696451407164,-132.25247010732542,-294.5808684821893,-2.49212963594814,-10.76344882197312,44.6279492076957,-6.270572415054801,7.051444976971823,19.04685683442952,-6.945562522228101,-3.1832850223560736,-4.922524116850845,4.776357734911478
INM,INM-CM5-0,r1i1p1f1,gr1,ssp370,2025-06,2025,6,251.52518769909184,276.6297642798317,-97.04833811953961,-318.8163318923667,0.3551793461722216,-8.33184298779719,104.31361832539231,265.2973791099498,267.9699629796378,-117.5893157180128,-313.22580703693666,-0.004244195873688736,-8.586026789214452,93.86194834955006,-13.772191410857971,8.65980130019392,20.54097759847319,-5.590524855430033,0.3594235420459103,0.2541838014172626,10.45166997584225
INM,INM-CM5-0,r1i1p1f1,gr1,ssp370,2025-07,2025,7,214.10397898804231,288.2946251620637,-69.28157731033784,-325.1121718513559,0.31294967584476285,-8.809349894597764,99.50845476965927,217.4716641061232,283.73718239268294,-82.41688316221644,-319.7754931447574,0.6158126923815513,-7.250053789737271,92.38222909447663,-3.3676851180808853,4.557442769380771,13.135305851878599,-5.336678706598548,-0.3028630165367885,-1.5592961048604925,7.1262256751826385
INM,INM-CM5-0,r1i1p1f1,gr1,ssp370,2025-08,2025,8,130.91351072496107,290.2872341859361,-35.18470707211429,-325.4804029957277,-0.4453787519262131,-11.05429926180209,49.035956829326864,137.99288070953398,280.3883142818284,-47.25680367253166,-317.4629669555353,-0.7458868537258483,-9.743392042762487,43.172145466807066,-7.079369984572907,9.898919904107686,12.072096600417368,-8.017436040192365,0.30050810179963516,-1.3109072190396027,5.863811362519797
INM,INM-CM5-0,r1i1p1f1,gr1,ssp370,2025-09,2025,9,60.668476912248494,273.55804262197836,-13.268179100674791,-318.8609387389566,-6.685617501214781,-21.93013201190564,-26.518347818524948,64.62605857660985,256.68731236752427,-20.084262079342775,-301.6967775674771,-5.800327218478942,-17.798728504042145,-24.066724425206903,-3.9575816643613564,16.870730254454088,6.816082978667984,-17.164161171479464,-0.8852902827358395,-4.131403507863496,-2.4516233933180445
INM,INM-CM5-0,r1i1p1f1,gr1,ssp370,2025-10,2025,10,17.285028489033053,248.12281984763004,-3.3298663557712036,-301.5963358257967,-16.418266005102087,-31.78635096823923,-87.72297081824614,18.359786183230952,226.1713069815244,-4.58560456704604,-277.15181734399863,-16.27695982199056,-26.218753296679903,-79.70204186495977,-1.0747576941978991,21.951512866105645,1.2557382112748368,-24.44451848179807,-0.14130618311152787,-5.5675976715593265,-8.020928953286372
INM,INM-CM5-0,r1i1p1f1,gr1,ssp370,2025-11,2025,11,3.2155981207770084,222.89569523935876,-0.48074545461555845,-278.9785037970395,-21.859100374145942,-30.191820085976673,-105.3988763516419,3.373616207685165,200.78103474652093,-0.6403541251953389,-253.7584501331604,-23.21293540517074,-27.089763709299525,-100.54685241861995,-0.15801808690815644,22.114660492837828,0.1596086705797804,-25.22005366387907,1.353835031024797,-3.1020563766771474,-4.852023933021954
INM,INM-CM5-0,r1i1p1f1,gr1,ssp370,2025-12,2025,12,0.9310900318682868,209.40609191262595,-0.23715586440217296,-263.1163703755555,-21.427050865541972,-27.51737402103806,-101.96076918204349,0.964180041922923,186.64826391094516,-0.31348832760597495,-237.90125991540202,-22.242226530874166,-23.201729997866106,-96.04626081888021,-0.03309001005463619,22.757828001680792,0.07633246320380199,-25.215110460153483,0.8151756653321947,-4.315644023171952,-5.914508363163279
INM,INM-CM5-0,r1i1p1f1,gr1,ssp370,2026-01,2026,1,2.3182130069967046,205.30197893705719,-0.8649866815991852,-255.39495148875875,-19.065599010539987,-24.187792514158126,-91.89313775100217,2.4522201368629597,180.0589790644654,-1.1211335706525247,-229.76434372975177,-20.539467023086623,-20.74641542870584,-89.66016055086838,-0.13400712986625507,25.24299987259178,0.2561468890533395,-25.630607759006978,1.4738680125466352,-3.4413770854522845,-2.2329772001337886
INM,INM-CM5-0,r1i1p1f1,gr1,ssp370,2026-02,2026,2,12.972003804516598,201.7804408413645,-6.267431510631973,-251.8258625812193,-16.728220773734087,-21.518941371343562,-81.58801159104783,13.598224813006102,178.40214269593704,-7.25840213575084,-227.77240753433253,-18.919405163125447,-19.26673802518699,-81.21658534945266,-0.6262210084895035,23.378298145427465,0.9909706251188668,-24.053455046886768,2.19118438939136,-2.2522033461565734,-0.3714262415951737
INM,INM-CM5-0,r1i1p1f1,gr1,ssp370,2026-03,2026,3,55.61452787580005,205.21715432548282,-30.497412172332048,-255.75524609296198,-11.250197621321872,-17.731161011836836,-54.40233469716985,59.638888590245294,183.0204183320094,-35.62667115946799,-235.28367474041085,-15.251576236177188,-17.38433462970656,-60.88694984350788,-4.024360714445244,22.196735993473425,5.129258987135941,-20.471571352551138,4.001378614855316,-0.34682638213027417,6.4846151463380295
INM,INM-CM5-0,r1i1p1f1,gr1,ssp370,2026-04,2026,4,154.60891690081226,208.7776751757124,-85.09898966188827,-270.3219834371719,-9.121197062034097,-16.63309155464709,-17.7886696392167,155.3178734332641,203.4394340490368,-93.68494320584504,-261.3719090946296,-8.228404400565143,-14.007620385928949,-18.535569604667806,-0.7089565324518503,5.338241126675598,8.585953543956776,-8.950074342542337,-0.8927926614689543,-2.6254711687181427,0.7468999654511066
INM,INM-CM5-0,r1i1p1f1,gr1,ssp370,2026-05,2026,5,237.35527278252465,248.89813355935362,-110.12700198198782,-304.1019921832659,-3.758606899959933,-13.622371012742363,54.6434342639223,247.34990174106002,237.36696451407164,-132.25247010732542,-294.5808684821893,-2.49212963594814,-10.76344882197312,44.6279492076957,-9.994628958535372,11.531169045281985,22.125468125337605,-9.52112370107659,-1.266477264011793,-2.8589221907692437,10.015485056226602
INM,INM-CM5-0,r1i1p1f1,gr1,ssp370,2026-06,2026,6,251.4243211896099,277.75375073140617,-96.37782224206653,-319.6934366961644,1.2028560229271115,-9.222669260215643,105.08699974549666,265.2973791099498,267.9699629796378,-117.5893157180128,-313.22580703693666,-0.004244195873688736,-8.586026789214452,93.86194834955006,-13.873057920339903,9.783787751768386,21.21149347594627,-6.467629659227725,1.2071002188008002,-0.6366424710011902,11.225051395946593
INM,INM-CM5-0,r1i1p1f1,gr1,ssp370,2026-07,2026,7,208.07899346780093,292.7216480331159,-63.65443431849055,-326.30050238817927,0.6583110040879437,-7.657206699197468,103.84680909913754,217.4716641061232,283.73718239268294,-82.41688316221644,-319.7754931447574,0.6158126923815513,-7.250053789737271,92.38222909447663,-9.392670638322272,8.984465640432973,18.762448843725885,-6.525009243421891,0.0424983117063924,-0.4071529094601969,11.464580004660917
INM,INM-CM5-0,r1i1p1f1,gr1,ssp370,2026-08,2026,8,128.98102956944226,294.2052322899117,-31.41161351148919,-328.3812442065342,-0.03247086483220779,-8.632454681653343,54.72847859484507,137.99288070953398,280.3883142818284,-47.25680367253166,-317.4629669555353,-0.7458868537258483,-9.743392042762487,43.172145466807066,-9.011851140091721,13.816918008083292,15.84519016104247,-10.91827725099887,0.7134159888936404,1.1109373611091442,11.556333128038005
INM,INM-CM5-0,r1i1p1f1,gr1,ssp370,2026-09,2026,9,58.147149304567726,276.32967296138094,-13.272060423981348,-319.4446090225939,-5.99576015681994,-20.105058087017035,-24.340665424463587,64.62605857660985,256.68731236752427,-20.084262079342775,-301.6967775674771,-5.800327218478942,-17.798728504042145,-24.066724425206903,-6.478909272042124,19.642360593856665,6.812201655361427,-17.747831455116795,-0.19543293834099806,-2.3063295829748895,-0.27394099925668414
INM,INM-CM5-0,r1i1p1f1,gr1,ssp370,2026-10,2026,10,17.022627752844233,247.26141879883778,-3.0582438760843083,-301.93414413389496,-15.955073701947885,-31.961549417520466,-88.62496457776558,18.359786183230952,226.1713069815244,-4.58560456704604,-277.15181734399863,-16.27695982199056,-26.218753296679903,-79.70204186495977,-1.3371584303867188,21.090111817313385,1.527360690961732,-24.78232678989633,0.3218861200426737,-5.742796120840563,-8.922922712805814
INM,INM-CM5-0,r1i1p1f1,gr1,ssp370,2026-11,2026,11,3.1557655232348765,227.25292186639945,-0.43483130150308724,-283.5763699882715,-24.02595822996516,-35.89158903775641,-113.52006116786183,3.373616207685165,200.78103474652093,-0.6403541251953389,-253.7584501331604,-23.21293540517074,-27.089763709299525,-100.54685241861995,-0.21785068445028832,26.471887119878517,0.2055228236922516,-29.817919855111086,-0.8130228247944196,-8.801825328456886,-12.973208749241877
INM,INM-CM5-0,r1i1p1f1,gr1,ssp370,2026-12,2026,12,0.9094878056979304,206.81536256613887,-0.2004703431817816,-263.729847191488,-23.104834020894224,-30.054462934980805,-109.36476411870801,0.964180041922923,186.64826391094516,-0.31348832760597495,-237.90125991540202,-22.242226530874166,-23.201729997866106,-96.04626081888021,-0.05469223622499253,20.167098655193712,0.11301798442419334,-25.828587276085955,-0.8626074900200571,-6.852732937114698,-13.318503299827796
INM,INM-CM5-0,r1i1p1f1,gr1,ssp370,2027-01,2027,1,2.343511847050106,197.41877413163502,-0.9048748986537076,-251.017579676162,-25.778243466653297,-30.526491849141493,-108.46490391192536,2.4522201368629597,180.0589790644654,-1.1211335706525247,-229.76434372975177,-20.539467023086623,-20.74641542870584,-89.66016055086838,-0.10870828981285374,17.359795067169614,0.2162586719988171,-21.25323594641023,-5.238776443566675,-9.780076420435652,-18.80474336105698
INM,INM-CM5-0,r1i1p1f1,gr1,ssp370,2027-02,2027,2,12.224965247518938,195.6696468830015,-5.351721686262316,-249.17590735285256,-25.68425823707939,-30.516022028096813,-102.83329717377065,13.598224813006102,178.40214269593704,-7.25840213575084,-227.77240753433253,-18.919405163125447,-19.26673802518699,-81.21658534945266,-1.3732595654871638,17.267504187064446,1.9066804494885243,-21.403499818520032,-6.764853073953944,-11.249284002909825,-21.61671182431799
INM,INM-CM5-0,r1i1p1f1,gr1,ssp370,2027-03,2027,3,56.60161245762495,200.53905116159157,-27.842574736877058,-257.19640900988827,-20.506013518221998,-27.315761877563286,-75.72009552333408,59.638888590245294,183.0204183320094,-35.62667115946799,-235.28367474041085,-15.251576236177188,-17.38433462970656,-60.88694984350788,-3.0372761326203417,17.518632829582174,7.784096422590931,-21.912734269477426,-5.25443728204481,-9.931427247856725,-14.833145679826202
INM,INM-CM5-0,r1i1p1f1,gr1,ssp370,2027-04,2027,4,146.06203405569832,222.69018749015152,-74.52051138238654,-279.1236722380591,-7.77029986566509,-17.216326852178273,-9.878588792439189,155.3178734332641,203.4394340490368,-93.68494320584504,-261.3719090946296,-8.228404400565143,-14.007620385928949,-18.535569604667806,-9.255839377565792,19.25075344111471,19.1644318234585,-17.751763143429514,0.45810453490005276,-3.2087064662493248,8.656980812228618
INM,INM-CM5-0,r1i1p1f1,gr1,ssp370,2027-05,2027,5,234.41725903254766,248.4615210811747,-106.3689478947209,-304.6169656198541,-4.425199092862306,-15.876633595463,51.59103391082204,247.34990174106002,237.36696451407164,-132.25247010732542,-294.5808684821893,-2.49212963594814,-10.76344882197312,44.6279492076957,-12.932642708512361,11.09455656710307,25.883522212604518,-10.036097137664797,-1.9330694569141662,-5.1131847734898805,6.963084703126341
INM,INM-CM5-0,r1i1p1f1,gr1,ssp370,2027-06,2027,6,254.83796289652358,278.270459003055,-95.01158675684816,-320.3294751705393,0.9746469794666712,-7.227089310059665,111.51491764159817,265.2973791099498,267.9699629796378,-117.5893157180128,-313.22580703693666,-0.004244195873688736,-8.586026789214452,93.86194834955006,-10.459416213426238,10.300496023417224,22.577728961164638,-7.103668133602639,0.97889117534036,1.358937479154787,17.652969292048112
INM,INM-CM5-0,r1i1p1f1,gr1,ssp370,2027-07,2027,7,197.03555349602584,297.8052650497006,-61.1967812390611,-327.7447858473432,-0.0041500601003406565,-8.898567701866787,96.99653369735498,217.4716641061232,283.73718239268294,-82.41688316221644,-319.7754931447574,0.6158126923815513,-7.250053789737271,92.38222909447663,-20.43611061009736,14.06808265701767,21.220101923155333,-7.969292702585847,-0.619962752481892,-1.6485139121295154,4.614304602878349
INM,INM-CM5-0,r1i1p1f1,gr1,ssp370,2027-08,2027,8,126.26132382002075,296.037414245727,-31.670585842436783,-328.825843245587,-1.3641725174252481,-11.324906709099197,49.11322975119957,137.99288070953398,280.3883142818284,-47.25680367253166,-317.4629669555353,-0.7458868537258483,-9.743392042762487,43.172145466807066,-11.731556889513229,15.649099963898607,15.586217830094878,-11.362876290051702,-0.6182856636993999,-1.5815146663367106,5.9410842843925025
INM,INM-CM5-0,r1i1p1f1,gr1,ssp370,2027-09,2027,9,60.62126832632579,276.7619398641941,-13.884401675832992,-319.7601755686305,-5.87100305437132,-21.525285508843325,-23.6576576171582,64.62605857660985,256.68731236752427,-20.084262079342775,-301.6967775674771,-5.800327218478942,-17.798728504042145,-24.066724425206903,-4.00479025028406,20.074627496669848,6.199860403509783,-18.06339800115336,-0.07067583589237802,-3.7265570048011796,0.40906680804870277
INM,INM-CM5-0,r1i1p1f1,gr1,ssp370,2027-10,2027,10,17.55361253235612,247.77644681934038,-3.1666211285435426,-301.74978323340713,-18.69503423386562,-33.89986366395632,-92.18124290807614,18.359786183230952,226.1713069815244,-4.58560456704604,-277.15181734399863,-16.27695982199056,-26.218753296679903,-79.70204186495977,-0.8061736508748325,21.605139837815983,1.4189834385024978,-24.5979658894085,-2.418074411875061,-7.681110367276414,-12.479201043116376
INM,INM-CM5-0,r1i1p1f1,gr1,ssp370,2027-11,2027,11,3.173056640115392,230.08571970650945,-0.3905554487518626,-283.15121337340497,-22.113628634261012,-30.809116151123725,-103.20573726091672,3.373616207685165,200.78103474652093,-0.6403541251953389,-253.7584501331604,-23.21293540517074,-27.089763709299525,-100.54685241861995,-0.20055956756977267,29.30468495998852,0.24979867644347625,-29.392763240244562,1.0993067709097275,-3.719352441824199,-2.6588848422967715
INM,INM-CM5-0,r1i1p1f1,gr1,ssp370,2027-12,2027,12,0.8872136174800219,202.64043117223275,-0.16883855610542942,-257.01254213758995,-24.168589253727475,-27.263080444818105,-105.08540560252818,0.964180041922923,186.64826391094516,-0.31348832760597495,-237.90125991540202,-22.242226530874166,-23.201729997866106,-96.04626081888021,-0.07696642444290103,15.992167261287591,0.14464977150054553,-19.111282222187924,-1.926362722853309,-4.061350446951998,-9.03914478364797
INM,INM-CM5-0,r1i1p1f1,gr1,ssp370,2028-01,2028,1,2.304255422560171,187.1356404088959,-0.9035534853034708,-241.25795145034832,-27.24821908792197,-27.240569278350442,-107.21039747046811,2.4522201368629597,180.0589790644654,-1.1211335706525247,-229.76434372975177,-20.539467023086623,-20.74641542870584,-89.66016055086838,-0.1479647143027889,7.076661344430505,0.21758008534905393,-11.493607720596543,-6.708752064835348,-6.494153849644601,-17.550236919599726
INM,INM-CM5-0,r1i1p1f1,gr1,ssp370,2028-02,2028,2,12.636978224880753,188.50689822140995,-6.20101815885163,-238.5160971235339,-21.6301456496375,-23.012786650153032,-88.21617113588538,13.598224813006102,178.40214269593704,-7.25840213575084,-227.77240753433253,-18.919405163125447,-19.26673802518699,-81.21658534945266,-0.9612465881253485,10.10475552547291,1.0573839768992102,-10.74368958920138,-2.710740486512055,-3.7460486249660434,-6.999585786432718
INM,INM-CM5-0,r1i1p1f1,gr1,ssp370,2028-03,2028,3,56.152128159259355,197.68376711841492,-31.043343096877127,-248.16237279564592,-14.512821390377558,-20.93287233372374,-60.81551433895008,59.638888590245294,183.0204183320094,-35.62667115946799,-235.28367474041085,-15.251576236177188,-17.38433462970656,-60.88694984350788,-3.486760430985939,14.663348786405521,4.583328062590862,-12.878698055235077,0.7387548457996296,-3.5485377040171784,0.07143550455779746
INM,INM-CM5-0,r1i1p1f1,gr1,ssp370,2028-04,2028,4,149.19970293582853,219.15132371895882,-82.67617323483975,-275.29846121497314,-5.403190399412078,-15.749801098536134,-10.776599292973788,155.3178734332641,203.4394340490368,-93.68494320584504,-261.3719090946296,-8.228404400565143,-14.007620385928949,-18.535569604667806,-6.118170497435585,15.711889669922016,11.008769971005293,-13.926552120343558,2.825214001153065,-1.742180712607185,7.758970311694018
INM,INM-CM5-0,r1i1p1f1,gr1,ssp370,2028-05,2028,5,233.41914062663665,248.6106441376145,-116.04188260671954,-301.0266742277925,-1.8133545680371188,-10.714527688639059,52.43334567306297,247.34990174106002,237.36696451407164,-132.25247010732542,-294.5808684821893,-2.49212963594814,-10.76344882197312,44.6279492076957,-13.930761114423376,11.243679623542874,16.210587500605882,-6.445805745603195,0.6787750679110214,0.04892113333406023,7.805396465367274
INM,INM-CM5-0,r1i1p1f1,gr1,ssp370,2028-06,2028,6,251.64468900404958,277.57164113972743,-99.68978961866505,-319.3363964488111,-0.45120943081437237,-9.821204540247669,99.9177301052388,265.2973791099498,267.9699629796378,-117.5893157180128,-313.22580703693666,-0.004244195873688736,-8.586026789214452,93.86194834955006,-13.652690105900234,9.601678160089648,17.899526099347753,-6.110589411874457,-0.44696523494068363,-1.2351777510332163,6.055781755688741
INM,INM-CM5-0,r1i1p1f1,gr1,ssp370,2028-07,2028,7,204.4067370809396,294.4233950600567,-66.4018909399518,-326.7619543418738,0.8078965679336421,-7.504818947347312,98.96936447975705,217.4716641061232,283.73718239268294,-82.41688316221644,-319.7754931447574,0.6158126923815513,-7.250053789737271,92.38222909447663,-13.064927025183607,10.686212667373752,16.014992222264638,-6.986461197116398,0.19208387555209072,-0.2547651576100405,6.587135385280419
INM,INM-CM5-0,r1i1p1f1,gr1,ssp370,2028-08,2028,8,134.01331177593937,290.6626873697521,-38.92765832614126,-326.3858500258594,-0.2981396189057751,-10.774690550380416,48.28966062440463,137.99288070953398,280.3883142818284,-47.25680367253166,-317.4629669555353,-0.7458868537258483,-9.743392042762487,43.172145466807066,-3.9795689335946065,10.27437308792372,8.329145346390398,-8.922883070324076,0.44774723482007317,-1.0312985076179295,5.117515157597566
INM,INM-CM5-0,r1i1p1f1,gr1,ssp370,2028-09,2028,9,61.99148875300214,273.60573374935296,-15.000116130382606,-316.3947561317212,-6.531322329586731,-21.854752267547045,-24.18372435688243,64.62605857660985,256.68731236752427,-20.084262079342775,-301.6967775674771,-5.800327218478942,-17.798728504042145,-24.066724425206903,-2.6345698236077126,16.918421381828693,5.084145948960169,-14.697978564244067,-0.7309951111077888,-4.0560237635049,-0.11699993167552591
INM,INM-CM5-0,r1i1p1f1,gr1,ssp370,2028-10,2028,10,17.589636358241986,246.1525737438068,-3.2992096480214568,-298.2560265933144,-16.01910637782566,-32.72314543978552,-86.5552779568983,18.359786183230952,226.1713069815244,-4.58560456704604,-277.15181734399863,-16.27695982199056,-26.218753296679903,-79.70204186495977,-0.770149824988966,19.981266762282416,1.2863949190245836,-21.104209249315772,0.25785344416489764,-6.5043921431056155,-6.853236091938527
INM,INM-CM5-0,r1i1p1f1,gr1,ssp370,2028-11,2028,11,3.041780477268494,230.59803664922416,-0.35436397440891443,-281.5754068230737,-17.97558416379975,-30.104414333502664,-96.36995216829239,3.373616207685165,200.78103474652093,-0.6403541251953389,-253.7584501331604,-23.21293540517074,-27.089763709299525,-100.54685241861995,-0.3318357304166706,29.817001902703225,0.2859901507864244,-27.816956689913297,5.237351241370991,-3.0146506242031386,4.176900250327563
INM,INM-CM5-0,r1i1p1f1,gr1,ssp370,2028-12,2028,12,0.8264330387782582,211.02867071607736,-0.16696652153368313,-264.57219034699887,-25.31445931406169,-33.013594274911235,-111.21210670264986,0.964180041922923,186.64826391094516,-0.31348832760597495,-237.90125991540202,-22.242226530874166,-23.201729997866106,-96.04626081888021,-0.1377470031446647,24.380406805132196,0.14652180607229182,-26.670930431596844,-3.0722327831875234,-9.811864277045128,-15.165845883769649
INM,INM-CM5-0,r1i1p1f1,gr1,ssp370,2029-01,2029,1,2.1969429250123795,199.9799255926562,-0.748394170985984,-251.39146789440605,-24.854898452590138,-31.29683058488773,-106.1147225852013,2.4522201368629597,180.0589790644654,-1.1211335706525247,-229.76434372975177,-20.539467023086623,-20.74641542870584,-89.66016055086838,-0.25527721185058017,19.920946528190797,0.3727393996665407,-21.627124164654276,-4.315431429503516,-10.550415156181888,-16.454562034332923
INM,INM-CM5-0,r1i1p1f1,gr1,ssp370,2029-02,2029,2,12.789269040160104,193.54629652512935,-5.87248902059502,-243.3784566016209,-24.102767388543356,-28.191725452652463,-95.20987289812231,13.598224813006102,178.40214269593704,-7.25840213575084,-227.77240753433253,-18.919405163125447,-19.26673802518699,-81.21658534945266,-0.808955772845998,15.144153829192305,1.3859131151558204,-15.606049067288382,-5.183362225417909,-8.924987427465474,-13.993287548669656
INM,INM-CM5-0,r1i1p1f1,gr1,ssp370,2029-03,2029,3,56.838090912089605,197.0104965509464,-29.622626325249517,-252.74398351358562,-22.098885945044206,-28.727597007177714,-79.34450532802103,59.638888590245294,183.0204183320094,-35.62667115946799,-235.28367474041085,-15.251576236177188,-17.38433462970656,-60.88694984350788,-2.800797678155689,13.990078218937015,6.0040448342184725,-17.460308773174773,-6.847309708867018,-11.343262377471152,-18.45755548451315
INM,INM-CM5-0,r1i1p1f1,gr1,ssp370,2029-04,2029,4,142.24507486857678,226.03132886336007,-75.7943662334893,-278.5822248704519,-7.563003364354554,-16.02123817789387,-9.684428914252795,155.3178734332641,203.4394340490368,-93.68494320584504,-261.3719090946296,-8.228404400565143,-14.007620385928949,-18.535569604667806,-13.072798564687332,22.59189481432327,17.890576972355746,-17.210315775822323,0.6654010362105893,-2.013617791964922,8.851140690415011
INM,INM-CM5-0,r1i1p1f1,gr1,ssp370,2029-05,2029,5,233.73279144844952,252.35370468910043,-110.14729997241331,-304.8330823798949,-1.9115906565486782,-11.864610022368165,57.329913106324895,247.34990174106002,237.36696451407164,-132.25247010732542,-294.5808684821893,-2.49212963594814,-10.76344882197312,44.6279492076957,-13.617110292610505,14.986740175028785,22.105170134912115,-10.252213897705587,0.580538979399462,-1.1011612003950457,12.701963898629195
INM,INM-CM5-0,r1i1p1f1,gr1,ssp370,2029-06,2029,6,255.0483531879538,277.5664302629245,-97.89556489020437,-320.25103235117587,-1.1403629043859935,-10.647194413142534,102.6806288919696,265.2973791099498,267.9699629796378,-117.5893157180128,-313.22580703693666,-0.004244195873688736,-8.586026789214452,93.86194834955006,-10.249025921996008,9.5964672832867,19.69375082780843,-7.025225314239208,-1.1361187085123048,-2.061167623928082,8.818680542419543
INM,INM-CM5-0,r1i1p1f1,gr1,ssp370,2029-07,2029,7,216.19672036496374,293.3093341734647,-66.38871924617878,-328.87225592530694,0.34760718062474066,-8.040851052631892,106.55183549493556,217.4716641061232,283.73718239268294,-82.41688316221644,-319.7754931447574,0.6158126923815513,-7.250053789737271,92.38222909447663,-1.2749437411594613,9.57215178078178,16.028163916037656,-9.096762780549568,-0.2682055117568107,-0.7907972628946203,14.169606400458932
INM,INM-CM5-0,r1i1p1f1,gr1,ssp370,2029-08,2029,8,131.26287014383908,293.72865300814686,-36.694727434983406,-328.1464322588181,-2.3546123422647227,-12.805455654090045,44.990295461829646,137.99288070953398,280.3883142818284,-47.25680367253166,-317.4629669555353,-0.7458868537258483,-9.743392042762487,43.172145466807066,-6.730010565694897,13.340338726318464,10.562076237548254,-10.683465303282787,-1.6087254885388744,-3.0620636113275577,1.81814999502258
INM,INM-CM5-0,r1i1p1f1,gr1,ssp370,2029-09,2029,9,58.63698530133302,275.1077777206253,-13.526652577672726,-317.3875041815003,-6.933421769437622,-21.739033597266314,-25.84184910391864,64.62605857660985,256.68731236752427,-20.084262079342775,-301.6967775674771,-5.800327218478942,-17.798728504042145,-24.066724425206903,-5.98907327527683,18.420465353101008,6.557609501670049,-15.690726614023163,-1.1330945509586803,-3.9403050932241683,-1.7751246787117374
INM,INM-CM5-0,r1i1p1f1,gr1,ssp370,2029-10,2029,10,16.872722307751832,251.41716081477085,-2.9147206391763842,-299.88955774985016,-12.721214959278345,-28.653184978598862,-75.88879520438107,18.359786183230952,226.1713069815244,-4.58560456704604,-277.15181734399863,-16.27695982199056,-26.218753296679903,-79.70204186495977,-1.4870638754791194,25.245853833246457,1.6708839278696561,-22.737740405851525,3.5557448627122135,-2.4344316819189586,3.8132466605786988
INM,INM-CM5-0,r1i1p1f1,gr1,ssp370,2029-11,2029,11,3.214091515556071,222.6838323830655,-0.37107209140319447,-276.87124424192615,-24.128082887660373,-34.290268316738526,-109.76274363910667,3.373616207685165,200.78103474652093,-0.6403541251953389,-253.7584501331604,-23.21293540517074,-27.089763709299525,-100.54685241861995,-0.15952469212909381,21.902797636544562,0.2692820337921444,-23.11279410876574,-0.9151474824896333,-7.200504607439001,-9.215891220486725
INM,INM-CM5-0,r1i1p1f1,gr1,ssp370,2029-12,2029,12,0.899559807385837,204.40714937100182,-0.15754370959949313,-257.77798884415466,-24.492198955731215,-30.193843494469558,-107.31486582556727,0.964180041922923,186.64826391094516,-0.31348832760597495,-237.90125991540202,-22.242226530874166,-23.201729997866106,-96.04626081888021,-0.06462023453708599,17.75888546005666,0.15594461800648182,-19.87672892875264,-2.2499724248570487,-6.9921134966034515,-11.268605006687054
INM,INM-CM5-0,r1i1p1f1,gr1,ssp370,2030-01,2030,1,2.2432123394423336,197.7650682198411,-0.8760913896370816,-245.90356695299087,-22.54405533837773,-27.17176805737687,-96.48720117909912,2.4522201368629597,180.0589790644654,-1.1211335706525247,-229.76434372975177,-20.539467023086623,-20.74641542870584,-89.66016055086838,-0.20900779742062614,17.706089155375707,0.24504218101544317,-16.1392232232391,-2.004588315291109,-6.425352628671028,-6.827040628230733
INM,INM-CM5-0,r1i1p1f1,gr1,ssp370,2030-02,2030,2,12.903563063803018,195.9656824039577,-6.091883135671092,-244.87656375815257,-21.03166040884516,-27.636727203515377,-90.7675890384235,13.598224813006102,178.40214269593704,-7.25840213575084,-227.77240753433253,-18.919405163125447,-19.26673802518699,-81.21658534945266,-0.6946617492030835,17.56353970802064,1.1665190000797478,-17.10415622382004,-2.1122552457197123,-8.369989178328389,-9.551003688970837
INM,INM-CM5-0,r1i1p1f1,gr1,ssp370,2030-03,2030,3,56.88014130416167,196.22125230077333,-30.80497751603006,-249.39051441263493,-20.652918728967897,-25.61635799085729,-73.36337504355517,59.638888590245294,183.0204183320094,-35.62667115946799,-235.28367474041085,-15.251576236177188,-17.38433462970656,-60.88694984350788,-2.7587472860836257,13.20083396876393,4.8216936434379285,-14.106839672224083,-5.401342492790709,-8.232023361150727,-12.476425200047288
INM,INM-CM5-0,r1i1p1f1,gr1,ssp370,2030-04,2030,4,144.78136177193687,221.67621062631255,-78.47107797143119,-276.345733231614,-10.537056958282248,-19.774483518682587,-18.670779281760616,155.3178734332641,203.4394340490368,-93.68494320584504,-261.3719090946296,-8.228404400565143,-14.007620385928949,-18.535569604667806,-10.53651166132724,18.236776577275748,15.21386523441386,-14.973824136984433,-2.308652557717105,-5.766863132753638,-0.13520967709280995
INM,INM-CM5-0,r1i1p1f1,gr1,ssp370,2030-05,2030,5,233.13087043703558,254.94918660776815,-109.04867438160004,-305.98911222153134,-0.7679843677088505,-9.322151096867447,62.95213497709608,247.34990174106002,237.36696451407164,-132.25247010732542,-294.5808684821893,-2.49212963594814,-10.76344882197312,44.6279492076957,-14.21903130402444,17.582222093696515,23.203795725725385,-11.408243739342026,1.7241452682392897,1.441297725105672,18.32418576940038
INM,INM-CM5-0,r1i1p1f1,gr1,ssp370,2030-06,2030,6,250.28998435500029,280.80610067562003,-95.76129113042276,-321.2324858110746,-0.4679437069494045,-10.019969104007526,103.61439527816604,265.2973791099498,267.9699629796378,-117.5893157180128,-313.22580703693666,-0.004244195873688736,-8.586026789214452,93.86194834955006,-15.00739475494953,12.836137695982245,21.828024587590036,-8.006678774137924,-0.4636995110757158,-1.4339423147930734,9.752446928615981
INM,INM-CM5-0,r1i1p1f1,gr1,ssp370,2030-07,2030,7,197.97284323640642,300.21069141627163,-61.705123248580726,-328.83659443635,0.4072749677780168,-7.567367735573224,100.48172419995213,217.4716641061232,283.73718239268294,-82.41688316221644,-319.7754931447574,0.6158126923815513,-7.250053789737271,92.38222909447663,-19.49882086971678,16.47350902358869,20.71175991363571,-9.06110129159265,-0.20853772460353454,-0.3173139458359522,8.099495105475498
INM,INM-CM5-0,r1i1p1f1,gr1,ssp370,2030-08,2030,8,129.97436612313635,293.80365310864346,-35.67840377210693,-327.5485885481247,-1.296641673911716,-11.794815820052921,47.45956941758351,137.99288070953398,280.3883142818284,-47.25680367253166,-317.4629669555353,-0.7458868537258483,-9.743392042762487,43.172145466807066,-8.018514586397629,13.41533882681506,11.578399900424728,-10.085621592589405,-0.5507548201858676,-2.0514237772904345,4.287423950776443
INM,INM-CM5-0,r1i1p1f1,gr1,ssp370,2030-09,2030,9,61.00982140395365,269.86501879283344,-15.621423871249574,-314.2559339037472,-6.993511762520447,-21.987795537227377,-27.983824877957503,64.62605857660985,256.68731236752427,-20.084262079342775,-301.6967775674771,-5.800327218478942,-17.798728504042145,-24.066724425206903,-3.6162371726561986,13.177706425309168,4.462838208093201,-12.559156336270064,-1.1931845440415048,-4.189067033185232,-3.9171004527505993
INM,INM-CM5-0,r1i1p1f1,gr1,ssp370,2030-10,2030,10,17.23904675200241,239.53400163905414,-3.389860971146854,-294.5503018823602,-18.18599653836543,-33.21703436300347,-92.57014536381942,18.359786183230952,226.1713069815244,-4.58560456704604,-277.15181734399863,-16.27695982199056,-26.218753296679903,-79.70204186495977,-1.120739431228543,13.362694657529744,1.1957435958991862,-17.398484538361572,-1.909036716374871,-6.9982810663235675,-12.868103498859654
INM,INM-CM5-0,r1i1p1f1,gr1,ssp370,2030-11,2030,11,3.224245041141296,223.03981634368105,-0.41685866946319,-276.8581874777705,-23.584608564976428,-35.96954450713608,-110.56513783452385,3.373616207685165,200.78103474652093,-0.6403541251953389,-253.7584501331604,-23.21293540517074,-27.089763709299525,-100.54685241861995,-0.14937116654386884,22.258781597160123,0.22349545573214885,-23.099737344610105,-0.37167315980568816,-8.879780797836553,-10.018285415903904
INM,INM-CM5-0,r1i1p1f1,gr1,ssp370,2030-12,2030,12,0.8933064784766478,211.4301545325491,-0.1750328048540862,-261.5860794405128,-22.33482880290426,-30.44659866212241,-102.21907869936777,0.964180041922923,186.64826391094516,-0.31348832760597495,-237.90125991540202,-22.242226530874166,-23.201729997866106,-96.04626081888021,-0.07087356344627516,24.781890621603935,0.13845552275188874,-23.684819525110754,-0.09260227203009208,-7.244868664256302,-6.172817880487557
INM,INM-CM5-0,r1i1p1f1,gr1,ssp370,2031-01,2031,1,2.3263168107961887,197.34300529664122,-0.8785750295518934,-248.2313902927857,-26.092052515183497,-33.04210966248895,-108.57480539257261,2.4522201368629597,180.0589790644654,-1.1211335706525247,-229.76434372975177,-20.539467023086623,-20.74641542870584,-89.66016055086838,-0.12590332606677102,17.28402623217582,0.24255854110063135,-18.467046563033932,-5.552585492096874,-12.295694233783106,-18.91464484170423
INM,INM-CM5-0,r1i1p1f1,gr1,ssp370,2031-02,2031,2,13.012418977153175,201.35927528164507,-6.0718934409404826,-250.9210759907629,-20.863191975347213,-29.31709661909441,-92.80156376734674,13.598224813006102,178.40214269593704,-7.25840213575084,-227.77240753433253,-18.919405163125447,-19.26673802518699,-81.21658534945266,-0.585805835852927,22.957132585708024,1.1865086948103576,-23.148668456430357,-1.9437868122217665,-10.050358593907422,-11.584978417894078
INM,INM-CM5-0,r1i1p1f1,gr1,ssp370,2031-03,2031,3,56.17810966456795,196.16313345858393,-29.023551870228655,-250.86146124029491,-24.929389391959667,-33.114314865864756,-85.58747424519612,59.638888590245294,183.0204183320094,-35.62667115946799,-235.28367474041085,-15.251576236177188,-17.38433462970656,-60.88694984350788,-3.460778925677346,13.14271512657453,6.603119289239334,-15.57778649988407,-9.677813155782479,-15.729980236158195,-24.70052440168824
INM,INM-CM5-0,r1i1p1f1,gr1,ssp370,2031-04,2031,4,145.35840057438003,220.10828825963918,-76.78180203483716,-277.98729321336344,-12.846081589552902,-22.898237225822815,-25.046725229557065,155.3178734332641,203.4394340490368,-93.68494320584504,-261.3719090946296,-8.228404400565143,-14.007620385928949,-18.535569604667806,-9.959472858884084,16.668854210602376,16.90314117100789,-16.615384118733857,-4.617677188987759,-8.890616839893866,-6.511155624889259
INM,INM-CM5-0,r1i1p1f1,gr1,ssp370,2031-05,2031,5,222.57556237848854,260.7674499817927,-98.46164365149738,-308.5625945404815,-1.7823861564374823,-11.815524208305272,62.7208638035596,247.34990174106002,237.36696451407164,-132.25247010732542,-294.5808684821893,-2.49212963594814,-10.76344882197312,44.6279492076957,-24.77433936257148,23.40048546772107,33.79082645582804,-13.981726058292168,0.7097434795106579,-1.0520753863321524,18.092914595863903
INM,INM-CM5-0,r1i1p1f1,gr1,ssp370,2031-06,2031,6,250.43108506170736,277.9543004460307,-95.25338701463907,-320.60020549386593,0.4196447870234862,-10.36563362482803,102.58580416142851,265.2973791099498,267.9699629796378,-117.5893157180128,-313.22580703693666,-0.004244195873688736,-8.586026789214452,93.86194834955006,-14.866294048242452,9.984337466392901,22.335928703373725,-7.374398456929271,0.4238889828971749,-1.7796068356135777,8.723855811878451
INM,INM-CM5-0,r1i1p1f1,gr1,ssp370,2031-07,2031,7,206.35773942240277,296.0735760847023,-65.72960539008832,-328.48684439158035,1.413434857122006,-6.634583063279376,102.99371751927906,217.4716641061232,283.73718239268294,-82.41688316221644,-319.7754931447574,0.6158126923815513,-7.250053789737271,92.38222909447663,-11.113924683720427,12.336393692019385,16.687277772128112,-8.711351246822971,0.7976221647404546,0.6154707264578958,10.611488424802431
INM,INM-CM5-0,r1i1p1f1,gr1,ssp370,2031-08,2031,8,126.1039595719087,296.26196089721094,-35.193440571241645,-329.0651176772367,0.023778393275799774,-10.506606268575212,47.62453434534192,137.99288070953398,280.3883142818284,-47.25680367253166,-317.4629669555353,-0.7458868537258483,-9.743392042762487,43.172145466807066,-11.888921137625275,15.87364661538254,12.063363101290015,-11.602150721701378,0.7696652470016481,-0.7632142258127246,4.452388878534855
INM,INM-CM5-0,r1i1p1f1,gr1,ssp370,2031-09,2031,9,59.55947846473298,279.8763184777291,-13.773358765650382,-320.61556863118244,-5.934975460827822,-20.321940238423764,-21.21004615362228,64.62605857660985,256.68731236752427,-20.084262079342775,-301.6967775674771,-5.800327218478942,-17.798728504042145,-24.066724425206903,-5.066580111876867,23.189006110204843,6.310903313692393,-18.918791063705328,-0.13464824234887995,-2.5232117343816185,2.8566782715846237
INM,INM-CM5-0,r1i1p1f1,gr1,ssp370,2031-10,2031,10,16.912656585877407,252.53613525065026,-3.086547784595117,-301.27059829164807,-15.317129251379095,-30.05227393505932,-80.2777574261539,18.359786183230952,226.1713069815244,-4.58560456704604,-277.15181734399863,-16.27695982199056,-26.218753296679903,-79.70204186495977,-1.4471295973535447,26.364828269125866,1.4990567824509236,-24.11878094764944,0.959830570611464,-3.833520638379415,-0.57571556119413
INM,INM-CM5-0,r1i1p1f1,gr1,ssp370,2031-11,2031,11,3.2492052714285844,225.55637005357318,-0.4118081636097397,-280.33660154643337,-25.674367219295025,-34.7066562038001,-112.32385780813647,3.373616207685165,200.78103474652093,-0.6403541251953389,-253.7584501331604,-23.21293540517074,-27.089763709299525,-100.54685241861995,-0.1244109362565804,24.775335307052245,0.22854596158559914,-26.578151413272963,-2.4614318141242855,-7.616892494500576,-11.777005389516518
INM,INM-CM5-0,r1i1p1f1,gr1,ssp370,2031-12,2031,12,0.9279567978417519,213.31703734096055,-0.22096930608170165,-266.6229347802692,-25.41434998139893,-32.728956114518134,-110.74221604346567,0.964180041922923,186.64826391094516,-0.31348832760597495,-237.90125991540202,-22.242226530874166,-23.201729997866106,-96.04626081888021,-0.03622324408117106,26.668773430015392,0.0925190215242733,-28.72167486486717,-3.172123450524765,-9.527226116652027,-14.695955224585461
INM,INM-CM5-0,r1i1p1f1,gr1,ssp370,2032-01,2032,1,2.2174221551996665,204.81610312549472,-0.805404963690221,-257.386092405229,-25.40972561732531,-32.663333771092034,-109.23103147664219,2.4522201368629597,180.0589790644654,-1.1211335706525247,-229.76434372975177,-20.539467023086623,-20.74641542870584,-89.66016055086838,-0.23479798166329324,24.757124061029316,0.31572860696230376,-27.62174867547725,-4.870258594238688,-11.916918342386193,-19.570870925773804
INM,INM-CM5-0,r1i1p1f1,gr1,ssp370,2032-02,2032,2,12.934447200280633,196.31509787829546,-6.09086744044425,-248.97551574419856,-22.576775307335865,-26.373083790614928,-94.7666972040175,13.598224813006102,178.40214269593704,-7.25840213575084,-227.77240753433253,-18.919405163125447,-19.26673802518699,-81.21658534945266,-0.6637776127254682,17.912955182358417,1.16753469530659,-21.20310820986603,-3.657370144210418,-7.106345765427939,-13.550111854564847
INM,INM-CM5-0,r1i1p1f1,gr1,ssp370,2032-03,2032,3,54.1318074296645,213.70659997159677,-28.365268582445275,-261.4506417654033,-10.575786527012234,-18.991770612417888,-51.545060086017415,59.638888590245294,183.0204183320094,-35.62667115946799,-235.28367474041085,-15.251576236177188,-17.38433462970656,-60.88694984350788,-5.507081160580796,30.686181639587375,7.261402577022714,-26.16696702499246,4.675789709164954,-1.6074359827113263,9.341889757490463
INM,INM-CM5-0,r1i1p1f1,gr1,ssp370,2032-04,2032,4,151.92846949394112,218.4469276014178,-81.15378811845474,-276.82008597327496,-6.0779529010767455,-16.022054087905534,-9.698483985353,155.3178734332641,203.4394340490368,-93.68494320584504,-261.3719090946296,-8.228404400565143,-14.007620385928949,-18.535569604667806,-3.389403939322989,15.007493552380993,12.531155087390303,-15.44817687864537,2.1504514994883976,-2.0144337019765857,8.837085619314806
INM,INM-CM5-0,r1i1p1f1,gr1,ssp370,2032-05,2032,5,237.68294791314062,247.88663992011115,-112.32630709529562,-303.7672034391791,-3.644436886736838,-13.541481069125812,52.29015934291441,247.34990174106002,237.36696451407164,-132.25247010732542,-294.5808684821893,-2.49212963594814,-10.76344882197312,44.6279492076957,-9.6669538279194,10.51967540603951,19.926163012029804,-9.18633495698981,-1.1523072507886978,-2.7780322471526926,7.662210135218707
INM,INM-CM5-0,r1i1p1f1,gr1,ssp370,2032-06,2032,6,252.24934450621384,280.68248485811216,-96.09230698692245,-321.6799960171566,0.09182610380077617,-10.144589554271029,105.10676290977665,265.2973791099498,267.9699629796378,-117.5893157180128,-313.22580703693666,-0.004244195873688736,-8.586026789214452,93.86194834955006,-13.048034603735971,12.712521878474377,21.497008731090347,-8.454188980219953,0.09607029967446491,-1.5585627650565765,11.244814560226587
INM,INM-CM5-0,r1i1p1f1,gr1,ssp370,2032-07,2032,7,199.03393347919908,299.0411456088368,-62.98833198009808,-329.0387159587907,0.924829369248935,-8.030637771020302,98.9422227473757,217.4716641061232,283.73718239268294,-82.41688316221644,-319.7754931447574,0.6158126923815513,-7.250053789737271,92.38222909447663,-18.43773062692412,15.303963216153875,19.428551182118355,-9.263222814033327,0.30901667686738366,-0.7805839812830309,6.559993652899067
INM,INM-CM5-0,r1i1p1f1,gr1,ssp370,2032-08,2032,8,131.03084010196997,295.6091229873022,-35.354145744995684,-329.4436199584338,-0.801419033435437,-10.852052657327677,50.18872569507961,137.99288070953398,280.3883142818284,-47.25680367253166,-317.4629669555353,-0.7458868537258483,-9.743392042762487,43.172145466807066,-6.962040607564006,15.220808705473814,11.902657927535977,-11.98065300289852,-0.05553217970958868,-1.1086606145651903,7.016580228272545
INM,INM-CM5-0,r1i1p1f1,gr1,ssp370,2032-09,2032,9,58.23692878492599,278.94298783842635,-14.30479397125142,-319.57799697104116,-6.764026407080966,-21.59011758695403,-25.057018312975185,64.62605857660985,256.68731236752427,-20.084262079342775,-301.6967775674771,-5.800327218478942,-17.798728504042145,-24.066724425206903,-6.389129791683857,22.255675470902077,5.779468108091354,-17.881219403564046,-0.9636991886020239,-3.791389082911884,-0.9902938877682814
INM,INM-CM5-0,r1i1p1f1,gr1,ssp370,2032-10,2032,10,16.95445839799969,247.242941199012,-3.235120209779283,-299.2376900829047,-17.761323423744876,-33.217283653773755,-89.25401777319092,18.359786183230952,226.1713069815244,-4.58560456704604,-277.15181734399863,-16.27695982199056,-26.218753296679903,-79.70204186495977,-1.4053277852312611,21.0716342174876,1.3504843572667573,-22.085872738906062,-1.4843636017543176,-6.998530357093852,-9.551975908231157
INM,INM-CM5-0,r1i1p1f1,gr1,ssp370,2032-11,2032,11,3.3223988195345906,223.90578963728686,-0.3973600606037315,-280.91664465669965,-25.697006566670854,-38.38972915777855,-118.17255198493135,3.373616207685165,200.78103474652093,-0.6403541251953389,-253.7584501331604,-23.21293540517074,-27.089763709299525,-100.54685241861995,-0.051217388150574195,23.124754890765928,0.24299406459160733,-27.158194523539237,-2.4840711615001148,-11.299965448479021,-17.625699566311397
INM,INM-CM5-0,r1i1p1f1,gr1,ssp370,2032-12,2032,12,0.8374239386592659,220.63601339934368,-0.15698671107338044,-266.96388500750675,-17.155448592812977,-24.03354962783837,-86.83643260122852,0.964180041922923,186.64826391094516,-0.31348832760597495,-237.90125991540202,-22.242226530874166,-23.201729997866106,-96.04626081888021,-0.12675610326365705,33.98774948839852,0.1565016165325945,-29.062625092104724,5.086777938061189,-0.8318196299722622,9.20982821765169
INM,INM-CM5-0,r1i1p1f1,gr1,ssp370,2033-01,2033,1,2.173221973473524,207.1378271668353,-0.7370226873986708,-257.124566269759,-22.240926305650984,-28.634742988093006,-99.42620911059284,2.4522201368629597,180.0589790644654,-1.1211335706525247,-229.76434372975177,-20.539467023086623,-20.74641542870584,-89.66016055086838,-0.27899816338943584,27.078848102369903,0.3841108832538539,-27.360222540007214,-1.701459282564361,-7.8883275593871645,-9.766048559724453
INM,INM-CM5-0,r1i1p1f1,gr1,ssp370,2033-02,2033,2,12.556847408358019,203.09775247755672,-5.567507249234553,-253.03678877312944,-19.42760767605849,-24.276303563706495,-86.65360737621424,13.598224813006102,178.40214269593704,-7.25840213575084,-227.77240753433253,-18.919405163125447,-19.26673802518699,-81.21658534945266,-1.0413774046480828,24.69560978161968,1.6908948865162872,-25.264381238796915,-0.5082025129330425,-5.009565538519507,-5.437022026761582
INM,INM-CM5-0,r1i1p1f1,gr1,ssp370,2033-03,2033,3,57.68503719344686,187.31099738140432,-30.968843810374963,-244.7621543261376,-24.8927086700807,-29.034845230688703,-84.66251746243074,59.638888590245294,183.0204183320094,-35.62667115946799,-235.28367474041085,-15.251576236177188,-17.38433462970656,-60.88694984350788,-1.9538513967984343,4.290579049394921,4.657827349093026,-9.478479585726745,-9.641132433903513,-11.650510600982141,-23.775567618922864
INM,INM-CM5-0,r1i1p1f1,gr1,ssp370,2033-04,2033,4,147.21785995396013,219.91214250676686,-79.72808104603764,-276.535722119263,-8.591347151783635,-18.456639527526107,-16.181787383883417,155.3178734332641,203.4394340490368,-93.68494320584504,-261.3719090946296,-8.228404400565143,-14.007620385928949,-18.535569604667806,-8.100013479303982,16.47270845773005,13.9568621598074,-15.163813024633441,-0.3629427512184922,-4.449019141597159,2.353782220784389
INM,INM-CM5-0,r1i1p1f1,gr1,ssp370,2033-05,2033,5,235.89363183403498,252.54778920645043,-108.82141521109652,-306.71182155663666,-4.879047683037679,-15.342895121698648,52.68624146801591,247.34990174106002,237.36696451407164,-132.25247010732542,-294.5808684821893,-2.49212963594814,-10.76344882197312,44.6279492076957,-11.456269907025046,15.180824692378792,23.4310548962289,-12.130953074447348,-2.3869180470895386,-4.579446299725529,8.058292260320208
INM,INM-CM5-0,r1i1p1f1,gr1,ssp370,2033-06,2033,6,254.8510112401174,276.8024989201067,-102.88874697453197,-319.45845792784576,-1.9181571552128713,-12.297261055821927,95.09088704681156,265.2973791099498,267.9699629796378,-117.5893157180128,-313.22580703693666,-0.004244195873688736,-8.586026789214452,93.86194834955006,-10.446367869832414,8.832535940468915,14.70056874348083,-6.232650890909099,-1.9139129593391826,-3.711234266607475,1.2289386972614977
INM,INM-CM5-0,r1i1p1f1,gr1,ssp370,2033-07,2033,7,206.79988315964454,294.2622196006526,-66.04959360787537,-327.41735119416643,0.02840867946420614,-8.75814337884852,98.86542325887105,217.4716641061232,283.73718239268294,-82.41688316221644,-319.7754931447574,0.6158126923815513,-7.250053789737271,92.38222909447663,-10.671780946478663,10.52503720796966,16.36728955434107,-7.641858049409052,-0.5874040129173452,-1.5080895891112478,6.483194164394419
INM,INM-CM5-0,r1i1p1f1,gr1,ssp370,2033-08,2033,8,129.0201169992296,294.7875351923116,-34.43936909504556,-327.9959525422763,-0.4705194768034121,-10.761898834014977,50.139912243401,137.99288070953398,280.3883142818284,-47.25680367253166,-317.4629669555353,-0.7458868537258483,-9.743392042762487,43.172145466807066,-8.972763710304378,14.399220910483223,12.817434577486097,-10.532985586741006,0.2753673769224362,-1.0185067912524897,6.967766776593933
INM,INM-CM5-0,r1i1p1f1,gr1,ssp370,2033-09,2033,9,59.34630020768311,276.631599862239,-14.040953174491223,-318.4015100657782,-5.1126119278087465,-21.283414955731164,-22.860590053887243,64.62605857660985,256.68731236752427,-20.084262079342775,-301.6967775674771,-5.800327218478942,-17.798728504042145,-24.066724425206903,-5.279758368926743,19.94428749471473,6.043308904851552,-16.704732498301098,0.6877152906701953,-3.4846864516890186,1.20613437131966
INM,INM-CM5-0,r1i1p1f1,gr1,ssp370,2033-10,2033,10,17.277517159869547,248.92492957031584,-2.9399304226196272,-300.08230125577774,-15.482211888922315,-31.45729430994193,-83.75929114707623,18.359786183230952,226.1713069815244,-4.58560456704604,-277.15181734399863,-16.27695982199056,-26.218753296679903,-79.70204186495977,-1.0822690233614054,22.753622588791444,1.6456741444264131,-22.930483911779106,0.7947479330682441,-5.238541013262026,-4.057249282116459
INM,INM-CM5-0,r1i1p1f1,gr1,ssp370,2033-11,2033,11,2.9867705244044718,238.2027245465842,-0.3426354895626949,-287.0940764556017,-18.709112729274292,-28.64153320121465,-93.59786280466466,3.373616207685165,200.78103474652093,-0.6403541251953389,-253.7584501331604,-23.21293540517074,-27.089763709299525,-100.54685241861995,-0.386845683280693,37.42168980006326,0.29771863563264395,-33.33562632244127,4.503822675896448,-1.551769491915124,6.948989613955291
INM,INM-CM5-0,r1i1p1f1,gr1,ssp370,2033-12,2033,12,0.8610384114130564,213.2654251712737,-0.15195785586278665,-264.8450137207904,-22.519032939348925,-29.625762604160524,-103.01530353747587,0.964180041922923,186.64826391094516,-0.31348832760597495,-237.90125991540202,-22.242226530874166,-23.201729997866106,-96.04626081888021,-0.10314163050986658,26.617161260328544,0.1615304717431883,-26.943753805388383,-0.27680640847475857,-6.424032606294418,-6.969042718595659
INM,INM-CM5-0,r1i1p1f1,gr1,ssp370,2034-01,2034,1,2.341803693643577,196.54600588080825,-0.9149059406253908,-251.96952990738012,-25.8403779601273,-29.781053328312513,-109.6180575619935,2.4522201368629597,180.0589790644654,-1.1211335706525247,-229.76434372975177,-20.539467023086623,-20.74641542870584,-89.66016055086838,-0.11041644321938282,16.487026816342848,0.20622763002713396,-22.20518617762835,-5.300910937040676,-9.034637899606672,-19.957897011125112
INM,INM-CM5-0,r1i1p1f1,gr1,ssp370,2034-02,2034,2,13.394155900713688,190.41372882216774,-6.386538101864395,-244.19707178738122,-21.645487603058363,-26.092935451370728,-94.51414822079329,13.598224813006102,178.40214269593704,-7.25840213575084,-227.77240753433253,-18.919405163125447,-19.26673802518699,-81.21658534945266,-0.20406891229241353,12.011586126230696,0.8718640338864452,-16.42466425304869,-2.7260824399329167,-6.8261974261837395,-13.29756287134063
INM,INM-CM5-0,r1i1p1f1,gr1,ssp370,2034-03,2034,3,57.1923900140324,195.10232784000877,-30.623704062455317,-249.99582351079468,-21.08613432385777,-27.1082085355693,-76.51915257863591,59.638888590245294,183.0204183320094,-35.62667115946799,-235.28367474041085,-15.251576236177188,-17.38433462970656,-60.88694984350788,-2.446498576212896,12.08190950799937,5.002967097012672,-14.712148770383834,-5.834558087680582,-9.723873905862739,-15.632202735128033
INM,INM-CM5-0,r1i1p1f1,gr1,ssp370,2034-04,2034,4,147.49039561564803,219.96926307229083,-78.31853983961348,-277.21212640046315,-9.805218780508241,-19.265944815199905,-17.14217114784596,155.3178734332641,203.4394340490368,-93.68494320584504,-261.3719090946296,-8.228404400565143,-14.007620385928949,-18.535569604667806,-7.827477817616085,16.529829023254024,15.366403366231566,-15.840217305833562,-1.576814379943098,-5.258324429270957,1.3933984568218456
INM,INM-CM5-0,r1i1p1f1,gr1,ssp370,2034-05,2034,5,230.02692817794454,254.83896709138648,-108.68302937593673,-305.8839286924466,-1.6820523910748417,-11.67581361758488,56.94107119228798,247.34990174106002,237.36696451407164,-132.25247010732542,-294.5808684821893,-2.49212963594814,-10.76344882197312,44.6279492076957,-17.322973563115482,17.47200257731484,23.569440731388696,-11.303060210257286,0.8100772448732985,-0.9123647956117615,12.313121984592279
INM,INM-CM5-0,r1i1p1f1,gr1,ssp370,2034-06,2034,6,242.03279874826163,284.4454507786345,-91.02546565321515,-321.4728474554283,0.8904091551240902,-7.925609916904454,106.94473565647228,265.2973791099498,267.9699629796378,-117.5893157180128,-313.22580703693666,-0.004244195873688736,-8.586026789214452,93.86194834955006,-23.26458036168819,16.47548779899671,26.56385006479765,-8.247040418491622,0.894653350997779,0.6604168723099981,13.082787306922214
INM,INM-CM5-0,r1i1p1f1,gr1,ssp370,2034-07,2034,7,214.2658828270016,293.5340886448672,-69.36293584010417,-327.3670311290902,2.861657494836959,-5.634854669934282,108.29680732757714,217.4716641061232,283.73718239268294,-82.41688316221644,-319.7754931447574,0.6158126923815513,-7.250053789737271,92.38222909447663,-3.205781279121595,9.796906252184272,13.053947322112265,-7.591537984332831,2.245844802455408,1.6151991198029894,15.914578233100514
INM,INM-CM5-0,r1i1p1f1,gr1,ssp370,2034-08,2034,8,130.46803367373388,296.1042974553333,-36.66788142605878,-328.37715194246505,0.3266848757588084,-9.238934363778778,52.61504827252341,137.99288070953398,280.3883142818284,-47.25680367253166,-317.4629669555353,-0.7458868537258483,-9.743392042762487,43.172145466807066,-7.524847035800093,15.715983173504924,10.588922246472883,-10.91418498692974,1.0725717294846566,0.5044576789837087,9.442902805716344
INM,INM-CM5-0,r1i1p1f1,gr1,ssp370,2034-09,2034,9,59.55620392015486,279.68018555421327,-14.799765744357762,-319.6154447751338,-4.868112385962919,-20.00423408756071,-20.0511675186471,64.62605857660985,256.68731236752427,-20.084262079342775,-301.6967775674771,-5.800327218478942,-17.798728504042145,-24.066724425206903,-5.069854656454993,22.992873186688996,5.284496334985013,-17.91866720765671,0.9322148325160224,-2.2055055835185655,4.015556906559802
INM,INM-CM5-0,r1i1p1f1,gr1,ssp370,2034-10,2034,10,16.76081214731899,250.30132830958334,-3.251651085227043,-301.1449048013633,-17.02331655656523,-33.27777577047047,-87.63550775672367,18.359786183230952,226.1713069815244,-4.58560456704604,-277.15181734399863,-16.27695982199056,-26.218753296679903,-79.70204186495977,-1.5989740359119615,24.130021328058945,1.3339534818189973,-23.993087457364652,-0.7463567345746718,-7.0590224737905665,-7.933465891763902
INM,INM-CM5-0,r1i1p1f1,gr1,ssp370,2034-11,2034,11,3.0315283042625882,231.7786724041113,-0.373156536110159,-284.341133186531,-22.861926852107125,-34.1475920418663,-106.91360790824072,3.373616207685165,200.78103474652093,-0.6403541251953389,-253.7584501331604,-23.21293540517074,-27.089763709299525,-100.54685241861995,-0.34208790342257656,30.99763765759036,0.2671975890851799,-30.5826830533706,0.35100855306361467,-7.057828332566771,-6.366755489620772
INM,INM-CM5-0,r1i1p1f1,gr1,ssp370,2034-12,2034,12,0.8502552284728834,216.85771108649004,-0.13887378891230107,-272.8030494036268,-24.11104954293502,-32.45992621381814,-111.80493263432933,0.964180041922923,186.64826391094516,-0.31348832760597495,-237.90125991540202,-22.242226530874166,-23.201729997866106,-96.04626081888021,-0.11392481345003957,30.20944717554488,0.17461453869367388,-34.90178948822478,-1.8688230120608544,-9.258196215952037,-15.75867181544912
INM,INM-CM5-0,r1i1p1f1,gr1,ssp370,2035-01,2035,1,2.341827829667509,204.66817969521242,-0.8865745274566127,-256.4685738146223,-21.90920685105078,-27.59077150855391,-99.84511917680366,2.4522201368629597,180.0589790644654,-1.1211335706525247,-229.76434372975177,-20.539467023086623,-20.74641542870584,-89.66016055086838,-0.1103923071954509,24.60920063074701,0.23455904319591203,-26.704230084870517,-1.3697398279641568,-6.844356079848069,-10.18495862593528
INM,INM-CM5-0,r1i1p1f1,gr1,ssp370,2035-02,2035,2,12.445587568551685,200.22095986313096,-5.758244087807744,-253.32148977740695,-20.70345023292737,-26.656254236689108,-93.77289090314855,13.598224813006102,178.40214269593704,-7.25840213575084,-227.77240753433253,-18.919405163125447,-19.26673802518699,-81.21658534945266,-1.1526372444544162,21.818817167193913,1.5001580479430965,-25.549082243074423,-1.7840450698019232,-7.389516211502119,-12.556305553695893
INM,INM-CM5-0,r1i1p1f1,gr1,ssp370,2035-03,2035,3,56.317163606670995,199.17530291115008,-29.431313497581336,-253.4013281037716,-19.444010833697906,-23.813936759188106,-70.59812267641786,59.638888590245294,183.0204183320094,-35.62667115946799,-235.28367474041085,-15.251576236177188,-17.38433462970656,-60.88694984350788,-3.321724983574299,16.154884579140685,6.1953576618866535,-18.117653363360745,-4.192434597520718,-6.429602129481545,-9.71117283290998
INM,INM-CM5-0,r1i1p1f1,gr1,ssp370,2035-04,2035,4,144.19956919598445,225.74991894418332,-77.90556020245967,-279.41548702629166,-7.624062989195154,-16.720433594810046,-11.71605567258878,155.3178734332641,203.4394340490368,-93.68494320584504,-261.3719090946296,-8.228404400565143,-14.007620385928949,-18.535569604667806,-11.11830423727966,22.310484895146516,15.779383003385377,-18.04357793166207,0.6043414113699894,-2.712813208881098,6.819513932079026
INM,INM-CM5-0,r1i1p1f1,gr1,ssp370,2035-05,2035,5,228.60668498346658,256.54586448067164,-109.2869836836031,-306.43558993984806,-1.1001089358165552,-9.939008451497138,58.390858453373376,247.34990174106002,237.36696451407164,-132.25247010732542,-294.5808684821893,-2.49212963594814,-10.76344882197312,44.6279492076957,-18.743216757593444,19.1788999666,22.965486423722325,-11.85472145765874,1.392020700131585,0.8244403704759815,13.762909245677676
INM,INM-CM5-0,r1i1p1f1,gr1,ssp370,2035-06,2035,6,255.31655442743534,279.06278167822137,-101.61297763681775,-320.89016759882435,0.7087717499363991,-8.817936335568895,103.76702628438207,265.2973791099498,267.9699629796378,-117.5893157180128,-313.22580703693666,-0.004244195873688736,-8.586026789214452,93.86194834955006,-9.98082468251448,11.092818698583585,15.976338081195053,-7.66436056188769,0.7130159458100879,-0.2319095463544425,9.905077934832008
INM,INM-CM5-0,r1i1p1f1,gr1,ssp370,2035-07,2035,7,201.5907270039262,298.27885798222263,-64.94513519401472,-327.8525448333639,0.7309199654743102,-7.251293857993485,100.55153106625106,217.4716641061232,283.73718239268294,-82.41688316221644,-319.7754931447574,0.6158126923815513,-7.250053789737271,92.38222909447663,-15.88093710219701,14.541675589539693,17.47174796820171,-8.077051688606502,0.11510727309275881,-0.001240068256213256,8.16930197177443
INM,INM-CM5-0,r1i1p1f1,gr1,ssp370,2035-08,2035,8,122.31707446025874,300.8894822495986,-30.0716308830179,-330.4946110545505,-1.8524246259580583,-11.959768935885878,48.828121210444955,137.99288070953398,280.3883142818284,-47.25680367253166,-317.4629669555353,-0.7458868537258483,-9.743392042762487,43.172145466807066,-15.67580624927524,20.501167967770186,17.18517278951376,-13.031644099015182,-1.10653777223221,-2.2163768931233907,5.655975743637889
INM,INM-CM5-0,r1i1p1f1,gr1,ssp370,2035-09,2035,9,58.66950998518769,278.26132570639953,-12.739953324105404,-320.62472797065817,-7.093174890667372,-21.916737722259494,-25.443758216103205,64.62605857660985,256.68731236752427,-20.084262079342775,-301.6967775674771,-5.800327218478942,-17.798728504042145,-24.066724425206903,-5.9565485914221625,21.57401333887526,7.344308755237371,-18.927950403181057,-1.2928476721884303,-4.118009218217349,-1.3770337908963022
INM,INM-CM5-0,r1i1p1f1,gr1,ssp370,2035-10,2035,10,17.696441552879538,247.73587781316496,-2.883529591983855,-302.8286431636779,-18.236740280118042,-35.35402654861731,-93.8706202183526,18.359786183230952,226.1713069815244,-4.58560456704604,-277.15181734399863,-16.27695982199056,-26.218753296679903,-79.70204186495977,-0.6633446303514141,21.564570831640566,1.7020749750621853,-25.676825819679266,-1.959780458127483,-9.13527325193741,-14.168578353392832
INM,INM-CM5-0,r1i1p1f1,gr1,ssp370,2035-11,2035,11,3.046232625615694,224.74009281250287,-0.3462279762575562,-281.35969483840586,-26.308360658921615,-37.047150219671586,-117.27510825513806,3.373616207685165,200.78103474652093,-0.6403541251953389,-253.7584501331604,-23.21293540517074,-27.089763709299525,-100.54685241861995,-0.3273835820694706,23.959058065981935,0.29412614893778266,-27.60124470524545,-3.095425253750875,-9.95738651037206,-16.728255836518116
INM,INM-CM5-0,r1i1p1f1,gr1,ssp370,2035-12,2035,12,0.8339102851159993,208.08265033724808,-0.1216332583194549,-263.0949444257029,-28.775204268987764,-34.98985691701194,-118.06507824765802,0.964180041922923,186.64826391094516,-0.31348832760597495,-237.90125991540202,-22.242226530874166,-23.201729997866106,-96.04626081888021,-0.13026975680692365,21.434386426302922,0.19185506928652005,-25.193684510300898,-6.532977738113598,-11.788126919145835,-22.01881742877781
INM,INM-CM5-0,r1i1p1f1,gr1,ssp370,2036-01,2036,1,2.207544218564646,202.54512082598146,-0.6662893477145195,-252.75084380148414,-20.75902830505989,-25.738489696101645,-95.1619861058141,2.4522201368629597,180.0589790644654,-1.1211335706525247,-229.76434372975177,-20.539467023086623,-20.74641542870584,-89.66016055086838,-0.2446759182983138,22.486141761516052,0.4548442229380052,-22.986500071732365,-0.21956128197326663,-4.992074267395804,-5.501825554945711
INM,INM-CM5-0,r1i1p1f1,gr1,ssp370,2036-02,2036,2,12.705474284749098,198.44089536220105,-5.350138137150885,-248.4315959912317,-21.117926973139824,-27.953722567759627,-91.70701402233186,13.598224813006102,178.40214269593704,-7.25840213575084,-227.77240753433253,-18.919405163125447,-19.26673802518699,-81.21658534945266,-0.8927505282570039,20.038752666264003,1.9082639985999554,-20.65918845689916,-2.198521810014377,-8.686984542572638,-10.490428672879204
INM,INM-CM5-0,r1i1p1f1,gr1,ssp370,2036-03,2036,3,56.39477666069956,200.73361577260596,-29.96955722858008,-254.0408169691645,-19.53489489085479,-24.142319789672616,-70.55919644496645,59.638888590245294,183.0204183320094,-35.62667115946799,-235.28367474041085,-15.251576236177188,-17.38433462970656,-60.88694984350788,-3.2441119295457312,17.71319744059656,5.65711393088791,-18.75714222875365,-4.283318654677602,-6.757985159966054,-9.672246601458568
INM,INM-CM5-0,r1i1p1f1,gr1,ssp370,2036-04,2036,4,149.34614553938053,218.6689953834989,-81.66228683529656,-275.29813762423646,-8.187009429418264,-16.16089020988012,-13.293183175952002,155.3178734332641,203.4394340490368,-93.68494320584504,-261.3719090946296,-8.228404400565143,-14.007620385928949,-18.535569604667806,-5.971727893883582,15.22956133446209,12.02265637054849,-13.926228529606874,0.041394971146878845,-2.1532698239511703,5.242386428715804
INM,INM-CM5-0,r1i1p1f1,gr1,ssp370,2036-05,2036,5,225.21608954650097,257.7872074032797,-107.40855523250283,-305.74528504252135,-0.930476509503358,-9.92223405147682,58.99674611377624,247.34990174106002,237.36696451407164,-132.25247010732542,-294.5808684821893,-2.49212963594814,-10.76344882197312,44.6279492076957,-22.133812194559056,20.420242889208055,24.843914874822588,-11.164416560332029,1.5616531264447822,0.8412147704962987,14.36879690608054
INM,INM-CM5-0,r1i1p1f1,gr1,ssp370,2036-06,2036,6,250.54244601927994,279.6275706388466,-99.78261552216973,-320.1403353410502,-0.4221424172218905,-9.458031350587694,100.366892027097,265.2973791099498,267.9699629796378,-117.5893157180128,-313.22580703693666,-0.004244195873688736,-8.586026789214452,93.86194834955006,-14.75493309066988,11.657607659208793,17.806700195843064,-6.91452830411356,-0.41789822134820176,-0.8720045613732417,6.504943677546933
INM,INM-CM5-0,r1i1p1f1,gr1,ssp370,2036-07,2036,7,208.54469382482262,295.7090622597194,-69.92110106666367,-327.16610688987436,0.7725664119782963,-7.218146690941369,100.72096784904096,217.4716641061232,283.73718239268294,-82.41688316221644,-319.7754931447574,0.6158126923815513,-7.250053789737271,92.38222909447663,-8.926970281300584,11.971879867036478,12.49578209555277,-7.39061374511698,0.156753719596745,0.03190709879590248,8.338738754564332
INM,INM-CM5-0,r1i1p1f1,gr1,ssp370,2036-08,2036,8,129.69565666652184,293.83778645662323,-35.61800729470998,-328.057241274792,-1.0630525095653116,-12.07171336989509,46.7234286741827,137.99288070953398,280.3883142818284,-47.25680367253166,-317.4629669555353,-0.7458868537258483,-9.743392042762487,43.172145466807066,-8.297224043012136,13.449472174794835,11.638796377821677,-10.59427431925667,-0.3171656558394633,-2.3283213271326026,3.551283207375633
INM,INM-CM5-0,r1i1p1f1,gr1,ssp370,2036-09,2036,9,60.83510600387585,272.06773906061255,-15.843653911076665,-316.0508000661318,-5.85470903755299,-20.6404615902715,-25.48677954054453,64.62605857660985,256.68731236752427,-20.084262079342775,-301.6967775674771,-5.800327218478942,-17.798728504042145,-24.066724425206903,-3.7909525727339997,15.380426693088282,4.24060816826611,-14.354022498654672,-0.05438181907404793,-2.841733086229354,-1.4200551153376253
INM,INM-CM5-0,r1i1p1f1,gr1,ssp370,2036-10,2036,10,17.257192571315596,239.34658568910814,-3.640566878818633,-293.7050991921103,-17.476439959312575,-34.28464027370749,-92.5029680435253,18.359786183230952,226.1713069815244,-4.58560456704604,-277.15181734399863,-16.27695982199056,-26.218753296679903,-79.70204186495977,-1.1025936119153563,13.175278707583743,0.9450376882274072,-16.55328184811168,-1.1994801373220163,-8.065886977027585,-12.800926178565533
INM,INM-CM5-0,r1i1p1f1,gr1,ssp370,2036-11,2036,11,3.243387166206571,228.72401790910033,-0.40392239401482616,-282.3835731938358,-21.390734738151345,-35.61940348871165,-107.83022873940669,3.373616207685165,200.78103474652093,-0.6403541251953389,-253.7584501331604,-23.21293540517074,-27.089763709299525,-100.54685241861995,-0.13022904147859382,27.942983162579395,0.2364317311805127,-28.625123060675378,1.8222006670193949,-8.529639779412122,-7.2833763207867435
INM,INM-CM5-0,r1i1p1f1,gr1,ssp370,2036-12,2036,12,0.8511142640368025,210.11614053261704,-0.1649881859103737,-264.13728519099993,-25.150180005440053,-32.40023006127786,-110.88542864697439,0.964180041922923,186.64826391094516,-0.31348832760597495,-237.90125991540202,-22.242226530874166,-23.201729997866106,-96.04626081888021,-0.11306577788612049,23.467876621671877,0.14850014169560125,-26.23602527559791,-2.907953474565886,-9.198500063411753,-14.839167828094176
INM,INM-CM5-0,r1i1p1f1,gr1,ssp370,2037-01,2037,1,2.3194965637171876,201.46542036527666,-0.8859391279178093,-253.05527864660303,-18.620727881820645,-23.609207134480435,-92.38623586182808,2.4522201368629597,180.0589790644654,-1.1211335706525247,-229.76434372975177,-20.539467023086623,-20.74641542870584,-89.66016055086838,-0.1327235731457721,21.406441300811252,0.23519444273471546,-23.290934916851256,1.918739141265977,-2.862791705774594,-2.7260753109597005
INM,INM-CM5-0,r1i1p1f1,gr1,ssp370,2037-02,2037,2,12.793245687548158,200.6578278521753,-5.775309533814712,-251.3937525614352,-18.851727487362563,-26.739954093799117,-89.30967013668814,13.598224813006102,178.40214269593704,-7.25840213575084,-227.77240753433253,-18.919405163125447,-19.26673802518699,-81.21658534945266,-0.8049791254579439,22.255685156238258,1.4830926019361286,-23.621345027102677,0.06767767576288364,-7.473216068612128,-8.093084787235483
INM,INM-CM5-0,r1i1p1f1,gr1,ssp370,2037-03,2037,3,55.96557357510783,202.9720107815511,-29.30676518228864,-254.99151937061902,-18.15867242661993,-26.5409191527647,-70.06029177563336,59.638888590245294,183.0204183320094,-35.62667115946799,-235.28367474041085,-15.251576236177188,-17.38433462970656,-60.88694984350788,-3.6733150151374616,19.951592449541693,6.319905977179349,-19.70784463020817,-2.9070961904427417,-9.15658452305814,-9.173341932125481
INM,INM-CM5-0,r1i1p1f1,gr1,ssp370,2037-04,2037,4,139.47272165074844,225.7792432828696,-71.11905997664559,-280.10458130122566,-9.750380041986544,-20.281589483750295,-16.003645869990024,155.3178734332641,203.4394340490368,-93.68494320584504,-261.3719090946296,-8.228404400565143,-14.007620385928949,-18.535569604667806,-15.845151782515671,22.339809233832796,22.565883229199457,-18.732672206596078,-1.5219756414214007,-6.273969097821347,2.5319237346777825
INM,INM-CM5-0,r1i1p1f1,gr1,ssp370,2037-05,2037,5,224.05546539840356,262.343580556059,-96.954491905819,-310.7096605347908,-0.9201611502276263,-11.450719560578436,66.36401280304668,247.34990174106002,237.36696451407164,-132.25247010732542,-294.5808684821893,-2.49212963594814,-10.76344882197312,44.6279492076957,-23.294436342656468,24.97661604198737,35.297978201506425,-16.12879205260151,1.5719684857205138,-0.6872707386053172,21.736063595350977
INM,INM-CM5-0,r1i1p1f1,gr1,ssp370,2037-06,2037,6,241.2576666469062,286.634229427468,-86.96935600707685,-323.32865374877684,-0.05351106574415494,-9.72600911917087,107.81436613360542,265.2973791099498,267.9699629796378,-117.5893157180128,-313.22580703693666,-0.004244195873688736,-8.586026789214452,93.86194834955006,-24.039712463043628,18.664266447830187,30.619959710935944,-10.102846711840186,-0.049266869870466204,-1.1399823299564176,13.952417784055356
INM,INM-CM5-0,r1i1p1f1,gr1,ssp370,2037-07,2037,7,206.01242538594863,297.1244964435519,-59.596778470608484,-330.31766423816765,2.007099435224814,-6.869466791569271,108.36011176437991,217.4716641061232,283.73718239268294,-82.41688316221644,-319.7754931447574,0.6158126923815513,-7.250053789737271,92.38222909447663,-11.459238720174568,13.387314050868952,22.820104691607952,-10.542171093410275,1.391286742843263,0.3805869981680008,15.97788266990328
INM,INM-CM5-0,r1i1p1f1,gr1,ssp370,2037-08,2037,8,127.61768304426225,297.389481817403,-31.650921287337948,-331.1956019920125,-1.0652660423405482,-12.90439479043198,48.19098074954231,137.99288070953398,280.3883142818284,-47.25680367253166,-317.4629669555353,-0.7458868537258483,-9.743392042762487,43.172145466807066,-10.375197665271727,17.00116753557461,15.605882385193713,-13.732635036477177,-0.31937918861469994,-3.1610027476694924,5.018835282735246
INM,INM-CM5-0,r1i1p1f1,gr1,ssp370,2037-09,2037,9,56.47206511847065,285.34557512657665,-11.900418987727864,-323.5768435148468,-6.141008364449303,-21.1548349339234,-20.955465555900062,64.62605857660985,256.68731236752427,-20.084262079342775,-301.6967775674771,-5.800327218478942,-17.798728504042145,-24.066724425206903,-8.153993458139198,28.658262759052377,8.18384309161491,-21.8800659473697,-0.34068114597036114,-3.3561064298812546,3.111258869306841
INM,INM-CM5-0,r1i1p1f1,gr1,ssp370,2037-10,2037,10,16.851331830683353,253.9959505262972,-2.9138699107300625,-306.24075351530786,-17.55175046477793,-35.59157601302382,-91.45066754685911,18.359786183230952,226.1713069815244,-4.58560456704604,-277.15181734399863,-16.27695982199056,-26.218753296679903,-79.70204186495977,-1.5084543525475986,27.82464354477281,1.6717346563159778,-29.08893617130923,-1.2747906427873694,-9.372822716343915,-11.748625681899341
INM,INM-CM5-0,r1i1p1f1,gr1,ssp370,2037-11,2037,11,3.3405155428487414,233.18345969593835,-0.39504773868849874,-288.52106913961256,-24.28180890364868,-37.64642463231174,-114.3203751754744,3.373616207685165,200.78103474652093,-0.6403541251953389,-253.7584501331604,-23.21293540517074,-27.089763709299525,-100.54685241861995,-0.03310066483642338,32.40242494941742,0.2453063865068401,-34.762619006452155,-1.0688734984779416,-10.556660923012217,-13.773522756854447
INM,INM-CM5-0,r1i1p1f1,gr1,ssp370,2037-12,2037,12,0.8482129248638396,210.80643864606625,-0.15366128773653837,-266.2282495534455,-27.980133192894698,-34.49958502280593,-117.20697748595255,0.964180041922923,186.64826391094516,-0.31348832760597495,-237.90125991540202,-22.242226530874166,-23.201729997866106,-96.04626081888021,-0.11596711705908336,24.158174735121094,0.15982703986943658,-28.32698963804347,-5.7379066620205315,-11.297855024939825,-21.160716667072336
INM,INM-CM5-0,r1i1p1f1,gr1,ssp370,2038-01,2038,1,2.2344981264315633,209.25358033102597,-0.8074627043708933,-261.7478317434369,-22.79074403163174,-30.49847763428246,-104.35643765626446,2.4522201368629597,180.0589790644654,-1.1211335706525247,-229.76434372975177,-20.539467023086623,-20.74641542870584,-89.66016055086838,-0.21772201043139638,29.194601266560568,0.31367086628163143,-31.983488013685133,-2.2512770085451166,-9.752062205576618,-14.696277105396078
INM,INM-CM5-0,r1i1p1f1,gr1,ssp370,2038-02,2038,2,12.412087799112358,200.52307389176767,-5.742519364032594,-252.06906968779893,-23.88616280809049,-30.902021206142788,-99.66461137518479,13.598224813006102,178.40214269593704,-7.25840213575084,-227.77240753433253,-18.919405163125447,-19.26673802518699,-81.21658534945266,-1.1861370138937435,22.12093119583062,1.5158827717182461,-24.2966621534664,-4.966757644965043,-11.635283180955799,-18.448026025732133
INM,INM-CM5-0,r1i1p1f1,gr1,ssp370,2038-03,2038,3,55.682609446641436,204.63987081062757,-29.021989805457146,-257.15045281381475,-20.09461075247961,-27.691757858064033,-73.6363309725465,59.638888590245294,183.0204183320094,-35.62667115946799,-235.28367474041085,-15.251576236177188,-17.38433462970656,-60.88694984350788,-3.956279143603858,21.61945247861817,6.604681354010843,-21.866778073403907,-4.843034516302422,-10.307423228357472,-12.749381129038625
INM,INM-CM5-0,r1i1p1f1,gr1,ssp370,2038-04,2038,4,144.6742332030724,225.92229521885855,-77.16692410201394,-279.115097649557,-3.6181428024576685,-12.917245597977336,-2.2208817300750017,155.3178734332641,203.4394340490368,-93.68494320584504,-261.3719090946296,-8.228404400565143,-14.007620385928949,-18.535569604667806,-10.643640230191721,22.482861169821746,16.518019103831108,-17.74318855492743,4.610261598107474,1.0903747879516121,16.314687874592806
INM,INM-CM5-0,r1i1p1f1,gr1,ssp370,2038-05,2038,5,235.461907880704,252.25907811017927,-107.60046367949228,-306.8600007441933,-3.3985580116767595,-14.006811144176359,55.85515241134454,247.34990174106002,237.36696451407164,-132.25247010732542,-294.5808684821893,-2.49212963594814,-10.76344882197312,44.6279492076957,-11.887993860356033,14.892113596107635,24.652006427833143,-12.279132262003998,-0.9064283757286193,-3.2433623222032395,11.227203203648841
INM,INM-CM5-0,r1i1p1f1,gr1,ssp370,2038-06,2038,6,251.00789077653275,280.5840051529808,-93.294425381471,-322.458855981466,1.2135873540163824,-9.759386034690776,107.29281588590221,265.2973791099498,267.9699629796378,-117.5893157180128,-313.22580703693666,-0.004244195873688736,-8.586026789214452,93.86194834955006,-14.289488333417069,12.614042173343023,24.294890336541798,-9.233048944529344,1.2178315498900711,-1.1733592454763233,13.430867536352153
INM,INM-CM5-0,r1i1p1f1,gr1,ssp370,2038-07,2038,7,192.77271712897004,303.2314205004931,-59.056655197926275,-330.3490566850663,-1.1049117655529748,-10.031390058232502,95.46212392268511,217.4716641061232,283.73718239268294,-82.41688316221644,-319.7754931447574,0.6158126923815513,-7.250053789737271,92.38222909447663,-24.698946977153156,19.494238107810133,23.36022796429016,-10.573563540308896,-1.720724457934526,-2.78133626849523,3.079894828208481
INM,INM-CM5-0,r1i1p1f1,gr1,ssp370,2038-08,2038,8,126.0236503991588,298.0197108390686,-32.438438523195906,-330.6477273664512,-2.068322687520204,-13.037475952962883,45.8513967080972,137.99288070953398,280.3883142818284,-47.25680367253166,-317.4629669555353,-0.7458868537258483,-9.743392042762487,43.172145466807066,-11.969230310375181,17.63139655724018,14.818365149335754,-13.184760410915885,-1.3224358337943558,-3.2940839102003956,2.6792512412901317
INM,INM-CM5-0,r1i1p1f1,gr1,ssp370,2038-09,2038,9,61.6608434209008,274.58314038272874,-13.074421696654278,-319.922342857596,-7.8099476787976165,-25.591258458986324,-30.15398688840467,64.62605857660985,256.68731236752427,-20.084262079342775,-301.6967775674771,-5.800327218478942,-17.798728504042145,-24.066724425206903,-2.9652151557090534,17.895828015204472,7.0098403826884965,-18.22556529011888,-2.0096204603186747,-7.792529954944179,-6.087262463197767
INM,INM-CM5-0,r1i1p1f1,gr1,ssp370,2038-10,2038,10,17.22310622305987,250.30330129286756,-2.559034176569847,-303.912122416319,-16.05643942704601,-33.22390216669318,-88.22509067070064,18.359786183230952,226.1713069815244,-4.58560456704604,-277.15181734399863,-16.27695982199056,-26.218753296679903,-79.70204186495977,-1.136679960171083,24.131994311343163,2.026570390476193,-26.760305072320364,0.22052039494455045,-7.005148870013276,-8.52304880574087
INM,INM-CM5-0,r1i1p1f1,gr1,ssp370,2038-11,2038,11,2.949547945560102,227.2176126704709,-0.31584962699850294,-283.52087343502745,-29.234124346335026,-39.91283141676543,-122.81651820909538,3.373616207685165,200.78103474652093,-0.6403541251953389,-253.7584501331604,-23.21293540517074,-27.089763709299525,-100.54685241861995,-0.42406826212506266,26.436577923949983,0.3245044981968359,-29.762423301867045,-6.0211889411642865,-12.823067707465903,-22.26966579047543
INM,INM-CM5-0,r1i1p1f1,gr1,ssp370,2038-12,2038,12,0.8893973154285584,220.0049830446278,-0.16633531150273623,-270.71714569387376,-21.13050355336925,-29.583533097039805,-100.70313729572918,0.964180041922923,186.64826391094516,-0.31348832760597495,-237.90125991540202,-22.242226530874166,-23.201729997866106,-96.04626081888021,-0.07478272649436457,33.356719133682645,0.14715301610323872,-32.81588577847174,1.1117229775049182,-6.381803099173698,-4.656876476848964
INM,INM-CM5-0,r1i1p1f1,gr1,ssp370,2039-01,2039,1,2.1973994986603325,207.698976218727,-0.7986073782490107,-258.141833797814,-19.179217981349083,-25.31721122130703,-93.54049466133179,2.4522201368629597,180.0589790644654,-1.1211335706525247,-229.76434372975177,-20.539467023086623,-20.74641542870584,-89.66016055086838,-0.25482063820262724,27.639997154261607,0.322526192403514,-28.37749006806223,1.3602490417375392,-4.570795792601189,-3.8803341104634086
INM,INM-CM5-0,r1i1p1f1,gr1,ssp370,2039-02,2039,2,12.63091103487338,202.348107606009,-5.704981025503885,-252.42149954210018,-22.32144948956182,-28.785775544580893,-94.2546869608644,13.598224813006102,178.40214269593704,-7.25840213575084,-227.77240753433253,-18.919405163125447,-19.26673802518699,-81.21658534945266,-0.9673137781327217,23.94596491007195,1.5534211102469548,-24.64909200776765,-3.402044326436375,-9.519037519393905,-13.038101611411747
INM,INM-CM5-0,r1i1p1f1,gr1,ssp370,2039-03,2039,3,55.19759258952687,214.94597096051513,-27.155936823350732,-266.8955587873802,-14.871695445584598,-26.857914906162694,-65.63754241243622,59.638888590245294,183.0204183320094,-35.62667115946799,-235.28367474041085,-15.251576236177188,-17.38433462970656,-60.88694984350788,-4.441296000718424,31.925552628505727,8.470734336117257,-31.61188404696935,0.3798807905925905,-9.473580276456133,-4.75059256892834
INM,INM-CM5-0,r1i1p1f1,gr1,ssp370,2039-04,2039,4,144.24531510512307,228.66494684339887,-71.7582714185321,-284.5748389874524,-9.484823255578599,-20.145607538900013,-13.05327925194119,155.3178734332641,203.4394340490368,-93.68494320584504,-261.3719090946296,-8.228404400565143,-14.007620385928949,-18.535569604667806,-11.072558328141042,25.22551279436206,21.92667178731294,-23.202929892822794,-1.2564188550134556,-6.137987152971064,5.482290352726617
INM,INM-CM5-0,r1i1p1f1,gr1,ssp370,2039-05,2039,5,226.09240755497643,258.4489349136732,-96.50268632686601,-309.76595670674084,-1.8259146306202703,-12.125591997943605,64.32119280647892,247.34990174106002,237.36696451407164,-132.25247010732542,-294.5808684821893,-2.49212963594814,-10.76344882197312,44.6279492076957,-21.25749418608359,21.081970399601573,35.74978378045941,-15.18508822455152,0.6662150053278699,-1.3621431759704858,19.69324359878322
INM,INM-CM5-0,r1i1p1f1,gr1,ssp370,2039-06,2039,6,246.98559457292632,283.07160690531646,-88.9039140933866,-322.60278054331724,-0.007180179330727443,-8.938683127818402,109.60464353438975,265.2973791099498,267.9699629796378,-117.5893157180128,-313.22580703693666,-0.004244195873688736,-8.586026789214452,93.86194834955006,-18.3117845370235,15.101643925678673,28.685401624626195,-9.37697350638058,-0.002935983457038707,-0.35265633860394985,15.74269518483969
INM,INM-CM5-0,r1i1p1f1,gr1,ssp370,2039-07,2039,7,206.92898332114132,298.1128367352827,-58.9989065115405,-331.1808913159864,1.0249309176082537,-7.014036537532386,108.87291660897303,217.4716641061232,283.73718239268294,-82.41688316221644,-319.7754931447574,0.6158126923815513,-7.250053789737271,92.38222909447663,-10.542680784981883,14.375654342599773,23.41797665067594,-11.405398171229024,0.4091182252267024,0.23601725220488579,16.4906875144964
INM,INM-CM5-0,r1i1p1f1,gr1,ssp370,2039-08,2039,8,123.11466260357726,300.51137672511487,-28.90478378772585,-332.1610910126902,-2.3109692335566123,-12.84920919007714,47.39998610464231,137.99288070953398,280.3883142818284,-47.25680367253166,-317.4629669555353,-0.7458868537258483,-9.743392042762487,43.172145466807066,-14.87821810595672,20.12306244328647,18.35201988480581,-14.698124057154871,-1.565082379830764,-3.105817147314653,4.227840637835243
INM,INM-CM5-0,r1i1p1f1,gr1,ssp370,2039-09,2039,9,58.00672955222381,281.59832749203093,-12.083565829677388,-323.4027091351934,-6.116992923650788,-22.37157140328876,-24.369782247555598,64.62605857660985,256.68731236752427,-20.084262079342775,-301.6967775674771,-5.800327218478942,-17.798728504042145,-24.066724425206903,-6.61932902438604,24.911015124506662,8.000696249665387,-21.705931567716277,-0.3166657051718458,-4.572842899246613,-0.3030578223486948
INM,INM-CM5-0,r1i1p1f1,gr1,ssp370,2039-10,2039,10,16.637590775402177,257.3253324649709,-2.6690352554357504,-307.6447381281144,-15.790044599029256,-31.884217058193705,-84.02511180039997,18.359786183230952,226.1713069815244,-4.58560456704604,-277.15181734399863,-16.27695982199056,-26.218753296679903,-79.70204186495977,-1.7221954078287744,31.15402548344653,1.91656931161029,-30.492920784115768,0.4869152229613025,-5.665463761513802,-4.323069935440202
INM,INM-CM5-0,r1i1p1f1,gr1,ssp370,2039-11,2039,11,3.1090856364867885,236.85727366102873,-0.35597161225097046,-290.340493849826,-21.077103120351453,-33.696475320852436,-105.50368460576533,3.373616207685165,200.78103474652093,-0.6403541251953389,-253.7584501331604,-23.21293540517074,-27.089763709299525,-100.54685241861995,-0.2645305711983763,36.0762389145078,0.2843825129443684,-36.58204371666557,2.135832284819287,-6.60671161155291,-4.95683218714538
INM,INM-CM5-0,r1i1p1f1,gr1,ssp370,2039-12,2039,12,0.8555207961923493,225.33169343268878,-0.11567606659622737,-279.4192070196232,-25.019176622844615,-33.807511654475256,-112.17435713465815,0.964180041922923,186.64826391094516,-0.31348832760597495,-237.90125991540202,-22.242226530874166,-23.201729997866106,-96.04626081888021,-0.10865924573057362,38.68342952174362,0.19781226100974758,-41.51794710422115,-2.7769500919704484,-10.60578165660915,-16.12809631577794
INM,INM-CM5-0,r1i1p1f1,gr1,ssp370,2040-01,2040,1,2.3744725979521375,201.8088930357046,-0.8244891078003181,-257.74576509539435,-27.869706534453744,-32.96867540606589,-115.22527051005756,2.4522201368629597,180.0589790644654,-1.1211335706525247,-229.76434372975177,-20.539467023086623,-20.74641542870584,-89.66016055086838,-0.0777475389108222,21.74991397123921,0.2966444628522066,-27.981421365642575,-7.330239511367122,-12.22225997736005,-25.565109959189172
INM,INM-CM5-0,r1i1p1f1,gr1,ssp370,2040-02,2040,2,12.292505863997338,204.78212317364424,-5.723961408189245,-252.91887460813535,-15.558112771708455,-20.271517132222513,-77.39783688261397,13.598224813006102,178.40214269593704,-7.25840213575084,-227.77240753433253,-18.919405163125447,-19.26673802518699,-81.21658534945266,-1.3057189490087637,26.379980477707193,1.534440727561595,-25.146467073802825,3.361292391416992,-1.0047791070355245,3.8187484668386844
INM,INM-CM5-0,r1i1p1f1,gr1,ssp370,2040-03,2040,3,56.89460213365239,195.95550846277663,-30.029633505261096,-251.7587866275999,-21.58105333696682,-26.38454926686929,-76.90391214026808,59.638888590245294,183.0204183320094,-35.62667115946799,-235.28367474041085,-15.251576236177188,-17.38433462970656,-60.88694984350788,-2.744286456592903,12.935090130767236,5.597037654206893,-16.47511188718906,-6.329477100789633,-9.000214637162728,-16.016962296760198
INM,INM-CM5-0,r1i1p1f1,gr1,ssp370,2040-04,2040,4,149.61962218574914,220.26351655253615,-80.40001903052232,-277.7681221389745,-10.431284668438188,-19.929916287922048,-18.64620338757176,155.3178734332641,203.4394340490368,-93.68494320584504,-261.3719090946296,-8.228404400565143,-14.007620385928949,-18.535569604667806,-5.698251247514975,16.82408250349934,13.284924175322729,-16.396213044344904,-2.202880267873045,-5.922295901993099,-0.1106337829039532
INM,INM-CM5-0,r1i1p1f1,gr1,ssp370,2040-05,2040,5,228.16001503385363,256.04061420864286,-106.13476879612416,-307.1138831934589,-2.791352275773693,-13.503020485812156,54.657604491327575,247.34990174106002,237.36696451407164,-132.25247010732542,-294.5808684821893,-2.49212963594814,-10.76344882197312,44.6279492076957,-19.189886707206398,18.673649694571225,26.11770131120126,-12.533014711269573,-0.29922263982555286,-2.739571663839037,10.029655283631875
INM,INM-CM5-0,r1i1p1f1,gr1,ssp370,2040-06,2040,6,245.8976868878654,283.2749294677153,-92.06781269936555,-322.340729558221,-0.43284838327463937,-9.59393278784173,104.7372929268777,265.2973791099498,267.9699629796378,-117.5893157180128,-313.22580703693666,-0.004244195873688736,-8.586026789214452,93.86194834955006,-19.39969222208441,15.304966488077525,25.521503018647252,-9.11492252128437,-0.42860418740095063,-1.0079059986272778,10.875344577327638
INM,INM-CM5-0,r1i1p1f1,gr1,ssp370,2040-07,2040,7,201.86308321792785,297.9829086928488,-59.51319181696187,-329.3015511374441,0.05973579489903179,-9.490595842135523,101.6003889091342,217.4716641061232,283.73718239268294,-82.41688316221644,-319.7754931447574,0.6158126923815513,-7.250053789737271,92.38222909447663,-15.608580888195348,14.24572630016587,22.903691345254565,-9.52605799268673,-0.5560768974825195,-2.2405420523982515,9.218159814657568
INM,INM-CM5-0,r1i1p1f1,gr1,ssp370,2040-08,2040,8,127.94345169752086,295.78548064713027,-30.52019146660745,-330.29585895892865,-1.695193098379572,-13.0830216971776,48.134667123557854,137.99288070953398,280.3883142818284,-47.25680367253166,-317.4629669555353,-0.7458868537258483,-9.743392042762487,43.172145466807066,-10.049429012013121,15.39716636530187,16.73661220592421,-12.83289200339334,-0.9493062446537237,-3.3396296544151127,4.962521656750788
INM,INM-CM5-0,r1i1p1f1,gr1,ssp370,2040-09,2040,9,61.21157374468074,275.36517571312993,-12.314765312484164,-321.4926177549445,-6.239459308625427,-23.733948362491024,-27.204041280734447,64.62605857660985,256.68731236752427,-20.084262079342775,-301.6967775674771,-5.800327218478942,-17.798728504042145,-24.066724425206903,-3.4144848319291086,18.677863345605658,7.769496766858611,-19.795840187467377,-0.4391320901464848,-5.935219858448878,-3.137316855527544
INM,INM-CM5-0,r1i1p1f1,gr1,ssp370,2040-10,2040,10,16.98335397070112,251.6074356853034,-2.5766463467050515,-305.1747658748162,-17.59514750930263,-35.36280011359184,-92.11857018841121,18.359786183230952,226.1713069815244,-4.58560456704604,-277.15181734399863,-16.27695982199056,-26.218753296679903,-79.70204186495977,-1.3764322125298314,25.43612870377899,2.008958220340989,-28.022948530817587,-1.3181876873120721,-9.144046816911935,-12.416528323451445
INM,INM-CM5-0,r1i1p1f1,gr1,ssp370,2040-11,2040,11,3.116674662676161,233.21444223315373,-0.3594206211016652,-288.5097381270564,-18.33375211196563,-31.33931020288899,-102.21110416718275,3.373616207685165,200.78103474652093,-0.6403541251953389,-253.7584501331604,-23.21293540517074,-27.089763709299525,-100.54685241861995,-0.256941545009004,32.4334074866328,0.2809335040936736,-34.75128799389597,4.879183293205109,-4.249546493589463,-1.6642517485628048
INM,INM-CM5-0,r1i1p1f1,gr1,ssp370,2040-12,2040,12,0.8847439282532857,209.9023328948705,-0.13536254096774514,-266.2067110442259,-28.448809150339226,-36.115343389962625,-120.11914930237174,0.964180041922923,186.64826391094516,-0.31348832760597495,-237.90125991540202,-22.242226530874166,-23.201729997866106,-96.04626081888021,-0.07943611366963721,23.25406898392535,0.1781257866382298,-28.305451128823904,-6.20658261946506,-12.913613392096519,-24.072888483491525
INM,INM-CM5-0,r1i1p1f1,gr1,ssp370,2041-01,2041,1,2.2115663796856846,200.79217734077585,-0.7529609414090261,-253.92049147853362,-23.366109248799972,-29.045345801582663,-104.08116374986375,2.4522201368629597,180.0589790644654,-1.1211335706525247,-229.76434372975177,-20.539467023086623,-20.74641542870584,-89.66016055086838,-0.2406537571772751,20.733198276310446,0.3681726292434986,-24.156147748781848,-2.82664222571335,-8.298930372876821,-14.421003198995365
INM,INM-CM5-0,r1i1p1f1,gr1,ssp370,2041-02,2041,2,13.182302100967986,195.20557402411745,-5.957369340130122,-248.53645681562273,-24.22993173224584,-30.02032773321603,-100.35620949612931,13.598224813006102,178.40214269593704,-7.25840213575084,-227.77240753433253,-18.919405163125447,-19.26673802518699,-81.21658534945266,-0.4159227120381157,16.80343132818041,1.301032795620718,-20.764049281290198,-5.310526569120395,-10.75358970802904,-19.139624146676653
INM,INM-CM5-0,r1i1p1f1,gr1,ssp370,2041-03,2041,3,54.93219890620521,202.62260491589313,-29.702053562176683,-253.48691434057366,-13.150620688167416,-18.480903722098276,-57.26568849091769,59.638888590245294,183.0204183320094,-35.62667115946799,-235.28367474041085,-15.251576236177188,-17.38433462970656,-60.88694984350788,-4.706689684040086,19.602186583883736,5.924617597291306,-18.203239600162817,2.1009555480097717,-1.0965690923917144,3.6212613525901887
INM,INM-CM5-0,r1i1p1f1,gr1,ssp370,2041-04,2041,4,148.83174272400015,219.24555537811523,-80.79243515136955,-276.0272010401674,-9.531656843416421,-18.875116014943004,-17.14911094778102,155.3178734332641,203.4394340490368,-93.68494320584504,-261.3719090946296,-8.228404400565143,-14.007620385928949,-18.535569604667806,-6.486130709263961,15.806121329078422,12.892508054475499,-14.65529194553784,-1.303252442851278,-4.867495629014055,1.3864586568867878
INM,INM-CM5-0,r1i1p1f1,gr1,ssp370,2041-05,2041,5,240.2746381380161,247.6853589111602,-111.70410183259412,-304.79769860655006,-4.679637083822699,-17.132913036671553,49.64564648953788,247.34990174106002,237.36696451407164,-132.25247010732542,-294.5808684821893,-2.49212963594814,-10.76344882197312,44.6279492076957,-7.075263603043936,10.318394397088554,20.548368274731303,-10.21683012436074,-2.1875074478745584,-6.369464214698434,5.017697281842182
INM,INM-CM5-0,r1i1p1f1,gr1,ssp370,2041-06,2041,6,247.06288829701614,281.0120572752897,-94.00251045934229,-321.066904723364,1.2872148914178758,-8.071857241592777,106.22088803942468,265.2973791099498,267.9699629796378,-117.5893157180128,-313.22580703693666,-0.004244195873688736,-8.586026789214452,93.86194834955006,-18.23449081293367,13.042094295651907,23.58680525867051,-7.841097686427361,1.2914590872915646,0.514169547621675,12.358939689874617
INM,INM-CM5-0,r1i1p1f1,gr1,ssp370,2041-07,2041,7,204.02945617646125,296.427865811931,-64.80198669542565,-328.1915203499032,0.8386942322188915,-8.026257621439765,100.2762515538425,217.4716641061232,283.73718239268294,-82.41688316221644,-319.7754931447574,0.6158126923815513,-7.250053789737271,92.38222909447663,-13.442207929661947,12.690683419248046,17.614896466790782,-8.416027205145838,0.22288153983734016,-0.7762038317024933,7.894022459365871
INM,INM-CM5-0,r1i1p1f1,gr1,ssp370,2041-08,2041,8,122.93860315246164,297.877239476529,-32.37986741422526,-328.54514420150485,-0.6772792662556874,-10.580676808970633,48.63287493803416,137.99288070953398,280.3883142818284,-47.25680367253166,-317.4629669555353,-0.7458868537258483,-9.743392042762487,43.172145466807066,-15.05427755707234,17.488925194700585,14.8769362583064,-11.082177245969547,0.06860758747016094,-0.8372847662081462,5.460729471227097
INM,INM-CM5-0,r1i1p1f1,gr1,ssp370,2041-09,2041,9,58.679391600953615,277.4688284252347,-12.919199243109004,-318.4542132961656,-5.548410516422263,-19.98003549390717,-20.753638523415745,64.62605857660985,256.68731236752427,-20.084262079342775,-301.6967775674771,-5.800327218478942,-17.798728504042145,-24.066724425206903,-5.946666975656235,20.781516057710405,7.165062836233771,-16.757435728688506,0.25191670205667904,-2.181306989865025,3.3130859017911582
INM,INM-CM5-0,r1i1p1f1,gr1,ssp370,2041-10,2041,10,16.414627045438966,250.32597509610437,-2.5433120170119268,-300.52201618884953,-17.237055181433494,-33.32806955556845,-86.8898508013201,18.359786183230952,226.1713069815244,-4.58560456704604,-277.15181734399863,-16.27695982199056,-26.218753296679903,-79.70204186495977,-1.9451591377919861,24.154668114579977,2.0422925500341136,-23.370198844850904,-0.9600953594429349,-7.109316258888544,-7.187808936360327
INM,INM-CM5-0,r1i1p1f1,gr1,ssp370,2041-11,2041,11,3.07568071689605,226.5937682282074,-0.3244731552245063,-279.5288998222959,-23.230681498476873,-35.23696833207044,-108.65157386296426,3.373616207685165,200.78103474652093,-0.6403541251953389,-253.7584501331604,-23.21293540517074,-27.089763709299525,-100.54685241861995,-0.29793549078911497,25.81273348168648,0.31588096997083254,-25.77044968913549,-0.017746093306133304,-8.147204622770914,-8.104721444344307
INM,INM-CM5-0,r1i1p1f1,gr1,ssp370,2041-12,2041,12,0.8388514408458813,208.3322545924788,-0.1206151742611923,-261.16962985829355,-25.842416160775223,-31.78529840864845,-109.74685356865376,0.964180041922923,186.64826391094516,-0.31348832760597495,-237.90125991540202,-22.242226530874166,-23.201729997866106,-96.04626081888021,-0.1253286010770417,21.68399068153363,0.19287315334478267,-23.268369942891525,-3.600189629901056,-8.583568410782345,-13.700592749773548
INM,INM-CM5-0,r1i1p1f1,gr1,ssp370,2042-01,2042,1,2.376588637162594,201.9143871464056,-0.7586380401037316,-254.10963234491913,-26.283335985293622,-33.04045689898907,-109.90108748573735,2.4522201368629597,180.0589790644654,-1.1211335706525247,-229.76434372975177,-20.539467023086623,-20.74641542870584,-89.66016055086838,-0.07563149970036553,21.855408081940197,0.36249553054879313,-24.345288615167362,-5.743868962206999,-12.29404147028323,-20.240926934868966
INM,INM-CM5-0,r1i1p1f1,gr1,ssp370,2042-02,2042,2,12.47883620767026,197.03107501508777,-5.720108634010631,-246.8090020025116,-21.050115637243547,-26.734110085882133,-90.80342513688989,13.598224813006102,178.40214269593704,-7.25840213575084,-227.77240753433253,-18.919405163125447,-19.26673802518699,-81.21658534945266,-1.1193886053358408,18.62893231915072,1.5382935017402088,-19.03659446817906,-2.1307104741181,-7.467372060695144,-9.586839787437228
INM,INM-CM5-0,r1i1p1f1,gr1,ssp370,2042-03,2042,3,55.62072892781928,209.62890738066886,-29.40579063557305,-258.36321592509404,-10.763886304900257,-17.903171988784976,-51.18642854586416,59.638888590245294,183.0204183320094,-35.62667115946799,-235.28367474041085,-15.251576236177188,-17.38433462970656,-60.88694984350788,-4.018159662426015,26.608489048659465,6.220880523894937,-23.079541184683194,4.487689931276931,-0.5188373590784146,9.700521297643718
INM,INM-CM5-0,r1i1p1f1,gr1,ssp370,2042-04,2042,4,150.3529395097761,214.7626380813663,-82.6265348141567,-272.1617551814243,-9.484647514240846,-18.10171536138145,-17.25907528006094,155.3178734332641,203.4394340490368,-93.68494320584504,-261.3719090946296,-8.228404400565143,-14.007620385928949,-18.535569604667806,-4.964933923488019,11.3232040323295,11.058408391688346,-10.78984608679474,-1.256243113675703,-4.094094975452503,1.2764943246068654
INM,INM-CM5-0,r1i1p1f1,gr1,ssp370,2042-05,2042,5,220.4229893763212,263.51918176806197,-100.64426836754032,-309.5311835381233,-1.0406392285133703,-10.512849475336392,62.21323053486982,247.34990174106002,237.36696451407164,-132.25247010732542,-294.5808684821893,-2.49212963594814,-10.76344882197312,44.6279492076957,-26.926912364738826,26.15221725399033,31.608201739785102,-14.95031505593397,1.4514904074347699,0.25059934663672756,17.585281327174123
INM,INM-CM5-0,r1i1p1f1,gr1,ssp370,2042-06,2042,6,254.103642039563,279.91217588207957,-94.72237142195618,-321.6190689724708,1.2988719706590761,-8.71750055830625,110.25574893956842,265.2973791099498,267.9699629796378,-117.5893157180128,-313.22580703693666,-0.004244195873688736,-8.586026789214452,93.86194834955006,-11.193737070386817,11.942212902441781,22.866944296056616,-8.393261935534156,1.3031161665327649,-0.13147376909179798,16.39380059001836
INM,INM-CM5-0,r1i1p1f1,gr1,ssp370,2042-07,2042,7,203.31317184952084,297.7676735382006,-63.17547464045081,-329.0481896537964,1.6686502354496433,-6.386934131169026,104.13889719775482,217.4716641061232,283.73718239268294,-82.41688316221644,-319.7754931447574,0.6158126923815513,-7.250053789737271,92.38222909447663,-14.158492256602358,14.030491145517658,19.241408521765628,-9.272696509039008,1.052837543068092,0.8631196585682455,11.756668103278187
INM,INM-CM5-0,r1i1p1f1,gr1,ssp370,2042-08,2042,8,125.35232448774056,300.4586289998863,-30.20034322662555,-330.8598546493313,-1.4709224974113035,-11.157687055954211,52.122146058304544,137.99288070953398,280.3883142818284,-47.25680367253166,-317.4629669555353,-0.7458868537258483,-9.743392042762487,43.172145466807066,-12.640556221793418,20.070314718057887,17.05646044590611,-13.396887693795975,-0.7250356436854553,-1.4142950131917242,8.950000591497478
INM,INM-CM5-0,r1i1p1f1,gr1,ssp370,2042-09,2042,9,56.39329547189094,282.59623052408267,-12.666477638901261,-321.27368722103586,-5.211851839873131,-18.94300160922609,-19.10549231306271,64.62605857660985,256.68731236752427,-20.084262079342775,-301.6967775674771,-5.800327218478942,-17.798728504042145,-24.066724425206903,-8.232763104718913,25.9089181565584,7.417784440441514,-19.576909653558744,0.5884753786058106,-1.1442731051839452,4.961232112144192
INM,INM-CM5-0,r1i1p1f1,gr1,ssp370,2042-10,2042,10,16.958527279701357,250.5554912568087,-2.918336103467352,-302.32947125762723,-17.175931931023555,-32.998681788553725,-87.90840254416185,18.359786183230952,226.1713069815244,-4.58560456704604,-277.15181734399863,-16.27695982199056,-26.218753296679903,-79.70204186495977,-1.4012589035295946,24.384184275284298,1.6672684635786883,-25.177653913628603,-0.8989721090329965,-6.779928491873822,-8.206360679202078
INM,INM-CM5-0,r1i1p1f1,gr1,ssp370,2042-11,2042,11,3.164543426800251,220.71714386079364,-0.3647447153608796,-279.3327480660427,-28.31793896423821,-39.2635620888029,-123.39730654685079,3.373616207685165,200.78103474652093,-0.6403541251953389,-253.7584501331604,-23.21293540517074,-27.089763709299525,-100.54685241861995,-0.209072780884914,19.93610911427271,0.27560940983445925,-25.574297932882303,-5.10500355906747,-12.173798379503374,-22.850454128230837
INM,INM-CM5-0,r1i1p1f1,gr1,ssp370,2042-12,2042,12,0.8881320275325907,207.09590203356075,-0.12991391346899428,-261.6093247197252,-26.285048944425302,-33.12411871753563,-113.16437223406177,0.964180041922923,186.64826391094516,-0.31348832760597495,-237.90125991540202,-22.242226530874166,-23.201729997866106,-96.04626081888021,-0.07604801439033226,20.447638122615587,0.18357441413698067,-23.708064804323158,-4.042822413551136,-9.922388719669524,-17.11811141518156
INM,INM-CM5-0,r1i1p1f1,gr1,ssp370,2043-01,2043,1,2.2515909942399883,200.80614293187207,-0.7809472963319157,-251.37559475745857,-27.24027208899202,-31.318041333832323,-107.65712155050275,2.4522201368629597,180.0589790644654,-1.1211335706525247,-229.76434372975177,-20.539467023086623,-20.74641542870584,-89.66016055086838,-0.20062914262297138,20.74716386740667,0.340186274320609,-21.6112510277068,-6.700805065905396,-10.571625905126481,-17.996960999634368
INM,INM-CM5-0,r1i1p1f1,gr1,ssp370,2043-02,2043,2,12.50618410236432,194.4980181548532,-5.631568567076242,-245.46978170119223,-24.01734224316652,-29.977058992027565,-98.09154924624502,13.598224813006102,178.40214269593704,-7.25840213575084,-227.77240753433253,-18.919405163125447,-19.26673802518699,-81.21658534945266,-1.0920407106417809,16.09587545891617,1.6268335686745985,-17.697374166859703,-5.097937080041074,-10.710320966840577,-16.874963896792366
INM,INM-CM5-0,r1i1p1f1,gr1,ssp370,2043-03,2043,3,55.28002424694464,201.29858694588393,-28.651750921498685,-253.95666236540524,-18.089229719655833,-25.87322150144572,-69.9922533151769,59.638888590245294,183.0204183320094,-35.62667115946799,-235.28367474041085,-15.251576236177188,-17.38433462970656,-60.88694984350788,-4.358864343300652,18.278168613874527,6.974920237969304,-18.67298762499439,-2.837653483478645,-8.488886871739158,-9.105303471669018
INM,INM-CM5-0,r1i1p1f1,gr1,ssp370,2043-04,2043,4,138.28045008969153,232.43934157341306,-71.87053638855187,-283.27178600284316,-8.276916961141145,-18.185019759695223,-10.88446744912675,155.3178734332641,203.4394340490368,-93.68494320584504,-261.3719090946296,-8.228404400565143,-14.007620385928949,-18.535569604667806,-17.037423343572584,28.999907524376255,21.814406817293175,-21.89987690821357,-0.04851256057600217,-4.177399373766274,7.651102155541055
INM,INM-CM5-0,r1i1p1f1,gr1,ssp370,2043-05,2043,5,227.68646492574342,256.6713543136754,-102.27489934008915,-307.6978881480349,-1.7596318445671517,-12.310157923640745,60.31524198308688,247.34990174106002,237.36696451407164,-132.25247010732542,-294.5808684821893,-2.49212963594814,-10.76344882197312,44.6279492076957,-19.6634368153166,19.30438979960377,29.977570767236273,-13.11701966584559,0.7324977913809885,-1.5467091016676253,15.687292775391178
INM,INM-CM5-0,r1i1p1f1,gr1,ssp370,2043-06,2043,6,262.9945571102938,275.2651590826249,-105.44619157226278,-319.69554748138484,1.0230094644364967,-8.47791693286492,105.66306967084262,265.2973791099498,267.9699629796378,-117.5893157180128,-313.22580703693666,-0.004244195873688736,-8.586026789214452,93.86194834955006,-2.3028219996560324,7.29519610298712,12.143124145750022,-6.469740444448178,1.0272536603101854,0.10810985634953241,11.801121321292555
INM,INM-CM5-0,r1i1p1f1,gr1,ssp370,2043-07,2043,7,202.20240384560714,297.4214013607546,-65.61173015610616,-327.472589626269,-0.5023569471827862,-8.839070227200814,97.19805824960301,217.4716641061232,283.73718239268294,-82.41688316221644,-319.7754931447574,0.6158126923815513,-7.250053789737271,92.38222909447663,-15.269260260516063,13.684218968071661,16.805153006110274,-7.697096481511608,-1.1181696395643375,-1.5890164374635427,4.81582915512638
INM,INM-CM5-0,r1i1p1f1,gr1,ssp370,2043-08,2043,8,124.35103801597164,298.07778816563615,-32.704940601683035,-328.9995672234673,-1.4047102099192272,-11.625175559128976,47.69443258740924,137.99288070953398,280.3883142818284,-47.25680367253166,-317.4629669555353,-0.7458868537258483,-9.743392042762487,43.172145466807066,-13.641842693562339,17.68947388380775,14.551863070848626,-11.536600267931988,-0.658823356193379,-1.8817835163664896,4.522287120602172
INM,INM-CM5-0,r1i1p1f1,gr1,ssp370,2043-09,2043,9,57.305951398316886,278.8844119962945,-12.616481826222934,-318.99012172456673,-6.155412385502088,-21.064778282095453,-22.636430823775818,64.62605857660985,256.68731236752427,-20.084262079342775,-301.6967775674771,-5.800327218478942,-17.798728504042145,-24.066724425206903,-7.3201071782929645,22.197099628770218,7.467780253119841,-17.29334415708962,-0.3550851670231463,-3.2660497780533078,1.4302936014310852
INM,INM-CM5-0,r1i1p1f1,gr1,ssp370,2043-10,2043,10,17.195125437043174,246.4489026138447,-2.9311588118879914,-299.58539847571944,-19.822161410740645,-34.05083268032756,-92.74552332778778,18.359786183230952,226.1713069815244,-4.58560456704604,-277.15181734399863,-16.27695982199056,-26.218753296679903,-79.70204186495977,-1.1646607461877778,20.2775956323203,1.654445755158049,-22.433581131720814,-3.5452015887500856,-7.832079383647656,-13.043481462828012
INM,INM-CM5-0,r1i1p1f1,gr1,ssp370,2043-11,2043,11,3.054759061338494,224.82960086182356,-0.36820220069790965,-279.3235155585528,-24.008841625652973,-35.439056308738095,-111.25525577047972,3.373616207685165,200.78103474652093,-0.6403541251953389,-253.7584501331604,-23.21293540517074,-27.089763709299525,-100.54685241861995,-0.31885714634667073,24.048566115302634,0.2721519244974292,-25.56506542539239,-0.7959062204822338,-8.34929259943857,-10.708403351859772
INM,INM-CM5-0,r1i1p1f1,gr1,ssp370,2043-12,2043,12,0.847855930586041,209.97777860852952,-0.15264504391571745,-261.9777156407297,-20.056227893806767,-26.97956478614551,-98.34051882548212,0.964180041922923,186.64826391094516,-0.31348832760597495,-237.90125991540202,-22.242226530874166,-23.201729997866106,-96.04626081888021,-0.11632411133688192,23.329514697584358,0.1608432836902575,-24.076455725327662,2.1859986370673994,-3.777834788279403,-2.2942580066019076
INM,INM-CM5-0,r1i1p1f1,gr1,ssp370,2044-01,2044,1,2.1647296844060397,197.17311696834054,-0.6985721111266822,-249.72074693273393,-23.930338357455756,-31.853340909062453,-106.86515165763224,2.4522201368629597,180.0589790644654,-1.1211335706525247,-229.76434372975177,-20.539467023086623,-20.74641542870584,-89.66016055086838,-0.28749045245691995,17.114137903875132,0.42256145952584256,-19.95640320298216,-3.390871334369134,-11.106925480356612,-17.204991106763856
INM,INM-CM5-0,r1i1p1f1,gr1,ssp370,2044-02,2044,2,12.626227255868212,200.1932755579877,-5.412420348133271,-251.02099172381546,-27.999820122001708,-33.7303974965405,-105.34412687663504,13.598224813006102,178.40214269593704,-7.25840213575084,-227.77240753433253,-18.919405163125447,-19.26673802518699,-81.21658534945266,-0.9719975571378896,21.79113286205066,1.8459817876175695,-23.248584189482926,-9.080414958876261,-14.463659471353509,-24.127541527182387
INM,INM-CM5-0,r1i1p1f1,gr1,ssp370,2044-03,2044,3,54.06043548094861,205.32534142125658,-28.17674799630236,-255.80238419604774,-14.73311845041555,-22.541283107832484,-61.86775684839296,59.638888590245294,183.0204183320094,-35.62667115946799,-235.28367474041085,-15.251576236177188,-17.38433462970656,-60.88694984350788,-5.578453109296682,22.304923089247183,7.449923163165629,-20.518709455636895,0.5184577857616386,-5.156948478125923,-0.9808070048850794
INM,INM-CM5-0,r1i1p1f1,gr1,ssp370,2044-04,2044,4,148.14980128213983,222.25778973318495,-77.09118641426194,-279.45263778088474,-10.712253952471329,-20.91771831780457,-17.766205450097786,155.3178734332641,203.4394340490368,-93.68494320584504,-261.3719090946296,-8.228404400565143,-14.007620385928949,-18.535569604667806,-7.168072151124278,18.818355684148145,16.593756791583104,-18.080728686255156,-2.483849551906186,-6.910097931875622,0.7693641545700203
INM,INM-CM5-0,r1i1p1f1,gr1,ssp370,2044-05,2044,5,230.66538997498884,252.75474746775515,-109.20178772454534,-304.86052604708124,-2.25449643161764,-12.877517982764685,54.22580925673512,247.34990174106002,237.36696451407164,-132.25247010732542,-294.5808684821893,-2.49212963594814,-10.76344882197312,44.6279492076957,-16.684511766071182,15.387782953683512,23.05068238278008,-10.27965756489192,0.23763320433050028,-2.1140691607915656,9.597860049039419
INM,INM-CM5-0,r1i1p1f1,gr1,ssp370,2044-06,2044,6,268.01350814053376,274.4719862193626,-107.26166201203344,-319.9867926411019,1.9278596041975815,-7.436674756037035,109.72822455492164,265.2973791099498,267.9699629796378,-117.5893157180128,-313.22580703693666,-0.004244195873688736,-8.586026789214452,93.86194834955006,2.716129030583943,6.502023239724792,10.327653705979358,-6.760985604165228,1.9321038000712702,1.1493520331774176,15.866276205371577
INM,INM-CM5-0,r1i1p1f1,gr1,ssp370,2044-07,2044,7,217.93804400318777,294.54630625834784,-73.78191525572147,-328.207842639004,1.7183492259695392,-6.279659790573787,105.93328180220588,217.4716641061232,283.73718239268294,-82.41688316221644,-319.7754931447574,0.6158126923815513,-7.250053789737271,92.38222909447663,0.46637989706457006,10.809123865664901,8.634967906494964,-8.432349494246637,1.1025365335879878,0.970393999163484,13.551052707729255
INM,INM-CM5-0,r1i1p1f1,gr1,ssp370,2044-08,2044,8,125.69518443079312,299.4414650042673,-33.8839832582068,-329.92589193464624,-0.9035670153743792,-11.261396825438307,49.161810401394675,137.99288070953398,280.3883142818284,-47.25680367253166,-317.4629669555353,-0.7458868537258483,-9.743392042762487,43.172145466807066,-12.297696278740858,19.053150722438886,13.372820414324863,-12.462924979110937,-0.15768016164853094,-1.5180047826758205,5.9896649345876085
INM,INM-CM5-0,r1i1p1f1,gr1,ssp370,2044-09,2044,9,59.97848221966044,277.17478441740525,-13.764411034861611,-319.59177589776135,-5.698252349404467,-20.71812537240995,-22.619298017371666,64.62605857660985,256.68731236752427,-20.084262079342775,-301.6967775674771,-5.800327218478942,-17.798728504042145,-24.066724425206903,-4.647576356949408,20.487472049880978,6.3198510444811635,-17.89499833028424,0.1020748690744746,-2.919396868367805,1.4474264078352377
INM,INM-CM5-0,r1i1p1f1,gr1,ssp370,2044-10,2044,10,16.543368048088013,258.92022353357,-3.0084218463229155,-304.608276859508,-12.995083002932454,-27.657485432680975,-72.80567555978638,18.359786183230952,226.1713069815244,-4.58560456704604,-277.15181734399863,-16.27695982199056,-26.218753296679903,-79.70204186495977,-1.8164181351429391,32.748916552045586,1.5771827207231248,-27.45645951550938,3.2818768190581054,-1.4387321360010716,6.8963663051733874
INM,INM-CM5-0,r1i1p1f1,gr1,ssp370,2044-11,2044,11,3.043984366879534,228.953089915268,-0.3483921709107823,-281.90987833953795,-22.19515529406348,-32.38660270096369,-104.84295422332838,3.373616207685165,200.78103474652093,-0.6403541251953389,-253.7584501331604,-23.21293540517074,-27.089763709299525,-100.54685241861995,-0.3296318408056309,28.17205516874708,0.29196195428455657,-28.151428206377545,1.0177801111072604,-5.296838991664167,-4.296101804708428
INM,INM-CM5-0,r1i1p1f1,gr1,ssp370,2044-12,2044,12,0.8672846297742952,210.97325739993562,-0.16575885718234057,-261.6808193090286,-25.71152674240441,-32.23147229638285,-107.94903517528827,0.964180041922923,186.64826391094516,-0.31348832760597495,-237.90125991540202,-22.242226530874166,-23.201729997866106,-96.04626081888021,-0.09689541214862774,24.324993488990458,0.14772947042363438,-23.779559393626585,-3.4693002115302427,-9.02974229851674,-11.90277435640806
INM,INM-CM5-0,r1i1p1f1,gr1,ssp370,2045-01,2045,1,2.3232080708896325,204.6580502032788,-0.8628944177327512,-255.02278668471484,-20.291553308450563,-28.140275893074598,-97.33625202980433,2.4522201368629597,180.0589790644654,-1.1211335706525247,-229.76434372975177,-20.539467023086623,-20.74641542870584,-89.66016055086838,-0.12901206597332715,24.5990711388134,0.2582391529197735,-25.258442954963073,0.24791371463605927,-7.393860464368757,-7.676091478935945
INM,INM-CM5-0,r1i1p1f1,gr1,ssp370,2045-02,2045,2,12.318755024213708,202.14356629524914,-5.576767785825493,-250.53705616318416,-22.930938742413613,-30.793255344988157,-95.37569671694857,13.598224813006102,178.40214269593704,-7.25840213575084,-227.77240753433253,-18.919405163125447,-19.26673802518699,-81.21658534945266,-1.2794697887923938,23.7414235993121,1.6816343499253472,-22.76464862885163,-4.011533579288166,-11.526517319801169,-14.15911136749591
INM,INM-CM5-0,r1i1p1f1,gr1,ssp370,2045-03,2045,3,53.856862798060064,213.23494380193142,-27.86374548127632,-261.95246573078043,-13.247016172370273,-22.68635554624581,-58.657776330681315,59.638888590245294,183.0204183320094,-35.62667115946799,-235.28367474041085,-15.251576236177188,-17.38433462970656,-60.88694984350788,-5.78202579218523,30.214525469922023,7.762925678191667,-26.668790990369587,2.004560063806915,-5.302020916539249,2.229173512826563
INM,INM-CM5-0,r1i1p1f1,gr1,ssp370,2045-04,2045,4,140.1174516621259,235.037506947192,-71.95314282127453,-286.8264437579155,-7.408739638057463,-17.79961631017552,-8.832983918105146,155.3178734332641,203.4394340490368,-93.68494320584504,-261.3719090946296,-8.228404400565143,-14.007620385928949,-18.535569604667806,-15.200421771138224,31.59807289815521,21.73180038457052,-25.454534663285926,0.8196647625076805,-3.791995924246571,9.70258568656266
INM,INM-CM5-0,r1i1p1f1,gr1,ssp370,2045-05,2045,5,233.0461379853888,254.98178148464874,-104.16527292242337,-307.7074449574895,-1.9503722054592967,-12.383787697390046,61.821041687275354,247.34990174106002,237.36696451407164,-132.25247010732542,-294.5808684821893,-2.49212963594814,-10.76344882197312,44.6279492076957,-14.303763755671213,17.614816970577095,28.087197184902053,-13.126576475300169,0.5417574304888435,-1.6203388754169268,17.193092479579654
INM,INM-CM5-0,r1i1p1f1,gr1,ssp370,2045-06,2045,6,252.6429055338983,282.20315270025327,-90.88786893955361,-323.0240745641791,0.9589441923446124,-6.950233358886181,114.94282556387724,265.2973791099498,267.9699629796378,-117.5893157180128,-313.22580703693666,-0.004244195873688736,-8.586026789214452,93.86194834955006,-12.654473576051515,14.233189720615485,26.701446778459186,-9.798267527242444,0.9631883882183011,1.6357934303282713,21.080877214327174
INM,INM-CM5-0,r1i1p1f1,gr1,ssp370,2045-07,2045,7,210.99261040380182,297.3619033674131,-61.14303923495257,-331.19596084831875,1.2198952469762272,-7.518916383182962,109.71649255173688,217.4716641061232,283.73718239268294,-82.41688316221644,-319.7754931447574,0.6158126923815513,-7.250053789737271,92.38222909447663,-6.47905370232138,13.624720974730167,21.27384392726387,-11.420467703561371,0.6040825545946759,-0.2688625934456903,17.33426345726025
INM,INM-CM5-0,r1i1p1f1,gr1,ssp370,2045-08,2045,8,132.07134776391214,297.02393221097446,-32.18027321585004,-331.9241654639796,-1.2785269361591034,-12.862594651440757,50.84971970745709,137.99288070953398,280.3883142818284,-47.25680367253166,-317.4629669555353,-0.7458868537258483,-9.743392042762487,43.172145466807066,-5.921532945621834,16.635617929146065,15.076530456681617,-14.461198508444284,-0.5326400824332551,-3.11920260867827,7.677574240650024
INM,INM-CM5-0,r1i1p1f1,gr1,ssp370,2045-09,2045,9,59.79768916280239,279.7071797829959,-12.719224927322367,-323.32517607628137,-8.031122461904033,-25.053456179490258,-29.624110699199736,64.62605857660985,256.68731236752427,-20.084262079342775,-301.6967775674771,-5.800327218478942,-17.798728504042145,-24.066724425206903,-4.828369413807458,23.01986741547165,7.365037152020408,-21.628398508804253,-2.2307952434250913,-7.2547276754481125,-5.557386273992833
INM,INM-CM5-0,r1i1p1f1,gr1,ssp370,2045-10,2045,10,16.492577395019683,256.2595335981,-2.802109820279372,-306.37397298067384,-13.57017153354895,-30.069389206201215,-80.0635325475837,18.359786183230952,226.1713069815244,-4.58560456704604,-277.15181734399863,-16.27695982199056,-26.218753296679903,-79.70204186495977,-1.8672087882112685,30.08822661657561,1.7834947467666682,-29.22215563667521,2.7067882884416097,-3.850635909521312,-0.3614906826239377
INM,INM-CM5-0,r1i1p1f1,gr1,ssp370,2045-11,2045,11,3.0778959931330068,236.65885898567288,-0.4084529622449174,-289.4251465664926,-20.616778589198166,-32.19026664406672,-102.90388978319649,3.373616207685165,200.78103474652093,-0.6403541251953389,-253.7584501331604,-23.21293540517074,-27.089763709299525,-100.54685241861995,-0.295720214552158,35.87782423915195,0.23190116295042146,-35.66669643333216,2.5961568159725736,-5.100502934767192,-2.3570373645765414
INM,INM-CM5-0,r1i1p1f1,gr1,ssp370,2045-12,2045,12,0.872823073980998,205.45238832981408,-0.17569407974118262,-265.3579199560053,-31.55588219985841,-39.487494088640574,-130.25177892045036,0.964180041922923,186.64826391094516,-0.31348832760597495,-237.90125991540202,-22.242226530874166,-23.201729997866106,-96.04626081888021,-0.09135696794192494,18.804124418868923,0.13779424786479233,-27.456660040603253,-9.313655668984243,-16.285764090774467,-34.20551810157015
INM,INM-CM5-0,r1i1p1f1,gr1,ssp370,2046-01,2046,1,2.290711484310066,202.276145638277,-0.9177662357715226,-256.1691053925603,-23.163981122274006,-28.9449268276384,-104.62892245565718,2.4522201368629597,180.0589790644654,-1.1211335706525247,-229.76434372975177,-20.539467023086623,-20.74641542870584,-89.66016055086838,-0.16150865255289348,22.217166573811596,0.20336733488100212,-26.40476166280854,-2.624514099187383,-8.19851139893256,-14.968761904788792
INM,INM-CM5-0,r1i1p1f1,gr1,ssp370,2046-02,2046,2,12.827881159772994,195.82607500483144,-6.059637882934391,-249.83405212052958,-25.40351289060977,-29.459027224744933,-102.10227395421423,13.598224813006102,178.40214269593704,-7.25840213575084,-227.77240753433253,-18.919405163125447,-19.26673802518699,-81.21658534945266,-0.7703436532331072,17.423932308894393,1.1987642528164493,-22.061644586197048,-6.4841077274843215,-10.192289199557944,-20.88568860476157
INM,INM-CM5-0,r1i1p1f1,gr1,ssp370,2046-03,2046,3,56.66650969069748,204.62753676732808,-30.322394650292036,-255.87691495369668,-12.218810585552811,-21.69106742832717,-58.81514115984315,59.638888590245294,183.0204183320094,-35.62667115946799,-235.28367474041085,-15.251576236177188,-17.38433462970656,-60.88694984350788,-2.972378899547813,21.607118435318682,5.304276509175953,-20.59324021328584,3.032765650624377,-4.306732798620608,2.0718086836647274
INM,INM-CM5-0,r1i1p1f1,gr1,ssp370,2046-04,2046,4,150.70567351464047,220.44166854628557,-80.9292577616945,-277.6836994931061,-6.8554677115097205,-16.82423565218457,-11.145318557568846,155.3178734332641,203.4394340490368,-93.68494320584504,-261.3719090946296,-8.228404400565143,-14.007620385928949,-18.535569604667806,-4.612199918623645,17.002234497248764,12.755685444150544,-16.31179039847649,1.3729366890554227,-2.8166152662556208,7.39025104709896
INM,INM-CM5-0,r1i1p1f1,gr1,ssp370,2046-05,2046,5,231.62867757456266,255.7825999071569,-102.93337395221353,-308.3385633840896,-3.6245362179396206,-15.718251211559904,56.796552715916974,247.34990174106002,237.36696451407164,-132.25247010732542,-294.5808684821893,-2.49212963594814,-10.76344882197312,44.6279492076957,-15.721224166497365,18.415635393085267,29.319096155111893,-13.757694901900265,-1.1324065819914804,-4.954802389586785,12.168603508221274
INM,INM-CM5-0,r1i1p1f1,gr1,ssp370,2046-06,2046,6,242.00663922612955,287.24391289696564,-86.40946387419399,-323.099367320183,-0.8947344711004753,-8.994006038810815,109.85298041880694,265.2973791099498,267.9699629796378,-117.5893157180128,-313.22580703693666,-0.004244195873688736,-8.586026789214452,93.86194834955006,-23.290739883820265,19.273949917327855,31.17985184381881,-9.87356028324632,-0.8904902752267866,-0.40797924959636234,15.991032069256875
INM,INM-CM5-0,r1i1p1f1,gr1,ssp370,2046-07,2046,7,197.8815077188396,300.8426267685502,-55.920428931888985,-330.8165355552691,-0.11296640501043724,-8.699676422154866,103.17452717306638,217.4716641061232,283.73718239268294,-82.41688316221644,-319.7754931447574,0.6158126923815513,-7.250053789737271,92.38222909447663,-19.5901563872836,17.10544437586725,26.49645423032745,-11.04104241051175,-0.7287790973919885,-1.4496226324175945,10.792298078589752
INM,INM-CM5-0,r1i1p1f1,gr1,ssp370,2046-08,2046,8,124.04916528052414,301.255043319382,-29.403638558168545,-332.4642019578241,-0.6495749179571166,-11.367597727162714,51.419195438793636,137.99288070953398,280.3883142818284,-47.25680367253166,-317.4629669555353,-0.7458868537258483,-9.743392042762487,43.172145466807066,-13.943715429009842,20.866729037553625,17.853165114363115,-15.001235002288809,0.09631193576873165,-1.624205684400227,8.24704997198657
INM,INM-CM5-0,r1i1p1f1,gr1,ssp370,2046-09,2046,9,55.10620273368022,286.07534611033003,-11.695351848657292,-323.23999390968396,-5.1760645540025765,-19.180927438938664,-18.11078890727226,64.62605857660985,256.68731236752427,-20.084262079342775,-301.6967775674771,-5.800327218478942,-17.798728504042145,-24.066724425206903,-9.51985584292963,29.38803374280576,8.388910230685482,-21.543216342206847,0.6242626644763654,-1.3821989348965182,5.955935517934645
INM,INM-CM5-0,r1i1p1f1,gr1,ssp370,2046-10,2046,10,16.48280816274707,255.47700511181216,-2.568132565532433,-306.74372788446533,-15.49141635794302,-31.994965475760967,-84.83842900914253,18.359786183230952,226.1713069815244,-4.58560456704604,-277.15181734399863,-16.27695982199056,-26.218753296679903,-79.70204186495977,-1.8769780204838824,29.305698130287766,2.017472001513607,-29.5919105404667,0.7855434640475387,-5.776212179081064,-5.136387144182763
INM,INM-CM5-0,r1i1p1f1,gr1,ssp370,2046-11,2046,11,3.1160630849909268,241.29605508153162,-0.3287124633159544,-293.8821742822331,-18.15581569365665,-30.898563463050518,-98.8531477357337,3.373616207685165,200.78103474652093,-0.6403541251953389,-253.7584501331604,-23.21293540517074,-27.089763709299525,-100.54685241861995,-0.257553122694238,40.51502033501069,0.31164166187938447,-40.1237241490727,5.0571197115140905,-3.808799753750993,1.6937046828862492
INM,INM-CM5-0,r1i1p1f1,gr1,ssp370,2046-12,2046,12,0.8636493730842458,215.28770281849015,-0.11087686525493157,-272.1649388256608,-28.822274331446323,-36.80042296205866,-121.7471607928463,0.964180041922923,186.64826391094516,-0.31348832760597495,-237.90125991540202,-22.242226530874166,-23.201729997866106,-96.04626081888021,-0.10053066883867712,28.639438907544985,0.20261146235104338,-34.26367891025876,-6.5800478005721565,-13.598692964192555,-25.700899973966088
INM,INM-CM5-0,r1i1p1f1,gr1,ssp370,2047-01,2047,1,2.217731294726536,210.36723400800446,-0.6867161881066823,-258.7847073204509,-19.991876494884863,-25.723027233527873,-92.60136193423929,2.4522201368629597,180.0589790644654,-1.1211335706525247,-229.76434372975177,-20.539467023086623,-20.74641542870584,-89.66016055086838,-0.23448884213642351,30.308254943539055,0.4344173825458424,-29.020363590699105,0.5475905282017592,-4.976611804822031,-2.9412013833709096
INM,INM-CM5-0,r1i1p1f1,gr1,ssp370,2047-02,2047,2,12.511321325074721,200.80668118963195,-5.5060210633694,-249.70300703903956,-20.69938844493816,-25.94032456188476,-88.5307385945252,13.598224813006102,178.40214269593704,-7.25840213575084,-227.77240753433253,-18.919405163125447,-19.26673802518699,-81.21658534945266,-1.0869034879313801,22.4045384936949,1.7523810723814401,-21.930599504707033,-1.779983281812715,-6.673586536697773,-7.314153245072546
INM,INM-CM5-0,r1i1p1f1,gr1,ssp370,2047-03,2047,3,56.53741446811942,202.86800470537884,-28.665400103009976,-256.0839671418659,-16.43192109110205,-24.82905665763074,-66.60492582011041,59.638888590245294,183.0204183320094,-35.62667115946799,-235.28367474041085,-15.251576236177188,-17.38433462970656,-60.88694984350788,-3.1014741221258717,19.847586373369438,6.961271056458013,-20.800292401455067,-1.1803448549248632,-7.444722027924179,-5.717975976602531
INM,INM-CM5-0,r1i1p1f1,gr1,ssp370,2047-04,2047,4,140.0363875663186,227.41680378163255,-74.25622346229352,-279.1514377582197,-8.795683015689972,-18.55561983170427,-13.305772719956314,155.3178734332641,203.4394340490368,-93.68494320584504,-261.3719090946296,-8.228404400565143,-14.007620385928949,-18.535569604667806,-15.281485866945502,23.977369732595747,19.428719743551525,-17.7795286635901,-0.5672786151248292,-4.5479994457753214,5.229796884711492
INM,INM-CM5-0,r1i1p1f1,gr1,ssp370,2047-05,2047,5,231.58104639672567,254.5360686227053,-107.42605605452069,-306.66525118723126,-3.4993407019423066,-13.967469426289837,54.558997649446866,247.34990174106002,237.36696451407164,-132.25247010732542,-294.5808684821893,-2.49212963594814,-10.76344882197312,44.6279492076957,-15.768855344334355,17.16910410863366,24.826414052804736,-12.084382705041946,-1.0072110659941664,-3.2040206043167174,9.931048441751166
INM,INM-CM5-0,r1i1p1f1,gr1,ssp370,2047-06,2047,6,254.9214295347192,281.11171373266086,-96.980510327198,-322.2144024845208,0.356424656836147,-9.676091825214579,107.51856328728286,265.2973791099498,267.9699629796378,-117.5893157180128,-313.22580703693666,-0.004244195873688736,-8.586026789214452,93.86194834955006,-10.375949575230607,13.141750753023075,20.608805390814794,-8.988595447584146,0.36066885270983573,-1.0900650360001265,13.656614937732797
INM,INM-CM5-0,r1i1p1f1,gr1,ssp370,2047-07,2047,7,199.61806964208458,299.0624613143994,-61.67172173485054,-328.2993810868699,0.7471199253558706,-7.582336706446282,101.87421135367306,217.4716641061232,283.73718239268294,-82.41688316221644,-319.7754931447574,0.6158126923815513,-7.250053789737271,92.38222909447663,-17.853594464038622,15.32527892171646,20.745161427365893,-8.523887942112538,0.13130723297431923,-0.3322829167090102,9.491982259196433
INM,INM-CM5-0,r1i1p1f1,gr1,ssp370,2047-08,2047,8,127.02270623415221,297.2086696073926,-31.850338424477073,-329.57696732008213,-0.6057822659846793,-10.645275551912254,51.553012279088705,137.99288070953398,280.3883142818284,-47.25680367253166,-317.4629669555353,-0.7458868537258483,-9.743392042762487,43.172145466807066,-10.970174475381768,16.820355325564208,15.406465248054587,-12.114000364546825,0.14010458774116896,-0.9018835091497674,8.380866812281639
INM,INM-CM5-0,r1i1p1f1,gr1,ssp370,2047-09,2047,9,56.450477887745926,283.73293064729495,-11.683113518872608,-322.31156853953007,-5.796074583995695,-19.441462510302255,-19.04881061765977,64.62605857660985,256.68731236752427,-20.084262079342775,-301.6967775674771,-5.800327218478942,-17.798728504042145,-24.066724425206903,-8.175580688863924,27.04561827977068,8.401148560470167,-20.61479097205296,0.004252634483246531,-1.6427340062601097,5.017913807547135
INM,INM-CM5-0,r1i1p1f1,gr1,ssp370,2047-10,2047,10,16.820126111091415,255.20752543113628,-2.42647893915498,-306.68332677185225,-13.84676957217282,-29.888424236846515,-80.81734797779887,18.359786183230952,226.1713069815244,-4.58560456704604,-277.15181734399863,-16.27695982199056,-26.218753296679903,-79.70204186495977,-1.5396600721395366,29.03621844961188,2.1591256278910604,-29.53150942785362,2.4301902498177395,-3.669670940166611,-1.1153061128391073
INM,INM-CM5-0,r1i1p1f1,gr1,ssp370,2047-11,2047,11,3.1903332571975622,240.04759508363742,-0.34096107795407227,-292.9707021909333,-20.992131894275026,-34.320756898155224,-105.38662372048265,3.373616207685165,200.78103474652093,-0.6403541251953389,-253.7584501331604,-23.21293540517074,-27.089763709299525,-100.54685241861995,-0.18328295048760257,39.26656033711649,0.2993930472412666,-39.2122520577729,2.2208035108957134,-7.230993188855699,-4.839771301862697
INM,INM-CM5-0,r1i1p1f1,gr1,ssp370,2047-12,2047,12,0.8636780754541035,214.1902658671057,-0.10508043657364662,-270.4345422898372,-25.097628368101994,-35.620602745141994,-116.20390989709507,0.964180041922923,186.64826391094516,-0.31348832760597495,-237.90125991540202,-22.242226530874166,-23.201729997866106,-96.04626081888021,-0.10050196646881948,27.542001956160533,0.20840789103232832,-32.5332823744352,-2.855401837227827,-12.418872747275888,-20.15764907821486
INM,INM-CM5-0,r1i1p1f1,gr1,ssp370,2048-01,2048,1,2.27830302187963,199.1540127099633,-0.7152336332079783,-253.33638296977887,-27.811555818258288,-32.75304148582926,-113.18389817523148,2.4522201368629597,180.0589790644654,-1.1211335706525247,-229.76434372975177,-20.539467023086623,-20.74641542870584,-89.66016055086838,-0.17391711498332985,19.095033645497892,0.40589993744454644,-23.572039240027095,-7.2720887951716655,-12.006626057123416,-23.523737624363093
INM,INM-CM5-0,r1i1p1f1,gr1,ssp370,2048-02,2048,2,12.619235999795094,204.32588003666578,-5.660025286922078,-252.97818424856794,-20.291560413991675,-27.11440681182694,-89.09906072484773,13.598224813006102,178.40214269593704,-7.25840213575084,-227.77240753433253,-18.919405163125447,-19.26673802518699,-81.21658534945266,-0.9789888132110072,25.923737340728735,1.598376848828762,-25.205776714235412,-1.3721552508662285,-7.84766878663995,-7.8824753753950745
INM,INM-CM5-0,r1i1p1f1,gr1,ssp370,2048-03,2048,3,57.99140903546499,199.2877945032769,-29.71306526904172,-254.0553586310351,-24.16328561054278,-29.42724276350261,-80.07974873538029,59.638888590245294,183.0204183320094,-35.62667115946799,-235.28367474041085,-15.251576236177188,-17.38433462970656,-60.88694984350788,-1.647479554780304,16.2673761712675,5.913605890426268,-18.771683890624246,-8.911709374365591,-12.042908133796047,-19.192798891872414
INM,INM-CM5-0,r1i1p1f1,gr1,ssp370,2048-04,2048,4,145.277550161824,223.5579556636886,-78.05478718107018,-277.8799842660997,-10.03028010834888,-19.299287161268,-16.42883289127419,155.3178734332641,203.4394340490368,-93.68494320584504,-261.3719090946296,-8.228404400565143,-14.007620385928949,-18.535569604667806,-10.040323271440116,20.118521614651797,15.630156024774863,-16.508075171470125,-1.8018757077837364,-5.291666775339053,2.106736713393616
INM,INM-CM5-0,r1i1p1f1,gr1,ssp370,2048-05,2048,5,225.6635062337526,257.96738050069615,-102.29248453507051,-307.4802850932159,-1.612662803388774,-12.898787319140865,59.34666698363266,247.34990174106002,237.36696451407164,-132.25247010732542,-294.5808684821893,-2.49212963594814,-10.76344882197312,44.6279492076957,-21.686395507307424,20.600415986624512,29.959985572254908,-12.899416611026595,0.8794668325593662,-2.135338497167746,14.718717775936959
INM,INM-CM5-0,r1i1p1f1,gr1,ssp370,2048-06,2048,6,245.95610623625026,283.5290758396982,-90.87590556010049,-321.94589210732744,0.5365600008534473,-8.352037660717667,108.84790674865624,265.2973791099498,267.9699629796378,-117.5893157180128,-313.22580703693666,-0.004244195873688736,-8.586026789214452,93.86194834955006,-19.341272873699552,15.559112860060395,26.713410157912307,-8.72008507039078,0.5408041967271361,0.23398912849678588,14.985958399106181
INM,INM-CM5-0,r1i1p1f1,gr1,ssp370,2048-07,2048,7,204.48664009601333,296.7155561819134,-60.61871052868732,-329.2678082315225,1.580024377566634,-6.348079805177669,106.5476220901059,217.4716641061232,283.73718239268294,-82.41688316221644,-319.7754931447574,0.6158126923815513,-7.250053789737271,92.38222909447663,-12.985024010109868,12.978373789230488,21.798172633529113,-9.492315086765132,0.9642116851850827,0.9019739845596026,14.165392995629276
INM,INM-CM5-0,r1i1p1f1,gr1,ssp370,2048-08,2048,8,128.11213031522433,297.6613329038427,-30.945001271761022,-330.8510164145964,-0.4450611140649816,-10.690115476332037,52.84226894231254,137.99288070953398,280.3883142818284,-47.25680367253166,-317.4629669555353,-0.7458868537258483,-9.743392042762487,43.172145466807066,-9.880750394309644,17.27301862201432,16.311802400770638,-13.388049459061108,0.3008257396608667,-0.9467234335695505,9.670123475505477
INM,INM-CM5-0,r1i1p1f1,gr1,ssp370,2048-09,2048,9,57.04290541870911,282.1578721890113,-12.394165526032364,-322.33122581536827,-6.375403279842276,-21.439355748476128,-23.339372761998618,64.62605857660985,256.68731236752427,-20.084262079342775,-301.6967775674771,-5.800327218478942,-17.798728504042145,-24.066724425206903,-7.583153157900739,25.47055982148703,7.690096553310411,-20.634448247891157,-0.5750760613633341,-3.6406272444339827,0.7273516632082853
INM,INM-CM5-0,r1i1p1f1,gr1,ssp370,2048-10,2048,10,16.55844011470928,255.83769915134846,-2.819592440423047,-304.3873795764727,-13.957502431750276,-27.981221008180803,-76.7495561907691,18.359786183230952,226.1713069815244,-4.58560456704604,-277.15181734399863,-16.27695982199056,-26.218753296679903,-79.70204186495977,-1.8013460685216707,29.666392169824064,1.7660121266229933,-27.23556223247408,2.3194573902402826,-1.7624677115009,2.952485674190669
INM,INM-CM5-0,r1i1p1f1,gr1,ssp370,2048-11,2048,11,3.0719030861375916,235.3543418055587,-0.3239071837984788,-290.01372414309435,-23.11265042236507,-36.20414242952846,-111.22817928709007,3.373616207685165,200.78103474652093,-0.6403541251953389,-253.7584501331604,-23.21293540517074,-27.089763709299525,-100.54685241861995,-0.30171312154757324,34.573307059037774,0.31644694139686,-36.25527400993394,0.10028498280566822,-9.114378720228935,-10.681326868470123
INM,INM-CM5-0,r1i1p1f1,gr1,ssp370,2048-12,2048,12,0.8182835662113855,225.34977640367634,-0.1053182011059933,-273.6718270918421,-19.46140412067547,-25.62990833383815,-92.70039777757397,0.964180041922923,186.64826391094516,-0.31348832760597495,-237.90125991540202,-22.242226530874166,-23.201729997866106,-96.04626081888021,-0.1458964757115374,38.70151249273118,0.20817012649998165,-35.77056717644007,2.780822410198695,-2.428178335972042,3.345863041306245
INM,INM-CM5-0,r1i1p1f1,gr1,ssp370,2049-01,2049,1,2.2805243102025914,204.29293201204544,-0.7239547822675529,-258.3366838700927,-26.722470769093725,-30.834371451446668,-110.04402455065262,2.4522201368629597,180.0589790644654,-1.1211335706525247,-229.76434372975177,-20.539467023086623,-20.74641542870584,-89.66016055086838,-0.1716958266603683,24.233952947580036,0.3971787883849718,-28.57234014034094,-6.183003746007103,-10.087956022740826,-20.38386399978424
INM,INM-CM5-0,r1i1p1f1,gr1,ssp370,2049-02,2049,2,12.37224081812044,200.5467227109489,-5.261715344551664,-252.11344251567377,-17.459364023606657,-23.936890638824895,-85.85244899358764,13.598224813006102,178.40214269593704,-7.25840213575084,-227.77240753433253,-18.919405163125447,-19.26673802518699,-81.21658534945266,-1.2259839948856612,22.144580015011854,1.996686791199176,-24.341034981341238,1.4600411395187898,-4.670152613637907,-4.635863644134986
INM,INM-CM5-0,r1i1p1f1,gr1,ssp370,2049-03,2049,3,55.30856578911651,203.4690431463216,-28.846744889412037,-254.96691384313667,-14.93662352144942,-20.642098840185692,-60.61477215874568,59.638888590245294,183.0204183320094,-35.62667115946799,-235.28367474041085,-15.251576236177188,-17.38433462970656,-60.88694984350788,-4.330322801128787,20.44862481431221,6.779926270055952,-19.68323910272582,0.3149527147277684,-3.257764210479131,0.27217768476219817
INM,INM-CM5-0,r1i1p1f1,gr1,ssp370,2049-04,2049,4,147.41613484130514,227.9520873092313,-77.3370556958313,-282.0788004820302,-5.309679859327973,-15.019773862150089,-4.377087748803108,155.3178734332641,203.4394340490368,-93.68494320584504,-261.3719090946296,-8.228404400565143,-14.007620385928949,-18.535569604667806,-7.901738591958974,24.512653260194497,16.34788751001375,-20.706891387400617,2.91872454123717,-1.0121534762211404,14.158481855864698
INM,INM-CM5-0,r1i1p1f1,gr1,ssp370,2049-05,2049,5,231.76317937111457,256.965896279374,-105.43224809681429,-308.3438312869243,-2.4210023812575834,-11.67119604451004,60.860797840982386,247.34990174106002,237.36696451407164,-132.25247010732542,-294.5808684821893,-2.49212963594814,-10.76344882197312,44.6279492076957,-15.586722369945448,19.598931765302382,26.82022201051113,-13.762962804734968,0.07112725469055681,-0.907747222536921,16.232848633286686
INM,INM-CM5-0,r1i1p1f1,gr1,ssp370,2049-06,2049,6,247.4733859335065,281.54982090711746,-89.86439927486397,-321.73295323556164,1.7878167478987377,-7.3964293042487155,111.8172417738484,265.2973791099498,267.9699629796378,-117.5893157180128,-313.22580703693666,-0.004244195873688736,-8.586026789214452,93.86194834955006,-17.82399317644331,13.57985792747968,27.724916443148828,-8.50714619862498,1.7920609437724264,1.189597484965737,17.955293424298333
INM,INM-CM5-0,r1i1p1f1,gr1,ssp370,2049-07,2049,7,205.03300767662725,299.303839893916,-59.286495933323124,-330.09215659798207,1.501756480769063,-5.323771702333361,111.13617981767374,217.4716641061232,283.73718239268294,-82.41688316221644,-319.7754931447574,0.6158126923815513,-7.250053789737271,92.38222909447663,-12.43865642949595,15.566657501233067,23.130387228893312,-10.316663453224692,0.8859437883875118,1.9262820874039104,18.753950723197107
INM,INM-CM5-0,r1i1p1f1,gr1,ssp370,2049-08,2049,8,127.56258334762387,299.6388692918674,-32.3175596340302,-331.8058428076783,-0.026334293343009463,-9.866961676609414,53.1847542278304,137.99288070953398,280.3883142818284,-47.25680367253166,-317.4629669555353,-0.7458868537258483,-9.743392042762487,43.172145466807066,-10.430297361910107,19.250555010039022,14.939244038501464,-14.342875852142981,0.7195525603828388,-0.12356963384692676,10.012608761023337
INM,INM-CM5-0,r1i1p1f1,gr1,ssp370,2049-09,2049,9,56.94482411143464,285.2649401128572,-12.687961565146278,-323.34564820714775,-4.4463250116412665,-18.871727316581097,-17.14189787622459,64.62605857660985,256.68731236752427,-20.084262079342775,-301.6967775674771,-5.800327218478942,-17.798728504042145,-24.066724425206903,-7.6812344651752085,28.577627745332904,7.396300514196497,-21.648870639670633,1.3540022068376754,-1.0729988125389518,6.924826548982313
INM,INM-CM5-0,r1i1p1f1,gr1,ssp370,2049-10,2049,10,16.61372676120725,253.6155918237771,-2.741239696212056,-304.5568262956478,-15.44660517560244,-31.956996733103665,-84.47234931558161,18.359786183230952,226.1713069815244,-4.58560456704604,-277.15181734399863,-16.27695982199056,-26.218753296679903,-79.70204186495977,-1.746059422023702,27.4442848422527,1.8443648708339841,-27.405008951649165,0.8303546463881197,-5.738243436423762,-4.770307450621843
INM,INM-CM5-0,r1i1p1f1,gr1,ssp370,2049-11,2049,11,3.0255965335294723,228.74363210765483,-0.3206159436287064,-284.6986437946986,-28.565124888630685,-39.73368328650702,-121.54883927228073,3.373616207685165,200.78103474652093,-0.6403541251953389,-253.7584501331604,-23.21293540517074,-27.089763709299525,-100.54685241861995,-0.34801967415569246,27.962597361133902,0.3197381815666325,-30.940193661538217,-5.352189483459945,-12.643919577207498,-21.00198685366078
INM,INM-CM5-0,r1i1p1f1,gr1,ssp370,2049-12,2049,12,0.8975153030829292,213.91571551730198,-0.10077968112530167,-271.04205758481424,-31.18868740760897,-39.11000066071539,-126.62829451387898,0.964180041922923,186.64826391094516,-0.31348832760597495,-237.90125991540202,-22.242226530874166,-23.201729997866106,-96.04626081888021,-0.0666647388399938,27.267451606356815,0.21270864648067328,-33.14079766941222,-8.946460876734804,-15.908270662849286,-30.58203369499877
INM,INM-CM5-0,r1i1p1f1,gr1,ssp370,2050-01,2050,1,2.228055064773792,204.89073055976795,-0.6519919909242763,-255.6466088868565,-22.036624701427463,-26.31006049273158,-97.52650044739808,2.4522201368629597,180.0589790644654,-1.1211335706525247,-229.76434372975177,-20.539467023086623,-20.74641542870584,-89.66016055086838,-0.2241650720891677,24.83175149530254,0.46914157972824844,-25.88226515710474,-1.497157678340841,-5.563645064025739,-7.866339896529695
INM,INM-CM5-0,r1i1p1f1,gr1,ssp370,2050-02,2050,2,12.940248713434304,201.1369554289425,-5.930934930485175,-253.63860650067656,-25.70519741792448,-32.2331671486804,-103.4307018553898,13.598224813006102,178.40214269593704,-7.25840213575084,-227.77240753433253,-18.919405163125447,-19.26673802518699,-81.21658534945266,-0.6579760995717976,22.73481273300547,1.3274672052656653,-25.86619896634403,-6.785792254799034,-12.966429123493413,-22.21411650593714
INM,INM-CM5-0,r1i1p1f1,gr1,ssp370,2050-03,2050,3,55.38526563245146,200.46426096385667,-29.34314592142633,-253.93169202122888,-19.15277283413645,-26.33517318589442,-72.91325736637796,59.638888590245294,183.0204183320094,-35.62667115946799,-235.28367474041085,-15.251576236177188,-17.38433462970656,-60.88694984350788,-4.253622957793837,17.443842631847275,6.283525238041658,-18.64801728081804,-3.9011965979592613,-8.950838556187858,-12.026307522870084
INM,INM-CM5-0,r1i1p1f1,gr1,ssp370,2050-04,2050,4,137.32033535256906,235.40294668242652,-71.0787074572981,-284.6268149213817,-2.884062841814228,-13.352368731382196,0.7813280831193516,155.3178734332641,203.4394340490368,-93.68494320584504,-261.3719090946296,-8.228404400565143,-14.007620385928949,-18.535569604667806,-17.99753808069505,31.963512633389712,22.60623574854695,-23.254905826752122,5.344341558750916,0.6552516545467526,19.316897687787158
INM,INM-CM5-0,r1i1p1f1,gr1,ssp370,2050-05,2050,5,228.6007054446511,255.70030693033826,-99.31870424163398,-308.69436745612524,-2.187163611708172,-14.742090590349502,59.35868647517242,247.34990174106002,237.36696451407164,-132.25247010732542,-294.5808684821893,-2.49212963594814,-10.76344882197312,44.6279492076957,-18.74919629640891,18.333342416266618,32.93376586569144,-14.113498973935918,0.3049660242399681,-3.9786417683763826,14.73073726747672
INM,INM-CM5-0,r1i1p1f1,gr1,ssp370,2050-06,2050,6,248.97432657850212,281.12867442141675,-90.77880330161125,-322.09716187935913,1.0739370270836335,-7.913055346948859,110.3879174990833,265.2973791099498,267.9699629796378,-117.5893157180128,-313.22580703693666,-0.004244195873688736,-8.586026789214452,93.86194834955006,-16.3230525314477,13.158711441778962,26.81051241640155,-8.871354842422477,1.0781812229573222,0.6729714422655935,16.52596914953324
INM,INM-CM5-0,r1i1p1f1,gr1,ssp370,2050-07,2050,7,211.82795985892687,297.05464126453444,-61.540841589662655,-329.7849849417592,1.3814188340852134,-6.436019038707939,112.50217438741673,217.4716641061232,283.73718239268294,-82.41688316221644,-319.7754931447574,0.6158126923815513,-7.250053789737271,92.38222909447663,-5.643704247196325,13.3174588718515,20.87604157255378,-10.009491797001829,0.765606141703662,0.8140347510293324,20.119945292940102
INM,INM-CM5-0,r1i1p1f1,gr1,ssp370,2050-08,2050,8,121.16604554138787,300.65977088126994,-29.191509591745458,-331.8444986871416,-3.094326307333725,-14.311673484421467,43.38380835201556,137.99288070953398,280.3883142818284,-47.25680367253166,-317.4629669555353,-0.7458868537258483,-9.743392042762487,43.172145466807066,-16.826835168146104,20.271456599441535,18.065294080786202,-14.381531731606287,-2.3484394536078765,-4.56828144165898,0.2116628852084972
INM,INM-CM5-0,r1i1p1f1,gr1,ssp370,2050-09,2050,9,56.58720535960417,282.40146873249927,-12.136624847622503,-323.33231906334277,-5.635093680046157,-21.338693482107875,-23.454056981015846,64.62605857660985,256.68731236752427,-20.084262079342775,-301.6967775674771,-5.800327218478942,-17.798728504042145,-24.066724425206903,-8.03885321700568,25.714156364974997,7.947637231720272,-21.635541495865652,0.1652335384327852,-3.539964978065729,0.6126674441910573
INM,INM-CM5-0,r1i1p1f1,gr1,ssp370,2050-10,2050,10,16.79263256226414,258.52074957200506,-2.871012752922322,-307.2710090073562,-15.636512066809784,-32.91866683491203,-83.38381852773112,18.359786183230952,226.1713069815244,-4.58560456704604,-277.15181734399863,-16.27695982199056,-26.218753296679903,-79.70204186495977,-1.5671536209668133,32.34944259048066,1.7145918141237182,-30.119191663357583,0.6404477551807748,-6.699913538232128,-3.6817766627713553
INM,INM-CM5-0,r1i1p1f1,gr1,ssp370,2050-11,2050,11,3.053433608391314,233.57813743617942,-0.3594701887050181,-288.10139708442676,-19.167961206057775,-31.140673906386105,-102.13793134100493,3.373616207685165,200.78103474652093,-0.6403541251953389,-253.7584501331604,-23.21293540517074,-27.089763709299525,-100.54685241861995,-0.32018259929385096,32.79710268965849,0.28088393649032073,-34.342946951266356,4.044974199112964,-4.05091019708658,-1.5910789223849804
INM,INM-CM5-0,r1i1p1f1,gr1,ssp370,2050-12,2050,12,0.891119998497796,216.62451266872685,-0.14119102286842827,-270.5405010060757,-25.555515844430516,-33.733023804378014,-112.45459901052803,0.964180041922923,186.64826391094516,-0.31348832760597495,-237.90125991540202,-22.242226530874166,-23.201729997866106,-96.04626081888021,-0.07306004342512695,29.97624875778169,0.17229730473754667,-32.63924109067369,-3.31328931355635,-10.531293806511908,-16.408338191647815
INM,INM-CM5-0,r1i1p1f1,gr1,ssp370,2051-01,2051,1,2.236673270626248,206.77905466074176,-0.6605147998220267,-260.3388857315077,-24.43620515679115,-31.37552942948627,-107.79540718623912,2.4522201368629597,180.0589790644654,-1.1211335706525247,-229.76434372975177,-20.539467023086623,-20.74641542870584,-89.66016055086838,-0.2155468662367115,26.72007559627636,0.46061877083049807,-30.5745420017559,-3.8967381337045275,-10.62911400078043,-18.135246635370734
INM,INM-CM5-0,r1i1p1f1,gr1,ssp370,2051-02,2051,2,12.655236380994106,198.36183495537665,-5.3037355971778295,-252.7652278241202,-25.76649625869639,-33.16772311600556,-105.98611145962921,13.598224813006102,178.40214269593704,-7.25840213575084,-227.77240753433253,-18.919405163125447,-19.26673802518699,-81.21658534945266,-0.9429884320119957,19.959692259439606,1.9546665385730106,-24.99282028978766,-6.847091095570942,-13.900985090818573,-24.769526110176557
INM,INM-CM5-0,r1i1p1f1,gr1,ssp370,2051-03,2051,3,55.328550672582644,207.95960424900414,-28.91276499321192,-255.58519886994773,-8.201904288066768,-14.413261672174382,-43.824974901813995,59.638888590245294,183.0204183320094,-35.62667115946799,-235.28367474041085,-15.251576236177188,-17.38433462970656,-60.88694984350788,-4.31033791766265,24.939185916994745,6.71390616625607,-20.301524129536887,7.04967194811042,2.9710729575321793,17.061974941693883
INM,INM-CM5-0,r1i1p1f1,gr1,ssp370,2051-04,2051,4,144.0656054812744,227.85137060585123,-76.54961381648475,-280.18843830603515,-6.284039826477209,-14.706741731207178,-5.811857593078685,155.3178734332641,203.4394340490368,-93.68494320584504,-261.3719090946296,-8.228404400565143,-14.007620385928949,-18.535569604667806,-11.252267951989722,24.411936556814425,17.135329389360294,-18.816529211405566,1.9443645740879338,-0.699121345278229,12.723712011589122
INM,INM-CM5-0,r1i1p1f1,gr1,ssp370,2051-05,2051,5,232.54436632332138,254.75102866624866,-104.56309308779566,-307.56478533909603,-2.8475726871587304,-12.723276143246606,59.59666773227298,247.34990174106002,237.36696451407164,-132.25247010732542,-294.5808684821893,-2.49212963594814,-10.76344882197312,44.6279492076957,-14.80553541773864,17.384064152177018,27.689377019529758,-12.983916856906717,-0.35544305121059017,-1.9598273212734867,14.968718524577277
INM,INM-CM5-0,r1i1p1f1,gr1,ssp370,2051-06,2051,6,245.04804850228513,282.3782960707739,-93.05648320878298,-321.49967317079717,-0.25144477249164854,-10.343696066383371,102.27504735460387,265.2973791099498,267.9699629796378,-117.5893157180128,-313.22580703693666,-0.004244195873688736,-8.586026789214452,93.86194834955006,-20.24933060766469,14.408333091136114,24.53283250922982,-8.273866133860508,-0.2472005766179598,-1.7576692771689189,8.413099005053809
INM,INM-CM5-0,r1i1p1f1,gr1,ssp370,2051-07,2051,7,225.548004970158,288.50837601072925,-74.8129405669619,-326.9806448308314,1.6409793349193103,-6.681537953586223,107.22223696442705,217.4716641061232,283.73718239268294,-82.41688316221644,-319.7754931447574,0.6158126923815513,-7.250053789737271,92.38222909447663,8.07634086403479,4.771193618046311,7.603942595254537,-7.205151686074032,1.025166642537759,0.5685158361510485,14.840007869950426
INM,INM-CM5-0,r1i1p1f1,gr1,ssp370,2051-08,2051,8,128.89824389468546,296.5747674258738,-33.693218071363304,-329.5633333905506,-0.20676210270132558,-10.82221815221803,51.187479603726054,137.99288070953398,280.3883142818284,-47.25680367253166,-317.4629669555353,-0.7458868537258483,-9.743392042762487,43.172145466807066,-9.094636814848513,16.1864531440454,13.563585601168356,-12.100366435015303,0.5391247510245227,-1.0788261094555427,8.015334136918987
INM,INM-CM5-0,r1i1p1f1,gr1,ssp370,2051-09,2051,9,56.65622044877496,284.57943307142517,-12.909683437804054,-322.27715982245087,-4.404820080147747,-17.031198909186667,-15.38720872938923,64.62605857660985,256.68731236752427,-20.084262079342775,-301.6967775674771,-5.800327218478942,-17.798728504042145,-24.066724425206903,-7.96983812783489,27.8921207039009,7.174578641538721,-20.580382254973756,1.3955071383311948,0.7675295948554783,8.679515695817674
INM,INM-CM5-0,r1i1p1f1,gr1,ssp370,2051-10,2051,10,16.992406215707206,256.19024162207785,-3.0224948093727986,-306.4747806309266,-14.915750869756634,-30.519000720998243,-81.74937919326922,18.359786183230952,226.1713069815244,-4.58560456704604,-277.15181734399863,-16.27695982199056,-26.218753296679903,-79.70204186495977,-1.3673799675237461,30.018934640553454,1.5631097576732418,-29.322963286927973,1.361208952233925,-4.300247424318339,-2.047337328309453
INM,INM-CM5-0,r1i1p1f1,gr1,ssp370,2051-11,2051,11,3.206832254324158,225.30026566954697,-0.3644710625936532,-283.3228038788947,-24.57958911434197,-35.56263709580891,-115.32240322776812,3.373616207685165,200.78103474652093,-0.6403541251953389,-253.7584501331604,-23.21293540517074,-27.089763709299525,-100.54685241861995,-0.1667839533610067,24.519230923026043,0.27588306260168566,-29.56435374573431,-1.3666537091712314,-8.472873386509384,-14.775550809148172
INM,INM-CM5-0,r1i1p1f1,gr1,ssp370,2051-12,2051,12,0.8816569250805621,203.20890468349282,-0.13145844966720824,-261.1496653419055,-32.49298145922774,-38.51477976981126,-128.19832341203835,0.964180041922923,186.64826391094516,-0.31348832760597495,-237.90125991540202,-22.242226530874166,-23.201729997866106,-96.04626081888021,-0.0825231168423608,16.560640772547657,0.1820298779387667,-23.248405426503496,-10.250754928353576,-15.313049771945156,-32.152062593158135
INM,INM-CM5-0,r1i1p1f1,gr1,ssp370,2052-01,2052,1,2.2507700554154457,205.66211316274206,-0.6583914686244511,-256.42997130163764,-22.0511290162031,-26.481720701757894,-97.70832927006558,2.4522201368629597,180.0589790644654,-1.1211335706525247,-229.76434372975177,-20.539467023086623,-20.74641542870584,-89.66016055086838,-0.20145008144751397,25.603134098276655,0.46274210202807364,-26.665627571885864,-1.5116619931164763,-5.735305273052052,-8.048168719197193
INM,INM-CM5-0,r1i1p1f1,gr1,ssp370,2052-02,2052,2,11.9502184141108,202.3809574292067,-5.119444474806497,-251.2699173576235,-19.704635289668587,-25.22615939675753,-86.98898067553864,13.598224813006102,178.40214269593704,-7.25840213575084,-227.77240753433253,-18.919405163125447,-19.26673802518699,-81.21658534945266,-1.6480063988953013,23.978814733269644,2.1389576609443433,-23.497509823290983,-0.7852301265431407,-5.959421371570542,-5.772395326085984
INM,INM-CM5-0,r1i1p1f1,gr1,ssp370,2052-03,2052,3,54.93976797442399,205.40648656500875,-29.105460236581724,-255.08330972261908,-14.697134623458151,-22.48639372234666,-61.02604376557291,59.638888590245294,183.0204183320094,-35.62667115946799,-235.28367474041085,-15.251576236177188,-17.38433462970656,-60.88694984350788,-4.6991206158213075,22.38606823299935,6.521210922886265,-19.799634982208232,0.554441612719037,-5.102059092640097,-0.13909392206502957
INM,INM-CM5-0,r1i1p1f1,gr1,ssp370,2052-04,2052,4,146.47657048919348,222.66082323037762,-77.36405042159244,-279.7273072766228,-9.07566259024658,-19.763179053385606,-16.792805622276326,155.3178734332641,203.4394340490368,-93.68494320584504,-261.3719090946296,-8.228404400565143,-14.007620385928949,-18.535569604667806,-8.841302944070634,19.22138918134081,16.320892784252607,-18.355398181993223,-0.8472581896814368,-5.755558667456658,1.7427639823914802
INM,INM-CM5-0,r1i1p1f1,gr1,ssp370,2052-05,2052,5,229.05087981096054,255.8988925697823,-101.91941877871001,-307.3241728164274,-2.176148090694576,-13.230805436263834,60.299227258647036,247.34990174106002,237.36696451407164,-132.25247010732542,-294.5808684821893,-2.49212963594814,-10.76344882197312,44.6279492076957,-18.299021930099485,18.531928055710665,30.33305132861541,-12.743304334238076,0.31598154525356437,-2.467356614290715,15.671278050951337
INM,INM-CM5-0,r1i1p1f1,gr1,ssp370,2052-06,2052,6,240.53469052379322,286.41368208634134,-87.89406106740918,-322.35408337718235,-0.06910329960979232,-8.342937861626405,108.28818700430682,265.2973791099498,267.9699629796378,-117.5893157180128,-313.22580703693666,-0.004244195873688736,-8.586026789214452,93.86194834955006,-24.7626885861566,18.443719106703554,29.695254650603616,-9.12827634024569,-0.06485910373610358,0.24308892758804745,14.426238654756759
INM,INM-CM5-0,r1i1p1f1,gr1,ssp370,2052-07,2052,7,204.69033291457433,297.7967594371801,-61.81326797069088,-328.3954399044451,0.7247974534378511,-7.181294720512616,105.82188720954368,217.4716641061232,283.73718239268294,-82.41688316221644,-319.7754931447574,0.6158126923815513,-7.250053789737271,92.38222909447663,-12.781331191548873,14.059577044497189,20.603615191525556,-8.619946759687707,0.10898476105629973,0.06875906922465536,13.439658115067047
INM,INM-CM5-0,r1i1p1f1,gr1,ssp370,2052-08,2052,8,119.22022160294355,303.81440986856205,-28.801345975263473,-331.4443916531977,-0.6940418636635114,-9.639076003989993,52.45577597539087,137.99288070953398,280.3883142818284,-47.25680367253166,-317.4629669555353,-0.7458868537258483,-9.743392042762487,43.172145466807066,-18.772659106590424,23.426095586733652,18.455457697268187,-13.981424697662419,0.05184499006233689,0.10431603877249351,9.283630508583805
INM,INM-CM5-0,r1i1p1f1,gr1,ssp370,2052-09,2052,9,57.55928034513104,280.7775150349071,-11.162034796126354,-322.73942346755035,-6.057045808917481,-22.572324436540093,-24.19403312909619,64.62605857660985,256.68731236752427,-20.084262079342775,-301.6967775674771,-5.800327218478942,-17.798728504042145,-24.066724425206903,-7.066778231478807,24.090202667382812,8.92222728321642,-21.04264590007324,-0.2567185904385392,-4.773595932497948,-0.1273087038892875
INM,INM-CM5-0,r1i1p1f1,gr1,ssp370,2052-10,2052,10,16.955211993541134,255.8143626395915,-2.4124980628890333,-307.8589449453328,-17.531898920854697,-34.230868778502085,-89.26463607444593,18.359786183230952,226.1713069815244,-4.58560456704604,-277.15181734399863,-16.27695982199056,-26.218753296679903,-79.70204186495977,-1.4045741896898178,29.643055658067112,2.173106504157007,-30.70712760133415,-1.2549390988641385,-8.012115481822182,-9.562594209486164
INM,INM-CM5-0,r1i1p1f1,gr1,ssp370,2052-11,2052,11,3.0922377618118846,235.15758796861545,-0.336486706501523,-291.7583005381375,-25.439886285539725,-38.35836122051976,-117.6432090202712,3.373616207685165,200.78103474652093,-0.6403541251953389,-253.7584501331604,-23.21293540517074,-27.089763709299525,-100.54685241861995,-0.2813784458732802,34.376553222094515,0.30386741869381584,-37.99985040497711,-2.2269508803689853,-11.268597511220236,-17.09635660165125
INM,INM-CM5-0,r1i1p1f1,gr1,ssp370,2052-12,2052,12,0.9177847536502438,207.05640840153725,-0.14205151093990462,-266.3531922920621,-32.79373404417074,-37.975035178046156,-129.2898198700314,0.964180041922923,186.64826391094516,-0.31348832760597495,-237.90125991540202,-22.242226530874166,-23.201729997866106,-96.04626081888021,-0.046395288272679136,20.408144490592093,0.17143681666607033,-28.451932376660068,-10.551507513296574,-14.77330518018005,-33.243559051151195
INM,INM-CM5-0,r1i1p1f1,gr1,ssp370,2053-01,2053,1,2.249364369620978,200.8369982887348,-0.865664592796607,-254.1763883586576,-25.570702715952176,-30.19165332318536,-107.71804633223594,2.4522201368629597,180.0589790644654,-1.1211335706525247,-229.76434372975177,-20.539467023086623,-20.74641542870584,-89.66016055086838,-0.2028557672419815,20.7780192242694,0.2554689778559177,-24.412044628905818,-5.031235692865554,-9.445237894479519,-18.05788578136756
INM,INM-CM5-0,r1i1p1f1,gr1,ssp370,2053-02,2053,2,12.785400134829713,197.4834335063695,-6.025348051364142,-249.38266288648956,-21.333939560899033,-27.78234127475335,-94.2554581323069,13.598224813006102,178.40214269593704,-7.25840213575084,-227.77240753433253,-18.919405163125447,-19.26673802518699,-81.21658534945266,-0.8128246781763888,19.08129081043245,1.2330540843866977,-21.610255352157026,-2.4145343977735862,-8.515603249566361,-13.038872782854241
INM,INM-CM5-0,r1i1p1f1,gr1,ssp370,2053-03,2053,3,53.60843014525433,211.66529192691686,-27.46728037916251,-262.1361826530356,-18.74244968789782,-25.99179339480682,-69.0639840427315,59.638888590245294,183.0204183320094,-35.62667115946799,-235.28367474041085,-15.251576236177188,-17.38433462970656,-60.88694984350788,-6.030458444990963,28.644873594907466,8.159390780305479,-26.85250791262473,-3.490873451720633,-8.607458765100258,-8.177034199223627
INM,INM-CM5-0,r1i1p1f1,gr1,ssp370,2053-04,2053,4,145.87138964722462,226.19658840458618,-76.32579690022463,-281.1668813664025,-8.622653727248812,-17.82696663690091,-11.87432057896609,155.3178734332641,203.4394340490368,-93.68494320584504,-261.3719090946296,-8.228404400565143,-14.007620385928949,-18.535569604667806,-9.446483786039494,22.757154355549375,17.359146305620413,-19.794972271772906,-0.39424932668366885,-3.819346250971961,6.661249025701716
INM,INM-CM5-0,r1i1p1f1,gr1,ssp370,2053-05,2053,5,228.86082922984144,254.96470349611218,-103.39031693747302,-305.90307391652067,-1.4984711438439184,-11.218165734978164,61.81550499313786,247.34990174106002,237.36696451407164,-132.25247010732542,-294.5808684821893,-2.49212963594814,-10.76344882197312,44.6279492076957,-18.48907251121858,17.59773898204054,28.862153169852405,-11.322205434331352,0.9936584921042217,-0.45471691300504524,17.187555785442157
INM,INM-CM5-0,r1i1p1f1,gr1,ssp370,2053-06,2053,6,245.55619947268667,283.1337909786278,-87.33441294497031,-322.06141501317126,0.39610311580233576,-8.745267884907634,110.94499772406766,265.2973791099498,267.9699629796378,-117.5893157180128,-313.22580703693666,-0.004244195873688736,-8.586026789214452,93.86194834955006,-19.741179637263144,15.16382799899003,30.254902773042488,-8.835607976234598,0.4003473116760245,-0.15924109569318112,17.0830493745176
INM,INM-CM5-0,r1i1p1f1,gr1,ssp370,2053-07,2053,7,208.914934018588,296.1091560109295,-61.85290493886839,-329.0548490286406,0.5040289614557669,-7.880695712388013,106.7396693110763,217.4716641061232,283.73718239268294,-82.41688316221644,-319.7754931447574,0.6158126923815513,-7.250053789737271,92.38222909447663,-8.556730087535186,12.371973618246557,20.563978223348045,-9.279355883883227,-0.11178373092578442,-0.6306419226507414,14.35744021659967
INM,INM-CM5-0,r1i1p1f1,gr1,ssp370,2053-08,2053,8,128.0705005606383,300.0318531305022,-32.38103395060666,-331.2423950258357,-1.0408411571694909,-11.223479569812824,52.2146039877158,137.99288070953398,280.3883142818284,-47.25680367253166,-317.4629669555353,-0.7458868537258483,-9.743392042762487,43.172145466807066,-9.922380148895684,19.643538848673813,14.875769721925003,-13.779428070300412,-0.2949543034436426,-1.4800875270503369,9.042458520908731
INM,INM-CM5-0,r1i1p1f1,gr1,ssp370,2053-09,2053,9,57.77047500281049,284.20320289368806,-11.344721575520131,-324.6481328404374,-6.385721679967079,-21.437045045423268,-21.841943244849343,64.62605857660985,256.68731236752427,-20.084262079342775,-301.6967775674771,-5.800327218478942,-17.798728504042145,-24.066724425206903,-6.855583573799358,27.515890526163787,8.739540503822644,-22.951355272960313,-0.5853944614881375,-3.6383165413811227,2.22478118035756
INM,INM-CM5-0,r1i1p1f1,gr1,ssp370,2053-10,2053,10,16.537298615121053,259.1463177457624,-2.498604206025739,-309.26913425153754,-13.387399022070538,-29.693178544067994,-79.16469966281831,18.359786183230952,226.1713069815244,-4.58560456704604,-277.15181734399863,-16.27695982199056,-26.218753296679903,-79.70204186495977,-1.8224875681098993,32.97501076423802,2.0870003610203014,-32.11731690753891,2.8895607999200212,-3.4744252473880906,0.5373422021414598
INM,INM-CM5-0,r1i1p1f1,gr1,ssp370,2053-11,2053,11,3.0109823915571017,233.77659701129068,-0.3074807861468217,-290.66803814870866,-26.06869686109649,-39.042727455654806,-119.29936384875901,3.373616207685165,200.78103474652093,-0.6403541251953389,-253.7584501331604,-23.21293540517074,-27.089763709299525,-100.54685241861995,-0.3626338161280631,32.995562264769745,0.3328733390485171,-36.90958801554825,-2.8557614559257516,-11.95296374635528,-18.752511430139066
INM,INM-CM5-0,r1i1p1f1,gr1,ssp370,2053-12,2053,12,0.8629978900396689,219.11683977632407,-0.11898323044723522,-273.0476911263877,-23.34749159843433,-30.972516568207453,-107.50684485711297,0.964180041922923,186.64826391094516,-0.31348832760597495,-237.90125991540202,-22.242226530874166,-23.201729997866106,-96.04626081888021,-0.10118215188325408,32.46857586537891,0.19450509715873973,-35.14643121098567,-1.1052650675601647,-7.770786570341347,-11.460584038232753
INM,INM-CM5-0,r1i1p1f1,gr1,ssp370,2054-01,2054,1,2.2330668578098787,207.02693541744844,-0.7158338311284791,-257.60425633327856,-21.743444491615264,-25.09183929746816,-95.89537167823214,2.4522201368629597,180.0589790644654,-1.1211335706525247,-229.76434372975177,-20.539467023086623,-20.74641542870584,-89.66016055086838,-0.21915327905308102,26.967956352983038,0.40529973952404563,-27.839912603526784,-1.2039774685286417,-4.3454238687623175,-6.235211127363755
INM,INM-CM5-0,r1i1p1f1,gr1,ssp370,2054-02,2054,2,13.048531226795106,201.09341092447693,-6.238672823154839,-251.93477494876566,-23.991319646973096,-25.8498144902725,-93.87263975789409,13.598224813006102,178.40214269593704,-7.25840213575084,-227.77240753433253,-18.919405163125447,-19.26673802518699,-81.21658534945266,-0.5496935862109957,22.691268228539883,1.0197293125960014,-24.162367414433135,-5.0719144838476495,-6.583076465085512,-12.656054408441435
INM,INM-CM5-0,r1i1p1f1,gr1,ssp370,2054-03,2054,3,56.69625718694981,207.41202710009128,-29.952813099345708,-258.6439642057875,-14.476764936820244,-20.572586091809523,-59.53784404672187,59.638888590245294,183.0204183320094,-35.62667115946799,-235.28367474041085,-15.251576236177188,-17.38433462970656,-60.88694984350788,-2.9426314032954863,24.39160876808188,5.673858060122281,-23.36028946537664,0.7748112993569443,-3.1882514621029614,1.3491057967860058
INM,INM-CM5-0,r1i1p1f1,gr1,ssp370,2054-04,2054,4,141.593176227248,226.39237824441545,-76.355827079888,-278.4550970347893,-6.972330442419746,-14.276476144881553,-8.0741762303151,155.3178734332641,203.4394340490368,-93.68494320584504,-261.3719090946296,-8.228404400565143,-14.007620385928949,-18.535569604667806,-13.724697206016117,22.95294419537865,17.329116125957043,-17.08318794015969,1.2560739581453975,-0.26885575895260416,10.461393374352706
INM,INM-CM5-0,r1i1p1f1,gr1,ssp370,2054-05,2054,5,221.29443715556278,258.34415613290054,-101.10623194931642,-306.1250557624698,-1.4223357254868847,-10.677720507668342,60.30724934352183,247.34990174106002,237.36696451407164,-132.25247010732542,-294.5808684821893,-2.49212963594814,-10.76344882197312,44.6279492076957,-26.055464585497248,20.977191618828897,31.146238158008998,-11.544187280280482,1.0697939104612555,0.08572831430477734,15.679300135826132
INM,INM-CM5-0,r1i1p1f1,gr1,ssp370,2054-06,2054,6,243.14203404806014,281.3313689295779,-91.95617896737538,-319.9159874308389,0.12338069805423664,-9.375804694534919,103.34881258294301,265.2973791099498,267.9699629796378,-117.5893157180128,-313.22580703693666,-0.004244195873688736,-8.586026789214452,93.86194834955006,-22.155345061889676,13.361405949940092,25.63313675063742,-6.690180393902267,0.12762489392792536,-0.7897779053204665,9.48686423339295
INM,INM-CM5-0,r1i1p1f1,gr1,ssp370,2054-07,2054,7,199.74731883494522,296.27306841678836,-60.76547113196546,-326.5513532345056,1.7983920444808459,-6.201925980873179,104.30002894887022,217.4716641061232,283.73718239268294,-82.41688316221644,-319.7754931447574,0.6158126923815513,-7.250053789737271,92.38222909447663,-17.72434527117798,12.535886024105423,21.651412030250974,-6.775860089748221,1.1825793520992947,1.0481278088640922,11.917799854393593
INM,INM-CM5-0,r1i1p1f1,gr1,ssp370,2054-08,2054,8,125.91843840176826,295.9994109077941,-31.274047021247323,-328.3005062673441,0.4970370183424571,-9.357148171072545,53.483184868240826,137.99288070953398,280.3883142818284,-47.25680367253166,-317.4629669555353,-0.7458868537258483,-9.743392042762487,43.172145466807066,-12.074442307765722,15.611096625965672,15.982756651284337,-10.837539311808769,1.2429238720683053,0.3862438716899419,10.31103940143376
INM,INM-CM5-0,r1i1p1f1,gr1,ssp370,2054-09,2054,9,57.54386433275151,280.8707105651106,-12.533032816450206,-321.2792572505551,-4.0322936338095285,-18.595395340656797,-18.025404143609492,64.62605857660985,256.68731236752427,-20.084262079342775,-301.6967775674771,-5.800327218478942,-17.798728504042145,-24.066724425206903,-7.082194243858339,24.183398197586314,7.551229262892569,-19.582479683077963,1.7680335846694133,-0.7966668366146514,6.041320281597411
INM,INM-CM5-0,r1i1p1f1,gr1,ssp370,2054-10,2054,10,16.490867852422625,254.26332570768295,-2.7146285871621387,-305.52461724294017,-14.157954571706412,-28.050033310436422,-79.69304015213952,18.359786183230952,226.1713069815244,-4.58560456704604,-277.15181734399863,-16.27695982199056,-26.218753296679903,-79.70204186495977,-1.8689183308083273,28.092018726158557,1.8709759798839016,-28.372799898941537,2.1190052502841468,-1.831280013756519,0.009001712820250418
INM,INM-CM5-0,r1i1p1f1,gr1,ssp370,2054-11,2054,11,3.0723481950407865,226.63639047424567,-0.36137200929913177,-284.1114119664122,-26.510731943821558,-35.274463225459044,-116.54924047570552,3.373616207685165,200.78103474652093,-0.6403541251953389,-253.7584501331604,-23.21293540517074,-27.089763709299525,-100.54685241861995,-0.3012680126443783,25.855355727724742,0.2789821158962071,-30.35296183325181,-3.297796538650818,-8.184699516159519,-16.002388057085568
INM,INM-CM5-0,r1i1p1f1,gr1,ssp370,2054-12,2054,12,0.8908023848070562,216.3555817119386,-0.17632333745549225,-269.3659346011318,-23.32525809219093,-29.63187460082449,-105.25300653485706,0.964180041922923,186.64826391094516,-0.31348832760597495,-237.90125991540202,-22.242226530874166,-23.201729997866106,-96.04626081888021,-0.07337765711586675,29.70731780099345,0.1371649901504827,-31.46467468572979,-1.083031561316762,-6.430144602958382,-9.20674571597685
INM,INM-CM5-0,r1i1p1f1,gr1,ssp370,2055-01,2055,1,2.2246902066014336,213.97324660146978,-0.8331278322111412,-264.4240319647586,-14.715136359455972,-20.948740930252733,-84.72310027860726,2.4522201368629597,180.0589790644654,-1.1211335706525247,-229.76434372975177,-20.539467023086623,-20.74641542870584,-89.66016055086838,-0.22752993026152613,33.91426753700438,0.28800573844138355,-34.659688235006854,5.824330663630651,-0.20232550154689122,4.937060272261121
INM,INM-CM5-0,r1i1p1f1,gr1,ssp370,2055-02,2055,2,12.894619652209954,203.07123694720914,-6.051315460221085,-253.39719644767686,-18.80233014301552,-23.856140319975424,-86.14112577146977,13.598224813006102,178.40214269593704,-7.25840213575084,-227.77240753433253,-18.919405163125447,-19.26673802518699,-81.21658534945266,-0.7036051607961475,24.6690942512721,1.2070866755297551,-25.624788913344332,0.11707502010992599,-4.589402294788435,-4.924540422017117
INM,INM-CM5-0,r1i1p1f1,gr1,ssp370,2055-03,2055,3,55.7517124368184,202.8160692354011,-29.988104478735643,-254.74774397239918,-13.778744379990789,-20.97101697534872,-60.91782813425483,59.638888590245294,183.0204183320094,-35.62667115946799,-235.28367474041085,-15.251576236177188,-17.38433462970656,-60.88694984350788,-3.8871761534268927,19.795650903391703,5.638566680732346,-19.464069231988333,1.4728318561863993,-3.58668234564216,-0.030878290746954917
INM,INM-CM5-0,r1i1p1f1,gr1,ssp370,2055-04,2055,4,146.20375691212956,221.83381495586036,-77.41977235233776,-278.32798064144396,-10.422519515608323,-19.27099496698152,-17.403695608381632,155.3178734332641,203.4394340490368,-93.68494320584504,-261.3719090946296,-8.228404400565143,-14.007620385928949,-18.535569604667806,-9.114116521134548,18.394380906823557,16.265170853507286,-16.95607154681437,-2.1941151150431804,-5.26337458105257,1.1318739962861741
INM,INM-CM5-0,r1i1p1f1,gr1,ssp370,2055-05,2055,5,229.28801220132462,255.6260515939044,-104.32683741983158,-306.2968732260787,-2.0406974945275125,-12.109819821994245,60.139835832797026,247.34990174106002,237.36696451407164,-132.25247010732542,-294.5808684821893,-2.49212963594814,-10.76344882197312,44.6279492076957,-18.061889539735404,18.259087079832767,27.925632687493845,-11.716004743889357,0.4514321414206277,-1.3463710000211258,15.511886625101326
INM,INM-CM5-0,r1i1p1f1,gr1,ssp370,2055-06,2055,6,245.03660129293084,282.5301721604705,-94.04949351019192,-320.53910016165065,-1.155083847289685,-9.963357045877146,101.85973888839187,265.2973791099498,267.9699629796378,-117.5893157180128,-313.22580703693666,-0.004244195873688736,-8.586026789214452,93.86194834955006,-20.260777817018976,14.560209180832715,23.539822207820876,-7.313293124713994,-1.1508396514159962,-1.3773302566626935,7.997790538841812
INM,INM-CM5-0,r1i1p1f1,gr1,ssp370,2055-07,2055,7,202.3294828049153,296.066370243508,-61.74132774401185,-327.90568332816406,1.3753366419519861,-7.279735584096985,102.84444303410238,217.4716641061232,283.73718239268294,-82.41688316221644,-319.7754931447574,0.6158126923815513,-7.250053789737271,92.38222909447663,-15.142181301207899,12.329187850825065,20.67555541820459,-8.130190183406683,0.7595239495704348,-0.029681794359713187,10.462213939625755
INM,INM-CM5-0,r1i1p1f1,gr1,ssp370,2055-08,2055,8,121.39737505046689,301.59809755328445,-29.364907094419568,-329.92839201195767,0.14441399115479983,-8.562606786168322,55.28398070236061,137.99288070953398,280.3883142818284,-47.25680367253166,-317.4629669555353,-0.7458868537258483,-9.743392042762487,43.172145466807066,-16.595505659067086,21.209783271456047,17.891896578112092,-12.465425056422362,0.8903008448806481,1.1807852565941648,12.111835235553542
INM,INM-CM5-0,r1i1p1f1,gr1,ssp370,2055-09,2055,9,56.252202528462185,283.6715354556183,-11.297389437160753,-322.16149966430976,-4.22440942290619,-18.141082024555985,-15.900642564852175,64.62605857660985,256.68731236752427,-20.084262079342775,-301.6967775674771,-5.800327218478942,-17.798728504042145,-24.066724425206903,-8.373856048147665,26.98422308809404,8.786872642182022,-20.464722096832645,1.5759177955727521,-0.34235352051383927,8.166081860354728
INM,INM-CM5-0,r1i1p1f1,gr1,ssp370,2055-10,2055,10,16.668906945767763,262.1311996306532,-2.596307847532537,-308.9008821329537,-9.350721161377585,-25.435907162847695,-67.48371172829054,18.359786183230952,226.1713069815244,-4.58560456704604,-277.15181734399863,-16.27695982199056,-26.218753296679903,-79.70204186495977,-1.6908792374631894,35.95989264912882,1.9892967195135034,-31.74906478895508,6.926238660612974,0.7828461338322086,12.218330136669223
INM,INM-CM5-0,r1i1p1f1,gr1,ssp370,2055-11,2055,11,3.0712347058773917,229.59335282786316,-0.3433813178358747,-283.3445001157166,-22.180054822843445,-31.829163699863877,-105.03251242251923,3.373616207685165,200.78103474652093,-0.6403541251953389,-253.7584501331604,-23.21293540517074,-27.089763709299525,-100.54685241861995,-0.3023815018077731,28.812318081342227,0.29697280735946413,-29.586049982556176,1.0328805823272944,-4.739399990564351,-4.485660003899284
INM,INM-CM5-0,r1i1p1f1,gr1,ssp370,2055-12,2055,12,0.8930290514850784,217.03190623207465,-0.13466789752387534,-270.6509590338488,-20.459105912169125,-29.114770805562852,-102.4345683655449,0.964180041922923,186.64826391094516,-0.31348832760597495,-237.90125991540202,-22.242226530874166,-23.201729997866106,-96.04626081888021,-0.07115099043784456,30.383642321129486,0.1788204300820996,-32.749699118446756,1.7831206187050412,-5.913040807696746,-6.3883075466646915
INM,INM-CM5-0,r1i1p1f1,gr1,ssp370,2056-01,2056,1,2.2762813338320087,206.822669096821,-0.7795591306284526,-257.7367640841508,-19.747494962056262,-25.05157946737793,-94.21644721356049,2.4522201368629597,180.0589790644654,-1.1211335706525247,-229.76434372975177,-20.539467023086623,-20.74641542870584,-89.66016055086838,-0.175938803030951,26.763690032355584,0.3415744400240721,-27.97242035439905,0.7919720610303607,-4.305164038672089,-4.556286662692102
INM,INM-CM5-0,r1i1p1f1,gr1,ssp370,2056-02,2056,2,13.081606089496132,196.9210139420267,-6.277243398595844,-248.2571455171905,-20.19499798641931,-26.863764141005305,-91.59053101168817,13.598224813006102,178.40214269593704,-7.25840213575084,-227.77240753433253,-18.919405163125447,-19.26673802518699,-81.21658534945266,-0.5166187235099695,18.518871246089645,0.9811587371549964,-20.48473798285798,-1.275592823293863,-7.597026115818316,-10.373945662235514
INM,INM-CM5-0,r1i1p1f1,gr1,ssp370,2056-03,2056,3,57.45746090146997,198.8242168573926,-31.247549628509283,-254.52386319923497,-15.866859720685357,-23.15382228535933,-68.5104170749264,59.638888590245294,183.0204183320094,-35.62667115946799,-235.28367474041085,-15.251576236177188,-17.38433462970656,-60.88694984350788,-2.1814276887753223,15.8037985253832,4.379121530958706,-19.24018845882412,-0.6152834845081685,-5.769487655652767,-7.623467231418516
INM,INM-CM5-0,r1i1p1f1,gr1,ssp370,2056-04,2056,4,144.86459434913453,224.15745724059505,-77.94069623582648,-277.09220368842017,-6.1968280739118455,-14.36292006920433,-6.5705964776332255,155.3178734332641,203.4394340490368,-93.68494320584504,-261.3719090946296,-8.228404400565143,-14.007620385928949,-18.535569604667806,-10.453279084129576,20.718023191558245,15.744246970018565,-15.720294593790584,2.0315763266532976,-0.35529968327538164,11.96497312703458
INM,INM-CM5-0,r1i1p1f1,gr1,ssp370,2056-05,2056,5,231.90332540640432,251.6143895435373,-106.22980296365694,-304.3412443230318,-1.9983138757688648,-11.775853169231361,59.17250061825265,247.34990174106002,237.36696451407164,-132.25247010732542,-294.5808684821893,-2.49212963594814,-10.76344882197312,44.6279492076957,-15.446576334655703,14.24742502946566,26.022667143668485,-9.760375840842471,0.4938157601792754,-1.0124043472582418,14.544551410556949
INM,INM-CM5-0,r1i1p1f1,gr1,ssp370,2056-06,2056,6,229.89738476747632,287.1404716227704,-82.73256936124936,-321.6583737393099,1.3958141936624975,-8.287630517961187,105.75509696538872,265.2973791099498,267.9699629796378,-117.5893157180128,-313.22580703693666,-0.004244195873688736,-8.586026789214452,93.86194834955006,-35.39999434247349,19.17050864313262,34.85674635676344,-8.432566702373265,1.4000583895361862,0.2983962712532655,11.893148615838655
INM,INM-CM5-0,r1i1p1f1,gr1,ssp370,2056-07,2056,7,193.59000775955678,301.32503190702545,-54.877489188472545,-328.28625978132766,0.9209392553557212,-6.544085551518028,106.1281444006197,217.4716641061232,283.73718239268294,-82.41688316221644,-319.7754931447574,0.6158126923815513,-7.250053789737271,92.38222909447663,-23.881656346566416,17.58784951434251,27.53939397374389,-8.510766636570281,0.30512656297416985,0.7059682382192438,13.745915306143075
INM,INM-CM5-0,r1i1p1f1,gr1,ssp370,2056-08,2056,8,123.10149155871147,299.20672881771094,-28.12598874600486,-330.20110463394644,-0.6171513811659062,-10.105502266068859,53.258473349236354,137.99288070953398,280.3883142818284,-47.25680367253166,-317.4629669555353,-0.7458868537258483,-9.743392042762487,43.172145466807066,-14.891389150822505,18.81841453588254,19.1308149265268,-12.738137678411135,0.1287354725599421,-0.362110223306372,10.086327882429288
INM,INM-CM5-0,r1i1p1f1,gr1,ssp370,2056-09,2056,9,59.24876084859168,281.8370943242562,-11.378179991440502,-323.30533172449844,-5.006032167301558,-21.32709484033185,-19.930783550724442,64.62605857660985,256.68731236752427,-20.084262079342775,-301.6967775674771,-5.800327218478942,-17.798728504042145,-24.066724425206903,-5.377297728018171,25.149781956731943,8.706082087902272,-21.60855415702133,0.7942950511773841,-3.5283663362897038,4.135940874482461
INM,INM-CM5-0,r1i1p1f1,gr1,ssp370,2056-10,2056,10,16.524245730091433,256.1319903666362,-2.404682282559399,-307.19974812021206,-15.836423986544691,-31.953160340261448,-84.73777863284997,18.359786183230952,226.1713069815244,-4.58560456704604,-277.15181734399863,-16.27695982199056,-26.218753296679903,-79.70204186495977,-1.8355404531395187,29.96068338511182,2.180922284486641,-30.047930776213434,0.4405358354458677,-5.734407043581545,-5.035736767890199
INM,INM-CM5-0,r1i1p1f1,gr1,ssp370,2056-11,2056,11,3.2710123510175393,224.75332751895715,-0.3550871660563536,-284.36701181539695,-24.428237251566696,-36.16253274409343,-117.28852910713877,3.373616207685165,200.78103474652093,-0.6403541251953389,-253.7584501331604,-23.21293540517074,-27.089763709299525,-100.54685241861995,-0.1026038566676255,23.97229277243622,0.28526695913898525,-30.60856168223654,-1.2153018463959562,-9.072769034793907,-16.741676688518822
INM,INM-CM5-0,r1i1p1f1,gr1,ssp370,2056-12,2056,12,0.8258819893249605,210.73323720721876,-0.1488907225398291,-265.29489329672504,-29.062304518023332,-33.00940058081702,-115.95636992156147,0.964180041922923,186.64826391094516,-0.31348832760597495,-237.90125991540202,-22.242226530874166,-23.201729997866106,-96.04626081888021,-0.13829805259796246,24.084973296273603,0.16459760506614585,-27.393633381323014,-6.8200779871491655,-9.807670582950916,-19.91010910268126
INM,INM-CM5-0,r1i1p1f1,gr1,ssp370,2057-01,2057,1,2.2363791617733026,205.7422314785461,-0.8862647760065632,-254.31588262952934,-17.481889263671725,-22.736904742209504,-87.44233077109772,2.4522201368629597,180.0589790644654,-1.1211335706525247,-229.76434372975177,-20.539467023086623,-20.74641542870584,-89.66016055086838,-0.21584097508965705,25.683252414080698,0.23486879464596155,-24.55153889977757,3.0575777594148974,-1.9904893135036623,2.2178297797706676
INM,INM-CM5-0,r1i1p1f1,gr1,ssp370,2057-02,2057,2,12.834104680936456,210.0486542603921,-6.084885709955687,-259.4329432779207,-15.098379785290879,-24.33064455302265,-82.06409438486133,13.598224813006102,178.40214269593704,-7.25840213575084,-227.77240753433253,-18.919405163125447,-19.26673802518699,-81.21658534945266,-0.764120132069646,31.646511564455068,1.1735164257951531,-31.660535743588156,3.8210253778345677,-5.0639065278356625,-0.8475090354086774
INM,INM-CM5-0,r1i1p1f1,gr1,ssp370,2057-03,2057,3,55.15583145140213,202.95652250952105,-28.49130265931694,-257.2599462264914,-21.224405437508448,-29.254643209225417,-78.11794357161904,59.638888590245294,183.0204183320094,-35.62667115946799,-235.28367474041085,-15.251576236177188,-17.38433462970656,-60.88694984350788,-4.483057138843165,19.936104177511652,7.135368500151049,-21.976271486080577,-5.97282920133126,-11.870308579518856,-17.23099372811116
INM,INM-CM5-0,r1i1p1f1,gr1,ssp370,2057-04,2057,4,142.24229598497672,226.80804763886067,-72.46087478106419,-282.13219078655914,-6.815556465962439,-18.17388772468049,-10.53216613442885,155.3178734332641,203.4394340490368,-93.68494320584504,-261.3719090946296,-8.228404400565143,-14.007620385928949,-18.535569604667806,-13.07557744828739,23.368613589823866,21.224068424780853,-20.76028169192955,1.4128479346027039,-4.166267338751542,8.003403470238956
INM,INM-CM5-0,r1i1p1f1,gr1,ssp370,2057-05,2057,5,228.86183611654522,257.2223481135053,-95.04791164944054,-310.2760382854454,-2.286441761932607,-13.779562684084002,64.69422984914793,247.34990174106002,237.36696451407164,-132.25247010732542,-294.5808684821893,-2.49212963594814,-10.76344882197312,44.6279492076957,-18.488065624514803,19.85538359943365,37.204558457884886,-15.695169803256078,0.205687874015533,-3.016113862110883,20.06628064145223
INM,INM-CM5-0,r1i1p1f1,gr1,ssp370,2057-06,2057,6,247.3098129374439,281.91273060726587,-91.78496572778529,-321.4858799201175,0.04976976577524449,-9.582719537615631,106.4187481249666,265.2973791099498,267.9699629796378,-117.5893157180128,-313.22580703693666,-0.004244195873688736,-8.586026789214452,93.86194834955006,-17.98756617250592,13.942767627628086,25.804349990227507,-8.26007288318084,0.054013961648933226,-0.9966927484011787,12.556799775416536
INM,INM-CM5-0,r1i1p1f1,gr1,ssp370,2057-07,2057,7,199.30862763324615,300.74838674878134,-57.60471941968116,-329.22848087363707,1.3897334025114347,-6.47455483935455,108.13899265186616,217.4716641061232,283.73718239268294,-82.41688316221644,-319.7754931447574,0.6158126923815513,-7.250053789737271,92.38222909447663,-18.163036472877053,17.011204356098403,24.812163742535276,-9.452987728879691,0.7739207101298834,0.7754989503827217,15.756763557389533
INM,INM-CM5-0,r1i1p1f1,gr1,ssp370,2057-08,2057,8,124.9832739518196,301.96295557988054,-29.08269577248415,-331.74314054881665,-0.5093961191529737,-9.69558315893359,55.9154139323128,137.99288070953398,280.3883142818284,-47.25680367253166,-317.4629669555353,-0.7458868537258483,-9.743392042762487,43.172145466807066,-13.00960675771438,21.574641298052143,18.17410790004751,-14.280173593281347,0.23649073457287462,0.04780888382889614,12.743268465505736
INM,INM-CM5-0,r1i1p1f1,gr1,ssp370,2057-09,2057,9,57.38548556863672,282.53529611070843,-12.249863858648792,-323.29895280083133,-5.680514039530798,-20.262184586303853,-21.570733605969593,64.62605857660985,256.68731236752427,-20.084262079342775,-301.6967775674771,-5.800327218478942,-17.798728504042145,-24.066724425206903,-7.240573007973133,25.84798374318416,7.834398220693982,-21.602175233354217,0.11981317894814403,-2.4634560822617075,2.49599081923731
INM,INM-CM5-0,r1i1p1f1,gr1,ssp370,2057-10,2057,10,16.982594503825613,258.6856214203147,-2.7570379272106704,-311.28955934099474,-15.555469252566844,-33.909318750463605,-87.84316934709553,18.359786183230952,226.1713069815244,-4.58560456704604,-277.15181734399863,-16.27695982199056,-26.218753296679903,-79.70204186495977,-1.377191679405339,32.51431443879031,1.82856663983537,-34.13774199699611,0.7214905694237146,-7.690565453783702,-8.141127482135758
INM,INM-CM5-0,r1i1p1f1,gr1,ssp370,2057-11,2057,11,3.0329367182658076,239.2393665862025,-0.3433133810642527,-293.6558438658208,-20.549565518891335,-32.65084350059659,-104.92726296190472,3.373616207685165,200.78103474652093,-0.6403541251953389,-253.7584501331604,-23.21293540517074,-27.089763709299525,-100.54685241861995,-0.3406794894193572,38.45833183968156,0.29704074413108617,-39.89739373266042,2.663369886279405,-5.561079791297061,-4.380410543284768
INM,INM-CM5-0,r1i1p1f1,gr1,ssp370,2057-12,2057,12,0.825339879410954,219.18945755064942,-0.10819127119386426,-273.7143396182598,-23.379400942550244,-30.62628206821801,-107.81341647016157,0.964180041922923,186.64826391094516,-0.31348832760597495,-237.90125991540202,-22.242226530874166,-23.201729997866106,-96.04626081888021,-0.13884016251196896,32.54119363970426,0.20529705641211068,-35.813079702857806,-1.137174411676078,-7.424552070351904,-11.767155651281357
INM,INM-CM5-0,r1i1p1f1,gr1,ssp370,2058-01,2058,1,2.3060705353856767,204.63734451055083,-0.7626356325860714,-258.69001923622653,-25.49565456879483,-31.43861782322126,-109.44351221489218,2.4522201368629597,180.0589790644654,-1.1211335706525247,-229.76434372975177,-20.539467023086623,-20.74641542870584,-89.66016055086838,-0.14614960147728295,24.578365446085428,0.35849793806645336,-28.92567550647476,-4.956187545708207,-10.69220239451542,-19.783351664023797
INM,INM-CM5-0,r1i1p1f1,gr1,ssp370,2058-02,2058,2,12.398824317971211,203.44644239133982,-5.446997752121844,-255.09162724950696,-15.702758909783325,-23.331169305568352,-83.72728650766943,13.598224813006102,178.40214269593704,-7.25840213575084,-227.77240753433253,-18.919405163125447,-19.26673802518699,-81.21658534945266,-1.1994004950348902,25.04429969540277,1.8114043836289966,-27.319219715174427,3.2166462533421214,-4.064431280381363,-2.5107011582167758
INM,INM-CM5-0,r1i1p1f1,gr1,ssp370,2058-03,2058,3,57.13867372315701,203.74388147621102,-29.282732245593515,-256.5645528256736,-16.335522784731147,-23.56082337997024,-64.86107603660048,59.638888590245294,183.0204183320094,-35.62667115946799,-235.28367474041085,-15.251576236177188,-17.38433462970656,-60.88694984350788,-2.500214867088282,20.723463144201617,6.343938913874474,-21.28087808526277,-1.0839465485539588,-6.17648875026368,-3.9741261930926015
INM,INM-CM5-0,r1i1p1f1,gr1,ssp370,2058-04,2058,4,145.3534506752599,227.44428334648177,-76.23145748816346,-282.72704786713894,-10.47055308093983,-20.509854375175372,-17.14117878967592,155.3178734332641,203.4394340490368,-93.68494320584504,-261.3719090946296,-8.228404400565143,-14.007620385928949,-18.535569604667806,-9.964422758004218,24.004849297444963,17.453485717681588,-21.35513877250935,-2.2421486803746866,-6.502233989246424,1.3943908149918869
INM,INM-CM5-0,r1i1p1f1,gr1,ssp370,2058-05,2058,5,228.01366232933492,257.55158071911234,-101.98154975878916,-308.55427605364116,-2.8259734901360347,-13.752137406331455,58.45130633954942,247.34990174106002,237.36696451407164,-132.25247010732542,-294.5808684821893,-2.49212963594814,-10.76344882197312,44.6279492076957,-19.336239411725103,20.184616205040697,30.270920348536265,-13.973407571451844,-0.33384385418789453,-2.9886885843583357,13.823357131853719
INM,INM-CM5-0,r1i1p1f1,gr1,ssp370,2058-06,2058,6,250.48687312179715,282.4683093648952,-91.26567684138675,-322.84759482244317,0.8860278448698125,-8.678676276135166,111.04926239159713,265.2973791099498,267.9699629796378,-117.5893157180128,-313.22580703693666,-0.004244195873688736,-8.586026789214452,93.86194834955006,-14.81050598815267,14.498346385257435,26.32363887662605,-9.621787785506513,0.8902720407435012,-0.09264948692071329,17.187314042047063
INM,INM-CM5-0,r1i1p1f1,gr1,ssp370,2058-07,2058,7,203.06712816650392,299.08186324839403,-59.26010149200242,-330.8716769703962,1.24371784508561,-7.323779099059208,105.93715169852574,217.4716641061232,283.73718239268294,-82.41688316221644,-319.7754931447574,0.6158126923815513,-7.250053789737271,92.38222909447663,-14.40453593961928,15.34468085571109,23.156781670214016,-11.096183825638832,0.6279051527040586,-0.07372530932193655,13.55492260404911
INM,INM-CM5-0,r1i1p1f1,gr1,ssp370,2058-08,2058,8,121.80649869181464,303.00468702226885,-27.659765835778668,-332.7969872661477,0.060102675584943435,-10.229890857960324,54.18464442978171,137.99288070953398,280.3883142818284,-47.25680367253166,-317.4629669555353,-0.7458868537258483,-9.743392042762487,43.172145466807066,-16.18638201771934,22.616372740440454,19.597037836752992,-15.334020310612402,0.8059895293107917,-0.48649881519783733,11.012498962974647
INM,INM-CM5-0,r1i1p1f1,gr1,ssp370,2058-09,2058,9,57.10093553059937,283.2843216612215,-10.612178550164527,-325.2445211967223,-5.395887364482421,-21.175345955144078,-22.04267587469245,64.62605857660985,256.68731236752427,-20.084262079342775,-301.6967775674771,-5.800327218478942,-17.798728504042145,-24.066724425206903,-7.525123046010478,26.597009293697226,9.472083529178247,-23.54774362924519,0.4044398539965206,-3.3766174511019322,2.024048550514454
INM,INM-CM5-0,r1i1p1f1,gr1,ssp370,2058-10,2058,10,16.571756008877504,261.38117158133224,-2.347685527386882,-310.7935430039051,-14.139590789573516,-31.160758294227218,-80.48865002488296,18.359786183230952,226.1713069815244,-4.58560456704604,-277.15181734399863,-16.27695982199056,-26.218753296679903,-79.70204186495977,-1.7880301743534481,35.209864599807844,2.2379190396591584,-33.641725659906456,2.137369032417043,-4.942004997547315,-0.7866081599231904
INM,INM-CM5-0,r1i1p1f1,gr1,ssp370,2058-11,2058,11,2.961879102203568,238.47972548867486,-0.3148905532771599,-294.0602222985762,-20.91465565628457,-32.243822270486724,-106.09198618774624,3.373616207685165,200.78103474652093,-0.6403541251953389,-253.7584501331604,-23.21293540517074,-27.089763709299525,-100.54685241861995,-0.4117371054815968,37.69869074215393,0.32546357191817893,-40.3017721654158,2.29827974888617,-5.154058561187199,-5.545133769126295
INM,INM-CM5-0,r1i1p1f1,gr1,ssp370,2058-12,2058,12,0.8090237822709181,217.24336215064204,-0.15104853849343752,-270.452059103423,-27.101164328853862,-31.455219292299006,-111.10710533015632,0.964180041922923,186.64826391094516,-0.31348832760597495,-237.90125991540202,-22.242226530874166,-23.201729997866106,-96.04626081888021,-0.15515625965200486,30.59509823969688,0.16243978911253742,-32.55079918802096,-4.858937797979696,-8.2534892944329,-15.060844511276102
INM,INM-CM5-0,r1i1p1f1,gr1,ssp370,2059-01,2059,1,2.276686750124814,207.66546888857553,-0.8541144124092528,-258.5769576125287,-21.297636455014505,-27.63864937181013,-98.42520221306224,2.4522201368629597,180.0589790644654,-1.1211335706525247,-229.76434372975177,-20.539467023086623,-20.74641542870584,-89.66016055086838,-0.17553338673814567,27.606489824110128,0.26701915824327194,-28.81261388277693,-0.7581694319278824,-6.892233943104287,-8.765041662193852
INM,INM-CM5-0,r1i1p1f1,gr1,ssp370,2059-02,2059,2,12.789548508529526,199.85249794756237,-5.863270800818529,-251.51282709042619,-26.729993084882068,-33.03264226201988,-104.49668678205477,13.598224813006102,178.40214269593704,-7.25840213575084,-227.77240753433253,-18.919405163125447,-19.26673802518699,-81.21658534945266,-0.8086763044765757,21.450355251625325,1.3951313349323113,-23.740419556093656,-7.810587921756621,-13.765904236832888,-23.28010143260211
INM,INM-CM5-0,r1i1p1f1,gr1,ssp370,2059-03,2059,3,53.90655646989269,216.59114642645068,-26.927992284575613,-267.15597851030657,-16.950165180604397,-28.417500198644195,-68.95393327778743,59.638888590245294,183.0204183320094,-35.62667115946799,-235.28367474041085,-15.251576236177188,-17.38433462970656,-60.88694984350788,-5.732332120352602,33.57072809444128,8.698678874892376,-31.872303769895723,-1.6985889444272093,-11.033165568937633,-8.06698343427955
INM,INM-CM5-0,r1i1p1f1,gr1,ssp370,2059-04,2059,4,140.22199941290148,235.31976739011657,-71.14013679877864,-286.59290481841344,-5.825502566283099,-16.571882257368735,-4.588659637825884,155.3178734332641,203.4394340490368,-93.68494320584504,-261.3719090946296,-8.228404400565143,-14.007620385928949,-18.535569604667806,-15.09587402036263,31.880333341079762,22.544806407066403,-25.220995723783858,2.4029018342820443,-2.5642618714397862,13.946909966841922
INM,INM-CM5-0,r1i1p1f1,gr1,ssp370,2059-05,2059,5,227.52401830247516,256.30744334574706,-102.21703356110095,-307.6905597196776,-3.1774860085308387,-13.811265571418101,56.935116787494735,247.34990174106002,237.36696451407164,-132.25247010732542,-294.5808684821893,-2.49212963594814,-10.76344882197312,44.6279492076957,-19.825883438584867,18.94047883167542,30.035436546224474,-13.109691237488278,-0.6853563725826985,-3.0478167494449817,12.307167579799035
INM,INM-CM5-0,r1i1p1f1,gr1,ssp370,2059-06,2059,6,248.1594576657438,282.6757137520488,-90.38407660564324,-322.51457593954655,-0.2879855801748228,-10.048175352602534,107.60035793982544,265.2973791099498,267.9699629796378,-117.5893157180128,-313.22580703693666,-0.004244195873688736,-8.586026789214452,93.86194834955006,-17.13792144420603,14.705750772411022,27.205239112369554,-9.288768902609888,-0.28374138430113405,-1.462148563388082,13.738409590275381
INM,INM-CM5-0,r1i1p1f1,gr1,ssp370,2059-07,2059,7,200.56261235284978,300.51109339323733,-55.71644556184446,-330.73325094867477,0.2096071030007034,-7.796970172585646,107.03664616598294,217.4716641061232,283.73718239268294,-82.41688316221644,-319.7754931447574,0.6158126923815513,-7.250053789737271,92.38222909447663,-16.909051753273417,16.773911000554392,26.700437600371977,-10.957757803917389,-0.40620558938084794,-0.5469163828483747,14.654417071506316
INM,INM-CM5-0,r1i1p1f1,gr1,ssp370,2059-08,2059,8,124.53627490593168,300.52075417971594,-28.383388108593174,-332.917901904269,-1.584717634519365,-12.656854243440879,49.514167194825205,137.99288070953398,280.3883142818284,-47.25680367253166,-317.4629669555353,-0.7458868537258483,-9.743392042762487,43.172145466807066,-13.4566058036023,20.132439897887537,18.873415563938487,-15.454934948733694,-0.8388307807935167,-2.913462200678392,6.342021728018139
INM,INM-CM5-0,r1i1p1f1,gr1,ssp370,2059-09,2059,9,56.21860539276481,287.66113742465217,-11.043764027819224,-326.197455464131,-5.166132055034948,-20.691390110294567,-19.218998839862778,64.62605857660985,256.68731236752427,-20.084262079342775,-301.6967775674771,-5.800327218478942,-17.798728504042145,-24.066724425206903,-8.407453183845043,30.973825057127897,9.040498051523551,-24.500677896653883,0.6341951634439935,-2.892661606252421,4.847725585344126
INM,INM-CM5-0,r1i1p1f1,gr1,ssp370,2059-10,2059,10,15.71204904222956,263.5605305040456,-2.6156476658767294,-310.9338187795908,-14.531573575492688,-30.732015680108198,-79.54047615479328,18.359786183230952,226.1713069815244,-4.58560456704604,-277.15181734399863,-16.27695982199056,-26.218753296679903,-79.70204186495977,-2.6477371410013912,37.38922352252118,1.969956901169311,-33.78200143559218,1.7453862464978709,-4.5132623834282946,0.16156571016648513
INM,INM-CM5-0,r1i1p1f1,gr1,ssp370,2059-11,2059,11,3.263122022882865,239.10242230913911,-0.35417193101791733,-295.57196492928733,-24.93504513451496,-38.991448996509526,-117.48708665930778,3.373616207685165,200.78103474652093,-0.6403541251953389,-253.7584501331604,-23.21293540517074,-27.089763709299525,-100.54685241861995,-0.11049418480229978,38.321387562618185,0.2861821941774215,-41.813514796126924,-1.722109729344222,-11.90168528721,-16.94023424068783
INM,INM-CM5-0,r1i1p1f1,gr1,ssp370,2059-12,2059,12,0.8103362102318706,221.41450302367926,-0.13578019005052167,-276.3447231638605,-26.132905237030883,-32.11855306832898,-112.50712242535978,0.964180041922923,186.64826391094516,-0.31348832760597495,-237.90125991540202,-22.242226530874166,-23.201729997866106,-96.04626081888021,-0.1538438316910523,34.7662391127341,0.17770813755545328,-38.4434632484585,-3.8906787061567165,-8.916823070462872,-16.46086160647957
INM,INM-CM5-0,r1i1p1f1,gr1,ssp370,2060-01,2060,1,2.3114805766847115,210.64996857604834,-0.8296631468839605,-265.4616647608818,-23.982145026781062,-32.50183545655829,-109.81385923837206,2.4522201368629597,180.0589790644654,-1.1211335706525247,-229.76434372975177,-20.539467023086623,-20.74641542870584,-89.66016055086838,-0.14073956017824818,30.590989511582933,0.29147042376856425,-35.69732103113,-3.4426780036944393,-11.755420027852448,-20.153698687503677
INM,INM-CM5-0,r1i1p1f1,gr1,ssp370,2060-02,2060,2,12.143351595541958,206.74128946596088,-5.572786335972403,-258.68496076865904,-17.401192892498237,-25.275171787359273,-88.04947072298613,13.598224813006102,178.40214269593704,-7.25840213575084,-227.77240753433253,-18.919405163125447,-19.26673802518699,-81.21658534945266,-1.4548732174641437,28.33914677002383,1.6856157997784376,-30.91255323432651,1.5182122706272096,-6.0084337621722845,-6.832885373533472
INM,INM-CM5-0,r1i1p1f1,gr1,ssp370,2060-03,2060,3,55.84061589801341,207.49421928672155,-29.093560206561627,-260.4244369928945,-16.16374572052004,-25.07244927200698,-67.4193570072482,59.638888590245294,183.0204183320094,-35.62667115946799,-235.28367474041085,-15.251576236177188,-17.38433462970656,-60.88694984350788,-3.7982726922318832,24.473800954712146,6.5331109529063625,-25.140762252483682,-0.9121694843428525,-7.68811464230042,-6.5324071637403165
INM,INM-CM5-0,r1i1p1f1,gr1,ssp370,2060-04,2060,4,147.78412758169395,226.87201856480561,-76.20146451360516,-283.2905315965429,-7.508199720397404,-18.24160275130888,-10.585652435354795,155.3178734332641,203.4394340490368,-93.68494320584504,-261.3719090946296,-8.228404400565143,-14.007620385928949,-18.535569604667806,-7.53374585157016,23.43258451576881,17.483478692239885,-21.91862250191332,0.7202046801677389,-4.23398236537993,7.949917169313011
INM,INM-CM5-0,r1i1p1f1,gr1,ssp370,2060-05,2060,5,235.34082488515745,251.9526072497493,-111.82831651413832,-305.5395855062011,-1.0998357858101873,-10.956045596673123,57.869648732084016,247.34990174106002,237.36696451407164,-132.25247010732542,-294.5808684821893,-2.49212963594814,-10.76344882197312,44.6279492076957,-12.009076855902578,14.585642735677652,20.4241535931871,-10.958717024011776,1.392293850137953,-0.1925967747000037,13.241699524388316
INM,INM-CM5-0,r1i1p1f1,gr1,ssp370,2060-06,2060,6,246.89788824428217,284.8732265333244,-86.35100771508492,-323.64986585639633,2.62700478659116,-5.81364032152962,118.5836056711868,265.2973791099498,267.9699629796378,-117.5893157180128,-313.22580703693666,-0.004244195873688736,-8.586026789214452,93.86194834955006,-18.399490865667644,16.9032635536866,31.23830800292788,-10.424058819459674,2.631248982464849,2.772386467684832,24.72165732163674
INM,INM-CM5-0,r1i1p1f1,gr1,ssp370,2060-07,2060,7,207.54084583230983,299.65881078868256,-55.335145527702544,-332.1078842911731,2.222167987949432,-5.671438002111689,116.30735678795453,217.4716641061232,283.73718239268294,-82.41688316221644,-319.7754931447574,0.6158126923815513,-7.250053789737271,92.38222909447663,-9.930818273813372,15.921628395999619,27.081737634513892,-12.332391146415716,1.6063552955678806,1.5786157876255826,23.925127693477904
INM,INM-CM5-0,r1i1p1f1,gr1,ssp370,2060-08,2060,8,124.10973306549818,301.63132548647957,-27.09283800310434,-333.6271363903034,-0.5981299897176576,-11.616171931688932,52.80678223716338,137.99288070953398,280.3883142818284,-47.25680367253166,-317.4629669555353,-0.7458868537258483,-9.743392042762487,43.172145466807066,-13.883147644035802,21.243011204651168,20.16396566942732,-16.164169434768098,0.14775686400819066,-1.8727798889264449,9.634636770356316
INM,INM-CM5-0,r1i1p1f1,gr1,ssp370,2060-09,2060,9,57.579548226959034,287.59684161233344,-11.101453590640238,-327.8501065841169,-4.932432998638001,-21.2601187244708,-19.967722058573422,64.62605857660985,256.68731236752427,-20.084262079342775,-301.6967775674771,-5.800327218478942,-17.798728504042145,-24.066724425206903,-7.046510349650816,30.909529244809164,8.982808488702537,-26.15332901663976,0.8678942198409407,-3.4613902204286546,4.099002366633481
INM,INM-CM5-0,r1i1p1f1,gr1,ssp370,2060-10,2060,10,16.27984606319394,260.5634201430528,-2.6523555968973542,-312.55594252034916,-15.63948401631644,-34.29236751001091,-88.29688343732714,18.359786183230952,226.1713069815244,-4.58560456704604,-277.15181734399863,-16.27695982199056,-26.218753296679903,-79.70204186495977,-2.079940120037012,34.392113161528385,1.9332489701486861,-35.40412517635053,0.6374758056741197,-8.073614213331009,-8.594841572367372
INM,INM-CM5-0,r1i1p1f1,gr1,ssp370,2060-11,2060,11,2.9797060027205275,238.54534758041058,-0.3230930454848567,-295.1629508163261,-22.343837039437993,-36.09662801574812,-112.40145533386595,3.373616207685165,200.78103474652093,-0.6403541251953389,-253.7584501331604,-23.21293540517074,-27.089763709299525,-100.54685241861995,-0.39391020496463724,37.76431283388965,0.3172610797104822,-41.40450068316568,0.8690983657327465,-9.006864306448591,-11.854602915246005
INM,INM-CM5-0,r1i1p1f1,gr1,ssp370,2060-12,2060,12,0.9193081689492846,214.7479713122728,-0.1218731606537957,-274.04016847481995,-29.53598366579795,-39.52772383347982,-127.55846965352944,0.964180041922923,186.64826391094516,-0.31348832760597495,-237.90125991540202,-22.242226530874166,-23.201729997866106,-96.04626081888021,-0.04487187297363837,28.099707401327635,0.19161516695217923,-36.13890855941793,-7.2937571349237835,-16.325993835613712,-31.51220883464923
INM,INM-CM5-0,r1i1p1f1,gr1,ssp370,2061-01,2061,1,2.1284537334217823,215.84285722511243,-0.5888654622060135,-268.43236190768096,-21.256663058577814,-28.811393238391677,-101.11797270832223,2.4522201368629597,180.0589790644654,-1.1211335706525247,-229.76434372975177,-20.539467023086623,-20.74641542870584,-89.66016055086838,-0.32376640344117735,35.78387816064702,0.5322681084465112,-38.668018177929184,-0.7171960354911917,-8.064977809685836,-11.457812157453844
INM,INM-CM5-0,r1i1p1f1,gr1,ssp370,2061-02,2061,2,13.112271303930674,206.39559653280776,-5.904242447793041,-260.1254786132131,-19.74941857211348,-29.361492180594258,-95.63276397697545,13.598224813006102,178.40214269593704,-7.25840213575084,-227.77240753433253,-18.919405163125447,-19.26673802518699,-81.21658534945266,-0.48595350907542745,27.993453836870714,1.3541596879577993,-32.35307107888056,-0.8300134089880338,-10.09475415540727,-14.416178627522797
INM,INM-CM5-0,r1i1p1f1,gr1,ssp370,2061-03,2061,3,57.16075263544587,203.63573089602664,-29.88347485186005,-259.67062432480304,-19.65890724487765,-28.241645934807725,-76.65816882487596,59.638888590245294,183.0204183320094,-35.62667115946799,-235.28367474041085,-15.251576236177188,-17.38433462970656,-60.88694984350788,-2.478135954799427,20.615312564017245,5.743196307607938,-24.386949584392198,-4.407331008700462,-10.857311305101163,-15.77121898136808
INM,INM-CM5-0,r1i1p1f1,gr1,ssp370,2061-04,2061,4,149.3862511628355,220.37072501975578,-77.92440190901164,-279.08962302049696,-9.913397689446748,-21.508659843154224,-18.679106279518265,155.3178734332641,203.4394340490368,-93.68494320584504,-261.3719090946296,-8.228404400565143,-14.007620385928949,-18.535569604667806,-5.931622270428619,16.931290970718976,15.76054129683341,-17.717713925867372,-1.6849932888816053,-7.501039457225275,-0.14353667485045918
INM,INM-CM5-0,r1i1p1f1,gr1,ssp370,2061-05,2061,5,225.6471377142016,259.0324897450828,-99.9118818808972,-309.34144127108436,-2.0070785414253813,-12.911512039791306,60.50771372608607,247.34990174106002,237.36696451407164,-132.25247010732542,-294.5808684821893,-2.49212963594814,-10.76344882197312,44.6279492076957,-21.702764026858432,21.665525231011145,32.340588226428224,-14.760572788895047,0.48505109452275885,-2.148063217818187,15.879764518390367
INM,INM-CM5-0,r1i1p1f1,gr1,ssp370,2061-06,2061,6,250.12400705388197,282.87284988672087,-87.5757921894058,-323.71140921323683,0.7915680654126507,-9.342859373665144,113.1583642297077,265.2973791099498,267.9699629796378,-117.5893157180128,-313.22580703693666,-0.004244195873688736,-8.586026789214452,93.86194834955006,-15.173372056067848,14.902886907083086,30.013523528606996,-10.485602176300176,0.7958122612863394,-0.7568325844506916,19.29641588015764
INM,INM-CM5-0,r1i1p1f1,gr1,ssp370,2061-07,2061,7,203.402531884646,301.7162425551767,-54.18698497044192,-332.7500722435743,0.5157669874794594,-8.024020145123522,110.67346406816239,217.4716641061232,283.73718239268294,-82.41688316221644,-319.7754931447574,0.6158126923815513,-7.250053789737271,92.38222909447663,-14.06913222147719,17.979060162493738,28.229898191774517,-12.974579098816946,-0.10004570490209197,-0.7739663553862508,18.29123497368576
INM,INM-CM5-0,r1i1p1f1,gr1,ssp370,2061-08,2061,8,120.66858888740055,304.6855539838841,-26.07438023096455,-334.6866981090082,-1.1607900128829403,-11.544019050376821,51.88825546805218,137.99288070953398,280.3883142818284,-47.25680367253166,-317.4629669555353,-0.7458868537258483,-9.743392042762487,43.172145466807066,-17.324291822133432,24.29723970205572,21.18242344156711,-17.223731153472897,-0.41490315915709197,-1.8006270076143345,8.716110001245113
INM,INM-CM5-0,r1i1p1f1,gr1,ssp370,2061-09,2061,9,56.54553322393058,288.4624967501697,-9.819132337306069,-328.48258154530595,-5.795852855453908,-23.439581963287026,-22.529118727252687,64.62605857660985,256.68731236752427,-20.084262079342775,-301.6967775674771,-5.800327218478942,-17.798728504042145,-24.066724425206903,-8.080525352679267,31.77518438264542,10.265129742036706,-26.785803977828834,0.004474363025034123,-5.64085345924488,1.5376056979542163
INM,INM-CM5-0,r1i1p1f1,gr1,ssp370,2061-10,2061,10,16.636503403767463,264.24555190558095,-2.2221646897353486,-316.78016678912144,-15.004722694077092,-34.660451832603115,-87.78545069618858,18.359786183230952,226.1713069815244,-4.58560456704604,-277.15181734399863,-16.27695982199056,-26.218753296679903,-79.70204186495977,-1.7232827794634886,38.07424492405656,2.3634398773106917,-39.62834944512281,1.272237127913467,-8.441698535923212,-8.083408831228809
INM,INM-CM5-0,r1i1p1f1,gr1,ssp370,2061-11,2061,11,2.906740932703135,245.64616901777467,-0.2954229964492732,-299.6666771722674,-17.685448120864592,-31.406787570137784,-100.50142590924122,3.373616207685165,200.78103474652093,-0.6403541251953389,-253.7584501331604,-23.21293540517074,-27.089763709299525,-100.54685241861995,-0.46687527498202996,44.86513427125374,0.34493112874606563,-45.908227039106976,5.527487284306147,-4.317023860838258,0.0454265093787285
INM,INM-CM5-0,r1i1p1f1,gr1,ssp370,2061-12,2061,12,0.8796134887163031,220.88670689414585,-0.11635703856438245,-280.98186573129885,-28.11814817796206,-38.961361861881365,-126.41141242684452,0.964180041922923,186.64826391094516,-0.31348832760597495,-237.90125991540202,-22.242226530874166,-23.201729997866106,-96.04626081888021,-0.08456655320661988,34.238442983200684,0.1971312890415925,-43.08060581589683,-5.8759216470878926,-15.759631864015258,-30.365151607964307
INM,INM-CM5-0,r1i1p1f1,gr1,ssp370,2062-01,2062,1,2.169943773810205,213.25879223198436,-0.6695310966868523,-266.5002299505712,-26.748262965393533,-34.388129488187865,-112.87741749504491,2.4522201368629597,180.0589790644654,-1.1211335706525247,-229.76434372975177,-20.539467023086623,-20.74641542870584,-89.66016055086838,-0.2822763630527545,33.199813167518954,0.45160247396567244,-36.73588622081945,-6.20879594230691,-13.641714059482023,-23.217256944176526
INM,INM-CM5-0,r1i1p1f1,gr1,ssp370,2062-02,2062,2,12.873450819595725,202.01173972813388,-5.7635852512084425,-257.063208857616,-25.13269701297309,-32.36216413560271,-105.43646470967067,13.598224813006102,178.40214269593704,-7.25840213575084,-227.77240753433253,-18.919405163125447,-19.26673802518699,-81.21658534945266,-0.724773993410377,23.60959703219683,1.4948168845423977,-29.29080132328349,-6.213291849847643,-13.095426110415723,-24.219879360218016
INM,INM-CM5-0,r1i1p1f1,gr1,ssp370,2062-03,2062,3,53.577003358234165,212.35829325835854,-27.51990103386243,-264.5229652157065,-18.01552497669613,-26.625535919346646,-70.74863052901898,59.638888590245294,183.0204183320094,-35.62667115946799,-235.28367474041085,-15.251576236177188,-17.38433462970656,-60.88694984350788,-6.061885232011129,29.337874926349144,8.10677012560556,-29.23929047529566,-2.763948740518943,-9.241201289640085,-9.861680685511104
INM,INM-CM5-0,r1i1p1f1,gr1,ssp370,2062-04,2062,4,143.37991459709144,229.55434613796376,-73.25080399348559,-284.551287377445,-9.279744606257184,-17.954004232650547,-12.101579474783138,155.3178734332641,203.4394340490368,-93.68494320584504,-261.3719090946296,-8.228404400565143,-14.007620385928949,-18.535569604667806,-11.937958836172669,26.114912088926957,20.434139212359455,-23.179378282815435,-1.051340205692041,-3.9463838467215986,6.433990129884668
INM,INM-CM5-0,r1i1p1f1,gr1,ssp370,2062-05,2062,5,219.05010195980194,263.9213629212506,-91.20595773974959,-311.7764192480881,-2.7403791713599635,-14.516583717309807,62.732125004545075,247.34990174106002,237.36696451407164,-132.25247010732542,-294.5808684821893,-2.49212963594814,-10.76344882197312,44.6279492076957,-28.299799781258088,26.55439840717895,41.04651236757583,-17.19555076589876,-0.24824953541182326,-3.7531348953366876,18.104175796849376
INM,INM-CM5-0,r1i1p1f1,gr1,ssp370,2062-06,2062,6,249.12620800056317,281.920919268243,-83.66931499125845,-323.31256757790163,0.3379382673231325,-9.190918699734342,115.21226426723494,265.2973791099498,267.9699629796378,-117.5893157180128,-313.22580703693666,-0.004244195873688736,-8.586026789214452,93.86194834955006,-16.17117110938665,13.950956288605198,33.92000072675435,-10.086760540964974,0.3421824631968212,-0.6048919105198891,21.35031591768488
INM,INM-CM5-0,r1i1p1f1,gr1,ssp370,2062-07,2062,7,208.89975599885577,297.7711157787706,-54.376121757607166,-332.06482544896676,0.6388343342093599,-7.927995423294516,112.94076348196728,217.4716641061232,283.73718239268294,-82.41688316221644,-319.7754931447574,0.6158126923815513,-7.250053789737271,92.38222909447663,-8.571908107267433,14.033933386087654,28.04076140460927,-12.289332304209381,0.023021641827808526,-0.6779416335572446,20.558534387490653
INM,INM-CM5-0,r1i1p1f1,gr1,ssp370,2062-08,2062,8,120.5804711043162,303.31284028636213,-25.5580408685256,-334.7336998996369,-1.5943697691678986,-12.537164678872589,49.47003617447531,137.99288070953398,280.3883142818284,-47.25680367253166,-317.4629669555353,-0.7458868537258483,-9.743392042762487,43.172145466807066,-17.412409605217775,22.924526004533732,21.69876280400606,-17.27073294410161,-0.8484829154420503,-2.793772636110102,6.297890707668245
INM,INM-CM5-0,r1i1p1f1,gr1,ssp370,2062-09,2062,9,57.74710931053393,287.93616267126055,-10.665977976063513,-328.91512582766,-5.579149674612595,-20.934594068925424,-20.41157556546708,64.62605857660985,256.68731236752427,-20.084262079342775,-301.6967775674771,-5.800327218478942,-17.798728504042145,-24.066724425206903,-6.878949266075921,31.248850303736276,9.418284103279262,-27.218348260182893,0.22117754386634658,-3.1358655648832787,3.6551488597398247
INM,INM-CM5-0,r1i1p1f1,gr1,ssp370,2062-10,2062,10,16.361373633198035,273.42604577758993,-2.236955315078777,-320.3696610428668,-9.234332902919,-26.070347491708493,-68.12387734178515,18.359786183230952,226.1713069815244,-4.58560456704604,-277.15181734399863,-16.27695982199056,-26.218753296679903,-79.70204186495977,-1.998412550032917,47.25473879606554,2.3486492519672635,-43.217843698868194,7.042626919071559,0.14840580497141076,11.578164523174621
INM,INM-CM5-0,r1i1p1f1,gr1,ssp370,2062-11,2062,11,3.105558307807442,249.68965921828305,-0.32034198776750367,-305.45119858447634,-23.064221681404817,-37.28799243477663,-113.32853716233481,3.373616207685165,200.78103474652093,-0.6403541251953389,-253.7584501331604,-23.21293540517074,-27.089763709299525,-100.54685241861995,-0.26805789987772277,48.908624471762124,0.3200121374278352,-51.692748451315936,0.14871372376592262,-10.198228725477108,-12.781684743714862
INM,INM-CM5-0,r1i1p1f1,gr1,ssp370,2062-12,2062,12,0.8668467391304149,229.69660894653347,-0.13381612954294314,-285.9625379619457,-27.795293118197787,-37.145455997376395,-120.47364752139896,0.964180041922923,186.64826391094516,-0.31348832760597495,-237.90125991540202,-22.242226530874166,-23.201729997866106,-96.04626081888021,-0.09733330279250807,43.04834503558831,0.1796721980630318,-48.06127804654369,-5.55306658732362,-13.943725999510288,-24.427386702518746
INM,INM-CM5-0,r1i1p1f1,gr1,ssp370,2063-01,2063,1,2.2123013140801047,212.38625287075027,-0.7984356226756686,-267.1170660679283,-23.59988443930438,-29.725362815986077,-106.64219476106406,2.4522201368629597,180.0589790644654,-1.1211335706525247,-229.76434372975177,-20.539467023086623,-20.74641542870584,-89.66016055086838,-0.23991882278285503,32.327273806284865,0.32269794797685614,-37.352722338176534,-3.0604174162177564,-8.978947387280236,-16.98203421019568
INM,INM-CM5-0,r1i1p1f1,gr1,ssp370,2063-02,2063,2,13.623238600998778,196.68280746651035,-5.905578947495479,-254.97641332109703,-24.011919379484567,-31.667738031522926,-106.25560361209088,13.598224813006102,178.40214269593704,-7.25840213575084,-227.77240753433253,-18.919405163125447,-19.26673802518699,-81.21658534945266,0.02501378799267684,18.28066477057331,1.3528231882553614,-27.204005786764498,-5.09251421635912,-12.401000006335938,-25.039018262638223
INM,INM-CM5-0,r1i1p1f1,gr1,ssp370,2063-03,2063,3,55.40794222297993,211.7918557948758,-27.66958721681898,-263.39194545428575,-15.296146955629416,-23.469676163887158,-62.627557772765535,59.638888590245294,183.0204183320094,-35.62667115946799,-235.28367474041085,-15.251576236177188,-17.38433462970656,-60.88694984350788,-4.230946367265361,28.771437462866402,7.95708394264901,-28.1082707138749,-0.04457071945222779,-6.085341534180596,-1.7406079292576564
INM,INM-CM5-0,r1i1p1f1,gr1,ssp370,2063-04,2063,4,142.73309321101547,232.89242490582782,-74.25314080973997,-285.156273981317,-7.074946353111973,-15.247385147926309,-6.10622817525196,155.3178734332641,203.4394340490368,-93.68494320584504,-261.3719090946296,-8.228404400565143,-14.007620385928949,-18.535569604667806,-12.58478022224864,29.45299085679102,19.43180239610507,-23.7843648866874,1.15345804745317,-1.2397647619973604,12.429341429415846
INM,INM-CM5-0,r1i1p1f1,gr1,ssp370,2063-05,2063,5,226.02553006696587,259.2654919341136,-99.86470755715428,-308.98932270108037,-1.974623065496111,-13.375803541831889,61.08656513551685,247.34990174106002,237.36696451407164,-132.25247010732542,-294.5808684821893,-2.49212963594814,-10.76344882197312,44.6279492076957,-21.324371674094152,21.898527420041944,32.387762550171146,-14.408454218891052,0.5175065704520292,-2.6123547198587698,16.45861592782115
INM,INM-CM5-0,r1i1p1f1,gr1,ssp370,2063-06,2063,6,239.88739746205675,288.2249324488437,-82.86170936795972,-323.7455903109678,0.28163213038101614,-8.842664884803947,112.94399747754986,265.2973791099498,267.9699629796378,-117.5893157180128,-313.22580703693666,-0.004244195873688736,-8.586026789214452,93.86194834955006,-25.409981647893062,20.25496946920589,34.72760635005308,-10.51978327403117,0.2858763262547049,-0.25663809558949424,19.082049127999795
INM,INM-CM5-0,r1i1p1f1,gr1,ssp370,2063-07,2063,7,193.72997973116944,304.41427332253267,-48.523045064398424,-332.2495029417912,-0.7834845215140329,-8.707365758410068,107.88085476758833,217.4716641061232,283.73718239268294,-82.41688316221644,-319.7754931447574,0.6158126923815513,-7.250053789737271,92.38222909447663,-23.741684374953763,20.677090929849726,33.89383809781801,-12.47400979703383,-1.3992972138955841,-1.4573119686727969,15.498625673111704
INM,INM-CM5-0,r1i1p1f1,gr1,ssp370,2063-08,2063,8,126.4070035998349,301.0948950606417,-23.351418831425864,-335.30411403505104,-1.8932189282801506,-12.586128296464665,54.36701856925491,137.99288070953398,280.3883142818284,-47.25680367253166,-317.4629669555353,-0.7458868537258483,-9.743392042762487,43.172145466807066,-11.585877109699084,20.706580778813304,23.905384841105796,-17.841147079515736,-1.1473320745543023,-2.842736253702178,11.194873102447843
INM,INM-CM5-0,r1i1p1f1,gr1,ssp370,2063-09,2063,9,56.13732481901732,288.98112259081455,-9.212321467345362,-328.8379681035877,-5.578804100874805,-22.22825079779675,-20.7388970597727,64.62605857660985,256.68731236752427,-20.084262079342775,-301.6967775674771,-5.800327218478942,-17.798728504042145,-24.066724425206903,-8.488733757592527,32.29381022329028,10.871940611997413,-27.14119053611057,0.22152311760413657,-4.429522293754605,3.327827365434203
INM,INM-CM5-0,r1i1p1f1,gr1,ssp370,2063-10,2063,10,16.414691266658696,262.909045233443,-2.2601834019599165,-316.4407928046685,-16.502284248560965,-36.55741959210381,-92.4369435471915,18.359786183230952,226.1713069815244,-4.58560456704604,-277.15181734399863,-16.27695982199056,-26.218753296679903,-79.70204186495977,-1.9450949165722555,36.737738251918614,2.325421165086124,-39.28897546066986,-0.2253244265704062,-10.33866629542391,-12.734901682231737
INM,INM-CM5-0,r1i1p1f1,gr1,ssp370,2063-11,2063,11,2.93089803301564,242.0183904521756,-0.28850698456254237,-302.29502698594126,-28.01751716671223,-43.60130624169278,-129.25306889371757,3.373616207685165,200.78103474652093,-0.6403541251953389,-253.7584501331604,-23.21293540517074,-27.089763709299525,-100.54685241861995,-0.4427181746695248,41.237355705654664,0.3518471406327965,-48.536576852780854,-4.804581761541492,-16.511542532393257,-28.70621647509762
INM,INM-CM5-0,r1i1p1f1,gr1,ssp370,2063-12,2063,12,0.827115590346369,225.14116033106956,-0.0830119677603175,-285.7069371433323,-26.047840577494146,-39.39032582455313,-125.25983959172396,0.964180041922923,186.64826391094516,-0.31348832760597495,-237.90125991540202,-22.242226530874166,-23.201729997866106,-96.04626081888021,-0.137064451576554,38.492896420124396,0.23047635984565745,-47.80567722793029,-3.8056140466199793,-16.188595826687024,-29.213578772843746
INM,INM-CM5-0,r1i1p1f1,gr1,ssp370,2064-01,2064,1,2.0796132620794814,222.98819505060092,-0.4583208955093142,-274.2015387081555,-18.041668726427922,-26.584089613468738,-94.21780963088108,2.4522201368629597,180.0589790644654,-1.1211335706525247,-229.76434372975177,-20.539467023086623,-20.74641542870584,-89.66016055086838,-0.3726068747834783,42.92921598613552,0.6628126751432105,-44.43719497840374,2.4977982966587007,-5.837674184762896,-4.557649080012695
INM,INM-CM5-0,r1i1p1f1,gr1,ssp370,2064-02,2064,2,12.414676829245865,206.58011361688088,-4.992161258010871,-260.6965653481663,-22.367435609465097,-28.651619531899506,-97.71299130141503,13.598224813006102,178.40214269593704,-7.25840213575084,-227.77240753433253,-18.919405163125447,-19.26673802518699,-81.21658534945266,-1.1835479837602367,28.177970920943835,2.2662408777399694,-32.92415781383377,-3.4480304463396507,-9.384881506712517,-16.496405951962373
INM,INM-CM5-0,r1i1p1f1,gr1,ssp370,2064-03,2064,3,56.08051321107821,201.16578218258326,-28.455341039367255,-256.69629764354954,-22.207499987148395,-28.909452355224914,-79.02229563162865,59.638888590245294,183.0204183320094,-35.62667115946799,-235.28367474041085,-15.251576236177188,-17.38433462970656,-60.88694984350788,-3.5583753791670816,18.145363850573858,7.171330120100734,-21.412622903138697,-6.955923750971207,-11.525117725518353,-18.135345788120773
INM,INM-CM5-0,r1i1p1f1,gr1,ssp370,2064-04,2064,4,147.06566899236907,224.39823752786532,-76.84736931487372,-281.41291590013805,-9.701644063135333,-20.404528237447465,-16.902550995360187,155.3178734332641,203.4394340490368,-93.68494320584504,-261.3719090946296,-8.228404400565143,-14.007620385928949,-18.535569604667806,-8.252204440895042,20.958803478828514,16.837573890971328,-20.04100680550846,-1.4732396625701902,-6.396907851518517,1.6330186093076193
INM,INM-CM5-0,r1i1p1f1,gr1,ssp370,2064-05,2064,5,226.2238978142102,258.3126610644592,-102.36064387065066,-308.27302358378176,-2.6700008573423304,-12.622599009803203,58.61029155709141,247.34990174106002,237.36696451407164,-132.25247010732542,-294.5808684821893,-2.49212963594814,-10.76344882197312,44.6279492076957,-21.12600392684982,20.945696550387538,29.89182623667476,-13.692155101592448,-0.1778712213941902,-1.8591501878300836,13.982342349395708
INM,INM-CM5-0,r1i1p1f1,gr1,ssp370,2064-06,2064,6,244.50106165461668,286.60168907790364,-88.33836198936243,-323.5645063032254,0.36999537258812026,-8.440467901612216,111.12940991090844,265.2973791099498,267.9699629796378,-117.5893157180128,-313.22580703693666,-0.004244195873688736,-8.586026789214452,93.86194834955006,-20.79631745533314,18.631726098265858,29.250953728650373,-10.338699266288756,0.374239568461809,0.14555888760223645,17.267461561358374
INM,INM-CM5-0,r1i1p1f1,gr1,ssp370,2064-07,2064,7,210.67191520057872,297.73261067561396,-55.242721377411,-332.70411990760897,0.7024854131175526,-8.789037606519866,112.37113239777041,217.4716641061232,283.73718239268294,-82.41688316221644,-319.7754931447574,0.6158126923815513,-7.250053789737271,92.38222909447663,-6.799748905544476,13.995428282931016,27.174161784805435,-12.928626762851593,0.0866727207360013,-1.5389838167825944,19.98890330329378
INM,INM-CM5-0,r1i1p1f1,gr1,ssp370,2064-08,2064,8,124.61629447881154,302.8713515338191,-27.087646105629094,-334.5901800169069,0.024687499454500217,-10.940531004966555,54.89397638458256,137.99288070953398,280.3883142818284,-47.25680367253166,-317.4629669555353,-0.7458868537258483,-9.743392042762487,43.172145466807066,-13.376586230722438,22.48303725199071,20.169157566902566,-17.127213061371606,0.7705743531803485,-1.1971389622040682,11.721830917775492
INM,INM-CM5-0,r1i1p1f1,gr1,ssp370,2064-09,2064,9,55.42771780300863,287.2763880447947,-10.587924343987197,-326.43201549117424,-5.419942052500413,-21.25940083508896,-20.99517687494745,64.62605857660985,256.68731236752427,-20.084262079342775,-301.6967775674771,-5.800327218478942,-17.798728504042145,-24.066724425206903,-9.198340773601217,30.589075677270444,9.496337735355578,-24.735237923697127,0.3803851659785291,-3.4606723310468155,3.071547550259453
INM,INM-CM5-0,r1i1p1f1,gr1,ssp370,2064-10,2064,10,16.516878088863578,263.5628669804104,-2.2908885661382232,-312.6790774969122,-12.45285504113535,-29.256279828746333,-76.59935586365818,18.359786183230952,226.1713069815244,-4.58560456704604,-277.15181734399863,-16.27695982199056,-26.218753296679903,-79.70204186495977,-1.842908094367374,37.39155999888598,2.294716000907817,-35.527260152913584,3.824104780855208,-3.0375265320664298,3.102686001301592
INM,INM-CM5-0,r1i1p1f1,gr1,ssp370,2064-11,2064,11,2.8625920635350273,241.8337229608514,-0.2766659041048491,-296.0687359273749,-24.596717377160196,-35.1779598051276,-111.42376398938113,3.373616207685165,200.78103474652093,-0.6403541251953389,-253.7584501331604,-23.21293540517074,-27.089763709299525,-100.54685241861995,-0.5110241441501375,41.05268821433046,0.36368822109048976,-42.31028579421451,-1.3837819719894568,-8.088196095828074,-10.87691157076118
INM,INM-CM5-0,r1i1p1f1,gr1,ssp370,2064-12,2064,12,0.7867755770108542,228.07931801533226,-0.09375003298693098,-279.16901781070885,-15.601119774123756,-25.74124543243015,-91.73903945790657,0.964180041922923,186.64826391094516,-0.31348832760597495,-237.90125991540202,-22.242226530874166,-23.201729997866106,-96.04626081888021,-0.17740446491206874,41.4310541043871,0.21973829461904398,-41.26775789530683,6.6411067567504105,-2.539515434564045,4.307221360973642
INM,INM-CM5-0,r1i1p1f1,gr1,ssp370,2065-01,2065,1,2.351237279867239,201.4287817811458,-0.6159897865321348,-257.7898354579597,-26.112954282723983,-32.03578909840914,-112.77454956461196,2.4522201368629597,180.0589790644654,-1.1211335706525247,-229.76434372975177,-20.539467023086623,-20.74641542870584,-89.66016055086838,-0.10098285699572074,21.369802716680397,0.50514378412039,-28.025491728207953,-5.573487259637361,-11.289373669703298,-23.114389013743576
INM,INM-CM5-0,r1i1p1f1,gr1,ssp370,2065-02,2065,2,12.284526175640877,199.12810254549123,-5.302359764415449,-251.31669845586572,-23.691521408417323,-29.279193115023684,-98.17714402259007,13.598224813006102,178.40214269593704,-7.25840213575084,-227.77240753433253,-18.919405163125447,-19.26673802518699,-81.21658534945266,-1.3136986373652242,20.725959849554187,1.956042371335391,-23.54429092153319,-4.772116245291876,-10.012455089836696,-16.960558673137413
INM,INM-CM5-0,r1i1p1f1,gr1,ssp370,2065-03,2065,3,53.58466337316083,210.09634297379014,-27.74369125063547,-260.56795711090655,-16.328330934156952,-22.652350457880377,-63.611323406628344,59.638888590245294,183.0204183320094,-35.62667115946799,-235.28367474041085,-15.251576236177188,-17.38433462970656,-60.88694984350788,-6.054225217084465,27.075924641780745,7.882979908832517,-25.284282370495703,-1.076754697979764,-5.268015828173816,-2.7243735631204657
INM,INM-CM5-0,r1i1p1f1,gr1,ssp370,2065-04,2065,4,142.01436086073073,227.34949445588978,-76.99509033969893,-279.4898536587447,-5.790255272745594,-15.435710554051177,-8.347054508619923,155.3178734332641,203.4394340490368,-93.68494320584504,-261.3719090946296,-8.228404400565143,-14.007620385928949,-18.535569604667806,-13.303512572533378,23.910060406852978,16.68985286614611,-18.117944564115135,2.438149127819549,-1.4280901681222282,10.188515096047883
INM,INM-CM5-0,r1i1p1f1,gr1,ssp370,2065-05,2065,5,229.50853283697197,257.2594287796143,-105.56654654411898,-308.55066553401167,-3.7694180651475784,-15.097719251284163,53.783612222023876,247.34990174106002,237.36696451407164,-132.25247010732542,-294.5808684821893,-2.49212963594814,-10.76344882197312,44.6279492076957,-17.841368904088057,19.892464265542685,26.685923563206444,-13.969797051822354,-1.2772884291994382,-4.334270429311044,9.155663014328177
INM,INM-CM5-0,r1i1p1f1,gr1,ssp370,2065-06,2065,6,253.87903814627177,282.3406266265472,-95.89345835441023,-322.55886303895136,0.7842782081975811,-8.083631290623716,110.46799029703129,265.2973791099498,267.9699629796378,-117.5893157180128,-313.22580703693666,-0.004244195873688736,-8.586026789214452,93.86194834955006,-11.418340963678048,14.370663646909406,21.69585736360257,-9.3330560020147,0.7885224040712698,0.5023954985907366,16.60604194748123
INM,INM-CM5-0,r1i1p1f1,gr1,ssp370,2065-07,2065,7,205.95515057135125,298.76729554369666,-64.33666344857879,-329.6812850497165,0.7744609075713268,-6.969092780669139,104.50986574365476,217.4716641061232,283.73718239268294,-82.41688316221644,-319.7754931447574,0.6158126923815513,-7.250053789737271,92.38222909447663,-11.516513534771946,15.030113151013722,18.080219713637646,-9.90579190495913,0.15864821518977545,0.2809610090681325,12.127636649178129
INM,INM-CM5-0,r1i1p1f1,gr1,ssp370,2065-08,2065,8,121.95650628910836,303.7879939300907,-30.169244825477243,-332.5703817430424,-0.5765135695791076,-10.209472045484885,52.218888035615436,137.99288070953398,280.3883142818284,-47.25680367253166,-317.4629669555353,-0.7458868537258483,-9.743392042762487,43.172145466807066,-16.036374420425616,23.399679648262293,17.087558847054417,-15.107414787507082,0.1693732841467407,-0.46608000272239813,9.04674256880837
INM,INM-CM5-0,r1i1p1f1,gr1,ssp370,2065-09,2065,9,56.7264010797385,282.1050662564507,-12.078287167242799,-322.29561279336855,-5.00925768324888,-19.790548869703287,-20.342239177374356,64.62605857660985,256.68731236752427,-20.084262079342775,-301.6967775674771,-5.800327218478942,-17.798728504042145,-24.066724425206903,-7.899657496871349,25.417753888926427,8.005974912099976,-20.598835225891435,0.7910695352300614,-1.991820365661141,3.724485247832547
INM,INM-CM5-0,r1i1p1f1,gr1,ssp370,2065-10,2065,10,16.64838090385874,255.74257930635062,-2.418850517307444,-308.2289095061742,-17.554264928807196,-34.39374276720373,-90.2048075092832,18.359786183230952,226.1713069815244,-4.58560456704604,-277.15181734399863,-16.27695982199056,-26.218753296679903,-79.70204186495977,-1.7114052793722117,29.571272324826225,2.1667540497385964,-31.077092162175575,-1.2773051068166374,-8.17498947052383,-10.502765644323432
INM,INM-CM5-0,r1i1p1f1,gr1,ssp370,2065-11,2065,11,2.9777817082375364,226.88040334987167,-0.3024770788298281,-283.31560293191603,-26.041498322465575,-34.24032791681877,-114.04172119192101,3.373616207685165,200.78103474652093,-0.6403541251953389,-253.7584501331604,-23.21293540517074,-27.089763709299525,-100.54685241861995,-0.3958344994476284,26.09936860335074,0.33787704636551075,-29.557152798755624,-2.8285629172948354,-7.1505642075192455,-13.494868773301064
INM,INM-CM5-0,r1i1p1f1,gr1,ssp370,2065-12,2065,12,0.8888767847468567,212.2596366875746,-0.10378168700398324,-268.7700237976069,-27.30250547833931,-37.395775129890964,-120.42357262051968,0.964180041922923,186.64826391094516,-0.31348832760597495,-237.90125991540202,-22.242226530874166,-23.201729997866106,-96.04626081888021,-0.07530325717606623,25.61137277662945,0.2097066406019917,-30.86876388220486,-5.060278947465143,-14.194045132024858,-24.377311801639465
INM,INM-CM5-0,r1i1p1f1,gr1,ssp370,2066-01,2066,1,2.148370745328376,204.1603136228333,-0.5812271714062929,-253.67322538888956,-25.188515155755432,-29.20593720600058,-102.34022055389016,2.4522201368629597,180.0589790644654,-1.1211335706525247,-229.76434372975177,-20.539467023086623,-20.74641542870584,-89.66016055086838,-0.3038493915345839,24.10133455836791,0.5399063992462318,-23.90888165913779,-4.64904813266881,-8.45952177729474,-12.68006000302178
INM,INM-CM5-0,r1i1p1f1,gr1,ssp370,2066-02,2066,2,12.598511674945472,193.86973614043683,-5.539519041707293,-243.99387974493845,-22.75857628014289,-26.021062130978162,-91.84478938238448,13.598224813006102,178.40214269593704,-7.25840213575084,-227.77240753433253,-18.919405163125447,-19.26673802518699,-81.21658534945266,-0.9997131380606294,15.467593444499784,1.718883094043547,-16.221472210605924,-3.839171117017443,-6.754324105791174,-10.62820403293182
INM,INM-CM5-0,r1i1p1f1,gr1,ssp370,2066-03,2066,3,57.01285016406141,198.42899412859848,-30.21066550847182,-250.8447562140466,-22.04352565858071,-27.22697509494222,-74.88407818338149,59.638888590245294,183.0204183320094,-35.62667115946799,-235.28367474041085,-15.251576236177188,-17.38433462970656,-60.88694984350788,-2.6260384261838823,15.408575796589076,5.416005650996169,-15.561081473635767,-6.791949422403521,-9.842640465235657,-13.997128339873612
INM,INM-CM5-0,r1i1p1f1,gr1,ssp370,2066-04,2066,4,147.20597936190975,221.27986137796967,-80.2406989117754,-275.8345838073671,-6.696158747702777,-16.694041232960867,-10.979641959926672,155.3178734332641,203.4394340490368,-93.68494320584504,-261.3719090946296,-8.228404400565143,-14.007620385928949,-18.535569604667806,-8.111894071354357,17.84042732893286,13.444244294069648,-14.46267471273751,1.5322456528623665,-2.6864208470319184,7.555927644741134
INM,INM-CM5-0,r1i1p1f1,gr1,ssp370,2066-05,2066,5,223.17722880075354,260.85047888841876,-102.99662526586292,-307.88297168689985,-1.0404116344334458,-10.88501584217256,61.22268325980353,247.34990174106002,237.36696451407164,-132.25247010732542,-294.5808684821893,-2.49212963594814,-10.76344882197312,44.6279492076957,-24.172672940306484,23.483514374347124,29.255844841462505,-13.302103204710534,1.4517180015146944,-0.12156702019944099,16.59473405210783
INM,INM-CM5-0,r1i1p1f1,gr1,ssp370,2066-06,2066,6,239.31092342340796,286.78306042864796,-91.61944053715064,-322.01188180154946,0.10419385266468971,-9.004764503598281,103.5620908624222,265.2973791099498,267.9699629796378,-117.5893157180128,-313.22580703693666,-0.004244195873688736,-8.586026789214452,93.86194834955006,-25.98645568654186,18.813097449010172,25.96987518086216,-8.786074764612806,0.10843804853837845,-0.4187377143838287,9.700142512872134
INM,INM-CM5-0,r1i1p1f1,gr1,ssp370,2066-07,2066,7,210.70442152263666,296.7666955845858,-63.254569497143265,-329.00714413936134,1.3730979408350115,-5.6678473366582365,110.91465407489463,217.4716641061232,283.73718239268294,-82.41688316221644,-319.7754931447574,0.6158126923815513,-7.250053789737271,92.38222909447663,-6.767242583486535,13.029513191902879,19.16231366507317,-9.231650994603967,0.7572852484534601,1.582206453079035,18.532424980418
INM,INM-CM5-0,r1i1p1f1,gr1,ssp370,2066-08,2066,8,126.39585330570219,299.9433906991757,-30.879970422148848,-331.6814285972873,0.3790610805529045,-9.839616354681867,54.31728971131277,137.99288070953398,280.3883142818284,-47.25680367253166,-317.4629669555353,-0.7458868537258483,-9.743392042762487,43.172145466807066,-11.597027403831788,19.555076417347323,16.376833250382813,-14.218461641752015,1.1249479342787527,-0.09622431191938041,11.145144244505701
INM,INM-CM5-0,r1i1p1f1,gr1,ssp370,2066-09,2066,9,57.56999655338973,281.4919603647493,-11.68953434648939,-323.3319157579274,-7.23715751647129,-23.710948545903452,-26.90759924865251,64.62605857660985,256.68731236752427,-20.084262079342775,-301.6967775674771,-5.800327218478942,-17.798728504042145,-24.066724425206903,-7.056062023220122,24.804647997225004,8.394727732853385,-21.635138190450277,-1.4368302979923477,-5.912220041861307,-2.8408748234456063
INM,INM-CM5-0,r1i1p1f1,gr1,ssp370,2066-10,2066,10,16.791841928302844,251.1849708325899,-2.478681413418062,-304.4713021607134,-17.01683463661791,-35.11167761414982,-91.10168306400644,18.359786183230952,226.1713069815244,-4.58560456704604,-277.15181734399863,-16.27695982199056,-26.218753296679903,-79.70204186495977,-1.5679442549281077,25.013663851065502,2.1069231536279784,-27.31948481671475,-0.7398748146273526,-8.892924317469916,-11.39964119904667
INM,INM-CM5-0,r1i1p1f1,gr1,ssp370,2066-11,2066,11,3.0285452566865483,224.22761298361664,-0.30106317195620474,-283.27915201231286,-29.989661780110477,-41.738584949993204,-128.05230367406955,3.373616207685165,200.78103474652093,-0.6403541251953389,-253.7584501331604,-23.21293540517074,-27.089763709299525,-100.54685241861995,-0.3450709509986165,23.446578237095707,0.3392909532391341,-29.520701879152455,-6.776726374939738,-14.648821240693678,-27.5054512554496
INM,INM-CM5-0,r1i1p1f1,gr1,ssp370,2066-12,2066,12,0.8472004428064529,210.7117486150164,-0.12194963669370967,-264.5662638881809,-30.274516847638765,-36.247347844397325,-119.65112915908786,0.964180041922923,186.64826391094516,-0.31348832760597495,-237.90125991540202,-22.242226530874166,-23.201729997866106,-96.04626081888021,-0.11697959911647005,24.063484704071243,0.19153869091226527,-26.66500397277889,-8.032290316764598,-13.045617846531218,-23.604868340207645
INM,INM-CM5-0,r1i1p1f1,gr1,ssp370,2067-01,2067,1,2.272782632254791,207.44185043445873,-0.7721031354086683,-258.332772920819,-20.835870864750174,-29.81893565257225,-100.04504950683658,2.4522201368629597,180.0589790644654,-1.1211335706525247,-229.76434372975177,-20.539467023086623,-20.74641542870584,-89.66016055086838,-0.17943750460816865,27.382871369993325,0.34903043524385646,-28.568429191067253,-0.29640384166355105,-9.072520223866409,-10.384888955968194
INM,INM-CM5-0,r1i1p1f1,gr1,ssp370,2067-02,2067,2,12.40723589033518,205.3999012812104,-5.512176277401644,-254.88994530631592,-23.465981572732197,-31.081644903868778,-97.14261088877296,13.598224813006102,178.40214269593704,-7.25840213575084,-227.77240753433253,-18.919405163125447,-19.26673802518699,-81.21658534945266,-1.1909889226709218,26.997758585273345,1.746225858349196,-27.117537771983393,-4.54657640960675,-11.81490687868179,-15.926025539320307
INM,INM-CM5-0,r1i1p1f1,gr1,ssp370,2067-03,2067,3,56.380987587317136,209.9027903332545,-29.40037251662036,-261.30687505760017,-11.17823239307878,-20.65419222926742,-56.255894275995075,59.638888590245294,183.0204183320094,-35.62667115946799,-235.28367474041085,-15.251576236177188,-17.38433462970656,-60.88694984350788,-3.2579010029281577,26.882372001245102,6.2262986428476275,-26.02320031718932,4.073343843098408,-3.269857599560858,4.631055567512803
INM,INM-CM5-0,r1i1p1f1,gr1,ssp370,2067-04,2067,4,146.83092161958714,224.8798892093417,-76.80945281921323,-280.0075397567738,-9.198173055173642,-19.125542356964125,-13.429897159195912,155.3178734332641,203.4394340490368,-93.68494320584504,-261.3719090946296,-8.228404400565143,-14.007620385928949,-18.535569604667806,-8.486951813676967,21.440455160304907,16.87549038663181,-18.635630662144195,-0.9697686546084991,-5.117921971035177,5.105672445471894
INM,INM-CM5-0,r1i1p1f1,gr1,ssp370,2067-05,2067,5,228.63396997637145,259.6037560189343,-102.81734038502925,-309.0808079715661,-1.2829393925588821,-10.95442970007946,64.102208546072,247.34990174106002,237.36696451407164,-132.25247010732542,-294.5808684821893,-2.49212963594814,-10.76344882197312,44.6279492076957,-18.715931764688577,22.23679150486265,29.435129722296168,-14.4999394893768,1.209190243389258,-0.19098087810634112,19.474259338376307
INM,INM-CM5-0,r1i1p1f1,gr1,ssp370,2067-06,2067,6,250.26650291687352,284.6960489987144,-92.58561731260752,-322.8609671502532,-0.8582913888531829,-11.012258417707478,107.64541764616658,265.2973791099498,267.9699629796378,-117.5893157180128,-313.22580703693666,-0.004244195873688736,-8.586026789214452,93.86194834955006,-15.030876193076296,16.726086019076604,25.003698405405274,-9.635160113316545,-0.8540471929794942,-2.426231628493026,13.783469296616516
INM,INM-CM5-0,r1i1p1f1,gr1,ssp370,2067-07,2067,7,201.9064687146361,301.07379210717784,-58.57315371385535,-330.7500871742995,0.4287147735185035,-8.195533381876501,105.89020132530112,217.4716641061232,283.73718239268294,-82.41688316221644,-319.7754931447574,0.6158126923815513,-7.250053789737271,92.38222909447663,-15.565195391487094,17.336609714494898,23.84372944836109,-10.974594029542118,-0.18709791886304783,-0.9454795921392298,13.507972230824492
INM,INM-CM5-0,r1i1p1f1,gr1,ssp370,2067-08,2067,8,125.39277161165559,298.9970742120808,-30.72148365258589,-331.5732765463541,-0.8026810900079263,-11.745032904618418,49.547371630170005,137.99288070953398,280.3883142818284,-47.25680367253166,-317.4629669555353,-0.7458868537258483,-9.743392042762487,43.172145466807066,-12.600109097878388,18.608759930252404,16.53532001994577,-14.110309590818815,-0.056794236282078026,-2.0016408618559307,6.375226163362939
INM,INM-CM5-0,r1i1p1f1,gr1,ssp370,2067-09,2067,9,56.52348343926333,287.1670131166886,-12.261799205334034,-323.7528599755243,-4.298693493440831,-19.4649450632861,-16.087801181633353,64.62605857660985,256.68731236752427,-20.084262079342775,-301.6967775674771,-5.800327218478942,-17.798728504042145,-24.066724425206903,-8.10257513734652,30.47970074916435,7.822462874008741,-22.05608240804719,1.5016337250381104,-1.6662165592439528,7.978923243573551
INM,INM-CM5-0,r1i1p1f1,gr1,ssp370,2067-10,2067,10,15.947338657141199,262.35265407417336,-2.1706360538672356,-310.09213488727295,-13.296071385232281,-30.684576062973004,-77.9434256580309,18.359786183230952,226.1713069815244,-4.58560456704604,-277.15181734399863,-16.27695982199056,-26.218753296679903,-79.70204186495977,-2.4124475260897533,36.18134709264896,2.414968513178805,-32.94031754327432,2.9808884367582777,-4.465822766293101,1.7586162069288633
INM,INM-CM5-0,r1i1p1f1,gr1,ssp370,2067-11,2067,11,3.0558852438493718,245.25906188504052,-0.30641265111349253,-295.81556263820846,-21.510851024204875,-37.08875946001993,-106.40663864465688,3.373616207685165,200.78103474652093,-0.6403541251953389,-253.7584501331604,-23.21293540517074,-27.089763709299525,-100.54685241861995,-0.317730963835793,44.47802713851959,0.3339414740818463,-42.05711250504805,1.7020843809658643,-9.998995750720404,-5.859786226036931
INM,INM-CM5-0,r1i1p1f1,gr1,ssp370,2067-12,2067,12,0.8872955611023642,219.9693513862649,-0.12032083063912397,-274.9737394506918,-29.884037957789467,-39.97142663631376,-124.09287792806691,0.964180041922923,186.64826391094516,-0.31348832760597495,-237.90125991540202,-22.242226530874166,-23.201729997866106,-96.04626081888021,-0.07688448082055876,33.32108747531973,0.19316749696685098,-37.0724795352898,-7.6418114269153,-16.769696638447652,-28.0466171091867
INM,INM-CM5-0,r1i1p1f1,gr1,ssp370,2068-01,2068,1,2.3057706093314545,215.19670107160508,-0.8096663551423801,-262.4091997648557,-22.38669489514545,-29.960208114807376,-98.06329744901439,2.4522201368629597,180.0589790644654,-1.1211335706525247,-229.76434372975177,-20.539467023086623,-20.74641542870584,-89.66016055086838,-0.1464495275315052,35.13772200713967,0.31146721551014467,-32.64485603510394,-1.847227872058827,-9.213792686101534,-8.403136898146002
INM,INM-CM5-0,r1i1p1f1,gr1,ssp370,2068-02,2068,2,12.24847375120938,213.07687884324764,-5.792755747482335,-261.6235703920605,-19.16975035190868,-27.16593359230236,-88.42665748929687,13.598224813006102,178.40214269593704,-7.25840213575084,-227.77240753433253,-18.919405163125447,-19.26673802518699,-81.21658534945266,-1.3497510617967219,34.6747361473106,1.465646388268505,-33.851162857727985,-0.250345188783232,-7.89919556711537,-7.210072139844215
INM,INM-CM5-0,r1i1p1f1,gr1,ssp370,2068-03,2068,3,56.76322835228871,210.43813677361337,-29.107152664404364,-264.1173607294242,-17.149585873287265,-26.791982571198805,-69.96471671241254,59.638888590245294,183.0204183320094,-35.62667115946799,-235.28367474041085,-15.251576236177188,-17.38433462970656,-60.88694984350788,-2.8756602379565805,27.417718441603967,6.519518495063625,-28.83368598901336,-1.8980096371100768,-9.407647941492243,-9.07776686890466
INM,INM-CM5-0,r1i1p1f1,gr1,ssp370,2068-04,2068,4,145.5679540199132,227.47811426468633,-76.43704966463113,-282.0153977665656,-7.197580693165264,-16.826476814544645,-9.430436654307112,155.3178734332641,203.4394340490368,-93.68494320584504,-261.3719090946296,-8.228404400565143,-14.007620385928949,-18.535569604667806,-9.74991941335091,24.03868021564952,17.247893541213912,-20.64348867193604,1.030823707399879,-2.818856428615696,9.105132950360694
INM,INM-CM5-0,r1i1p1f1,gr1,ssp370,2068-05,2068,5,229.34180893358467,257.8905442575994,-101.93211589110238,-308.6840794376316,-1.6707141581263945,-11.459378089443588,63.48606561488006,247.34990174106002,237.36696451407164,-132.25247010732542,-294.5808684821893,-2.49212963594814,-10.76344882197312,44.6279492076957,-18.00809280747535,20.523579743527762,30.320354216223038,-14.103210955442307,0.8214154778217457,-0.6959292674704685,18.85811640718436
INM,INM-CM5-0,r1i1p1f1,gr1,ssp370,2068-06,2068,6,239.3436404031483,287.7021622665503,-80.68143794184027,-324.14028032108905,1.45452326291468,-7.291281739232982,116.38732593045093,265.2973791099498,267.9699629796378,-117.5893157180128,-313.22580703693666,-0.004244195873688736,-8.586026789214452,93.86194834955006,-25.953738706801516,19.732199286912532,36.907877776172526,-10.914473284152393,1.4587674587883688,1.2947450499814703,22.525377580900866
INM,INM-CM5-0,r1i1p1f1,gr1,ssp370,2068-07,2068,7,213.1469531650571,298.1169600506669,-60.62772658443785,-331.57553963318105,0.9366884314748585,-6.91932215801856,113.07801327156139,217.4716641061232,283.73718239268294,-82.41688316221644,-319.7754931447574,0.6158126923815513,-7.250053789737271,92.38222909447663,-4.324710941066087,14.379777657983936,21.789156577778584,-11.800046488423675,0.32087573909330713,0.3307316317187112,20.69578417708476
INM,INM-CM5-0,r1i1p1f1,gr1,ssp370,2068-08,2068,8,126.24932001020883,300.46936058368783,-30.213077527648114,-332.99999593374855,-1.1279410472383566,-12.582739299592228,49.79492678566943,137.99288070953398,280.3883142818284,-47.25680367253166,-317.4629669555353,-0.7458868537258483,-9.743392042762487,43.172145466807066,-11.743560699325144,20.08104630185943,17.043726144883546,-15.537028978213243,-0.38205419351250836,-2.8393472568297415,6.622781318862366
INM,INM-CM5-0,r1i1p1f1,gr1,ssp370,2068-09,2068,9,54.97018465368709,289.47646333611067,-10.80882376571725,-327.1340033478932,-4.632149764170014,-20.094526843338596,-18.22285573132129,64.62605857660985,256.68731236752427,-20.084262079342775,-301.6967775674771,-5.800327218478942,-17.798728504042145,-24.066724425206903,-9.655873922922758,32.7891509685864,9.275438313625525,-25.4372257804161,1.1681774543089283,-2.29579833929645,5.843868693885614
INM,INM-CM5-0,r1i1p1f1,gr1,ssp370,2068-10,2068,10,16.257165740735985,261.38311937426204,-2.436293294174506,-311.1908313209819,-15.333451549994331,-33.58104843858024,-84.9013394887329,18.359786183230952,226.1713069815244,-4.58560456704604,-277.15181734399863,-16.27695982199056,-26.218753296679903,-79.70204186495977,-2.102620442494967,35.21181239273764,2.1493112728715342,-34.039013976983256,0.9435082719962278,-7.362295141900336,-5.199297623773134
INM,INM-CM5-0,r1i1p1f1,gr1,ssp370,2068-11,2068,11,2.989974210843073,245.47815058913523,-0.3097068930535549,-296.20914229718096,-18.648707798269992,-32.79725135855306,-99.49668354707927,3.373616207685165,200.78103474652093,-0.6403541251953389,-253.7584501331604,-23.21293540517074,-27.089763709299525,-100.54685241861995,-0.3836419968420919,44.697115842614295,0.33064723214178393,-42.45069216402055,4.564227606900747,-5.707487649253537,1.0501688715406772
INM,INM-CM5-0,r1i1p1f1,gr1,ssp370,2068-12,2068,12,0.8450967968622882,226.80175553884462,-0.11986895966989371,-280.47279187621604,-27.496910541317224,-37.43511961122341,-117.87783865271966,0.964180041922923,186.64826391094516,-0.31348832760597495,-237.90125991540202,-22.242226530874166,-23.201729997866106,-96.04626081888021,-0.11908324506063472,40.153491627899456,0.19361936793608125,-42.57153196081401,-5.254684010443057,-14.233389613357307,-21.831577833839447
INM,INM-CM5-0,r1i1p1f1,gr1,ssp370,2069-01,2069,1,2.2347392564777304,214.39179929104085,-0.771747737653469,-266.3080599720829,-23.360070309295367,-30.11441910199694,-103.9277585735101,2.4522201368629597,180.0589790644654,-1.1211335706525247,-229.76434372975177,-20.539467023086623,-20.74641542870584,-89.66016055086838,-0.21748088038522928,34.33282022657545,0.3493858329990557,-36.54371624233113,-2.820603286208744,-9.3680036732911,-14.267598022641721
INM,INM-CM5-0,r1i1p1f1,gr1,ssp370,2069-02,2069,2,12.495719323738765,207.87082501362534,-5.755894552364395,-259.2686535036049,-23.339508023670408,-29.61856567976545,-97.61607742204107,13.598224813006102,178.40214269593704,-7.25840213575084,-227.77240753433253,-18.919405163125447,-19.26673802518699,-81.21658534945266,-1.1025054892673367,29.46868231768829,1.5025075833864454,-31.496245969272394,-4.4201028605449615,-10.35182765457846,-16.399492072588416
INM,INM-CM5-0,r1i1p1f1,gr1,ssp370,2069-03,2069,3,55.71369652971691,211.89528762915035,-28.67185619031,-263.5215975305064,-14.994771440131112,-23.52516086490398,-63.104401866984254,59.638888590245294,183.0204183320094,-35.62667115946799,-235.28367474041085,-15.251576236177188,-17.38433462970656,-60.88694984350788,-3.9251920605283814,28.874869297140947,6.95481496915799,-28.23792279009558,0.256804796046076,-6.140826235197419,-2.217452023476376
INM,INM-CM5-0,r1i1p1f1,gr1,ssp370,2069-04,2069,4,147.39639134861068,230.30435700149832,-72.1572188208763,-286.95084033340027,-10.980348980382631,-21.56969123222144,-13.957351016771609,155.3178734332641,203.4394340490368,-93.68494320584504,-261.3719090946296,-8.228404400565143,-14.007620385928949,-18.535569604667806,-7.921482084653434,26.864922952461512,21.52772438496875,-25.57893123877068,-2.751944579817488,-7.562070846292492,4.578218587896197
INM,INM-CM5-0,r1i1p1f1,gr1,ssp370,2069-05,2069,5,224.97955231896057,260.3412034813735,-97.99442490943272,-309.45602766475326,-2.0796065780382436,-12.68854845716208,63.10214819094774,247.34990174106002,237.36696451407164,-132.25247010732542,-294.5808684821893,-2.49212963594814,-10.76344882197312,44.6279492076957,-22.37034942209945,22.974238967301858,34.2580451978927,-14.875159182563948,0.41252305790989663,-1.9250996351889604,18.474198983252037
INM,INM-CM5-0,r1i1p1f1,gr1,ssp370,2069-06,2069,6,244.01480431337873,285.6564045533371,-85.48409096321521,-323.6046110839826,-0.04626504731929831,-9.812200088564046,110.72404168363468,265.2973791099498,267.9699629796378,-117.5893157180128,-313.22580703693666,-0.004244195873688736,-8.586026789214452,93.86194834955006,-21.282574796571083,17.686441573699312,32.10522475479759,-10.378804047045946,-0.04202085144560957,-1.2261732993495933,16.86209333408462
INM,INM-CM5-0,r1i1p1f1,gr1,ssp370,2069-07,2069,7,206.7918898911931,299.4822630409189,-56.079141084673296,-331.4309987325882,1.4044987155744262,-7.149675077197734,113.01883675322715,217.4716641061232,283.73718239268294,-82.41688316221644,-319.7754931447574,0.6158126923815513,-7.250053789737271,92.38222909447663,-10.679774214930092,15.745080648235955,26.33774207754314,-11.655505587830817,0.7886860231928748,0.10037871253953767,20.63660765875052
INM,INM-CM5-0,r1i1p1f1,gr1,ssp370,2069-08,2069,8,121.1971356914125,305.7515762225237,-25.6286428550381,-335.2362039560349,-0.11240037491911642,-9.71083089563007,56.260633832313985,137.99288070953398,280.3883142818284,-47.25680367253166,-317.4629669555353,-0.7458868537258483,-9.743392042762487,43.172145466807066,-16.79574501812148,25.36326194069528,21.628160817493562,-17.77323700049959,0.6334864788067318,0.032561147132417645,13.088488365506919
INM,INM-CM5-0,r1i1p1f1,gr1,ssp370,2069-09,2069,9,55.95907464243657,290.12700821136684,-10.086948037345215,-328.48826774867894,-4.215235229678143,-19.96064614676414,-16.665014308663025,64.62605857660985,256.68731236752427,-20.084262079342775,-301.6967775674771,-5.800327218478942,-17.798728504042145,-24.066724425206903,-8.666983934173281,33.43969584384257,9.99731404199756,-26.791490181201823,1.5850919888007988,-2.1619176427219955,7.401710116543878
INM,INM-CM5-0,r1i1p1f1,gr1,ssp370,2069-10,2069,10,16.523659836928854,262.7421888381673,-2.1422207776720663,-314.9969964165111,-16.365540881582465,-35.84364114581652,-90.082550546486,18.359786183230952,226.1713069815244,-4.58560456704604,-277.15181734399863,-16.27695982199056,-26.218753296679903,-79.70204186495977,-1.8361263463020983,36.5708818566429,2.443383789373974,-37.84517907251245,-0.0885810595919061,-9.624887849136616,-10.380508681526237
INM,INM-CM5-0,r1i1p1f1,gr1,ssp370,2069-11,2069,11,3.0899719266952683,241.26507621774306,-0.3045589372040081,-299.34611688145924,-25.46675084682556,-41.088774788397785,-121.85115330944828,3.373616207685165,200.78103474652093,-0.6403541251953389,-253.7584501331604,-23.21293540517074,-27.089763709299525,-100.54685241861995,-0.28364428098989647,40.48404147122213,0.33579518799133073,-45.58766674829883,-2.253815441654819,-13.99901107909826,-21.30430089082833
INM,INM-CM5-0,r1i1p1f1,gr1,ssp370,2069-12,2069,12,0.8358959493612327,223.1311414507604,-0.10375470691139647,-279.65672835036577,-24.75181256143274,-32.359211519628026,-112.9044697382163,0.964180041922923,186.64826391094516,-0.31348832760597495,-237.90125991540202,-22.242226530874166,-23.201729997866106,-96.04626081888021,-0.12828409256169027,36.482877539815235,0.20973362069457846,-41.755468434963745,-2.509586030558573,-9.15748152176192,-16.858208919336093
INM,INM-CM5-0,r1i1p1f1,gr1,ssp370,2070-01,2070,1,2.2128401963574658,214.15323011805387,-0.7624317549142738,-263.8870684055945,-19.11973191355587,-24.340367542402213,-91.74352930205552,2.4522201368629597,180.0589790644654,-1.1211335706525247,-229.76434372975177,-20.539467023086623,-20.74641542870584,-89.66016055086838,-0.23937994050549394,34.094251053588465,0.3587018157382509,-34.12272467584273,1.4197351095307518,-3.5939521136963712,-2.0833687511871375
INM,INM-CM5-0,r1i1p1f1,gr1,ssp370,2070-02,2070,2,12.200892346092246,204.31470177154742,-5.592122859799991,-254.65762771101097,-21.61798905584297,-27.859718039230504,-93.21186354824476,13.598224813006102,178.40214269593704,-7.25840213575084,-227.77240753433253,-18.919405163125447,-19.26673802518699,-81.21658534945266,-1.3973324669138556,25.912559075610375,1.6662792759508491,-26.885220176678445,-2.6985838927175223,-8.592980014043516,-11.995278198792107
INM,INM-CM5-0,r1i1p1f1,gr1,ssp370,2070-03,2070,3,55.867903314714546,211.0301262087817,-29.14346521231946,-262.1349337604586,-10.579089760658693,-21.975712652460935,-56.935171862401425,59.638888590245294,183.0204183320094,-35.62667115946799,-235.28367474041085,-15.251576236177188,-17.38433462970656,-60.88694984350788,-3.770985275530748,28.009707876772296,6.48320594714853,-26.851259020047735,4.672486475518495,-4.591378022754373,3.951777981106453
INM,INM-CM5-0,r1i1p1f1,gr1,ssp370,2070-04,2070,4,146.27715951761928,226.4741975070456,-76.71866979979869,-281.3023692892105,-7.343006194476486,-16.98375279933772,-9.5964410581585,155.3178734332641,203.4394340490368,-93.68494320584504,-261.3719090946296,-8.228404400565143,-14.007620385928949,-18.535569604667806,-9.04071391564483,23.034763458008797,16.966273406046355,-19.930460194580917,0.8853982060886567,-2.97613241340877,8.939128546509306
INM,INM-CM5-0,r1i1p1f1,gr1,ssp370,2070-05,2070,5,229.30903855598007,257.64331066942054,-101.13584636081647,-308.39659696732787,-2.9334193453477786,-13.492495775368834,60.993990776539675,247.34990174106002,237.36696451407164,-132.25247010732542,-294.5808684821893,-2.49212963594814,-10.76344882197312,44.6279492076957,-18.040863185079957,20.276346155348904,31.11662374650895,-13.81572848513855,-0.4412897093996384,-2.7290469533957147,16.366041568843976
INM,INM-CM5-0,r1i1p1f1,gr1,ssp370,2070-06,2070,6,249.5768732772879,284.1343352069595,-86.65445509932043,-324.27209980978216,0.4441801070280526,-8.829723729569455,114.39910995260342,265.2973791099498,267.9699629796378,-117.5893157180128,-313.22580703693666,-0.004244195873688736,-8.586026789214452,93.86194834955006,-15.720505832661928,16.164372227321735,30.93486061869237,-11.046292772845504,0.44842430290174135,-0.24369694035500267,20.537161603053363
INM,INM-CM5-0,r1i1p1f1,gr1,ssp370,2070-07,2070,7,195.99052966954977,303.9089365441689,-52.55550829010402,-332.59675289311946,0.32906045220773367,-7.674820781795137,107.40144470090785,217.4716641061232,283.73718239268294,-82.41688316221644,-319.7754931447574,0.6158126923815513,-7.250053789737271,92.38222909447663,-21.481134436573427,20.17175415148597,29.861374872112414,-12.821259748362081,-0.2867522401738177,-0.42476699205786517,15.019215606431217
INM,INM-CM5-0,r1i1p1f1,gr1,ssp370,2070-08,2070,8,118.96438982734065,304.5049547445223,-26.41911276031155,-333.7433573236111,-2.0104024542166656,-11.793162955401556,49.50330907832204,137.99288070953398,280.3883142818284,-47.25680367253166,-317.4629669555353,-0.7458868537258483,-9.743392042762487,43.172145466807066,-19.028490882193324,24.11664046269391,20.83769091222011,-16.280390368075814,-1.2645156004908173,-2.049770912639069,6.331163611514974
INM,INM-CM5-0,r1i1p1f1,gr1,ssp370,2070-09,2070,9,54.8333929911976,289.30674442899976,-10.123325968963975,-327.59285439562217,-5.657625733979021,-20.477345989184307,-19.71101466755213,64.62605857660985,256.68731236752427,-20.084262079342775,-301.6967775674771,-5.800327218478942,-17.798728504042145,-24.066724425206903,-9.792665585412252,32.61943206147549,9.9609361103788,-25.896076828145056,0.14270148449992082,-2.678617485142162,4.355709757654772
INM,INM-CM5-0,r1i1p1f1,gr1,ssp370,2070-10,2070,10,15.876485607429924,262.31244659103857,-2.171450289729334,-313.417635243096,-14.870032539395169,-33.11102501627408,-85.3812108900261,18.359786183230952,226.1713069815244,-4.58560456704604,-277.15181734399863,-16.27695982199056,-26.218753296679903,-79.70204186495977,-2.483300575801028,36.14113960951417,2.4141542773167064,-36.265817899097385,1.4069272825953902,-6.892271719594174,-5.679169025066329
INM,INM-CM5-0,r1i1p1f1,gr1,ssp370,2070-11,2070,11,2.9509300753659544,241.82222995009226,-0.28786718752525026,-298.2157349301927,-26.00272867414832,-38.803380309571196,-118.53655107597923,3.373616207685165,200.78103474652093,-0.6403541251953389,-253.7584501331604,-23.21293540517074,-27.089763709299525,-100.54685241861995,-0.4226861323192104,41.041195203571334,0.3524869376700886,-44.45728479703229,-2.7897932689775793,-11.71361660027167,-17.989698657359284
INM,INM-CM5-0,r1i1p1f1,gr1,ssp370,2070-12,2070,12,0.892458311145067,223.14419059204792,-0.13642924688838623,-279.6610691191809,-22.837224073315276,-32.03990014882226,-110.63797368501383,0.964180041922923,186.64826391094516,-0.31348832760597495,-237.90125991540202,-22.242226530874166,-23.201729997866106,-96.04626081888021,-0.07172173077785593,36.49592668110276,0.17705908071758872,-41.7598092037789,-0.59499754244111,-8.838170150956156,-14.59171286613362
INM,INM-CM5-0,r1i1p1f1,gr1,ssp370,2071-01,2071,1,2.128959801863571,214.28622502920092,-0.8058709941468196,-262.84638768904443,-18.841093419609194,-24.806756869033553,-90.88492414076951,2.4522201368629597,180.0589790644654,-1.1211335706525247,-229.76434372975177,-20.539467023086623,-20.74641542870584,-89.66016055086838,-0.32326033499938855,34.227245964735516,0.3152625765057051,-33.08204395929266,1.6983736034774282,-4.060341440327711,-1.22476358990113
INM,INM-CM5-0,r1i1p1f1,gr1,ssp370,2071-02,2071,2,12.365324376087653,208.35953712271245,-5.57204155604845,-258.78821950915363,-23.182801711774026,-29.545272967268815,-96.36347424544483,13.598224813006102,178.40214269593704,-7.25840213575084,-227.77240753433253,-18.919405163125447,-19.26673802518699,-81.21658534945266,-1.2329004369184489,29.95739442677541,1.6863605797023897,-31.015811974821105,-4.263396548648579,-10.278534942081826,-15.146888895992177
INM,INM-CM5-0,r1i1p1f1,gr1,ssp370,2071-03,2071,3,54.408637192741296,210.15691974257132,-27.975653614831987,-261.71928364444824,-15.042214488124621,-22.207045027398465,-62.378639839490724,59.638888590245294,183.0204183320094,-35.62667115946799,-235.28367474041085,-15.251576236177188,-17.38433462970656,-60.88694984350788,-5.230251397503999,27.13650141056192,7.651017544636002,-26.435608904037394,0.2093617480525669,-4.822710397691903,-1.4916899959828456
INM,INM-CM5-0,r1i1p1f1,gr1,ssp370,2071-04,2071,4,138.32181652593474,235.84898836056897,-69.26449106529562,-287.7476894234484,-6.436581404267275,-18.347786734400938,-7.6257437409085185,155.3178734332641,203.4394340490368,-93.68494320584504,-261.3719090946296,-8.228404400565143,-14.007620385928949,-18.535569604667806,-16.996056907329375,32.40955431153216,24.42045214054943,-26.37578032881879,1.791822996297868,-4.340166348471989,10.909825863759288
INM,INM-CM5-0,r1i1p1f1,gr1,ssp370,2071-05,2071,5,223.35677521867768,262.82683158865086,-94.87400405138904,-311.68993796617826,-2.980825210552194,-13.86135117467471,62.77748840453435,247.34990174106002,237.36696451407164,-132.25247010732542,-294.5808684821893,-2.49212963594814,-10.76344882197312,44.6279492076957,-23.99312652238234,25.459867074579222,37.378466055936386,-17.109069483988947,-0.488695574604054,-3.09790235270159,18.149539196838653
INM,INM-CM5-0,r1i1p1f1,gr1,ssp370,2071-06,2071,6,235.21726687858606,288.44361885580133,-81.06618636287723,-324.33536979868234,1.3514439515870436,-7.561409723948933,112.04936380046594,265.2973791099498,267.9699629796378,-117.5893157180128,-313.22580703693666,-0.004244195873688736,-8.586026789214452,93.86194834955006,-30.080112231363756,20.473655876163548,36.523129355135566,-11.109562761745678,1.3556881474607323,1.0246170652655193,18.18741545091588
INM,INM-CM5-0,r1i1p1f1,gr1,ssp370,2071-07,2071,7,203.5257979744824,300.4209141843311,-56.395075990358734,-331.94113391718827,1.865313316009107,-5.943383626934678,111.53243194034093,217.4716641061232,283.73718239268294,-82.41688316221644,-319.7754931447574,0.6158126923815513,-7.250053789737271,92.38222909447663,-13.945866131640798,16.683731791648142,26.021807171857702,-12.16564077243089,1.2495006236275557,1.3066701628025932,19.1502028458643
INM,INM-CM5-0,r1i1p1f1,gr1,ssp370,2071-08,2071,8,122.31497278302956,303.27336510164133,-29.054938614905414,-333.35627090755776,-0.012346089964241214,-10.938265767780718,52.22651650446271,137.99288070953398,280.3883142818284,-47.25680367253166,-317.4629669555353,-0.7458868537258483,-9.743392042762487,43.172145466807066,-15.677907926504417,22.885050819812932,18.201865057626247,-15.89330395202245,0.733540763761607,-1.1948737250182315,9.054371037655642
INM,INM-CM5-0,r1i1p1f1,gr1,ssp370,2071-09,2071,9,56.214884414096396,286.40023985554643,-12.539551554581442,-326.0057123530542,-6.626234111741657,-22.044911273743892,-24.6012850234784,64.62605857660985,256.68731236752427,-20.084262079342775,-301.6967775674771,-5.800327218478942,-17.798728504042145,-24.066724425206903,-8.411174162513454,29.71292748802216,7.544710524761333,-24.308934785577094,-0.8259068932627152,-4.246182769701747,-0.5345605982714972
INM,INM-CM5-0,r1i1p1f1,gr1,ssp370,2071-10,2071,10,16.97719222674022,261.4854106141455,-2.8197259595223603,-313.7990989114634,-15.98510254377849,-35.83552219728213,-89.97684677116064,18.359786183230952,226.1713069815244,-4.58560456704604,-277.15181734399863,-16.27695982199056,-26.218753296679903,-79.70204186495977,-1.3825939564907301,35.31410363262111,1.76587860752368,-36.647281567464745,0.29185727821206875,-9.616768900602228,-10.27480490620087
INM,INM-CM5-0,r1i1p1f1,gr1,ssp370,2071-11,2071,11,3.2068198785547977,236.69561622438258,-0.37549799634183145,-294.4222079147857,-28.726117854028978,-42.36545578997747,-125.98684345219661,3.373616207685165,200.78103474652093,-0.6403541251953389,-253.7584501331604,-23.21293540517074,-27.089763709299525,-100.54685241861995,-0.16679632913036713,35.914581477861645,0.2648561288535074,-40.66375778162529,-5.513182448858238,-15.275692080677942,-25.43999103357666
INM,INM-CM5-0,r1i1p1f1,gr1,ssp370,2071-12,2071,12,0.8472531795249525,224.2162812731,-0.12521900667252028,-280.2083765543407,-23.029005975706145,-34.39922570335546,-112.69829278744987,0.964180041922923,186.64826391094516,-0.31348832760597495,-237.90125991540202,-22.242226530874166,-23.201729997866106,-96.04626081888021,-0.11692686239797045,37.56801736215485,0.18826932093345466,-42.30711663893868,-0.7867794448319785,-11.197495705489356,-16.65203196856966
INM,INM-CM5-0,r1i1p1f1,gr1,ssp370,2072-01,2072,1,2.056347440947254,214.73162956633686,-0.6032243504353235,-266.28456516879663,-22.76352526960734,-28.47756636529626,-101.34090414685141,2.4522201368629597,180.0589790644654,-1.1211335706525247,-229.76434372975177,-20.539467023086623,-20.74641542870584,-89.66016055086838,-0.39587269591570573,34.67265050187146,0.5179092202172012,-36.52022143904486,-2.224058246520716,-7.731150936590417,-11.680743595983031
INM,INM-CM5-0,r1i1p1f1,gr1,ssp370,2072-02,2072,2,12.484404742215702,208.5463488464776,-5.185364903370879,-259.06717109817714,-18.480262020829734,-25.260933890201365,-86.9629783238858,13.598224813006102,178.40214269593704,-7.25840213575084,-227.77240753433253,-18.919405163125447,-19.26673802518699,-81.21658534945266,-1.1138200707903998,30.144206150540555,2.073037232379961,-31.29476356384461,0.4391431422957126,-5.994195865014376,-5.7463929744331494
INM,INM-CM5-0,r1i1p1f1,gr1,ssp370,2072-03,2072,3,53.047900546728435,215.91547281021647,-26.20104143707118,-267.10342335614394,-15.293203070958622,-23.890196387552873,-63.524490894781735,59.638888590245294,183.0204183320094,-35.62667115946799,-235.28367474041085,-15.251576236177188,-17.38433462970656,-60.88694984350788,-6.590988043516859,32.89505447820707,9.42562972239681,-31.81974861573309,-0.04162683478143414,-6.505861757846311,-2.637541051273857
INM,INM-CM5-0,r1i1p1f1,gr1,ssp370,2072-04,2072,4,143.98424379860282,227.14732925332575,-73.45205137748874,-283.200255016567,-7.1478247231894505,-17.469772529476923,-10.138330594793562,155.3178734332641,203.4394340490368,-93.68494320584504,-261.3719090946296,-8.228404400565143,-14.007620385928949,-18.535569604667806,-11.333629634661293,23.707895204288945,20.2328918283563,-21.828345921937398,1.0805796773756926,-3.462152143547975,8.397239009874244
INM,INM-CM5-0,r1i1p1f1,gr1,ssp370,2072-05,2072,5,221.6967371516373,261.3083951454486,-95.54113744640871,-310.32779767848626,-1.5636018207570779,-12.013441254850902,63.559154096583,247.34990174106002,237.36696451407164,-132.25247010732542,-294.5808684821893,-2.49212963594814,-10.76344882197312,44.6279492076957,-25.653164589422715,23.94143063137699,36.71133266091671,-15.746929196296946,0.9285278151910623,-1.2499924328777823,18.9312048888873
INM,INM-CM5-0,r1i1p1f1,gr1,ssp370,2072-06,2072,6,238.60745050418407,286.98690887694164,-84.2901897631929,-323.81750668560363,1.5498660892254255,-7.906351514933982,111.13017750662068,265.2973791099498,267.9699629796378,-117.5893157180128,-313.22580703693666,-0.004244195873688736,-8.586026789214452,93.86194834955006,-26.689928605765743,19.016945897303856,33.2991259548199,-10.591699648666975,1.5541102850991142,0.6796752742804708,17.26822915707062
INM,INM-CM5-0,r1i1p1f1,gr1,ssp370,2072-07,2072,7,202.87705383954514,299.82835607137326,-53.42715231361321,-331.54588579519094,2.055894490007764,-5.998697453962051,113.78956883816001,217.4716641061232,283.73718239268294,-82.41688316221644,-319.7754931447574,0.6158126923815513,-7.250053789737271,92.38222909447663,-14.594610266578059,16.091173678690325,28.989730848603223,-11.770392650433564,1.4400817976262128,1.2513563357752204,21.40733974368338
INM,INM-CM5-0,r1i1p1f1,gr1,ssp370,2072-08,2072,8,124.0998659642982,302.9214360750276,-24.084089760325064,-335.0126901516066,-0.5023445712363704,-11.701109732849927,55.72106782330785,137.99288070953398,280.3883142818284,-47.25680367253166,-317.4629669555353,-0.7458868537258483,-9.743392042762487,43.172145466807066,-13.893014745235774,22.5331217931992,23.172713912206596,-17.549723196071284,0.24354228248947785,-1.9577176900874402,12.548922356500782
INM,INM-CM5-0,r1i1p1f1,gr1,ssp370,2072-09,2072,9,54.74966770104848,292.89399486681725,-8.721077860734562,-330.8418278257542,-5.294700627159498,-22.302328749657995,-19.516272495440553,64.62605857660985,256.68731236752427,-20.084262079342775,-301.6967775674771,-5.800327218478942,-17.798728504042145,-24.066724425206903,-9.87639087556137,36.20668249929298,11.363184218608213,-29.14505025827708,0.5056265913194435,-4.50360024561585,4.55045192976635
INM,INM-CM5-0,r1i1p1f1,gr1,ssp370,2072-10,2072,10,15.960735031942683,267.2308783141897,-2.215691815934481,-318.33075008055823,-15.987581707394881,-34.94653729323241,-88.2889475509876,18.359786183230952,226.1713069815244,-4.58560456704604,-277.15181734399863,-16.27695982199056,-26.218753296679903,-79.70204186495977,-2.399051151288269,41.059571332665286,2.3699127511115594,-41.1789327365596,0.28937811459567797,-8.727783996552507,-8.586905686027833
INM,INM-CM5-0,r1i1p1f1,gr1,ssp370,2072-11,2072,11,3.1186168230808677,243.38128600080668,-0.3087982196338091,-303.6848288595083,-28.212648375762917,-47.58280247753479,-133.28917510855226,3.373616207685165,200.78103474652093,-0.6403541251953389,-253.7584501331604,-23.21293540517074,-27.089763709299525,-100.54685241861995,-0.25499938460429705,42.60025125428575,0.33155590556152975,-49.92637872634788,-4.999712970592178,-20.493038768235266,-32.74232268993231
INM,INM-CM5-0,r1i1p1f1,gr1,ssp370,2072-12,2072,12,0.8232270933148098,227.66549839705016,-0.10075080682302018,-284.5291814236316,-23.936644900873105,-33.64092484549246,-113.7187764864552,0.964180041922923,186.64826391094516,-0.31348832760597495,-237.90125991540202,-22.242226530874166,-23.201729997866106,-96.04626081888021,-0.14095294860811314,41.017234486105,0.21273752078295477,-46.627921508229576,-1.6944183699989388,-10.43919484762635,-17.672515667574984
INM,INM-CM5-0,r1i1p1f1,gr1,ssp370,2073-01,2073,1,2.145509686821754,214.83830446138873,-0.676383712981997,-269.2318879862575,-24.72704017643236,-30.77537473759987,-108.42687246506122,2.4522201368629597,180.0589790644654,-1.1211335706525247,-229.76434372975177,-20.539467023086623,-20.74641542870584,-89.66016055086838,-0.3067104500412059,34.779325396923326,0.44474985767052777,-39.46754425650573,-4.187573153345738,-10.028959308894027,-18.76671191419284
INM,INM-CM5-0,r1i1p1f1,gr1,ssp370,2073-02,2073,2,12.333744831350556,214.68704178250002,-5.36732346423067,-262.8902381725019,-15.592529953183172,-24.01446775164259,-80.84377272770777,13.598224813006102,178.40214269593704,-7.25840213575084,-227.77240753433253,-18.919405163125447,-19.26673802518699,-81.21658534945266,-1.2644799816555459,36.28489908656297,1.8910786715201704,-35.11783063816935,3.3268752099422745,-4.747729726455603,0.3728126217448846
INM,INM-CM5-0,r1i1p1f1,gr1,ssp370,2073-03,2073,3,54.94922163303683,207.13215260295357,-26.95710374969849,-261.4183363839972,-18.277831094821984,-27.18163832173118,-71.75353531425847,59.638888590245294,183.0204183320094,-35.62667115946799,-235.28367474041085,-15.251576236177188,-17.38433462970656,-60.88694984350788,-4.689666957208466,24.11173427094417,8.669567409769499,-26.134661643586355,-3.026254858644796,-9.79730369202462,-10.866585470750593
INM,INM-CM5-0,r1i1p1f1,gr1,ssp370,2073-04,2073,4,143.1970540097199,229.4204127971915,-72.29487687494009,-283.3799518673038,-6.361192562288503,-15.456243434736606,-4.8747979323576605,155.3178734332641,203.4394340490368,-93.68494320584504,-261.3719090946296,-8.228404400565143,-14.007620385928949,-18.535569604667806,-12.12081942354422,25.980978748154683,21.390066330904958,-22.00804277267423,1.8672118382766403,-1.448623048807658,13.660771672310146
INM,INM-CM5-0,r1i1p1f1,gr1,ssp370,2073-05,2073,5,227.27389655820477,259.05247463065496,-97.63807330797832,-310.3872832412337,-3.452702033688427,-15.647715687491054,59.200596918468264,247.34990174106002,237.36696451407164,-132.25247010732542,-294.5808684821893,-2.49212963594814,-10.76344882197312,44.6279492076957,-20.076005182855255,21.685510116583316,34.614396799347105,-15.8064147590444,-0.9605723977402869,-4.884266865517935,14.572647710772564
INM,INM-CM5-0,r1i1p1f1,gr1,ssp370,2073-06,2073,6,240.51602587282838,289.25257316277765,-83.39106316853426,-324.9805734404892,-0.9326707446492964,-10.855107680010113,109.60918400192314,265.2973791099498,267.9699629796378,-117.5893157180128,-313.22580703693666,-0.004244195873688736,-8.586026789214452,93.86194834955006,-24.781353237121436,21.282610183139866,34.19825254947854,-11.754766403552537,-0.9284265487756077,-2.26908089079566,15.747235652373078
INM,INM-CM5-0,r1i1p1f1,gr1,ssp370,2073-07,2073,7,197.87954529989875,303.0898990119994,-51.944597002971385,-333.25327092755197,0.35667761052148406,-8.750528856233398,107.37772513566296,217.4716641061232,283.73718239268294,-82.41688316221644,-319.7754931447574,0.6158126923815513,-7.250053789737271,92.38222909447663,-19.59211880622445,19.35271661931648,30.47228615924505,-13.47777778279459,-0.2591350818600673,-1.5004750664961266,14.995496041186328
INM,INM-CM5-0,r1i1p1f1,gr1,ssp370,2073-08,2073,8,120.37882394808227,304.2160260005688,-23.342945520000853,-335.11925912029193,0.533398607206761,-10.71492735734388,55.951116558221116,137.99288070953398,280.3883142818284,-47.25680367253166,-317.4629669555353,-0.7458868537258483,-9.743392042762487,43.172145466807066,-17.614056761451707,23.827711718740375,23.913858152530807,-17.65629216475662,1.2792854609326092,-0.9715353145813932,12.77897109141405
INM,INM-CM5-0,r1i1p1f1,gr1,ssp370,2073-09,2073,9,54.48942752230513,291.3727016515007,-8.18255418197273,-330.2337354820417,-6.573254509421304,-22.000224020260546,-21.12763901989048,64.62605857660985,256.68731236752427,-20.084262079342775,-301.6967775674771,-5.800327218478942,-17.798728504042145,-24.066724425206903,-10.136631054304722,34.685389283976406,11.901707897370045,-28.536957914564596,-0.7729272909423619,-4.201495516218401,2.9390854053164226
INM,INM-CM5-0,r1i1p1f1,gr1,ssp370,2073-10,2073,10,16.99674782214742,265.1574242351662,-1.9974921317284067,-320.08856735608873,-17.251156468794527,-39.4418993931097,-96.6249432924077,18.359786183230952,226.1713069815244,-4.58560456704604,-277.15181734399863,-16.27695982199056,-26.218753296679903,-79.70204186495977,-1.3630383610835324,38.98611725364182,2.5881124353176337,-42.9367500120901,-0.9741966468039678,-13.223146096429797,-16.92290142744794
INM,INM-CM5-0,r1i1p1f1,gr1,ssp370,2073-11,2073,11,3.0863201167158496,248.6456455780591,-0.293284457281335,-302.9221347801754,-22.205447019295104,-34.80861207434419,-108.49751263632109,3.373616207685165,200.78103474652093,-0.6403541251953389,-253.7584501331604,-23.21293540517074,-27.089763709299525,-100.54685241861995,-0.2872960909693152,47.86461083153816,0.34706966791400384,-49.163684647014975,1.0074883858756358,-7.718848365044664,-7.950660217701142
INM,INM-CM5-0,r1i1p1f1,gr1,ssp370,2073-12,2073,12,0.7875766776440553,223.7672707645192,-0.09876966251495177,-282.7710037016819,-27.74196845536337,-37.73612570977964,-123.79302008717657,0.964180041922923,186.64826391094516,-0.31348832760597495,-237.90125991540202,-22.242226530874166,-23.201729997866106,-96.04626081888021,-0.1766033642788677,37.119006853574035,0.21471866509102316,-44.869743786279855,-5.499741924489204,-14.534395711913536,-27.74675926829636
INM,INM-CM5-0,r1i1p1f1,gr1,ssp370,2074-01,2074,1,2.351793352732205,210.50982933934552,-0.6709441247738639,-267.36416163291915,-29.757516502817367,-39.198931875080476,-124.12993144351312,2.4522201368629597,180.0589790644654,-1.1211335706525247,-229.76434372975177,-20.539467023086623,-20.74641542870584,-89.66016055086838,-0.10042678413075468,30.45085027488011,0.45018944587866083,-37.59981790316738,-9.218049479730745,-18.452516446374634,-34.46977089264473
INM,INM-CM5-0,r1i1p1f1,gr1,ssp370,2074-02,2074,2,12.86803709554297,210.99585198691722,-5.6262863135518,-264.2838479892038,-21.62312492920143,-32.25835870751925,-99.92772885701609,13.598224813006102,178.40214269593704,-7.25840213575084,-227.77240753433253,-18.919405163125447,-19.26673802518699,-81.21658534945266,-0.7301877174631315,32.59370929098017,1.6321158221990402,-36.51144045487129,-2.7037197660759844,-12.991620682332261,-18.711143507563435
INM,INM-CM5-0,r1i1p1f1,gr1,ssp370,2074-03,2074,3,55.41539228401123,212.7943716684071,-27.195499277016836,-267.46955334183565,-17.221044950657024,-28.82684431000905,-72.50317792710018,59.638888590245294,183.0204183320094,-35.62667115946799,-235.28367474041085,-15.251576236177188,-17.38433462970656,-60.88694984350788,-4.223496306234061,29.77395333639771,8.431171882451153,-32.185878601424804,-1.9694687144798362,-11.44250968030249,-11.616228083592304
INM,INM-CM5-0,r1i1p1f1,gr1,ssp370,2074-04,2074,4,139.848698700917,237.49571657364893,-67.70516676429935,-290.6074994354003,-8.887946081854636,-22.424123380905726,-12.280320387894122,155.3178734332641,203.4394340490368,-93.68494320584504,-261.3719090946296,-8.228404400565143,-14.007620385928949,-18.535569604667806,-15.469174732347113,34.05628252461213,25.979776441545695,-29.235590340770727,-0.6595416812894932,-8.416502994976778,6.255249216773684
INM,INM-CM5-0,r1i1p1f1,gr1,ssp370,2074-05,2074,5,218.82137795753673,265.3505948114102,-88.59054410307188,-312.86124492291094,-1.5508628755450315,-13.678801721956736,67.49051914546237,247.34990174106002,237.36696451407164,-132.25247010732542,-294.5808684821893,-2.49212963594814,-10.76344882197312,44.6279492076957,-28.528523783523298,27.98363029733855,43.661926004253544,-18.280376440721625,0.9412667604031086,-2.915352899983617,22.862569937766672
INM,INM-CM5-0,r1i1p1f1,gr1,ssp370,2074-06,2074,6,239.25475405330215,287.4072977367049,-79.80460380660352,-323.94565908559997,1.3080705478636354,-7.886266819203595,116.33359262646358,265.2973791099498,267.9699629796378,-117.5893157180128,-313.22580703693666,-0.004244195873688736,-8.586026789214452,93.86194834955006,-26.042625056647665,19.437334757067106,37.784711911409275,-10.719852048663313,1.3123147437373242,0.6997599700108577,22.471644276913523
INM,INM-CM5-0,r1i1p1f1,gr1,ssp370,2074-07,2074,7,198.8941195377899,302.52757024347125,-51.076463521170226,-332.443692557748,0.053591698466331994,-8.334288583000241,109.62083681780896,217.4716641061232,283.73718239268294,-82.41688316221644,-319.7754931447574,0.6158126923815513,-7.250053789737271,92.38222909447663,-18.57754456833331,18.790387850788306,31.34041964104621,-12.668199412990646,-0.5622209939152194,-1.0842347932629695,17.238607723332336
INM,INM-CM5-0,r1i1p1f1,gr1,ssp370,2074-08,2074,8,124.4504679334358,303.8305990359007,-24.803182755058355,-335.4489259567412,0.2136733098170217,-9.477979003244096,58.76465256410987,137.99288070953398,280.3883142818284,-47.25680367253166,-317.4629669555353,-0.7458868537258483,-9.743392042762487,43.172145466807066,-13.542412776098175,23.44228475407232,22.453620917473305,-17.985959001205913,0.95956016354287,0.2654130395183909,15.592507097302807
INM,INM-CM5-0,r1i1p1f1,gr1,ssp370,2074-09,2074,9,57.45618630456926,286.9249923584495,-8.840823083287344,-330.01370182002694,-5.127991259143768,-22.514640573908203,-22.115978073347456,64.62605857660985,256.68731236752427,-20.084262079342775,-301.6967775674771,-5.800327218478942,-17.798728504042145,-24.066724425206903,-7.1698722720405925,30.237679990925244,11.243438996055431,-28.316924252549825,0.6723359593351734,-4.715912069866057,1.950746351859447
INM,INM-CM5-0,r1i1p1f1,gr1,ssp370,2074-10,2074,10,15.823833278250227,267.6974866792187,-1.9660404870164485,-318.21024382943745,-16.201899438100234,-34.68901366077592,-87.54587745786117,18.359786183230952,226.1713069815244,-4.58560456704604,-277.15181734399863,-16.27695982199056,-26.218753296679903,-79.70204186495977,-2.535952904980725,41.52617969769429,2.619564080029592,-41.058426485438815,0.07506038389032454,-8.470260364096017,-7.843835592901399
INM,INM-CM5-0,r1i1p1f1,gr1,ssp370,2074-11,2074,11,3.107505379168143,245.42146994216256,-0.3200389639787726,-304.4030569727485,-25.75026698786586,-40.3494420789146,-122.29382968217703,3.373616207685165,200.78103474652093,-0.6403541251953389,-253.7584501331604,-23.21293540517074,-27.089763709299525,-100.54685241861995,-0.26611082851702195,44.64043519564163,0.3203151612165663,-50.64460683958811,-2.5373315826951206,-13.259678369615074,-21.746977263557085
INM,INM-CM5-0,r1i1p1f1,gr1,ssp370,2074-12,2074,12,0.8789557273427506,230.48088047780084,-0.12862618406596316,-284.2629058724413,-23.49030287835101,-32.77708868520011,-109.2990874149148,0.964180041922923,186.64826391094516,-0.31348832760597495,-237.90125991540202,-22.242226530874166,-23.201729997866106,-96.04626081888021,-0.08522431458017232,43.83261656685568,0.1848621435400118,-46.361645957039286,-1.248076347476843,-9.575358687334006,-13.25282659603458
INM,INM-CM5-0,r1i1p1f1,gr1,ssp370,2075-01,2075,1,2.2574546922491145,221.82394771941577,-0.8277572859922347,-272.8329073785468,-19.61683311010854,-31.012338364407707,-100.2084337273904,2.4522201368629597,180.0589790644654,-1.1211335706525247,-229.76434372975177,-20.539467023086623,-20.74641542870584,-89.66016055086838,-0.19476544461384515,41.764968654950366,0.29337628466029,-43.06856364879502,0.9226339129780818,-10.265922935701866,-10.548273176522017
INM,INM-CM5-0,r1i1p1f1,gr1,ssp370,2075-02,2075,2,12.439241137954845,212.21395555509636,-5.783623440861215,-264.17535870140324,-22.218561979752508,-31.47231137354368,-98.99665880250944,13.598224813006102,178.40214269593704,-7.25840213575084,-227.77240753433253,-18.919405163125447,-19.26673802518699,-81.21658534945266,-1.1589836750512568,33.81181285915932,1.4747786948896255,-36.40295116707071,-3.299156816627061,-12.20557334835669,-17.780073453056787
INM,INM-CM5-0,r1i1p1f1,gr1,ssp370,2075-03,2075,3,55.032661536875416,214.89657127670395,-27.873330197742046,-268.4883247435037,-17.777916189638265,-27.792220013679565,-72.00255833098423,59.638888590245294,183.0204183320094,-35.62667115946799,-235.28367474041085,-15.251576236177188,-17.38433462970656,-60.88694984350788,-4.606227053369878,31.876152944694553,7.753340961725943,-33.204650003092866,-2.5263399534610773,-10.407885383973003,-11.11560848747635
INM,INM-CM5-0,r1i1p1f1,gr1,ssp370,2075-04,2075,4,143.0261973976857,234.72205666483416,-67.81671582784264,-291.48516779375973,-8.340857492953747,-22.49834374460959,-12.392830796645816,155.3178734332641,203.4394340490368,-93.68494320584504,-261.3719090946296,-8.228404400565143,-14.007620385928949,-18.535569604667806,-12.291676035578405,31.28262261579735,25.868227378002402,-30.113258699130142,-0.11245309238860379,-8.49072335868064,6.14273880802199
INM,INM-CM5-0,r1i1p1f1,gr1,ssp370,2075-05,2075,5,224.48181891003452,262.21586878750713,-88.53762736346448,-312.74662688471375,-1.962471700828573,-13.48438914978804,69.96657259874681,247.34990174106002,237.36696451407164,-132.25247010732542,-294.5808684821893,-2.49212963594814,-10.76344882197312,44.6279492076957,-22.868082831025504,24.848904273435494,43.71484274386094,-18.165758402524432,0.5296579351195672,-2.7209403278149207,25.338623391051108
INM,INM-CM5-0,r1i1p1f1,gr1,ssp370,2075-06,2075,6,247.37850523740477,284.0485678553438,-76.17679572234772,-324.3442569983693,2.826579397869366,-6.767168428736787,126.96543134116406,265.2973791099498,267.9699629796378,-117.5893157180128,-313.22580703693666,-0.004244195873688736,-8.586026789214452,93.86194834955006,-17.91887387254505,16.07860487570599,41.41251999566508,-11.118449961432646,2.830823593743055,1.8188583604776651,33.103482991614
INM,INM-CM5-0,r1i1p1f1,gr1,ssp370,2075-07,2075,7,199.4369797394046,300.98308399657117,-47.23474922042204,-332.6949197268654,0.5305358745780445,-8.288269176577836,112.73266148668853,217.4716641061232,283.73718239268294,-82.41688316221644,-319.7754931447574,0.6158126923815513,-7.250053789737271,92.38222909447663,-18.034684366718608,17.24590160388823,35.1821339417944,-12.91942658210803,-0.08527681780350682,-1.038215386840565,20.3504323922119
INM,INM-CM5-0,r1i1p1f1,gr1,ssp370,2075-08,2075,8,119.33273501694998,304.7690138115457,-19.52507229262285,-335.7427836717015,1.1475616117390666,-10.97996863626635,59.00148583964405,137.99288070953398,280.3883142818284,-47.25680367253166,-317.4629669555353,-0.7458868537258483,-9.743392042762487,43.172145466807066,-18.660145692583995,24.380699529717276,27.731731379908812,-18.27981671616618,1.8934484654649149,-1.2365765935038624,15.829340372836981
INM,INM-CM5-0,r1i1p1f1,gr1,ssp370,2075-09,2075,9,54.211115159643334,294.77132412298596,-7.472408210261672,-332.56075064102953,-4.917821461948832,-19.826057372877433,-15.794598403488184,64.62605857660985,256.68731236752427,-20.084262079342775,-301.6967775674771,-5.800327218478942,-17.798728504042145,-24.066724425206903,-10.414943416966516,38.08401175546169,12.611853869081102,-30.863973073552415,0.8825057565301098,-2.027328868835287,8.27212602171872
INM,INM-CM5-0,r1i1p1f1,gr1,ssp370,2075-10,2075,10,15.959727752913329,274.7170025490354,-1.92760336266783,-324.23229068161214,-11.433818032528825,-30.638049065520907,-77.55503084038095,18.359786183230952,226.1713069815244,-4.58560456704604,-277.15181734399863,-16.27695982199056,-26.218753296679903,-79.70204186495977,-2.400058430317623,48.54569556751099,2.6580012043782104,-47.08047333761351,4.843141789461734,-4.419295768841003,2.1470110245788163
INM,INM-CM5-0,r1i1p1f1,gr1,ssp370,2075-11,2075,11,2.9113473652819746,253.73737870285086,-0.2882754373255495,-312.63620942678654,-23.774852566626677,-41.195686117368346,-121.24629747997426,3.373616207685165,200.78103474652093,-0.6403541251953389,-253.7584501331604,-23.21293540517074,-27.089763709299525,-100.54685241861995,-0.4622688424031902,52.95634395632993,0.35207868786978935,-58.87775929362613,-0.5619171614559377,-14.105922408068821,-20.69944506135431
INM,INM-CM5-0,r1i1p1f1,gr1,ssp370,2075-12,2075,12,0.8165995321531208,239.93041760025534,-0.0814139487914267,-297.91242035723843,-24.142382242432884,-34.58691893458048,-115.97611835063476,0.964180041922923,186.64826391094516,-0.31348832760597495,-237.90125991540202,-22.242226530874166,-23.201729997866106,-96.04626081888021,-0.1475805097698022,53.28215368931018,0.23207437881454823,-60.01116044183641,-1.9001557115587175,-11.385188936714375,-19.92985753175455
INM,INM-CM5-0,r1i1p1f1,gr1,ssp370,2076-01,2076,1,2.1662945776507323,225.87961681416235,-0.513872863299991,-281.29732952362366,-23.332565565260374,-32.396829450135506,-109.49468601050643,2.4522201368629597,180.0589790644654,-1.1211335706525247,-229.76434372975177,-20.539467023086623,-20.74641542870584,-89.66016055086838,-0.2859255592122274,45.82063774969694,0.6072607073525337,-51.53298579387189,-2.7930985421737518,-11.650414021429665,-19.834525459638044
INM,INM-CM5-0,r1i1p1f1,gr1,ssp370,2076-02,2076,2,12.082860260394295,220.4448348450068,-5.067151779047586,-270.1927803488033,-19.061118601863754,-26.717201705733622,-88.51055733004716,13.598224813006102,178.40214269593704,-7.25840213575084,-227.77240753433253,-18.919405163125447,-19.26673802518699,-81.21658534945266,-1.515364552611807,42.04269214906975,2.1912503567032537,-42.42037281447077,-0.14171343873830722,-7.450463680546633,-7.293971980594506
INM,INM-CM5-0,r1i1p1f1,gr1,ssp370,2076-03,2076,3,52.044731724040886,231.80235760336916,-25.097543666852378,-278.54950068375393,-8.881791639296075,-19.095805769100973,-47.77755243159332,59.638888590245294,183.0204183320094,-35.62667115946799,-235.28367474041085,-15.251576236177188,-17.38433462970656,-60.88694984350788,-7.594156866204408,48.78193927135976,10.529127492615611,-43.26582594334309,6.369784596881113,-1.711471139394412,13.109397411914557
INM,INM-CM5-0,r1i1p1f1,gr1,ssp370,2076-04,2076,4,141.99808726498654,235.78153078928736,-67.42029640359543,-289.9728296813679,-7.481867346605127,-18.758743518843648,-5.854118896138221,155.3178734332641,203.4394340490368,-93.68494320584504,-261.3719090946296,-8.228404400565143,-14.007620385928949,-18.535569604667806,-13.319786168277574,32.342096740250554,26.264646802249615,-28.60092058673831,0.746537053960016,-4.7511231329146995,12.681450708529585
INM,INM-CM5-0,r1i1p1f1,gr1,ssp370,2076-05,2076,5,227.9413390266972,260.00337628094314,-93.78139659798721,-311.45669965414197,-2.738050109939497,-13.73849621568537,66.23007272988625,247.34990174106002,237.36696451407164,-132.25247010732542,-294.5808684821893,-2.49212963594814,-10.76344882197312,44.6279492076957,-19.40856271436283,22.636411766871504,38.47107350933821,-16.875831171952655,-0.24592047399135675,-2.9750473937122504,21.602123522190546
INM,INM-CM5-0,r1i1p1f1,gr1,ssp370,2076-06,2076,6,238.57719783728268,287.39889694269084,-74.47748528115967,-326.228240117806,-1.053369384947934,-11.231106328876146,112.98589366718379,265.2973791099498,267.9699629796378,-117.5893157180128,-313.22580703693666,-0.004244195873688736,-8.586026789214452,93.86194834955006,-26.720181272667133,19.428933963053055,43.111830436853126,-13.002433080869366,-1.0491251890742452,-2.645079539661694,19.123945317633726
INM,INM-CM5-0,r1i1p1f1,gr1,ssp370,2076-07,2076,7,196.76353589828554,302.48977393245946,-47.744955311291854,-333.49348862394066,1.3529518732491177,-7.734001116785827,111.63381665197579,217.4716641061232,283.73718239268294,-82.41688316221644,-319.7754931447574,0.6158126923815513,-7.250053789737271,92.38222909447663,-20.70812820783766,18.752591539776517,34.67192785092458,-13.717995479183287,0.7371391808675664,-0.4839473270485559,19.251587557499164
INM,INM-CM5-0,r1i1p1f1,gr1,ssp370,2076-08,2076,8,116.71920678657787,306.7826072201825,-17.78392089447487,-336.56287638076265,-1.7910157037318741,-13.348517690530363,54.0154833372606,137.99288070953398,280.3883142818284,-47.25680367253166,-317.4629669555353,-0.7458868537258483,-9.743392042762487,43.172145466807066,-21.273673922956107,26.394292938354113,29.47288277805679,-19.099909425227338,-1.0451288500060258,-3.605125647767876,10.843337870453531
INM,INM-CM5-0,r1i1p1f1,gr1,ssp370,2076-09,2076,9,52.251090488347465,297.0006403127062,-6.094938703882888,-333.6991328959998,-4.864134404475103,-20.518610155245327,-15.925085358549431,64.62605857660985,256.68731236752427,-20.084262079342775,-301.6967775674771,-5.800327218478942,-17.798728504042145,-24.066724425206903,-12.374968088262385,40.313327945181925,13.989323375459886,-32.0023553285227,0.9361928140038387,-2.719881651203181,8.141639066657472
INM,INM-CM5-0,r1i1p1f1,gr1,ssp370,2076-10,2076,10,16.40646512193852,269.5256473518203,-1.756079122411692,-325.10490124022004,-17.013116932704786,-39.16807726169023,-97.11006208326792,18.359786183230952,226.1713069815244,-4.58560456704604,-277.15181734399863,-16.27695982199056,-26.218753296679903,-79.70204186495977,-1.9533210612924314,43.35434037029589,2.8295254446343483,-47.953083896221415,-0.7361571107142275,-12.949323965010326,-17.408020218308152
INM,INM-CM5-0,r1i1p1f1,gr1,ssp370,2076-11,2076,11,2.9433786691118318,248.94806958932375,-0.28251655467470416,-310.327848714912,-23.956145808325665,-39.00261005857547,-121.67767287805228,3.373616207685165,200.78103474652093,-0.6403541251953389,-253.7584501331604,-23.21293540517074,-27.089763709299525,-100.54685241861995,-0.430237538573333,48.16703484280282,0.3578375705206347,-56.569398581751614,-0.7432104031549258,-11.912846349275945,-21.13082045943233
INM,INM-CM5-0,r1i1p1f1,gr1,ssp370,2076-12,2076,12,0.8366809677207512,229.5836507290778,-0.07980274511083023,-293.1687439642102,-28.39454651591278,-43.97059676893837,-135.19335829737363,0.964180041922923,186.64826391094516,-0.31348832760597495,-237.90125991540202,-22.242226530874166,-23.201729997866106,-96.04626081888021,-0.12749907420217177,42.93538681813263,0.2336855824951447,-55.26748404880817,-6.152319985038613,-20.768866771072265,-39.14709747849342
INM,INM-CM5-0,r1i1p1f1,gr1,ssp370,2077-01,2077,1,2.256790601790693,209.16930281788413,-0.5474312342310839,-269.1712986390081,-32.90124162257251,-40.780741139217874,-131.97461921535475,2.4522201368629597,180.0589790644654,-1.1211335706525247,-229.76434372975177,-20.539467023086623,-20.74641542870584,-89.66016055086838,-0.1954295350722668,29.110323753418726,0.5737023364214409,-39.40695490925634,-12.36177459948589,-20.034325710512032,-42.31445866448637
INM,INM-CM5-0,r1i1p1f1,gr1,ssp370,2077-02,2077,2,13.54418199481589,206.32537593120017,-5.2908294255300605,-265.07234192680335,-25.33741149172873,-35.56879845436132,-111.39982337240741,13.598224813006102,178.40214269593704,-7.25840213575084,-227.77240753433253,-18.919405163125447,-19.26673802518699,-81.21658534945266,-0.054042818190211506,27.923233235263126,1.9675727102207796,-37.29993439247082,-6.418006328603283,-16.302060429174333,-30.183238022954754
INM,INM-CM5-0,r1i1p1f1,gr1,ssp370,2077-03,2077,3,53.43000477666902,220.59911780187116,-26.95248208958435,-271.6330588297602,-12.939232065603633,-22.23967442642863,-59.735324832836646,59.638888590245294,183.0204183320094,-35.62667115946799,-235.28367474041085,-15.251576236177188,-17.38433462970656,-60.88694984350788,-6.208883813576271,37.57869946986176,8.674189069883639,-36.34938408934937,2.312344170573555,-4.855339796722067,1.151625010671232
INM,INM-CM5-0,r1i1p1f1,gr1,ssp370,2077-04,2077,4,140.95903410709127,230.99635303637828,-72.0100852424388,-284.2786183573792,-7.588076497047779,-17.119877711635787,-9.041270665031938,155.3178734332641,203.4394340490368,-93.68494320584504,-261.3719090946296,-8.228404400565143,-14.007620385928949,-18.535569604667806,-14.358839326172841,27.556918987341476,21.67485796340624,-22.906709262749587,0.6403279035173641,-3.112257325706839,9.494298939635868
INM,INM-CM5-0,r1i1p1f1,gr1,ssp370,2077-05,2077,5,218.79878058498613,264.3475872151561,-94.60301030063985,-311.2884230560412,-3.7321317888997876,-14.98156934002103,58.541233314540314,247.34990174106002,237.36696451407164,-132.25247010732542,-294.5808684821893,-2.49212963594814,-10.76344882197312,44.6279492076957,-28.55112115607389,26.980622701084485,37.64945980668557,-16.707554573851894,-1.2400021529516474,-4.218120518047911,13.913284106844614
INM,INM-CM5-0,r1i1p1f1,gr1,ssp370,2077-06,2077,6,242.26916846054144,287.35127177513476,-85.92100953830767,-323.8277114597028,0.061580523072889665,-8.796772186310244,111.13652757442831,265.2973791099498,267.9699629796378,-117.5893157180128,-313.22580703693666,-0.004244195873688736,-8.586026789214452,93.86194834955006,-23.02821064940838,19.381308795496977,31.668306179705127,-10.601904422766154,0.0658247189465784,-0.210745397095792,17.274579224878252
INM,INM-CM5-0,r1i1p1f1,gr1,ssp370,2077-07,2077,7,197.45412694284363,302.10880360584287,-53.942143428073905,-331.827153753812,0.13517811294360715,-8.996639279111571,104.9321722006326,217.4716641061232,283.73718239268294,-82.41688316221644,-319.7754931447574,0.6158126923815513,-7.250053789737271,92.38222909447663,-20.01753716327957,18.371621213159926,28.47473973414253,-12.051660609054636,-0.4806345794379442,-1.7465854893742998,12.549943106155979
INM,INM-CM5-0,r1i1p1f1,gr1,ssp370,2077-08,2077,8,122.51397795476332,301.7964228629028,-23.518743036462027,-334.1474281627686,0.2630247753813755,-10.545135026986618,56.36211936683024,137.99288070953398,280.3883142818284,-47.25680367253166,-317.4629669555353,-0.7458868537258483,-9.743392042762487,43.172145466807066,-15.478902754770658,21.408108581074373,23.738060636069633,-16.684461207233312,1.0089116291072238,-0.8017429842241306,13.189973900023176
INM,INM-CM5-0,r1i1p1f1,gr1,ssp370,2077-09,2077,9,55.74263256757941,289.83756244324087,-8.582113492682954,-329.3980661829224,-7.057897611968228,-23.643037102641994,-23.100919379395272,64.62605857660985,256.68731236752427,-20.084262079342775,-301.6967775674771,-5.800327218478942,-17.798728504042145,-24.066724425206903,-8.883426009030437,33.1502500757166,11.502148586659821,-27.701288615445264,-1.257570393489286,-5.844308598599849,0.9658050458116314
INM,INM-CM5-0,r1i1p1f1,gr1,ssp370,2077-10,2077,10,15.434992572375858,266.0112632983683,-1.9233149418677324,-317.34965020026215,-13.421268252586717,-30.77061514271333,-82.01859266668575,18.359786183230952,226.1713069815244,-4.58560456704604,-277.15181734399863,-16.27695982199056,-26.218753296679903,-79.70204186495977,-2.924793610855094,39.83995631684391,2.6622896251783077,-40.19783285626352,2.8556915694038416,-4.551861846033425,-2.316550801725981
INM,INM-CM5-0,r1i1p1f1,gr1,ssp370,2077-11,2077,11,3.073632367625665,237.412974700164,-0.3064662481563802,-297.01500556746277,-25.047626388904888,-39.512790076350385,-121.39528121308474,3.373616207685165,200.78103474652093,-0.6403541251953389,-253.7584501331604,-23.21293540517074,-27.089763709299525,-100.54685241861995,-0.29998384005949985,36.63193995364307,0.33388787703895867,-43.256555434302356,-1.8346909837341485,-12.42302636705086,-20.848428794464795
INM,INM-CM5-0,r1i1p1f1,gr1,ssp370,2077-12,2077,12,0.8302262271816355,231.8441136715648,-0.09807587105362903,-283.45121993371845,-21.246997429339853,-30.80794582505773,-102.92989916042322,0.964180041922923,186.64826391094516,-0.31348832760597495,-237.90125991540202,-22.242226530874166,-23.201729997866106,-96.04626081888021,-0.13395381474128742,45.19584976061964,0.21541245655234592,-45.549960018316426,0.9952291015343135,-7.6062158271916225,-6.883638341543005
INM,INM-CM5-0,r1i1p1f1,gr1,ssp370,2078-01,2078,1,2.315506861676419,215.31841797574728,-0.7586581105313639,-267.8391915769049,-25.292862969655435,-34.31525022013607,-110.57203803980408,2.4522201368629597,180.0589790644654,-1.1211335706525247,-229.76434372975177,-20.539467023086623,-20.74641542870584,-89.66016055086838,-0.13671327518654053,35.259438911281876,0.36247546012116083,-38.07484784715314,-4.753395946568812,-13.56883479143023,-20.9118774889357
INM,INM-CM5-0,r1i1p1f1,gr1,ssp370,2078-02,2078,2,12.550809974713431,218.7558889807962,-5.457499309208007,-267.44358037962695,-15.627821577948746,-24.596620456721666,-81.81882276799575,13.598224813006102,178.40214269593704,-7.25840213575084,-227.77240753433253,-18.919405163125447,-19.26673802518699,-81.21658534945266,-1.0474148382926707,40.35374628485914,1.800902826542833,-39.67117284529442,3.291583585176701,-5.329882431534678,-0.6022374185430976
INM,INM-CM5-0,r1i1p1f1,gr1,ssp370,2078-03,2078,3,53.22442153883079,216.883133324942,-27.74687639829219,-266.09546656991415,-11.924521058165436,-20.886783528500445,-56.54609269109942,59.638888590245294,183.0204183320094,-35.62667115946799,-235.28367474041085,-15.251576236177188,-17.38433462970656,-60.88694984350788,-6.414467051414505,33.86271499293261,7.879794761175798,-30.811791829503306,3.3270551780117525,-3.502448898793883,4.340857152408461
INM,INM-CM5-0,r1i1p1f1,gr1,ssp370,2078-04,2078,4,136.94549952774148,240.89066935302947,-68.36355524963135,-288.8568053483171,-3.9766615205441798,-13.826250053102214,2.812896709176119,155.3178734332641,203.4394340490368,-93.68494320584504,-261.3719090946296,-8.228404400565143,-14.007620385928949,-18.535569604667806,-18.372373905522636,37.45123530399266,25.321387956213698,-27.48489625368751,4.251742880020963,0.18137033282673443,21.348466313843925
INM,INM-CM5-0,r1i1p1f1,gr1,ssp370,2078-05,2078,5,219.87427912252696,264.6228279574796,-89.3494454471019,-312.19322002404573,-2.657550215060654,-13.77539291972876,66.52149847406952,247.34990174106002,237.36696451407164,-132.25247010732542,-294.5808684821893,-2.49212963594814,-10.76344882197312,44.6279492076957,-27.475622618533066,27.255863443407975,42.90302466022352,-17.612351541856412,-0.16542057911251362,-3.0119440977556415,21.893549266373817
INM,INM-CM5-0,r1i1p1f1,gr1,ssp370,2078-06,2078,6,243.0595118637057,287.34072446951626,-82.30101833385919,-324.25866113592036,2.342209831215428,-6.633455097349407,119.54931159730845,265.2973791099498,267.9699629796378,-117.5893157180128,-313.22580703693666,-0.004244195873688736,-8.586026789214452,93.86194834955006,-22.23786724624412,19.370761489878475,35.28829738415361,-11.032854098983705,2.3464540270891168,1.952571691865045,25.687363247758384
INM,INM-CM5-0,r1i1p1f1,gr1,ssp370,2078-07,2078,7,195.7382238296202,302.04943678934393,-49.63095777255309,-331.8106626059519,0.6590665664374775,-7.932797238519078,109.07230956837756,217.4716641061232,283.73718239268294,-82.41688316221644,-319.7754931447574,0.6158126923815513,-7.250053789737271,92.38222909447663,-21.73344027650299,18.31225439666099,32.78592538966335,-12.035169461194528,0.04325387405592618,-0.6827434487818067,16.690080473900935
INM,INM-CM5-0,r1i1p1f1,gr1,ssp370,2078-08,2078,8,118.86431561830317,305.97778106755715,-21.915931936584574,-335.4912321602608,-0.08261053099804888,-9.600009659639792,57.75231239837713,137.99288070953398,280.3883142818284,-47.25680367253166,-317.4629669555353,-0.7458868537258483,-9.743392042762487,43.172145466807066,-19.12856509123081,25.589466785728746,25.340871735947086,-18.02826520472547,0.6632763227277994,0.14338238312269524,14.580166931570062
INM,INM-CM5-0,r1i1p1f1,gr1,ssp370,2078-09,2078,9,56.02061484414296,289.2405746657474,-9.021184429314545,-329.6286421794173,-5.727171548839483,-22.36421338188252,-21.48002202956346,64.62605857660985,256.68731236752427,-20.084262079342775,-301.6967775674771,-5.800327218478942,-17.798728504042145,-24.066724425206903,-8.605443732466888,32.5532622982231,11.06307765002823,-27.93186461194017,0.07315566963945841,-4.565484877840376,2.5867023956434423
INM,INM-CM5-0,r1i1p1f1,gr1,ssp370,2078-10,2078,10,16.01559467276716,267.8761413484472,-2.031276271060682,-318.53668640630656,-14.743583039088387,-32.109133828168325,-83.52894352340954,18.359786183230952,226.1713069815244,-4.58560456704604,-277.15181734399863,-16.27695982199056,-26.218753296679903,-79.70204186495977,-2.3441915104637907,41.704834366922825,2.5543282959853584,-41.38486906230793,1.533376782902172,-5.890380531488422,-3.8269016584497706
INM,INM-CM5-0,r1i1p1f1,gr1,ssp370,2078-11,2078,11,3.0590471250368454,247.62952749221563,-0.31912067586653414,-306.1033213774994,-23.377717151612792,-38.53316300808694,-117.64474759581321,3.373616207685165,200.78103474652093,-0.6403541251953389,-253.7584501331604,-23.21293540517074,-27.089763709299525,-100.54685241861995,-0.3145690826483194,46.8484927456947,0.3212334493288047,-52.344871244339004,-0.16478174644205268,-11.443399298787412,-17.097895177193266
INM,INM-CM5-0,r1i1p1f1,gr1,ssp370,2078-12,2078,12,0.8597793754625536,228.03534568735486,-0.1406790302320957,-284.0643713257425,-23.956762964163417,-35.96211287441109,-115.2288011317317,0.964180041922923,186.64826391094516,-0.31348832760597495,-237.90125991540202,-22.242226530874166,-23.201729997866106,-96.04626081888021,-0.10440066646036938,41.3870817764097,0.17280929737387926,-46.16311141034049,-1.7145364332892505,-12.760382876544984,-19.182540312851486
INM,INM-CM5-0,r1i1p1f1,gr1,ssp370,2079-01,2079,1,2.1571724435817763,213.19028914907219,-0.7300031679205595,-267.70860822030824,-25.74832706410946,-36.40028632516098,-115.23976318484527,2.4522201368629597,180.0589790644654,-1.1211335706525247,-229.76434372975177,-20.539467023086623,-20.74641542870584,-89.66016055086838,-0.2950476932811834,33.13131008460678,0.3911304027319652,-37.94426449055646,-5.208860041022838,-15.653870896455135,-25.57960263397689
INM,INM-CM5-0,r1i1p1f1,gr1,ssp370,2079-02,2079,2,12.095480484333454,214.3877509997044,-5.511567109497882,-262.74837533896056,-18.333303393644307,-23.58206592348181,-83.69208028154672,13.598224813006102,178.40214269593704,-7.25840213575084,-227.77240753433253,-18.919405163125447,-19.26673802518699,-81.21658534945266,-1.502744328672648,35.98560830376735,1.746835026252958,-34.97596780462803,0.5861017694811395,-4.3153278982948216,-2.4754949320940653
INM,INM-CM5-0,r1i1p1f1,gr1,ssp370,2079-03,2079,3,54.63725552343677,220.08004281298278,-26.50812275014921,-270.45197253396606,-11.716023401421914,-21.283037111717213,-55.24185746083482,59.638888590245294,183.0204183320094,-35.62667115946799,-235.28367474041085,-15.251576236177188,-17.38433462970656,-60.88694984350788,-5.001633066808523,37.05962448097338,9.11854840931878,-35.16829779355521,3.535552834755274,-3.898702482010652,5.645092382673056
INM,INM-CM5-0,r1i1p1f1,gr1,ssp370,2079-04,2079,4,143.8294203270748,232.15489019052117,-72.74948832449647,-286.75640868046963,-7.13435717099898,-17.351655422843955,-8.007599081213078,155.3178734332641,203.4394340490368,-93.68494320584504,-261.3719090946296,-8.228404400565143,-14.007620385928949,-18.535569604667806,-11.488453106189297,28.715456141484367,20.935454881348576,-25.384499585840047,1.0940472295661632,-3.344035036915006,10.527970523454728
INM,INM-CM5-0,r1i1p1f1,gr1,ssp370,2079-05,2079,5,230.2725462555736,260.5317496351915,-98.5848727188877,-311.3653083818862,-1.7503163105614854,-12.4235808048951,66.68021767453453,247.34990174106002,237.36696451407164,-132.25247010732542,-294.5808684821893,-2.49212963594814,-10.76344882197312,44.6279492076957,-17.077355485486436,23.16478512111985,33.66759738843773,-16.784439899696906,0.7418133253866548,-1.66013198292198,22.052268466838832
INM,INM-CM5-0,r1i1p1f1,gr1,ssp370,2079-06,2079,6,249.1196068388761,286.2744937630546,-86.9463825747334,-324.41215657305116,0.45066612501223546,-8.4005073805555,116.08572019860277,265.2973791099498,267.9699629796378,-117.5893157180128,-313.22580703693666,-0.004244195873688736,-8.586026789214452,93.86194834955006,-16.177772271073707,18.304530783416794,30.642933143279393,-11.186349536114506,0.4549103208859242,0.1855194086589531,22.22377184905271
INM,INM-CM5-0,r1i1p1f1,gr1,ssp370,2079-07,2079,7,195.73495460601194,306.5734667302937,-50.10138303111608,-333.7358652667359,1.9072637163300372,-5.505227468386914,114.87320928639674,217.4716641061232,283.73718239268294,-82.41688316221644,-319.7754931447574,0.6158126923815513,-7.250053789737271,92.38222909447663,-21.73670950011126,22.836284337610778,32.31550013110036,-13.960372121978537,1.2914510239484858,1.7448263213503576,22.490980191920116
INM,INM-CM5-0,r1i1p1f1,gr1,ssp370,2079-08,2079,8,122.36442929872088,303.47147951034356,-24.84932533558887,-335.4586224684186,-1.625379915138895,-11.981690914529604,51.92089017538852,137.99288070953398,280.3883142818284,-47.25680367253166,-317.4629669555353,-0.7458868537258483,-9.743392042762487,43.172145466807066,-15.6284514108131,23.083165228515156,22.40747833694279,-17.995655512883275,-0.8794930614130467,-2.2382988717671175,8.748744708581455
INM,INM-CM5-0,r1i1p1f1,gr1,ssp370,2079-09,2079,9,56.18417748319411,289.46256360332944,-9.734644290730076,-329.639219805555,-6.015112466231656,-21.66608820576642,-21.408323681759633,64.62605857660985,256.68731236752427,-20.084262079342775,-301.6967775674771,-5.800327218478942,-17.798728504042145,-24.066724425206903,-8.441881093415738,32.77525123580517,10.349617788612699,-27.942442238077888,-0.21478524775271435,-3.8673597017242756,2.6584007434472703
INM,INM-CM5-0,r1i1p1f1,gr1,ssp370,2079-10,2079,10,16.112313367956446,271.62024330788165,-2.1400909275832842,-319.41331369832494,-9.802396775673104,-28.58103706622594,-72.20428179196915,18.359786183230952,226.1713069815244,-4.58560456704604,-277.15181734399863,-16.27695982199056,-26.218753296679903,-79.70204186495977,-2.247472815274506,45.448936326357256,2.445513639462756,-42.26149635432631,6.474563046317455,-2.3622837695460355,7.497760072990616
INM,INM-CM5-0,r1i1p1f1,gr1,ssp370,2079-11,2079,11,3.0709343230109476,244.17417299457773,-0.30132093740821825,-299.413080373266,-23.096154287482907,-36.788631149888396,-112.3540794304568,3.373616207685165,200.78103474652093,-0.6403541251953389,-253.7584501331604,-23.21293540517074,-27.089763709299525,-100.54685241861995,-0.3026818846742172,43.3931382480568,0.3390331877871206,-45.654630240105575,0.11678111768783239,-9.69886744058887,-11.807227011836858
INM,INM-CM5-0,r1i1p1f1,gr1,ssp370,2079-12,2079,12,0.8592698711431825,225.73703915846892,-0.10055363981075849,-282.1181060469339,-25.831875480880942,-40.54904767789234,-122.00327381590586,0.964180041922923,186.64826391094516,-0.31348832760597495,-237.90125991540202,-22.242226530874166,-23.201729997866106,-96.04626081888021,-0.10491017077974041,39.088775247523756,0.21293468779521646,-44.216846131531895,-3.589648950006776,-17.347317680026233,-25.957012997025643
INM,INM-CM5-0,r1i1p1f1,gr1,ssp370,2080-01,2080,1,2.1755330682531264,213.9877139278368,-0.6527158650103466,-268.0086561357832,-23.350424939725514,-32.95931703662769,-108.80786698105683,2.4522201368629597,180.0589790644654,-1.1211335706525247,-229.76434372975177,-20.539467023086623,-20.74641542870584,-89.66016055086838,-0.2766870686098333,33.9287348633714,0.4684177056421781,-38.24431240603144,-2.810957916638891,-12.212901607921847,-19.14770643018845
INM,INM-CM5-0,r1i1p1f1,gr1,ssp370,2080-02,2080,2,12.589240013886789,209.50453585556238,-5.297893211000751,-262.19838602138077,-17.535361692272843,-26.74946932159799,-89.68733437680318,13.598224813006102,178.40214269593704,-7.25840213575084,-227.77240753433253,-18.919405163125447,-19.26673802518699,-81.21658534945266,-1.0089847991193128,31.102393159625336,1.9605089247500889,-34.42597848704824,1.3840434708526033,-7.482731296411,-8.470749027350521
INM,INM-CM5-0,r1i1p1f1,gr1,ssp370,2080-03,2080,3,54.180829745956046,210.27334818878114,-27.54069660195092,-262.6521773721816,-13.157188010542745,-23.66701692467521,-62.56290097461329,59.638888590245294,183.0204183320094,-35.62667115946799,-235.28367474041085,-15.251576236177188,-17.38433462970656,-60.88694984350788,-5.458058844289248,27.252929856771743,8.08597455751707,-27.368502631770752,2.094388225634443,-6.282682294968648,-1.675951131105414
INM,INM-CM5-0,r1i1p1f1,gr1,ssp370,2080-04,2080,4,141.97996179888483,232.94948294748033,-68.60981954507703,-287.5616802357593,-8.955972782771491,-21.007724753795397,-11.205752571038039,155.3178734332641,203.4394340490368,-93.68494320584504,-261.3719090946296,-8.228404400565143,-14.007620385928949,-18.535569604667806,-13.337911634379282,29.51004889844353,25.075123660768014,-26.18977114112971,-0.7275683822063481,-7.000104367866449,7.329817033629768
INM,INM-CM5-0,r1i1p1f1,gr1,ssp370,2080-05,2080,5,221.1353759455682,264.36823848008754,-92.84205543721936,-312.34346117929334,-2.179744947081899,-13.753252117121006,64.38510074494016,247.34990174106002,237.36696451407164,-132.25247010732542,-294.5808684821893,-2.49212963594814,-10.76344882197312,44.6279492076957,-26.214525795491824,27.0012739660159,39.410414670106064,-17.762592697104026,0.31238468886624116,-2.989803295147887,19.75715153724446
INM,INM-CM5-0,r1i1p1f1,gr1,ssp370,2080-06,2080,6,236.57685062041986,287.87224902166645,-82.03767406955826,-323.8411658363908,-0.40295608138803063,-9.04861605054631,109.11868760420296,265.2973791099498,267.9699629796378,-117.5893157180128,-313.22580703693666,-0.004244195873688736,-8.586026789214452,93.86194834955006,-28.720528489529954,19.902286042028663,35.551641648454535,-10.615358799454157,-0.3987118855143419,-0.46258926133185696,15.2567392546529
INM,INM-CM5-0,r1i1p1f1,gr1,ssp370,2080-07,2080,7,199.73923234379671,301.03462454542694,-51.32839846548669,-331.4783575639628,1.6010767640432513,-6.999044244636615,112.56913337918081,217.4716641061232,283.73718239268294,-82.41688316221644,-319.7754931447574,0.6158126923815513,-7.250053789737271,92.38222909447663,-17.732431762326485,17.297442152743997,31.088484696729743,-11.702864419205412,0.9852640716616999,0.2510095451006569,20.186904284704184
INM,INM-CM5-0,r1i1p1f1,gr1,ssp370,2080-08,2080,8,117.27332580386334,304.9515569271075,-24.88716700046367,-334.3524839429015,-1.4366389352730464,-11.834054436003857,49.71453841632885,137.99288070953398,280.3883142818284,-47.25680367253166,-317.4629669555353,-0.7458868537258483,-9.743392042762487,43.172145466807066,-20.719554905670634,24.563242645279104,22.36963667206799,-16.889516987366164,-0.6907520815471981,-2.09066239324137,6.542392949521783
INM,INM-CM5-0,r1i1p1f1,gr1,ssp370,2080-09,2080,9,55.983695471630085,290.44311277822027,-10.39281913342217,-328.695254866057,-3.8918194561938337,-18.951997860450426,-15.505083066273055,64.62605857660985,256.68731236752427,-20.084262079342775,-301.6967775674771,-5.800327218478942,-17.798728504042145,-24.066724425206903,-8.642363104979765,33.755800410696,9.691442945920604,-26.99847729857987,1.908507762285108,-1.1532693564082805,8.561641358933848
INM,INM-CM5-0,r1i1p1f1,gr1,ssp370,2080-10,2080,10,16.23155387619853,264.8401920449187,-2.1191577119658906,-317.13998278421576,-15.635692849418671,-34.23162431122167,-88.05471173570479,18.359786183230952,226.1713069815244,-4.58560456704604,-277.15181734399863,-16.27695982199056,-26.218753296679903,-79.70204186495977,-2.128232307032423,38.6688850633943,2.4664468550801497,-39.98816544021713,0.6412669725718878,-8.01287101454177,-8.352669870745018
INM,INM-CM5-0,r1i1p1f1,gr1,ssp370,2080-11,2080,11,2.9562260877722446,241.2967048007319,-0.29170139825108743,-300.47337821507836,-27.12255767655261,-44.1549174130136,-127.78962381439152,3.373616207685165,200.78103474652093,-0.6403541251953389,-253.7584501331604,-23.21293540517074,-27.089763709299525,-100.54685241861995,-0.4173901199129202,40.51567005421097,0.3486527269442514,-46.71492808191795,-3.9096222713818705,-17.065153703714074,-27.24277139577157
INM,INM-CM5-0,r1i1p1f1,gr1,ssp370,2080-12,2080,12,0.8338592644047764,228.3864704515071,-0.0830407781287369,-283.76559133799475,-24.193027665240063,-33.69585883624171,-112.5171889016934,0.964180041922923,186.64826391094516,-0.31348832760597495,-237.90125991540202,-22.242226530874166,-23.201729997866106,-96.04626081888021,-0.13032077751814652,41.73820654056195,0.23044754947723806,-45.86433142259273,-1.9508011343658964,-10.494128838375605,-16.470928082813188
INM,INM-CM5-0,r1i1p1f1,gr1,ssp370,2081-01,2081,1,2.1117246170220527,216.74775712858678,-0.42683141871324304,-271.90779933965405,-26.74421205723855,-37.171689767861494,-117.3910508378585,2.4522201368629597,180.0589790644654,-1.1211335706525247,-229.76434372975177,-20.539467023086623,-20.74641542870584,-89.66016055086838,-0.340495519840907,36.68877806412138,0.6943021519392817,-42.143455609902276,-6.204745034151927,-16.425274339155653,-27.730890286990117
INM,INM-CM5-0,r1i1p1f1,gr1,ssp370,2081-02,2081,2,12.269699681829419,217.76704793641682,-4.94715941327709,-267.0852426968535,-17.439885277736163,-26.844165319473934,-86.27970508909448,13.598224813006102,178.40214269593704,-7.25840213575084,-227.77240753433253,-18.919405163125447,-19.26673802518699,-81.21658534945266,-1.3285251311766828,39.36490524047977,2.31124272247375,-39.312835162521,1.4795198853892835,-7.577427294286945,-5.06311973964182
INM,INM-CM5-0,r1i1p1f1,gr1,ssp370,2081-03,2081,3,53.43383705951075,216.2062341364221,-26.375265728128113,-268.00399873184006,-12.726226145057177,-23.460932049245915,-60.926351458338445,59.638888590245294,183.0204183320094,-35.62667115946799,-235.28367474041085,-15.251576236177188,-17.38433462970656,-60.88694984350788,-6.2050515307345435,33.1858158044127,9.251405431339876,-32.72032399142921,2.5253500911200106,-6.076597419539354,-0.0394016148305667
INM,INM-CM5-0,r1i1p1f1,gr1,ssp370,2081-04,2081,4,139.0251798524812,234.98196007626646,-67.3198017636181,-288.83193689941,-8.613863052228862,-20.014223814311144,-10.77268560082047,155.3178734332641,203.4394340490368,-93.68494320584504,-261.3719090946296,-8.228404400565143,-14.007620385928949,-18.535569604667806,-16.292693580782924,31.542526027229655,26.365141442226943,-27.460027804780395,-0.3854586516637184,-6.006603428382196,7.762884003847336
INM,INM-CM5-0,r1i1p1f1,gr1,ssp370,2081-05,2081,5,220.841701413954,263.1513231840454,-92.49484754138037,-311.12765445259413,-0.17316651797878074,-11.748823549568945,68.4485325364772,247.34990174106002,237.36696451407164,-132.25247010732542,-294.5808684821893,-2.49212963594814,-10.76344882197312,44.6279492076957,-26.50820032710601,25.784358669973756,39.757622565945056,-16.546785970404812,2.3189631179693593,-0.9853747275958256,23.820583328781503
INM,INM-CM5-0,r1i1p1f1,gr1,ssp370,2081-06,2081,6,231.15556720109657,292.4219075913402,-78.91154115314205,-324.4217639004957,0.05202869137345127,-9.281121112682065,111.01507731749041,265.2973791099498,267.9699629796378,-117.5893157180128,-313.22580703693666,-0.004244195873688736,-8.586026789214452,93.86194834955006,-34.14181190885324,24.4519446117024,38.677774564870745,-11.195956863559047,0.05627288724714001,-0.6950943234676128,17.153128967940347
INM,INM-CM5-0,r1i1p1f1,gr1,ssp370,2081-07,2081,7,194.71494423215293,303.9107015872542,-48.17738439659669,-331.65646083094487,2.208256604824845,-5.151539725168866,115.84851747152156,217.4716641061232,283.73718239268294,-82.41688316221644,-319.7754931447574,0.6158126923815513,-7.250053789737271,92.38222909447663,-22.75671987397027,20.17351919457127,34.23949876561974,-11.880967686187489,1.5924439124432936,2.0985140645684055,23.466288377044933
INM,INM-CM5-0,r1i1p1f1,gr1,ssp370,2081-08,2081,8,121.13431056283973,303.56975211607005,-23.011244184323697,-334.02340713344535,-0.5444178483270349,-10.484183653733696,56.640809859080036,137.99288070953398,280.3883142818284,-47.25680367253166,-317.4629669555353,-0.7458868537258483,-9.743392042762487,43.172145466807066,-16.858570146694248,23.18143783424165,24.245559488207963,-16.56044017791004,0.2014690053988134,-0.7407916109712094,13.46866439227297
INM,INM-CM5-0,r1i1p1f1,gr1,ssp370,2081-09,2081,9,53.671516344464585,293.6038006279191,-8.53420509216152,-330.21813361069655,-4.050087895764414,-20.31282834124257,-15.83993796748139,64.62605857660985,256.68731236752427,-20.084262079342775,-301.6967775674771,-5.800327218478942,-17.798728504042145,-24.066724425206903,-10.954542232145265,36.91648826039483,11.550056987181256,-28.52135604321944,1.7502393227145276,-2.514099837200426,8.226786457725513
INM,INM-CM5-0,r1i1p1f1,gr1,ssp370,2081-10,2081,10,15.84176316775199,273.01749947184936,-2.0267164894613683,-320.25581035714026,-12.063775778736895,-28.978921483814695,-74.46596146955187,18.359786183230952,226.1713069815244,-4.58560456704604,-277.15181734399863,-16.27695982199056,-26.218753296679903,-79.70204186495977,-2.5180230154789616,46.84619249032497,2.558888077584672,-43.10399301314163,4.213184043253664,-2.7601681871347914,5.236080395407896
INM,INM-CM5-0,r1i1p1f1,gr1,ssp370,2081-11,2081,11,3.0507490548712806,251.67203458173245,-0.2988519486484421,-307.3955452441669,-22.473758298383046,-37.705080879905665,-113.1504527345003,3.373616207685165,200.78103474652093,-0.6403541251953389,-253.7584501331604,-23.21293540517074,-27.089763709299525,-100.54685241861995,-0.32286715281388423,50.89099983521152,0.34150217654689674,-53.63709511100649,0.7391771067876931,-10.61531717060614,-12.603600315880357
INM,INM-CM5-0,r1i1p1f1,gr1,ssp370,2081-12,2081,12,0.7837133002933464,233.70024155219969,-0.07985553331398575,-289.0436559372869,-22.841342994400087,-32.95060108598211,-110.43150069849005,0.964180041922923,186.64826391094516,-0.31348832760597495,-237.90125991540202,-22.242226530874166,-23.201729997866106,-96.04626081888021,-0.18046674162957654,47.051977641254524,0.2336327942919892,-51.142396021884906,-0.5991164635259203,-9.748871088116001,-14.385239879609841
INM,INM-CM5-0,r1i1p1f1,gr1,ssp370,2082-01,2082,1,2.1955626367366072,224.82674830854518,-0.5475096172487086,-274.95603816417264,-15.807875071488587,-24.02139294853956,-88.31050485616771,2.4522201368629597,180.0589790644654,-1.1211335706525247,-229.76434372975177,-20.539467023086623,-20.74641542870584,-89.66016055086838,-0.25665750012635247,44.76776924407977,0.5736239534038161,-45.19169443442087,4.731591951598036,-3.274977519833719,1.3496556947006724
INM,INM-CM5-0,r1i1p1f1,gr1,ssp370,2082-02,2082,2,12.544463088941708,213.2063746732498,-5.281729700708953,-264.93717771209765,-19.617291258091925,-28.844421420390553,-92.92978232909758,13.598224813006102,178.40214269593704,-7.25840213575084,-227.77240753433253,-18.919405163125447,-19.26673802518699,-81.21658534945266,-1.053761724064394,34.80423197731275,1.9766724350418867,-37.16477017776512,-0.6978860949664778,-9.577683395203564,-11.71319697964492
INM,INM-CM5-0,r1i1p1f1,gr1,ssp370,2082-03,2082,3,54.544049677110856,213.67778645574245,-27.748240680938032,-265.8619870023367,-16.7024675528261,-26.08976654383706,-68.18062564708463,59.638888590245294,183.0204183320094,-35.62667115946799,-235.28367474041085,-15.251576236177188,-17.38433462970656,-60.88694984350788,-5.0948389131344385,30.65736812373305,7.878430478529957,-30.578312261925873,-1.450891316648912,-8.7054319141305,-7.293675803576747
INM,INM-CM5-0,r1i1p1f1,gr1,ssp370,2082-04,2082,4,140.73387217028127,235.33829187584215,-67.49413868112244,-290.92880220131235,-11.13124552449008,-22.604466320755527,-16.08648868155696,155.3178734332641,203.4394340490368,-93.68494320584504,-261.3719090946296,-8.228404400565143,-14.007620385928949,-18.535569604667806,-14.584001262982838,31.89885782680534,26.19080452472261,-29.556893106682764,-2.9028411239249365,-8.596845934826579,2.449080923110845
INM,INM-CM5-0,r1i1p1f1,gr1,ssp370,2082-05,2082,5,222.40655015931992,261.80130602853495,-90.47772527961983,-311.3120398105436,-1.3035493358708505,-12.287580847557193,68.8269609142634,247.34990174106002,237.36696451407164,-132.25247010732542,-294.5808684821893,-2.49212963594814,-10.76344882197312,44.6279492076957,-24.943351581740103,24.434341514463313,41.77474482770559,-16.731171328354264,1.1885803000772897,-1.5241320255840733,24.199011706567696
INM,INM-CM5-0,r1i1p1f1,gr1,ssp370,2082-06,2082,6,229.94205681194367,292.0903125417741,-70.78998739426366,-325.78616657054766,0.3856044048744195,-7.4965853857396265,118.3452344080412,265.2973791099498,267.9699629796378,-117.5893157180128,-313.22580703693666,-0.004244195873688736,-8.586026789214452,93.86194834955006,-35.35532229800614,24.12034956213631,46.79932832374914,-12.560359533611006,0.38984860074810823,1.0894414034748259,24.48328605849113
INM,INM-CM5-0,r1i1p1f1,gr1,ssp370,2082-07,2082,7,194.58966095370815,305.4371997107214,-43.294892446474506,-333.8039480207556,1.9026191291391137,-6.972880711196717,117.85775861514188,217.4716641061232,283.73718239268294,-82.41688316221644,-319.7754931447574,0.6158126923815513,-7.250053789737271,92.38222909447663,-22.882003152415052,21.700017318038476,39.12199071574193,-14.02845487599825,1.2868064367575625,0.27717307854055484,25.475529520665248
INM,INM-CM5-0,r1i1p1f1,gr1,ssp370,2082-08,2082,8,111.04077033660893,311.7874617717673,-18.372946479091762,-338.33020763611745,-1.8656273720697742,-12.659801733913394,51.599648887183875,137.99288070953398,280.3883142818284,-47.25680367253166,-317.4629669555353,-0.7458868537258483,-9.743392042762487,43.172145466807066,-26.95211037292505,31.399147489938912,28.883857193439898,-20.867240680582142,-1.119740518343926,-2.916409691150907,8.427503420376809
INM,INM-CM5-0,r1i1p1f1,gr1,ssp370,2082-09,2082,9,51.768295484629846,297.2205407800619,-7.000359105588098,-333.5326622953639,-5.848587921878498,-22.226229832347528,-19.619002890486207,64.62605857660985,256.68731236752427,-20.084262079342775,-301.6967775674771,-5.800327218478942,-17.798728504042145,-24.066724425206903,-12.857763091980004,40.53322841253765,13.083902973754677,-31.835884727886764,-0.04826070339955635,-4.427501328305382,4.447721534720696
INM,INM-CM5-0,r1i1p1f1,gr1,ssp370,2082-10,2082,10,15.950750046374784,271.7624436213446,-1.878557492073287,-323.12927967992084,-14.500979481303583,-33.57866550595845,-85.37428849153683,18.359786183230952,226.1713069815244,-4.58560456704604,-277.15181734399863,-16.27695982199056,-26.218753296679903,-79.70204186495977,-2.4090361368561677,45.59113663982018,2.7070470749727535,-45.97746233592221,1.775980340686976,-7.359912209278544,-5.6722466265770635
INM,INM-CM5-0,r1i1p1f1,gr1,ssp370,2082-11,2082,11,3.122871132454744,250.25312925150297,-0.3011020615093445,-309.66325737875184,-24.960970265423693,-41.09406343360249,-122.64339275532964,3.373616207685165,200.78103474652093,-0.6403541251953389,-253.7584501331604,-23.21293540517074,-27.089763709299525,-100.54685241861995,-0.2507450752304208,49.47209450498204,0.33925206368599437,-55.90480724559143,-1.7480348602529538,-14.004299724302967,-22.096540336709694
INM,INM-CM5-0,r1i1p1f1,gr1,ssp370,2082-12,2082,12,0.8983768006900195,237.4521286597901,-0.10560609703404263,-296.3223557858748,-26.14554111538773,-37.53212044712236,-121.75511798493878,0.964180041922923,186.64826391094516,-0.31348832760597495,-237.90125991540202,-22.242226530874166,-23.201729997866106,-96.04626081888021,-0.06580324123290349,50.803864748844944,0.20788223057193234,-58.421095870472755,-3.903314584513563,-14.330390449256253,-25.708857166058564
INM,INM-CM5-0,r1i1p1f1,gr1,ssp370,2083-01,2083,1,2.237794221417737,225.4907918779908,-0.6447093687195004,-281.37980849140985,-21.93009564039279,-30.34087891404932,-106.56690631516292,2.4522201368629597,180.0589790644654,-1.1211335706525247,-229.76434372975177,-20.539467023086623,-20.74641542870584,-89.66016055086838,-0.2144259154452226,45.4318128135254,0.47642420193302437,-51.615464761658075,-1.3906286173061666,-9.594463485343478,-16.90674576429454
INM,INM-CM5-0,r1i1p1f1,gr1,ssp370,2083-02,2083,2,11.885882207400362,222.21437158763504,-4.8905617203026335,-272.5965782991982,-18.833084455269223,-26.59687340592669,-88.81684408566134,13.598224813006102,178.40214269593704,-7.25840213575084,-227.77240753433253,-18.919405163125447,-19.26673802518699,-81.21658534945266,-1.7123426056057394,43.812228891698,2.3678404154482067,-44.82417076486567,0.08632070785622403,-7.330135380739701,-7.600258736208687
INM,INM-CM5-0,r1i1p1f1,gr1,ssp370,2083-03,2083,3,54.474630280153136,216.91253669482035,-27.473197731897912,-267.8599759496321,-13.359790518794737,-19.660266517526175,-56.96606374287746,59.638888590245294,183.0204183320094,-35.62667115946799,-235.28367474041085,-15.251576236177188,-17.38433462970656,-60.88694984350788,-5.164258310092158,33.89211836281095,8.153473427570077,-32.57630120922124,1.8917857173824508,-2.2759318878196133,3.920886100630419
INM,INM-CM5-0,r1i1p1f1,gr1,ssp370,2083-04,2083,4,138.54425114703483,238.7283133810078,-69.08790871508074,-289.8249559187952,-4.066544702125974,-14.749446687556405,-0.45629149551569803,155.3178734332641,203.4394340490368,-93.68494320584504,-261.3719090946296,-8.228404400565143,-14.007620385928949,-18.535569604667806,-16.773622286229283,35.288879331971,24.5970344907643,-28.453046824165597,4.161859698439169,-0.7418263016274569,18.079278109152106
INM,INM-CM5-0,r1i1p1f1,gr1,ssp370,2083-05,2083,5,214.52546973041822,268.17799695701586,-90.09655096104385,-313.0160351051361,-2.4609219964180484,-12.455025137738492,64.67493348709766,247.34990174106002,237.36696451407164,-132.25247010732542,-294.5808684821893,-2.49212963594814,-10.76344882197312,44.6279492076957,-32.8244320106418,30.811032442944224,42.155919146281576,-18.43516662294678,0.031207639530091758,-1.6915763157653725,20.04698427940196
INM,INM-CM5-0,r1i1p1f1,gr1,ssp370,2083-06,2083,6,243.29751161082822,289.22170679440313,-79.97020831199461,-325.1779695493189,-1.6433856404492813,-10.730917099127726,114.9967378043409,265.2973791099498,267.9699629796378,-117.5893157180128,-313.22580703693666,-0.004244195873688736,-8.586026789214452,93.86194834955006,-21.999867499121592,21.251743814765348,37.61910740601819,-11.952162512382245,-1.6391414445755925,-2.144890309913274,21.134789454790834
INM,INM-CM5-0,r1i1p1f1,gr1,ssp370,2083-07,2083,7,199.751319249173,302.89363517958,-51.09785705891341,-333.9852485440638,0.4625853013534384,-7.595383648993711,110.4290504781355,217.4716641061232,283.73718239268294,-82.41688316221644,-319.7754931447574,0.6158126923815513,-7.250053789737271,92.38222909447663,-17.72034485695019,19.156452786897034,31.319026103303024,-14.209755399306403,-0.15322739102811295,-0.3453298592564398,18.046821383658866
INM,INM-CM5-0,r1i1p1f1,gr1,ssp370,2083-08,2083,8,116.1034563647017,307.61761659924315,-21.81539674398456,-335.8182007860763,-0.050850534007369545,-10.055963289295233,55.98066161058138,137.99288070953398,280.3883142818284,-47.25680367253166,-317.4629669555353,-0.7458868537258483,-9.743392042762487,43.172145466807066,-21.88942434483228,27.22930231741475,25.4414069285471,-18.35523383054101,0.6950363197184788,-0.31257124653274637,12.808516143774312
INM,INM-CM5-0,r1i1p1f1,gr1,ssp370,2083-09,2083,9,53.55989989796044,293.5182851459909,-7.945437212330353,-330.5031079836523,-3.0995673930768763,-17.218313137230595,-11.688240682338781,64.62605857660985,256.68731236752427,-20.084262079342775,-301.6967775674771,-5.800327218478942,-17.798728504042145,-24.066724425206903,-11.066158678649408,36.83097277846662,12.13882486701242,-28.80633041617517,2.7007598254020655,0.5804153668115504,12.378483742868122
INM,INM-CM5-0,r1i1p1f1,gr1,ssp370,2083-10,2083,10,16.156375399091797,269.8067599127874,-1.9686928960987757,-319.98500229474047,-15.84001842359968,-34.30989462576074,-86.14047292832045,18.359786183230952,226.1713069815244,-4.58560456704604,-277.15181734399863,-16.27695982199056,-26.218753296679903,-79.70204186495977,-2.2034107841391553,43.63545293126302,2.616911670947265,-42.83318495074184,0.43694139839087853,-8.091141329080838,-6.438431063360682
INM,INM-CM5-0,r1i1p1f1,gr1,ssp370,2083-11,2083,11,2.948131541261466,254.21755513413586,-0.2827253433597172,-308.09313974055334,-19.085853841579,-34.814959484428904,-105.11099173452362,3.373616207685165,200.78103474652093,-0.6403541251953389,-253.7584501331604,-23.21293540517074,-27.089763709299525,-100.54685241861995,-0.42548466642369887,53.436520387614934,0.35762878183562163,-54.33468960739293,4.127081563591741,-7.725195775129379,-4.564139315903674
INM,INM-CM5-0,r1i1p1f1,gr1,ssp370,2083-12,2083,12,0.8045531823334351,225.74255025842828,-0.08764917279553645,-285.83428940774195,-26.5796568784831,-37.67532175387999,-123.62981377213885,0.964180041922923,186.64826391094516,-0.31348832760597495,-237.90125991540202,-22.242226530874166,-23.201729997866106,-96.04626081888021,-0.15962685958948786,39.09428634748312,0.22583915481043848,-47.93302949233993,-4.337430347608933,-14.473591756013885,-27.583552953258632
INM,INM-CM5-0,r1i1p1f1,gr1,ssp370,2084-01,2084,1,2.1562283467263055,215.6365617267831,-0.6551691187577392,-268.09215550795176,-24.07906745952091,-27.765375712562566,-102.79897772528358,2.4522201368629597,180.0589790644654,-1.1211335706525247,-229.76434372975177,-20.539467023086623,-20.74641542870584,-89.66016055086838,-0.2959917901366542,35.577582662317695,0.4659644518947855,-38.32781177819999,-3.539600436434288,-7.018960283856725,-13.138817174415195
INM,INM-CM5-0,r1i1p1f1,gr1,ssp370,2084-02,2084,2,12.06077195591471,219.53693659438483,-4.705312776978006,-269.7758896421302,-19.8039783730761,-28.492478966483198,-91.179951208368,13.598224813006102,178.40214269593704,-7.25840213575084,-227.77240753433253,-18.919405163125447,-19.26673802518699,-81.21658534945266,-1.5374528570913917,41.13479389844778,2.5530893587728345,-42.00348210779768,-0.884573209950652,-9.225740941296209,-9.963365858915338
INM,INM-CM5-0,r1i1p1f1,gr1,ssp370,2084-03,2084,3,52.79899917559639,224.65025560355707,-25.699758338901038,-273.353961452613,-11.99119571861872,-22.92627645121069,-56.52193718218999,59.638888590245294,183.0204183320094,-35.62667115946799,-235.28367474041085,-15.251576236177188,-17.38433462970656,-60.88694984350788,-6.839889414648901,41.62983727154767,9.926912820566951,-38.070286712202176,3.2603805175584686,-5.541941821504128,4.365012661317891
INM,INM-CM5-0,r1i1p1f1,gr1,ssp370,2084-04,2084,4,137.44331910273618,239.57725870508816,-64.38155488697748,-292.9469988785638,-8.890945697746947,-20.78898147568333,-9.987903131147238,155.3178734332641,203.4394340490368,-93.68494320584504,-261.3719090946296,-8.228404400565143,-14.007620385928949,-18.535569604667806,-17.87455433052793,36.13782465605135,29.30338831886756,-31.57508978393423,-0.6625412971818037,-6.78136108975438,8.547666473520568
INM,INM-CM5-0,r1i1p1f1,gr1,ssp370,2084-05,2084,5,216.27444129064386,267.4109044581738,-86.17506906695289,-313.6307290338528,-1.96475532653417,-11.425756975650156,70.48903534582763,247.34990174106002,237.36696451407164,-132.25247010732542,-294.5808684821893,-2.49212963594814,-10.76344882197312,44.6279492076957,-31.07546045041616,30.043939944102135,46.077401040372536,-19.04986055166347,0.5273743094139702,-0.6623081536770368,25.86108613813193
INM,INM-CM5-0,r1i1p1f1,gr1,ssp370,2084-06,2084,6,227.25262826789663,293.4844062325995,-72.9611484971044,-325.60497134169486,0.8506078570739143,-7.576506736411814,115.44501578235887,265.2973791099498,267.9699629796378,-117.5893157180128,-313.22580703693666,-0.004244195873688736,-8.586026789214452,93.86194834955006,-38.04475084205319,25.514443252961712,44.628167220908395,-12.379164304758206,0.854852052947603,1.009520052802638,21.583067432808804
INM,INM-CM5-0,r1i1p1f1,gr1,ssp370,2084-07,2084,7,193.50898312439202,308.3535740490351,-43.41782858712464,-334.6344066504071,1.8530663346295393,-5.333893239855081,120.3294950306699,217.4716641061232,283.73718239268294,-82.41688316221644,-319.7754931447574,0.6158126923815513,-7.250053789737271,92.38222909447663,-23.962680981731182,24.616391656352164,38.9990545750918,-14.858913505649696,1.237253642247988,1.91616054988219,27.947265936193276
INM,INM-CM5-0,r1i1p1f1,gr1,ssp370,2084-08,2084,8,116.80693594205503,308.51511393006433,-18.45743648062541,-338.2698357907177,0.5561761033401955,-10.253376187133833,58.8975775169826,137.99288070953398,280.3883142818284,-47.25680367253166,-317.4629669555353,-0.7458868537258483,-9.743392042762487,43.172145466807066,-21.185944767478944,28.12679964823593,28.79936719190625,-20.8068688351824,1.3020629570660438,-0.5099841443713462,15.725432050175534
INM,INM-CM5-0,r1i1p1f1,gr1,ssp370,2084-09,2084,9,54.10173813585291,295.4397416300647,-7.363892144686386,-334.21629137376686,-7.29302387561591,-25.102153684689302,-24.433881312840796,64.62605857660985,256.68731236752427,-20.084262079342775,-301.6967775674771,-5.800327218478942,-17.798728504042145,-24.066724425206903,-10.524320440756938,38.75242926254043,12.72036993465639,-32.51951380628975,-1.4926966571369684,-7.303425180647157,-0.3671568876338931
INM,INM-CM5-0,r1i1p1f1,gr1,ssp370,2084-10,2084,10,16.284091316598005,272.3655485766466,-1.96504849617327,-324.9437353421897,-13.575201712988873,-35.1382633890715,-86.97260904717878,18.359786183230952,226.1713069815244,-4.58560456704604,-277.15181734399863,-16.27695982199056,-26.218753296679903,-79.70204186495977,-2.075694866632947,46.19424159512218,2.6205560708727704,-47.79191799819108,2.701758109001686,-8.919510092391594,-7.270567182219011
INM,INM-CM5-0,r1i1p1f1,gr1,ssp370,2084-11,2084,11,3.169140381496482,254.35185890166957,-0.309089442683948,-313.4302147477597,-22.98869535320571,-42.187906100547586,-121.39490636103088,3.373616207685165,200.78103474652093,-0.6403541251953389,-253.7584501331604,-23.21293540517074,-27.089763709299525,-100.54685241861995,-0.20447582618868276,53.57082415514864,0.33126468251139085,-59.67176461459928,0.2242400519650296,-15.09814239124806,-20.848053942410928
INM,INM-CM5-0,r1i1p1f1,gr1,ssp370,2084-12,2084,12,0.8011550551921774,241.79384230061646,-0.07993356845497075,-297.12646227091807,-24.3328453583755,-34.533028155628074,-113.47727199756798,0.964180041922923,186.64826391094516,-0.31348832760597495,-237.90125991540202,-22.242226530874166,-23.201729997866106,-96.04626081888021,-0.1630249867307455,55.1455783896713,0.2335547591510042,-59.225202355516046,-2.090618827501334,-11.331298157761967,-17.43101117868777
INM,INM-CM5-0,r1i1p1f1,gr1,ssp370,2085-01,2085,1,2.143717951081573,214.86464361243873,-0.5909469798493016,-274.6603103379466,-32.58620273378511,-39.35559109371694,-130.18468958177766,2.4522201368629597,180.0589790644654,-1.1211335706525247,-229.76434372975177,-20.539467023086623,-20.74641542870584,-89.66016055086838,-0.30850218578138655,34.80566454797332,0.5301865908032232,-44.89596660819484,-12.046735710698485,-18.609175665011097,-40.52452903090928
INM,INM-CM5-0,r1i1p1f1,gr1,ssp370,2085-02,2085,2,11.929994576300224,216.8135595809847,-4.877196803370311,-269.00399184998207,-18.127727322341684,-26.79696594002272,-90.06232775843185,13.598224813006102,178.40214269593704,-7.25840213575084,-227.77240753433253,-18.919405163125447,-19.26673802518699,-81.21658534945266,-1.6682302367058774,38.41141688504766,2.381205332380529,-41.23158431564954,0.7916778407837626,-7.530227914835731,-8.845742408979191
INM,INM-CM5-0,r1i1p1f1,gr1,ssp370,2085-03,2085,3,52.22955320985609,222.635594729704,-25.62775045709552,-270.66099178505794,-13.176770919255432,-20.82513117024936,-55.42549639209818,59.638888590245294,183.0204183320094,-35.62667115946799,-235.28367474041085,-15.251576236177188,-17.38433462970656,-60.88694984350788,-7.4093353803892015,39.6151763976946,9.99892070237247,-35.3773170446471,2.074805316921756,-3.4407965405427987,5.461453451409696
INM,INM-CM5-0,r1i1p1f1,gr1,ssp370,2085-04,2085,4,138.17204103843216,237.90405003823247,-67.7949718186564,-290.9887396483395,-7.657832473070926,-19.637094775793337,-10.002547639195534,155.3178734332641,203.4394340490368,-93.68494320584504,-261.3719090946296,-8.228404400565143,-14.007620385928949,-18.535569604667806,-17.145832394831956,34.464615989195664,25.889971387188638,-29.616830553709917,0.5705719274942167,-5.629474389864388,8.533021965472273
INM,INM-CM5-0,r1i1p1f1,gr1,ssp370,2085-05,2085,5,220.53239397153743,265.14311851979625,-92.63980817746894,-312.13131534416783,-2.718250110158725,-12.143161396589724,66.04297746294849,247.34990174106002,237.36696451407164,-132.25247010732542,-294.5808684821893,-2.49212963594814,-10.76344882197312,44.6279492076957,-26.817507769522592,27.776154005724607,39.612661929856486,-17.550446861978514,-0.2261204742105849,-1.3797125746166046,21.415028255252786
INM,INM-CM5-0,r1i1p1f1,gr1,ssp370,2085-06,2085,6,250.2593989447598,287.50143782262353,-81.0323958361304,-326.2549679071195,1.2439856898352388,-7.0426538148567595,124.67480489911192,265.2973791099498,267.9699629796378,-117.5893157180128,-313.22580703693666,-0.004244195873688736,-8.586026789214452,93.86194834955006,-15.037980165190021,19.531474842985745,36.55691988188239,-13.029160870182864,1.2482298857089276,1.543372974357693,30.812856549561857
INM,INM-CM5-0,r1i1p1f1,gr1,ssp370,2085-07,2085,7,198.4060711187456,305.6834213660148,-50.55302343910589,-334.99529273282576,-0.02918095087206405,-9.37510758332601,109.13688777863065,217.4716641061232,283.73718239268294,-82.41688316221644,-319.7754931447574,0.6158126923815513,-7.250053789737271,92.38222909447663,-19.065592987377613,21.946238973331845,31.863859723110544,-15.219799588068383,-0.6449936432536154,-2.125053793588738,16.754658684154023
INM,INM-CM5-0,r1i1p1f1,gr1,ssp370,2085-08,2085,8,116.63509717414932,309.9817949252374,-19.548283393469003,-338.20652976490555,-0.5251814960207781,-10.347094028232483,57.98980341675895,137.99288070953398,280.3883142818284,-47.25680367253166,-317.4629669555353,-0.7458868537258483,-9.743392042762487,43.172145466807066,-21.357783535384655,29.59348064340901,27.708520279062657,-20.743562809370246,0.22070535770507016,-0.6037019854699963,14.817657949951887
INM,INM-CM5-0,r1i1p1f1,gr1,ssp370,2085-09,2085,9,52.891725449218846,295.34240688777885,-7.024278995028447,-333.79011753491335,-5.446287526607519,-20.549104783347012,-18.57565650289866,64.62605857660985,256.68731236752427,-20.084262079342775,-301.6967775674771,-5.800327218478942,-17.798728504042145,-24.066724425206903,-11.734333127391004,38.65509452025458,13.059983084314329,-32.093339967436236,0.3540396918714226,-2.7503762793048665,5.491067922308243
INM,INM-CM5-0,r1i1p1f1,gr1,ssp370,2085-10,2085,10,16.057255370164913,268.4743634015546,-1.8602690689793926,-323.12695322748,-16.113263876697186,-38.034600988333366,-94.6034683897704,18.359786183230952,226.1713069815244,-4.58560456704604,-277.15181734399863,-16.27695982199056,-26.218753296679903,-79.70204186495977,-2.3025308130660385,42.30305642003023,2.7253354980666478,-45.97513588348136,0.16369594529337306,-11.815847691653463,-14.901426524810631
INM,INM-CM5-0,r1i1p1f1,gr1,ssp370,2085-11,2085,11,3.043870935569533,245.56081630179563,-0.2939032009962289,-306.15812716195325,-25.694513957702647,-42.637108013349135,-126.17896509663608,3.373616207685165,200.78103474652093,-0.6403541251953389,-253.7584501331604,-23.21293540517074,-27.089763709299525,-100.54685241861995,-0.32974527211563176,44.779781555274695,0.34645092419910994,-52.39967702879284,-2.481578552531907,-15.54734430404961,-25.632112678016128
INM,INM-CM5-0,r1i1p1f1,gr1,ssp370,2085-12,2085,12,0.8226237175734282,243.07897134563015,-0.09894866850700622,-295.8119597688321,-16.304416440633624,-29.651667653684566,-97.96539746845369,0.964180041922923,186.64826391094516,-0.31348832760597495,-237.90125991540202,-22.242226530874166,-23.201729997866106,-96.04626081888021,-0.14155632434949472,56.43070743468499,0.21453965909896872,-57.91069985343006,5.937810090240543,-6.449937655818459,-1.919136649573474
INM,INM-CM5-0,r1i1p1f1,gr1,ssp370,2086-01,2086,1,2.147141158188293,224.42203549721353,-0.5083246335145244,-279.8118295739287,-26.85572999379681,-35.86629315099751,-116.47300069683573,2.4522201368629597,180.0589790644654,-1.1211335706525247,-229.76434372975177,-20.539467023086623,-20.74641542870584,-89.66016055086838,-0.3050789786746666,44.363056432748124,0.6128089371380003,-50.04748584417695,-6.316262970710188,-15.119877722291665,-26.812840145967343
INM,INM-CM5-0,r1i1p1f1,gr1,ssp370,2086-02,2086,2,13.137516092064724,205.20291374675477,-5.208933719014492,-261.72804431058853,-29.44178183036368,-35.9466115597959,-113.9849415809431,13.598224813006102,178.40214269593704,-7.25840213575084,-227.77240753433253,-18.919405163125447,-19.26673802518699,-81.21658534945266,-0.46070872094137805,26.80077105081773,2.0494684167363477,-33.955636776256,-10.522376667238234,-16.67987353460891,-32.76835623149044
INM,INM-CM5-0,r1i1p1f1,gr1,ssp370,2086-03,2086,3,53.63381905159773,224.102934182789,-26.74276302515931,-273.6654429959458,-13.34757655323351,-22.092456132701624,-58.1114854726535,59.638888590245294,183.0204183320094,-35.62667115946799,-235.28367474041085,-15.251576236177188,-17.38433462970656,-60.88694984350788,-6.005069538647561,41.0825158507796,8.88390813430868,-38.38176825553495,1.9039996829436774,-4.708121502995063,2.7754643708543796
INM,INM-CM5-0,r1i1p1f1,gr1,ssp370,2086-04,2086,4,142.55829320909223,234.0125480088429,-73.15762360308989,-287.36358631862726,-6.3742940471307294,-15.850108683056334,-6.174771433969038,155.3178734332641,203.4394340490368,-93.68494320584504,-261.3719090946296,-8.228404400565143,-14.007620385928949,-18.535569604667806,-12.759580224171884,30.573113959806108,20.527319602755156,-25.99167722399767,1.8541103534344137,-1.8424882971273853,12.360798170698768
INM,INM-CM5-0,r1i1p1f1,gr1,ssp370,2086-05,2086,5,215.42913341406773,267.88017212432715,-89.96381563787331,-312.5622141072987,-2.431904523782151,-12.631613385307151,65.71975788413356,247.34990174106002,237.36696451407164,-132.25247010732542,-294.5808684821893,-2.49212963594814,-10.76344882197312,44.6279492076957,-31.920768326992288,30.513207610255506,42.28865446945211,-17.981345625109384,0.06022511216598936,-1.868164563334032,21.091808676437857
INM,INM-CM5-0,r1i1p1f1,gr1,ssp370,2086-06,2086,6,241.59990800897214,289.43265250675125,-76.75530710229748,-325.8166043487285,0.7560369964416355,-7.837795224577504,121.37889083656152,265.2973791099498,267.9699629796378,-117.5893157180128,-313.22580703693666,-0.004244195873688736,-8.586026789214452,93.86194834955006,-23.69747110097768,21.46268952711347,40.83400861571532,-12.590797311791846,0.7602811923153242,0.7482315646369484,27.516942487011463
INM,INM-CM5-0,r1i1p1f1,gr1,ssp370,2086-07,2086,7,204.45081353300918,304.08398407197575,-49.99447371699376,-333.89116889276005,1.118528980840769,-7.140670079509819,118.62701389656208,217.4716641061232,283.73718239268294,-82.41688316221644,-319.7754931447574,0.6158126923815513,-7.250053789737271,92.38222909447663,-13.020850573114018,20.34680167929281,32.42240944522268,-14.115675748002673,0.5027162884592177,0.10938371022745219,26.244784802085448
INM,INM-CM5-0,r1i1p1f1,gr1,ssp370,2086-08,2086,8,119.96928944491283,309.91778320976704,-19.636243687250953,-338.4899833091377,-1.0444741995524724,-10.194071218445137,60.522300240293596,137.99288070953398,280.3883142818284,-47.25680367253166,-317.4629669555353,-0.7458868537258483,-9.743392042762487,43.172145466807066,-18.023591264621146,29.529468927938638,27.620559985280707,-21.02701635360239,-0.29858734582662416,-0.4506791756826498,17.35015477348653
INM,INM-CM5-0,r1i1p1f1,gr1,ssp370,2086-09,2086,9,53.05280903542088,296.44399050983935,-6.664588898142075,-334.3975804223322,-5.237341549250214,-19.498534344079506,-16.301245668543814,64.62605857660985,256.68731236752427,-20.084262079342775,-301.6967775674771,-5.800327218478942,-17.798728504042145,-24.066724425206903,-11.573249541188972,39.75667814231508,13.4196731812007,-32.70080285485511,0.5629856692287278,-1.6998058400373601,7.765478756663089
INM,INM-CM5-0,r1i1p1f1,gr1,ssp370,2086-10,2086,10,16.07230070464007,273.18705936217424,-1.825853565662967,-324.46999999957944,-13.364567792188659,-32.89715364933931,-83.29821493995603,18.359786183230952,226.1713069815244,-4.58560456704604,-277.15181734399863,-16.27695982199056,-26.218753296679903,-79.70204186495977,-2.287485478590881,47.01575238064984,2.7597510013830733,-47.31818265558081,2.9123920298019,-6.678400352659406,-3.5961730749962584
INM,INM-CM5-0,r1i1p1f1,gr1,ssp370,2086-11,2086,11,2.9724420563748044,254.36256752657067,-0.27788485042807126,-312.67292714154337,-24.765500822462982,-42.867270872506225,-123.24857410399515,3.373616207685165,200.78103474652093,-0.6403541251953389,-253.7584501331604,-23.21293540517074,-27.089763709299525,-100.54685241861995,-0.4011741513103604,53.58153278004974,0.3624692747672676,-58.91447700838296,-1.552565417292243,-15.7775071632067,-22.701721685375205
INM,INM-CM5-0,r1i1p1f1,gr1,ssp370,2086-12,2086,12,0.788205107507086,229.29800440656183,-0.07329616656434453,-290.19795739361,-24.095632336888166,-36.32098840805891,-120.60166479105253,0.964180041922923,186.64826391094516,-0.31348832760597495,-237.90125991540202,-22.242226530874166,-23.201729997866106,-96.04626081888021,-0.175974934415837,42.64974049561667,0.24019216104163044,-52.29669747820799,-1.853405806013999,-13.119258410192803,-24.555403972172314
INM,INM-CM5-0,r1i1p1f1,gr1,ssp370,2087-01,2087,1,2.015891734139763,218.62751381644347,-0.40049249496581557,-272.1119022778055,-24.372140445886952,-32.55342301617393,-108.79455268424897,2.4522201368629597,180.0589790644654,-1.1211335706525247,-229.76434372975177,-20.539467023086623,-20.74641542870584,-89.66016055086838,-0.4363284027231966,38.56853475197806,0.7206410756867092,-42.34755854805371,-3.8326734228003296,-11.807007587468089,-19.134392133380587
INM,INM-CM5-0,r1i1p1f1,gr1,ssp370,2087-02,2087,2,12.442898738873867,217.19857964635142,-4.950746593960214,-269.08376286550254,-18.870661096805666,-27.625898416861094,-90.88959058790421,13.598224813006102,178.40214269593704,-7.25840213575084,-227.77240753433253,-18.919405163125447,-19.26673802518699,-81.21658534945266,-1.155326074132235,38.796436950414375,2.307655541790626,-41.311355331170006,0.0487440663197809,-8.359160391674106,-9.673005238451552
INM,INM-CM5-0,r1i1p1f1,gr1,ssp370,2087-03,2087,3,54.83558435905853,214.19159410054843,-27.86676728588914,-266.8625612473369,-12.504301720267819,-23.81671597282078,-62.023167766707665,59.638888590245294,183.0204183320094,-35.62667115946799,-235.28367474041085,-15.251576236177188,-17.38433462970656,-60.88694984350788,-4.803304231186765,31.17117576853903,7.75990387357885,-31.57888650692604,2.7472745159093694,-6.432381343114219,-1.136217923199787
INM,INM-CM5-0,r1i1p1f1,gr1,ssp370,2087-04,2087,4,136.80015218479346,240.47021998595937,-66.30572878677891,-290.83281562739086,-4.645132435811545,-16.05160938068805,-0.5649140599165445,155.3178734332641,203.4394340490368,-93.68494320584504,-261.3719090946296,-8.228404400565143,-14.007620385928949,-18.535569604667806,-18.51772124847065,37.03078593692257,27.37921441906613,-29.46090653276127,3.5832719647535978,-2.0439889947591006,17.97065554475126
INM,INM-CM5-0,r1i1p1f1,gr1,ssp370,2087-05,2087,5,216.33301204723202,267.38824605721464,-87.34647873147743,-313.568472179816,-1.7759084433104282,-12.157726437326236,68.87267231251654,247.34990174106002,237.36696451407164,-132.25247010732542,-294.5808684821893,-2.49212963594814,-10.76344882197312,44.6279492076957,-31.016889693828006,30.021281543143004,44.90599137584799,-18.987603697626696,0.716221192637712,-1.3942776153531167,24.244723104820842
INM,INM-CM5-0,r1i1p1f1,gr1,ssp370,2087-06,2087,6,242.0590343590719,288.17870399239416,-78.59494509417915,-325.1376408216842,-0.3153434466577929,-9.341974322741853,116.84783466620308,265.2973791099498,267.9699629796378,-117.5893157180128,-313.22580703693666,-0.004244195873688736,-8.586026789214452,93.86194834955006,-23.23834475087793,20.208741012756377,38.994370623833646,-11.911833784747557,-0.31109925078410416,-0.7559475335274009,22.985886316653023
INM,INM-CM5-0,r1i1p1f1,gr1,ssp370,2087-07,2087,7,207.2019300152712,300.3877556933243,-52.793606914539545,-333.6957323402326,0.9184392584446743,-7.427383710560566,114.59140200170748,217.4716641061232,283.73718239268294,-82.41688316221644,-319.7754931447574,0.6158126923815513,-7.250053789737271,92.38222909447663,-10.269734090852012,16.650573300641383,29.62327624767689,-13.920239195475233,0.302626566063123,-0.17732992082329435,22.20917290723085
INM,INM-CM5-0,r1i1p1f1,gr1,ssp370,2087-08,2087,8,121.26775529767815,306.4901035377915,-24.319285062787415,-336.6532525126176,-1.2340833997796188,-12.123525744838012,53.427712115447044,137.99288070953398,280.3883142818284,-47.25680367253166,-317.4629669555353,-0.7458868537258483,-9.743392042762487,43.172145466807066,-16.725125411855828,26.101789255963126,22.937518609744245,-19.19028555708229,-0.4881965460537705,-2.3801337020755255,10.255566648639977
INM,INM-CM5-0,r1i1p1f1,gr1,ssp370,2087-09,2087,9,56.11573083276666,291.5074687938132,-9.34054587375959,-331.4342931169763,-4.646401766135815,-22.028108842288937,-19.826149972580794,64.62605857660985,256.68731236752427,-20.084262079342775,-301.6967775674771,-5.800327218478942,-17.798728504042145,-24.066724425206903,-8.510327743843192,34.82015642628892,10.743716205583185,-29.737515549499165,1.1539254523431266,-4.229380338246791,4.2405744526261095
INM,INM-CM5-0,r1i1p1f1,gr1,ssp370,2087-10,2087,10,15.68524783856315,273.8826790889056,-1.9316878291299187,-321.5323789065907,-13.17097256118628,-32.03234322248628,-79.09945559192442,18.359786183230952,226.1713069815244,-4.58560456704604,-277.15181734399863,-16.27695982199056,-26.218753296679903,-79.70204186495977,-2.674538344667802,47.71137210738121,2.6539167379161217,-44.38056156259205,3.1059872608042784,-5.8135899258063795,0.6025862730353424
INM,INM-CM5-0,r1i1p1f1,gr1,ssp370,2087-11,2087,11,2.975747595451494,250.293059539495,-0.2840585665439676,-305.6074089675958,-24.44857143221516,-40.871867112493454,-117.9430989439019,3.373616207685165,200.78103474652093,-0.6403541251953389,-253.7584501331604,-23.21293540517074,-27.089763709299525,-100.54685241861995,-0.39786861223367076,49.512024792974074,0.35629555865137125,-51.84895883443539,-1.2356360270444213,-13.78210340319393,-17.396246525281953
INM,INM-CM5-0,r1i1p1f1,gr1,ssp370,2087-12,2087,12,0.8014091158717919,230.0930751835326,-0.08667599307039599,-286.51170512886955,-28.368873927192542,-37.67129031442642,-121.74406106415452,0.964180041922923,186.64826391094516,-0.31348832760597495,-237.90125991540202,-22.242226530874166,-23.201729997866106,-96.04626081888021,-0.16277092605113108,43.44481127258743,0.22681233453557897,-48.61044521346753,-6.126647396318376,-14.469560316560315,-25.69780024527431
INM,INM-CM5-0,r1i1p1f1,gr1,ssp370,2088-01,2088,1,2.2085446735497127,217.70193114145286,-0.5932348545955035,-272.6366527557241,-27.922677879215463,-35.776241647000454,-117.01833132153297,2.4522201368629597,180.0589790644654,-1.1211335706525247,-229.76434372975177,-20.539467023086623,-20.74641542870584,-89.66016055086838,-0.24367546331324696,37.642952076987456,0.5278987160570212,-42.872309025972356,-7.383210856128841,-15.029826218294613,-27.358170770664586
INM,INM-CM5-0,r1i1p1f1,gr1,ssp370,2088-02,2088,2,11.855983289849423,208.0118719318172,-4.575633052817426,-264.07570661564176,-30.31392675533776,-38.38120972124123,-117.47862092337155,13.598224813006102,178.40214269593704,-7.25840213575084,-227.77240753433253,-18.919405163125447,-19.26673802518699,-81.21658534945266,-1.7422415231566788,29.609729235880167,2.6827690829334143,-36.303299081309234,-11.394521592212314,-19.11447169605424,-36.262035573918894
INM,INM-CM5-0,r1i1p1f1,gr1,ssp370,2088-03,2088,3,53.10775351583559,222.55126794095054,-25.546099336391283,-272.6840662064686,-15.89040808921074,-25.227861009659517,-63.68941318494396,59.638888590245294,183.0204183320094,-35.62667115946799,-235.28367474041085,-15.251576236177188,-17.38433462970656,-60.88694984350788,-6.531135074409704,39.53084960894114,10.080571823076706,-37.40039146605773,-0.6388318530335528,-7.843526379952955,-2.8024633414360807
INM,INM-CM5-0,r1i1p1f1,gr1,ssp370,2088-04,2088,4,141.39575395295256,236.82744710273323,-68.23341796698547,-290.186323466378,-8.206084783166395,-20.23194873096701,-8.63457389181111,155.3178734332641,203.4394340490368,-93.68494320584504,-261.3719090946296,-8.228404400565143,-14.007620385928949,-18.535569604667806,-13.92211948031155,33.388013053696426,25.451525238859574,-28.8144143717484,0.022319617398748548,-6.22432834503806,9.900995712856696
INM,INM-CM5-0,r1i1p1f1,gr1,ssp370,2088-05,2088,5,209.7983488477669,270.4021371413345,-84.84231839248885,-314.32238062567393,-1.4287139322045317,-12.99857468095522,66.60849835777886,247.34990174106002,237.36696451407164,-132.25247010732542,-294.5808684821893,-2.49212963594814,-10.76344882197312,44.6279492076957,-37.55155289329312,33.03517262726285,47.41015171483657,-19.741512143484613,1.0634157037436085,-2.2351258589821015,21.980549150083156
INM,INM-CM5-0,r1i1p1f1,gr1,ssp370,2088-06,2088,6,230.83126038395318,293.98920478395803,-74.01701290019243,-325.7855476949926,0.9388248970533749,-7.28290874222454,118.67382072755498,265.2973791099498,267.9699629796378,-117.5893157180128,-313.22580703693666,-0.004244195873688736,-8.586026789214452,93.86194834955006,-34.46611872599664,26.019241804320245,43.57230281782037,-12.559740658055944,0.9430690929270636,1.303118046989912,24.81187237800492
INM,INM-CM5-0,r1i1p1f1,gr1,ssp370,2088-07,2088,7,193.87147657987398,305.4574547951548,-46.28506897831559,-333.77287520004495,2.269904355465622,-6.455218460393218,115.08567309174063,217.4716641061232,283.73718239268294,-82.41688316221644,-319.7754931447574,0.6158126923815513,-7.250053789737271,92.38222909447663,-23.600187526249215,21.720272402471835,36.13181418390084,-13.997382055287574,1.654091663084071,0.7948353293440533,22.703443997264003
INM,INM-CM5-0,r1i1p1f1,gr1,ssp370,2088-08,2088,8,117.08728193235137,309.93332701673637,-19.20075111489229,-338.1099298161199,0.9640830809795644,-8.601388911181107,62.07262218787403,137.99288070953398,280.3883142818284,-47.25680367253166,-317.4629669555353,-0.7458868537258483,-9.743392042762487,43.172145466807066,-20.905598777182604,29.54501273490797,28.05605255763937,-20.64696286058461,1.7099699347054127,1.1420031315813794,18.900476721066966
INM,INM-CM5-0,r1i1p1f1,gr1,ssp370,2088-09,2088,9,54.49397047699151,292.55381703675016,-7.513820616896677,-334.0133382709562,-7.402188154789724,-26.263829893209948,-28.14538942211084,64.62605857660985,256.68731236752427,-20.084262079342775,-301.6967775674771,-5.800327218478942,-17.798728504042145,-24.066724425206903,-10.132088099618343,35.86650466922589,12.570441462446098,-32.31656070347907,-1.601860936310782,-8.465101389167803,-4.078664996903935
INM,INM-CM5-0,r1i1p1f1,gr1,ssp370,2088-10,2088,10,16.144867758494822,276.5656355749284,-1.896044292195955,-324.75714017460217,-11.514905541064126,-30.931970479740293,-76.3895571541793,18.359786183230952,226.1713069815244,-4.58560456704604,-277.15181734399863,-16.27695982199056,-26.218753296679903,-79.70204186495977,-2.2149184247361298,50.394328593404026,2.689560274850085,-47.60532283060354,4.762054280926433,-4.71321718306039,3.312484710780467
INM,INM-CM5-0,r1i1p1f1,gr1,ssp370,2088-11,2088,11,3.001980796322552,252.49839241149124,-0.2865804667172543,-309.6538966490004,-24.698993527326387,-40.35378663689062,-119.49288407212086,3.373616207685165,200.78103474652093,-0.6403541251953389,-253.7584501331604,-23.21293540517074,-27.089763709299525,-100.54685241861995,-0.3716354113626128,51.71735766497031,0.35377365847808456,-55.89544651583998,-1.4860581221556473,-13.264022927591093,-18.94603165350091
INM,INM-CM5-0,r1i1p1f1,gr1,ssp370,2088-12,2088,12,0.8673967451884086,238.12280142670633,-0.10208721488044316,-296.5527988729466,-27.154085073507407,-39.6177878598759,-124.43656084931558,0.964180041922923,186.64826391094516,-0.31348832760597495,-237.90125991540202,-22.242226530874166,-23.201729997866106,-96.04626081888021,-0.09678329673451436,51.47453751576117,0.2114011127255318,-58.651538957544574,-4.91185854263324,-16.41605786200979,-28.39030003043537
INM,INM-CM5-0,r1i1p1f1,gr1,ssp370,2089-01,2089,1,2.185177316383297,229.71625577473574,-0.6543771268785056,-282.5689546605176,-20.623868394558283,-32.53498395406682,-104.48075104490216,2.4522201368629597,180.0589790644654,-1.1211335706525247,-229.76434372975177,-20.539467023086623,-20.74641542870584,-89.66016055086838,-0.2670428204796629,49.65727671027034,0.46675644377401915,-52.80461093076582,-0.08440137147166027,-11.788568525360976,-14.82059049403378
INM,INM-CM5-0,r1i1p1f1,gr1,ssp370,2089-02,2089,2,12.544001853276963,221.53793873692683,-5.52146509584117,-273.0527082592697,-20.15731331622438,-30.27884567385246,-94.9283917549839,13.598224813006102,178.40214269593704,-7.25840213575084,-227.77240753433253,-18.919405163125447,-19.26673802518699,-81.21658534945266,-1.0542229597291382,43.13579604098979,1.7369370399096704,-45.28030072493718,-1.2379081530989318,-11.01210764866547,-13.711806405531249
INM,INM-CM5-0,r1i1p1f1,gr1,ssp370,2089-03,2089,3,53.8754385938782,218.21390102448058,-27.038806424504358,-270.4274287597694,-16.34869431311686,-27.99376637914907,-69.71935625818087,59.638888590245294,183.0204183320094,-35.62667115946799,-235.28367474041085,-15.251576236177188,-17.38433462970656,-60.88694984350788,-5.763449996367093,35.19348269247118,8.587864734963631,-35.14375401935854,-1.0971180769396707,-10.609431749442507,-8.832406414672988
INM,INM-CM5-0,r1i1p1f1,gr1,ssp370,2089-04,2089,4,138.59287641136476,244.36796226385755,-65.60168478542967,-295.2480719982983,-5.2608043925195505,-18.678734669551556,-1.828457170576769,155.3178734332641,203.4394340490368,-93.68494320584504,-261.3719090946296,-8.228404400565143,-14.007620385928949,-18.535569604667806,-16.724997021899355,40.928528214820744,28.083258420415376,-33.87616290366873,2.9676000080455927,-4.671114283622607,16.707112434091037
INM,INM-CM5-0,r1i1p1f1,gr1,ssp370,2089-05,2089,5,224.71380258982802,265.5938975715341,-90.46532253160336,-314.28703762834994,-0.29072127008208165,-10.386764905188631,74.87785382613815,247.34990174106002,237.36696451407164,-132.25247010732542,-294.5808684821893,-2.49212963594814,-10.76344882197312,44.6279492076957,-22.636099151232003,28.226933057462475,41.78714757572206,-19.70616914616062,2.2014083658660586,0.3766839167844882,30.24990461844245
INM,INM-CM5-0,r1i1p1f1,gr1,ssp370,2089-06,2089,6,237.58300949971965,289.75115502582713,-79.72456031057038,-326.3355562145994,-0.013631935775040595,-10.067533784171914,111.19288228043008,265.2973791099498,267.9699629796378,-117.5893157180128,-313.22580703693666,-0.004244195873688736,-8.586026789214452,93.86194834955006,-27.714369610230165,21.781192046189346,37.864755407442416,-13.109749177662763,-0.00938773990135186,-1.4815069949574617,17.330933930880022
INM,INM-CM5-0,r1i1p1f1,gr1,ssp370,2089-07,2089,7,191.22467830632542,307.50752991315466,-44.13728738552755,-335.00955418289254,1.0351641237421045,-6.85954775315875,113.76098302164334,217.4716641061232,283.73718239268294,-82.41688316221644,-319.7754931447574,0.6158126923815513,-7.250053789737271,92.38222909447663,-26.246985799797784,23.770347520471717,38.279595776688886,-15.234061038135167,0.4193514313605532,0.3905060365785218,21.378753927166713
INM,INM-CM5-0,r1i1p1f1,gr1,ssp370,2089-08,2089,8,117.15475673034561,310.3020598983622,-18.278780728590696,-339.0153944093806,-0.8711172315303015,-11.134692421863999,58.15683183734221,137.99288070953398,280.3883142818284,-47.25680367253166,-317.4629669555353,-0.7458868537258483,-9.743392042762487,43.172145466807066,-20.838123979188367,29.913745616533788,28.978022943940964,-21.55242745384527,-0.12523037780445323,-1.3913003791015122,14.984686370535144
INM,INM-CM5-0,r1i1p1f1,gr1,ssp370,2089-09,2089,9,53.405275601788226,299.31691019287854,-6.9241354687398875,-335.5168195262876,-5.000348295722312,-20.876309678406773,-15.59542717448981,64.62605857660985,256.68731236752427,-20.084262079342775,-301.6967775674771,-5.800327218478942,-17.798728504042145,-24.066724425206903,-11.220782974821624,42.62959782535427,13.160126610602887,-33.820041958810464,0.7999789227566296,-3.077581174364628,8.471297250717093
INM,INM-CM5-0,r1i1p1f1,gr1,ssp370,2089-10,2089,10,16.447112776927682,276.68887301726915,-1.8107676726307749,-326.96220480657155,-14.174814771942307,-36.18829802828677,-86.00009948523461,18.359786183230952,226.1713069815244,-4.58560456704604,-277.15181734399863,-16.27695982199056,-26.218753296679903,-79.70204186495977,-1.91267340630327,50.51756603574475,2.7748368944152655,-49.81038746257292,2.102145050048252,-9.96954473160687,-6.298057620274847
INM,INM-CM5-0,r1i1p1f1,gr1,ssp370,2089-11,2089,11,3.1165319080533243,255.36289651062728,-0.29391922100589823,-315.1138432512035,-25.72706716531039,-44.57646266361935,-127.23186388245857,3.373616207685165,200.78103474652093,-0.6403541251953389,-253.7584501331604,-23.21293540517074,-27.089763709299525,-100.54685241861995,-0.25708429963184054,54.58186176410635,0.3464349041894406,-61.35539311804308,-2.5141317601396516,-17.486698954319827,-26.68501146383862
INM,INM-CM5-0,r1i1p1f1,gr1,ssp370,2089-12,2089,12,0.8074729692908255,239.00659100102644,-0.0866576762016775,-297.04120132051514,-24.37210312160192,-37.676991531046106,-119.36288967904758,0.964180041922923,186.64826391094516,-0.31348832760597495,-237.90125991540202,-22.242226530874166,-23.201729997866106,-96.04626081888021,-0.1567070726320975,52.358327090081275,0.22683065140429745,-59.13994140511312,-2.129876590727754,-14.47526153318,-23.31662886016737
INM,INM-CM5-0,r1i1p1f1,gr1,ssp370,2090-01,2090,1,2.10112132806433,229.12101971744283,-0.563804997557708,-283.71403570451747,-24.239349808232344,-35.996683971777195,-113.29173343657754,2.4522201368629597,180.0589790644654,-1.1211335706525247,-229.76434372975177,-20.539467023086623,-20.74641542870584,-89.66016055086838,-0.35109880879862976,49.06204065297743,0.5573285730948168,-53.9496919747657,-3.6998827851457214,-15.250268543071353,-23.63157288570916
INM,INM-CM5-0,r1i1p1f1,gr1,ssp370,2090-02,2090,2,12.23645054615873,218.73542257973284,-5.109599322447206,-272.95437361802084,-23.64563886279348,-33.2404191432378,-103.97815782060775,13.598224813006102,178.40214269593704,-7.25840213575084,-227.77240753433253,-18.919405163125447,-19.26673802518699,-81.21658534945266,-1.3617742668473714,40.3332798837958,2.148802813303634,-45.18196608368831,-4.7262336996680325,-13.973681118050813,-22.76157247115509
INM,INM-CM5-0,r1i1p1f1,gr1,ssp370,2090-03,2090,3,53.59063177802925,220.56372874429073,-24.3579929341883,-276.03355103156156,-22.096858549601436,-32.931429007784274,-81.26547100081561,59.638888590245294,183.0204183320094,-35.62667115946799,-235.28367474041085,-15.251576236177188,-17.38433462970656,-60.88694984350788,-6.048256812216046,37.54331041228133,11.26867822527969,-40.74987629115071,-6.8452823134242475,-15.547094378077713,-20.37852115730773
INM,INM-CM5-0,r1i1p1f1,gr1,ssp370,2090-04,2090,4,135.2445388515009,247.19285689373524,-61.40073172529959,-297.8136250399988,-5.364367363495257,-17.719153045850017,0.13951857059249662,155.3178734332641,203.4394340490368,-93.68494320584504,-261.3719090946296,-8.228404400565143,-14.007620385928949,-18.535569604667806,-20.07333458176322,43.753422844698434,32.28421148054545,-36.4417159453692,2.8640370370698864,-3.711532659921069,18.675088175260303
INM,INM-CM5-0,r1i1p1f1,gr1,ssp370,2090-05,2090,5,218.10253582319174,265.62917837415347,-86.09348720608214,-313.43797699109376,-2.6101927494241766,-13.496324435638176,68.09373281510697,247.34990174106002,237.36696451407164,-132.25247010732542,-294.5808684821893,-2.49212963594814,-10.76344882197312,44.6279492076957,-29.24736591786828,28.26221386008183,46.15898290124328,-18.857108508904446,-0.11806311347603637,-2.7328756136650565,23.465783607411275
INM,INM-CM5-0,r1i1p1f1,gr1,ssp370,2090-06,2090,6,238.05046021547145,288.7155861304577,-71.33692304867364,-326.0992625321718,0.2935784590074936,-9.06554609843703,120.5578931256543,265.2973791099498,267.9699629796378,-117.5893157180128,-313.22580703693666,-0.004244195873688736,-8.586026789214452,93.86194834955006,-27.24691889447837,20.745623150819938,46.25239266933916,-12.873455495235135,0.2978226548811823,-0.479519309222578,26.69594477610424
INM,INM-CM5-0,r1i1p1f1,gr1,ssp370,2090-07,2090,7,186.05862182730064,310.0814286441616,-39.398890911080244,-335.3668843700994,0.749369241463504,-7.75413715504899,114.36950727669712,217.4716641061232,283.73718239268294,-82.41688316221644,-319.7754931447574,0.6158126923815513,-7.250053789737271,92.38222909447663,-31.41304227882256,26.344246251478637,43.01799225113619,-15.591391225342022,0.1335565490819527,-0.5040833653117183,21.987278182220493
INM,INM-CM5-0,r1i1p1f1,gr1,ssp370,2090-08,2090,8,118.32194014331364,310.50765303431814,-18.388691518469145,-340.05589822309184,-0.42339757654082766,-10.148684431614459,59.81292142791547,137.99288070953398,280.3883142818284,-47.25680367253166,-317.4629669555353,-0.7458868537258483,-9.743392042762487,43.172145466807066,-19.670940566220338,30.11933875248974,28.868112154062516,-22.592931267556537,0.32248927718502063,-0.40529238885197216,16.640775961108403
INM,INM-CM5-0,r1i1p1f1,gr1,ssp370,2090-09,2090,9,54.376225241136545,294.5940323600252,-7.252453534170188,-335.4052938525255,-5.9690834658589225,-23.85278904416329,-23.50936229555617,64.62605857660985,256.68731236752427,-20.084262079342775,-301.6967775674771,-5.800327218478942,-17.798728504042145,-24.066724425206903,-10.249833335473305,37.90671999250094,12.831808545172587,-33.708516285048404,-0.16875624737998063,-6.054060540121146,0.5573621296507341
INM,INM-CM5-0,r1i1p1f1,gr1,ssp370,2090-10,2090,10,16.18193770370856,275.1744218533107,-1.8204556155605829,-326.1590045436195,-14.784464799903132,-35.95636846967218,-87.36393387173615,18.359786183230952,226.1713069815244,-4.58560456704604,-277.15181734399863,-16.27695982199056,-26.218753296679903,-79.70204186495977,-2.1778484795223925,49.00311487178632,2.7651489514854575,-49.00718719962089,1.492495022087427,-9.737615172992275,-7.661892006776384
INM,INM-CM5-0,r1i1p1f1,gr1,ssp370,2090-11,2090,11,3.089566033856391,252.16445959700008,-0.29600013255936836,-313.30444049759876,-28.278754388860094,-48.037929610086046,-134.6630989982478,3.373616207685165,200.78103474652093,-0.6403541251953389,-253.7584501331604,-23.21293540517074,-27.089763709299525,-100.54685241861995,-0.28405017382877373,51.383424850479145,0.3443539926359705,-59.54599036443835,-5.065818983689354,-20.94816590078652,-34.11624657962784
INM,INM-CM5-0,r1i1p1f1,gr1,ssp370,2090-12,2090,12,0.8609125149203827,241.86790913733236,-0.08461978983961668,-299.5664894492817,-26.539958577862812,-38.42653349549681,-121.88877966022818,0.964180041922923,186.64826391094516,-0.31348832760597495,-237.90125991540202,-22.242226530874166,-23.201729997866106,-96.04626081888021,-0.10326752700254027,55.2196452263872,0.22886853776635827,-61.66522953387965,-4.297732046988646,-15.224803497630706,-25.842518841347967
INM,INM-CM5-0,r1i1p1f1,gr1,ssp370,2091-01,2091,1,2.0738737728711794,221.60993721060498,-0.4931432252796729,-279.41673509031125,-23.063441405069103,-31.498139476609516,-110.7876482137934,2.4522201368629597,180.0589790644654,-1.1211335706525247,-229.76434372975177,-20.539467023086623,-20.74641542870584,-89.66016055086838,-0.37834636399178034,41.55095814613958,0.6279903453728518,-49.65239136055948,-2.5239743819824803,-10.751724047903675,-21.12748766292502
INM,INM-CM5-0,r1i1p1f1,gr1,ssp370,2091-02,2091,2,12.70437133627632,216.12995534289033,-4.778132039997082,-271.6930756442235,-24.732962102800418,-32.38778060075898,-104.7576237086133,13.598224813006102,178.40214269593704,-7.25840213575084,-227.77240753433253,-18.919405163125447,-19.26673802518699,-81.21658534945266,-0.893853476729781,37.72781264695328,2.480270095753758,-43.920668109890954,-5.813556939674971,-13.121042575571991,-23.541038359160638
INM,INM-CM5-0,r1i1p1f1,gr1,ssp370,2091-03,2091,3,54.23459289521194,214.32402931205957,-26.0919773508394,-270.4237263297329,-23.97761336077234,-32.75350764720033,-84.68820248127344,59.638888590245294,183.0204183320094,-35.62667115946799,-235.28367474041085,-15.251576236177188,-17.38433462970656,-60.88694984350788,-5.404295695033355,31.303610980050166,9.534693808628589,-35.14005158932207,-8.726037124595154,-15.369173017493768,-23.801252637765558
INM,INM-CM5-0,r1i1p1f1,gr1,ssp370,2091-04,2091,4,138.42682498222058,237.43366030623972,-66.44189651403414,-291.00698491510553,-7.278655219410987,-18.45501497777904,-7.322066337869462,155.3178734332641,203.4394340490368,-93.68494320584504,-261.3719090946296,-8.228404400565143,-14.007620385928949,-18.535569604667806,-16.89104845104353,33.99422625720291,27.243046691810903,-29.635075820475947,0.9497491811541563,-4.447394591850092,11.213503266798345
INM,INM-CM5-0,r1i1p1f1,gr1,ssp370,2091-05,2091,5,219.23607397164002,266.2380989119729,-88.94904594323626,-313.25769392040826,-0.36501174016911625,-11.143571974817378,71.75884930498195,247.34990174106002,237.36696451407164,-132.25247010732542,-294.5808684821893,-2.49212963594814,-10.76344882197312,44.6279492076957,-28.11382776942,28.871134397901244,43.303424164089165,-18.67682543821894,2.127117895779024,-0.38012315284425924,27.13090009728625
INM,INM-CM5-0,r1i1p1f1,gr1,ssp370,2091-06,2091,6,247.71193207104952,287.137235358517,-80.58424618495324,-326.0308363580481,-0.744222608787088,-10.27959467889811,117.21026759887995,265.2973791099498,267.9699629796378,-117.5893157180128,-313.22580703693666,-0.004244195873688736,-8.586026789214452,93.86194834955006,-17.5854470389003,19.167272378879204,37.005069533059554,-12.80502932111142,-0.7399784129133993,-1.6935678896836581,23.34831924932989
INM,INM-CM5-0,r1i1p1f1,gr1,ssp370,2091-07,2091,7,196.15838513606548,304.6172989768863,-44.57241454809325,-334.69241643510696,1.4026609236954455,-6.931625457594503,115.98188859585247,217.4716641061232,283.73718239268294,-82.41688316221644,-319.7754931447574,0.6158126923815513,-7.250053789737271,92.38222909447663,-21.313278970057723,20.880116584203336,37.84446861412319,-14.916923290349587,0.7868482313138941,0.31842833214276833,23.59965950137584
INM,INM-CM5-0,r1i1p1f1,gr1,ssp370,2091-08,2091,8,117.61893440120562,307.71340371426254,-18.94231147817951,-338.42769118301015,-0.6685847722167292,-12.503640481661064,54.79011020040065,137.99288070953398,280.3883142818284,-47.25680367253166,-317.4629669555353,-0.7458868537258483,-9.743392042762487,43.172145466807066,-20.373946308328357,27.32508943243414,28.31449219435215,-20.964724227474846,0.0773020815091191,-2.760248438898577,11.617964733593581
INM,INM-CM5-0,r1i1p1f1,gr1,ssp370,2091-09,2091,9,54.89399974859742,294.43047142403435,-7.486622375593818,-334.1599224005277,-6.5338540950698105,-23.61983627081965,-22.4757639693792,64.62605857660985,256.68731236752427,-20.084262079342775,-301.6967775674771,-5.800327218478942,-17.798728504042145,-24.066724425206903,-9.732058828012427,37.74315905651008,12.597639703748957,-32.46314483305059,-0.7335268765908687,-5.821107766777505,1.5909604558277017
INM,INM-CM5-0,r1i1p1f1,gr1,ssp370,2091-10,2091,10,15.576381920861934,278.73294562143303,-1.807699251929915,-325.9147047508003,-11.308821008477468,-30.2035623845271,-74.92545985343983,18.359786183230952,226.1713069815244,-4.58560456704604,-277.15181734399863,-16.27695982199056,-26.218753296679903,-79.70204186495977,-2.783404262369018,52.56163863990864,2.7779053151161253,-48.76288740680167,4.968138813513091,-3.9848090878471965,4.776582011519935
INM,INM-CM5-0,r1i1p1f1,gr1,ssp370,2091-11,2091,11,2.8860828097505014,262.3050592693716,-0.2800231798918844,-314.6571732494465,-18.475285048896957,-36.9454785445294,-105.1668179436426,3.373616207685165,200.78103474652093,-0.6403541251953389,-253.7584501331604,-23.21293540517074,-27.089763709299525,-100.54685241861995,-0.48753339793466344,61.52402452285068,0.36033094530345444,-60.89872311628608,4.737650356273782,-9.855714835229875,-4.61996552502265
INM,INM-CM5-0,r1i1p1f1,gr1,ssp370,2091-12,2091,12,0.8322676941091467,235.15642078026093,-0.09620011364190066,-297.65475398009073,-30.2536240330796,-44.68419064075469,-136.7000802931969,0.964180041922923,186.64826391094516,-0.31348832760597495,-237.90125991540202,-22.242226530874166,-23.201729997866106,-96.04626081888021,-0.13191234781377625,48.50815686931577,0.21728821396407427,-59.75349406468871,-8.011397502205433,-21.482460642888586,-40.65381947431668
INM,INM-CM5-0,r1i1p1f1,gr1,ssp370,2092-01,2092,1,2.2174723925932236,225.79962200303385,-0.6016688714959395,-279.9806467151529,-21.671449591852895,-30.001450481690114,-104.23812126456475,2.4522201368629597,180.0589790644654,-1.1211335706525247,-229.76434372975177,-20.539467023086623,-20.74641542870584,-89.66016055086838,-0.2347477442697361,45.74064293856844,0.5194646991565852,-50.216302985401114,-1.1319825687662721,-9.255035052984272,-14.57796071369637
INM,INM-CM5-0,r1i1p1f1,gr1,ssp370,2092-02,2092,2,12.060026248186768,216.881944389717,-4.9841826497469865,-268.7192707532603,-24.47126723650933,-33.3068720941317,-102.53962209574453,13.598224813006102,178.40214269593704,-7.25840213575084,-227.77240753433253,-18.919405163125447,-19.26673802518699,-81.21658534945266,-1.538198564819334,38.47980169377996,2.2742194860038536,-40.946863218927746,-5.551862073383884,-14.04013406894471,-21.323036746291876
INM,INM-CM5-0,r1i1p1f1,gr1,ssp370,2092-03,2092,3,53.81612274439108,224.10956048529908,-26.611919680509242,-272.9593918252898,-10.54730064358116,-20.27925479112228,-52.47218371081232,59.638888590245294,183.0204183320094,-35.62667115946799,-235.28367474041085,-15.251576236177188,-17.38433462970656,-60.88694984350788,-5.822765845854214,41.089142153289686,9.014751478958747,-37.675717084878954,4.704275592596028,-2.894920161415719,8.414766132695561
INM,INM-CM5-0,r1i1p1f1,gr1,ssp370,2092-04,2092,4,143.88191224841682,234.7707676462612,-71.17534764693809,-289.1739523715476,-9.010929772513464,-19.790712301933745,-10.4982621982549,155.3178734332641,203.4394340490368,-93.68494320584504,-261.3719090946296,-8.228404400565143,-14.007620385928949,-18.535569604667806,-11.435961184847287,31.331333597224386,22.509595558906952,-27.802043276918027,-0.7825253719483207,-5.783091916004796,8.037307406412907
INM,INM-CM5-0,r1i1p1f1,gr1,ssp370,2092-05,2092,5,223.93326614441102,263.7297088593416,-93.56030843883458,-312.1403837818083,-1.7876292804692018,-11.880798650372085,68.29385485226851,247.34990174106002,237.36696451407164,-132.25247010732542,-294.5808684821893,-2.49212963594814,-10.76344882197312,44.6279492076957,-23.416635596649,26.36274434526996,38.69216166849084,-17.559515299618965,0.7045003554789384,-1.1173498283989662,23.66590564457281
INM,INM-CM5-0,r1i1p1f1,gr1,ssp370,2092-06,2092,6,238.3918258136419,288.8381752420976,-81.45209674746116,-325.1468886619906,0.25218039670734105,-8.809091337650278,112.07410470534474,265.2973791099498,267.9699629796378,-117.5893157180128,-313.22580703693666,-0.004244195873688736,-8.586026789214452,93.86194834955006,-26.905553296307914,20.868212262459792,36.13721897055164,-11.921081625053944,0.2564245925810298,-0.22306454843582557,18.212156355794676
INM,INM-CM5-0,r1i1p1f1,gr1,ssp370,2092-07,2092,7,195.6450271891233,303.88656309835574,-47.469573558290676,-332.6890330120195,1.1454949416671794,-7.437168144897039,113.08131051393903,217.4716641061232,283.73718239268294,-82.41688316221644,-319.7754931447574,0.6158126923815513,-7.250053789737271,92.38222909447663,-21.826636916999888,20.149380705672797,34.94730960392576,-12.913539867262102,0.529682249285628,-0.1871143551597676,20.699081419462402
INM,INM-CM5-0,r1i1p1f1,gr1,ssp370,2092-08,2092,8,115.14061119872373,307.53974868731575,-18.274731454746732,-336.03305091129,-1.1831055048341654,-11.512093867113334,55.677378148055226,137.99288070953398,280.3883142818284,-47.25680367253166,-317.4629669555353,-0.7458868537258483,-9.743392042762487,43.172145466807066,-22.852269510810245,27.15143440548735,28.98207221778493,-18.570083955754683,-0.43721865110831715,-1.7687018243508472,12.50523268124816
INM,INM-CM5-0,r1i1p1f1,gr1,ssp370,2092-09,2092,9,54.77052517572381,293.669490449798,-6.813197458559187,-332.79601496488414,-4.248947238095314,-20.61339901690285,-16.031543052919638,64.62605857660985,256.68731236752427,-20.084262079342775,-301.6967775674771,-5.800327218478942,-17.798728504042145,-24.066724425206903,-9.855533400886038,36.98217808227372,13.271064620783587,-31.099237397407023,1.5513799803836275,-2.8146705128607046,8.035181372287266
INM,INM-CM5-0,r1i1p1f1,gr1,ssp370,2092-10,2092,10,15.798903524019554,269.71734959965755,-1.9026275900165377,-323.01162325741876,-14.48232953935461,-34.946258751804564,-88.82658601491735,18.359786183230952,226.1713069815244,-4.58560456704604,-277.15181734399863,-16.27695982199056,-26.218753296679903,-79.70204186495977,-2.560882659211398,43.54604261813316,2.6829769770295027,-45.85980591342013,1.7946302826359481,-8.72750545512466,-9.124544149957586
INM,INM-CM5-0,r1i1p1f1,gr1,ssp370,2092-11,2092,11,2.872446948608524,254.50565218457686,-0.27342176278613617,-311.3987302712044,-21.371817369985113,-37.81173269961211,-113.47760297040234,3.373616207685165,200.78103474652093,-0.6403541251953389,-253.7584501331604,-23.21293540517074,-27.089763709299525,-100.54685241861995,-0.501169259076641,53.72461743805593,0.3669323624092027,-57.64028013804398,1.8411180351856267,-10.721968990312583,-12.930750551782396
INM,INM-CM5-0,r1i1p1f1,gr1,ssp370,2092-12,2092,12,0.8169719227824804,230.23703153789262,-0.08782734601903468,-288.28850921893394,-25.096067780859354,-33.216514370123555,-115.63491525526078,0.964180041922923,186.64826391094516,-0.31348832760597495,-237.90125991540202,-22.242226530874166,-23.201729997866106,-96.04626081888021,-0.14720811914044252,43.58876762694746,0.22566098158694026,-50.38724930353192,-2.8538412499851873,-10.014784372257449,-19.588654436380565
INM,INM-CM5-0,r1i1p1f1,gr1,ssp370,2093-01,2093,1,2.276893644611616,210.77842697782665,-0.6924078719154375,-266.31960929635096,-27.437504161439524,-34.18696797382442,-115.58116868109207,2.4522201368629597,180.0589790644654,-1.1211335706525247,-229.76434372975177,-20.539467023086623,-20.74641542870584,-89.66016055086838,-0.17532649225134378,30.71944791336125,0.4287256987370872,-36.55526556659919,-6.898037138352901,-13.440552545118582,-25.921008130223683
INM,INM-CM5-0,r1i1p1f1,gr1,ssp370,2093-02,2093,2,12.307406536067333,214.51093621728998,-5.344600931789426,-265.4735569726476,-16.31712547442238,-25.441544006584174,-85.75848463208627,13.598224813006102,178.40214269593704,-7.25840213575084,-227.77240753433253,-18.919405163125447,-19.26673802518699,-81.21658534945266,-1.2908182769387686,36.108793521352936,1.9138012039614143,-37.70114943831507,2.6022796887030673,-6.174805981397185,-4.541899282633608
INM,INM-CM5-0,r1i1p1f1,gr1,ssp370,2093-03,2093,3,54.87118188296642,219.27546316107848,-26.59271512548978,-270.51374955576006,-15.58729842411419,-25.02420668979941,-63.57132475111855,59.638888590245294,183.0204183320094,-35.62667115946799,-235.28367474041085,-15.251576236177188,-17.38433462970656,-60.88694984350788,-4.767706707278876,36.25504482906908,9.03395603397821,-35.23007481534921,-0.3357221879370016,-7.6398720600928485,-2.6843749076106747
INM,INM-CM5-0,r1i1p1f1,gr1,ssp370,2093-04,2093,4,138.49780821385957,238.00160046911034,-68.66739173431675,-288.697375940712,-6.135444249832688,-16.819860990237686,-3.8206642321291895,155.3178734332641,203.4394340490368,-93.68494320584504,-261.3719090946296,-8.228404400565143,-14.007620385928949,-18.535569604667806,-16.82006521940454,34.56216642007354,25.017551471528293,-27.325466846082406,2.0929601507324547,-2.8122406043087373,14.714905372538617
INM,INM-CM5-0,r1i1p1f1,gr1,ssp370,2093-05,2093,5,228.02088946369653,259.8537137658653,-96.44147468282172,-310.46338870532304,-2.4474995340001997,-13.3160928804394,65.20614742697744,247.34990174106002,237.36696451407164,-132.25247010732542,-294.5808684821893,-2.49212963594814,-10.76344882197312,44.6279492076957,-19.32901227736349,22.48674925179364,35.8109954245037,-15.882520223133724,0.04463010194794048,-2.5526440584662815,20.578198219281738
INM,INM-CM5-0,r1i1p1f1,gr1,ssp370,2093-06,2093,6,243.74869335243545,287.7101923509526,-84.76271992137684,-324.5185575766303,1.526582433692187,-7.007775967864356,116.69641467120863,265.2973791099498,267.9699629796378,-117.5893157180128,-313.22580703693666,-0.004244195873688736,-8.586026789214452,93.86194834955006,-21.548685757514363,19.740229371314797,32.82659579663596,-11.292750539693657,1.5308266295658757,1.578250821350096,22.834466321658567
INM,INM-CM5-0,r1i1p1f1,gr1,ssp370,2093-07,2093,7,210.3608864193464,300.121471949778,-53.70909180928102,-332.6470726611969,1.6280997166695372,-5.495670349070491,120.25862326624558,217.4716641061232,283.73718239268294,-82.41688316221644,-319.7754931447574,0.6158126923815513,-7.250053789737271,92.38222909447663,-7.1107776867767996,16.384289557095087,28.707791352935416,-12.87157951643951,1.012287024287986,1.7543834406667802,27.87639417176895
INM,INM-CM5-0,r1i1p1f1,gr1,ssp370,2093-08,2093,8,118.55963910397517,306.5563229401885,-21.27137969725872,-335.97192513040295,-0.2123986391347842,-10.159108076885516,57.50115050048167,137.99288070953398,280.3883142818284,-47.25680367253166,-317.4629669555353,-0.7458868537258483,-9.743392042762487,43.172145466807066,-19.433241605558806,26.168008658360122,25.98542397527294,-18.508958174867644,0.5334882145910641,-0.4157160341230295,14.329005033674605
INM,INM-CM5-0,r1i1p1f1,gr1,ssp370,2093-09,2093,9,54.539128103171116,291.42846698634173,-8.00082937226998,-331.635170589402,-5.642068289416393,-22.61569690478988,-21.92617006636543,64.62605857660985,256.68731236752427,-20.084262079342775,-301.6967775674771,-5.800327218478942,-17.798728504042145,-24.066724425206903,-10.086930473438734,34.74115461881746,12.083432707072795,-29.938393021924867,0.15825892906254868,-4.816968400747733,2.1405543588414737
INM,INM-CM5-0,r1i1p1f1,gr1,ssp370,2093-10,2093,10,15.509586074112887,277.0596806953419,-1.8542385802425518,-322.03463084646813,-12.141494390337364,-29.36947872034908,-72.83057576794238,18.359786183230952,226.1713069815244,-4.58560456704604,-277.15181734399863,-16.27695982199056,-26.218753296679903,-79.70204186495977,-2.850200109118065,50.888373713817515,2.7313659868034885,-44.8828135024695,4.135465431653195,-3.1507254236691757,6.8714660970173895
INM,INM-CM5-0,r1i1p1f1,gr1,ssp370,2093-11,2093,11,2.952309106931117,248.95387427285254,-0.282232258503762,-305.45805822236866,-19.792748280688265,-33.89133429035349,-107.51818967213052,3.373616207685165,200.78103474652093,-0.6403541251953389,-253.7584501331604,-23.21293540517074,-27.089763709299525,-100.54685241861995,-0.42130710075404787,48.172839526331614,0.35812186669157686,-51.699608089208255,3.4201871244824744,-6.801570581053966,-6.971337253510569
INM,INM-CM5-0,r1i1p1f1,gr1,ssp370,2093-12,2093,12,0.829454817335587,236.42625235183218,-0.08727840928366422,-290.05480718029014,-19.28265151552025,-31.34902024339563,-103.51805017932195,0.964180041922923,186.64826391094516,-0.31348832760597495,-237.90125991540202,-22.242226530874166,-23.201729997866106,-96.04626081888021,-0.13472522458733593,49.777988440887015,0.22620991832231074,-52.15354726488812,2.9595750153539164,-8.147290245529522,-7.471789360441733
INM,INM-CM5-0,r1i1p1f1,gr1,ssp370,2094-01,2094,1,2.045965147331054,223.93882073670676,-0.43221611658145037,-275.10378204729733,-17.418745490412437,-27.76896553728369,-94.73892330753709,2.4522201368629597,180.0589790644654,-1.1211335706525247,-229.76434372975177,-20.539467023086623,-20.74641542870584,-89.66016055086838,-0.40625498953190586,43.879841672241355,0.6889174540710743,-45.33943831754556,3.1207215326741853,-7.02255010857785,-5.078762756668709
INM,INM-CM5-0,r1i1p1f1,gr1,ssp370,2094-02,2094,2,12.127201560809695,207.04736836565675,-5.009274399902537,-258.3935051105838,-22.44830320108763,-29.451058470096115,-96.12757125520365,13.598224813006102,178.40214269593704,-7.25840213575084,-227.77240753433253,-18.919405163125447,-19.26673802518699,-81.21658534945266,-1.4710232521964066,28.645225669719707,2.249127735848303,-30.621097576251287,-3.5288980379621826,-10.184320444909126,-14.91098590575099
INM,INM-CM5-0,r1i1p1f1,gr1,ssp370,2094-03,2094,3,55.63235858227943,213.18447586178726,-27.246944019949332,-265.01717793095685,-16.163564332955758,-25.499634688740365,-65.11048652853563,59.638888590245294,183.0204183320094,-35.62667115946799,-235.28367474041085,-15.251576236177188,-17.38433462970656,-60.88694984350788,-4.006530007965864,30.164057529777864,8.379727139518657,-29.733503190546003,-0.9119880967785701,-8.115300059033803,-4.223536685027753
INM,INM-CM5-0,r1i1p1f1,gr1,ssp370,2094-04,2094,4,143.11714384800177,231.8255566089131,-73.75949668877071,-285.28301358791816,-7.248885582610168,-18.36934264927475,-9.718038051658926,155.3178734332641,203.4394340490368,-93.68494320584504,-261.3719090946296,-8.228404400565143,-14.007620385928949,-18.535569604667806,-12.200729585262337,28.3861225598763,19.925446517074334,-23.911104493288576,0.9795188179549754,-4.361722263345801,8.81753155300888
INM,INM-CM5-0,r1i1p1f1,gr1,ssp370,2094-05,2094,5,220.66033416233083,263.7630761550227,-99.89744663094362,-310.9464206542124,-1.6278908207259961,-11.707115365481275,60.24453684599027,247.34990174106002,237.36696451407164,-132.25247010732542,-294.5808684821893,-2.49212963594814,-10.76344882197312,44.6279492076957,-26.689567578729196,26.396111640951062,32.3550234763818,-16.365552172023058,0.8642388152221441,-0.9436665435081562,15.616587638294568
INM,INM-CM5-0,r1i1p1f1,gr1,ssp370,2094-06,2094,6,237.15923091235905,291.4955213150083,-82.14801050643186,-325.8672192000683,-0.17495689701393613,-8.346318436695489,112.11824718715773,265.2973791099498,267.9699629796378,-117.5893157180128,-313.22580703693666,-0.004244195873688736,-8.586026789214452,93.86194834955006,-28.138148197590766,23.525558335370533,35.44130521158094,-12.641412163131633,-0.1707127011402474,0.2397083525189636,18.256298837607673
INM,INM-CM5-0,r1i1p1f1,gr1,ssp370,2094-07,2094,7,194.03618529959442,305.98074651059153,-52.192082149323035,-333.3560811068964,1.972320296717708,-6.025176629908334,110.41591222077591,217.4716641061232,283.73718239268294,-82.41688316221644,-319.7754931447574,0.6158126923815513,-7.250053789737271,92.38222909447663,-23.435478806528778,22.24356411790859,30.2248010128934,-13.58058796213902,1.3565076043361568,1.2248771598289379,18.03368312629928
INM,INM-CM5-0,r1i1p1f1,gr1,ssp370,2094-08,2094,8,118.52578225340216,306.72560845406537,-25.798243586532376,-335.33178408173643,-0.7850857416939145,-10.33714022627036,52.99913707123447,137.99288070953398,280.3883142818284,-47.25680367253166,-317.4629669555353,-0.7458868537258483,-9.743392042762487,43.172145466807066,-19.467098456131822,26.337294172236966,21.458560085999284,-17.868817126201122,-0.039198887968066254,-0.5937481835078735,9.826991604427405
INM,INM-CM5-0,r1i1p1f1,gr1,ssp370,2094-09,2094,9,55.75410788149735,287.42857271155543,-10.31317213673519,-327.7668470987115,-6.908693423659617,-23.516955027278268,-25.322987093331776,64.62605857660985,256.68731236752427,-20.084262079342775,-301.6967775674771,-5.800327218478942,-17.798728504042145,-24.066724425206903,-8.871950695112503,30.74126034403116,9.771089942607585,-26.070069531234367,-1.1083662051806753,-5.7182265232361225,-1.2562626681248723
INM,INM-CM5-0,r1i1p1f1,gr1,ssp370,2094-10,2094,10,16.2497801051998,266.410168869643,-2.2692264891828207,-316.04925701036603,-17.229884069418777,-37.030691005709286,-89.91910959983412,18.359786183230952,226.1713069815244,-4.58560456704604,-277.15181734399863,-16.27695982199056,-26.218753296679903,-79.70204186495977,-2.1100060780311516,40.23886188811858,2.3163780778632197,-38.897439666367404,-0.9529242474282178,-10.811937709029383,-10.217067734874348
INM,INM-CM5-0,r1i1p1f1,gr1,ssp370,2094-11,2094,11,2.948671064193636,245.49967436910637,-0.2830849289442014,-300.1449696677513,-24.52873011600898,-42.16400330752673,-118.67244258693118,3.373616207685165,200.78103474652093,-0.6403541251953389,-253.7584501331604,-23.21293540517074,-27.089763709299525,-100.54685241861995,-0.424945143491529,44.71863962258544,0.35726919625113746,-46.38651953459089,-1.3157947108382402,-15.074239598227201,-18.125590168311234
INM,INM-CM5-0,r1i1p1f1,gr1,ssp370,2094-12,2094,12,0.8012988228974075,230.45472160812412,-0.08586796525487676,-285.50550309393475,-26.929768043555143,-38.6522215796317,-119.91734025135494,0.964180041922923,186.64826391094516,-0.31348832760597495,-237.90125991540202,-22.242226530874166,-23.201729997866106,-96.04626081888021,-0.16288121902551544,43.806457697178956,0.22762036235109817,-47.60424317853273,-4.687541512680976,-15.450491581765593,-23.87107943247473
INM,INM-CM5-0,r1i1p1f1,gr1,ssp370,2095-01,2095,1,2.1055031651947664,218.5592094968347,-0.4448434670673072,-271.0431543362551,-18.639834857881645,-28.260458192164695,-97.72357819133927,2.4522201368629597,180.0589790644654,-1.1211335706525247,-229.76434372975177,-20.539467023086623,-20.74641542870584,-89.66016055086838,-0.34671697166819326,38.50023043236931,0.6762901035852176,-41.27881060650333,1.8996321652049772,-7.514042763458853,-8.063417640470888
INM,INM-CM5-0,r1i1p1f1,gr1,ssp370,2095-02,2095,2,12.09676903954307,216.557138686241,-4.946282882086454,-264.46375033415626,-20.720238801256514,-29.259214239897084,-90.73557853161225,13.598224813006102,178.40214269593704,-7.25840213575084,-227.77240753433253,-18.919405163125447,-19.26673802518699,-81.21658534945266,-1.5014557734630323,38.154995990303945,2.3121192536643864,-36.69134279982373,-1.800833638131067,-9.992476214710095,-9.51899318215959
INM,INM-CM5-0,r1i1p1f1,gr1,ssp370,2095-03,2095,3,53.94813444308185,220.92869878815756,-26.45776328688831,-269.6383915938898,-12.080307034621558,-21.9218550523963,-55.22148373655658,59.638888590245294,183.0204183320094,-35.62667115946799,-235.28367474041085,-15.251576236177188,-17.38433462970656,-60.88694984350788,-5.690754147163446,37.90828045614816,9.16890787257968,-34.354716853478976,3.1712692015556296,-4.537520422689738,5.6654661069513
INM,INM-CM5-0,r1i1p1f1,gr1,ssp370,2095-04,2095,4,144.0970743215967,231.84150372275852,-73.93737140883361,-285.3620514311834,-5.63898000788257,-16.182144213668526,-5.181969017212857,155.3178734332641,203.4394340490368,-93.68494320584504,-261.3719090946296,-8.228404400565143,-14.007620385928949,-18.535569604667806,-11.220799111667418,28.402069673721712,19.74757179701143,-23.990142336553788,2.589424392682573,-2.174523827739577,13.353600587454949
INM,INM-CM5-0,r1i1p1f1,gr1,ssp370,2095-05,2095,5,231.70009601104618,257.3927599327284,-101.67116052695356,-310.2247641117786,-3.379475189267026,-15.114895508098732,58.702560607676666,247.34990174106002,237.36696451407164,-132.25247010732542,-294.5808684821893,-2.49212963594814,-10.76344882197312,44.6279492076957,-15.649805730013838,20.02579541865674,30.581309580371865,-15.64389562958928,-0.8873455533188856,-4.3514466861256125,14.074611399980967
INM,INM-CM5-0,r1i1p1f1,gr1,ssp370,2095-06,2095,6,239.82611835239697,289.7932591820065,-87.36552071995574,-324.2559109020136,1.1350800172039786,-8.284066936917618,110.8489589927205,265.2973791099498,267.9699629796378,-117.5893157180128,-313.22580703693666,-0.004244195873688736,-8.586026789214452,93.86194834955006,-25.47126075755284,21.823296202368738,30.22379499805706,-11.030103865076967,1.1393242130776673,0.3019598522968341,16.987010643170436
INM,INM-CM5-0,r1i1p1f1,gr1,ssp370,2095-07,2095,7,207.0583525565599,303.7300079846978,-56.27814532134324,-332.4919590761495,2.6293954850616186,-4.763036830627393,119.8846147981992,217.4716641061232,283.73718239268294,-82.41688316221644,-319.7754931447574,0.6158126923815513,-7.250053789737271,92.38222909447663,-10.413311549563304,19.992825592014867,26.138737840873198,-12.716465931392122,2.0135827926800673,2.4870169591098783,27.502385703722567
INM,INM-CM5-0,r1i1p1f1,gr1,ssp370,2095-08,2095,8,116.11453723573138,309.31542597986567,-25.169466443611757,-336.11029055544174,0.12459839713902068,-8.753369561870715,55.52143505181181,137.99288070953398,280.3883142818284,-47.25680367253166,-317.4629669555353,-0.7458868537258483,-9.743392042762487,43.172145466807066,-21.8783434738026,28.927111698037265,22.087337228919903,-18.64732359990643,0.8704852508648689,0.9900224808917724,12.34928958500474
INM,INM-CM5-0,r1i1p1f1,gr1,ssp370,2095-09,2095,9,54.599969761542624,293.91504772740547,-9.741870170635002,-330.64027744339836,-5.112270808269371,-21.435753786210963,-18.415154719565617,64.62605857660985,256.68731236752427,-20.084262079342775,-301.6967775674771,-5.800327218478942,-17.798728504042145,-24.066724425206903,-10.026088815067226,37.227735359881194,10.342391908707773,-28.943499875921248,0.6880564102095708,-3.6370252821688176,5.651569705641286
INM,INM-CM5-0,r1i1p1f1,gr1,ssp370,2095-10,2095,10,16.546400665021032,264.3996312754559,-2.402660450932782,-316.91964751698276,-13.821245520269144,-33.876262421885315,-86.07378396959308,18.359786183230952,226.1713069815244,-4.58560456704604,-277.15181734399863,-16.27695982199056,-26.218753296679903,-79.70204186495977,-1.8133855182099197,38.22832429393148,2.1829441161132586,-39.767830172984134,2.4557143017214145,-7.6575091252054115,-6.371742104633313
INM,INM-CM5-0,r1i1p1f1,gr1,ssp370,2095-11,2095,11,2.94555261753861,255.33242349480162,-0.28800664261254677,-303.34631585801145,-16.3462928743683,-31.174891200560204,-92.87753046321228,3.373616207685165,200.78103474652093,-0.6403541251953389,-253.7584501331604,-23.21293540517074,-27.089763709299525,-100.54685241861995,-0.4280635901465546,54.55138874828069,0.3523474825827921,-49.58786572485104,6.866642530802441,-4.085127491260678,7.669321955407668
INM,INM-CM5-0,r1i1p1f1,gr1,ssp370,2095-12,2095,12,0.8036021190073954,238.06611020117364,-0.09245241792654595,-287.2720536878492,-22.10629758340237,-31.635706024488208,-102.23679739348532,0.964180041922923,186.64826391094516,-0.31348832760597495,-237.90125991540202,-22.242226530874166,-23.201729997866106,-96.04626081888021,-0.16057792291552753,51.41784629022848,0.221035909679429,-49.3707937724472,0.13592894747179685,-8.433976026622101,-6.190536574605105
INM,INM-CM5-0,r1i1p1f1,gr1,ssp370,2096-01,2096,1,2.2581728880413703,216.75175101477762,-0.6749882389880176,-268.02137058414945,-24.74317474292038,-32.73884772100581,-107.16845738424468,2.4522201368629597,180.0589790644654,-1.1211335706525247,-229.76434372975177,-20.539467023086623,-20.74641542870584,-89.66016055086838,-0.1940472488215894,36.69277195031222,0.4461453316645071,-38.25702685439768,-4.2037077198337585,-11.99243229229997,-17.508296833376292
INM,INM-CM5-0,r1i1p1f1,gr1,ssp370,2096-02,2096,2,12.328208658008421,211.8518472287941,-5.19235969631133,-263.6059162116899,-24.779124659114835,-33.29901081369891,-102.69635549401247,13.598224813006102,178.40214269593704,-7.25840213575084,-227.77240753433253,-18.919405163125447,-19.26673802518699,-81.21658534945266,-1.2700161549976805,33.449704532857055,2.06604243943951,-35.833508677357344,-5.859719495989388,-14.032272788511918,-21.479770144559808
INM,INM-CM5-0,r1i1p1f1,gr1,ssp370,2096-03,2096,3,53.63786239688562,217.0472931285994,-25.827041987891334,-269.0690094461006,-15.284683600989037,-26.475778364049503,-65.97135787354547,59.638888590245294,183.0204183320094,-35.62667115946799,-235.28367474041085,-15.251576236177188,-17.38433462970656,-60.88694984350788,-6.001026193359671,34.02687479658999,9.799629171576655,-33.78533470568976,-0.033107364811849394,-9.091443734342942,-5.084408030037594
INM,INM-CM5-0,r1i1p1f1,gr1,ssp370,2096-04,2096,4,137.6712819519303,237.5830845307802,-70.6535726780027,-287.5979466075146,-6.246530210600906,-18.308263476036494,-7.5519464894441946,155.3178734332641,203.4394340490368,-93.68494320584504,-261.3719090946296,-8.228404400565143,-14.007620385928949,-18.535569604667806,-17.646591481333814,34.14365048174341,23.03137052784234,-26.226037512885,1.9818741899642367,-4.300643090107545,10.983623115223612
INM,INM-CM5-0,r1i1p1f1,gr1,ssp370,2096-05,2096,5,214.28229640867542,268.65415360190565,-90.70098127686053,-313.1803161866727,-2.0897132240406107,-13.366683028411009,63.59875629459622,247.34990174106002,237.36696451407164,-132.25247010732542,-294.5808684821893,-2.49212963594814,-10.76344882197312,44.6279492076957,-33.0676053323846,31.287189087834008,41.55148883046489,-18.599447704483396,0.4024164119075295,-2.6032342064378895,18.97080708690052
INM,INM-CM5-0,r1i1p1f1,gr1,ssp370,2096-06,2096,6,241.5380351652781,289.9851371661205,-82.30501974325512,-326.34374978538244,0.5718617895588238,-9.229762445492634,114.21650214682728,265.2973791099498,267.9699629796378,-117.5893157180128,-313.22580703693666,-0.004244195873688736,-8.586026789214452,93.86194834955006,-23.759343944671713,22.01517418648274,35.28429597475768,-13.117942748445785,0.5761059854325126,-0.6437356562781815,20.35455379727722
INM,INM-CM5-0,r1i1p1f1,gr1,ssp370,2096-07,2096,7,194.0894163706537,306.7880574352555,-50.055166575213306,-334.80038192987587,0.3407149863565526,-8.20204820856995,108.1605920786066,217.4716641061232,283.73718239268294,-82.41688316221644,-319.7754931447574,0.6158126923815513,-7.250053789737271,92.38222909447663,-23.38224773546949,23.050875042572557,32.36171658700313,-15.024888785118492,-0.2750977060249987,-0.9519944188326788,15.77836298412997
INM,INM-CM5-0,r1i1p1f1,gr1,ssp370,2096-08,2096,8,112.897982304332,312.6922339810719,-22.535951874500185,-337.92573922971565,-0.4820870755445726,-10.898614869467908,53.747823236175606,137.99288070953398,280.3883142818284,-47.25680367253166,-317.4629669555353,-0.7458868537258483,-9.743392042762487,43.172145466807066,-25.094898405201974,32.30391969924352,24.720851798031475,-20.462772274180338,0.2637997781812757,-1.1552228267054208,10.57567776936854
INM,INM-CM5-0,r1i1p1f1,gr1,ssp370,2096-09,2096,9,55.23776350412399,294.4807976050659,-9.00441287768578,-332.2805763212058,-5.871954607442596,-23.58105348354794,-21.019436180692267,64.62605857660985,256.68731236752427,-20.084262079342775,-301.6967775674771,-5.800327218478942,-17.798728504042145,-24.066724425206903,-9.38829507248586,37.79348523754163,11.079849201656994,-30.583798753728672,-0.0716273889636545,-5.782324979505795,3.047288244514636
INM,INM-CM5-0,r1i1p1f1,gr1,ssp370,2096-10,2096,10,15.694994061378651,274.58728350999826,-2.0056476650603816,-321.95917100038514,-12.962376086383069,-32.58433932025806,-79.22925650070978,18.359786183230952,226.1713069815244,-4.58560456704604,-277.15181734399863,-16.27695982199056,-26.218753296679903,-79.70204186495977,-2.664792121852301,48.41597652847386,2.5799569019856587,-44.80735365638651,3.3145837356074903,-6.365586023578157,0.47278536424998663
INM,INM-CM5-0,r1i1p1f1,gr1,ssp370,2096-11,2096,11,2.8816922294390315,253.15860963127344,-0.27397287361580713,-308.2906775460854,-20.712051958463004,-37.73567220458297,-110.97207272203472,3.373616207685165,200.78103474652093,-0.6403541251953389,-253.7584501331604,-23.21293540517074,-27.089763709299525,-100.54685241861995,-0.4919239782461333,52.377574884752505,0.3663812515795317,-54.53222741292501,2.5008834467077357,-10.645908495283443,-10.425220303414775
INM,INM-CM5-0,r1i1p1f1,gr1,ssp370,2096-12,2096,12,0.7698256752516389,234.78984995666994,-0.07607271041678429,-291.1956052071626,-29.239182567402796,-39.388222696413585,-124.33940754947417,0.964180041922923,186.64826391094516,-0.31348832760597495,-237.90125991540202,-22.242226530874166,-23.201729997866106,-96.04626081888021,-0.19435436667128403,48.14158604572478,0.23741561718919066,-53.29434529176058,-6.99695603652863,-16.18649269854748,-28.29314673059396
INM,INM-CM5-0,r1i1p1f1,gr1,ssp370,2097-01,2097,1,2.0449602054887577,214.57023918097514,-0.494360608343262,-270.902704868053,-29.956689695995536,-38.59491727301811,-123.333473058946,2.4522201368629597,180.0589790644654,-1.1211335706525247,-229.76434372975177,-20.539467023086623,-20.74641542870584,-89.66016055086838,-0.407259931374202,34.51126011650973,0.6267729623092627,-41.13836113830121,-9.417222672908913,-17.84850184431227,-33.673312508077615
INM,INM-CM5-0,r1i1p1f1,gr1,ssp370,2097-02,2097,2,11.661768630069387,212.77906039144625,-4.770166559412219,-263.6796065587042,-24.089922930255756,-31.186873352357843,-99.28574037921439,13.598224813006102,178.40214269593704,-7.25840213575084,-227.77240753433253,-18.919405163125447,-19.26673802518699,-81.21658534945266,-1.9364561829367144,34.376917695509206,2.488235576338621,-35.90719902437169,-5.17051776713031,-11.920135327170854,-18.06915502976173
INM,INM-CM5-0,r1i1p1f1,gr1,ssp370,2097-03,2097,3,52.221075332803565,218.95584674675695,-25.62808405138937,-267.0589240148064,-15.74274313865914,-23.567400664481625,-60.82022978977599,59.638888590245294,183.0204183320094,-35.62667115946799,-235.28367474041085,-15.251576236177188,-17.38433462970656,-60.88694984350788,-7.417813257441729,35.93542841474755,9.99858710807862,-31.77524927439555,-0.49116690248195205,-6.183066034775063,0.06672005373188483
INM,INM-CM5-0,r1i1p1f1,gr1,ssp370,2097-04,2097,4,137.985906059256,241.84645300462427,-68.30771936998327,-290.6544665046248,-6.8522753389090925,-16.75530534443662,-2.7374074940734765,155.3178734332641,203.4394340490368,-93.68494320584504,-261.3719090946296,-8.228404400565143,-14.007620385928949,-18.535569604667806,-17.331967374008116,38.40701895558746,25.37722383586177,-29.282557409995206,1.3761290616560506,-2.747684958507673,15.79816211059433
INM,INM-CM5-0,r1i1p1f1,gr1,ssp370,2097-05,2097,5,225.06181677302072,263.93679381987033,-95.04292042503302,-312.70956904225517,-4.211143013766413,-15.634872731603462,61.400105380233,247.34990174106002,237.36696451407164,-132.25247010732542,-294.5808684821893,-2.49212963594814,-10.76344882197312,44.6279492076957,-22.2880849680393,26.56982930579869,37.209549682292405,-18.12870056006585,-1.7190133778182726,-4.871423909630343,16.7721561725373
INM,INM-CM5-0,r1i1p1f1,gr1,ssp370,2097-06,2097,6,251.46832353085622,286.46677758450284,-86.37478452110967,-325.3451958853121,1.9148852304416484,-7.432566208925799,120.69743973045317,265.2973791099498,267.9699629796378,-117.5893157180128,-313.22580703693666,-0.004244195873688736,-8.586026789214452,93.86194834955006,-13.829055579093591,18.49681460486505,31.214531196903124,-12.119388848375422,1.9191294263153371,1.1534605802886535,26.835491380903107
INM,INM-CM5-0,r1i1p1f1,gr1,ssp370,2097-07,2097,7,206.59413858268832,304.1350101755027,-54.19215429784849,-334.9534462953683,1.8290232591151765,-6.173345748220428,117.23922567586902,217.4716641061232,283.73718239268294,-82.41688316221644,-319.7754931447574,0.6158126923815513,-7.250053789737271,92.38222909447663,-10.877525523434883,20.397827782819775,28.224728864367947,-15.177953150610904,1.213210566733625,1.0767080415168433,24.856996581392394
INM,INM-CM5-0,r1i1p1f1,gr1,ssp370,2097-08,2097,8,118.13937680139341,308.65082357417793,-18.422643619570593,-337.8911847821502,-1.253715261997157,-12.905062787314751,56.31759392453861,137.99288070953398,280.3883142818284,-47.25680367253166,-317.4629669555353,-0.7458868537258483,-9.743392042762487,43.172145466807066,-19.853503908140567,28.262509292349534,28.834160052961067,-20.42821782661491,-0.5078284082713087,-3.1616707445522643,13.145448457731547
INM,INM-CM5-0,r1i1p1f1,gr1,ssp370,2097-09,2097,9,53.71717246973659,295.952836209725,-6.875677099716457,-333.3882789183653,-6.860155743848431,-24.082245105110594,-21.536348187579264,64.62605857660985,256.68731236752427,-20.084262079342775,-301.6967775674771,-5.800327218478942,-17.798728504042145,-24.066724425206903,-10.908886106873261,39.26552384220071,13.208584979626318,-31.69150135088819,-1.0598285253694888,-6.283516601068449,2.530376237627639
INM,INM-CM5-0,r1i1p1f1,gr1,ssp370,2097-10,2097,10,15.866167631186466,273.678711761816,-1.7182011203713288,-324.6581776445165,-14.602144581987151,-35.812868312277296,-87.24651226614984,18.359786183230952,226.1713069815244,-4.58560456704604,-277.15181734399863,-16.27695982199056,-26.218753296679903,-79.70204186495977,-2.4936185520444862,47.50740478029158,2.867403446674712,-47.50636030051788,1.674815240003408,-9.594115015597392,-7.544470401190068
INM,INM-CM5-0,r1i1p1f1,gr1,ssp370,2097-11,2097,11,3.210143910843067,253.11454056907243,-0.3028628554418408,-312.7151929097479,-25.10851867142635,-46.72419225767057,-128.52608221437114,3.373616207685165,200.78103474652093,-0.6403541251953389,-253.7584501331604,-23.21293540517074,-27.089763709299525,-100.54685241861995,-0.16347229684209763,52.3335058225515,0.3374912697534981,-58.956742776587475,-1.8955832662556098,-19.634428548371048,-27.979229795751195
INM,INM-CM5-0,r1i1p1f1,gr1,ssp370,2097-12,2097,12,0.8339309637812213,227.66659029790534,-0.08255041922934736,-290.1221930500889,-31.003803330885628,-44.8843979729958,-137.59242351151312,0.964180041922923,186.64826391094516,-0.31348832760597495,-237.90125991540202,-22.242226530874166,-23.201729997866106,-96.04626081888021,-0.1302490781417016,41.01832638696018,0.2309379083766276,-52.2209331346869,-8.761576800011461,-21.682667975129693,-41.546162692632905
INM,INM-CM5-0,r1i1p1f1,gr1,ssp370,2098-01,2098,1,2.2180766860434895,214.1848281662271,-0.4777975762160651,-271.7688666192103,-25.965618119103738,-35.863759412535174,-117.67313687479468,2.4522201368629597,180.0589790644654,-1.1211335706525247,-229.76434372975177,-20.539467023086623,-20.74641542870584,-89.66016055086838,-0.2341434508194702,34.1258491017617,0.6433359944364596,-42.00452288945854,-5.426151096017115,-15.117343983829333,-28.012976323926296
INM,INM-CM5-0,r1i1p1f1,gr1,ssp370,2098-02,2098,2,12.353096618100505,217.17742361807677,-4.657865577173919,-268.6582732104755,-20.520483011817767,-31.00379613268549,-95.3098976959754,13.598224813006102,178.40214269593704,-7.25840213575084,-227.77240753433253,-18.919405163125447,-19.26673802518699,-81.21658534945266,-1.2451281949055968,38.77528092213973,2.6005365585769216,-40.88586567614297,-1.60107784869232,-11.737058107498502,-14.093312346522737
INM,INM-CM5-0,r1i1p1f1,gr1,ssp370,2098-03,2098,3,53.20596028744985,215.12713412887248,-25.43123728773551,-266.56764417162213,-19.569009653376217,-30.420198351155395,-73.6549950475669,59.638888590245294,183.0204183320094,-35.62667115946799,-235.28367474041085,-15.251576236177188,-17.38433462970656,-60.88694984350788,-6.432928302795446,32.106715796863085,10.19543387173248,-31.28396943121129,-4.3174334171990285,-13.035863721448834,-12.768045204059021
INM,INM-CM5-0,r1i1p1f1,gr1,ssp370,2098-04,2098,4,136.3287244592615,238.34388884371765,-65.8302080513884,-288.96077019274736,-6.405847436497419,-17.912014998026976,-4.436227375681037,155.3178734332641,203.4394340490368,-93.68494320584504,-261.3719090946296,-8.228404400565143,-14.007620385928949,-18.535569604667806,-18.989148974002603,34.904454794680845,27.854735154456648,-27.588861098117775,1.822556964067724,-3.9043946120980273,14.09934222898677
INM,INM-CM5-0,r1i1p1f1,gr1,ssp370,2098-05,2098,5,217.40241386476794,268.1231876143216,-87.915550972172,-313.76882525561945,-0.3729426054061295,-10.97840572431934,72.48987692157259,247.34990174106002,237.36696451407164,-132.25247010732542,-294.5808684821893,-2.49212963594814,-10.76344882197312,44.6279492076957,-29.947487876292087,30.75622310024994,44.33691913515342,-19.18795677343013,2.119187030542011,-0.2149569023462199,27.861927713876888
INM,INM-CM5-0,r1i1p1f1,gr1,ssp370,2098-06,2098,6,246.3324741506338,288.2955503543901,-83.32247047371186,-325.9665003510345,0.9715321138062316,-7.7039128481462,118.60667294593755,265.2973791099498,267.9699629796378,-117.5893157180128,-313.22580703693666,-0.004244195873688736,-8.586026789214452,93.86194834955006,-18.964904959316016,20.32558737475233,34.26684524430094,-12.740693314097825,0.9757763096799204,0.8821139410682521,24.744724596387485
INM,INM-CM5-0,r1i1p1f1,gr1,ssp370,2098-07,2098,7,209.17453903710643,301.7578638596845,-56.218464478707496,-334.6644823917361,0.9372992054731044,-6.827213960225409,114.15954127159499,217.4716641061232,283.73718239268294,-82.41688316221644,-319.7754931447574,0.6158126923815513,-7.250053789737271,92.38222909447663,-8.297125069016772,18.020681467001566,26.19841868350894,-14.888989246978724,0.32148651309155307,0.4228398295118625,21.77731217711836
INM,INM-CM5-0,r1i1p1f1,gr1,ssp370,2098-08,2098,8,124.9473856780585,305.9008959744737,-25.45120860695838,-336.5341036572367,1.115510028448157,-8.457059377582002,61.52142003920325,137.99288070953398,280.3883142818284,-47.25680367253166,-317.4629669555353,-0.7458868537258483,-9.743392042762487,43.172145466807066,-13.045495031475483,25.512581692645313,21.80559506557328,-19.07113670170139,1.8613968821740052,1.2863326651804847,18.349274572396183
INM,INM-CM5-0,r1i1p1f1,gr1,ssp370,2098-09,2098,9,53.5402739533397,294.6942552296247,-9.34419007339079,-331.5193216694403,-6.200553865759688,-21.920169134654994,-20.74970556028138,64.62605857660985,256.68731236752427,-20.084262079342775,-301.6967775674771,-5.800327218478942,-17.798728504042145,-24.066724425206903,-11.08578462327015,38.0069428621004,10.740072005951985,-29.82254410196316,-0.4002266472807463,-4.121440630612849,3.3170188649255223
INM,INM-CM5-0,r1i1p1f1,gr1,ssp370,2098-10,2098,10,15.676221549701044,275.71841058456044,-1.9670307926364987,-322.0175948818751,-13.01955510086196,-32.316343909185996,-77.92589255029803,18.359786183230952,226.1713069815244,-4.58560456704604,-277.15181734399863,-16.27695982199056,-26.218753296679903,-79.70204186495977,-2.683564633529908,49.54710360303605,2.6185737744095414,-44.865777537876454,3.2574047211285997,-6.097590612506092,1.7761493146617369
INM,INM-CM5-0,r1i1p1f1,gr1,ssp370,2098-11,2098,11,3.0424323541908023,250.82580933723978,-0.28982165322542697,-307.1805462904512,-24.59112978466999,-42.844172510920934,-121.03742854783701,3.373616207685165,200.78103474652093,-0.6403541251953389,-253.7584501331604,-23.21293540517074,-27.089763709299525,-100.54685241861995,-0.3311838534943625,50.044774590718845,0.3505324719699119,-53.42209615729081,-1.3781943794992522,-15.754408801621409,-20.49057612921706
INM,INM-CM5-0,r1i1p1f1,gr1,ssp370,2098-12,2098,12,0.7961855045479551,228.4413414123228,-0.07984237257666905,-283.98834396960257,-25.251370494742343,-38.06310231871641,-118.14513223876725,0.964180041922923,186.64826391094516,-0.31348832760597495,-237.90125991540202,-22.242226530874166,-23.201729997866106,-96.04626081888021,-0.16799453737496783,41.79307750137764,0.2336459550293059,-46.087084054200545,-3.0091439638681763,-14.861372320850304,-22.098871419887033
INM,INM-CM5-0,r1i1p1f1,gr1,ssp370,2099-01,2099,1,2.192051836441188,224.0666001899316,-0.6262951578619915,-277.006296987254,-21.46218503491817,-32.45647217990882,-105.29259733357023,2.4522201368629597,180.0589790644654,-1.1211335706525247,-229.76434372975177,-20.539467023086623,-20.74641542870584,-89.66016055086838,-0.26016830042177164,44.00762112546619,0.4948384127905332,-47.241953257502246,-0.9227180118315488,-11.71005675120298,-15.632436782701845
INM,INM-CM5-0,r1i1p1f1,gr1,ssp370,2099-02,2099,2,12.245393026467871,213.0285988905915,-5.254648824601495,-263.0088134656743,-18.967053163473288,-30.23796003314567,-92.19448356983537,13.598224813006102,178.40214269593704,-7.25840213575084,-227.77240753433253,-18.919405163125447,-19.26673802518699,-81.21658534945266,-1.3528317865382302,34.62645619465445,2.003753311149345,-35.23640593134175,-0.047648000347841446,-10.97122200795868,-10.977898220382713
INM,INM-CM5-0,r1i1p1f1,gr1,ssp370,2099-03,2099,3,51.20204175397056,222.2403275878483,-25.612726573800547,-269.77228321840454,-12.490093594991691,-22.410163953813232,-56.84289799919117,59.638888590245294,183.0204183320094,-35.62667115946799,-235.28367474041085,-15.251576236177188,-17.38433462970656,-60.88694984350788,-8.436846836274732,39.2199092558389,10.013944585667442,-34.488608477993694,2.7614826411854967,-5.02582932410667,4.044051844316705
INM,INM-CM5-0,r1i1p1f1,gr1,ssp370,2099-04,2099,4,139.45358164951813,237.9496242906584,-68.61070514717711,-290.5406970870031,-9.135546880130294,-22.77995125238843,-13.663694426522385,155.3178734332641,203.4394340490368,-93.68494320584504,-261.3719090946296,-8.228404400565143,-14.007620385928949,-18.535569604667806,-15.864291783745983,34.510190241621586,25.07423805866793,-29.168787992373495,-0.9071424795651506,-8.77233086645948,4.871875178145421
INM,INM-CM5-0,r1i1p1f1,gr1,ssp370,2099-05,2099,5,213.1600368548845,269.11958817543905,-85.80999034733291,-314.6996427830964,-0.808629612368514,-14.210073076209863,66.75128921131586,247.34990174106002,237.36696451407164,-132.25247010732542,-294.5808684821893,-2.49212963594814,-10.76344882197312,44.6279492076957,-34.18986488617551,31.75262366136741,46.44247975999251,-20.11877430090709,1.6835000235796262,-3.4466242542367436,22.123340003620164
INM,INM-CM5-0,r1i1p1f1,gr1,ssp370,2099-06,2099,6,231.03466618823416,293.0174970301775,-75.38318284026012,-325.65715144387013,1.5755335919949491,-7.3857426154082635,117.201619910868,265.2973791099498,267.9699629796378,-117.5893157180128,-313.22580703693666,-0.004244195873688736,-8.586026789214452,93.86194834955006,-34.26271292171566,25.047534050539696,42.20613287775268,-12.431344406933476,1.5797777878686379,1.200284173806189,23.339671561317942
INM,INM-CM5-0,r1i1p1f1,gr1,ssp370,2099-07,2099,7,205.60841566213543,302.63788078745745,-45.846107289581866,-334.36751020745993,1.4113487306693924,-6.746547466677327,122.69748021654314,217.4716641061232,283.73718239268294,-82.41688316221644,-319.7754931447574,0.6158126923815513,-7.250053789737271,92.38222909447663,-11.863248443987771,18.90069839477451,36.57077587263457,-14.592017062702553,0.795536038287841,0.5035063230599448,30.315251122066513
INM,INM-CM5-0,r1i1p1f1,gr1,ssp370,2099-08,2099,8,114.3111375048795,313.7765874893903,-20.13980000456051,-339.40170922666704,0.22425101925774665,-9.500500431989844,59.26996635031016,137.99288070953398,280.3883142818284,-47.25680367253166,-317.4629669555353,-0.7458868537258483,-9.743392042762487,43.172145466807066,-23.68174320465448,33.388273207561895,27.11700366797115,-21.93874227113173,0.970137872983595,0.24289161077264332,16.097820883503097
INM,INM-CM5-0,r1i1p1f1,gr1,ssp370,2099-09,2099,9,52.49519473345381,299.0306634083342,-8.682261383338096,-334.113223100618,-4.921623620818338,-19.828283444986575,-16.01953340797298,64.62605857660985,256.68731236752427,-20.084262079342775,-301.6967775674771,-5.800327218478942,-17.798728504042145,-24.066724425206903,-12.130863843156042,42.34335104080992,11.402000696004679,-32.41644553314086,0.8787035976606035,-2.029554940944429,8.047191017233924
INM,INM-CM5-0,r1i1p1f1,gr1,ssp370,2099-10,2099,10,16.143337337551543,276.4035819415649,-2.366515081323526,-322.9909385460318,-14.711615088705305,-34.482743500358424,-82.00489293730267,18.359786183230952,226.1713069815244,-4.58560456704604,-277.15181734399863,-16.27695982199056,-26.218753296679903,-79.70204186495977,-2.216448845679409,50.232274960040485,2.2190894857225145,-45.8391212020332,1.5653447332852544,-8.26399020367852,-2.3028510723429036
INM,INM-CM5-0,r1i1p1f1,gr1,ssp370,2099-11,2099,11,2.956189250869016,253.6823839977893,-0.29543703766491514,-310.47421551452317,-24.323255293491904,-40.85732693674895,-119.31166153377062,3.373616207685165,200.78103474652093,-0.6403541251953389,-253.7584501331604,-23.21293540517074,-27.089763709299525,-100.54685241861995,-0.41742695681614883,52.90134925126836,0.3449170875304237,-56.71576538136276,-1.1103198883211647,-13.767563227449422,-18.76480911515067
INM,INM-CM5-0,r1i1p1f1,gr1,ssp370,2099-12,2099,12,0.8442848585540491,232.69397546354497,-0.09500909500591606,-293.00283214872815,-29.43737389939152,-46.16562770883446,-135.162582529861,0.964180041922923,186.64826391094516,-0.31348832760597495,-237.90125991540202,-22.242226530874166,-23.201729997866106,-96.04626081888021,-0.11989518336887384,46.04571155259981,0.2184792326000589,-55.101572233326124,-7.195147368517354,-22.96389771096835,-39.116321710980785
INM,INM-CM5-0,r1i1p1f1,gr1,ssp370,2100-01,2100,1,2.105471574262203,221.7667110770233,-0.5209230314344501,-275.81840104019284,-22.80117640318578,-34.05141949934194,-109.31973732286951,2.4522201368629597,180.0589790644654,-1.1211335706525247,-229.76434372975177,-20.539467023086623,-20.74641542870584,-89.66016055086838,-0.3467485626007565,41.7077320125579,0.6002105392180747,-46.05405731044107,-2.261709380099159,-13.305004070636098,-19.65957677200113
INM,INM-CM5-0,r1i1p1f1,gr1,ssp370,2100-02,2100,2,12.378039634309317,214.7312896690925,-5.113262588448952,-266.52324791262146,-23.153868193960875,-32.00228993417921,-99.68333932580867,13.598224813006102,178.40214269593704,-7.25840213575084,-227.77240753433253,-18.919405163125447,-19.26673802518699,-81.21658534945266,-1.2201851786967843,36.329146973155446,2.1451395473018877,-38.75084037828893,-4.234463030835428,-12.735551908992221,-18.466753976356017
INM,INM-CM5-0,r1i1p1f1,gr1,ssp370,2100-03,2100,3,53.105815709601835,227.32454057521744,-25.57905493814467,-277.4277760658649,-13.87318433084169,-28.098411371960825,-64.54807042199286,59.638888590245294,183.0204183320094,-35.62667115946799,-235.28367474041085,-15.251576236177188,-17.38433462970656,-60.88694984350788,-6.533072880643459,44.30412224320804,10.04761622132332,-42.14410132545407,1.3783919053354978,-10.714076742254264,-3.661120578484983
INM,INM-CM5-0,r1i1p1f1,gr1,ssp370,2100-04,2100,4,138.60383698206334,242.09059281506808,-67.53163017809734,-293.3917337729648,-5.206219698694859,-18.508339944350713,-3.9434937969762807,155.3178734332641,203.4394340490368,-93.68494320584504,-261.3719090946296,-8.228404400565143,-14.007620385928949,-18.535569604667806,-16.71403645120077,38.65115876603127,26.1533130277477,-32.019824678335226,3.022184701870284,-4.500719558421764,14.592075807691526
INM,INM-CM5-0,r1i1p1f1,gr1,ssp370,2100-05,2100,5,211.24053973227606,273.9066829400741,-81.54755610587138,-317.3658294749583,-0.3212717744750125,-11.20128166452887,74.71128365251664,247.34990174106002,237.36696451407164,-132.25247010732542,-294.5808684821893,-2.49212963594814,-10.76344882197312,44.6279492076957,-36.10936200878396,36.53971842600248,50.70491400145404,-22.78496099276896,2.1708578614731278,-0.4378328425557516,30.08333444482094
INM,INM-CM5-0,r1i1p1f1,gr1,ssp370,2100-06,2100,6,234.6143383187053,293.30765146912876,-73.70587211326848,-327.7477673357926,0.4311073871077456,-9.454686400648338,117.44477132523235,265.2973791099498,267.9699629796378,-117.5893157180128,-313.22580703693666,-0.004244195873688736,-8.586026789214452,93.86194834955006,-30.68304079124451,25.337688489490972,43.883443604744315,-14.521960298855959,0.43535158298143434,-0.8686596114338858,23.58282297568229
INM,INM-CM5-0,r1i1p1f1,gr1,ssp370,2100-07,2100,7,192.04107157579804,309.63023056891325,-42.29739314319458,-336.6107900025955,1.1174962399014536,-7.22031910658353,116.66029613223911,217.4716641061232,283.73718239268294,-82.41688316221644,-319.7754931447574,0.6158126923815513,-7.250053789737271,92.38222909447663,-25.430592530325157,25.89304817623031,40.11949001902185,-16.835296857838102,0.5016835475199023,0.02973468315374106,24.278067037762483
INM,INM-CM5-0,r1i1p1f1,gr1,ssp370,2100-08,2100,8,116.60537037171403,311.12476423585997,-18.49278102078139,-339.7897795103478,-0.5197336895100516,-11.740285651786882,57.18755473514789,137.99288070953398,280.3883142818284,-47.25680367253166,-317.4629669555353,-0.7458868537258483,-9.743392042762487,43.172145466807066,-21.387510337819947,30.73644995403157,28.76402265175027,-22.326812554812477,0.22615316421579668,-1.9968936090243954,14.015409268340825
INM,INM-CM5-0,r1i1p1f1,gr1,ssp370,2100-09,2100,9,53.94458605847186,297.5725909057098,-7.565410889260063,-335.51121185200793,-6.754148656867981,-24.670305598377897,-22.98390003233223,64.62605857660985,256.68731236752427,-20.084262079342775,-301.6967775674771,-5.800327218478942,-17.798728504042145,-24.066724425206903,-10.681472518137987,40.8852785381855,12.518851190082712,-33.81443428453082,-0.9538214383890393,-6.871577094335752,1.0828243928746737
INM,INM-CM5-0,r1i1p1f1,gr1,ssp370,2100-10,2100,10,16.001481061633328,277.3152401834886,-1.921311825446725,-327.1978711633368,-15.344413903239962,-36.69129386850101,-87.83816951540256,18.359786183230952,226.1713069815244,-4.58560456704604,-277.15181734399863,-16.27695982199056,-26.218753296679903,-79.70204186495977,-2.358305121597624,51.14393320196419,2.6642927415993154,-50.04605381933817,0.9325459187505967,-10.47254057182111,-8.136127650442788
INM,INM-CM5-0,r1i1p1f1,gr1,ssp370,2100-11,2100,11,2.9266203425041875,260.1491082079082,-0.2767477478387325,-315.06536181215915,-21.554688711383182,-39.85593966115171,-113.67700938212036,3.373616207685165,200.78103474652093,-0.6403541251953389,-253.7584501331604,-23.21293540517074,-27.089763709299525,-100.54685241861995,-0.44699586518097734,59.3680734613873,0.36360637735660634,-61.306911678998745,1.6582466937875573,-12.766175951852183,-13.130156963500411
INM,INM-CM5-0,r1i1p1f1,gr1,ssp370,2100-12,2100,12,0.836039954684211,238.68775969878854,-0.08252746352478144,-298.7563828600364,-27.110141135410856,-43.73069910004486,-130.15595090554413,0.964180041922923,186.64826391094516,-0.31348832760597495,-237.90125991540202,-22.242226530874166,-23.201729997866106,-96.04626081888021,-0.12814008723871195,52.03949578784338,0.2309608640811935,-60.85512294463439,-4.86791460453669,-20.528969102178753,-34.10969008666392
