institution,source,member,siconc_grid,experiment,time,year,month,sia_Mkm2,pi_clim_sia_Mkm2,sia_anom_Mkm2
MOHC,UKESM1-0-LL,r1i1p1f2,gn,ssp370,2015-01,2015,1,11.963023431845375,12.841069732324511,-0.8780463004791361
MOHC,UKESM1-0-LL,r1i1p1f2,gn,ssp370,2015-02,2015,2,12.05294594881596,13.052575440590799,-0.9996294917748383
MOHC,UKESM1-0-LL,r1i1p1f2,gn,ssp370,2015-03,2015,3,12.170506379878761,13.084475311238052,-0.9139689313592907
MOHC,UKESM1-0-LL,r1i1p1f2,gn,ssp370,2015-04,2015,4,11.814742219361543,12.891298638721189,-1.0765564193596457
MOHC,UKESM1-0-LL,r1i1p1f2,gn,ssp370,2015-05,2015,5,10.830825716829672,12.12182555549293,-1.2909998386632573
MOHC,UKESM1-0-LL,r1i1p1f2,gn,ssp370,2015-06,2015,6,9.404406063936834,10.56014229872586,-1.1557362347890265
MOHC,UKESM1-0-LL,r1i1p1f2,gn,ssp370,2015-07,2015,7,7.218202979317275,8.377659541961345,-1.1594565626440696
MOHC,UKESM1-0-LL,r1i1p1f2,gn,ssp370,2015-08,2015,8,5.398836845967406,6.494668399593875,-1.0958315536264696
MOHC,UKESM1-0-LL,r1i1p1f2,gn,ssp370,2015-09,2015,9,5.487899528972893,6.742467621996264,-1.2545680930233711
MOHC,UKESM1-0-LL,r1i1p1f2,gn,ssp370,2015-10,2015,10,7.471258165656622,8.456494308873493,-0.9852361432168708
MOHC,UKESM1-0-LL,r1i1p1f2,gn,ssp370,2015-11,2015,11,9.5834973588192,10.63141795782804,-1.0479205990088403
MOHC,UKESM1-0-LL,r1i1p1f2,gn,ssp370,2015-12,2015,12,10.998000305129105,12.183681407006313,-1.1856811018772078
MOHC,UKESM1-0-LL,r1i1p1f2,gn,ssp370,2016-01,2016,1,11.68924367333154,12.841069732324511,-1.151826058992972
MOHC,UKESM1-0-LL,r1i1p1f2,gn,ssp370,2016-02,2016,2,12.051880173516754,13.052575440590799,-1.000695267074045
MOHC,UKESM1-0-LL,r1i1p1f2,gn,ssp370,2016-03,2016,3,12.10203907769706,13.084475311238052,-0.9824362335409909
MOHC,UKESM1-0-LL,r1i1p1f2,gn,ssp370,2016-04,2016,4,11.945698465174575,12.891298638721189,-0.9456001735466142
MOHC,UKESM1-0-LL,r1i1p1f2,gn,ssp370,2016-05,2016,5,11.175423893881751,12.12182555549293,-0.9464016616111781
MOHC,UKESM1-0-LL,r1i1p1f2,gn,ssp370,2016-06,2016,6,9.691470823785627,10.56014229872586,-0.8686714749402338
MOHC,UKESM1-0-LL,r1i1p1f2,gn,ssp370,2016-07,2016,7,7.432494662501889,8.377659541961345,-0.9451648794594556
MOHC,UKESM1-0-LL,r1i1p1f2,gn,ssp370,2016-08,2016,8,5.6275750214956535,6.494668399593875,-0.8670933780982217
MOHC,UKESM1-0-LL,r1i1p1f2,gn,ssp370,2016-09,2016,9,5.94909494797849,6.742467621996264,-0.7933726740177738
MOHC,UKESM1-0-LL,r1i1p1f2,gn,ssp370,2016-10,2016,10,7.603760037781183,8.456494308873493,-0.8527342710923103
MOHC,UKESM1-0-LL,r1i1p1f2,gn,ssp370,2016-11,2016,11,9.802363942356193,10.63141795782804,-0.8290540154718471
MOHC,UKESM1-0-LL,r1i1p1f2,gn,ssp370,2016-12,2016,12,11.368394191007152,12.183681407006313,-0.8152872159991613
MOHC,UKESM1-0-LL,r1i1p1f2,gn,ssp370,2017-01,2017,1,12.065232400487094,12.841069732324511,-0.7758373318374172
MOHC,UKESM1-0-LL,r1i1p1f2,gn,ssp370,2017-02,2017,2,12.246420331884368,13.052575440590799,-0.8061551087064309
MOHC,UKESM1-0-LL,r1i1p1f2,gn,ssp370,2017-03,2017,3,12.158917843447554,13.084475311238052,-0.9255574677904974
MOHC,UKESM1-0-LL,r1i1p1f2,gn,ssp370,2017-04,2017,4,11.922479478894672,12.891298638721189,-0.9688191598265163
MOHC,UKESM1-0-LL,r1i1p1f2,gn,ssp370,2017-05,2017,5,11.138536460544048,12.12182555549293,-0.9832890949488817
MOHC,UKESM1-0-LL,r1i1p1f2,gn,ssp370,2017-06,2017,6,9.622125721359009,10.56014229872586,-0.9380165773668523
MOHC,UKESM1-0-LL,r1i1p1f2,gn,ssp370,2017-07,2017,7,7.210002001387567,8.377659541961345,-1.167657540573778
MOHC,UKESM1-0-LL,r1i1p1f2,gn,ssp370,2017-08,2017,8,5.148326732555927,6.494668399593875,-1.3463416670379482
MOHC,UKESM1-0-LL,r1i1p1f2,gn,ssp370,2017-09,2017,9,5.3291306642922125,6.742467621996264,-1.4133369577040513
MOHC,UKESM1-0-LL,r1i1p1f2,gn,ssp370,2017-10,2017,10,6.8534479673400694,8.456494308873493,-1.6030463415334237
MOHC,UKESM1-0-LL,r1i1p1f2,gn,ssp370,2017-11,2017,11,9.508660949250402,10.63141795782804,-1.1227570085776382
MOHC,UKESM1-0-LL,r1i1p1f2,gn,ssp370,2017-12,2017,12,11.172613146426803,12.183681407006313,-1.0110682605795098
MOHC,UKESM1-0-LL,r1i1p1f2,gn,ssp370,2018-01,2018,1,12.040969278740866,12.841069732324511,-0.8001004535836458
MOHC,UKESM1-0-LL,r1i1p1f2,gn,ssp370,2018-02,2018,2,12.14654361615788,13.052575440590799,-0.9060318244329189
MOHC,UKESM1-0-LL,r1i1p1f2,gn,ssp370,2018-03,2018,3,12.122283904572383,13.084475311238052,-0.9621914066656689
MOHC,UKESM1-0-LL,r1i1p1f2,gn,ssp370,2018-04,2018,4,12.032154162613656,12.891298638721189,-0.8591444761075326
MOHC,UKESM1-0-LL,r1i1p1f2,gn,ssp370,2018-05,2018,5,11.131636631525868,12.12182555549293,-0.9901889239670609
MOHC,UKESM1-0-LL,r1i1p1f2,gn,ssp370,2018-06,2018,6,9.477022108576797,10.56014229872586,-1.0831201901490637
MOHC,UKESM1-0-LL,r1i1p1f2,gn,ssp370,2018-07,2018,7,7.1250992045343695,8.377659541961345,-1.2525603374269751
MOHC,UKESM1-0-LL,r1i1p1f2,gn,ssp370,2018-08,2018,8,5.024946137546976,6.494668399593875,-1.4697222620468988
MOHC,UKESM1-0-LL,r1i1p1f2,gn,ssp370,2018-09,2018,9,5.201159906946052,6.742467621996264,-1.5413077150502117
MOHC,UKESM1-0-LL,r1i1p1f2,gn,ssp370,2018-10,2018,10,7.165279641727729,8.456494308873493,-1.2912146671457645
MOHC,UKESM1-0-LL,r1i1p1f2,gn,ssp370,2018-11,2018,11,9.6079867708201,10.63141795782804,-1.0234311870079402
MOHC,UKESM1-0-LL,r1i1p1f2,gn,ssp370,2018-12,2018,12,11.000852296425505,12.183681407006313,-1.1828291105808084
MOHC,UKESM1-0-LL,r1i1p1f2,gn,ssp370,2019-01,2019,1,11.780282591165891,12.841069732324511,-1.0607871411586203
MOHC,UKESM1-0-LL,r1i1p1f2,gn,ssp370,2019-02,2019,2,11.993802900521574,13.052575440590799,-1.0587725400692243
MOHC,UKESM1-0-LL,r1i1p1f2,gn,ssp370,2019-03,2019,3,12.054547367158722,13.084475311238052,-1.0299279440793292
MOHC,UKESM1-0-LL,r1i1p1f2,gn,ssp370,2019-04,2019,4,11.773467521019862,12.891298638721189,-1.1178311177013267
MOHC,UKESM1-0-LL,r1i1p1f2,gn,ssp370,2019-05,2019,5,10.734123285344362,12.12182555549293,-1.3877022701485675
MOHC,UKESM1-0-LL,r1i1p1f2,gn,ssp370,2019-06,2019,6,9.109230537032039,10.56014229872586,-1.4509117616938223
MOHC,UKESM1-0-LL,r1i1p1f2,gn,ssp370,2019-07,2019,7,6.4529442647323245,8.377659541961345,-1.9247152772290201
MOHC,UKESM1-0-LL,r1i1p1f2,gn,ssp370,2019-08,2019,8,4.3462557785632345,6.494668399593875,-2.1484126210306407
MOHC,UKESM1-0-LL,r1i1p1f2,gn,ssp370,2019-09,2019,9,4.385552577886191,6.742467621996264,-2.356915044110073
MOHC,UKESM1-0-LL,r1i1p1f2,gn,ssp370,2019-10,2019,10,6.179381134546502,8.456494308873493,-2.277113174326991
MOHC,UKESM1-0-LL,r1i1p1f2,gn,ssp370,2019-11,2019,11,8.61110778331669,10.63141795782804,-2.0203101745113496
MOHC,UKESM1-0-LL,r1i1p1f2,gn,ssp370,2019-12,2019,12,10.601248095993512,12.183681407006313,-1.5824333110128013
MOHC,UKESM1-0-LL,r1i1p1f2,gn,ssp370,2020-01,2020,1,11.701897636190276,12.841069732324511,-1.139172096134235
MOHC,UKESM1-0-LL,r1i1p1f2,gn,ssp370,2020-02,2020,2,12.129160844777605,13.052575440590799,-0.9234145958131936
MOHC,UKESM1-0-LL,r1i1p1f2,gn,ssp370,2020-03,2020,3,12.182327991738203,13.084475311238052,-0.9021473194998482
MOHC,UKESM1-0-LL,r1i1p1f2,gn,ssp370,2020-04,2020,4,11.79198310387437,12.891298638721189,-1.0993155348468182
MOHC,UKESM1-0-LL,r1i1p1f2,gn,ssp370,2020-05,2020,5,10.867102191331254,12.12182555549293,-1.2547233641616753
MOHC,UKESM1-0-LL,r1i1p1f2,gn,ssp370,2020-06,2020,6,9.300578118701816,10.56014229872586,-1.2595641800240447
MOHC,UKESM1-0-LL,r1i1p1f2,gn,ssp370,2020-07,2020,7,6.89107203909635,8.377659541961345,-1.486587502864995
MOHC,UKESM1-0-LL,r1i1p1f2,gn,ssp370,2020-08,2020,8,4.797692481688965,6.494668399593875,-1.6969759179049104
MOHC,UKESM1-0-LL,r1i1p1f2,gn,ssp370,2020-09,2020,9,5.050616594881657,6.742467621996264,-1.6918510271146072
MOHC,UKESM1-0-LL,r1i1p1f2,gn,ssp370,2020-10,2020,10,6.968625477204565,8.456494308873493,-1.4878688316689281
MOHC,UKESM1-0-LL,r1i1p1f2,gn,ssp370,2020-11,2020,11,9.314686210937149,10.63141795782804,-1.3167317468908912
MOHC,UKESM1-0-LL,r1i1p1f2,gn,ssp370,2020-12,2020,12,10.892380351450171,12.183681407006313,-1.2913010555561417
MOHC,UKESM1-0-LL,r1i1p1f2,gn,ssp370,2021-01,2021,1,11.630330196209547,12.841069732324511,-1.2107395361149642
MOHC,UKESM1-0-LL,r1i1p1f2,gn,ssp370,2021-02,2021,2,11.6414831287586,13.052575440590799,-1.4110923118321992
MOHC,UKESM1-0-LL,r1i1p1f2,gn,ssp370,2021-03,2021,3,11.700509595783098,13.084475311238052,-1.3839657154549538
MOHC,UKESM1-0-LL,r1i1p1f2,gn,ssp370,2021-04,2021,4,11.46913565923486,12.891298638721189,-1.4221629794863286
MOHC,UKESM1-0-LL,r1i1p1f2,gn,ssp370,2021-05,2021,5,10.553604256699227,12.12182555549293,-1.568221298793702
MOHC,UKESM1-0-LL,r1i1p1f2,gn,ssp370,2021-06,2021,6,8.972858990246841,10.56014229872586,-1.5872833084790194
MOHC,UKESM1-0-LL,r1i1p1f2,gn,ssp370,2021-07,2021,7,6.167701721235811,8.377659541961345,-2.209957820725534
MOHC,UKESM1-0-LL,r1i1p1f2,gn,ssp370,2021-08,2021,8,3.964950458340511,6.494668399593875,-2.5297179412533644
MOHC,UKESM1-0-LL,r1i1p1f2,gn,ssp370,2021-09,2021,9,3.9110980630960714,6.742467621996264,-2.8313695589001924
MOHC,UKESM1-0-LL,r1i1p1f2,gn,ssp370,2021-10,2021,10,6.10906051599571,8.456494308873493,-2.3474337928777835
MOHC,UKESM1-0-LL,r1i1p1f2,gn,ssp370,2021-11,2021,11,9.026237136558441,10.63141795782804,-1.6051808212695988
MOHC,UKESM1-0-LL,r1i1p1f2,gn,ssp370,2021-12,2021,12,10.683978270313727,12.183681407006313,-1.4997031366925864
MOHC,UKESM1-0-LL,r1i1p1f2,gn,ssp370,2022-01,2022,1,11.521379973293557,12.841069732324511,-1.319689759030954
MOHC,UKESM1-0-LL,r1i1p1f2,gn,ssp370,2022-02,2022,2,11.885194318808958,13.052575440590799,-1.1673811217818404
MOHC,UKESM1-0-LL,r1i1p1f2,gn,ssp370,2022-03,2022,3,11.93902567176164,13.084475311238052,-1.1454496394764124
MOHC,UKESM1-0-LL,r1i1p1f2,gn,ssp370,2022-04,2022,4,11.614104854549254,12.891298638721189,-1.277193784171935
MOHC,UKESM1-0-LL,r1i1p1f2,gn,ssp370,2022-05,2022,5,10.598245087107841,12.12182555549293,-1.523580468385088
MOHC,UKESM1-0-LL,r1i1p1f2,gn,ssp370,2022-06,2022,6,8.854615970846723,10.56014229872586,-1.705526327879138
MOHC,UKESM1-0-LL,r1i1p1f2,gn,ssp370,2022-07,2022,7,5.958117865987974,8.377659541961345,-2.4195416759733703
MOHC,UKESM1-0-LL,r1i1p1f2,gn,ssp370,2022-08,2022,8,3.796553826733005,6.494668399593875,-2.69811457286087
MOHC,UKESM1-0-LL,r1i1p1f2,gn,ssp370,2022-09,2022,9,3.8577285573896942,6.742467621996264,-2.8847390646065696
MOHC,UKESM1-0-LL,r1i1p1f2,gn,ssp370,2022-10,2022,10,5.528804795956006,8.456494308873493,-2.927689512917487
MOHC,UKESM1-0-LL,r1i1p1f2,gn,ssp370,2022-11,2022,11,8.165278279950153,10.63141795782804,-2.4661396778778872
MOHC,UKESM1-0-LL,r1i1p1f2,gn,ssp370,2022-12,2022,12,10.310351122480723,12.183681407006313,-1.87333028452559
MOHC,UKESM1-0-LL,r1i1p1f2,gn,ssp370,2023-01,2023,1,11.30930075538773,12.841069732324511,-1.5317689769367817
MOHC,UKESM1-0-LL,r1i1p1f2,gn,ssp370,2023-02,2023,2,11.762110615070473,13.052575440590799,-1.290464825520326
MOHC,UKESM1-0-LL,r1i1p1f2,gn,ssp370,2023-03,2023,3,11.928150687051806,13.084475311238052,-1.1563246241862455
MOHC,UKESM1-0-LL,r1i1p1f2,gn,ssp370,2023-04,2023,4,11.614297644705827,12.891298638721189,-1.2770009940153617
MOHC,UKESM1-0-LL,r1i1p1f2,gn,ssp370,2023-05,2023,5,10.632344595679326,12.12182555549293,-1.4894809598136032
MOHC,UKESM1-0-LL,r1i1p1f2,gn,ssp370,2023-06,2023,6,8.946135200866832,10.56014229872586,-1.6140070978590284
MOHC,UKESM1-0-LL,r1i1p1f2,gn,ssp370,2023-07,2023,7,6.214987632611293,8.377659541961345,-2.1626719093500517
MOHC,UKESM1-0-LL,r1i1p1f2,gn,ssp370,2023-08,2023,8,3.98071587619028,6.494668399593875,-2.5139525234035953
MOHC,UKESM1-0-LL,r1i1p1f2,gn,ssp370,2023-09,2023,9,4.1852690428743555,6.742467621996264,-2.5571985791219083
MOHC,UKESM1-0-LL,r1i1p1f2,gn,ssp370,2023-10,2023,10,5.887145042848139,8.456494308873493,-2.5693492660253545
MOHC,UKESM1-0-LL,r1i1p1f2,gn,ssp370,2023-11,2023,11,8.238901934805787,10.63141795782804,-2.392516023022253
MOHC,UKESM1-0-LL,r1i1p1f2,gn,ssp370,2023-12,2023,12,10.36905507277848,12.183681407006313,-1.8146263342278335
MOHC,UKESM1-0-LL,r1i1p1f2,gn,ssp370,2024-01,2024,1,11.413037526166493,12.841069732324511,-1.4280322061580186
MOHC,UKESM1-0-LL,r1i1p1f2,gn,ssp370,2024-02,2024,2,11.555609048857242,13.052575440590799,-1.4969663917335563
MOHC,UKESM1-0-LL,r1i1p1f2,gn,ssp370,2024-03,2024,3,11.425881928990455,13.084475311238052,-1.658593382247597
MOHC,UKESM1-0-LL,r1i1p1f2,gn,ssp370,2024-04,2024,4,11.279804228679872,12.891298638721189,-1.6114944100413169
MOHC,UKESM1-0-LL,r1i1p1f2,gn,ssp370,2024-05,2024,5,10.480166625196611,12.12182555549293,-1.6416589302963178
MOHC,UKESM1-0-LL,r1i1p1f2,gn,ssp370,2024-06,2024,6,8.814318114891378,10.56014229872586,-1.7458241838344826
MOHC,UKESM1-0-LL,r1i1p1f2,gn,ssp370,2024-07,2024,7,5.912168365839072,8.377659541961345,-2.4654911761222724
MOHC,UKESM1-0-LL,r1i1p1f2,gn,ssp370,2024-08,2024,8,3.8493242026888885,6.494668399593875,-2.6453441969049867
MOHC,UKESM1-0-LL,r1i1p1f2,gn,ssp370,2024-09,2024,9,3.8326220957761787,6.742467621996264,-2.909845526220085
MOHC,UKESM1-0-LL,r1i1p1f2,gn,ssp370,2024-10,2024,10,5.801763234315312,8.456494308873493,-2.654731074558181
MOHC,UKESM1-0-LL,r1i1p1f2,gn,ssp370,2024-11,2024,11,8.13192273571011,10.63141795782804,-2.4994952221179307
MOHC,UKESM1-0-LL,r1i1p1f2,gn,ssp370,2024-12,2024,12,10.16419327635983,12.183681407006313,-2.019488130646483
MOHC,UKESM1-0-LL,r1i1p1f2,gn,ssp370,2025-01,2025,1,10.983681650987723,12.841069732324511,-1.8573880813367882
MOHC,UKESM1-0-LL,r1i1p1f2,gn,ssp370,2025-02,2025,2,11.418756308229453,13.052575440590799,-1.6338191323613458
MOHC,UKESM1-0-LL,r1i1p1f2,gn,ssp370,2025-03,2025,3,11.653603726523704,13.084475311238052,-1.4308715847143478
MOHC,UKESM1-0-LL,r1i1p1f2,gn,ssp370,2025-04,2025,4,11.51990963757839,12.891298638721189,-1.3713890011427985
MOHC,UKESM1-0-LL,r1i1p1f2,gn,ssp370,2025-05,2025,5,10.486527855386463,12.12182555549293,-1.6352977001064666
MOHC,UKESM1-0-LL,r1i1p1f2,gn,ssp370,2025-06,2025,6,8.795290926225233,10.56014229872586,-1.7648513725006278
MOHC,UKESM1-0-LL,r1i1p1f2,gn,ssp370,2025-07,2025,7,6.201762164874304,8.377659541961345,-2.1758973770870407
MOHC,UKESM1-0-LL,r1i1p1f2,gn,ssp370,2025-08,2025,8,4.154783203530185,6.494668399593875,-2.3398851960636904
MOHC,UKESM1-0-LL,r1i1p1f2,gn,ssp370,2025-09,2025,9,4.083566250150301,6.742467621996264,-2.658901371845963
MOHC,UKESM1-0-LL,r1i1p1f2,gn,ssp370,2025-10,2025,10,5.791048763593738,8.456494308873493,-2.6654455452797547
MOHC,UKESM1-0-LL,r1i1p1f2,gn,ssp370,2025-11,2025,11,8.259028454490332,10.63141795782804,-2.3723895033377076
MOHC,UKESM1-0-LL,r1i1p1f2,gn,ssp370,2025-12,2025,12,10.262658348680578,12.183681407006313,-1.9210230583257353
MOHC,UKESM1-0-LL,r1i1p1f2,gn,ssp370,2026-01,2026,1,11.281235815235219,12.841069732324511,-1.5598339170892928
MOHC,UKESM1-0-LL,r1i1p1f2,gn,ssp370,2026-02,2026,2,11.469613418304137,13.052575440590799,-1.5829620222866616
MOHC,UKESM1-0-LL,r1i1p1f2,gn,ssp370,2026-03,2026,3,11.4670506427248,13.084475311238052,-1.6174246685132516
MOHC,UKESM1-0-LL,r1i1p1f2,gn,ssp370,2026-04,2026,4,11.2760573135857,12.891298638721189,-1.6152413251354893
MOHC,UKESM1-0-LL,r1i1p1f2,gn,ssp370,2026-05,2026,5,10.454410683192492,12.12182555549293,-1.6674148723004372
MOHC,UKESM1-0-LL,r1i1p1f2,gn,ssp370,2026-06,2026,6,8.685318483216893,10.56014229872586,-1.874823815508968
MOHC,UKESM1-0-LL,r1i1p1f2,gn,ssp370,2026-07,2026,7,5.825213134424584,8.377659541961345,-2.5524464075367606
MOHC,UKESM1-0-LL,r1i1p1f2,gn,ssp370,2026-08,2026,8,3.2586620271397146,6.494668399593875,-3.2360063724541606
MOHC,UKESM1-0-LL,r1i1p1f2,gn,ssp370,2026-09,2026,9,3.236926053154016,6.742467621996264,-3.505541568842248
MOHC,UKESM1-0-LL,r1i1p1f2,gn,ssp370,2026-10,2026,10,5.098001922533324,8.456494308873493,-3.358492386340169
MOHC,UKESM1-0-LL,r1i1p1f2,gn,ssp370,2026-11,2026,11,8.108009394315816,10.63141795782804,-2.5234085635122234
MOHC,UKESM1-0-LL,r1i1p1f2,gn,ssp370,2026-12,2026,12,9.83853029393933,12.183681407006313,-2.345151113066983
MOHC,UKESM1-0-LL,r1i1p1f2,gn,ssp370,2027-01,2027,1,10.991363022311516,12.841069732324511,-1.8497067100129954
MOHC,UKESM1-0-LL,r1i1p1f2,gn,ssp370,2027-02,2027,2,11.470693081361134,13.052575440590799,-1.581882359229665
MOHC,UKESM1-0-LL,r1i1p1f2,gn,ssp370,2027-03,2027,3,11.608374503426154,13.084475311238052,-1.476100807811898
MOHC,UKESM1-0-LL,r1i1p1f2,gn,ssp370,2027-04,2027,4,11.458315126164875,12.891298638721189,-1.432983512556314
MOHC,UKESM1-0-LL,r1i1p1f2,gn,ssp370,2027-05,2027,5,10.318799800181504,12.12182555549293,-1.8030257553114257
MOHC,UKESM1-0-LL,r1i1p1f2,gn,ssp370,2027-06,2027,6,8.574835565539107,10.56014229872586,-1.9853067331867535
MOHC,UKESM1-0-LL,r1i1p1f2,gn,ssp370,2027-07,2027,7,5.258194945790314,8.377659541961345,-3.1194645961710306
MOHC,UKESM1-0-LL,r1i1p1f2,gn,ssp370,2027-08,2027,8,2.7316019219402663,6.494668399593875,-3.763066477653609
MOHC,UKESM1-0-LL,r1i1p1f2,gn,ssp370,2027-09,2027,9,2.6624810117096143,6.742467621996264,-4.0799866102866496
MOHC,UKESM1-0-LL,r1i1p1f2,gn,ssp370,2027-10,2027,10,4.431670375928638,8.456494308873493,-4.024823932944855
MOHC,UKESM1-0-LL,r1i1p1f2,gn,ssp370,2027-11,2027,11,7.306882165307507,10.63141795782804,-3.3245357925205328
MOHC,UKESM1-0-LL,r1i1p1f2,gn,ssp370,2027-12,2027,12,9.795893714532767,12.183681407006313,-2.3877876924735464
MOHC,UKESM1-0-LL,r1i1p1f2,gn,ssp370,2028-01,2028,1,10.990328616325394,12.841069732324511,-1.8507411159991172
MOHC,UKESM1-0-LL,r1i1p1f2,gn,ssp370,2028-02,2028,2,11.403214940887626,13.052575440590799,-1.6493604997031728
MOHC,UKESM1-0-LL,r1i1p1f2,gn,ssp370,2028-03,2028,3,11.685974093316329,13.084475311238052,-1.3985012179217229
MOHC,UKESM1-0-LL,r1i1p1f2,gn,ssp370,2028-04,2028,4,11.451812189896632,12.891298638721189,-1.4394864488245567
MOHC,UKESM1-0-LL,r1i1p1f2,gn,ssp370,2028-05,2028,5,10.447886236062873,12.12182555549293,-1.6739393194300565
MOHC,UKESM1-0-LL,r1i1p1f2,gn,ssp370,2028-06,2028,6,8.61610009672843,10.56014229872586,-1.9440422019974317
MOHC,UKESM1-0-LL,r1i1p1f2,gn,ssp370,2028-07,2028,7,5.503374028396215,8.377659541961345,-2.8742855135651295
MOHC,UKESM1-0-LL,r1i1p1f2,gn,ssp370,2028-08,2028,8,2.9429923836283143,6.494668399593875,-3.551676015965561
MOHC,UKESM1-0-LL,r1i1p1f2,gn,ssp370,2028-09,2028,9,2.97210125680962,6.742467621996264,-3.7703663651866437
MOHC,UKESM1-0-LL,r1i1p1f2,gn,ssp370,2028-10,2028,10,5.153102821967718,8.456494308873493,-3.3033914869057748
MOHC,UKESM1-0-LL,r1i1p1f2,gn,ssp370,2028-11,2028,11,8.177176400048294,10.63141795782804,-2.4542415577797456
MOHC,UKESM1-0-LL,r1i1p1f2,gn,ssp370,2028-12,2028,12,10.45317568521338,12.183681407006313,-1.7305057217929338
MOHC,UKESM1-0-LL,r1i1p1f2,gn,ssp370,2029-01,2029,1,11.211082916062622,12.841069732324511,-1.629986816261889
MOHC,UKESM1-0-LL,r1i1p1f2,gn,ssp370,2029-02,2029,2,11.550906812241948,13.052575440590799,-1.5016686283488507
MOHC,UKESM1-0-LL,r1i1p1f2,gn,ssp370,2029-03,2029,3,11.718405024971062,13.084475311238052,-1.3660702862669893
MOHC,UKESM1-0-LL,r1i1p1f2,gn,ssp370,2029-04,2029,4,11.308845535547169,12.891298638721189,-1.5824531031740197
MOHC,UKESM1-0-LL,r1i1p1f2,gn,ssp370,2029-05,2029,5,10.329918315938626,12.12182555549293,-1.7919072395543036
MOHC,UKESM1-0-LL,r1i1p1f2,gn,ssp370,2029-06,2029,6,8.46074909007675,10.56014229872586,-2.0993932086491114
MOHC,UKESM1-0-LL,r1i1p1f2,gn,ssp370,2029-07,2029,7,5.063889104713346,8.377659541961345,-3.3137704372479986
MOHC,UKESM1-0-LL,r1i1p1f2,gn,ssp370,2029-08,2029,8,2.5829631556643147,6.494668399593875,-3.9117052439295605
MOHC,UKESM1-0-LL,r1i1p1f2,gn,ssp370,2029-09,2029,9,2.429799030066158,6.742467621996264,-4.312668591930105
MOHC,UKESM1-0-LL,r1i1p1f2,gn,ssp370,2029-10,2029,10,4.699900143965846,8.456494308873493,-3.7565941649076473
MOHC,UKESM1-0-LL,r1i1p1f2,gn,ssp370,2029-11,2029,11,7.73442774447084,10.63141795782804,-2.8969902133572
MOHC,UKESM1-0-LL,r1i1p1f2,gn,ssp370,2029-12,2029,12,9.707037675213211,12.183681407006313,-2.476643731793102
MOHC,UKESM1-0-LL,r1i1p1f2,gn,ssp370,2030-01,2030,1,11.179016863050748,12.841069732324511,-1.6620528692737633
MOHC,UKESM1-0-LL,r1i1p1f2,gn,ssp370,2030-02,2030,2,11.459146969592132,13.052575440590799,-1.593428470998667
MOHC,UKESM1-0-LL,r1i1p1f2,gn,ssp370,2030-03,2030,3,11.542639725005023,13.084475311238052,-1.541835586233029
MOHC,UKESM1-0-LL,r1i1p1f2,gn,ssp370,2030-04,2030,4,11.154735092159008,12.891298638721189,-1.7365635465621807
MOHC,UKESM1-0-LL,r1i1p1f2,gn,ssp370,2030-05,2030,5,10.049842534761554,12.12182555549293,-2.071983020731375
MOHC,UKESM1-0-LL,r1i1p1f2,gn,ssp370,2030-06,2030,6,8.08332746292031,10.56014229872586,-2.47681483580555
MOHC,UKESM1-0-LL,r1i1p1f2,gn,ssp370,2030-07,2030,7,4.421457170988424,8.377659541961345,-3.956202370972921
MOHC,UKESM1-0-LL,r1i1p1f2,gn,ssp370,2030-08,2030,8,1.9184270636978924,6.494668399593875,-4.576241335895983
MOHC,UKESM1-0-LL,r1i1p1f2,gn,ssp370,2030-09,2030,9,1.5125287754498726,6.742467621996264,-5.229938846546391
MOHC,UKESM1-0-LL,r1i1p1f2,gn,ssp370,2030-10,2030,10,3.1308096474444866,8.456494308873493,-5.3256846614290065
MOHC,UKESM1-0-LL,r1i1p1f2,gn,ssp370,2030-11,2030,11,6.758275695218371,10.63141795782804,-3.8731422626096688
MOHC,UKESM1-0-LL,r1i1p1f2,gn,ssp370,2030-12,2030,12,9.580271408860856,12.183681407006313,-2.603409998145457
MOHC,UKESM1-0-LL,r1i1p1f2,gn,ssp370,2031-01,2031,1,10.922224451071703,12.841069732324511,-1.9188452812528087
MOHC,UKESM1-0-LL,r1i1p1f2,gn,ssp370,2031-02,2031,2,11.496016834675917,13.052575440590799,-1.5565586059148817
MOHC,UKESM1-0-LL,r1i1p1f2,gn,ssp370,2031-03,2031,3,11.68303836889308,13.084475311238052,-1.4014369423449722
MOHC,UKESM1-0-LL,r1i1p1f2,gn,ssp370,2031-04,2031,4,11.596814359143536,12.891298638721189,-1.2944842795776523
MOHC,UKESM1-0-LL,r1i1p1f2,gn,ssp370,2031-05,2031,5,10.301332765223714,12.12182555549293,-1.8204927902692152
MOHC,UKESM1-0-LL,r1i1p1f2,gn,ssp370,2031-06,2031,6,8.198101452935058,10.56014229872586,-2.362040845790803
MOHC,UKESM1-0-LL,r1i1p1f2,gn,ssp370,2031-07,2031,7,3.904538754317514,8.377659541961345,-4.473120787643831
MOHC,UKESM1-0-LL,r1i1p1f2,gn,ssp370,2031-08,2031,8,1.1953790229760872,6.494668399593875,-5.2992893766177875
MOHC,UKESM1-0-LL,r1i1p1f2,gn,ssp370,2031-09,2031,9,0.6652116759866931,6.742467621996264,-6.07725594600957
MOHC,UKESM1-0-LL,r1i1p1f2,gn,ssp370,2031-10,2031,10,3.049436977302302,8.456494308873493,-5.407057331571192
MOHC,UKESM1-0-LL,r1i1p1f2,gn,ssp370,2031-11,2031,11,6.708505917757044,10.63141795782804,-3.9229120400709956
MOHC,UKESM1-0-LL,r1i1p1f2,gn,ssp370,2031-12,2031,12,9.112630141717634,12.183681407006313,-3.0710512652886788
MOHC,UKESM1-0-LL,r1i1p1f2,gn,ssp370,2032-01,2032,1,10.626843353970266,12.841069732324511,-2.2142263783542457
MOHC,UKESM1-0-LL,r1i1p1f2,gn,ssp370,2032-02,2032,2,11.332273523893027,13.052575440590799,-1.720301916697771
MOHC,UKESM1-0-LL,r1i1p1f2,gn,ssp370,2032-03,2032,3,11.65688647493725,13.084475311238052,-1.4275888363008011
MOHC,UKESM1-0-LL,r1i1p1f2,gn,ssp370,2032-04,2032,4,11.477419091513074,12.891298638721189,-1.413879547208115
MOHC,UKESM1-0-LL,r1i1p1f2,gn,ssp370,2032-05,2032,5,10.309253981027114,12.12182555549293,-1.8125715744658155
MOHC,UKESM1-0-LL,r1i1p1f2,gn,ssp370,2032-06,2032,6,8.096737855153357,10.56014229872586,-2.4634044435725038
MOHC,UKESM1-0-LL,r1i1p1f2,gn,ssp370,2032-07,2032,7,3.796032259119463,8.377659541961345,-4.581627282841882
MOHC,UKESM1-0-LL,r1i1p1f2,gn,ssp370,2032-08,2032,8,1.057507549825515,6.494668399593875,-5.43716084976836
MOHC,UKESM1-0-LL,r1i1p1f2,gn,ssp370,2032-09,2032,9,0.4683472558764202,6.742467621996264,-6.274120366119844
MOHC,UKESM1-0-LL,r1i1p1f2,gn,ssp370,2032-10,2032,10,2.4861768807165516,8.456494308873493,-5.9703174281569416
MOHC,UKESM1-0-LL,r1i1p1f2,gn,ssp370,2032-11,2032,11,6.378977896200471,10.63141795782804,-4.252440061627569
MOHC,UKESM1-0-LL,r1i1p1f2,gn,ssp370,2032-12,2032,12,9.28890420605078,12.183681407006313,-2.8947772009555326
MOHC,UKESM1-0-LL,r1i1p1f2,gn,ssp370,2033-01,2033,1,10.636968192284483,12.841069732324511,-2.2041015400400283
MOHC,UKESM1-0-LL,r1i1p1f2,gn,ssp370,2033-02,2033,2,11.270096744362629,13.052575440590799,-1.7824786962281696
MOHC,UKESM1-0-LL,r1i1p1f2,gn,ssp370,2033-03,2033,3,11.675991217094772,13.084475311238052,-1.4084840941432795
MOHC,UKESM1-0-LL,r1i1p1f2,gn,ssp370,2033-04,2033,4,11.44524017565791,12.891298638721189,-1.4460584630632791
MOHC,UKESM1-0-LL,r1i1p1f2,gn,ssp370,2033-05,2033,5,10.229200508407972,12.12182555549293,-1.892625047084957
MOHC,UKESM1-0-LL,r1i1p1f2,gn,ssp370,2033-06,2033,6,8.328312711136242,10.56014229872586,-2.231829587589619
MOHC,UKESM1-0-LL,r1i1p1f2,gn,ssp370,2033-07,2033,7,3.838096079257744,8.377659541961345,-4.539563462703601
MOHC,UKESM1-0-LL,r1i1p1f2,gn,ssp370,2033-08,2033,8,0.8711255298504157,6.494668399593875,-5.62354286974346
MOHC,UKESM1-0-LL,r1i1p1f2,gn,ssp370,2033-09,2033,9,0.29096629410467173,6.742467621996264,-6.4515013278915925
MOHC,UKESM1-0-LL,r1i1p1f2,gn,ssp370,2033-10,2033,10,2.076024847454442,8.456494308873493,-6.380469461419051
MOHC,UKESM1-0-LL,r1i1p1f2,gn,ssp370,2033-11,2033,11,6.562656665102719,10.63141795782804,-4.068761292725321
MOHC,UKESM1-0-LL,r1i1p1f2,gn,ssp370,2033-12,2033,12,9.686828676375992,12.183681407006313,-2.496852730630321
MOHC,UKESM1-0-LL,r1i1p1f2,gn,ssp370,2034-01,2034,1,11.0684656873002,12.841069732324511,-1.7726040450243108
MOHC,UKESM1-0-LL,r1i1p1f2,gn,ssp370,2034-02,2034,2,11.551549886090449,13.052575440590799,-1.50102555450035
MOHC,UKESM1-0-LL,r1i1p1f2,gn,ssp370,2034-03,2034,3,11.800974567006834,13.084475311238052,-1.2835007442312172
MOHC,UKESM1-0-LL,r1i1p1f2,gn,ssp370,2034-04,2034,4,11.465473119383777,12.891298638721189,-1.4258255193374119
MOHC,UKESM1-0-LL,r1i1p1f2,gn,ssp370,2034-05,2034,5,10.477673154135324,12.12182555549293,-1.644152401357605
MOHC,UKESM1-0-LL,r1i1p1f2,gn,ssp370,2034-06,2034,6,8.555378277957681,10.56014229872586,-2.00476402076818
MOHC,UKESM1-0-LL,r1i1p1f2,gn,ssp370,2034-07,2034,7,3.937876258577551,8.377659541961345,-4.439783283383793
MOHC,UKESM1-0-LL,r1i1p1f2,gn,ssp370,2034-08,2034,8,0.7781399906166353,6.494668399593875,-5.71652840897724
MOHC,UKESM1-0-LL,r1i1p1f2,gn,ssp370,2034-09,2034,9,0.2887053257302517,6.742467621996264,-6.453762296266012
MOHC,UKESM1-0-LL,r1i1p1f2,gn,ssp370,2034-10,2034,10,1.3688066112491817,8.456494308873493,-7.087687697624311
MOHC,UKESM1-0-LL,r1i1p1f2,gn,ssp370,2034-11,2034,11,6.491285904466365,10.63141795782804,-4.140132053361675
MOHC,UKESM1-0-LL,r1i1p1f2,gn,ssp370,2034-12,2034,12,9.742372272217898,12.183681407006313,-2.4413091347884155
MOHC,UKESM1-0-LL,r1i1p1f2,gn,ssp370,2035-01,2035,1,11.319315937304452,12.841069732324511,-1.521753795020059
MOHC,UKESM1-0-LL,r1i1p1f2,gn,ssp370,2035-02,2035,2,11.722524742730439,13.052575440590799,-1.3300506978603597
MOHC,UKESM1-0-LL,r1i1p1f2,gn,ssp370,2035-03,2035,3,11.471107787163813,13.084475311238052,-1.6133675240742384
MOHC,UKESM1-0-LL,r1i1p1f2,gn,ssp370,2035-04,2035,4,11.171569925179515,12.891298638721189,-1.7197287135416737
MOHC,UKESM1-0-LL,r1i1p1f2,gn,ssp370,2035-05,2035,5,10.030306558911176,12.12182555549293,-2.091518996581753
MOHC,UKESM1-0-LL,r1i1p1f2,gn,ssp370,2035-06,2035,6,7.893858323834222,10.56014229872586,-2.6662839748916385
MOHC,UKESM1-0-LL,r1i1p1f2,gn,ssp370,2035-07,2035,7,3.672811563596915,8.377659541961345,-4.7048479783644295
MOHC,UKESM1-0-LL,r1i1p1f2,gn,ssp370,2035-08,2035,8,0.9664692020300087,6.494668399593875,-5.5281991975638665
MOHC,UKESM1-0-LL,r1i1p1f2,gn,ssp370,2035-09,2035,9,0.4049118008789795,6.742467621996264,-6.337555821117284
MOHC,UKESM1-0-LL,r1i1p1f2,gn,ssp370,2035-10,2035,10,1.6945901766308507,8.456494308873493,-6.761904132242643
MOHC,UKESM1-0-LL,r1i1p1f2,gn,ssp370,2035-11,2035,11,5.630781089245152,10.63141795782804,-5.0006368685828875
MOHC,UKESM1-0-LL,r1i1p1f2,gn,ssp370,2035-12,2035,12,9.301537504920011,12.183681407006313,-2.882143902086302
MOHC,UKESM1-0-LL,r1i1p1f2,gn,ssp370,2036-01,2036,1,10.907887130001816,12.841069732324511,-1.9331826023226952
MOHC,UKESM1-0-LL,r1i1p1f2,gn,ssp370,2036-02,2036,2,11.588674587555875,13.052575440590799,-1.4639008530349233
MOHC,UKESM1-0-LL,r1i1p1f2,gn,ssp370,2036-03,2036,3,11.70873242678107,13.084475311238052,-1.3757428844569812
MOHC,UKESM1-0-LL,r1i1p1f2,gn,ssp370,2036-04,2036,4,11.287144915887417,12.891298638721189,-1.6041537228337717
MOHC,UKESM1-0-LL,r1i1p1f2,gn,ssp370,2036-05,2036,5,10.195514116806889,12.12182555549293,-1.9263114386860405
MOHC,UKESM1-0-LL,r1i1p1f2,gn,ssp370,2036-06,2036,6,7.948352032918859,10.56014229872586,-2.6117902658070022
MOHC,UKESM1-0-LL,r1i1p1f2,gn,ssp370,2036-07,2036,7,3.389480439228097,8.377659541961345,-4.988179102733248
MOHC,UKESM1-0-LL,r1i1p1f2,gn,ssp370,2036-08,2036,8,0.6293792552860857,6.494668399593875,-5.8652891443077895
MOHC,UKESM1-0-LL,r1i1p1f2,gn,ssp370,2036-09,2036,9,0.321856024557779,6.742467621996264,-6.4206115974384845
MOHC,UKESM1-0-LL,r1i1p1f2,gn,ssp370,2036-10,2036,10,1.2667228979729026,8.456494308873493,-7.18977141090059
MOHC,UKESM1-0-LL,r1i1p1f2,gn,ssp370,2036-11,2036,11,4.827862804279724,10.63141795782804,-5.803555153548316
MOHC,UKESM1-0-LL,r1i1p1f2,gn,ssp370,2036-12,2036,12,8.439559226054884,12.183681407006313,-3.744122180951429
MOHC,UKESM1-0-LL,r1i1p1f2,gn,ssp370,2037-01,2037,1,10.634312026508185,12.841069732324511,-2.206757705816326
MOHC,UKESM1-0-LL,r1i1p1f2,gn,ssp370,2037-02,2037,2,11.27740206016015,13.052575440590799,-1.7751733804306493
MOHC,UKESM1-0-LL,r1i1p1f2,gn,ssp370,2037-03,2037,3,11.590920430669685,13.084475311238052,-1.4935548805683663
MOHC,UKESM1-0-LL,r1i1p1f2,gn,ssp370,2037-04,2037,4,11.185723985807929,12.891298638721189,-1.7055746529132598
MOHC,UKESM1-0-LL,r1i1p1f2,gn,ssp370,2037-05,2037,5,9.955686999327758,12.12182555549293,-2.166138556165171
MOHC,UKESM1-0-LL,r1i1p1f2,gn,ssp370,2037-06,2037,6,7.71010162641918,10.56014229872586,-2.8500406723066805
MOHC,UKESM1-0-LL,r1i1p1f2,gn,ssp370,2037-07,2037,7,2.7286795374764696,8.377659541961345,-5.648980004484875
MOHC,UKESM1-0-LL,r1i1p1f2,gn,ssp370,2037-08,2037,8,0.4379305058496455,6.494668399593875,-6.05673789374423
MOHC,UKESM1-0-LL,r1i1p1f2,gn,ssp370,2037-09,2037,9,0.19176873525961766,6.742467621996264,-6.5506988867366465
MOHC,UKESM1-0-LL,r1i1p1f2,gn,ssp370,2037-10,2037,10,0.9245136414053364,8.456494308873493,-7.531980667468157
MOHC,UKESM1-0-LL,r1i1p1f2,gn,ssp370,2037-11,2037,11,4.294565746495908,10.63141795782804,-6.336852211332132
MOHC,UKESM1-0-LL,r1i1p1f2,gn,ssp370,2037-12,2037,12,8.3536976862901,12.183681407006313,-3.8299837207162124
MOHC,UKESM1-0-LL,r1i1p1f2,gn,ssp370,2038-01,2038,1,11.075495352510066,12.841069732324511,-1.7655743798144456
MOHC,UKESM1-0-LL,r1i1p1f2,gn,ssp370,2038-02,2038,2,11.79793077466107,13.052575440590799,-1.2546446659297281
MOHC,UKESM1-0-LL,r1i1p1f2,gn,ssp370,2038-03,2038,3,11.953220846040123,13.084475311238052,-1.1312544651979284
MOHC,UKESM1-0-LL,r1i1p1f2,gn,ssp370,2038-04,2038,4,11.725999667306597,12.891298638721189,-1.1652989714145914
MOHC,UKESM1-0-LL,r1i1p1f2,gn,ssp370,2038-05,2038,5,10.512828815595228,12.12182555549293,-1.6089967398977016
MOHC,UKESM1-0-LL,r1i1p1f2,gn,ssp370,2038-06,2038,6,8.387588523575497,10.56014229872586,-2.172553775150364
MOHC,UKESM1-0-LL,r1i1p1f2,gn,ssp370,2038-07,2038,7,3.3650723867694827,8.377659541961345,-5.012587155191862
MOHC,UKESM1-0-LL,r1i1p1f2,gn,ssp370,2038-08,2038,8,0.4823464021495499,6.494668399593875,-6.012321997444325
MOHC,UKESM1-0-LL,r1i1p1f2,gn,ssp370,2038-09,2038,9,0.16208286054370288,6.742467621996264,-6.580384761452561
MOHC,UKESM1-0-LL,r1i1p1f2,gn,ssp370,2038-10,2038,10,1.028313590654735,8.456494308873493,-7.4281807182187585
MOHC,UKESM1-0-LL,r1i1p1f2,gn,ssp370,2038-11,2038,11,5.3949795923002775,10.63141795782804,-5.236438365527762
MOHC,UKESM1-0-LL,r1i1p1f2,gn,ssp370,2038-12,2038,12,9.418453570699175,12.183681407006313,-2.7652278363071385
MOHC,UKESM1-0-LL,r1i1p1f2,gn,ssp370,2039-01,2039,1,11.100301722702609,12.841069732324511,-1.7407680096219025
MOHC,UKESM1-0-LL,r1i1p1f2,gn,ssp370,2039-02,2039,2,11.627836721424348,13.052575440590799,-1.4247387191664505
MOHC,UKESM1-0-LL,r1i1p1f2,gn,ssp370,2039-03,2039,3,11.81830902636041,13.084475311238052,-1.2661662848776416
MOHC,UKESM1-0-LL,r1i1p1f2,gn,ssp370,2039-04,2039,4,11.467506399771517,12.891298638721189,-1.4237922389496713
MOHC,UKESM1-0-LL,r1i1p1f2,gn,ssp370,2039-05,2039,5,10.497569609657356,12.12182555549293,-1.6242559458355732
MOHC,UKESM1-0-LL,r1i1p1f2,gn,ssp370,2039-06,2039,6,8.488029594028609,10.56014229872586,-2.0721127046972523
MOHC,UKESM1-0-LL,r1i1p1f2,gn,ssp370,2039-07,2039,7,4.036219233865029,8.377659541961345,-4.341440308096316
MOHC,UKESM1-0-LL,r1i1p1f2,gn,ssp370,2039-08,2039,8,1.0825557839191466,6.494668399593875,-5.412112615674729
MOHC,UKESM1-0-LL,r1i1p1f2,gn,ssp370,2039-09,2039,9,0.5596956532493329,6.742467621996264,-6.1827719687469305
MOHC,UKESM1-0-LL,r1i1p1f2,gn,ssp370,2039-10,2039,10,2.401816266605916,8.456494308873493,-6.054678042267577
MOHC,UKESM1-0-LL,r1i1p1f2,gn,ssp370,2039-11,2039,11,6.834930991877623,10.63141795782804,-3.7964869659504172
MOHC,UKESM1-0-LL,r1i1p1f2,gn,ssp370,2039-12,2039,12,9.845535979573365,12.183681407006313,-2.3381454274329485
MOHC,UKESM1-0-LL,r1i1p1f2,gn,ssp370,2040-01,2040,1,10.967124956016956,12.841069732324511,-1.873944776307555
MOHC,UKESM1-0-LL,r1i1p1f2,gn,ssp370,2040-02,2040,2,11.499975950453386,13.052575440590799,-1.5525994901374123
MOHC,UKESM1-0-LL,r1i1p1f2,gn,ssp370,2040-03,2040,3,11.642682486893053,13.084475311238052,-1.441792824344999
MOHC,UKESM1-0-LL,r1i1p1f2,gn,ssp370,2040-04,2040,4,11.46984801065084,12.891298638721189,-1.4214506280703496
MOHC,UKESM1-0-LL,r1i1p1f2,gn,ssp370,2040-05,2040,5,10.612390407777823,12.12182555549293,-1.5094351477151058
MOHC,UKESM1-0-LL,r1i1p1f2,gn,ssp370,2040-06,2040,6,8.704316004894292,10.56014229872586,-1.8558262938315693
MOHC,UKESM1-0-LL,r1i1p1f2,gn,ssp370,2040-07,2040,7,4.267705773421166,8.377659541961345,-4.109953768540179
MOHC,UKESM1-0-LL,r1i1p1f2,gn,ssp370,2040-08,2040,8,1.1214765914119316,6.494668399593875,-5.373191808181944
MOHC,UKESM1-0-LL,r1i1p1f2,gn,ssp370,2040-09,2040,9,0.49713739866890794,6.742467621996264,-6.245330223327356
MOHC,UKESM1-0-LL,r1i1p1f2,gn,ssp370,2040-10,2040,10,2.479411589178468,8.456494308873493,-5.977082719695025
MOHC,UKESM1-0-LL,r1i1p1f2,gn,ssp370,2040-11,2040,11,6.652562536509214,10.63141795782804,-3.9788554213188263
MOHC,UKESM1-0-LL,r1i1p1f2,gn,ssp370,2040-12,2040,12,9.542396807548037,12.183681407006313,-2.6412845994582757
MOHC,UKESM1-0-LL,r1i1p1f2,gn,ssp370,2041-01,2041,1,10.737597795466064,12.841069732324511,-2.1034719368584476
MOHC,UKESM1-0-LL,r1i1p1f2,gn,ssp370,2041-02,2041,2,11.80157326554834,13.052575440590799,-1.2510021750424585
MOHC,UKESM1-0-LL,r1i1p1f2,gn,ssp370,2041-03,2041,3,11.944759618673109,13.084475311238052,-1.139715692564943
MOHC,UKESM1-0-LL,r1i1p1f2,gn,ssp370,2041-04,2041,4,11.760747411259443,12.891298638721189,-1.130551227461746
MOHC,UKESM1-0-LL,r1i1p1f2,gn,ssp370,2041-05,2041,5,10.763094069229739,12.12182555549293,-1.3587314862631903
MOHC,UKESM1-0-LL,r1i1p1f2,gn,ssp370,2041-06,2041,6,8.571483439023718,10.56014229872586,-1.9886588597021433
MOHC,UKESM1-0-LL,r1i1p1f2,gn,ssp370,2041-07,2041,7,3.2582480432534,8.377659541961345,-5.119411498707945
MOHC,UKESM1-0-LL,r1i1p1f2,gn,ssp370,2041-08,2041,8,0.5170397557002966,6.494668399593875,-5.977628643893579
MOHC,UKESM1-0-LL,r1i1p1f2,gn,ssp370,2041-09,2041,9,0.15641584689536278,6.742467621996264,-6.586051775100901
MOHC,UKESM1-0-LL,r1i1p1f2,gn,ssp370,2041-10,2041,10,0.9796216080867095,8.456494308873493,-7.4768727007867835
MOHC,UKESM1-0-LL,r1i1p1f2,gn,ssp370,2041-11,2041,11,5.573287236517004,10.63141795782804,-5.058130721311036
MOHC,UKESM1-0-LL,r1i1p1f2,gn,ssp370,2041-12,2041,12,9.446981363841285,12.183681407006313,-2.736700043165028
MOHC,UKESM1-0-LL,r1i1p1f2,gn,ssp370,2042-01,2042,1,11.012381780990914,12.841069732324511,-1.8286879513335972
MOHC,UKESM1-0-LL,r1i1p1f2,gn,ssp370,2042-02,2042,2,11.844882066686623,13.052575440590799,-1.207693373904176
MOHC,UKESM1-0-LL,r1i1p1f2,gn,ssp370,2042-03,2042,3,12.136991854001717,13.084475311238052,-0.9474834572363342
MOHC,UKESM1-0-LL,r1i1p1f2,gn,ssp370,2042-04,2042,4,11.957125432829022,12.891298638721189,-0.9341732058921668
MOHC,UKESM1-0-LL,r1i1p1f2,gn,ssp370,2042-05,2042,5,10.847188248806669,12.12182555549293,-1.2746373066862606
MOHC,UKESM1-0-LL,r1i1p1f2,gn,ssp370,2042-06,2042,6,8.697866947571601,10.56014229872586,-1.8622753511542598
MOHC,UKESM1-0-LL,r1i1p1f2,gn,ssp370,2042-07,2042,7,4.0987485125805465,8.377659541961345,-4.278911029380798
MOHC,UKESM1-0-LL,r1i1p1f2,gn,ssp370,2042-08,2042,8,0.8661121983391463,6.494668399593875,-5.628556201254729
MOHC,UKESM1-0-LL,r1i1p1f2,gn,ssp370,2042-09,2042,9,0.3206817452732317,6.742467621996264,-6.421785876723032
MOHC,UKESM1-0-LL,r1i1p1f2,gn,ssp370,2042-10,2042,10,2.2517648576404006,8.456494308873493,-6.204729451233092
MOHC,UKESM1-0-LL,r1i1p1f2,gn,ssp370,2042-11,2042,11,5.920372694578246,10.63141795782804,-4.711045263249794
MOHC,UKESM1-0-LL,r1i1p1f2,gn,ssp370,2042-12,2042,12,9.377208585332856,12.183681407006313,-2.8064728216734576
MOHC,UKESM1-0-LL,r1i1p1f2,gn,ssp370,2043-01,2043,1,11.188748897407315,12.841069732324511,-1.6523208349171963
MOHC,UKESM1-0-LL,r1i1p1f2,gn,ssp370,2043-02,2043,2,11.844186432912517,13.052575440590799,-1.2083890076782815
MOHC,UKESM1-0-LL,r1i1p1f2,gn,ssp370,2043-03,2043,3,11.631938134627744,13.084475311238052,-1.4525371766103081
MOHC,UKESM1-0-LL,r1i1p1f2,gn,ssp370,2043-04,2043,4,11.45057452138091,12.891298638721189,-1.4407241173402792
MOHC,UKESM1-0-LL,r1i1p1f2,gn,ssp370,2043-05,2043,5,10.316505171345337,12.12182555549293,-1.805320384147592
MOHC,UKESM1-0-LL,r1i1p1f2,gn,ssp370,2043-06,2043,6,8.506947280554373,10.56014229872586,-2.053195018171488
MOHC,UKESM1-0-LL,r1i1p1f2,gn,ssp370,2043-07,2043,7,3.609520054396842,8.377659541961345,-4.768139487564502
MOHC,UKESM1-0-LL,r1i1p1f2,gn,ssp370,2043-08,2043,8,0.6375217670328663,6.494668399593875,-5.857146632561009
MOHC,UKESM1-0-LL,r1i1p1f2,gn,ssp370,2043-09,2043,9,0.2595929115685617,6.742467621996264,-6.482874710427702
MOHC,UKESM1-0-LL,r1i1p1f2,gn,ssp370,2043-10,2043,10,1.4516892836729318,8.456494308873493,-7.004805025200561
MOHC,UKESM1-0-LL,r1i1p1f2,gn,ssp370,2043-11,2043,11,5.962929058554258,10.63141795782804,-4.668488899273782
MOHC,UKESM1-0-LL,r1i1p1f2,gn,ssp370,2043-12,2043,12,9.217783272241785,12.183681407006313,-2.9658981347645277
MOHC,UKESM1-0-LL,r1i1p1f2,gn,ssp370,2044-01,2044,1,10.893481431236587,12.841069732324511,-1.947588301087924
MOHC,UKESM1-0-LL,r1i1p1f2,gn,ssp370,2044-02,2044,2,11.312208062352992,13.052575440590799,-1.7403673782378064
MOHC,UKESM1-0-LL,r1i1p1f2,gn,ssp370,2044-03,2044,3,11.486824269572958,13.084475311238052,-1.5976510416650935
MOHC,UKESM1-0-LL,r1i1p1f2,gn,ssp370,2044-04,2044,4,11.567479244932223,12.891298638721189,-1.3238193937889662
MOHC,UKESM1-0-LL,r1i1p1f2,gn,ssp370,2044-05,2044,5,10.58322786592284,12.12182555549293,-1.5385976895700892
MOHC,UKESM1-0-LL,r1i1p1f2,gn,ssp370,2044-06,2044,6,8.278185710957047,10.56014229872586,-2.281956587768814
MOHC,UKESM1-0-LL,r1i1p1f2,gn,ssp370,2044-07,2044,7,3.4167472654820616,8.377659541961345,-4.960912276479283
MOHC,UKESM1-0-LL,r1i1p1f2,gn,ssp370,2044-08,2044,8,0.7660883700489111,6.494668399593875,-5.728580029544964
MOHC,UKESM1-0-LL,r1i1p1f2,gn,ssp370,2044-09,2044,9,0.2790657947201475,6.742467621996264,-6.463401827276116
MOHC,UKESM1-0-LL,r1i1p1f2,gn,ssp370,2044-10,2044,10,1.299881760044077,8.456494308873493,-7.1566125488294166
MOHC,UKESM1-0-LL,r1i1p1f2,gn,ssp370,2044-11,2044,11,5.180317966668318,10.63141795782804,-5.4510999911597215
MOHC,UKESM1-0-LL,r1i1p1f2,gn,ssp370,2044-12,2044,12,9.262964256981872,12.183681407006313,-2.9207171500244407
MOHC,UKESM1-0-LL,r1i1p1f2,gn,ssp370,2045-01,2045,1,11.007421836137766,12.841069732324511,-1.8336478961867453
MOHC,UKESM1-0-LL,r1i1p1f2,gn,ssp370,2045-02,2045,2,11.44808469164761,13.052575440590799,-1.6044907489431885
MOHC,UKESM1-0-LL,r1i1p1f2,gn,ssp370,2045-03,2045,3,11.70316982902138,13.084475311238052,-1.3813054822166713
MOHC,UKESM1-0-LL,r1i1p1f2,gn,ssp370,2045-04,2045,4,11.502090683036043,12.891298638721189,-1.389207955685146
MOHC,UKESM1-0-LL,r1i1p1f2,gn,ssp370,2045-05,2045,5,10.433265321260617,12.12182555549293,-1.6885602342323125
MOHC,UKESM1-0-LL,r1i1p1f2,gn,ssp370,2045-06,2045,6,8.389601360952279,10.56014229872586,-2.1705409377735823
MOHC,UKESM1-0-LL,r1i1p1f2,gn,ssp370,2045-07,2045,7,3.5440301045623417,8.377659541961345,-4.8336294373990025
MOHC,UKESM1-0-LL,r1i1p1f2,gn,ssp370,2045-08,2045,8,0.6565849770589567,6.494668399593875,-5.838083422534918
MOHC,UKESM1-0-LL,r1i1p1f2,gn,ssp370,2045-09,2045,9,0.21934174763440922,6.742467621996264,-6.523125874361854
MOHC,UKESM1-0-LL,r1i1p1f2,gn,ssp370,2045-10,2045,10,1.8736493705492983,8.456494308873493,-6.582844938324195
MOHC,UKESM1-0-LL,r1i1p1f2,gn,ssp370,2045-11,2045,11,5.7671947791811755,10.63141795782804,-4.864223178646864
MOHC,UKESM1-0-LL,r1i1p1f2,gn,ssp370,2045-12,2045,12,8.631346210002377,12.183681407006313,-3.552335197003936
MOHC,UKESM1-0-LL,r1i1p1f2,gn,ssp370,2046-01,2046,1,10.716622368862184,12.841069732324511,-2.124447363462327
MOHC,UKESM1-0-LL,r1i1p1f2,gn,ssp370,2046-02,2046,2,11.523261276930828,13.052575440590799,-1.5293141636599703
MOHC,UKESM1-0-LL,r1i1p1f2,gn,ssp370,2046-03,2046,3,11.554210298512787,13.084475311238052,-1.5302650127252644
MOHC,UKESM1-0-LL,r1i1p1f2,gn,ssp370,2046-04,2046,4,11.441838964343846,12.891298638721189,-1.4494596743773425
MOHC,UKESM1-0-LL,r1i1p1f2,gn,ssp370,2046-05,2046,5,10.160353070353757,12.12182555549293,-1.961472485139172
MOHC,UKESM1-0-LL,r1i1p1f2,gn,ssp370,2046-06,2046,6,7.758120995814724,10.56014229872586,-2.802021302911137
MOHC,UKESM1-0-LL,r1i1p1f2,gn,ssp370,2046-07,2046,7,2.9167396332180386,8.377659541961345,-5.460919908743306
MOHC,UKESM1-0-LL,r1i1p1f2,gn,ssp370,2046-08,2046,8,0.4182069396685308,6.494668399593875,-6.076461459925344
MOHC,UKESM1-0-LL,r1i1p1f2,gn,ssp370,2046-09,2046,9,0.0899435159327276,6.742467621996264,-6.652524106063536
MOHC,UKESM1-0-LL,r1i1p1f2,gn,ssp370,2046-10,2046,10,0.586075857381646,8.456494308873493,-7.870418451491847
MOHC,UKESM1-0-LL,r1i1p1f2,gn,ssp370,2046-11,2046,11,4.684032371437875,10.63141795782804,-5.947385586390165
MOHC,UKESM1-0-LL,r1i1p1f2,gn,ssp370,2046-12,2046,12,8.319784468156492,12.183681407006313,-3.8638969388498214
MOHC,UKESM1-0-LL,r1i1p1f2,gn,ssp370,2047-01,2047,1,10.53985630747064,12.841069732324511,-2.301213424853872
MOHC,UKESM1-0-LL,r1i1p1f2,gn,ssp370,2047-02,2047,2,11.618791807601312,13.052575440590799,-1.4337836329894866
MOHC,UKESM1-0-LL,r1i1p1f2,gn,ssp370,2047-03,2047,3,11.779623916779956,13.084475311238052,-1.3048513944580957
MOHC,UKESM1-0-LL,r1i1p1f2,gn,ssp370,2047-04,2047,4,11.38001577138632,12.891298638721189,-1.5112828673348684
MOHC,UKESM1-0-LL,r1i1p1f2,gn,ssp370,2047-05,2047,5,10.149621924427317,12.12182555549293,-1.9722036310656126
MOHC,UKESM1-0-LL,r1i1p1f2,gn,ssp370,2047-06,2047,6,8.166521430204243,10.56014229872586,-2.3936208685216176
MOHC,UKESM1-0-LL,r1i1p1f2,gn,ssp370,2047-07,2047,7,3.8032634974880284,8.377659541961345,-4.574396044473316
MOHC,UKESM1-0-LL,r1i1p1f2,gn,ssp370,2047-08,2047,8,0.7558126230758655,6.494668399593875,-5.73885577651801
MOHC,UKESM1-0-LL,r1i1p1f2,gn,ssp370,2047-09,2047,9,0.25733509132503396,6.742467621996264,-6.48513253067123
MOHC,UKESM1-0-LL,r1i1p1f2,gn,ssp370,2047-10,2047,10,1.4843214503679871,8.456494308873493,-6.972172858505506
MOHC,UKESM1-0-LL,r1i1p1f2,gn,ssp370,2047-11,2047,11,5.175150685057115,10.63141795782804,-5.4562672727709245
MOHC,UKESM1-0-LL,r1i1p1f2,gn,ssp370,2047-12,2047,12,8.661799745075362,12.183681407006313,-3.5218816619309514
MOHC,UKESM1-0-LL,r1i1p1f2,gn,ssp370,2048-01,2048,1,10.684957355890536,12.841069732324511,-2.156112376433976
MOHC,UKESM1-0-LL,r1i1p1f2,gn,ssp370,2048-02,2048,2,11.56600644845166,13.052575440590799,-1.486568992139139
MOHC,UKESM1-0-LL,r1i1p1f2,gn,ssp370,2048-03,2048,3,11.772697971616195,13.084475311238052,-1.311777339621857
MOHC,UKESM1-0-LL,r1i1p1f2,gn,ssp370,2048-04,2048,4,11.364327634937293,12.891298638721189,-1.5269710037838955
MOHC,UKESM1-0-LL,r1i1p1f2,gn,ssp370,2048-05,2048,5,10.236126137683925,12.12182555549293,-1.885699417809004
MOHC,UKESM1-0-LL,r1i1p1f2,gn,ssp370,2048-06,2048,6,8.224995669922036,10.56014229872586,-2.335146628803825
MOHC,UKESM1-0-LL,r1i1p1f2,gn,ssp370,2048-07,2048,7,3.590980114033387,8.377659541961345,-4.786679427927957
MOHC,UKESM1-0-LL,r1i1p1f2,gn,ssp370,2048-08,2048,8,0.5629715499028212,6.494668399593875,-5.931696849691054
MOHC,UKESM1-0-LL,r1i1p1f2,gn,ssp370,2048-09,2048,9,0.1538649148114195,6.742467621996264,-6.588602707184844
MOHC,UKESM1-0-LL,r1i1p1f2,gn,ssp370,2048-10,2048,10,0.8724873812846896,8.456494308873493,-7.584006927588804
MOHC,UKESM1-0-LL,r1i1p1f2,gn,ssp370,2048-11,2048,11,5.095556957233913,10.63141795782804,-5.535861000594127
MOHC,UKESM1-0-LL,r1i1p1f2,gn,ssp370,2048-12,2048,12,8.538874213082309,12.183681407006313,-3.644807193924004
MOHC,UKESM1-0-LL,r1i1p1f2,gn,ssp370,2049-01,2049,1,10.237927533450975,12.841069732324511,-2.6031421988735364
MOHC,UKESM1-0-LL,r1i1p1f2,gn,ssp370,2049-02,2049,2,11.088445027504997,13.052575440590799,-1.964130413085801
MOHC,UKESM1-0-LL,r1i1p1f2,gn,ssp370,2049-03,2049,3,11.228229484146953,13.084475311238052,-1.856245827091099
MOHC,UKESM1-0-LL,r1i1p1f2,gn,ssp370,2049-04,2049,4,10.82230044976695,12.891298638721189,-2.0689981889542395
MOHC,UKESM1-0-LL,r1i1p1f2,gn,ssp370,2049-05,2049,5,9.424571122367551,12.12182555549293,-2.6972544331253783
MOHC,UKESM1-0-LL,r1i1p1f2,gn,ssp370,2049-06,2049,6,7.152138894256806,10.56014229872586,-3.4080034044690546
MOHC,UKESM1-0-LL,r1i1p1f2,gn,ssp370,2049-07,2049,7,2.281270017551538,8.377659541961345,-6.0963895244098065
MOHC,UKESM1-0-LL,r1i1p1f2,gn,ssp370,2049-08,2049,8,0.33457983383185536,6.494668399593875,-6.1600885657620195
MOHC,UKESM1-0-LL,r1i1p1f2,gn,ssp370,2049-09,2049,9,0.13832937084297792,6.742467621996264,-6.604138251153286
MOHC,UKESM1-0-LL,r1i1p1f2,gn,ssp370,2049-10,2049,10,0.567173455847157,8.456494308873493,-7.889320853026336
MOHC,UKESM1-0-LL,r1i1p1f2,gn,ssp370,2049-11,2049,11,3.61431590080971,10.63141795782804,-7.01710205701833
MOHC,UKESM1-0-LL,r1i1p1f2,gn,ssp370,2049-12,2049,12,7.957737199751889,12.183681407006313,-4.225944207254424
MOHC,UKESM1-0-LL,r1i1p1f2,gn,ssp370,2050-01,2050,1,9.902288775084939,12.841069732324511,-2.9387809572395724
MOHC,UKESM1-0-LL,r1i1p1f2,gn,ssp370,2050-02,2050,2,11.015541436194706,13.052575440590799,-2.0370340043960926
MOHC,UKESM1-0-LL,r1i1p1f2,gn,ssp370,2050-03,2050,3,11.3998995111806,13.084475311238052,-1.684575800057452
MOHC,UKESM1-0-LL,r1i1p1f2,gn,ssp370,2050-04,2050,4,11.321154074231378,12.891298638721189,-1.5701445644898104
MOHC,UKESM1-0-LL,r1i1p1f2,gn,ssp370,2050-05,2050,5,9.918979308752665,12.12182555549293,-2.2028462467402647
MOHC,UKESM1-0-LL,r1i1p1f2,gn,ssp370,2050-06,2050,6,6.912788915837328,10.56014229872586,-3.647353382888533
MOHC,UKESM1-0-LL,r1i1p1f2,gn,ssp370,2050-07,2050,7,1.3151779568095536,8.377659541961345,-7.062481585151791
MOHC,UKESM1-0-LL,r1i1p1f2,gn,ssp370,2050-08,2050,8,0.12071548917802893,6.494668399593875,-6.373952910415846
MOHC,UKESM1-0-LL,r1i1p1f2,gn,ssp370,2050-09,2050,9,0.03453276422504863,6.742467621996264,-6.707934857771215
MOHC,UKESM1-0-LL,r1i1p1f2,gn,ssp370,2050-10,2050,10,0.2575061721422294,8.456494308873493,-8.198988136731264
MOHC,UKESM1-0-LL,r1i1p1f2,gn,ssp370,2050-11,2050,11,1.871295025390275,10.63141795782804,-8.760122932437765
MOHC,UKESM1-0-LL,r1i1p1f2,gn,ssp370,2050-12,2050,12,7.09463463072679,12.183681407006313,-5.089046776279523
MOHC,UKESM1-0-LL,r1i1p1f2,gn,ssp370,2051-01,2051,1,10.123055958159652,12.841069732324511,-2.7180137741648593
MOHC,UKESM1-0-LL,r1i1p1f2,gn,ssp370,2051-02,2051,2,11.192673168042742,13.052575440590799,-1.859902272548057
MOHC,UKESM1-0-LL,r1i1p1f2,gn,ssp370,2051-03,2051,3,11.047156095745885,13.084475311238052,-2.0373192154921664
MOHC,UKESM1-0-LL,r1i1p1f2,gn,ssp370,2051-04,2051,4,10.920485990314543,12.891298638721189,-1.9708126484066462
MOHC,UKESM1-0-LL,r1i1p1f2,gn,ssp370,2051-05,2051,5,9.745982940713262,12.12182555549293,-2.3758426147796676
MOHC,UKESM1-0-LL,r1i1p1f2,gn,ssp370,2051-06,2051,6,7.6387603602182255,10.56014229872586,-2.9213819385076354
MOHC,UKESM1-0-LL,r1i1p1f2,gn,ssp370,2051-07,2051,7,2.5797964864458596,8.377659541961345,-5.797863055515485
MOHC,UKESM1-0-LL,r1i1p1f2,gn,ssp370,2051-08,2051,8,0.22384628031368914,6.494668399593875,-6.2708221192801865
MOHC,UKESM1-0-LL,r1i1p1f2,gn,ssp370,2051-09,2051,9,0.049848407943091325,6.742467621996264,-6.692619214053172
MOHC,UKESM1-0-LL,r1i1p1f2,gn,ssp370,2051-10,2051,10,0.3907155896298019,8.456494308873493,-8.065778719243692
MOHC,UKESM1-0-LL,r1i1p1f2,gn,ssp370,2051-11,2051,11,3.999893954962346,10.63141795782804,-6.631524002865694
MOHC,UKESM1-0-LL,r1i1p1f2,gn,ssp370,2051-12,2051,12,8.529570623777111,12.183681407006313,-3.6541107832292017
MOHC,UKESM1-0-LL,r1i1p1f2,gn,ssp370,2052-01,2052,1,10.573734743087215,12.841069732324511,-2.2673349892372965
MOHC,UKESM1-0-LL,r1i1p1f2,gn,ssp370,2052-02,2052,2,11.204649036659248,13.052575440590799,-1.8479264039315506
MOHC,UKESM1-0-LL,r1i1p1f2,gn,ssp370,2052-03,2052,3,11.317143585579588,13.084475311238052,-1.7673317256584635
MOHC,UKESM1-0-LL,r1i1p1f2,gn,ssp370,2052-04,2052,4,10.840041918345422,12.891298638721189,-2.0512567203757666
MOHC,UKESM1-0-LL,r1i1p1f2,gn,ssp370,2052-05,2052,5,9.831758536796492,12.12182555549293,-2.290067018696437
MOHC,UKESM1-0-LL,r1i1p1f2,gn,ssp370,2052-06,2052,6,7.384090070638713,10.56014229872586,-3.1760522280871477
MOHC,UKESM1-0-LL,r1i1p1f2,gn,ssp370,2052-07,2052,7,2.2181001976534525,8.377659541961345,-6.159559344307892
MOHC,UKESM1-0-LL,r1i1p1f2,gn,ssp370,2052-08,2052,8,0.23078848253880213,6.494668399593875,-6.263879917055073
MOHC,UKESM1-0-LL,r1i1p1f2,gn,ssp370,2052-09,2052,9,0.056600245717256525,6.742467621996264,-6.685867376279007
MOHC,UKESM1-0-LL,r1i1p1f2,gn,ssp370,2052-10,2052,10,0.3329424111165569,8.456494308873493,-8.123551897756936
MOHC,UKESM1-0-LL,r1i1p1f2,gn,ssp370,2052-11,2052,11,2.8004292609019794,10.63141795782804,-7.8309886969260605
MOHC,UKESM1-0-LL,r1i1p1f2,gn,ssp370,2052-12,2052,12,7.619992136292826,12.183681407006313,-4.563689270713487
MOHC,UKESM1-0-LL,r1i1p1f2,gn,ssp370,2053-01,2053,1,9.732595918217633,12.841069732324511,-3.108473814106878
MOHC,UKESM1-0-LL,r1i1p1f2,gn,ssp370,2053-02,2053,2,11.03700625100814,13.052575440590799,-2.015569189582658
MOHC,UKESM1-0-LL,r1i1p1f2,gn,ssp370,2053-03,2053,3,11.399970434771335,13.084475311238052,-1.6845048764667165
MOHC,UKESM1-0-LL,r1i1p1f2,gn,ssp370,2053-04,2053,4,11.130030590567598,12.891298638721189,-1.7612680481535907
MOHC,UKESM1-0-LL,r1i1p1f2,gn,ssp370,2053-05,2053,5,9.776703754604915,12.12182555549293,-2.3451218008880144
MOHC,UKESM1-0-LL,r1i1p1f2,gn,ssp370,2053-06,2053,6,6.992765092893616,10.56014229872586,-3.567377205832245
MOHC,UKESM1-0-LL,r1i1p1f2,gn,ssp370,2053-07,2053,7,1.942975090330369,8.377659541961345,-6.434684451630975
MOHC,UKESM1-0-LL,r1i1p1f2,gn,ssp370,2053-08,2053,8,0.1887825157361141,6.494668399593875,-6.305885883857761
MOHC,UKESM1-0-LL,r1i1p1f2,gn,ssp370,2053-09,2053,9,0.03382665086363224,6.742467621996264,-6.708640971132631
MOHC,UKESM1-0-LL,r1i1p1f2,gn,ssp370,2053-10,2053,10,0.17169594073804179,8.456494308873493,-8.284798368135451
MOHC,UKESM1-0-LL,r1i1p1f2,gn,ssp370,2053-11,2053,11,3.2479058928693143,10.63141795782804,-7.383512064958726
MOHC,UKESM1-0-LL,r1i1p1f2,gn,ssp370,2053-12,2053,12,7.616851359419441,12.183681407006313,-4.566830047586872
MOHC,UKESM1-0-LL,r1i1p1f2,gn,ssp370,2054-01,2054,1,10.090673474761072,12.841069732324511,-2.7503962575634393
MOHC,UKESM1-0-LL,r1i1p1f2,gn,ssp370,2054-02,2054,2,10.786143990915122,13.052575440590799,-2.266431449675677
MOHC,UKESM1-0-LL,r1i1p1f2,gn,ssp370,2054-03,2054,3,10.914719052108989,13.084475311238052,-2.1697562591290627
MOHC,UKESM1-0-LL,r1i1p1f2,gn,ssp370,2054-04,2054,4,10.501357559381406,12.891298638721189,-2.389941079339783
MOHC,UKESM1-0-LL,r1i1p1f2,gn,ssp370,2054-05,2054,5,9.109575480537368,12.12182555549293,-3.0122500749555616
MOHC,UKESM1-0-LL,r1i1p1f2,gn,ssp370,2054-06,2054,6,6.60774564154239,10.56014229872586,-3.9523966571834706
MOHC,UKESM1-0-LL,r1i1p1f2,gn,ssp370,2054-07,2054,7,1.7238971372522944,8.377659541961345,-6.653762404709051
MOHC,UKESM1-0-LL,r1i1p1f2,gn,ssp370,2054-08,2054,8,0.16195732712066052,6.494668399593875,-6.332711072473215
MOHC,UKESM1-0-LL,r1i1p1f2,gn,ssp370,2054-09,2054,9,0.031568789043079054,6.742467621996264,-6.710898832953185
MOHC,UKESM1-0-LL,r1i1p1f2,gn,ssp370,2054-10,2054,10,0.07908186789967618,8.456494308873493,-8.377412440973817
MOHC,UKESM1-0-LL,r1i1p1f2,gn,ssp370,2054-11,2054,11,1.614028696518417,10.63141795782804,-9.017389261309622
MOHC,UKESM1-0-LL,r1i1p1f2,gn,ssp370,2054-12,2054,12,6.262065436380649,12.183681407006313,-5.921615970625664
MOHC,UKESM1-0-LL,r1i1p1f2,gn,ssp370,2055-01,2055,1,9.208933602507132,12.841069732324511,-3.632136129817379
MOHC,UKESM1-0-LL,r1i1p1f2,gn,ssp370,2055-02,2055,2,10.470526489152212,13.052575440590799,-2.582048951438587
MOHC,UKESM1-0-LL,r1i1p1f2,gn,ssp370,2055-03,2055,3,10.700345881533858,13.084475311238052,-2.3841294297041937
MOHC,UKESM1-0-LL,r1i1p1f2,gn,ssp370,2055-04,2055,4,10.092405735445514,12.891298638721189,-2.798892903275675
MOHC,UKESM1-0-LL,r1i1p1f2,gn,ssp370,2055-05,2055,5,8.90739834871394,12.12182555549293,-3.214427206778989
MOHC,UKESM1-0-LL,r1i1p1f2,gn,ssp370,2055-06,2055,6,6.873767649830918,10.56014229872586,-3.686374648894943
MOHC,UKESM1-0-LL,r1i1p1f2,gn,ssp370,2055-07,2055,7,2.2355610542954443,8.377659541961345,-6.1420984876659
MOHC,UKESM1-0-LL,r1i1p1f2,gn,ssp370,2055-08,2055,8,0.16296914249768005,6.494668399593875,-6.331699257096195
MOHC,UKESM1-0-LL,r1i1p1f2,gn,ssp370,2055-09,2055,9,0.028868461891813267,6.742467621996264,-6.713599160104451
MOHC,UKESM1-0-LL,r1i1p1f2,gn,ssp370,2055-10,2055,10,0.1218202418914848,8.456494308873493,-8.334674066982009
MOHC,UKESM1-0-LL,r1i1p1f2,gn,ssp370,2055-11,2055,11,2.114053373480636,10.63141795782804,-8.517364584347405
MOHC,UKESM1-0-LL,r1i1p1f2,gn,ssp370,2055-12,2055,12,7.275285196651693,12.183681407006313,-4.90839621035462
MOHC,UKESM1-0-LL,r1i1p1f2,gn,ssp370,2056-01,2056,1,9.343831748093306,12.841069732324511,-3.497237984231205
MOHC,UKESM1-0-LL,r1i1p1f2,gn,ssp370,2056-02,2056,2,10.243880471951645,13.052575440590799,-2.808694968639154
MOHC,UKESM1-0-LL,r1i1p1f2,gn,ssp370,2056-03,2056,3,10.303307540173908,13.084475311238052,-2.781167771064144
MOHC,UKESM1-0-LL,r1i1p1f2,gn,ssp370,2056-04,2056,4,9.722747349799203,12.891298638721189,-3.168551288921986
MOHC,UKESM1-0-LL,r1i1p1f2,gn,ssp370,2056-05,2056,5,8.452465667046894,12.12182555549293,-3.669359888446035
MOHC,UKESM1-0-LL,r1i1p1f2,gn,ssp370,2056-06,2056,6,6.438229360584457,10.56014229872586,-4.121912938141404
MOHC,UKESM1-0-LL,r1i1p1f2,gn,ssp370,2056-07,2056,7,1.5803185598889329,8.377659541961345,-6.797340982072412
MOHC,UKESM1-0-LL,r1i1p1f2,gn,ssp370,2056-08,2056,8,0.15284590682743818,6.494668399593875,-6.341822492766437
MOHC,UKESM1-0-LL,r1i1p1f2,gn,ssp370,2056-09,2056,9,0.03582957443068976,6.742467621996264,-6.7066380475655745
MOHC,UKESM1-0-LL,r1i1p1f2,gn,ssp370,2056-10,2056,10,0.23723978373183593,8.456494308873493,-8.219254525141658
MOHC,UKESM1-0-LL,r1i1p1f2,gn,ssp370,2056-11,2056,11,1.6348068812215757,10.63141795782804,-8.996611076606465
MOHC,UKESM1-0-LL,r1i1p1f2,gn,ssp370,2056-12,2056,12,6.324651560656639,12.183681407006313,-5.859029846349674
MOHC,UKESM1-0-LL,r1i1p1f2,gn,ssp370,2057-01,2057,1,9.061748156593254,12.841069732324511,-3.7793215757312577
MOHC,UKESM1-0-LL,r1i1p1f2,gn,ssp370,2057-02,2057,2,10.415278435152793,13.052575440590799,-2.637297005438006
MOHC,UKESM1-0-LL,r1i1p1f2,gn,ssp370,2057-03,2057,3,10.544277038366928,13.084475311238052,-2.540198272871123
MOHC,UKESM1-0-LL,r1i1p1f2,gn,ssp370,2057-04,2057,4,10.255205010056496,12.891298638721189,-2.6360936286646925
MOHC,UKESM1-0-LL,r1i1p1f2,gn,ssp370,2057-05,2057,5,8.893485740884287,12.12182555549293,-3.228339814608642
MOHC,UKESM1-0-LL,r1i1p1f2,gn,ssp370,2057-06,2057,6,6.636670089097666,10.56014229872586,-3.923472209628195
MOHC,UKESM1-0-LL,r1i1p1f2,gn,ssp370,2057-07,2057,7,2.1441204530438354,8.377659541961345,-6.233539088917509
MOHC,UKESM1-0-LL,r1i1p1f2,gn,ssp370,2057-08,2057,8,0.17894943982235514,6.494668399593875,-6.31571895977152
MOHC,UKESM1-0-LL,r1i1p1f2,gn,ssp370,2057-09,2057,9,0.03359452634358826,6.742467621996264,-6.708873095652676
MOHC,UKESM1-0-LL,r1i1p1f2,gn,ssp370,2057-10,2057,10,0.19484494568491414,8.456494308873493,-8.26164936318858
MOHC,UKESM1-0-LL,r1i1p1f2,gn,ssp370,2057-11,2057,11,2.3083264025361943,10.63141795782804,-8.323091555291846
MOHC,UKESM1-0-LL,r1i1p1f2,gn,ssp370,2057-12,2057,12,6.358018377542265,12.183681407006313,-5.825663029464048
MOHC,UKESM1-0-LL,r1i1p1f2,gn,ssp370,2058-01,2058,1,8.815835851610508,12.841069732324511,-4.025233880714003
MOHC,UKESM1-0-LL,r1i1p1f2,gn,ssp370,2058-02,2058,2,10.183512449020999,13.052575440590799,-2.8690629915698
MOHC,UKESM1-0-LL,r1i1p1f2,gn,ssp370,2058-03,2058,3,10.566009248713515,13.084475311238052,-2.5184660625245368
MOHC,UKESM1-0-LL,r1i1p1f2,gn,ssp370,2058-04,2058,4,10.02925328012074,12.891298638721189,-2.862045358600449
MOHC,UKESM1-0-LL,r1i1p1f2,gn,ssp370,2058-05,2058,5,8.76977681316416,12.12182555549293,-3.352048742328769
MOHC,UKESM1-0-LL,r1i1p1f2,gn,ssp370,2058-06,2058,6,6.052515419358918,10.56014229872586,-4.507626879366943
MOHC,UKESM1-0-LL,r1i1p1f2,gn,ssp370,2058-07,2058,7,1.1300502701416129,8.377659541961345,-7.247609271819732
MOHC,UKESM1-0-LL,r1i1p1f2,gn,ssp370,2058-08,2058,8,0.06467971745568588,6.494668399593875,-6.429988682138189
MOHC,UKESM1-0-LL,r1i1p1f2,gn,ssp370,2058-09,2058,9,0.010206171302915176,6.742467621996264,-6.732261450693349
MOHC,UKESM1-0-LL,r1i1p1f2,gn,ssp370,2058-10,2058,10,0.10676539537286951,8.456494308873493,-8.349728913500623
MOHC,UKESM1-0-LL,r1i1p1f2,gn,ssp370,2058-11,2058,11,1.0363376139531781,10.63141795782804,-9.595080343874862
MOHC,UKESM1-0-LL,r1i1p1f2,gn,ssp370,2058-12,2058,12,5.230936584339082,12.183681407006313,-6.952744822667231
MOHC,UKESM1-0-LL,r1i1p1f2,gn,ssp370,2059-01,2059,1,8.629243924920052,12.841069732324511,-4.211825807404459
MOHC,UKESM1-0-LL,r1i1p1f2,gn,ssp370,2059-02,2059,2,10.131991939641908,13.052575440590799,-2.92058350094889
MOHC,UKESM1-0-LL,r1i1p1f2,gn,ssp370,2059-03,2059,3,10.535096226919016,13.084475311238052,-2.5493790843190354
MOHC,UKESM1-0-LL,r1i1p1f2,gn,ssp370,2059-04,2059,4,10.248519032941822,12.891298638721189,-2.642779605779367
MOHC,UKESM1-0-LL,r1i1p1f2,gn,ssp370,2059-05,2059,5,8.957033157242252,12.12182555549293,-3.164792398250677
MOHC,UKESM1-0-LL,r1i1p1f2,gn,ssp370,2059-06,2059,6,6.174684929277701,10.56014229872586,-4.38545736944816
MOHC,UKESM1-0-LL,r1i1p1f2,gn,ssp370,2059-07,2059,7,1.5029811920790634,8.377659541961345,-6.874678349882281
MOHC,UKESM1-0-LL,r1i1p1f2,gn,ssp370,2059-08,2059,8,0.10147483605487796,6.494668399593875,-6.393193563538997
MOHC,UKESM1-0-LL,r1i1p1f2,gn,ssp370,2059-09,2059,9,0.025551441836902052,6.742467621996264,-6.7169161801593615
MOHC,UKESM1-0-LL,r1i1p1f2,gn,ssp370,2059-10,2059,10,0.14203406780238623,8.456494308873493,-8.314460241071107
MOHC,UKESM1-0-LL,r1i1p1f2,gn,ssp370,2059-11,2059,11,1.2261019228595091,10.63141795782804,-9.40531603496853
MOHC,UKESM1-0-LL,r1i1p1f2,gn,ssp370,2059-12,2059,12,4.849210671557306,12.183681407006313,-7.334470735449007
MOHC,UKESM1-0-LL,r1i1p1f2,gn,ssp370,2060-01,2060,1,8.128130447990703,12.841069732324511,-4.7129392843338085
MOHC,UKESM1-0-LL,r1i1p1f2,gn,ssp370,2060-02,2060,2,9.97823561152342,13.052575440590799,-3.0743398290673785
MOHC,UKESM1-0-LL,r1i1p1f2,gn,ssp370,2060-03,2060,3,10.603110372837081,13.084475311238052,-2.4813649384009704
MOHC,UKESM1-0-LL,r1i1p1f2,gn,ssp370,2060-04,2060,4,10.465480029447718,12.891298638721189,-2.4258186092734704
MOHC,UKESM1-0-LL,r1i1p1f2,gn,ssp370,2060-05,2060,5,9.153716494405671,12.12182555549293,-2.968109061087258
MOHC,UKESM1-0-LL,r1i1p1f2,gn,ssp370,2060-06,2060,6,6.375512739366431,10.56014229872586,-4.18462955935943
MOHC,UKESM1-0-LL,r1i1p1f2,gn,ssp370,2060-07,2060,7,1.5114898486383057,8.377659541961345,-6.866169693323039
MOHC,UKESM1-0-LL,r1i1p1f2,gn,ssp370,2060-08,2060,8,0.07028986174168272,6.494668399593875,-6.424378537852192
MOHC,UKESM1-0-LL,r1i1p1f2,gn,ssp370,2060-09,2060,9,0.010503074057480832,6.742467621996264,-6.731964547938783
MOHC,UKESM1-0-LL,r1i1p1f2,gn,ssp370,2060-10,2060,10,0.06865112540016266,8.456494308873493,-8.387843183473331
MOHC,UKESM1-0-LL,r1i1p1f2,gn,ssp370,2060-11,2060,11,1.2249287496744101,10.63141795782804,-9.40648920815363
MOHC,UKESM1-0-LL,r1i1p1f2,gn,ssp370,2060-12,2060,12,6.104938661755153,12.183681407006313,-6.07874274525116
MOHC,UKESM1-0-LL,r1i1p1f2,gn,ssp370,2061-01,2061,1,9.204163619573226,12.841069732324511,-3.6369061127512854
MOHC,UKESM1-0-LL,r1i1p1f2,gn,ssp370,2061-02,2061,2,10.427793115827768,13.052575440590799,-2.6247823247630304
MOHC,UKESM1-0-LL,r1i1p1f2,gn,ssp370,2061-03,2061,3,10.868973240671087,13.084475311238052,-2.2155020705669646
MOHC,UKESM1-0-LL,r1i1p1f2,gn,ssp370,2061-04,2061,4,10.550024471022141,12.891298638721189,-2.341274167699048
MOHC,UKESM1-0-LL,r1i1p1f2,gn,ssp370,2061-05,2061,5,9.08216112792567,12.12182555549293,-3.03966442756726
MOHC,UKESM1-0-LL,r1i1p1f2,gn,ssp370,2061-06,2061,6,6.419229849418912,10.56014229872586,-4.140912449306949
MOHC,UKESM1-0-LL,r1i1p1f2,gn,ssp370,2061-07,2061,7,1.5535959437991538,8.377659541961345,-6.824063598162191
MOHC,UKESM1-0-LL,r1i1p1f2,gn,ssp370,2061-08,2061,8,0.08434289983337358,6.494668399593875,-6.410325499760502
MOHC,UKESM1-0-LL,r1i1p1f2,gn,ssp370,2061-09,2061,9,0.007547747243847716,6.742467621996264,-6.734919874752416
MOHC,UKESM1-0-LL,r1i1p1f2,gn,ssp370,2061-10,2061,10,0.07787985710963458,8.456494308873493,-8.378614451763859
MOHC,UKESM1-0-LL,r1i1p1f2,gn,ssp370,2061-11,2061,11,1.3553146439829336,10.63141795782804,-9.276103313845105
MOHC,UKESM1-0-LL,r1i1p1f2,gn,ssp370,2061-12,2061,12,5.714873188770959,12.183681407006313,-6.468808218235354
MOHC,UKESM1-0-LL,r1i1p1f2,gn,ssp370,2062-01,2062,1,8.445440131729534,12.841069732324511,-4.395629600594978
MOHC,UKESM1-0-LL,r1i1p1f2,gn,ssp370,2062-02,2062,2,9.809509121559234,13.052575440590799,-3.2430663190315645
MOHC,UKESM1-0-LL,r1i1p1f2,gn,ssp370,2062-03,2062,3,10.496051941863195,13.084475311238052,-2.5884233693748566
MOHC,UKESM1-0-LL,r1i1p1f2,gn,ssp370,2062-04,2062,4,10.206141212289273,12.891298638721189,-2.685157426431916
MOHC,UKESM1-0-LL,r1i1p1f2,gn,ssp370,2062-05,2062,5,8.840350203261977,12.12182555549293,-3.2814753522309523
MOHC,UKESM1-0-LL,r1i1p1f2,gn,ssp370,2062-06,2062,6,6.034329696770996,10.56014229872586,-4.525812601954865
MOHC,UKESM1-0-LL,r1i1p1f2,gn,ssp370,2062-07,2062,7,1.1737767065955202,8.377659541961345,-7.203882835365825
MOHC,UKESM1-0-LL,r1i1p1f2,gn,ssp370,2062-08,2062,8,0.06354816382968252,6.494668399593875,-6.431120235764193
MOHC,UKESM1-0-LL,r1i1p1f2,gn,ssp370,2062-09,2062,9,0.012385567429342688,6.742467621996264,-6.730082054566921
MOHC,UKESM1-0-LL,r1i1p1f2,gn,ssp370,2062-10,2062,10,0.14163493915483633,8.456494308873493,-8.314859369718658
MOHC,UKESM1-0-LL,r1i1p1f2,gn,ssp370,2062-11,2062,11,1.6309155373994346,10.63141795782804,-9.000502420428605
MOHC,UKESM1-0-LL,r1i1p1f2,gn,ssp370,2062-12,2062,12,6.463319872877338,12.183681407006313,-5.720361534128975
MOHC,UKESM1-0-LL,r1i1p1f2,gn,ssp370,2063-01,2063,1,9.129871239989777,12.841069732324511,-3.7111984923347343
MOHC,UKESM1-0-LL,r1i1p1f2,gn,ssp370,2063-02,2063,2,10.53267634286316,13.052575440590799,-2.519899097727638
MOHC,UKESM1-0-LL,r1i1p1f2,gn,ssp370,2063-03,2063,3,11.086011525754454,13.084475311238052,-1.9984637854835974
MOHC,UKESM1-0-LL,r1i1p1f2,gn,ssp370,2063-04,2063,4,10.89435750094113,12.891298638721189,-1.996941137780059
MOHC,UKESM1-0-LL,r1i1p1f2,gn,ssp370,2063-05,2063,5,9.790874662206043,12.12182555549293,-2.330950893286886
MOHC,UKESM1-0-LL,r1i1p1f2,gn,ssp370,2063-06,2063,6,6.979755171277924,10.56014229872586,-3.5803871274479366
MOHC,UKESM1-0-LL,r1i1p1f2,gn,ssp370,2063-07,2063,7,1.5748033705211961,8.377659541961345,-6.8028561714401485
MOHC,UKESM1-0-LL,r1i1p1f2,gn,ssp370,2063-08,2063,8,0.13409151771821542,6.494668399593875,-6.36057688187566
MOHC,UKESM1-0-LL,r1i1p1f2,gn,ssp370,2063-09,2063,9,0.030981246043644158,6.742467621996264,-6.71148637595262
MOHC,UKESM1-0-LL,r1i1p1f2,gn,ssp370,2063-10,2063,10,0.1639352914621683,8.456494308873493,-8.292559017411325
MOHC,UKESM1-0-LL,r1i1p1f2,gn,ssp370,2063-11,2063,11,1.9287241520686504,10.63141795782804,-8.70269380575939
MOHC,UKESM1-0-LL,r1i1p1f2,gn,ssp370,2063-12,2063,12,7.003483642430344,12.183681407006313,-5.180197764575969
MOHC,UKESM1-0-LL,r1i1p1f2,gn,ssp370,2064-01,2064,1,9.391273958139863,12.841069732324511,-3.4497957741846488
MOHC,UKESM1-0-LL,r1i1p1f2,gn,ssp370,2064-02,2064,2,10.682252171552598,13.052575440590799,-2.3703232690382006
MOHC,UKESM1-0-LL,r1i1p1f2,gn,ssp370,2064-03,2064,3,10.906998102482442,13.084475311238052,-2.17747720875561
MOHC,UKESM1-0-LL,r1i1p1f2,gn,ssp370,2064-04,2064,4,10.886194176112129,12.891298638721189,-2.0051044626090597
MOHC,UKESM1-0-LL,r1i1p1f2,gn,ssp370,2064-05,2064,5,10.02289739305089,12.12182555549293,-2.0989281624420393
MOHC,UKESM1-0-LL,r1i1p1f2,gn,ssp370,2064-06,2064,6,7.298775074918303,10.56014229872586,-3.261367223807558
MOHC,UKESM1-0-LL,r1i1p1f2,gn,ssp370,2064-07,2064,7,1.7817710702629745,8.377659541961345,-6.59588847169837
MOHC,UKESM1-0-LL,r1i1p1f2,gn,ssp370,2064-08,2064,8,0.10167995547052047,6.494668399593875,-6.392988444123355
MOHC,UKESM1-0-LL,r1i1p1f2,gn,ssp370,2064-09,2064,9,0.012567560327325249,6.742467621996264,-6.729900061668938
MOHC,UKESM1-0-LL,r1i1p1f2,gn,ssp370,2064-10,2064,10,0.11804957723847373,8.456494308873493,-8.33844473163502
MOHC,UKESM1-0-LL,r1i1p1f2,gn,ssp370,2064-11,2064,11,1.6918115663726976,10.63141795782804,-8.939606391455342
MOHC,UKESM1-0-LL,r1i1p1f2,gn,ssp370,2064-12,2064,12,6.734655296508496,12.183681407006313,-5.449026110497817
MOHC,UKESM1-0-LL,r1i1p1f2,gn,ssp370,2065-01,2065,1,9.476436056809582,12.841069732324511,-3.364633675514929
MOHC,UKESM1-0-LL,r1i1p1f2,gn,ssp370,2065-02,2065,2,10.525361333680177,13.052575440590799,-2.5272141069106215
MOHC,UKESM1-0-LL,r1i1p1f2,gn,ssp370,2065-03,2065,3,10.58873733159503,13.084475311238052,-2.495737979643021
MOHC,UKESM1-0-LL,r1i1p1f2,gn,ssp370,2065-04,2065,4,10.399887236678618,12.891298638721189,-2.491411402042571
MOHC,UKESM1-0-LL,r1i1p1f2,gn,ssp370,2065-05,2065,5,9.25168366266311,12.12182555549293,-2.8701418928298192
MOHC,UKESM1-0-LL,r1i1p1f2,gn,ssp370,2065-06,2065,6,6.572062501797621,10.56014229872586,-3.9880797969282398
MOHC,UKESM1-0-LL,r1i1p1f2,gn,ssp370,2065-07,2065,7,1.4294974713554345,8.377659541961345,-6.94816207060591
MOHC,UKESM1-0-LL,r1i1p1f2,gn,ssp370,2065-08,2065,8,0.11922238221397526,6.494668399593875,-6.3754460173799
MOHC,UKESM1-0-LL,r1i1p1f2,gn,ssp370,2065-09,2065,9,0.028191093161897617,6.742467621996264,-6.714276528834366
MOHC,UKESM1-0-LL,r1i1p1f2,gn,ssp370,2065-10,2065,10,0.13000370550795515,8.456494308873493,-8.326490603365539
MOHC,UKESM1-0-LL,r1i1p1f2,gn,ssp370,2065-11,2065,11,1.307581113612801,10.63141795782804,-9.323836844215238
MOHC,UKESM1-0-LL,r1i1p1f2,gn,ssp370,2065-12,2065,12,5.368385481175149,12.183681407006313,-6.8152959258311645
MOHC,UKESM1-0-LL,r1i1p1f2,gn,ssp370,2066-01,2066,1,8.42442989284042,12.841069732324511,-4.416639839484091
MOHC,UKESM1-0-LL,r1i1p1f2,gn,ssp370,2066-02,2066,2,10.14988414535696,13.052575440590799,-2.902691295233838
MOHC,UKESM1-0-LL,r1i1p1f2,gn,ssp370,2066-03,2066,3,10.930800702767804,13.084475311238052,-2.153674608470247
MOHC,UKESM1-0-LL,r1i1p1f2,gn,ssp370,2066-04,2066,4,10.74772360098153,12.891298638721189,-2.1435750377396587
MOHC,UKESM1-0-LL,r1i1p1f2,gn,ssp370,2066-05,2066,5,9.42477673245318,12.12182555549293,-2.697048823039749
MOHC,UKESM1-0-LL,r1i1p1f2,gn,ssp370,2066-06,2066,6,6.561427607547727,10.56014229872586,-3.998714691178134
MOHC,UKESM1-0-LL,r1i1p1f2,gn,ssp370,2066-07,2066,7,1.4547993056509347,8.377659541961345,-6.9228602363104095
MOHC,UKESM1-0-LL,r1i1p1f2,gn,ssp370,2066-08,2066,8,0.10513298842050388,6.494668399593875,-6.389535411173371
MOHC,UKESM1-0-LL,r1i1p1f2,gn,ssp370,2066-09,2066,9,0.02750518340265728,6.742467621996264,-6.714962438593607
MOHC,UKESM1-0-LL,r1i1p1f2,gn,ssp370,2066-10,2066,10,0.23169742067867707,8.456494308873493,-8.224796888194817
MOHC,UKESM1-0-LL,r1i1p1f2,gn,ssp370,2066-11,2066,11,1.4436512255033729,10.63141795782804,-9.187766732324667
MOHC,UKESM1-0-LL,r1i1p1f2,gn,ssp370,2066-12,2066,12,6.468705979607114,12.183681407006313,-5.7149754273991995
MOHC,UKESM1-0-LL,r1i1p1f2,gn,ssp370,2067-01,2067,1,9.07935318455266,12.841069732324511,-3.761716547771851
MOHC,UKESM1-0-LL,r1i1p1f2,gn,ssp370,2067-02,2067,2,10.263985858629988,13.052575440590799,-2.78858958196081
MOHC,UKESM1-0-LL,r1i1p1f2,gn,ssp370,2067-03,2067,3,10.44391068709482,13.084475311238052,-2.640564624143231
MOHC,UKESM1-0-LL,r1i1p1f2,gn,ssp370,2067-04,2067,4,10.124843993340578,12.891298638721189,-2.7664546453806107
MOHC,UKESM1-0-LL,r1i1p1f2,gn,ssp370,2067-05,2067,5,9.019523480677629,12.12182555549293,-3.1023020748153005
MOHC,UKESM1-0-LL,r1i1p1f2,gn,ssp370,2067-06,2067,6,6.605711472619281,10.56014229872586,-3.95443082610658
MOHC,UKESM1-0-LL,r1i1p1f2,gn,ssp370,2067-07,2067,7,1.4615056830404385,8.377659541961345,-6.916153858920906
MOHC,UKESM1-0-LL,r1i1p1f2,gn,ssp370,2067-08,2067,8,0.1133215119446714,6.494668399593875,-6.381346887649204
MOHC,UKESM1-0-LL,r1i1p1f2,gn,ssp370,2067-09,2067,9,0.021702311967415372,6.742467621996264,-6.720765310028848
MOHC,UKESM1-0-LL,r1i1p1f2,gn,ssp370,2067-10,2067,10,0.13091846409908775,8.456494308873493,-8.325575844774406
MOHC,UKESM1-0-LL,r1i1p1f2,gn,ssp370,2067-11,2067,11,0.9892150743194822,10.63141795782804,-9.642202883508558
MOHC,UKESM1-0-LL,r1i1p1f2,gn,ssp370,2067-12,2067,12,4.889561710476756,12.183681407006313,-7.294119696529557
MOHC,UKESM1-0-LL,r1i1p1f2,gn,ssp370,2068-01,2068,1,8.578869336373218,12.841069732324511,-4.262200395951293
MOHC,UKESM1-0-LL,r1i1p1f2,gn,ssp370,2068-02,2068,2,9.971927217300864,13.052575440590799,-3.080648223289934
MOHC,UKESM1-0-LL,r1i1p1f2,gn,ssp370,2068-03,2068,3,10.30728753783633,13.084475311238052,-2.777187773401721
MOHC,UKESM1-0-LL,r1i1p1f2,gn,ssp370,2068-04,2068,4,10.130067746920178,12.891298638721189,-2.761230891801011
MOHC,UKESM1-0-LL,r1i1p1f2,gn,ssp370,2068-05,2068,5,8.824068304841415,12.12182555549293,-3.2977572506515145
MOHC,UKESM1-0-LL,r1i1p1f2,gn,ssp370,2068-06,2068,6,6.315008721578786,10.56014229872586,-4.245133577147075
MOHC,UKESM1-0-LL,r1i1p1f2,gn,ssp370,2068-07,2068,7,1.1771129003943297,8.377659541961345,-7.200546641567015
MOHC,UKESM1-0-LL,r1i1p1f2,gn,ssp370,2068-08,2068,8,0.08099045307181348,6.494668399593875,-6.4136779465220615
MOHC,UKESM1-0-LL,r1i1p1f2,gn,ssp370,2068-09,2068,9,0.015796791448077583,6.742467621996264,-6.726670830548186
MOHC,UKESM1-0-LL,r1i1p1f2,gn,ssp370,2068-10,2068,10,0.2043106733515906,8.456494308873493,-8.252183635521902
MOHC,UKESM1-0-LL,r1i1p1f2,gn,ssp370,2068-11,2068,11,1.0524640155130813,10.63141795782804,-9.578953942314959
MOHC,UKESM1-0-LL,r1i1p1f2,gn,ssp370,2068-12,2068,12,4.2362333126847345,12.183681407006313,-7.947448094321579
MOHC,UKESM1-0-LL,r1i1p1f2,gn,ssp370,2069-01,2069,1,7.54060043033028,12.841069732324511,-5.300469301994231
MOHC,UKESM1-0-LL,r1i1p1f2,gn,ssp370,2069-02,2069,2,9.365931273022513,13.052575440590799,-3.6866441675682857
MOHC,UKESM1-0-LL,r1i1p1f2,gn,ssp370,2069-03,2069,3,9.974070549537704,13.084475311238052,-3.110404761700348
MOHC,UKESM1-0-LL,r1i1p1f2,gn,ssp370,2069-04,2069,4,9.797404737237043,12.891298638721189,-3.0938939014841456
MOHC,UKESM1-0-LL,r1i1p1f2,gn,ssp370,2069-05,2069,5,8.295045534093855,12.12182555549293,-3.826780021399074
MOHC,UKESM1-0-LL,r1i1p1f2,gn,ssp370,2069-06,2069,6,5.048397638559432,10.56014229872586,-5.511744660166429
MOHC,UKESM1-0-LL,r1i1p1f2,gn,ssp370,2069-07,2069,7,0.4759554767677347,8.377659541961345,-7.90170406519361
MOHC,UKESM1-0-LL,r1i1p1f2,gn,ssp370,2069-08,2069,8,0.035128895382818714,6.494668399593875,-6.459539504211056
MOHC,UKESM1-0-LL,r1i1p1f2,gn,ssp370,2069-09,2069,9,0.006195649866970253,6.742467621996264,-6.736271972129294
MOHC,UKESM1-0-LL,r1i1p1f2,gn,ssp370,2069-10,2069,10,0.0688646015930694,8.456494308873493,-8.387629707280423
MOHC,UKESM1-0-LL,r1i1p1f2,gn,ssp370,2069-11,2069,11,0.7546508850480923,10.63141795782804,-9.876767072779948
MOHC,UKESM1-0-LL,r1i1p1f2,gn,ssp370,2069-12,2069,12,3.319269557871542,12.183681407006313,-8.864411849134772
MOHC,UKESM1-0-LL,r1i1p1f2,gn,ssp370,2070-01,2070,1,7.342849277212497,12.841069732324511,-5.498220455112015
MOHC,UKESM1-0-LL,r1i1p1f2,gn,ssp370,2070-02,2070,2,9.301351339578417,13.052575440590799,-3.7512241010123812
MOHC,UKESM1-0-LL,r1i1p1f2,gn,ssp370,2070-03,2070,3,9.729292406931876,13.084475311238052,-3.355182904306176
MOHC,UKESM1-0-LL,r1i1p1f2,gn,ssp370,2070-04,2070,4,9.411365882117531,12.891298638721189,-3.4799327566036578
MOHC,UKESM1-0-LL,r1i1p1f2,gn,ssp370,2070-05,2070,5,8.145514656036363,12.12182555549293,-3.976310899456566
MOHC,UKESM1-0-LL,r1i1p1f2,gn,ssp370,2070-06,2070,6,4.641715595055496,10.56014229872586,-5.918426703670365
MOHC,UKESM1-0-LL,r1i1p1f2,gn,ssp370,2070-07,2070,7,0.3930028432676831,8.377659541961345,-7.984656698693661
MOHC,UKESM1-0-LL,r1i1p1f2,gn,ssp370,2070-08,2070,8,0.022971382592795145,6.494668399593875,-6.47169701700108
MOHC,UKESM1-0-LL,r1i1p1f2,gn,ssp370,2070-09,2070,9,0.003395783804675183,6.742467621996264,-6.739071838191589
MOHC,UKESM1-0-LL,r1i1p1f2,gn,ssp370,2070-10,2070,10,0.09118755220189685,8.456494308873493,-8.365306756671597
MOHC,UKESM1-0-LL,r1i1p1f2,gn,ssp370,2070-11,2070,11,0.643833021605472,10.63141795782804,-9.987584936222568
MOHC,UKESM1-0-LL,r1i1p1f2,gn,ssp370,2070-12,2070,12,2.961116803644407,12.183681407006313,-9.222564603361906
MOHC,UKESM1-0-LL,r1i1p1f2,gn,ssp370,2071-01,2071,1,6.498313522814768,12.841069732324511,-6.342756209509743
MOHC,UKESM1-0-LL,r1i1p1f2,gn,ssp370,2071-02,2071,2,9.179883706509992,13.052575440590799,-3.8726917340808065
MOHC,UKESM1-0-LL,r1i1p1f2,gn,ssp370,2071-03,2071,3,9.840209509065636,13.084475311238052,-3.244265802172416
MOHC,UKESM1-0-LL,r1i1p1f2,gn,ssp370,2071-04,2071,4,9.339207771425698,12.891298638721189,-3.5520908672954903
MOHC,UKESM1-0-LL,r1i1p1f2,gn,ssp370,2071-05,2071,5,7.94555561956465,12.12182555549293,-4.176269935928279
MOHC,UKESM1-0-LL,r1i1p1f2,gn,ssp370,2071-06,2071,6,4.559090958905698,10.56014229872586,-6.001051339820163
MOHC,UKESM1-0-LL,r1i1p1f2,gn,ssp370,2071-07,2071,7,0.5408580926637924,8.377659541961345,-7.836801449297552
MOHC,UKESM1-0-LL,r1i1p1f2,gn,ssp370,2071-08,2071,8,0.039737551179933064,6.494668399593875,-6.454930848413942
MOHC,UKESM1-0-LL,r1i1p1f2,gn,ssp370,2071-09,2071,9,0.0052226147195593734,6.742467621996264,-6.737245007276704
MOHC,UKESM1-0-LL,r1i1p1f2,gn,ssp370,2071-10,2071,10,0.11058219622182891,8.456494308873493,-8.345912112651664
MOHC,UKESM1-0-LL,r1i1p1f2,gn,ssp370,2071-11,2071,11,0.4935680494423154,10.63141795782804,-10.137849908385725
MOHC,UKESM1-0-LL,r1i1p1f2,gn,ssp370,2071-12,2071,12,2.5247990414638797,12.183681407006313,-9.658882365542434
MOHC,UKESM1-0-LL,r1i1p1f2,gn,ssp370,2072-01,2072,1,6.414938688830907,12.841069732324511,-6.426131043493604
MOHC,UKESM1-0-LL,r1i1p1f2,gn,ssp370,2072-02,2072,2,8.81038895101837,13.052575440590799,-4.242186489572429
MOHC,UKESM1-0-LL,r1i1p1f2,gn,ssp370,2072-03,2072,3,9.681524919059719,13.084475311238052,-3.402950392178333
MOHC,UKESM1-0-LL,r1i1p1f2,gn,ssp370,2072-04,2072,4,9.673774624078488,12.891298638721189,-3.2175240146427004
MOHC,UKESM1-0-LL,r1i1p1f2,gn,ssp370,2072-05,2072,5,8.427971417149175,12.12182555549293,-3.693854138343754
MOHC,UKESM1-0-LL,r1i1p1f2,gn,ssp370,2072-06,2072,6,4.862174089684803,10.56014229872586,-5.697968209041058
MOHC,UKESM1-0-LL,r1i1p1f2,gn,ssp370,2072-07,2072,7,0.6265825173410151,8.377659541961345,-7.751077024620329
MOHC,UKESM1-0-LL,r1i1p1f2,gn,ssp370,2072-08,2072,8,0.0377080134229662,6.494668399593875,-6.456960386170909
MOHC,UKESM1-0-LL,r1i1p1f2,gn,ssp370,2072-09,2072,9,0.0034092834784833245,6.742467621996264,-6.739058338517781
MOHC,UKESM1-0-LL,r1i1p1f2,gn,ssp370,2072-10,2072,10,0.017926685040608428,8.456494308873493,-8.438567623832885
MOHC,UKESM1-0-LL,r1i1p1f2,gn,ssp370,2072-11,2072,11,0.366423141043877,10.63141795782804,-10.264994816784164
MOHC,UKESM1-0-LL,r1i1p1f2,gn,ssp370,2072-12,2072,12,2.7541602878224247,12.183681407006313,-9.429521119183889
MOHC,UKESM1-0-LL,r1i1p1f2,gn,ssp370,2073-01,2073,1,6.868354748401086,12.841069732324511,-5.972714983923425
MOHC,UKESM1-0-LL,r1i1p1f2,gn,ssp370,2073-02,2073,2,8.987953097892902,13.052575440590799,-4.064622342697897
MOHC,UKESM1-0-LL,r1i1p1f2,gn,ssp370,2073-03,2073,3,9.915980523796168,13.084475311238052,-3.168494787441883
MOHC,UKESM1-0-LL,r1i1p1f2,gn,ssp370,2073-04,2073,4,9.729677417738683,12.891298638721189,-3.1616212209825054
MOHC,UKESM1-0-LL,r1i1p1f2,gn,ssp370,2073-05,2073,5,8.342380663151829,12.12182555549293,-3.7794448923411004
MOHC,UKESM1-0-LL,r1i1p1f2,gn,ssp370,2073-06,2073,6,5.412775765858696,10.56014229872586,-5.1473665328671645
MOHC,UKESM1-0-LL,r1i1p1f2,gn,ssp370,2073-07,2073,7,0.7649484473970879,8.377659541961345,-7.612711094564257
MOHC,UKESM1-0-LL,r1i1p1f2,gn,ssp370,2073-08,2073,8,0.03687851124663967,6.494668399593875,-6.457789888347236
MOHC,UKESM1-0-LL,r1i1p1f2,gn,ssp370,2073-09,2073,9,0.002557755125712205,6.742467621996264,-6.739909866870551
MOHC,UKESM1-0-LL,r1i1p1f2,gn,ssp370,2073-10,2073,10,0.06464566808088136,8.456494308873493,-8.391848640792611
MOHC,UKESM1-0-LL,r1i1p1f2,gn,ssp370,2073-11,2073,11,0.6803079963831592,10.63141795782804,-9.95110996144488
MOHC,UKESM1-0-LL,r1i1p1f2,gn,ssp370,2073-12,2073,12,3.4529666288035368,12.183681407006313,-8.730714778202776
MOHC,UKESM1-0-LL,r1i1p1f2,gn,ssp370,2074-01,2074,1,7.741178160162639,12.841069732324511,-5.099891572161872
MOHC,UKESM1-0-LL,r1i1p1f2,gn,ssp370,2074-02,2074,2,9.465689138440313,13.052575440590799,-3.5868863021504858
MOHC,UKESM1-0-LL,r1i1p1f2,gn,ssp370,2074-03,2074,3,10.137535144552047,13.084475311238052,-2.946940166686005
MOHC,UKESM1-0-LL,r1i1p1f2,gn,ssp370,2074-04,2074,4,9.820594631270726,12.891298638721189,-3.0707040074504626
MOHC,UKESM1-0-LL,r1i1p1f2,gn,ssp370,2074-05,2074,5,8.18354810644563,12.12182555549293,-3.9382774490473
MOHC,UKESM1-0-LL,r1i1p1f2,gn,ssp370,2074-06,2074,6,5.103462703360635,10.56014229872586,-5.456679595365226
MOHC,UKESM1-0-LL,r1i1p1f2,gn,ssp370,2074-07,2074,7,0.5711785890164076,8.377659541961345,-7.806480952944937
MOHC,UKESM1-0-LL,r1i1p1f2,gn,ssp370,2074-08,2074,8,0.02856091926455415,6.494668399593875,-6.466107480329321
MOHC,UKESM1-0-LL,r1i1p1f2,gn,ssp370,2074-09,2074,9,0.0041478264582020035,6.742467621996264,-6.738319795538062
MOHC,UKESM1-0-LL,r1i1p1f2,gn,ssp370,2074-10,2074,10,0.04803637193415976,8.456494308873493,-8.408457936939334
MOHC,UKESM1-0-LL,r1i1p1f2,gn,ssp370,2074-11,2074,11,0.5193207663088885,10.63141795782804,-10.112097191519151
MOHC,UKESM1-0-LL,r1i1p1f2,gn,ssp370,2074-12,2074,12,3.0506187407595653,12.183681407006313,-9.133062666246747
MOHC,UKESM1-0-LL,r1i1p1f2,gn,ssp370,2075-01,2075,1,7.103309350801129,12.841069732324511,-5.737760381523382
MOHC,UKESM1-0-LL,r1i1p1f2,gn,ssp370,2075-02,2075,2,9.454457341879008,13.052575440590799,-3.5981180987117902
MOHC,UKESM1-0-LL,r1i1p1f2,gn,ssp370,2075-03,2075,3,10.057931705760915,13.084475311238052,-3.026543605477137
MOHC,UKESM1-0-LL,r1i1p1f2,gn,ssp370,2075-04,2075,4,9.90316207486653,12.891298638721189,-2.988136563854658
MOHC,UKESM1-0-LL,r1i1p1f2,gn,ssp370,2075-05,2075,5,8.490378315261271,12.12182555549293,-3.631447240231658
MOHC,UKESM1-0-LL,r1i1p1f2,gn,ssp370,2075-06,2075,6,4.622904801333105,10.56014229872586,-5.937237497392756
MOHC,UKESM1-0-LL,r1i1p1f2,gn,ssp370,2075-07,2075,7,0.39813911906890764,8.377659541961345,-7.979520422892437
MOHC,UKESM1-0-LL,r1i1p1f2,gn,ssp370,2075-08,2075,8,0.020830447010713325,6.494668399593875,-6.473837952583162
MOHC,UKESM1-0-LL,r1i1p1f2,gn,ssp370,2075-09,2075,9,0.003571738218064049,6.742467621996264,-6.738895883778199
MOHC,UKESM1-0-LL,r1i1p1f2,gn,ssp370,2075-10,2075,10,0.014910730378635929,8.456494308873493,-8.441583578494857
MOHC,UKESM1-0-LL,r1i1p1f2,gn,ssp370,2075-11,2075,11,0.27261715758180394,10.63141795782804,-10.358800800246236
MOHC,UKESM1-0-LL,r1i1p1f2,gn,ssp370,2075-12,2075,12,2.2073575675767265,12.183681407006313,-9.976323839429586
MOHC,UKESM1-0-LL,r1i1p1f2,gn,ssp370,2076-01,2076,1,5.951381434578213,12.841069732324511,-6.889688297746298
MOHC,UKESM1-0-LL,r1i1p1f2,gn,ssp370,2076-02,2076,2,8.4937103449207,13.052575440590799,-4.5588650956700985
MOHC,UKESM1-0-LL,r1i1p1f2,gn,ssp370,2076-03,2076,3,9.526114150383473,13.084475311238052,-3.558361160854579
MOHC,UKESM1-0-LL,r1i1p1f2,gn,ssp370,2076-04,2076,4,9.445428458915199,12.891298638721189,-3.44587017980599
MOHC,UKESM1-0-LL,r1i1p1f2,gn,ssp370,2076-05,2076,5,8.10795254595384,12.12182555549293,-4.01387300953909
MOHC,UKESM1-0-LL,r1i1p1f2,gn,ssp370,2076-06,2076,6,3.769611638275715,10.56014229872586,-6.790530660450146
MOHC,UKESM1-0-LL,r1i1p1f2,gn,ssp370,2076-07,2076,7,0.22136506764144706,8.377659541961345,-8.156294474319898
MOHC,UKESM1-0-LL,r1i1p1f2,gn,ssp370,2076-08,2076,8,0.02127497210732929,6.494668399593875,-6.473393427486546
MOHC,UKESM1-0-LL,r1i1p1f2,gn,ssp370,2076-09,2076,9,0.0028315933857484313,6.742467621996264,-6.739636028610516
MOHC,UKESM1-0-LL,r1i1p1f2,gn,ssp370,2076-10,2076,10,0.05358846477929393,8.456494308873493,-8.4029058440942
MOHC,UKESM1-0-LL,r1i1p1f2,gn,ssp370,2076-11,2076,11,0.3693935524961273,10.63141795782804,-10.262024405331912
MOHC,UKESM1-0-LL,r1i1p1f2,gn,ssp370,2076-12,2076,12,2.0874436964468024,12.183681407006313,-10.09623771055951
MOHC,UKESM1-0-LL,r1i1p1f2,gn,ssp370,2077-01,2077,1,5.402892181498625,12.841069732324511,-7.438177550825887
MOHC,UKESM1-0-LL,r1i1p1f2,gn,ssp370,2077-02,2077,2,8.865679703514985,13.052575440590799,-4.1868957370758135
MOHC,UKESM1-0-LL,r1i1p1f2,gn,ssp370,2077-03,2077,3,9.975006223442588,13.084475311238052,-3.109469087795464
MOHC,UKESM1-0-LL,r1i1p1f2,gn,ssp370,2077-04,2077,4,9.829251533206195,12.891298638721189,-3.062047105514994
MOHC,UKESM1-0-LL,r1i1p1f2,gn,ssp370,2077-05,2077,5,8.509536417944195,12.12182555549293,-3.612289137548734
MOHC,UKESM1-0-LL,r1i1p1f2,gn,ssp370,2077-06,2077,6,4.796770791907516,10.56014229872586,-5.763371506818345
MOHC,UKESM1-0-LL,r1i1p1f2,gn,ssp370,2077-07,2077,7,0.3942613789997882,8.377659541961345,-7.9833981629615565
MOHC,UKESM1-0-LL,r1i1p1f2,gn,ssp370,2077-08,2077,8,0.0176374830298357,6.494668399593875,-6.47703091656404
MOHC,UKESM1-0-LL,r1i1p1f2,gn,ssp370,2077-09,2077,9,0.0016546237690543619,6.742467621996264,-6.740812998227209
MOHC,UKESM1-0-LL,r1i1p1f2,gn,ssp370,2077-10,2077,10,0.04726469674257068,8.456494308873493,-8.409229612130922
MOHC,UKESM1-0-LL,r1i1p1f2,gn,ssp370,2077-11,2077,11,0.509985965386327,10.63141795782804,-10.121431992441712
MOHC,UKESM1-0-LL,r1i1p1f2,gn,ssp370,2077-12,2077,12,3.147752369795387,12.183681407006313,-9.035929037210927
MOHC,UKESM1-0-LL,r1i1p1f2,gn,ssp370,2078-01,2078,1,7.244136958658934,12.841069732324511,-5.596932773665578
MOHC,UKESM1-0-LL,r1i1p1f2,gn,ssp370,2078-02,2078,2,9.237170202898406,13.052575440590799,-3.815405237692392
MOHC,UKESM1-0-LL,r1i1p1f2,gn,ssp370,2078-03,2078,3,9.750660864673394,13.084475311238052,-3.3338144465646575
MOHC,UKESM1-0-LL,r1i1p1f2,gn,ssp370,2078-04,2078,4,9.564391292743137,12.891298638721189,-3.326907345978052
MOHC,UKESM1-0-LL,r1i1p1f2,gn,ssp370,2078-05,2078,5,8.20879690028347,12.12182555549293,-3.913028655209459
MOHC,UKESM1-0-LL,r1i1p1f2,gn,ssp370,2078-06,2078,6,3.852701125835896,10.56014229872586,-6.707441172889965
MOHC,UKESM1-0-LL,r1i1p1f2,gn,ssp370,2078-07,2078,7,0.2163069424049105,8.377659541961345,-8.161352599556434
MOHC,UKESM1-0-LL,r1i1p1f2,gn,ssp370,2078-08,2078,8,0.009994298956244629,6.494668399593875,-6.484674100637631
MOHC,UKESM1-0-LL,r1i1p1f2,gn,ssp370,2078-09,2078,9,0.0010021703148585138,6.742467621996264,-6.741465451681405
MOHC,UKESM1-0-LL,r1i1p1f2,gn,ssp370,2078-10,2078,10,0.01494784013229845,8.456494308873493,-8.441546468741194
MOHC,UKESM1-0-LL,r1i1p1f2,gn,ssp370,2078-11,2078,11,0.3143390121583996,10.63141795782804,-10.31707894566964
MOHC,UKESM1-0-LL,r1i1p1f2,gn,ssp370,2078-12,2078,12,1.7667291535853797,12.183681407006313,-10.416952253420934
MOHC,UKESM1-0-LL,r1i1p1f2,gn,ssp370,2079-01,2079,1,5.5517542835953995,12.841069732324511,-7.289315448729112
MOHC,UKESM1-0-LL,r1i1p1f2,gn,ssp370,2079-02,2079,2,8.422904080855636,13.052575440590799,-4.629671359735163
MOHC,UKESM1-0-LL,r1i1p1f2,gn,ssp370,2079-03,2079,3,9.37496905019232,13.084475311238052,-3.709506261045732
MOHC,UKESM1-0-LL,r1i1p1f2,gn,ssp370,2079-04,2079,4,9.250103284661547,12.891298638721189,-3.641195354059642
MOHC,UKESM1-0-LL,r1i1p1f2,gn,ssp370,2079-05,2079,5,8.002483535364213,12.12182555549293,-4.119342020128716
MOHC,UKESM1-0-LL,r1i1p1f2,gn,ssp370,2079-06,2079,6,3.9340058522830894,10.56014229872586,-6.626136446442771
MOHC,UKESM1-0-LL,r1i1p1f2,gn,ssp370,2079-07,2079,7,0.3389247351149359,8.377659541961345,-8.038734806846408
MOHC,UKESM1-0-LL,r1i1p1f2,gn,ssp370,2079-08,2079,8,0.015472590620544896,6.494668399593875,-6.47919580897333
MOHC,UKESM1-0-LL,r1i1p1f2,gn,ssp370,2079-09,2079,9,0.0019132015115955348,6.742467621996264,-6.740554420484668
MOHC,UKESM1-0-LL,r1i1p1f2,gn,ssp370,2079-10,2079,10,0.0656728377711372,8.456494308873493,-8.390821471102356
MOHC,UKESM1-0-LL,r1i1p1f2,gn,ssp370,2079-11,2079,11,0.34909178248635125,10.63141795782804,-10.282326175341689
MOHC,UKESM1-0-LL,r1i1p1f2,gn,ssp370,2079-12,2079,12,2.1037897179096086,12.183681407006313,-10.079891689096705
MOHC,UKESM1-0-LL,r1i1p1f2,gn,ssp370,2080-01,2080,1,5.442955383341136,12.841069732324511,-7.398114348983375
MOHC,UKESM1-0-LL,r1i1p1f2,gn,ssp370,2080-02,2080,2,8.04846520867062,13.052575440590799,-5.004110231920178
MOHC,UKESM1-0-LL,r1i1p1f2,gn,ssp370,2080-03,2080,3,9.353058085680498,13.084475311238052,-3.7314172255575535
MOHC,UKESM1-0-LL,r1i1p1f2,gn,ssp370,2080-04,2080,4,9.064780346281248,12.891298638721189,-3.826518292439941
MOHC,UKESM1-0-LL,r1i1p1f2,gn,ssp370,2080-05,2080,5,7.736673971968135,12.12182555549293,-4.385151583524794
MOHC,UKESM1-0-LL,r1i1p1f2,gn,ssp370,2080-06,2080,6,4.144747337885534,10.56014229872586,-6.4153949608403265
MOHC,UKESM1-0-LL,r1i1p1f2,gn,ssp370,2080-07,2080,7,0.34725889666005816,8.377659541961345,-8.030400645301286
MOHC,UKESM1-0-LL,r1i1p1f2,gn,ssp370,2080-08,2080,8,0.030046513358702835,6.494668399593875,-6.4646218862351725
MOHC,UKESM1-0-LL,r1i1p1f2,gn,ssp370,2080-09,2080,9,0.005905412092871098,6.742467621996264,-6.736562209903393
MOHC,UKESM1-0-LL,r1i1p1f2,gn,ssp370,2080-10,2080,10,0.07882020933668273,8.456494308873493,-8.37767409953681
MOHC,UKESM1-0-LL,r1i1p1f2,gn,ssp370,2080-11,2080,11,0.4491719900752788,10.63141795782804,-10.182245967752761
MOHC,UKESM1-0-LL,r1i1p1f2,gn,ssp370,2080-12,2080,12,2.0483760191444498,12.183681407006313,-10.135305387861862
MOHC,UKESM1-0-LL,r1i1p1f2,gn,ssp370,2081-01,2081,1,5.563027707762074,12.841069732324511,-7.2780420245624375
MOHC,UKESM1-0-LL,r1i1p1f2,gn,ssp370,2081-02,2081,2,8.075742501709751,13.052575440590799,-4.9768329388810475
MOHC,UKESM1-0-LL,r1i1p1f2,gn,ssp370,2081-03,2081,3,9.042942570975523,13.084475311238052,-4.041532740262529
MOHC,UKESM1-0-LL,r1i1p1f2,gn,ssp370,2081-04,2081,4,8.936291957128555,12.891298638721189,-3.955006681592634
MOHC,UKESM1-0-LL,r1i1p1f2,gn,ssp370,2081-05,2081,5,7.630610520328719,12.12182555549293,-4.491215035164211
MOHC,UKESM1-0-LL,r1i1p1f2,gn,ssp370,2081-06,2081,6,3.8737264747055056,10.56014229872586,-6.686415824020355
MOHC,UKESM1-0-LL,r1i1p1f2,gn,ssp370,2081-07,2081,7,0.2792339092248523,8.377659541961345,-8.098425632736493
MOHC,UKESM1-0-LL,r1i1p1f2,gn,ssp370,2081-08,2081,8,0.028174955766835846,6.494668399593875,-6.466493443827039
MOHC,UKESM1-0-LL,r1i1p1f2,gn,ssp370,2081-09,2081,9,0.003960616639561534,6.742467621996264,-6.738507005356702
MOHC,UKESM1-0-LL,r1i1p1f2,gn,ssp370,2081-10,2081,10,0.035192864604878145,8.456494308873493,-8.421301444268614
MOHC,UKESM1-0-LL,r1i1p1f2,gn,ssp370,2081-11,2081,11,0.3401135705765538,10.63141795782804,-10.291304387251486
MOHC,UKESM1-0-LL,r1i1p1f2,gn,ssp370,2081-12,2081,12,1.9889295376688596,12.183681407006313,-10.194751869337454
MOHC,UKESM1-0-LL,r1i1p1f2,gn,ssp370,2082-01,2082,1,5.1715909847851425,12.841069732324511,-7.669478747539369
MOHC,UKESM1-0-LL,r1i1p1f2,gn,ssp370,2082-02,2082,2,8.455291308457044,13.052575440590799,-4.597284132133755
MOHC,UKESM1-0-LL,r1i1p1f2,gn,ssp370,2082-03,2082,3,9.144135275159227,13.084475311238052,-3.9403400360788243
MOHC,UKESM1-0-LL,r1i1p1f2,gn,ssp370,2082-04,2082,4,9.01208898562823,12.891298638721189,-3.8792096530929587
MOHC,UKESM1-0-LL,r1i1p1f2,gn,ssp370,2082-05,2082,5,7.721561387787873,12.12182555549293,-4.400264167705056
MOHC,UKESM1-0-LL,r1i1p1f2,gn,ssp370,2082-06,2082,6,4.427633507196629,10.56014229872586,-6.132508791529232
MOHC,UKESM1-0-LL,r1i1p1f2,gn,ssp370,2082-07,2082,7,0.3846734659822999,8.377659541961345,-7.9929860759790445
MOHC,UKESM1-0-LL,r1i1p1f2,gn,ssp370,2082-08,2082,8,0.03359877202037286,6.494668399593875,-6.461069627573503
MOHC,UKESM1-0-LL,r1i1p1f2,gn,ssp370,2082-09,2082,9,0.0034990438353020986,6.742467621996264,-6.738968578160962
MOHC,UKESM1-0-LL,r1i1p1f2,gn,ssp370,2082-10,2082,10,0.03257584289792447,8.456494308873493,-8.423918465975568
MOHC,UKESM1-0-LL,r1i1p1f2,gn,ssp370,2082-11,2082,11,0.3230612822013511,10.63141795782804,-10.308356675626689
MOHC,UKESM1-0-LL,r1i1p1f2,gn,ssp370,2082-12,2082,12,1.8138765412184281,12.183681407006313,-10.369804865787884
MOHC,UKESM1-0-LL,r1i1p1f2,gn,ssp370,2083-01,2083,1,5.029724216720727,12.841069732324511,-7.811345515603785
MOHC,UKESM1-0-LL,r1i1p1f2,gn,ssp370,2083-02,2083,2,7.769024455164877,13.052575440590799,-5.283550985425921
MOHC,UKESM1-0-LL,r1i1p1f2,gn,ssp370,2083-03,2083,3,8.973714474984206,13.084475311238052,-4.110760836253846
MOHC,UKESM1-0-LL,r1i1p1f2,gn,ssp370,2083-04,2083,4,8.919004763791467,12.891298638721189,-3.972293874929722
MOHC,UKESM1-0-LL,r1i1p1f2,gn,ssp370,2083-05,2083,5,7.567497990973833,12.12182555549293,-4.554327564519096
MOHC,UKESM1-0-LL,r1i1p1f2,gn,ssp370,2083-06,2083,6,3.5743326530330757,10.56014229872586,-6.985809645692785
MOHC,UKESM1-0-LL,r1i1p1f2,gn,ssp370,2083-07,2083,7,0.13012547398689198,8.377659541961345,-8.247534067974453
MOHC,UKESM1-0-LL,r1i1p1f2,gn,ssp370,2083-08,2083,8,0.005676554809999883,6.494668399593875,-6.488991844783875
MOHC,UKESM1-0-LL,r1i1p1f2,gn,ssp370,2083-09,2083,9,0.0006837108580601192,6.742467621996264,-6.741783911138204
MOHC,UKESM1-0-LL,r1i1p1f2,gn,ssp370,2083-10,2083,10,0.017459224116233407,8.456494308873493,-8.43903508475726
MOHC,UKESM1-0-LL,r1i1p1f2,gn,ssp370,2083-11,2083,11,0.3041768213888552,10.63141795782804,-10.327241136439184
MOHC,UKESM1-0-LL,r1i1p1f2,gn,ssp370,2083-12,2083,12,1.9138214927748434,12.183681407006313,-10.26985991423147
MOHC,UKESM1-0-LL,r1i1p1f2,gn,ssp370,2084-01,2084,1,5.371178302035181,12.841069732324511,-7.46989143028933
MOHC,UKESM1-0-LL,r1i1p1f2,gn,ssp370,2084-02,2084,2,7.64728519748454,13.052575440590799,-5.405290243106259
MOHC,UKESM1-0-LL,r1i1p1f2,gn,ssp370,2084-03,2084,3,8.651528170399649,13.084475311238052,-4.432947140838403
MOHC,UKESM1-0-LL,r1i1p1f2,gn,ssp370,2084-04,2084,4,8.322694195335943,12.891298638721189,-4.5686044433852455
MOHC,UKESM1-0-LL,r1i1p1f2,gn,ssp370,2084-05,2084,5,6.996858825425752,12.12182555549293,-5.124966730067177
MOHC,UKESM1-0-LL,r1i1p1f2,gn,ssp370,2084-06,2084,6,3.046900492343608,10.56014229872586,-7.513241806382252
MOHC,UKESM1-0-LL,r1i1p1f2,gn,ssp370,2084-07,2084,7,0.1359659586229245,8.377659541961345,-8.24169358333842
MOHC,UKESM1-0-LL,r1i1p1f2,gn,ssp370,2084-08,2084,8,0.008438024276070438,6.494668399593875,-6.486230375317804
MOHC,UKESM1-0-LL,r1i1p1f2,gn,ssp370,2084-09,2084,9,0.0006599347078250064,6.742467621996264,-6.741807687288439
MOHC,UKESM1-0-LL,r1i1p1f2,gn,ssp370,2084-10,2084,10,0.037915220175875536,8.456494308873493,-8.418579088697618
MOHC,UKESM1-0-LL,r1i1p1f2,gn,ssp370,2084-11,2084,11,0.3824926578759155,10.63141795782804,-10.248925299952125
MOHC,UKESM1-0-LL,r1i1p1f2,gn,ssp370,2084-12,2084,12,1.3986154366527932,12.183681407006313,-10.78506597035352
MOHC,UKESM1-0-LL,r1i1p1f2,gn,ssp370,2085-01,2085,1,3.7698649223327205,12.841069732324511,-9.07120480999179
MOHC,UKESM1-0-LL,r1i1p1f2,gn,ssp370,2085-02,2085,2,7.398464023949108,13.052575440590799,-5.65411141664169
MOHC,UKESM1-0-LL,r1i1p1f2,gn,ssp370,2085-03,2085,3,8.753958451763692,13.084475311238052,-4.3305168594743595
MOHC,UKESM1-0-LL,r1i1p1f2,gn,ssp370,2085-04,2085,4,8.508864126337647,12.891298638721189,-4.382434512383542
MOHC,UKESM1-0-LL,r1i1p1f2,gn,ssp370,2085-05,2085,5,7.0645748022689405,12.12182555549293,-5.057250753223989
MOHC,UKESM1-0-LL,r1i1p1f2,gn,ssp370,2085-06,2085,6,2.8364125809408947,10.56014229872586,-7.723729717784966
MOHC,UKESM1-0-LL,r1i1p1f2,gn,ssp370,2085-07,2085,7,0.1573999200653005,8.377659541961345,-8.220259621896044
MOHC,UKESM1-0-LL,r1i1p1f2,gn,ssp370,2085-08,2085,8,0.01672816206581833,6.494668399593875,-6.477940237528057
MOHC,UKESM1-0-LL,r1i1p1f2,gn,ssp370,2085-09,2085,9,0.0014002409843316323,6.742467621996264,-6.741067381011932
MOHC,UKESM1-0-LL,r1i1p1f2,gn,ssp370,2085-10,2085,10,0.035094318912052676,8.456494308873493,-8.42139998996144
MOHC,UKESM1-0-LL,r1i1p1f2,gn,ssp370,2085-11,2085,11,0.28257964068324154,10.63141795782804,-10.348838317144798
MOHC,UKESM1-0-LL,r1i1p1f2,gn,ssp370,2085-12,2085,12,1.1102674534647357,12.183681407006313,-11.073413953541577
MOHC,UKESM1-0-LL,r1i1p1f2,gn,ssp370,2086-01,2086,1,3.0778703830803913,12.841069732324511,-9.76319934924412
MOHC,UKESM1-0-LL,r1i1p1f2,gn,ssp370,2086-02,2086,2,6.097901847009409,13.052575440590799,-6.95467359358139
MOHC,UKESM1-0-LL,r1i1p1f2,gn,ssp370,2086-03,2086,3,8.079392160102195,13.084475311238052,-5.005083151135857
MOHC,UKESM1-0-LL,r1i1p1f2,gn,ssp370,2086-04,2086,4,8.015233569003854,12.891298638721189,-4.876065069717335
MOHC,UKESM1-0-LL,r1i1p1f2,gn,ssp370,2086-05,2086,5,6.470265130200577,12.12182555549293,-5.651560425292352
MOHC,UKESM1-0-LL,r1i1p1f2,gn,ssp370,2086-06,2086,6,1.6498275126433848,10.56014229872586,-8.910314786082477
MOHC,UKESM1-0-LL,r1i1p1f2,gn,ssp370,2086-07,2086,7,0.040574996238961956,8.377659541961345,-8.337084545722382
MOHC,UKESM1-0-LL,r1i1p1f2,gn,ssp370,2086-08,2086,8,0.0018532836626359234,6.494668399593875,-6.492815115931239
MOHC,UKESM1-0-LL,r1i1p1f2,gn,ssp370,2086-09,2086,9,0.00047993394118225137,6.742467621996264,-6.741987688055081
MOHC,UKESM1-0-LL,r1i1p1f2,gn,ssp370,2086-10,2086,10,0.03329007469978486,8.456494308873493,-8.423204234173708
MOHC,UKESM1-0-LL,r1i1p1f2,gn,ssp370,2086-11,2086,11,0.2838420739489516,10.63141795782804,-10.347575883879088
MOHC,UKESM1-0-LL,r1i1p1f2,gn,ssp370,2086-12,2086,12,1.338328289674677,12.183681407006313,-10.845353117331635
MOHC,UKESM1-0-LL,r1i1p1f2,gn,ssp370,2087-01,2087,1,3.2337901883481073,12.841069732324511,-9.607279543976404
MOHC,UKESM1-0-LL,r1i1p1f2,gn,ssp370,2087-02,2087,2,5.621568772865088,13.052575440590799,-7.43100666772571
MOHC,UKESM1-0-LL,r1i1p1f2,gn,ssp370,2087-03,2087,3,7.854187599381387,13.084475311238052,-5.230287711856665
MOHC,UKESM1-0-LL,r1i1p1f2,gn,ssp370,2087-04,2087,4,8.132654041220157,12.891298638721189,-4.758644597501032
MOHC,UKESM1-0-LL,r1i1p1f2,gn,ssp370,2087-05,2087,5,6.360175491582542,12.12182555549293,-5.761650063910388
MOHC,UKESM1-0-LL,r1i1p1f2,gn,ssp370,2087-06,2087,6,1.9732745800131963,10.56014229872586,-8.586867718712664
MOHC,UKESM1-0-LL,r1i1p1f2,gn,ssp370,2087-07,2087,7,0.06518711127881367,8.377659541961345,-8.312472430682531
MOHC,UKESM1-0-LL,r1i1p1f2,gn,ssp370,2087-08,2087,8,0.0038206156218053206,6.494668399593875,-6.49084778397207
MOHC,UKESM1-0-LL,r1i1p1f2,gn,ssp370,2087-09,2087,9,0.00040630335193510845,6.742467621996264,-6.742061318644328
MOHC,UKESM1-0-LL,r1i1p1f2,gn,ssp370,2087-10,2087,10,0.02036610545216563,8.456494308873493,-8.436128203421328
MOHC,UKESM1-0-LL,r1i1p1f2,gn,ssp370,2087-11,2087,11,0.17881012362407098,10.63141795782804,-10.452607834203969
MOHC,UKESM1-0-LL,r1i1p1f2,gn,ssp370,2087-12,2087,12,1.0117678722521761,12.183681407006313,-11.171913534754136
MOHC,UKESM1-0-LL,r1i1p1f2,gn,ssp370,2088-01,2088,1,3.527257650908373,12.841069732324511,-9.313812081416138
MOHC,UKESM1-0-LL,r1i1p1f2,gn,ssp370,2088-02,2088,2,6.412946990427603,13.052575440590799,-6.639628450163196
MOHC,UKESM1-0-LL,r1i1p1f2,gn,ssp370,2088-03,2088,3,8.07065110033187,13.084475311238052,-5.013824210906181
MOHC,UKESM1-0-LL,r1i1p1f2,gn,ssp370,2088-04,2088,4,8.025455217312873,12.891298638721189,-4.865843421408316
MOHC,UKESM1-0-LL,r1i1p1f2,gn,ssp370,2088-05,2088,5,6.500472720783893,12.12182555549293,-5.621352834709036
MOHC,UKESM1-0-LL,r1i1p1f2,gn,ssp370,2088-06,2088,6,2.5270787951748526,10.56014229872586,-8.03306350355101
MOHC,UKESM1-0-LL,r1i1p1f2,gn,ssp370,2088-07,2088,7,0.0961908081607134,8.377659541961345,-8.281468733800631
MOHC,UKESM1-0-LL,r1i1p1f2,gn,ssp370,2088-08,2088,8,0.0047752901467878915,6.494668399593875,-6.489893109447087
MOHC,UKESM1-0-LL,r1i1p1f2,gn,ssp370,2088-09,2088,9,0.0007182304687554839,6.742467621996264,-6.741749391527509
MOHC,UKESM1-0-LL,r1i1p1f2,gn,ssp370,2088-10,2088,10,0.026714939340722697,8.456494308873493,-8.42977936953277
MOHC,UKESM1-0-LL,r1i1p1f2,gn,ssp370,2088-11,2088,11,0.2585487922292,10.63141795782804,-10.37286916559884
MOHC,UKESM1-0-LL,r1i1p1f2,gn,ssp370,2088-12,2088,12,1.0859900322210136,12.183681407006313,-11.097691374785299
MOHC,UKESM1-0-LL,r1i1p1f2,gn,ssp370,2089-01,2089,1,2.9167630846363712,12.841069732324511,-9.924306647688141
MOHC,UKESM1-0-LL,r1i1p1f2,gn,ssp370,2089-02,2089,2,5.691267106135625,13.052575440590799,-7.361308334455174
MOHC,UKESM1-0-LL,r1i1p1f2,gn,ssp370,2089-03,2089,3,7.813218356876922,13.084475311238052,-5.27125695436113
MOHC,UKESM1-0-LL,r1i1p1f2,gn,ssp370,2089-04,2089,4,7.888399525782765,12.891298638721189,-5.002899112938424
MOHC,UKESM1-0-LL,r1i1p1f2,gn,ssp370,2089-05,2089,5,5.988166192358594,12.12182555549293,-6.133659363134336
MOHC,UKESM1-0-LL,r1i1p1f2,gn,ssp370,2089-06,2089,6,1.9566558535436587,10.56014229872586,-8.603486445182202
MOHC,UKESM1-0-LL,r1i1p1f2,gn,ssp370,2089-07,2089,7,0.06829853150790986,8.377659541961345,-8.309361010453435
MOHC,UKESM1-0-LL,r1i1p1f2,gn,ssp370,2089-08,2089,8,0.004364763435483416,6.494668399593875,-6.490303636158392
MOHC,UKESM1-0-LL,r1i1p1f2,gn,ssp370,2089-09,2089,9,0.0002472087675932283,6.742467621996264,-6.7422204132286705
MOHC,UKESM1-0-LL,r1i1p1f2,gn,ssp370,2089-10,2089,10,0.014723759142457828,8.456494308873493,-8.441770549731036
MOHC,UKESM1-0-LL,r1i1p1f2,gn,ssp370,2089-11,2089,11,0.2010439059993453,10.63141795782804,-10.430374051828695
MOHC,UKESM1-0-LL,r1i1p1f2,gn,ssp370,2089-12,2089,12,0.956698352124605,12.183681407006313,-11.226983054881709
MOHC,UKESM1-0-LL,r1i1p1f2,gn,ssp370,2090-01,2090,1,2.8085983172317333,12.841069732324511,-10.032471415092779
MOHC,UKESM1-0-LL,r1i1p1f2,gn,ssp370,2090-02,2090,2,5.454378162251099,13.052575440590799,-7.5981972783397
MOHC,UKESM1-0-LL,r1i1p1f2,gn,ssp370,2090-03,2090,3,7.624398343522435,13.084475311238052,-5.460076967715617
MOHC,UKESM1-0-LL,r1i1p1f2,gn,ssp370,2090-04,2090,4,7.463933325796295,12.891298638721189,-5.427365312924894
MOHC,UKESM1-0-LL,r1i1p1f2,gn,ssp370,2090-05,2090,5,5.765342031296234,12.12182555549293,-6.356483524196696
MOHC,UKESM1-0-LL,r1i1p1f2,gn,ssp370,2090-06,2090,6,1.5367729555513838,10.56014229872586,-9.023369343174476
MOHC,UKESM1-0-LL,r1i1p1f2,gn,ssp370,2090-07,2090,7,0.05639718679943555,8.377659541961345,-8.32126235516191
MOHC,UKESM1-0-LL,r1i1p1f2,gn,ssp370,2090-08,2090,8,0.0030874335472818593,6.494668399593875,-6.491580966046594
MOHC,UKESM1-0-LL,r1i1p1f2,gn,ssp370,2090-09,2090,9,0.00047487357572616813,6.742467621996264,-6.741992748420538
MOHC,UKESM1-0-LL,r1i1p1f2,gn,ssp370,2090-10,2090,10,0.025906361803638457,8.456494308873493,-8.430587947069855
MOHC,UKESM1-0-LL,r1i1p1f2,gn,ssp370,2090-11,2090,11,0.20411127255519274,10.63141795782804,-10.427306685272848
MOHC,UKESM1-0-LL,r1i1p1f2,gn,ssp370,2090-12,2090,12,1.1916204236967793,12.183681407006313,-10.992060983309534
MOHC,UKESM1-0-LL,r1i1p1f2,gn,ssp370,2091-01,2091,1,3.217452769071333,12.841069732324511,-9.623616963253179
MOHC,UKESM1-0-LL,r1i1p1f2,gn,ssp370,2091-02,2091,2,5.694844048265283,13.052575440590799,-7.357731392325515
MOHC,UKESM1-0-LL,r1i1p1f2,gn,ssp370,2091-03,2091,3,7.358963778133366,13.084475311238052,-5.725511533104686
MOHC,UKESM1-0-LL,r1i1p1f2,gn,ssp370,2091-04,2091,4,7.61728319922643,12.891298638721189,-5.274015439494759
MOHC,UKESM1-0-LL,r1i1p1f2,gn,ssp370,2091-05,2091,5,6.280854915636716,12.12182555549293,-5.840970639856213
MOHC,UKESM1-0-LL,r1i1p1f2,gn,ssp370,2091-06,2091,6,2.1158947472048855,10.56014229872586,-8.444247551520975
MOHC,UKESM1-0-LL,r1i1p1f2,gn,ssp370,2091-07,2091,7,0.06341248295852307,8.377659541961345,-8.314247059002822
MOHC,UKESM1-0-LL,r1i1p1f2,gn,ssp370,2091-08,2091,8,0.002804875387710023,6.494668399593875,-6.491863524206165
MOHC,UKESM1-0-LL,r1i1p1f2,gn,ssp370,2091-09,2091,9,0.00021548080176391897,6.742467621996264,-6.7422521411945
MOHC,UKESM1-0-LL,r1i1p1f2,gn,ssp370,2091-10,2091,10,0.0067155083567490975,8.456494308873493,-8.449778800516745
MOHC,UKESM1-0-LL,r1i1p1f2,gn,ssp370,2091-11,2091,11,0.13794184894709818,10.63141795782804,-10.493476108880941
MOHC,UKESM1-0-LL,r1i1p1f2,gn,ssp370,2091-12,2091,12,0.7081219068025871,12.183681407006313,-11.475559500203726
MOHC,UKESM1-0-LL,r1i1p1f2,gn,ssp370,2092-01,2092,1,2.55646625446525,12.841069732324511,-10.28460347785926
MOHC,UKESM1-0-LL,r1i1p1f2,gn,ssp370,2092-02,2092,2,4.9168491319867735,13.052575440590799,-8.135726308604024
MOHC,UKESM1-0-LL,r1i1p1f2,gn,ssp370,2092-03,2092,3,6.931844448056705,13.084475311238052,-6.152630863181346
MOHC,UKESM1-0-LL,r1i1p1f2,gn,ssp370,2092-04,2092,4,7.32076533714578,12.891298638721189,-5.570533301575408
MOHC,UKESM1-0-LL,r1i1p1f2,gn,ssp370,2092-05,2092,5,6.025553755406208,12.12182555549293,-6.096271800086721
MOHC,UKESM1-0-LL,r1i1p1f2,gn,ssp370,2092-06,2092,6,1.745464892732629,10.56014229872586,-8.814677405993232
MOHC,UKESM1-0-LL,r1i1p1f2,gn,ssp370,2092-07,2092,7,0.052843762272878576,8.377659541961345,-8.324815779688466
MOHC,UKESM1-0-LL,r1i1p1f2,gn,ssp370,2092-08,2092,8,0.002270597278383004,6.494668399593875,-6.492397802315492
MOHC,UKESM1-0-LL,r1i1p1f2,gn,ssp370,2092-09,2092,9,0.0001435545350851997,6.742467621996264,-6.742324067461179
MOHC,UKESM1-0-LL,r1i1p1f2,gn,ssp370,2092-10,2092,10,0.004022379344740538,8.456494308873493,-8.452471929528752
MOHC,UKESM1-0-LL,r1i1p1f2,gn,ssp370,2092-11,2092,11,0.09733599582932446,10.63141795782804,-10.534081961998716
MOHC,UKESM1-0-LL,r1i1p1f2,gn,ssp370,2092-12,2092,12,0.611247951870985,12.183681407006313,-11.572433455135329
MOHC,UKESM1-0-LL,r1i1p1f2,gn,ssp370,2093-01,2093,1,2.1471076794109147,12.841069732324511,-10.693962052913596
MOHC,UKESM1-0-LL,r1i1p1f2,gn,ssp370,2093-02,2093,2,4.907471716690752,13.052575440590799,-8.145103723900046
MOHC,UKESM1-0-LL,r1i1p1f2,gn,ssp370,2093-03,2093,3,7.313420398605862,13.084475311238052,-5.77105491263219
MOHC,UKESM1-0-LL,r1i1p1f2,gn,ssp370,2093-04,2093,4,7.153417740320881,12.891298638721189,-5.737880898400308
MOHC,UKESM1-0-LL,r1i1p1f2,gn,ssp370,2093-05,2093,5,5.949123445353487,12.12182555549293,-6.172702110139443
MOHC,UKESM1-0-LL,r1i1p1f2,gn,ssp370,2093-06,2093,6,1.8584400597864341,10.56014229872586,-8.701702238939427
MOHC,UKESM1-0-LL,r1i1p1f2,gn,ssp370,2093-07,2093,7,0.04081746365667075,8.377659541961345,-8.336842078304674
MOHC,UKESM1-0-LL,r1i1p1f2,gn,ssp370,2093-08,2093,8,0.001185982227176831,6.494668399593875,-6.493482417366699
MOHC,UKESM1-0-LL,r1i1p1f2,gn,ssp370,2093-09,2093,9,0.00011929256911955017,6.742467621996264,-6.742348329427144
MOHC,UKESM1-0-LL,r1i1p1f2,gn,ssp370,2093-10,2093,10,0.0029323800770990898,8.456494308873493,-8.453561928796393
MOHC,UKESM1-0-LL,r1i1p1f2,gn,ssp370,2093-11,2093,11,0.08505433859551875,10.63141795782804,-10.54636361923252
MOHC,UKESM1-0-LL,r1i1p1f2,gn,ssp370,2093-12,2093,12,0.739562379135563,12.183681407006313,-11.44411902787075
MOHC,UKESM1-0-LL,r1i1p1f2,gn,ssp370,2094-01,2094,1,2.2220430418189943,12.841069732324511,-10.619026690505518
MOHC,UKESM1-0-LL,r1i1p1f2,gn,ssp370,2094-02,2094,2,3.827875394061362,13.052575440590799,-9.224700046529437
MOHC,UKESM1-0-LL,r1i1p1f2,gn,ssp370,2094-03,2094,3,5.303295221327366,13.084475311238052,-7.781180089910686
MOHC,UKESM1-0-LL,r1i1p1f2,gn,ssp370,2094-04,2094,4,5.3948964477394785,12.891298638721189,-7.49640219098171
MOHC,UKESM1-0-LL,r1i1p1f2,gn,ssp370,2094-05,2094,5,3.599848205093411,12.12182555549293,-8.521977350399519
MOHC,UKESM1-0-LL,r1i1p1f2,gn,ssp370,2094-06,2094,6,0.7051908521789145,10.56014229872586,-9.854951446546947
MOHC,UKESM1-0-LL,r1i1p1f2,gn,ssp370,2094-07,2094,7,0.02110132955502781,8.377659541961345,-8.356558212406316
MOHC,UKESM1-0-LL,r1i1p1f2,gn,ssp370,2094-08,2094,8,0.0005226417049295561,6.494668399593875,-6.494145757888946
MOHC,UKESM1-0-LL,r1i1p1f2,gn,ssp370,2094-09,2094,9,2.8259894521140508e-05,6.742467621996264,-6.742439362101742
MOHC,UKESM1-0-LL,r1i1p1f2,gn,ssp370,2094-10,2094,10,0.008345761011183114,8.456494308873493,-8.44814854786231
MOHC,UKESM1-0-LL,r1i1p1f2,gn,ssp370,2094-11,2094,11,0.13925252087927084,10.63141795782804,-10.492165436948769
MOHC,UKESM1-0-LL,r1i1p1f2,gn,ssp370,2094-12,2094,12,0.629200494675089,12.183681407006313,-11.554480912331224
MOHC,UKESM1-0-LL,r1i1p1f2,gn,ssp370,2095-01,2095,1,1.8964021347120092,12.841069732324511,-10.944667597612503
MOHC,UKESM1-0-LL,r1i1p1f2,gn,ssp370,2095-02,2095,2,3.3498126352896054,13.052575440590799,-9.702762805301193
MOHC,UKESM1-0-LL,r1i1p1f2,gn,ssp370,2095-03,2095,3,4.792699032640713,13.084475311238052,-8.29177627859734
MOHC,UKESM1-0-LL,r1i1p1f2,gn,ssp370,2095-04,2095,4,4.810233792674344,12.891298638721189,-8.081064846046845
MOHC,UKESM1-0-LL,r1i1p1f2,gn,ssp370,2095-05,2095,5,3.174389558856945,12.12182555549293,-8.947435996635985
MOHC,UKESM1-0-LL,r1i1p1f2,gn,ssp370,2095-06,2095,6,0.5709101693403016,10.56014229872586,-9.98923212938556
MOHC,UKESM1-0-LL,r1i1p1f2,gn,ssp370,2095-07,2095,7,0.016692564551718428,8.377659541961345,-8.360966977409626
MOHC,UKESM1-0-LL,r1i1p1f2,gn,ssp370,2095-08,2095,8,0.00045483716735851624,6.494668399593875,-6.494213562426516
MOHC,UKESM1-0-LL,r1i1p1f2,gn,ssp370,2095-09,2095,9,9.684973540828124e-05,6.742467621996264,-6.7423707722608555
MOHC,UKESM1-0-LL,r1i1p1f2,gn,ssp370,2095-10,2095,10,0.007107844735347661,8.456494308873493,-8.449386464138145
MOHC,UKESM1-0-LL,r1i1p1f2,gn,ssp370,2095-11,2095,11,0.12212368255418024,10.63141795782804,-10.50929427527386
MOHC,UKESM1-0-LL,r1i1p1f2,gn,ssp370,2095-12,2095,12,0.6136848257585796,12.183681407006313,-11.569996581247734
MOHC,UKESM1-0-LL,r1i1p1f2,gn,ssp370,2096-01,2096,1,1.73040040469932,12.841069732324511,-11.11066932762519
MOHC,UKESM1-0-LL,r1i1p1f2,gn,ssp370,2096-02,2096,2,2.92742085616347,13.052575440590799,-10.125154584427328
MOHC,UKESM1-0-LL,r1i1p1f2,gn,ssp370,2096-03,2096,3,4.173655039497631,13.084475311238052,-8.91082027174042
MOHC,UKESM1-0-LL,r1i1p1f2,gn,ssp370,2096-04,2096,4,4.343119207420718,12.891298638721189,-8.548179431300472
MOHC,UKESM1-0-LL,r1i1p1f2,gn,ssp370,2096-05,2096,5,2.8647645519574754,12.12182555549293,-9.257061003535455
MOHC,UKESM1-0-LL,r1i1p1f2,gn,ssp370,2096-06,2096,6,0.5266831888077416,10.56014229872586,-10.03345910991812
MOHC,UKESM1-0-LL,r1i1p1f2,gn,ssp370,2096-07,2096,7,0.008683479225576801,8.377659541961345,-8.368976062735769
MOHC,UKESM1-0-LL,r1i1p1f2,gn,ssp370,2096-08,2096,8,0.000277718000523766,6.494668399593875,-6.494390681593352
MOHC,UKESM1-0-LL,r1i1p1f2,gn,ssp370,2096-09,2096,9,2.044948322749306e-05,6.742467621996264,-6.742447172513036
MOHC,UKESM1-0-LL,r1i1p1f2,gn,ssp370,2096-10,2096,10,0.0020570052217504654,8.456494308873493,-8.454437303651742
MOHC,UKESM1-0-LL,r1i1p1f2,gn,ssp370,2096-11,2096,11,0.033532749708015355,10.63141795782804,-10.597885208120024
MOHC,UKESM1-0-LL,r1i1p1f2,gn,ssp370,2096-12,2096,12,0.32030602223639004,12.183681407006313,-11.863375384769924
MOHC,UKESM1-0-LL,r1i1p1f2,gn,ssp370,2097-01,2097,1,1.2651899749855855,12.841069732324511,-11.575879757338926
MOHC,UKESM1-0-LL,r1i1p1f2,gn,ssp370,2097-02,2097,2,2.680448659865032,13.052575440590799,-10.372126780725766
MOHC,UKESM1-0-LL,r1i1p1f2,gn,ssp370,2097-03,2097,3,4.367170584169813,13.084475311238052,-8.717304727068239
MOHC,UKESM1-0-LL,r1i1p1f2,gn,ssp370,2097-04,2097,4,4.576456825606658,12.891298638721189,-8.31484181311453
MOHC,UKESM1-0-LL,r1i1p1f2,gn,ssp370,2097-05,2097,5,2.7387382969582177,12.12182555549293,-9.383087258534712
MOHC,UKESM1-0-LL,r1i1p1f2,gn,ssp370,2097-06,2097,6,0.36267385299745897,10.56014229872586,-10.197468445728402
MOHC,UKESM1-0-LL,r1i1p1f2,gn,ssp370,2097-07,2097,7,0.007947797589938839,8.377659541961345,-8.369711744371406
MOHC,UKESM1-0-LL,r1i1p1f2,gn,ssp370,2097-08,2097,8,0.0001924431290799586,6.494668399593875,-6.494475956464795
MOHC,UKESM1-0-LL,r1i1p1f2,gn,ssp370,2097-09,2097,9,5.571677981000805e-06,6.742467621996264,-6.742462050318283
MOHC,UKESM1-0-LL,r1i1p1f2,gn,ssp370,2097-10,2097,10,0.0019589583165727504,8.456494308873493,-8.45453535055692
MOHC,UKESM1-0-LL,r1i1p1f2,gn,ssp370,2097-11,2097,11,0.06638656281110575,10.63141795782804,-10.565031395016934
MOHC,UKESM1-0-LL,r1i1p1f2,gn,ssp370,2097-12,2097,12,0.5796580483787579,12.183681407006313,-11.604023358627556
MOHC,UKESM1-0-LL,r1i1p1f2,gn,ssp370,2098-01,2098,1,1.7783887282317183,12.841069732324511,-11.062681004092793
MOHC,UKESM1-0-LL,r1i1p1f2,gn,ssp370,2098-02,2098,2,2.897264275545455,13.052575440590799,-10.155311165045344
MOHC,UKESM1-0-LL,r1i1p1f2,gn,ssp370,2098-03,2098,3,3.6242490435634713,13.084475311238052,-9.46022626767458
MOHC,UKESM1-0-LL,r1i1p1f2,gn,ssp370,2098-04,2098,4,3.5204766759666817,12.891298638721189,-9.370821962754507
MOHC,UKESM1-0-LL,r1i1p1f2,gn,ssp370,2098-05,2098,5,2.0783973064987116,12.12182555549293,-10.043428248994218
MOHC,UKESM1-0-LL,r1i1p1f2,gn,ssp370,2098-06,2098,6,0.3294327184158823,10.56014229872586,-10.230709580309979
MOHC,UKESM1-0-LL,r1i1p1f2,gn,ssp370,2098-07,2098,7,0.00882926552287067,8.377659541961345,-8.368830276438475
MOHC,UKESM1-0-LL,r1i1p1f2,gn,ssp370,2098-08,2098,8,0.00013299653293098263,6.494668399593875,-6.494535403060945
MOHC,UKESM1-0-LL,r1i1p1f2,gn,ssp370,2098-09,2098,9,2.6576366095547235e-06,6.742467621996264,-6.742464964359654
MOHC,UKESM1-0-LL,r1i1p1f2,gn,ssp370,2098-10,2098,10,0.0006015826445756505,8.456494308873493,-8.455892726228917
MOHC,UKESM1-0-LL,r1i1p1f2,gn,ssp370,2098-11,2098,11,0.030974917635129672,10.63141795782804,-10.60044304019291
MOHC,UKESM1-0-LL,r1i1p1f2,gn,ssp370,2098-12,2098,12,0.38204670826543946,12.183681407006313,-11.801634698740873
MOHC,UKESM1-0-LL,r1i1p1f2,gn,ssp370,2099-01,2099,1,1.6099260905525319,12.841069732324511,-11.231143641771979
MOHC,UKESM1-0-LL,r1i1p1f2,gn,ssp370,2099-02,2099,2,2.9190437475172097,13.052575440590799,-10.13353169307359
MOHC,UKESM1-0-LL,r1i1p1f2,gn,ssp370,2099-03,2099,3,3.765838198147779,13.084475311238052,-9.318637113090272
MOHC,UKESM1-0-LL,r1i1p1f2,gn,ssp370,2099-04,2099,4,3.750990312943935,12.891298638721189,-9.140308325777253
MOHC,UKESM1-0-LL,r1i1p1f2,gn,ssp370,2099-05,2099,5,2.4388853291077948,12.12182555549293,-9.682940226385135
MOHC,UKESM1-0-LL,r1i1p1f2,gn,ssp370,2099-06,2099,6,0.4589774533395933,10.56014229872586,-10.101164845386268
MOHC,UKESM1-0-LL,r1i1p1f2,gn,ssp370,2099-07,2099,7,0.007229132124784838,8.377659541961345,-8.37043040983656
MOHC,UKESM1-0-LL,r1i1p1f2,gn,ssp370,2099-08,2099,8,0.00013042188459292563,6.494668399593875,-6.494537977709283
MOHC,UKESM1-0-LL,r1i1p1f2,gn,ssp370,2099-09,2099,9,1.5104736419716264e-06,6.742467621996264,-6.742466111522622
MOHC,UKESM1-0-LL,r1i1p1f2,gn,ssp370,2099-10,2099,10,0.0005042340172286325,8.456494308873493,-8.455990074856265
MOHC,UKESM1-0-LL,r1i1p1f2,gn,ssp370,2099-11,2099,11,0.036825448243617935,10.63141795782804,-10.594592509584421
MOHC,UKESM1-0-LL,r1i1p1f2,gn,ssp370,2099-12,2099,12,0.34795766769089315,12.183681407006313,-11.83572373931542
MOHC,UKESM1-0-LL,r1i1p1f2,gn,ssp370,2100-01,2100,1,1.4241005406167864,12.841069732324511,-11.416969191707725
MOHC,UKESM1-0-LL,r1i1p1f2,gn,ssp370,2100-02,2100,2,2.7829124805526675,13.052575440590799,-10.269662960038131
MOHC,UKESM1-0-LL,r1i1p1f2,gn,ssp370,2100-03,2100,3,3.5282632702493055,13.084475311238052,-9.556212040988747
MOHC,UKESM1-0-LL,r1i1p1f2,gn,ssp370,2100-04,2100,4,3.209742753869539,12.891298638721189,-9.68155588485165
MOHC,UKESM1-0-LL,r1i1p1f2,gn,ssp370,2100-05,2100,5,2.152124206234598,12.12182555549293,-9.969701349258331
MOHC,UKESM1-0-LL,r1i1p1f2,gn,ssp370,2100-06,2100,6,0.24730839638444477,10.56014229872586,-10.312833902341415
MOHC,UKESM1-0-LL,r1i1p1f2,gn,ssp370,2100-07,2100,7,0.003819271339347455,8.377659541961345,-8.373840270621997
MOHC,UKESM1-0-LL,r1i1p1f2,gn,ssp370,2100-08,2100,8,3.368114397748754e-05,6.494668399593875,-6.494634718449897
MOHC,UKESM1-0-LL,r1i1p1f2,gn,ssp370,2100-09,2100,9,9.929496882195748e-09,6.742467621996264,-6.742467612066767
MOHC,UKESM1-0-LL,r1i1p1f2,gn,ssp370,2100-10,2100,10,0.00052195229750528,8.456494308873493,-8.455972356575987
MOHC,UKESM1-0-LL,r1i1p1f2,gn,ssp370,2100-11,2100,11,0.014358643043681214,10.63141795782804,-10.617059314784358
MOHC,UKESM1-0-LL,r1i1p1f2,gn,ssp370,2100-12,2100,12,0.26051228093721085,12.183681407006313,-11.923169126069102
